[2026-06-07T07:00:26.029+0700] {processor.py:186} INFO - Started process (PID=29563) to work on /opt/airflow/dags/dag_scraping_twitter.py
[2026-06-07T07:00:26.030+0700] {processor.py:914} INFO - Processing file /opt/airflow/dags/dag_scraping_twitter.py for tasks to queue
[2026-06-07T07:00:26.033+0700] {logging_mixin.py:190} INFO - [2026-06-07T07:00:26.032+0700] {dagbag.py:587} INFO - Filling up the DagBag from /opt/airflow/dags/dag_scraping_twitter.py
[2026-06-07T07:00:26.051+0700] {processor.py:925} INFO - DAG(s) 'dag_scraping_twitter' retrieved from /opt/airflow/dags/dag_scraping_twitter.py
[2026-06-07T07:00:26.075+0700] {logging_mixin.py:190} INFO - [2026-06-07T07:00:26.075+0700] {dag.py:3211} INFO - Sync 1 DAGs
[2026-06-07T07:00:26.096+0700] {logging_mixin.py:190} INFO - [2026-06-07T07:00:26.096+0700] {dag.py:4138} INFO - Setting next_dagrun for dag_scraping_twitter to 2026-06-06 23:00:00+00:00, run_after=2026-06-07 11:00:00+00:00
[2026-06-07T07:00:26.115+0700] {processor.py:208} INFO - Processing /opt/airflow/dags/dag_scraping_twitter.py took 0.093 seconds
[2026-06-07T07:00:57.108+0700] {processor.py:186} INFO - Started process (PID=29597) to work on /opt/airflow/dags/dag_scraping_twitter.py
[2026-06-07T07:00:57.110+0700] {processor.py:914} INFO - Processing file /opt/airflow/dags/dag_scraping_twitter.py for tasks to queue
[2026-06-07T07:00:57.112+0700] {logging_mixin.py:190} INFO - [2026-06-07T07:00:57.112+0700] {dagbag.py:587} INFO - Filling up the DagBag from /opt/airflow/dags/dag_scraping_twitter.py
[2026-06-07T07:00:57.131+0700] {processor.py:925} INFO - DAG(s) 'dag_scraping_twitter' retrieved from /opt/airflow/dags/dag_scraping_twitter.py
[2026-06-07T07:00:57.159+0700] {logging_mixin.py:190} INFO - [2026-06-07T07:00:57.158+0700] {dag.py:3211} INFO - Sync 1 DAGs
[2026-06-07T07:00:57.183+0700] {logging_mixin.py:190} INFO - [2026-06-07T07:00:57.183+0700] {dag.py:4138} INFO - Setting next_dagrun for dag_scraping_twitter to 2026-06-06 23:00:00+00:00, run_after=2026-06-07 11:00:00+00:00
[2026-06-07T07:00:57.205+0700] {processor.py:208} INFO - Processing /opt/airflow/dags/dag_scraping_twitter.py took 0.103 seconds
[2026-06-07T07:01:27.666+0700] {processor.py:186} INFO - Started process (PID=29625) to work on /opt/airflow/dags/dag_scraping_twitter.py
[2026-06-07T07:01:27.667+0700] {processor.py:914} INFO - Processing file /opt/airflow/dags/dag_scraping_twitter.py for tasks to queue
[2026-06-07T07:01:27.671+0700] {logging_mixin.py:190} INFO - [2026-06-07T07:01:27.670+0700] {dagbag.py:587} INFO - Filling up the DagBag from /opt/airflow/dags/dag_scraping_twitter.py
[2026-06-07T07:01:27.695+0700] {processor.py:925} INFO - DAG(s) 'dag_scraping_twitter' retrieved from /opt/airflow/dags/dag_scraping_twitter.py
[2026-06-07T07:01:27.731+0700] {logging_mixin.py:190} INFO - [2026-06-07T07:01:27.730+0700] {dag.py:3211} INFO - Sync 1 DAGs
[2026-06-07T07:01:27.767+0700] {logging_mixin.py:190} INFO - [2026-06-07T07:01:27.767+0700] {dag.py:4138} INFO - Setting next_dagrun for dag_scraping_twitter to 2026-06-06 23:00:00+00:00, run_after=2026-06-07 11:00:00+00:00
[2026-06-07T07:01:27.789+0700] {processor.py:208} INFO - Processing /opt/airflow/dags/dag_scraping_twitter.py took 0.131 seconds
[2026-06-07T07:01:58.241+0700] {processor.py:186} INFO - Started process (PID=29653) to work on /opt/airflow/dags/dag_scraping_twitter.py
[2026-06-07T07:01:58.242+0700] {processor.py:914} INFO - Processing file /opt/airflow/dags/dag_scraping_twitter.py for tasks to queue
[2026-06-07T07:01:58.245+0700] {logging_mixin.py:190} INFO - [2026-06-07T07:01:58.244+0700] {dagbag.py:587} INFO - Filling up the DagBag from /opt/airflow/dags/dag_scraping_twitter.py
[2026-06-07T07:01:58.265+0700] {processor.py:925} INFO - DAG(s) 'dag_scraping_twitter' retrieved from /opt/airflow/dags/dag_scraping_twitter.py
[2026-06-07T07:01:58.293+0700] {logging_mixin.py:190} INFO - [2026-06-07T07:01:58.292+0700] {dag.py:3211} INFO - Sync 1 DAGs
[2026-06-07T07:01:58.316+0700] {logging_mixin.py:190} INFO - [2026-06-07T07:01:58.316+0700] {dag.py:4138} INFO - Setting next_dagrun for dag_scraping_twitter to 2026-06-06 23:00:00+00:00, run_after=2026-06-07 11:00:00+00:00
[2026-06-07T07:01:58.342+0700] {processor.py:208} INFO - Processing /opt/airflow/dags/dag_scraping_twitter.py took 0.107 seconds
[2026-06-07T07:02:28.807+0700] {processor.py:186} INFO - Started process (PID=29681) to work on /opt/airflow/dags/dag_scraping_twitter.py
[2026-06-07T07:02:28.809+0700] {processor.py:914} INFO - Processing file /opt/airflow/dags/dag_scraping_twitter.py for tasks to queue
[2026-06-07T07:02:28.812+0700] {logging_mixin.py:190} INFO - [2026-06-07T07:02:28.812+0700] {dagbag.py:587} INFO - Filling up the DagBag from /opt/airflow/dags/dag_scraping_twitter.py
[2026-06-07T07:02:28.839+0700] {processor.py:925} INFO - DAG(s) 'dag_scraping_twitter' retrieved from /opt/airflow/dags/dag_scraping_twitter.py
[2026-06-07T07:02:28.868+0700] {logging_mixin.py:190} INFO - [2026-06-07T07:02:28.868+0700] {dag.py:3211} INFO - Sync 1 DAGs
[2026-06-07T07:02:28.895+0700] {logging_mixin.py:190} INFO - [2026-06-07T07:02:28.895+0700] {dag.py:4138} INFO - Setting next_dagrun for dag_scraping_twitter to 2026-06-06 23:00:00+00:00, run_after=2026-06-07 11:00:00+00:00
[2026-06-07T07:02:28.921+0700] {processor.py:208} INFO - Processing /opt/airflow/dags/dag_scraping_twitter.py took 0.122 seconds
[2026-06-07T07:02:59.292+0700] {processor.py:186} INFO - Started process (PID=29709) to work on /opt/airflow/dags/dag_scraping_twitter.py
[2026-06-07T07:02:59.293+0700] {processor.py:914} INFO - Processing file /opt/airflow/dags/dag_scraping_twitter.py for tasks to queue
[2026-06-07T07:02:59.295+0700] {logging_mixin.py:190} INFO - [2026-06-07T07:02:59.295+0700] {dagbag.py:587} INFO - Filling up the DagBag from /opt/airflow/dags/dag_scraping_twitter.py
[2026-06-07T07:02:59.313+0700] {processor.py:925} INFO - DAG(s) 'dag_scraping_twitter' retrieved from /opt/airflow/dags/dag_scraping_twitter.py
[2026-06-07T07:02:59.339+0700] {logging_mixin.py:190} INFO - [2026-06-07T07:02:59.339+0700] {dag.py:3211} INFO - Sync 1 DAGs
[2026-06-07T07:02:59.360+0700] {logging_mixin.py:190} INFO - [2026-06-07T07:02:59.360+0700] {dag.py:4138} INFO - Setting next_dagrun for dag_scraping_twitter to 2026-06-06 23:00:00+00:00, run_after=2026-06-07 11:00:00+00:00
[2026-06-07T07:02:59.381+0700] {processor.py:208} INFO - Processing /opt/airflow/dags/dag_scraping_twitter.py took 0.096 seconds
[2026-06-07T07:03:29.866+0700] {processor.py:186} INFO - Started process (PID=29737) to work on /opt/airflow/dags/dag_scraping_twitter.py
[2026-06-07T07:03:29.868+0700] {processor.py:914} INFO - Processing file /opt/airflow/dags/dag_scraping_twitter.py for tasks to queue
[2026-06-07T07:03:29.870+0700] {logging_mixin.py:190} INFO - [2026-06-07T07:03:29.870+0700] {dagbag.py:587} INFO - Filling up the DagBag from /opt/airflow/dags/dag_scraping_twitter.py
[2026-06-07T07:03:29.888+0700] {processor.py:925} INFO - DAG(s) 'dag_scraping_twitter' retrieved from /opt/airflow/dags/dag_scraping_twitter.py
[2026-06-07T07:03:29.917+0700] {logging_mixin.py:190} INFO - [2026-06-07T07:03:29.917+0700] {dag.py:3211} INFO - Sync 1 DAGs
[2026-06-07T07:03:29.946+0700] {logging_mixin.py:190} INFO - [2026-06-07T07:03:29.946+0700] {dag.py:4138} INFO - Setting next_dagrun for dag_scraping_twitter to 2026-06-06 23:00:00+00:00, run_after=2026-06-07 11:00:00+00:00
[2026-06-07T07:03:29.977+0700] {processor.py:208} INFO - Processing /opt/airflow/dags/dag_scraping_twitter.py took 0.117 seconds
[2026-06-07T07:04:00.760+0700] {processor.py:186} INFO - Started process (PID=29765) to work on /opt/airflow/dags/dag_scraping_twitter.py
[2026-06-07T07:04:00.762+0700] {processor.py:914} INFO - Processing file /opt/airflow/dags/dag_scraping_twitter.py for tasks to queue
[2026-06-07T07:04:00.764+0700] {logging_mixin.py:190} INFO - [2026-06-07T07:04:00.764+0700] {dagbag.py:587} INFO - Filling up the DagBag from /opt/airflow/dags/dag_scraping_twitter.py
[2026-06-07T07:04:00.784+0700] {processor.py:925} INFO - DAG(s) 'dag_scraping_twitter' retrieved from /opt/airflow/dags/dag_scraping_twitter.py
[2026-06-07T07:04:00.811+0700] {logging_mixin.py:190} INFO - [2026-06-07T07:04:00.811+0700] {dag.py:3211} INFO - Sync 1 DAGs
[2026-06-07T07:04:00.835+0700] {logging_mixin.py:190} INFO - [2026-06-07T07:04:00.835+0700] {dag.py:4138} INFO - Setting next_dagrun for dag_scraping_twitter to 2026-06-06 23:00:00+00:00, run_after=2026-06-07 11:00:00+00:00
[2026-06-07T07:04:00.858+0700] {processor.py:208} INFO - Processing /opt/airflow/dags/dag_scraping_twitter.py took 0.104 seconds
[2026-06-07T07:04:31.240+0700] {processor.py:186} INFO - Started process (PID=29794) to work on /opt/airflow/dags/dag_scraping_twitter.py
[2026-06-07T07:04:31.241+0700] {processor.py:914} INFO - Processing file /opt/airflow/dags/dag_scraping_twitter.py for tasks to queue
[2026-06-07T07:04:31.244+0700] {logging_mixin.py:190} INFO - [2026-06-07T07:04:31.244+0700] {dagbag.py:587} INFO - Filling up the DagBag from /opt/airflow/dags/dag_scraping_twitter.py
[2026-06-07T07:04:31.262+0700] {processor.py:925} INFO - DAG(s) 'dag_scraping_twitter' retrieved from /opt/airflow/dags/dag_scraping_twitter.py
[2026-06-07T07:04:31.288+0700] {logging_mixin.py:190} INFO - [2026-06-07T07:04:31.288+0700] {dag.py:3211} INFO - Sync 1 DAGs
[2026-06-07T07:04:31.315+0700] {logging_mixin.py:190} INFO - [2026-06-07T07:04:31.315+0700] {dag.py:4138} INFO - Setting next_dagrun for dag_scraping_twitter to 2026-06-06 23:00:00+00:00, run_after=2026-06-07 11:00:00+00:00
[2026-06-07T07:04:31.337+0700] {processor.py:208} INFO - Processing /opt/airflow/dags/dag_scraping_twitter.py took 0.102 seconds
[2026-06-07T07:05:01.773+0700] {processor.py:186} INFO - Started process (PID=29828) to work on /opt/airflow/dags/dag_scraping_twitter.py
[2026-06-07T07:05:01.775+0700] {processor.py:914} INFO - Processing file /opt/airflow/dags/dag_scraping_twitter.py for tasks to queue
[2026-06-07T07:05:01.777+0700] {logging_mixin.py:190} INFO - [2026-06-07T07:05:01.777+0700] {dagbag.py:587} INFO - Filling up the DagBag from /opt/airflow/dags/dag_scraping_twitter.py
[2026-06-07T07:05:01.796+0700] {processor.py:925} INFO - DAG(s) 'dag_scraping_twitter' retrieved from /opt/airflow/dags/dag_scraping_twitter.py
[2026-06-07T07:05:01.821+0700] {logging_mixin.py:190} INFO - [2026-06-07T07:05:01.821+0700] {dag.py:3211} INFO - Sync 1 DAGs
[2026-06-07T07:05:01.844+0700] {logging_mixin.py:190} INFO - [2026-06-07T07:05:01.844+0700] {dag.py:4138} INFO - Setting next_dagrun for dag_scraping_twitter to 2026-06-06 23:00:00+00:00, run_after=2026-06-07 11:00:00+00:00
[2026-06-07T07:05:01.865+0700] {processor.py:208} INFO - Processing /opt/airflow/dags/dag_scraping_twitter.py took 0.099 seconds
[2026-06-07T07:05:32.324+0700] {processor.py:186} INFO - Started process (PID=29856) to work on /opt/airflow/dags/dag_scraping_twitter.py
[2026-06-07T07:05:32.325+0700] {processor.py:914} INFO - Processing file /opt/airflow/dags/dag_scraping_twitter.py for tasks to queue
[2026-06-07T07:05:32.327+0700] {logging_mixin.py:190} INFO - [2026-06-07T07:05:32.327+0700] {dagbag.py:587} INFO - Filling up the DagBag from /opt/airflow/dags/dag_scraping_twitter.py
[2026-06-07T07:05:32.345+0700] {processor.py:925} INFO - DAG(s) 'dag_scraping_twitter' retrieved from /opt/airflow/dags/dag_scraping_twitter.py
[2026-06-07T07:05:32.373+0700] {logging_mixin.py:190} INFO - [2026-06-07T07:05:32.373+0700] {dag.py:3211} INFO - Sync 1 DAGs
[2026-06-07T07:05:32.397+0700] {logging_mixin.py:190} INFO - [2026-06-07T07:05:32.397+0700] {dag.py:4138} INFO - Setting next_dagrun for dag_scraping_twitter to 2026-06-06 23:00:00+00:00, run_after=2026-06-07 11:00:00+00:00
[2026-06-07T07:05:32.419+0700] {processor.py:208} INFO - Processing /opt/airflow/dags/dag_scraping_twitter.py took 0.103 seconds
[2026-06-07T07:06:03.049+0700] {processor.py:186} INFO - Started process (PID=29884) to work on /opt/airflow/dags/dag_scraping_twitter.py
[2026-06-07T07:06:03.050+0700] {processor.py:914} INFO - Processing file /opt/airflow/dags/dag_scraping_twitter.py for tasks to queue
[2026-06-07T07:06:03.052+0700] {logging_mixin.py:190} INFO - [2026-06-07T07:06:03.052+0700] {dagbag.py:587} INFO - Filling up the DagBag from /opt/airflow/dags/dag_scraping_twitter.py
[2026-06-07T07:06:03.071+0700] {processor.py:925} INFO - DAG(s) 'dag_scraping_twitter' retrieved from /opt/airflow/dags/dag_scraping_twitter.py
[2026-06-07T07:06:03.096+0700] {logging_mixin.py:190} INFO - [2026-06-07T07:06:03.096+0700] {dag.py:3211} INFO - Sync 1 DAGs
[2026-06-07T07:06:03.118+0700] {logging_mixin.py:190} INFO - [2026-06-07T07:06:03.118+0700] {dag.py:4138} INFO - Setting next_dagrun for dag_scraping_twitter to 2026-06-06 23:00:00+00:00, run_after=2026-06-07 11:00:00+00:00
[2026-06-07T07:06:03.143+0700] {processor.py:208} INFO - Processing /opt/airflow/dags/dag_scraping_twitter.py took 0.101 seconds
[2026-06-07T07:06:33.646+0700] {processor.py:186} INFO - Started process (PID=29912) to work on /opt/airflow/dags/dag_scraping_twitter.py
[2026-06-07T07:06:33.647+0700] {processor.py:914} INFO - Processing file /opt/airflow/dags/dag_scraping_twitter.py for tasks to queue
[2026-06-07T07:06:33.650+0700] {logging_mixin.py:190} INFO - [2026-06-07T07:06:33.649+0700] {dagbag.py:587} INFO - Filling up the DagBag from /opt/airflow/dags/dag_scraping_twitter.py
[2026-06-07T07:06:33.670+0700] {processor.py:925} INFO - DAG(s) 'dag_scraping_twitter' retrieved from /opt/airflow/dags/dag_scraping_twitter.py
[2026-06-07T07:06:33.696+0700] {logging_mixin.py:190} INFO - [2026-06-07T07:06:33.695+0700] {dag.py:3211} INFO - Sync 1 DAGs
[2026-06-07T07:06:33.722+0700] {logging_mixin.py:190} INFO - [2026-06-07T07:06:33.721+0700] {dag.py:4138} INFO - Setting next_dagrun for dag_scraping_twitter to 2026-06-06 23:00:00+00:00, run_after=2026-06-07 11:00:00+00:00
[2026-06-07T07:06:33.746+0700] {processor.py:208} INFO - Processing /opt/airflow/dags/dag_scraping_twitter.py took 0.107 seconds
[2026-06-07T07:07:04.306+0700] {processor.py:186} INFO - Started process (PID=29940) to work on /opt/airflow/dags/dag_scraping_twitter.py
[2026-06-07T07:07:04.307+0700] {processor.py:914} INFO - Processing file /opt/airflow/dags/dag_scraping_twitter.py for tasks to queue
[2026-06-07T07:07:04.310+0700] {logging_mixin.py:190} INFO - [2026-06-07T07:07:04.310+0700] {dagbag.py:587} INFO - Filling up the DagBag from /opt/airflow/dags/dag_scraping_twitter.py
[2026-06-07T07:07:04.336+0700] {processor.py:925} INFO - DAG(s) 'dag_scraping_twitter' retrieved from /opt/airflow/dags/dag_scraping_twitter.py
[2026-06-07T07:07:04.360+0700] {logging_mixin.py:190} INFO - [2026-06-07T07:07:04.360+0700] {dag.py:3211} INFO - Sync 1 DAGs
[2026-06-07T07:07:04.387+0700] {logging_mixin.py:190} INFO - [2026-06-07T07:07:04.387+0700] {dag.py:4138} INFO - Setting next_dagrun for dag_scraping_twitter to 2026-06-06 23:00:00+00:00, run_after=2026-06-07 11:00:00+00:00
[2026-06-07T07:07:04.409+0700] {processor.py:208} INFO - Processing /opt/airflow/dags/dag_scraping_twitter.py took 0.110 seconds
[2026-06-07T07:07:34.975+0700] {processor.py:186} INFO - Started process (PID=29968) to work on /opt/airflow/dags/dag_scraping_twitter.py
[2026-06-07T07:07:34.976+0700] {processor.py:914} INFO - Processing file /opt/airflow/dags/dag_scraping_twitter.py for tasks to queue
[2026-06-07T07:07:34.980+0700] {logging_mixin.py:190} INFO - [2026-06-07T07:07:34.979+0700] {dagbag.py:587} INFO - Filling up the DagBag from /opt/airflow/dags/dag_scraping_twitter.py
[2026-06-07T07:07:35.002+0700] {processor.py:925} INFO - DAG(s) 'dag_scraping_twitter' retrieved from /opt/airflow/dags/dag_scraping_twitter.py
[2026-06-07T07:07:35.029+0700] {logging_mixin.py:190} INFO - [2026-06-07T07:07:35.029+0700] {dag.py:3211} INFO - Sync 1 DAGs
[2026-06-07T07:07:35.055+0700] {logging_mixin.py:190} INFO - [2026-06-07T07:07:35.054+0700] {dag.py:4138} INFO - Setting next_dagrun for dag_scraping_twitter to 2026-06-06 23:00:00+00:00, run_after=2026-06-07 11:00:00+00:00
[2026-06-07T07:07:35.081+0700] {processor.py:208} INFO - Processing /opt/airflow/dags/dag_scraping_twitter.py took 0.114 seconds
[2026-06-07T07:08:05.444+0700] {processor.py:186} INFO - Started process (PID=29996) to work on /opt/airflow/dags/dag_scraping_twitter.py
[2026-06-07T07:08:05.445+0700] {processor.py:914} INFO - Processing file /opt/airflow/dags/dag_scraping_twitter.py for tasks to queue
[2026-06-07T07:08:05.448+0700] {logging_mixin.py:190} INFO - [2026-06-07T07:08:05.448+0700] {dagbag.py:587} INFO - Filling up the DagBag from /opt/airflow/dags/dag_scraping_twitter.py
[2026-06-07T07:08:05.467+0700] {processor.py:925} INFO - DAG(s) 'dag_scraping_twitter' retrieved from /opt/airflow/dags/dag_scraping_twitter.py
[2026-06-07T07:08:05.495+0700] {logging_mixin.py:190} INFO - [2026-06-07T07:08:05.495+0700] {dag.py:3211} INFO - Sync 1 DAGs
[2026-06-07T07:08:05.520+0700] {logging_mixin.py:190} INFO - [2026-06-07T07:08:05.520+0700] {dag.py:4138} INFO - Setting next_dagrun for dag_scraping_twitter to 2026-06-06 23:00:00+00:00, run_after=2026-06-07 11:00:00+00:00
[2026-06-07T07:08:05.543+0700] {processor.py:208} INFO - Processing /opt/airflow/dags/dag_scraping_twitter.py took 0.105 seconds
[2026-06-07T07:08:36.041+0700] {processor.py:186} INFO - Started process (PID=30024) to work on /opt/airflow/dags/dag_scraping_twitter.py
[2026-06-07T07:08:36.042+0700] {processor.py:914} INFO - Processing file /opt/airflow/dags/dag_scraping_twitter.py for tasks to queue
[2026-06-07T07:08:36.045+0700] {logging_mixin.py:190} INFO - [2026-06-07T07:08:36.044+0700] {dagbag.py:587} INFO - Filling up the DagBag from /opt/airflow/dags/dag_scraping_twitter.py
[2026-06-07T07:08:36.062+0700] {processor.py:925} INFO - DAG(s) 'dag_scraping_twitter' retrieved from /opt/airflow/dags/dag_scraping_twitter.py
[2026-06-07T07:08:36.088+0700] {logging_mixin.py:190} INFO - [2026-06-07T07:08:36.088+0700] {dag.py:3211} INFO - Sync 1 DAGs
[2026-06-07T07:08:36.110+0700] {logging_mixin.py:190} INFO - [2026-06-07T07:08:36.110+0700] {dag.py:4138} INFO - Setting next_dagrun for dag_scraping_twitter to 2026-06-06 23:00:00+00:00, run_after=2026-06-07 11:00:00+00:00
[2026-06-07T07:08:36.131+0700] {processor.py:208} INFO - Processing /opt/airflow/dags/dag_scraping_twitter.py took 0.098 seconds
[2026-06-07T07:09:06.528+0700] {processor.py:186} INFO - Started process (PID=30053) to work on /opt/airflow/dags/dag_scraping_twitter.py
[2026-06-07T07:09:06.529+0700] {processor.py:914} INFO - Processing file /opt/airflow/dags/dag_scraping_twitter.py for tasks to queue
[2026-06-07T07:09:06.532+0700] {logging_mixin.py:190} INFO - [2026-06-07T07:09:06.532+0700] {dagbag.py:587} INFO - Filling up the DagBag from /opt/airflow/dags/dag_scraping_twitter.py
[2026-06-07T07:09:06.554+0700] {processor.py:925} INFO - DAG(s) 'dag_scraping_twitter' retrieved from /opt/airflow/dags/dag_scraping_twitter.py
[2026-06-07T07:09:06.583+0700] {logging_mixin.py:190} INFO - [2026-06-07T07:09:06.583+0700] {dag.py:3211} INFO - Sync 1 DAGs
[2026-06-07T07:09:06.605+0700] {logging_mixin.py:190} INFO - [2026-06-07T07:09:06.605+0700] {dag.py:4138} INFO - Setting next_dagrun for dag_scraping_twitter to 2026-06-06 23:00:00+00:00, run_after=2026-06-07 11:00:00+00:00
[2026-06-07T07:09:06.626+0700] {processor.py:208} INFO - Processing /opt/airflow/dags/dag_scraping_twitter.py took 0.104 seconds
[2026-06-07T07:09:37.345+0700] {processor.py:186} INFO - Started process (PID=30086) to work on /opt/airflow/dags/dag_scraping_twitter.py
[2026-06-07T07:09:37.346+0700] {processor.py:914} INFO - Processing file /opt/airflow/dags/dag_scraping_twitter.py for tasks to queue
[2026-06-07T07:09:37.348+0700] {logging_mixin.py:190} INFO - [2026-06-07T07:09:37.348+0700] {dagbag.py:587} INFO - Filling up the DagBag from /opt/airflow/dags/dag_scraping_twitter.py
[2026-06-07T07:09:37.366+0700] {processor.py:925} INFO - DAG(s) 'dag_scraping_twitter' retrieved from /opt/airflow/dags/dag_scraping_twitter.py
[2026-06-07T07:09:37.391+0700] {logging_mixin.py:190} INFO - [2026-06-07T07:09:37.391+0700] {dag.py:3211} INFO - Sync 1 DAGs
[2026-06-07T07:09:37.412+0700] {logging_mixin.py:190} INFO - [2026-06-07T07:09:37.412+0700] {dag.py:4138} INFO - Setting next_dagrun for dag_scraping_twitter to 2026-06-06 23:00:00+00:00, run_after=2026-06-07 11:00:00+00:00
[2026-06-07T07:09:37.434+0700] {processor.py:208} INFO - Processing /opt/airflow/dags/dag_scraping_twitter.py took 0.096 seconds
[2026-06-07T07:10:07.784+0700] {processor.py:186} INFO - Started process (PID=30114) to work on /opt/airflow/dags/dag_scraping_twitter.py
[2026-06-07T07:10:07.785+0700] {processor.py:914} INFO - Processing file /opt/airflow/dags/dag_scraping_twitter.py for tasks to queue
[2026-06-07T07:10:07.788+0700] {logging_mixin.py:190} INFO - [2026-06-07T07:10:07.787+0700] {dagbag.py:587} INFO - Filling up the DagBag from /opt/airflow/dags/dag_scraping_twitter.py
[2026-06-07T07:10:07.806+0700] {processor.py:925} INFO - DAG(s) 'dag_scraping_twitter' retrieved from /opt/airflow/dags/dag_scraping_twitter.py
[2026-06-07T07:10:07.833+0700] {logging_mixin.py:190} INFO - [2026-06-07T07:10:07.833+0700] {dag.py:3211} INFO - Sync 1 DAGs
[2026-06-07T07:10:07.858+0700] {logging_mixin.py:190} INFO - [2026-06-07T07:10:07.858+0700] {dag.py:4138} INFO - Setting next_dagrun for dag_scraping_twitter to 2026-06-06 23:00:00+00:00, run_after=2026-06-07 11:00:00+00:00
[2026-06-07T07:10:07.879+0700] {processor.py:208} INFO - Processing /opt/airflow/dags/dag_scraping_twitter.py took 0.100 seconds
[2026-06-07T07:10:38.310+0700] {processor.py:186} INFO - Started process (PID=30142) to work on /opt/airflow/dags/dag_scraping_twitter.py
[2026-06-07T07:10:38.312+0700] {processor.py:914} INFO - Processing file /opt/airflow/dags/dag_scraping_twitter.py for tasks to queue
[2026-06-07T07:10:38.315+0700] {logging_mixin.py:190} INFO - [2026-06-07T07:10:38.315+0700] {dagbag.py:587} INFO - Filling up the DagBag from /opt/airflow/dags/dag_scraping_twitter.py
[2026-06-07T07:10:38.335+0700] {processor.py:925} INFO - DAG(s) 'dag_scraping_twitter' retrieved from /opt/airflow/dags/dag_scraping_twitter.py
[2026-06-07T07:10:38.361+0700] {logging_mixin.py:190} INFO - [2026-06-07T07:10:38.361+0700] {dag.py:3211} INFO - Sync 1 DAGs
[2026-06-07T07:10:38.385+0700] {logging_mixin.py:190} INFO - [2026-06-07T07:10:38.384+0700] {dag.py:4138} INFO - Setting next_dagrun for dag_scraping_twitter to 2026-06-06 23:00:00+00:00, run_after=2026-06-07 11:00:00+00:00
[2026-06-07T07:10:38.407+0700] {processor.py:208} INFO - Processing /opt/airflow/dags/dag_scraping_twitter.py took 0.104 seconds
[2026-06-07T07:11:08.898+0700] {processor.py:186} INFO - Started process (PID=30170) to work on /opt/airflow/dags/dag_scraping_twitter.py
[2026-06-07T07:11:08.899+0700] {processor.py:914} INFO - Processing file /opt/airflow/dags/dag_scraping_twitter.py for tasks to queue
[2026-06-07T07:11:08.901+0700] {logging_mixin.py:190} INFO - [2026-06-07T07:11:08.901+0700] {dagbag.py:587} INFO - Filling up the DagBag from /opt/airflow/dags/dag_scraping_twitter.py
[2026-06-07T07:11:08.919+0700] {processor.py:925} INFO - DAG(s) 'dag_scraping_twitter' retrieved from /opt/airflow/dags/dag_scraping_twitter.py
[2026-06-07T07:11:08.944+0700] {logging_mixin.py:190} INFO - [2026-06-07T07:11:08.944+0700] {dag.py:3211} INFO - Sync 1 DAGs
[2026-06-07T07:11:08.968+0700] {logging_mixin.py:190} INFO - [2026-06-07T07:11:08.968+0700] {dag.py:4138} INFO - Setting next_dagrun for dag_scraping_twitter to 2026-06-06 23:00:00+00:00, run_after=2026-06-07 11:00:00+00:00
[2026-06-07T07:11:08.989+0700] {processor.py:208} INFO - Processing /opt/airflow/dags/dag_scraping_twitter.py took 0.098 seconds
[2026-06-07T07:11:39.489+0700] {processor.py:186} INFO - Started process (PID=30198) to work on /opt/airflow/dags/dag_scraping_twitter.py
[2026-06-07T07:11:39.490+0700] {processor.py:914} INFO - Processing file /opt/airflow/dags/dag_scraping_twitter.py for tasks to queue
[2026-06-07T07:11:39.493+0700] {logging_mixin.py:190} INFO - [2026-06-07T07:11:39.493+0700] {dagbag.py:587} INFO - Filling up the DagBag from /opt/airflow/dags/dag_scraping_twitter.py
[2026-06-07T07:11:39.514+0700] {processor.py:925} INFO - DAG(s) 'dag_scraping_twitter' retrieved from /opt/airflow/dags/dag_scraping_twitter.py
[2026-06-07T07:11:39.541+0700] {logging_mixin.py:190} INFO - [2026-06-07T07:11:39.540+0700] {dag.py:3211} INFO - Sync 1 DAGs
[2026-06-07T07:11:39.564+0700] {logging_mixin.py:190} INFO - [2026-06-07T07:11:39.564+0700] {dag.py:4138} INFO - Setting next_dagrun for dag_scraping_twitter to 2026-06-06 23:00:00+00:00, run_after=2026-06-07 11:00:00+00:00
[2026-06-07T07:11:39.589+0700] {processor.py:208} INFO - Processing /opt/airflow/dags/dag_scraping_twitter.py took 0.107 seconds
[2026-06-07T07:12:09.870+0700] {processor.py:186} INFO - Started process (PID=30226) to work on /opt/airflow/dags/dag_scraping_twitter.py
[2026-06-07T07:12:09.871+0700] {processor.py:914} INFO - Processing file /opt/airflow/dags/dag_scraping_twitter.py for tasks to queue
[2026-06-07T07:12:09.874+0700] {logging_mixin.py:190} INFO - [2026-06-07T07:12:09.873+0700] {dagbag.py:587} INFO - Filling up the DagBag from /opt/airflow/dags/dag_scraping_twitter.py
[2026-06-07T07:12:09.891+0700] {processor.py:925} INFO - DAG(s) 'dag_scraping_twitter' retrieved from /opt/airflow/dags/dag_scraping_twitter.py
[2026-06-07T07:12:09.916+0700] {logging_mixin.py:190} INFO - [2026-06-07T07:12:09.915+0700] {dag.py:3211} INFO - Sync 1 DAGs
[2026-06-07T07:12:09.939+0700] {logging_mixin.py:190} INFO - [2026-06-07T07:12:09.938+0700] {dag.py:4138} INFO - Setting next_dagrun for dag_scraping_twitter to 2026-06-06 23:00:00+00:00, run_after=2026-06-07 11:00:00+00:00
[2026-06-07T07:12:09.966+0700] {processor.py:208} INFO - Processing /opt/airflow/dags/dag_scraping_twitter.py took 0.102 seconds
[2026-06-07T07:12:40.388+0700] {processor.py:186} INFO - Started process (PID=30254) to work on /opt/airflow/dags/dag_scraping_twitter.py
[2026-06-07T07:12:40.390+0700] {processor.py:914} INFO - Processing file /opt/airflow/dags/dag_scraping_twitter.py for tasks to queue
[2026-06-07T07:12:40.393+0700] {logging_mixin.py:190} INFO - [2026-06-07T07:12:40.393+0700] {dagbag.py:587} INFO - Filling up the DagBag from /opt/airflow/dags/dag_scraping_twitter.py
[2026-06-07T07:12:40.418+0700] {processor.py:925} INFO - DAG(s) 'dag_scraping_twitter' retrieved from /opt/airflow/dags/dag_scraping_twitter.py
[2026-06-07T07:12:40.449+0700] {logging_mixin.py:190} INFO - [2026-06-07T07:12:40.448+0700] {dag.py:3211} INFO - Sync 1 DAGs
[2026-06-07T07:12:40.473+0700] {logging_mixin.py:190} INFO - [2026-06-07T07:12:40.473+0700] {dag.py:4138} INFO - Setting next_dagrun for dag_scraping_twitter to 2026-06-06 23:00:00+00:00, run_after=2026-06-07 11:00:00+00:00
[2026-06-07T07:12:40.495+0700] {processor.py:208} INFO - Processing /opt/airflow/dags/dag_scraping_twitter.py took 0.117 seconds
[2026-06-07T07:13:10.863+0700] {processor.py:186} INFO - Started process (PID=30282) to work on /opt/airflow/dags/dag_scraping_twitter.py
[2026-06-07T07:13:10.864+0700] {processor.py:914} INFO - Processing file /opt/airflow/dags/dag_scraping_twitter.py for tasks to queue
[2026-06-07T07:13:10.867+0700] {logging_mixin.py:190} INFO - [2026-06-07T07:13:10.866+0700] {dagbag.py:587} INFO - Filling up the DagBag from /opt/airflow/dags/dag_scraping_twitter.py
[2026-06-07T07:13:10.890+0700] {processor.py:925} INFO - DAG(s) 'dag_scraping_twitter' retrieved from /opt/airflow/dags/dag_scraping_twitter.py
[2026-06-07T07:13:10.917+0700] {logging_mixin.py:190} INFO - [2026-06-07T07:13:10.917+0700] {dag.py:3211} INFO - Sync 1 DAGs
[2026-06-07T07:13:10.941+0700] {logging_mixin.py:190} INFO - [2026-06-07T07:13:10.941+0700] {dag.py:4138} INFO - Setting next_dagrun for dag_scraping_twitter to 2026-06-06 23:00:00+00:00, run_after=2026-06-07 11:00:00+00:00
[2026-06-07T07:13:10.962+0700] {processor.py:208} INFO - Processing /opt/airflow/dags/dag_scraping_twitter.py took 0.106 seconds
[2026-06-07T07:13:41.328+0700] {processor.py:186} INFO - Started process (PID=30316) to work on /opt/airflow/dags/dag_scraping_twitter.py
[2026-06-07T07:13:41.329+0700] {processor.py:914} INFO - Processing file /opt/airflow/dags/dag_scraping_twitter.py for tasks to queue
[2026-06-07T07:13:41.332+0700] {logging_mixin.py:190} INFO - [2026-06-07T07:13:41.332+0700] {dagbag.py:587} INFO - Filling up the DagBag from /opt/airflow/dags/dag_scraping_twitter.py
[2026-06-07T07:13:41.350+0700] {processor.py:925} INFO - DAG(s) 'dag_scraping_twitter' retrieved from /opt/airflow/dags/dag_scraping_twitter.py
[2026-06-07T07:13:41.378+0700] {logging_mixin.py:190} INFO - [2026-06-07T07:13:41.377+0700] {dag.py:3211} INFO - Sync 1 DAGs
[2026-06-07T07:13:41.406+0700] {logging_mixin.py:190} INFO - [2026-06-07T07:13:41.406+0700] {dag.py:4138} INFO - Setting next_dagrun for dag_scraping_twitter to 2026-06-06 23:00:00+00:00, run_after=2026-06-07 11:00:00+00:00
[2026-06-07T07:13:41.429+0700] {processor.py:208} INFO - Processing /opt/airflow/dags/dag_scraping_twitter.py took 0.107 seconds
[2026-06-07T07:14:11.883+0700] {processor.py:186} INFO - Started process (PID=30344) to work on /opt/airflow/dags/dag_scraping_twitter.py
[2026-06-07T07:14:11.885+0700] {processor.py:914} INFO - Processing file /opt/airflow/dags/dag_scraping_twitter.py for tasks to queue
[2026-06-07T07:14:11.888+0700] {logging_mixin.py:190} INFO - [2026-06-07T07:14:11.887+0700] {dagbag.py:587} INFO - Filling up the DagBag from /opt/airflow/dags/dag_scraping_twitter.py
[2026-06-07T07:14:11.906+0700] {processor.py:925} INFO - DAG(s) 'dag_scraping_twitter' retrieved from /opt/airflow/dags/dag_scraping_twitter.py
[2026-06-07T07:14:11.933+0700] {logging_mixin.py:190} INFO - [2026-06-07T07:14:11.933+0700] {dag.py:3211} INFO - Sync 1 DAGs
[2026-06-07T07:14:11.956+0700] {logging_mixin.py:190} INFO - [2026-06-07T07:14:11.956+0700] {dag.py:4138} INFO - Setting next_dagrun for dag_scraping_twitter to 2026-06-06 23:00:00+00:00, run_after=2026-06-07 11:00:00+00:00
[2026-06-07T07:14:11.978+0700] {processor.py:208} INFO - Processing /opt/airflow/dags/dag_scraping_twitter.py took 0.104 seconds
[2026-06-07T07:14:42.916+0700] {processor.py:186} INFO - Started process (PID=30372) to work on /opt/airflow/dags/dag_scraping_twitter.py
[2026-06-07T07:14:42.918+0700] {processor.py:914} INFO - Processing file /opt/airflow/dags/dag_scraping_twitter.py for tasks to queue
[2026-06-07T07:14:42.921+0700] {logging_mixin.py:190} INFO - [2026-06-07T07:14:42.920+0700] {dagbag.py:587} INFO - Filling up the DagBag from /opt/airflow/dags/dag_scraping_twitter.py
[2026-06-07T07:14:42.945+0700] {processor.py:925} INFO - DAG(s) 'dag_scraping_twitter' retrieved from /opt/airflow/dags/dag_scraping_twitter.py
[2026-06-07T07:14:42.974+0700] {logging_mixin.py:190} INFO - [2026-06-07T07:14:42.974+0700] {dag.py:3211} INFO - Sync 1 DAGs
[2026-06-07T07:14:42.998+0700] {logging_mixin.py:190} INFO - [2026-06-07T07:14:42.997+0700] {dag.py:4138} INFO - Setting next_dagrun for dag_scraping_twitter to 2026-06-06 23:00:00+00:00, run_after=2026-06-07 11:00:00+00:00
[2026-06-07T07:14:43.017+0700] {processor.py:208} INFO - Processing /opt/airflow/dags/dag_scraping_twitter.py took 0.108 seconds
[2026-06-07T07:15:13.969+0700] {processor.py:186} INFO - Started process (PID=30400) to work on /opt/airflow/dags/dag_scraping_twitter.py
[2026-06-07T07:15:13.970+0700] {processor.py:914} INFO - Processing file /opt/airflow/dags/dag_scraping_twitter.py for tasks to queue
[2026-06-07T07:15:13.973+0700] {logging_mixin.py:190} INFO - [2026-06-07T07:15:13.973+0700] {dagbag.py:587} INFO - Filling up the DagBag from /opt/airflow/dags/dag_scraping_twitter.py
[2026-06-07T07:15:13.996+0700] {processor.py:925} INFO - DAG(s) 'dag_scraping_twitter' retrieved from /opt/airflow/dags/dag_scraping_twitter.py
[2026-06-07T07:15:14.031+0700] {logging_mixin.py:190} INFO - [2026-06-07T07:15:14.031+0700] {dag.py:3211} INFO - Sync 1 DAGs
[2026-06-07T07:15:14.056+0700] {logging_mixin.py:190} INFO - [2026-06-07T07:15:14.056+0700] {dag.py:4138} INFO - Setting next_dagrun for dag_scraping_twitter to 2026-06-06 23:00:00+00:00, run_after=2026-06-07 11:00:00+00:00
[2026-06-07T07:15:14.078+0700] {processor.py:208} INFO - Processing /opt/airflow/dags/dag_scraping_twitter.py took 0.115 seconds
[2026-06-07T07:15:44.392+0700] {processor.py:186} INFO - Started process (PID=30428) to work on /opt/airflow/dags/dag_scraping_twitter.py
[2026-06-07T07:15:44.393+0700] {processor.py:914} INFO - Processing file /opt/airflow/dags/dag_scraping_twitter.py for tasks to queue
[2026-06-07T07:15:44.395+0700] {logging_mixin.py:190} INFO - [2026-06-07T07:15:44.395+0700] {dagbag.py:587} INFO - Filling up the DagBag from /opt/airflow/dags/dag_scraping_twitter.py
[2026-06-07T07:15:44.414+0700] {processor.py:925} INFO - DAG(s) 'dag_scraping_twitter' retrieved from /opt/airflow/dags/dag_scraping_twitter.py
[2026-06-07T07:15:44.438+0700] {logging_mixin.py:190} INFO - [2026-06-07T07:15:44.438+0700] {dag.py:3211} INFO - Sync 1 DAGs
[2026-06-07T07:15:44.468+0700] {logging_mixin.py:190} INFO - [2026-06-07T07:15:44.468+0700] {dag.py:4138} INFO - Setting next_dagrun for dag_scraping_twitter to 2026-06-06 23:00:00+00:00, run_after=2026-06-07 11:00:00+00:00
[2026-06-07T07:15:44.488+0700] {processor.py:208} INFO - Processing /opt/airflow/dags/dag_scraping_twitter.py took 0.102 seconds
[2026-06-07T07:16:15.119+0700] {processor.py:186} INFO - Started process (PID=30456) to work on /opt/airflow/dags/dag_scraping_twitter.py
[2026-06-07T07:16:15.120+0700] {processor.py:914} INFO - Processing file /opt/airflow/dags/dag_scraping_twitter.py for tasks to queue
[2026-06-07T07:16:15.124+0700] {logging_mixin.py:190} INFO - [2026-06-07T07:16:15.123+0700] {dagbag.py:587} INFO - Filling up the DagBag from /opt/airflow/dags/dag_scraping_twitter.py
[2026-06-07T07:16:15.142+0700] {processor.py:925} INFO - DAG(s) 'dag_scraping_twitter' retrieved from /opt/airflow/dags/dag_scraping_twitter.py
[2026-06-07T07:16:15.169+0700] {logging_mixin.py:190} INFO - [2026-06-07T07:16:15.169+0700] {dag.py:3211} INFO - Sync 1 DAGs
[2026-06-07T07:16:15.197+0700] {logging_mixin.py:190} INFO - [2026-06-07T07:16:15.196+0700] {dag.py:4138} INFO - Setting next_dagrun for dag_scraping_twitter to 2026-06-06 23:00:00+00:00, run_after=2026-06-07 11:00:00+00:00
[2026-06-07T07:16:15.228+0700] {processor.py:208} INFO - Processing /opt/airflow/dags/dag_scraping_twitter.py took 0.122 seconds
[2026-06-07T07:16:45.790+0700] {processor.py:186} INFO - Started process (PID=30484) to work on /opt/airflow/dags/dag_scraping_twitter.py
[2026-06-07T07:16:45.791+0700] {processor.py:914} INFO - Processing file /opt/airflow/dags/dag_scraping_twitter.py for tasks to queue
[2026-06-07T07:16:45.793+0700] {logging_mixin.py:190} INFO - [2026-06-07T07:16:45.793+0700] {dagbag.py:587} INFO - Filling up the DagBag from /opt/airflow/dags/dag_scraping_twitter.py
[2026-06-07T07:16:45.811+0700] {processor.py:925} INFO - DAG(s) 'dag_scraping_twitter' retrieved from /opt/airflow/dags/dag_scraping_twitter.py
[2026-06-07T07:16:45.837+0700] {logging_mixin.py:190} INFO - [2026-06-07T07:16:45.836+0700] {dag.py:3211} INFO - Sync 1 DAGs
[2026-06-07T07:16:45.858+0700] {logging_mixin.py:190} INFO - [2026-06-07T07:16:45.858+0700] {dag.py:4138} INFO - Setting next_dagrun for dag_scraping_twitter to 2026-06-06 23:00:00+00:00, run_after=2026-06-07 11:00:00+00:00
[2026-06-07T07:16:45.881+0700] {processor.py:208} INFO - Processing /opt/airflow/dags/dag_scraping_twitter.py took 0.100 seconds
[2026-06-07T07:17:16.578+0700] {processor.py:186} INFO - Started process (PID=30518) to work on /opt/airflow/dags/dag_scraping_twitter.py
[2026-06-07T07:17:16.579+0700] {processor.py:914} INFO - Processing file /opt/airflow/dags/dag_scraping_twitter.py for tasks to queue
[2026-06-07T07:17:16.581+0700] {logging_mixin.py:190} INFO - [2026-06-07T07:17:16.581+0700] {dagbag.py:587} INFO - Filling up the DagBag from /opt/airflow/dags/dag_scraping_twitter.py
[2026-06-07T07:17:16.598+0700] {processor.py:925} INFO - DAG(s) 'dag_scraping_twitter' retrieved from /opt/airflow/dags/dag_scraping_twitter.py
[2026-06-07T07:17:16.624+0700] {logging_mixin.py:190} INFO - [2026-06-07T07:17:16.623+0700] {dag.py:3211} INFO - Sync 1 DAGs
[2026-06-07T07:17:16.645+0700] {logging_mixin.py:190} INFO - [2026-06-07T07:17:16.645+0700] {dag.py:4138} INFO - Setting next_dagrun for dag_scraping_twitter to 2026-06-06 23:00:00+00:00, run_after=2026-06-07 11:00:00+00:00
[2026-06-07T07:17:16.667+0700] {processor.py:208} INFO - Processing /opt/airflow/dags/dag_scraping_twitter.py took 0.098 seconds
[2026-06-07T07:17:47.097+0700] {processor.py:186} INFO - Started process (PID=30546) to work on /opt/airflow/dags/dag_scraping_twitter.py
[2026-06-07T07:17:47.098+0700] {processor.py:914} INFO - Processing file /opt/airflow/dags/dag_scraping_twitter.py for tasks to queue
[2026-06-07T07:17:47.100+0700] {logging_mixin.py:190} INFO - [2026-06-07T07:17:47.100+0700] {dagbag.py:587} INFO - Filling up the DagBag from /opt/airflow/dags/dag_scraping_twitter.py
[2026-06-07T07:17:47.117+0700] {processor.py:925} INFO - DAG(s) 'dag_scraping_twitter' retrieved from /opt/airflow/dags/dag_scraping_twitter.py
[2026-06-07T07:17:47.147+0700] {logging_mixin.py:190} INFO - [2026-06-07T07:17:47.146+0700] {dag.py:3211} INFO - Sync 1 DAGs
[2026-06-07T07:17:47.177+0700] {logging_mixin.py:190} INFO - [2026-06-07T07:17:47.176+0700] {dag.py:4138} INFO - Setting next_dagrun for dag_scraping_twitter to 2026-06-06 23:00:00+00:00, run_after=2026-06-07 11:00:00+00:00
[2026-06-07T07:17:47.207+0700] {processor.py:208} INFO - Processing /opt/airflow/dags/dag_scraping_twitter.py took 0.117 seconds
[2026-06-07T07:18:17.778+0700] {processor.py:186} INFO - Started process (PID=30574) to work on /opt/airflow/dags/dag_scraping_twitter.py
[2026-06-07T07:18:17.779+0700] {processor.py:914} INFO - Processing file /opt/airflow/dags/dag_scraping_twitter.py for tasks to queue
[2026-06-07T07:18:17.782+0700] {logging_mixin.py:190} INFO - [2026-06-07T07:18:17.782+0700] {dagbag.py:587} INFO - Filling up the DagBag from /opt/airflow/dags/dag_scraping_twitter.py
[2026-06-07T07:18:17.801+0700] {processor.py:925} INFO - DAG(s) 'dag_scraping_twitter' retrieved from /opt/airflow/dags/dag_scraping_twitter.py
[2026-06-07T07:18:17.827+0700] {logging_mixin.py:190} INFO - [2026-06-07T07:18:17.827+0700] {dag.py:3211} INFO - Sync 1 DAGs
[2026-06-07T07:18:17.849+0700] {logging_mixin.py:190} INFO - [2026-06-07T07:18:17.849+0700] {dag.py:4138} INFO - Setting next_dagrun for dag_scraping_twitter to 2026-06-06 23:00:00+00:00, run_after=2026-06-07 11:00:00+00:00
[2026-06-07T07:18:17.871+0700] {processor.py:208} INFO - Processing /opt/airflow/dags/dag_scraping_twitter.py took 0.100 seconds
[2026-06-07T07:18:48.696+0700] {processor.py:186} INFO - Started process (PID=30602) to work on /opt/airflow/dags/dag_scraping_twitter.py
[2026-06-07T07:18:48.697+0700] {processor.py:914} INFO - Processing file /opt/airflow/dags/dag_scraping_twitter.py for tasks to queue
[2026-06-07T07:18:48.699+0700] {logging_mixin.py:190} INFO - [2026-06-07T07:18:48.699+0700] {dagbag.py:587} INFO - Filling up the DagBag from /opt/airflow/dags/dag_scraping_twitter.py
[2026-06-07T07:18:48.718+0700] {processor.py:925} INFO - DAG(s) 'dag_scraping_twitter' retrieved from /opt/airflow/dags/dag_scraping_twitter.py
[2026-06-07T07:18:48.745+0700] {logging_mixin.py:190} INFO - [2026-06-07T07:18:48.745+0700] {dag.py:3211} INFO - Sync 1 DAGs
[2026-06-07T07:18:48.778+0700] {logging_mixin.py:190} INFO - [2026-06-07T07:18:48.778+0700] {dag.py:4138} INFO - Setting next_dagrun for dag_scraping_twitter to 2026-06-06 23:00:00+00:00, run_after=2026-06-07 11:00:00+00:00
[2026-06-07T07:18:48.804+0700] {processor.py:208} INFO - Processing /opt/airflow/dags/dag_scraping_twitter.py took 0.116 seconds
[2026-06-07T07:19:19.104+0700] {processor.py:186} INFO - Started process (PID=30630) to work on /opt/airflow/dags/dag_scraping_twitter.py
[2026-06-07T07:19:19.105+0700] {processor.py:914} INFO - Processing file /opt/airflow/dags/dag_scraping_twitter.py for tasks to queue
[2026-06-07T07:19:19.107+0700] {logging_mixin.py:190} INFO - [2026-06-07T07:19:19.107+0700] {dagbag.py:587} INFO - Filling up the DagBag from /opt/airflow/dags/dag_scraping_twitter.py
[2026-06-07T07:19:19.130+0700] {processor.py:925} INFO - DAG(s) 'dag_scraping_twitter' retrieved from /opt/airflow/dags/dag_scraping_twitter.py
[2026-06-07T07:19:19.161+0700] {logging_mixin.py:190} INFO - [2026-06-07T07:19:19.161+0700] {dag.py:3211} INFO - Sync 1 DAGs
[2026-06-07T07:19:19.194+0700] {logging_mixin.py:190} INFO - [2026-06-07T07:19:19.193+0700] {dag.py:4138} INFO - Setting next_dagrun for dag_scraping_twitter to 2026-06-06 23:00:00+00:00, run_after=2026-06-07 11:00:00+00:00
[2026-06-07T07:19:19.219+0700] {processor.py:208} INFO - Processing /opt/airflow/dags/dag_scraping_twitter.py took 0.122 seconds
[2026-06-07T07:19:49.724+0700] {processor.py:186} INFO - Started process (PID=30658) to work on /opt/airflow/dags/dag_scraping_twitter.py
[2026-06-07T07:19:49.725+0700] {processor.py:914} INFO - Processing file /opt/airflow/dags/dag_scraping_twitter.py for tasks to queue
[2026-06-07T07:19:49.727+0700] {logging_mixin.py:190} INFO - [2026-06-07T07:19:49.727+0700] {dagbag.py:587} INFO - Filling up the DagBag from /opt/airflow/dags/dag_scraping_twitter.py
[2026-06-07T07:19:49.746+0700] {processor.py:925} INFO - DAG(s) 'dag_scraping_twitter' retrieved from /opt/airflow/dags/dag_scraping_twitter.py
[2026-06-07T07:19:49.773+0700] {logging_mixin.py:190} INFO - [2026-06-07T07:19:49.773+0700] {dag.py:3211} INFO - Sync 1 DAGs
[2026-06-07T07:19:49.796+0700] {logging_mixin.py:190} INFO - [2026-06-07T07:19:49.795+0700] {dag.py:4138} INFO - Setting next_dagrun for dag_scraping_twitter to 2026-06-06 23:00:00+00:00, run_after=2026-06-07 11:00:00+00:00
[2026-06-07T07:19:49.817+0700] {processor.py:208} INFO - Processing /opt/airflow/dags/dag_scraping_twitter.py took 0.100 seconds
[2026-06-07T07:20:20.304+0700] {processor.py:186} INFO - Started process (PID=30686) to work on /opt/airflow/dags/dag_scraping_twitter.py
[2026-06-07T07:20:20.306+0700] {processor.py:914} INFO - Processing file /opt/airflow/dags/dag_scraping_twitter.py for tasks to queue
[2026-06-07T07:20:20.309+0700] {logging_mixin.py:190} INFO - [2026-06-07T07:20:20.308+0700] {dagbag.py:587} INFO - Filling up the DagBag from /opt/airflow/dags/dag_scraping_twitter.py
[2026-06-07T07:20:20.332+0700] {processor.py:925} INFO - DAG(s) 'dag_scraping_twitter' retrieved from /opt/airflow/dags/dag_scraping_twitter.py
[2026-06-07T07:20:20.363+0700] {logging_mixin.py:190} INFO - [2026-06-07T07:20:20.363+0700] {dag.py:3211} INFO - Sync 1 DAGs
[2026-06-07T07:20:20.393+0700] {logging_mixin.py:190} INFO - [2026-06-07T07:20:20.392+0700] {dag.py:4138} INFO - Setting next_dagrun for dag_scraping_twitter to 2026-06-06 23:00:00+00:00, run_after=2026-06-07 11:00:00+00:00
[2026-06-07T07:20:20.419+0700] {processor.py:208} INFO - Processing /opt/airflow/dags/dag_scraping_twitter.py took 0.123 seconds
[2026-06-07T07:20:50.680+0700] {processor.py:186} INFO - Started process (PID=30715) to work on /opt/airflow/dags/dag_scraping_twitter.py
[2026-06-07T07:20:50.681+0700] {processor.py:914} INFO - Processing file /opt/airflow/dags/dag_scraping_twitter.py for tasks to queue
[2026-06-07T07:20:50.685+0700] {logging_mixin.py:190} INFO - [2026-06-07T07:20:50.684+0700] {dagbag.py:587} INFO - Filling up the DagBag from /opt/airflow/dags/dag_scraping_twitter.py
[2026-06-07T07:20:50.702+0700] {processor.py:925} INFO - DAG(s) 'dag_scraping_twitter' retrieved from /opt/airflow/dags/dag_scraping_twitter.py
[2026-06-07T07:20:50.727+0700] {logging_mixin.py:190} INFO - [2026-06-07T07:20:50.727+0700] {dag.py:3211} INFO - Sync 1 DAGs
[2026-06-07T07:20:50.752+0700] {logging_mixin.py:190} INFO - [2026-06-07T07:20:50.752+0700] {dag.py:4138} INFO - Setting next_dagrun for dag_scraping_twitter to 2026-06-06 23:00:00+00:00, run_after=2026-06-07 11:00:00+00:00
[2026-06-07T07:20:50.773+0700] {processor.py:208} INFO - Processing /opt/airflow/dags/dag_scraping_twitter.py took 0.099 seconds
[2026-06-07T07:21:20.838+0700] {processor.py:186} INFO - Started process (PID=30743) to work on /opt/airflow/dags/dag_scraping_twitter.py
[2026-06-07T07:21:20.843+0700] {processor.py:914} INFO - Processing file /opt/airflow/dags/dag_scraping_twitter.py for tasks to queue
[2026-06-07T07:21:20.846+0700] {logging_mixin.py:190} INFO - [2026-06-07T07:21:20.846+0700] {dagbag.py:587} INFO - Filling up the DagBag from /opt/airflow/dags/dag_scraping_twitter.py
[2026-06-07T07:21:20.874+0700] {processor.py:925} INFO - DAG(s) 'dag_scraping_twitter' retrieved from /opt/airflow/dags/dag_scraping_twitter.py
[2026-06-07T07:21:20.898+0700] {logging_mixin.py:190} INFO - [2026-06-07T07:21:20.898+0700] {dag.py:3211} INFO - Sync 1 DAGs
[2026-06-07T07:21:20.921+0700] {logging_mixin.py:190} INFO - [2026-06-07T07:21:20.921+0700] {dag.py:4138} INFO - Setting next_dagrun for dag_scraping_twitter to 2026-06-06 23:00:00+00:00, run_after=2026-06-07 11:00:00+00:00
[2026-06-07T07:21:20.943+0700] {processor.py:208} INFO - Processing /opt/airflow/dags/dag_scraping_twitter.py took 0.113 seconds
[2026-06-07T07:21:51.838+0700] {processor.py:186} INFO - Started process (PID=30777) to work on /opt/airflow/dags/dag_scraping_twitter.py
[2026-06-07T07:21:51.840+0700] {processor.py:914} INFO - Processing file /opt/airflow/dags/dag_scraping_twitter.py for tasks to queue
[2026-06-07T07:21:51.842+0700] {logging_mixin.py:190} INFO - [2026-06-07T07:21:51.842+0700] {dagbag.py:587} INFO - Filling up the DagBag from /opt/airflow/dags/dag_scraping_twitter.py
[2026-06-07T07:21:51.860+0700] {processor.py:925} INFO - DAG(s) 'dag_scraping_twitter' retrieved from /opt/airflow/dags/dag_scraping_twitter.py
[2026-06-07T07:21:51.886+0700] {logging_mixin.py:190} INFO - [2026-06-07T07:21:51.885+0700] {dag.py:3211} INFO - Sync 1 DAGs
[2026-06-07T07:21:51.911+0700] {logging_mixin.py:190} INFO - [2026-06-07T07:21:51.911+0700] {dag.py:4138} INFO - Setting next_dagrun for dag_scraping_twitter to 2026-06-06 23:00:00+00:00, run_after=2026-06-07 11:00:00+00:00
[2026-06-07T07:21:51.931+0700] {processor.py:208} INFO - Processing /opt/airflow/dags/dag_scraping_twitter.py took 0.099 seconds
[2026-06-07T07:22:22.475+0700] {processor.py:186} INFO - Started process (PID=30805) to work on /opt/airflow/dags/dag_scraping_twitter.py
[2026-06-07T07:22:22.477+0700] {processor.py:914} INFO - Processing file /opt/airflow/dags/dag_scraping_twitter.py for tasks to queue
[2026-06-07T07:22:22.479+0700] {logging_mixin.py:190} INFO - [2026-06-07T07:22:22.479+0700] {dagbag.py:587} INFO - Filling up the DagBag from /opt/airflow/dags/dag_scraping_twitter.py
[2026-06-07T07:22:22.501+0700] {processor.py:925} INFO - DAG(s) 'dag_scraping_twitter' retrieved from /opt/airflow/dags/dag_scraping_twitter.py
[2026-06-07T07:22:22.532+0700] {logging_mixin.py:190} INFO - [2026-06-07T07:22:22.532+0700] {dag.py:3211} INFO - Sync 1 DAGs
[2026-06-07T07:22:22.556+0700] {logging_mixin.py:190} INFO - [2026-06-07T07:22:22.556+0700] {dag.py:4138} INFO - Setting next_dagrun for dag_scraping_twitter to 2026-06-06 23:00:00+00:00, run_after=2026-06-07 11:00:00+00:00
[2026-06-07T07:22:22.578+0700] {processor.py:208} INFO - Processing /opt/airflow/dags/dag_scraping_twitter.py took 0.110 seconds
[2026-06-07T07:22:52.878+0700] {processor.py:186} INFO - Started process (PID=30833) to work on /opt/airflow/dags/dag_scraping_twitter.py
[2026-06-07T07:22:52.879+0700] {processor.py:914} INFO - Processing file /opt/airflow/dags/dag_scraping_twitter.py for tasks to queue
[2026-06-07T07:22:52.881+0700] {logging_mixin.py:190} INFO - [2026-06-07T07:22:52.881+0700] {dagbag.py:587} INFO - Filling up the DagBag from /opt/airflow/dags/dag_scraping_twitter.py
[2026-06-07T07:22:52.903+0700] {processor.py:925} INFO - DAG(s) 'dag_scraping_twitter' retrieved from /opt/airflow/dags/dag_scraping_twitter.py
[2026-06-07T07:22:52.928+0700] {logging_mixin.py:190} INFO - [2026-06-07T07:22:52.928+0700] {dag.py:3211} INFO - Sync 1 DAGs
[2026-06-07T07:22:52.953+0700] {logging_mixin.py:190} INFO - [2026-06-07T07:22:52.953+0700] {dag.py:4138} INFO - Setting next_dagrun for dag_scraping_twitter to 2026-06-06 23:00:00+00:00, run_after=2026-06-07 11:00:00+00:00
[2026-06-07T07:22:52.973+0700] {processor.py:208} INFO - Processing /opt/airflow/dags/dag_scraping_twitter.py took 0.101 seconds
[2026-06-07T07:23:23.424+0700] {processor.py:186} INFO - Started process (PID=30861) to work on /opt/airflow/dags/dag_scraping_twitter.py
[2026-06-07T07:23:23.425+0700] {processor.py:914} INFO - Processing file /opt/airflow/dags/dag_scraping_twitter.py for tasks to queue
[2026-06-07T07:23:23.428+0700] {logging_mixin.py:190} INFO - [2026-06-07T07:23:23.428+0700] {dagbag.py:587} INFO - Filling up the DagBag from /opt/airflow/dags/dag_scraping_twitter.py
[2026-06-07T07:23:23.447+0700] {processor.py:925} INFO - DAG(s) 'dag_scraping_twitter' retrieved from /opt/airflow/dags/dag_scraping_twitter.py
[2026-06-07T07:23:23.473+0700] {logging_mixin.py:190} INFO - [2026-06-07T07:23:23.473+0700] {dag.py:3211} INFO - Sync 1 DAGs
[2026-06-07T07:23:23.501+0700] {logging_mixin.py:190} INFO - [2026-06-07T07:23:23.501+0700] {dag.py:4138} INFO - Setting next_dagrun for dag_scraping_twitter to 2026-06-06 23:00:00+00:00, run_after=2026-06-07 11:00:00+00:00
[2026-06-07T07:23:23.525+0700] {processor.py:208} INFO - Processing /opt/airflow/dags/dag_scraping_twitter.py took 0.107 seconds
[2026-06-07T07:23:54.189+0700] {processor.py:186} INFO - Started process (PID=30889) to work on /opt/airflow/dags/dag_scraping_twitter.py
[2026-06-07T07:23:54.191+0700] {processor.py:914} INFO - Processing file /opt/airflow/dags/dag_scraping_twitter.py for tasks to queue
[2026-06-07T07:23:54.194+0700] {logging_mixin.py:190} INFO - [2026-06-07T07:23:54.193+0700] {dagbag.py:587} INFO - Filling up the DagBag from /opt/airflow/dags/dag_scraping_twitter.py
[2026-06-07T07:23:54.213+0700] {processor.py:925} INFO - DAG(s) 'dag_scraping_twitter' retrieved from /opt/airflow/dags/dag_scraping_twitter.py
[2026-06-07T07:23:54.241+0700] {logging_mixin.py:190} INFO - [2026-06-07T07:23:54.241+0700] {dag.py:3211} INFO - Sync 1 DAGs
[2026-06-07T07:23:54.265+0700] {logging_mixin.py:190} INFO - [2026-06-07T07:23:54.265+0700] {dag.py:4138} INFO - Setting next_dagrun for dag_scraping_twitter to 2026-06-06 23:00:00+00:00, run_after=2026-06-07 11:00:00+00:00
[2026-06-07T07:23:54.287+0700] {processor.py:208} INFO - Processing /opt/airflow/dags/dag_scraping_twitter.py took 0.107 seconds
[2026-06-07T07:24:24.684+0700] {processor.py:186} INFO - Started process (PID=30917) to work on /opt/airflow/dags/dag_scraping_twitter.py
[2026-06-07T07:24:24.686+0700] {processor.py:914} INFO - Processing file /opt/airflow/dags/dag_scraping_twitter.py for tasks to queue
[2026-06-07T07:24:24.688+0700] {logging_mixin.py:190} INFO - [2026-06-07T07:24:24.688+0700] {dagbag.py:587} INFO - Filling up the DagBag from /opt/airflow/dags/dag_scraping_twitter.py
[2026-06-07T07:24:24.706+0700] {processor.py:925} INFO - DAG(s) 'dag_scraping_twitter' retrieved from /opt/airflow/dags/dag_scraping_twitter.py
[2026-06-07T07:24:24.732+0700] {logging_mixin.py:190} INFO - [2026-06-07T07:24:24.731+0700] {dag.py:3211} INFO - Sync 1 DAGs
[2026-06-07T07:24:24.756+0700] {logging_mixin.py:190} INFO - [2026-06-07T07:24:24.756+0700] {dag.py:4138} INFO - Setting next_dagrun for dag_scraping_twitter to 2026-06-06 23:00:00+00:00, run_after=2026-06-07 11:00:00+00:00
[2026-06-07T07:24:24.776+0700] {processor.py:208} INFO - Processing /opt/airflow/dags/dag_scraping_twitter.py took 0.099 seconds
[2026-06-07T07:24:55.093+0700] {processor.py:186} INFO - Started process (PID=30945) to work on /opt/airflow/dags/dag_scraping_twitter.py
[2026-06-07T07:24:55.094+0700] {processor.py:914} INFO - Processing file /opt/airflow/dags/dag_scraping_twitter.py for tasks to queue
[2026-06-07T07:24:55.096+0700] {logging_mixin.py:190} INFO - [2026-06-07T07:24:55.096+0700] {dagbag.py:587} INFO - Filling up the DagBag from /opt/airflow/dags/dag_scraping_twitter.py
[2026-06-07T07:24:55.115+0700] {processor.py:925} INFO - DAG(s) 'dag_scraping_twitter' retrieved from /opt/airflow/dags/dag_scraping_twitter.py
[2026-06-07T07:24:55.142+0700] {logging_mixin.py:190} INFO - [2026-06-07T07:24:55.142+0700] {dag.py:3211} INFO - Sync 1 DAGs
[2026-06-07T07:24:55.165+0700] {logging_mixin.py:190} INFO - [2026-06-07T07:24:55.165+0700] {dag.py:4138} INFO - Setting next_dagrun for dag_scraping_twitter to 2026-06-06 23:00:00+00:00, run_after=2026-06-07 11:00:00+00:00
[2026-06-07T07:24:55.188+0700] {processor.py:208} INFO - Processing /opt/airflow/dags/dag_scraping_twitter.py took 0.101 seconds
[2026-06-07T07:25:25.566+0700] {processor.py:186} INFO - Started process (PID=30973) to work on /opt/airflow/dags/dag_scraping_twitter.py
[2026-06-07T07:25:25.568+0700] {processor.py:914} INFO - Processing file /opt/airflow/dags/dag_scraping_twitter.py for tasks to queue
[2026-06-07T07:25:25.570+0700] {logging_mixin.py:190} INFO - [2026-06-07T07:25:25.570+0700] {dagbag.py:587} INFO - Filling up the DagBag from /opt/airflow/dags/dag_scraping_twitter.py
[2026-06-07T07:25:25.589+0700] {processor.py:925} INFO - DAG(s) 'dag_scraping_twitter' retrieved from /opt/airflow/dags/dag_scraping_twitter.py
[2026-06-07T07:25:25.617+0700] {logging_mixin.py:190} INFO - [2026-06-07T07:25:25.616+0700] {dag.py:3211} INFO - Sync 1 DAGs
[2026-06-07T07:25:25.645+0700] {logging_mixin.py:190} INFO - [2026-06-07T07:25:25.645+0700] {dag.py:4138} INFO - Setting next_dagrun for dag_scraping_twitter to 2026-06-06 23:00:00+00:00, run_after=2026-06-07 11:00:00+00:00
[2026-06-07T07:25:25.669+0700] {processor.py:208} INFO - Processing /opt/airflow/dags/dag_scraping_twitter.py took 0.110 seconds
[2026-06-07T07:25:56.058+0700] {processor.py:186} INFO - Started process (PID=31007) to work on /opt/airflow/dags/dag_scraping_twitter.py
[2026-06-07T07:25:56.059+0700] {processor.py:914} INFO - Processing file /opt/airflow/dags/dag_scraping_twitter.py for tasks to queue
[2026-06-07T07:25:56.061+0700] {logging_mixin.py:190} INFO - [2026-06-07T07:25:56.061+0700] {dagbag.py:587} INFO - Filling up the DagBag from /opt/airflow/dags/dag_scraping_twitter.py
[2026-06-07T07:25:56.082+0700] {processor.py:925} INFO - DAG(s) 'dag_scraping_twitter' retrieved from /opt/airflow/dags/dag_scraping_twitter.py
[2026-06-07T07:25:56.110+0700] {logging_mixin.py:190} INFO - [2026-06-07T07:25:56.110+0700] {dag.py:3211} INFO - Sync 1 DAGs
[2026-06-07T07:25:56.140+0700] {logging_mixin.py:190} INFO - [2026-06-07T07:25:56.140+0700] {dag.py:4138} INFO - Setting next_dagrun for dag_scraping_twitter to 2026-06-06 23:00:00+00:00, run_after=2026-06-07 11:00:00+00:00
[2026-06-07T07:25:56.161+0700] {processor.py:208} INFO - Processing /opt/airflow/dags/dag_scraping_twitter.py took 0.109 seconds
[2026-06-07T07:26:26.616+0700] {processor.py:186} INFO - Started process (PID=31035) to work on /opt/airflow/dags/dag_scraping_twitter.py
[2026-06-07T07:26:26.617+0700] {processor.py:914} INFO - Processing file /opt/airflow/dags/dag_scraping_twitter.py for tasks to queue
[2026-06-07T07:26:26.620+0700] {logging_mixin.py:190} INFO - [2026-06-07T07:26:26.619+0700] {dagbag.py:587} INFO - Filling up the DagBag from /opt/airflow/dags/dag_scraping_twitter.py
[2026-06-07T07:26:26.637+0700] {processor.py:925} INFO - DAG(s) 'dag_scraping_twitter' retrieved from /opt/airflow/dags/dag_scraping_twitter.py
[2026-06-07T07:26:26.661+0700] {logging_mixin.py:190} INFO - [2026-06-07T07:26:26.661+0700] {dag.py:3211} INFO - Sync 1 DAGs
[2026-06-07T07:26:26.684+0700] {logging_mixin.py:190} INFO - [2026-06-07T07:26:26.684+0700] {dag.py:4138} INFO - Setting next_dagrun for dag_scraping_twitter to 2026-06-06 23:00:00+00:00, run_after=2026-06-07 11:00:00+00:00
[2026-06-07T07:26:26.330+0700] {processor.py:208} INFO - Processing /opt/airflow/dags/dag_scraping_twitter.py took 0.098 seconds
[2026-06-07T07:26:57.333+0700] {processor.py:186} INFO - Started process (PID=31063) to work on /opt/airflow/dags/dag_scraping_twitter.py
[2026-06-07T07:26:57.334+0700] {processor.py:914} INFO - Processing file /opt/airflow/dags/dag_scraping_twitter.py for tasks to queue
[2026-06-07T07:26:57.337+0700] {logging_mixin.py:190} INFO - [2026-06-07T07:26:57.336+0700] {dagbag.py:587} INFO - Filling up the DagBag from /opt/airflow/dags/dag_scraping_twitter.py
[2026-06-07T07:26:57.359+0700] {processor.py:925} INFO - DAG(s) 'dag_scraping_twitter' retrieved from /opt/airflow/dags/dag_scraping_twitter.py
[2026-06-07T07:26:57.384+0700] {logging_mixin.py:190} INFO - [2026-06-07T07:26:57.384+0700] {dag.py:3211} INFO - Sync 1 DAGs
[2026-06-07T07:26:57.413+0700] {logging_mixin.py:190} INFO - [2026-06-07T07:26:57.412+0700] {dag.py:4138} INFO - Setting next_dagrun for dag_scraping_twitter to 2026-06-06 23:00:00+00:00, run_after=2026-06-07 11:00:00+00:00
[2026-06-07T07:26:57.436+0700] {processor.py:208} INFO - Processing /opt/airflow/dags/dag_scraping_twitter.py took 0.109 seconds
[2026-06-07T07:27:27.990+0700] {processor.py:186} INFO - Started process (PID=31091) to work on /opt/airflow/dags/dag_scraping_twitter.py
[2026-06-07T07:27:27.991+0700] {processor.py:914} INFO - Processing file /opt/airflow/dags/dag_scraping_twitter.py for tasks to queue
[2026-06-07T07:27:27.993+0700] {logging_mixin.py:190} INFO - [2026-06-07T07:27:27.993+0700] {dagbag.py:587} INFO - Filling up the DagBag from /opt/airflow/dags/dag_scraping_twitter.py
[2026-06-07T07:27:28.011+0700] {processor.py:925} INFO - DAG(s) 'dag_scraping_twitter' retrieved from /opt/airflow/dags/dag_scraping_twitter.py
[2026-06-07T07:27:28.035+0700] {logging_mixin.py:190} INFO - [2026-06-07T07:27:28.035+0700] {dag.py:3211} INFO - Sync 1 DAGs
[2026-06-07T07:27:28.058+0700] {logging_mixin.py:190} INFO - [2026-06-07T07:27:28.058+0700] {dag.py:4138} INFO - Setting next_dagrun for dag_scraping_twitter to 2026-06-06 23:00:00+00:00, run_after=2026-06-07 11:00:00+00:00
[2026-06-07T07:27:28.080+0700] {processor.py:208} INFO - Processing /opt/airflow/dags/dag_scraping_twitter.py took 0.096 seconds
[2026-06-07T07:27:58.603+0700] {processor.py:186} INFO - Started process (PID=31119) to work on /opt/airflow/dags/dag_scraping_twitter.py
[2026-06-07T07:27:58.604+0700] {processor.py:914} INFO - Processing file /opt/airflow/dags/dag_scraping_twitter.py for tasks to queue
[2026-06-07T07:27:58.607+0700] {logging_mixin.py:190} INFO - [2026-06-07T07:27:58.606+0700] {dagbag.py:587} INFO - Filling up the DagBag from /opt/airflow/dags/dag_scraping_twitter.py
[2026-06-07T07:27:58.624+0700] {processor.py:925} INFO - DAG(s) 'dag_scraping_twitter' retrieved from /opt/airflow/dags/dag_scraping_twitter.py
[2026-06-07T07:27:58.655+0700] {logging_mixin.py:190} INFO - [2026-06-07T07:27:58.654+0700] {dag.py:3211} INFO - Sync 1 DAGs
[2026-06-07T07:27:58.685+0700] {logging_mixin.py:190} INFO - [2026-06-07T07:27:58.685+0700] {dag.py:4138} INFO - Setting next_dagrun for dag_scraping_twitter to 2026-06-06 23:00:00+00:00, run_after=2026-06-07 11:00:00+00:00
[2026-06-07T07:27:58.713+0700] {processor.py:208} INFO - Processing /opt/airflow/dags/dag_scraping_twitter.py took 0.118 seconds
[2026-06-07T07:28:29.295+0700] {processor.py:186} INFO - Started process (PID=31147) to work on /opt/airflow/dags/dag_scraping_twitter.py
[2026-06-07T07:28:29.296+0700] {processor.py:914} INFO - Processing file /opt/airflow/dags/dag_scraping_twitter.py for tasks to queue
[2026-06-07T07:28:29.299+0700] {logging_mixin.py:190} INFO - [2026-06-07T07:28:29.299+0700] {dagbag.py:587} INFO - Filling up the DagBag from /opt/airflow/dags/dag_scraping_twitter.py
[2026-06-07T07:28:29.319+0700] {processor.py:925} INFO - DAG(s) 'dag_scraping_twitter' retrieved from /opt/airflow/dags/dag_scraping_twitter.py
[2026-06-07T07:28:29.345+0700] {logging_mixin.py:190} INFO - [2026-06-07T07:28:29.344+0700] {dag.py:3211} INFO - Sync 1 DAGs
[2026-06-07T07:28:29.367+0700] {logging_mixin.py:190} INFO - [2026-06-07T07:28:29.367+0700] {dag.py:4138} INFO - Setting next_dagrun for dag_scraping_twitter to 2026-06-06 23:00:00+00:00, run_after=2026-06-07 11:00:00+00:00
[2026-06-07T07:28:29.389+0700] {processor.py:208} INFO - Processing /opt/airflow/dags/dag_scraping_twitter.py took 0.102 seconds
[2026-06-07T07:28:59.707+0700] {processor.py:186} INFO - Started process (PID=31176) to work on /opt/airflow/dags/dag_scraping_twitter.py
[2026-06-07T07:28:59.708+0700] {processor.py:914} INFO - Processing file /opt/airflow/dags/dag_scraping_twitter.py for tasks to queue
[2026-06-07T07:28:59.710+0700] {logging_mixin.py:190} INFO - [2026-06-07T07:28:59.710+0700] {dagbag.py:587} INFO - Filling up the DagBag from /opt/airflow/dags/dag_scraping_twitter.py
[2026-06-07T07:28:59.729+0700] {processor.py:925} INFO - DAG(s) 'dag_scraping_twitter' retrieved from /opt/airflow/dags/dag_scraping_twitter.py
[2026-06-07T07:28:59.754+0700] {logging_mixin.py:190} INFO - [2026-06-07T07:28:59.754+0700] {dag.py:3211} INFO - Sync 1 DAGs
[2026-06-07T07:28:59.785+0700] {logging_mixin.py:190} INFO - [2026-06-07T07:28:59.785+0700] {dag.py:4138} INFO - Setting next_dagrun for dag_scraping_twitter to 2026-06-06 23:00:00+00:00, run_after=2026-06-07 11:00:00+00:00
[2026-06-07T07:28:59.807+0700] {processor.py:208} INFO - Processing /opt/airflow/dags/dag_scraping_twitter.py took 0.111 seconds
[2026-06-07T07:29:30.175+0700] {processor.py:186} INFO - Started process (PID=31204) to work on /opt/airflow/dags/dag_scraping_twitter.py
[2026-06-07T07:29:30.176+0700] {processor.py:914} INFO - Processing file /opt/airflow/dags/dag_scraping_twitter.py for tasks to queue
[2026-06-07T07:29:30.179+0700] {logging_mixin.py:190} INFO - [2026-06-07T07:29:30.179+0700] {dagbag.py:587} INFO - Filling up the DagBag from /opt/airflow/dags/dag_scraping_twitter.py
[2026-06-07T07:29:30.198+0700] {processor.py:925} INFO - DAG(s) 'dag_scraping_twitter' retrieved from /opt/airflow/dags/dag_scraping_twitter.py
[2026-06-07T07:29:30.223+0700] {logging_mixin.py:190} INFO - [2026-06-07T07:29:30.223+0700] {dag.py:3211} INFO - Sync 1 DAGs
[2026-06-07T07:29:30.249+0700] {logging_mixin.py:190} INFO - [2026-06-07T07:29:30.248+0700] {dag.py:4138} INFO - Setting next_dagrun for dag_scraping_twitter to 2026-06-06 23:00:00+00:00, run_after=2026-06-07 11:00:00+00:00
[2026-06-07T07:29:30.270+0700] {processor.py:208} INFO - Processing /opt/airflow/dags/dag_scraping_twitter.py took 0.102 seconds
[2026-06-07T07:30:00.754+0700] {processor.py:186} INFO - Started process (PID=31238) to work on /opt/airflow/dags/dag_scraping_twitter.py
[2026-06-07T07:30:00.755+0700] {processor.py:914} INFO - Processing file /opt/airflow/dags/dag_scraping_twitter.py for tasks to queue
[2026-06-07T07:30:00.759+0700] {logging_mixin.py:190} INFO - [2026-06-07T07:30:00.759+0700] {dagbag.py:587} INFO - Filling up the DagBag from /opt/airflow/dags/dag_scraping_twitter.py
[2026-06-07T07:30:00.780+0700] {processor.py:925} INFO - DAG(s) 'dag_scraping_twitter' retrieved from /opt/airflow/dags/dag_scraping_twitter.py
[2026-06-07T07:30:00.806+0700] {logging_mixin.py:190} INFO - [2026-06-07T07:30:00.805+0700] {dag.py:3211} INFO - Sync 1 DAGs
[2026-06-07T07:30:00.829+0700] {logging_mixin.py:190} INFO - [2026-06-07T07:30:00.829+0700] {dag.py:4138} INFO - Setting next_dagrun for dag_scraping_twitter to 2026-06-06 23:00:00+00:00, run_after=2026-06-07 11:00:00+00:00
[2026-06-07T07:30:00.850+0700] {processor.py:208} INFO - Processing /opt/airflow/dags/dag_scraping_twitter.py took 0.103 seconds
[2026-06-07T07:30:31.340+0700] {processor.py:186} INFO - Started process (PID=31266) to work on /opt/airflow/dags/dag_scraping_twitter.py
[2026-06-07T07:30:31.341+0700] {processor.py:914} INFO - Processing file /opt/airflow/dags/dag_scraping_twitter.py for tasks to queue
[2026-06-07T07:30:31.344+0700] {logging_mixin.py:190} INFO - [2026-06-07T07:30:31.343+0700] {dagbag.py:587} INFO - Filling up the DagBag from /opt/airflow/dags/dag_scraping_twitter.py
[2026-06-07T07:30:31.362+0700] {processor.py:925} INFO - DAG(s) 'dag_scraping_twitter' retrieved from /opt/airflow/dags/dag_scraping_twitter.py
[2026-06-07T07:30:31.387+0700] {logging_mixin.py:190} INFO - [2026-06-07T07:30:31.387+0700] {dag.py:3211} INFO - Sync 1 DAGs
[2026-06-07T07:30:31.413+0700] {logging_mixin.py:190} INFO - [2026-06-07T07:30:31.413+0700] {dag.py:4138} INFO - Setting next_dagrun for dag_scraping_twitter to 2026-06-06 23:00:00+00:00, run_after=2026-06-07 11:00:00+00:00
[2026-06-07T07:30:31.435+0700] {processor.py:208} INFO - Processing /opt/airflow/dags/dag_scraping_twitter.py took 0.102 seconds
[2026-06-07T07:31:01.772+0700] {processor.py:186} INFO - Started process (PID=31294) to work on /opt/airflow/dags/dag_scraping_twitter.py
[2026-06-07T07:31:01.773+0700] {processor.py:914} INFO - Processing file /opt/airflow/dags/dag_scraping_twitter.py for tasks to queue
[2026-06-07T07:31:01.776+0700] {logging_mixin.py:190} INFO - [2026-06-07T07:31:01.776+0700] {dagbag.py:587} INFO - Filling up the DagBag from /opt/airflow/dags/dag_scraping_twitter.py
[2026-06-07T07:31:01.794+0700] {processor.py:925} INFO - DAG(s) 'dag_scraping_twitter' retrieved from /opt/airflow/dags/dag_scraping_twitter.py
[2026-06-07T07:31:01.820+0700] {logging_mixin.py:190} INFO - [2026-06-07T07:31:01.820+0700] {dag.py:3211} INFO - Sync 1 DAGs
[2026-06-07T07:31:01.849+0700] {logging_mixin.py:190} INFO - [2026-06-07T07:31:01.849+0700] {dag.py:4138} INFO - Setting next_dagrun for dag_scraping_twitter to 2026-06-06 23:00:00+00:00, run_after=2026-06-07 11:00:00+00:00
[2026-06-07T07:31:01.872+0700] {processor.py:208} INFO - Processing /opt/airflow/dags/dag_scraping_twitter.py took 0.106 seconds
[2026-06-07T07:31:32.261+0700] {processor.py:186} INFO - Started process (PID=31322) to work on /opt/airflow/dags/dag_scraping_twitter.py
[2026-06-07T07:31:32.262+0700] {processor.py:914} INFO - Processing file /opt/airflow/dags/dag_scraping_twitter.py for tasks to queue
[2026-06-07T07:31:32.265+0700] {logging_mixin.py:190} INFO - [2026-06-07T07:31:32.264+0700] {dagbag.py:587} INFO - Filling up the DagBag from /opt/airflow/dags/dag_scraping_twitter.py
[2026-06-07T07:31:32.285+0700] {processor.py:925} INFO - DAG(s) 'dag_scraping_twitter' retrieved from /opt/airflow/dags/dag_scraping_twitter.py
[2026-06-07T07:31:32.311+0700] {logging_mixin.py:190} INFO - [2026-06-07T07:31:32.311+0700] {dag.py:3211} INFO - Sync 1 DAGs
[2026-06-07T07:31:32.334+0700] {logging_mixin.py:190} INFO - [2026-06-07T07:31:32.334+0700] {dag.py:4138} INFO - Setting next_dagrun for dag_scraping_twitter to 2026-06-06 23:00:00+00:00, run_after=2026-06-07 11:00:00+00:00
[2026-06-07T07:31:32.356+0700] {processor.py:208} INFO - Processing /opt/airflow/dags/dag_scraping_twitter.py took 0.103 seconds
[2026-06-07T07:32:02.742+0700] {processor.py:186} INFO - Started process (PID=31350) to work on /opt/airflow/dags/dag_scraping_twitter.py
[2026-06-07T07:32:02.743+0700] {processor.py:914} INFO - Processing file /opt/airflow/dags/dag_scraping_twitter.py for tasks to queue
[2026-06-07T07:32:02.746+0700] {logging_mixin.py:190} INFO - [2026-06-07T07:32:02.745+0700] {dagbag.py:587} INFO - Filling up the DagBag from /opt/airflow/dags/dag_scraping_twitter.py
[2026-06-07T07:32:02.765+0700] {processor.py:925} INFO - DAG(s) 'dag_scraping_twitter' retrieved from /opt/airflow/dags/dag_scraping_twitter.py
[2026-06-07T07:32:02.791+0700] {logging_mixin.py:190} INFO - [2026-06-07T07:32:02.791+0700] {dag.py:3211} INFO - Sync 1 DAGs
[2026-06-07T07:32:02.815+0700] {logging_mixin.py:190} INFO - [2026-06-07T07:32:02.814+0700] {dag.py:4138} INFO - Setting next_dagrun for dag_scraping_twitter to 2026-06-06 23:00:00+00:00, run_after=2026-06-07 11:00:00+00:00
[2026-06-07T07:32:02.836+0700] {processor.py:208} INFO - Processing /opt/airflow/dags/dag_scraping_twitter.py took 0.102 seconds
[2026-06-07T07:32:33.288+0700] {processor.py:186} INFO - Started process (PID=31378) to work on /opt/airflow/dags/dag_scraping_twitter.py
[2026-06-07T07:32:33.290+0700] {processor.py:914} INFO - Processing file /opt/airflow/dags/dag_scraping_twitter.py for tasks to queue
[2026-06-07T07:32:33.292+0700] {logging_mixin.py:190} INFO - [2026-06-07T07:32:33.292+0700] {dagbag.py:587} INFO - Filling up the DagBag from /opt/airflow/dags/dag_scraping_twitter.py
[2026-06-07T07:32:33.311+0700] {processor.py:925} INFO - DAG(s) 'dag_scraping_twitter' retrieved from /opt/airflow/dags/dag_scraping_twitter.py
[2026-06-07T07:32:33.336+0700] {logging_mixin.py:190} INFO - [2026-06-07T07:32:33.336+0700] {dag.py:3211} INFO - Sync 1 DAGs
[2026-06-07T07:32:33.360+0700] {logging_mixin.py:190} INFO - [2026-06-07T07:32:33.360+0700] {dag.py:4138} INFO - Setting next_dagrun for dag_scraping_twitter to 2026-06-06 23:00:00+00:00, run_after=2026-06-07 11:00:00+00:00
[2026-06-07T07:32:33.382+0700] {processor.py:208} INFO - Processing /opt/airflow/dags/dag_scraping_twitter.py took 0.101 seconds
[2026-06-07T07:33:03.783+0700] {processor.py:186} INFO - Started process (PID=31406) to work on /opt/airflow/dags/dag_scraping_twitter.py
[2026-06-07T07:33:03.784+0700] {processor.py:914} INFO - Processing file /opt/airflow/dags/dag_scraping_twitter.py for tasks to queue
[2026-06-07T07:33:03.787+0700] {logging_mixin.py:190} INFO - [2026-06-07T07:33:03.787+0700] {dagbag.py:587} INFO - Filling up the DagBag from /opt/airflow/dags/dag_scraping_twitter.py
[2026-06-07T07:33:03.812+0700] {processor.py:925} INFO - DAG(s) 'dag_scraping_twitter' retrieved from /opt/airflow/dags/dag_scraping_twitter.py
[2026-06-07T07:33:03.845+0700] {logging_mixin.py:190} INFO - [2026-06-07T07:33:03.845+0700] {dag.py:3211} INFO - Sync 1 DAGs
[2026-06-07T07:33:03.877+0700] {logging_mixin.py:190} INFO - [2026-06-07T07:33:03.877+0700] {dag.py:4138} INFO - Setting next_dagrun for dag_scraping_twitter to 2026-06-06 23:00:00+00:00, run_after=2026-06-07 11:00:00+00:00
[2026-06-07T07:33:03.899+0700] {processor.py:208} INFO - Processing /opt/airflow/dags/dag_scraping_twitter.py took 0.129 seconds
[2026-06-07T07:33:34.311+0700] {processor.py:186} INFO - Started process (PID=31434) to work on /opt/airflow/dags/dag_scraping_twitter.py
[2026-06-07T07:33:34.312+0700] {processor.py:914} INFO - Processing file /opt/airflow/dags/dag_scraping_twitter.py for tasks to queue
[2026-06-07T07:33:34.318+0700] {logging_mixin.py:190} INFO - [2026-06-07T07:33:34.318+0700] {dagbag.py:587} INFO - Filling up the DagBag from /opt/airflow/dags/dag_scraping_twitter.py
[2026-06-07T07:33:34.337+0700] {processor.py:925} INFO - DAG(s) 'dag_scraping_twitter' retrieved from /opt/airflow/dags/dag_scraping_twitter.py
[2026-06-07T07:33:34.363+0700] {logging_mixin.py:190} INFO - [2026-06-07T07:33:34.363+0700] {dag.py:3211} INFO - Sync 1 DAGs
[2026-06-07T07:33:34.386+0700] {logging_mixin.py:190} INFO - [2026-06-07T07:33:34.386+0700] {dag.py:4138} INFO - Setting next_dagrun for dag_scraping_twitter to 2026-06-06 23:00:00+00:00, run_after=2026-06-07 11:00:00+00:00
[2026-06-07T07:33:34.407+0700] {processor.py:208} INFO - Processing /opt/airflow/dags/dag_scraping_twitter.py took 0.104 seconds
[2026-06-07T07:34:05.307+0700] {processor.py:186} INFO - Started process (PID=31468) to work on /opt/airflow/dags/dag_scraping_twitter.py
[2026-06-07T07:34:05.308+0700] {processor.py:914} INFO - Processing file /opt/airflow/dags/dag_scraping_twitter.py for tasks to queue
[2026-06-07T07:34:05.311+0700] {logging_mixin.py:190} INFO - [2026-06-07T07:34:05.310+0700] {dagbag.py:587} INFO - Filling up the DagBag from /opt/airflow/dags/dag_scraping_twitter.py
[2026-06-07T07:34:05.329+0700] {processor.py:925} INFO - DAG(s) 'dag_scraping_twitter' retrieved from /opt/airflow/dags/dag_scraping_twitter.py
[2026-06-07T07:34:05.353+0700] {logging_mixin.py:190} INFO - [2026-06-07T07:34:05.353+0700] {dag.py:3211} INFO - Sync 1 DAGs
[2026-06-07T07:34:05.377+0700] {logging_mixin.py:190} INFO - [2026-06-07T07:34:05.376+0700] {dag.py:4138} INFO - Setting next_dagrun for dag_scraping_twitter to 2026-06-06 23:00:00+00:00, run_after=2026-06-07 11:00:00+00:00
[2026-06-07T07:34:05.400+0700] {processor.py:208} INFO - Processing /opt/airflow/dags/dag_scraping_twitter.py took 0.099 seconds
[2026-06-07T07:34:35.800+0700] {processor.py:186} INFO - Started process (PID=31496) to work on /opt/airflow/dags/dag_scraping_twitter.py
[2026-06-07T07:34:35.801+0700] {processor.py:914} INFO - Processing file /opt/airflow/dags/dag_scraping_twitter.py for tasks to queue
[2026-06-07T07:34:35.803+0700] {logging_mixin.py:190} INFO - [2026-06-07T07:34:35.803+0700] {dagbag.py:587} INFO - Filling up the DagBag from /opt/airflow/dags/dag_scraping_twitter.py
[2026-06-07T07:34:35.821+0700] {processor.py:925} INFO - DAG(s) 'dag_scraping_twitter' retrieved from /opt/airflow/dags/dag_scraping_twitter.py
[2026-06-07T07:34:35.846+0700] {logging_mixin.py:190} INFO - [2026-06-07T07:34:35.846+0700] {dag.py:3211} INFO - Sync 1 DAGs
[2026-06-07T07:34:35.870+0700] {logging_mixin.py:190} INFO - [2026-06-07T07:34:35.870+0700] {dag.py:4138} INFO - Setting next_dagrun for dag_scraping_twitter to 2026-06-06 23:00:00+00:00, run_after=2026-06-07 11:00:00+00:00
[2026-06-07T07:34:35.895+0700] {processor.py:208} INFO - Processing /opt/airflow/dags/dag_scraping_twitter.py took 0.102 seconds
[2026-06-07T07:35:06.408+0700] {processor.py:186} INFO - Started process (PID=31524) to work on /opt/airflow/dags/dag_scraping_twitter.py
[2026-06-07T07:35:06.410+0700] {processor.py:914} INFO - Processing file /opt/airflow/dags/dag_scraping_twitter.py for tasks to queue
[2026-06-07T07:35:06.413+0700] {logging_mixin.py:190} INFO - [2026-06-07T07:35:06.413+0700] {dagbag.py:587} INFO - Filling up the DagBag from /opt/airflow/dags/dag_scraping_twitter.py
[2026-06-07T07:35:06.431+0700] {processor.py:925} INFO - DAG(s) 'dag_scraping_twitter' retrieved from /opt/airflow/dags/dag_scraping_twitter.py
[2026-06-07T07:35:06.457+0700] {logging_mixin.py:190} INFO - [2026-06-07T07:35:06.457+0700] {dag.py:3211} INFO - Sync 1 DAGs
[2026-06-07T07:35:06.481+0700] {logging_mixin.py:190} INFO - [2026-06-07T07:35:06.481+0700] {dag.py:4138} INFO - Setting next_dagrun for dag_scraping_twitter to 2026-06-06 23:00:00+00:00, run_after=2026-06-07 11:00:00+00:00
[2026-06-07T07:35:06.503+0700] {processor.py:208} INFO - Processing /opt/airflow/dags/dag_scraping_twitter.py took 0.102 seconds
[2026-06-07T07:35:36.893+0700] {processor.py:186} INFO - Started process (PID=31552) to work on /opt/airflow/dags/dag_scraping_twitter.py
[2026-06-07T07:35:36.894+0700] {processor.py:914} INFO - Processing file /opt/airflow/dags/dag_scraping_twitter.py for tasks to queue
[2026-06-07T07:35:36.896+0700] {logging_mixin.py:190} INFO - [2026-06-07T07:35:36.896+0700] {dagbag.py:587} INFO - Filling up the DagBag from /opt/airflow/dags/dag_scraping_twitter.py
[2026-06-07T07:35:36.914+0700] {processor.py:925} INFO - DAG(s) 'dag_scraping_twitter' retrieved from /opt/airflow/dags/dag_scraping_twitter.py
[2026-06-07T07:35:36.940+0700] {logging_mixin.py:190} INFO - [2026-06-07T07:35:36.939+0700] {dag.py:3211} INFO - Sync 1 DAGs
[2026-06-07T07:35:36.964+0700] {logging_mixin.py:190} INFO - [2026-06-07T07:35:36.963+0700] {dag.py:4138} INFO - Setting next_dagrun for dag_scraping_twitter to 2026-06-06 23:00:00+00:00, run_after=2026-06-07 11:00:00+00:00
[2026-06-07T07:35:36.988+0700] {processor.py:208} INFO - Processing /opt/airflow/dags/dag_scraping_twitter.py took 0.102 seconds
[2026-06-07T07:36:07.394+0700] {processor.py:186} INFO - Started process (PID=31580) to work on /opt/airflow/dags/dag_scraping_twitter.py
[2026-06-07T07:36:07.395+0700] {processor.py:914} INFO - Processing file /opt/airflow/dags/dag_scraping_twitter.py for tasks to queue
[2026-06-07T07:36:07.397+0700] {logging_mixin.py:190} INFO - [2026-06-07T07:36:07.397+0700] {dagbag.py:587} INFO - Filling up the DagBag from /opt/airflow/dags/dag_scraping_twitter.py
[2026-06-07T07:36:07.416+0700] {processor.py:925} INFO - DAG(s) 'dag_scraping_twitter' retrieved from /opt/airflow/dags/dag_scraping_twitter.py
[2026-06-07T07:36:07.442+0700] {logging_mixin.py:190} INFO - [2026-06-07T07:36:07.442+0700] {dag.py:3211} INFO - Sync 1 DAGs
[2026-06-07T07:36:07.472+0700] {logging_mixin.py:190} INFO - [2026-06-07T07:36:07.472+0700] {dag.py:4138} INFO - Setting next_dagrun for dag_scraping_twitter to 2026-06-06 23:00:00+00:00, run_after=2026-06-07 11:00:00+00:00
[2026-06-07T07:36:07.498+0700] {processor.py:208} INFO - Processing /opt/airflow/dags/dag_scraping_twitter.py took 0.111 seconds
[2026-06-07T07:36:37.870+0700] {processor.py:186} INFO - Started process (PID=31608) to work on /opt/airflow/dags/dag_scraping_twitter.py
[2026-06-07T07:36:37.872+0700] {processor.py:914} INFO - Processing file /opt/airflow/dags/dag_scraping_twitter.py for tasks to queue
[2026-06-07T07:36:37.874+0700] {logging_mixin.py:190} INFO - [2026-06-07T07:36:37.874+0700] {dagbag.py:587} INFO - Filling up the DagBag from /opt/airflow/dags/dag_scraping_twitter.py
[2026-06-07T07:36:37.895+0700] {processor.py:925} INFO - DAG(s) 'dag_scraping_twitter' retrieved from /opt/airflow/dags/dag_scraping_twitter.py
[2026-06-07T07:36:37.923+0700] {logging_mixin.py:190} INFO - [2026-06-07T07:36:37.923+0700] {dag.py:3211} INFO - Sync 1 DAGs
[2026-06-07T07:36:37.955+0700] {logging_mixin.py:190} INFO - [2026-06-07T07:36:37.954+0700] {dag.py:4138} INFO - Setting next_dagrun for dag_scraping_twitter to 2026-06-06 23:00:00+00:00, run_after=2026-06-07 11:00:00+00:00
[2026-06-07T07:36:37.978+0700] {processor.py:208} INFO - Processing /opt/airflow/dags/dag_scraping_twitter.py took 0.116 seconds
[2026-06-07T07:37:08.476+0700] {processor.py:186} INFO - Started process (PID=31637) to work on /opt/airflow/dags/dag_scraping_twitter.py
[2026-06-07T07:37:08.477+0700] {processor.py:914} INFO - Processing file /opt/airflow/dags/dag_scraping_twitter.py for tasks to queue
[2026-06-07T07:37:08.480+0700] {logging_mixin.py:190} INFO - [2026-06-07T07:37:08.479+0700] {dagbag.py:587} INFO - Filling up the DagBag from /opt/airflow/dags/dag_scraping_twitter.py
[2026-06-07T07:37:08.498+0700] {processor.py:925} INFO - DAG(s) 'dag_scraping_twitter' retrieved from /opt/airflow/dags/dag_scraping_twitter.py
[2026-06-07T07:37:08.524+0700] {logging_mixin.py:190} INFO - [2026-06-07T07:37:08.524+0700] {dag.py:3211} INFO - Sync 1 DAGs
[2026-06-07T07:37:08.550+0700] {logging_mixin.py:190} INFO - [2026-06-07T07:37:08.550+0700] {dag.py:4138} INFO - Setting next_dagrun for dag_scraping_twitter to 2026-06-06 23:00:00+00:00, run_after=2026-06-07 11:00:00+00:00
[2026-06-07T07:37:08.575+0700] {processor.py:208} INFO - Processing /opt/airflow/dags/dag_scraping_twitter.py took 0.104 seconds
[2026-06-07T07:37:38.974+0700] {processor.py:186} INFO - Started process (PID=31665) to work on /opt/airflow/dags/dag_scraping_twitter.py
[2026-06-07T07:37:38.976+0700] {processor.py:914} INFO - Processing file /opt/airflow/dags/dag_scraping_twitter.py for tasks to queue
[2026-06-07T07:37:38.979+0700] {logging_mixin.py:190} INFO - [2026-06-07T07:37:38.978+0700] {dagbag.py:587} INFO - Filling up the DagBag from /opt/airflow/dags/dag_scraping_twitter.py
[2026-06-07T07:37:38.998+0700] {processor.py:925} INFO - DAG(s) 'dag_scraping_twitter' retrieved from /opt/airflow/dags/dag_scraping_twitter.py
[2026-06-07T07:37:39.025+0700] {logging_mixin.py:190} INFO - [2026-06-07T07:37:39.025+0700] {dag.py:3211} INFO - Sync 1 DAGs
[2026-06-07T07:37:39.050+0700] {logging_mixin.py:190} INFO - [2026-06-07T07:37:39.050+0700] {dag.py:4138} INFO - Setting next_dagrun for dag_scraping_twitter to 2026-06-06 23:00:00+00:00, run_after=2026-06-07 11:00:00+00:00
[2026-06-07T07:37:39.071+0700] {processor.py:208} INFO - Processing /opt/airflow/dags/dag_scraping_twitter.py took 0.104 seconds
[2026-06-07T07:38:09.713+0700] {processor.py:186} INFO - Started process (PID=31699) to work on /opt/airflow/dags/dag_scraping_twitter.py
[2026-06-07T07:38:09.715+0700] {processor.py:914} INFO - Processing file /opt/airflow/dags/dag_scraping_twitter.py for tasks to queue
[2026-06-07T07:38:09.718+0700] {logging_mixin.py:190} INFO - [2026-06-07T07:38:09.717+0700] {dagbag.py:587} INFO - Filling up the DagBag from /opt/airflow/dags/dag_scraping_twitter.py
[2026-06-07T07:38:09.739+0700] {processor.py:925} INFO - DAG(s) 'dag_scraping_twitter' retrieved from /opt/airflow/dags/dag_scraping_twitter.py
[2026-06-07T07:38:09.766+0700] {logging_mixin.py:190} INFO - [2026-06-07T07:38:09.765+0700] {dag.py:3211} INFO - Sync 1 DAGs
[2026-06-07T07:38:09.789+0700] {logging_mixin.py:190} INFO - [2026-06-07T07:38:09.789+0700] {dag.py:4138} INFO - Setting next_dagrun for dag_scraping_twitter to 2026-06-06 23:00:00+00:00, run_after=2026-06-07 11:00:00+00:00
[2026-06-07T07:38:09.813+0700] {processor.py:208} INFO - Processing /opt/airflow/dags/dag_scraping_twitter.py took 0.114 seconds
[2026-06-07T07:38:40.254+0700] {processor.py:186} INFO - Started process (PID=31728) to work on /opt/airflow/dags/dag_scraping_twitter.py
[2026-06-07T07:38:40.255+0700] {processor.py:914} INFO - Processing file /opt/airflow/dags/dag_scraping_twitter.py for tasks to queue
[2026-06-07T07:38:40.258+0700] {logging_mixin.py:190} INFO - [2026-06-07T07:38:40.258+0700] {dagbag.py:587} INFO - Filling up the DagBag from /opt/airflow/dags/dag_scraping_twitter.py
[2026-06-07T07:38:40.282+0700] {processor.py:925} INFO - DAG(s) 'dag_scraping_twitter' retrieved from /opt/airflow/dags/dag_scraping_twitter.py
[2026-06-07T07:38:40.313+0700] {logging_mixin.py:190} INFO - [2026-06-07T07:38:40.312+0700] {dag.py:3211} INFO - Sync 1 DAGs
[2026-06-07T07:38:40.341+0700] {logging_mixin.py:190} INFO - [2026-06-07T07:38:40.341+0700] {dag.py:4138} INFO - Setting next_dagrun for dag_scraping_twitter to 2026-06-06 23:00:00+00:00, run_after=2026-06-07 11:00:00+00:00
[2026-06-07T07:38:40.364+0700] {processor.py:208} INFO - Processing /opt/airflow/dags/dag_scraping_twitter.py took 0.119 seconds
[2026-06-07T07:39:10.681+0700] {processor.py:186} INFO - Started process (PID=31756) to work on /opt/airflow/dags/dag_scraping_twitter.py
[2026-06-07T07:39:10.682+0700] {processor.py:914} INFO - Processing file /opt/airflow/dags/dag_scraping_twitter.py for tasks to queue
[2026-06-07T07:39:10.684+0700] {logging_mixin.py:190} INFO - [2026-06-07T07:39:10.684+0700] {dagbag.py:587} INFO - Filling up the DagBag from /opt/airflow/dags/dag_scraping_twitter.py
[2026-06-07T07:39:10.703+0700] {processor.py:925} INFO - DAG(s) 'dag_scraping_twitter' retrieved from /opt/airflow/dags/dag_scraping_twitter.py
[2026-06-07T07:39:10.731+0700] {logging_mixin.py:190} INFO - [2026-06-07T07:39:10.731+0700] {dag.py:3211} INFO - Sync 1 DAGs
[2026-06-07T07:39:10.753+0700] {logging_mixin.py:190} INFO - [2026-06-07T07:39:10.753+0700] {dag.py:4138} INFO - Setting next_dagrun for dag_scraping_twitter to 2026-06-06 23:00:00+00:00, run_after=2026-06-07 11:00:00+00:00
[2026-06-07T07:39:10.777+0700] {processor.py:208} INFO - Processing /opt/airflow/dags/dag_scraping_twitter.py took 0.102 seconds
[2026-06-07T07:39:41.340+0700] {processor.py:186} INFO - Started process (PID=31784) to work on /opt/airflow/dags/dag_scraping_twitter.py
[2026-06-07T07:39:41.341+0700] {processor.py:914} INFO - Processing file /opt/airflow/dags/dag_scraping_twitter.py for tasks to queue
[2026-06-07T07:39:41.344+0700] {logging_mixin.py:190} INFO - [2026-06-07T07:39:41.344+0700] {dagbag.py:587} INFO - Filling up the DagBag from /opt/airflow/dags/dag_scraping_twitter.py
[2026-06-07T07:39:41.361+0700] {processor.py:925} INFO - DAG(s) 'dag_scraping_twitter' retrieved from /opt/airflow/dags/dag_scraping_twitter.py
[2026-06-07T07:39:41.386+0700] {logging_mixin.py:190} INFO - [2026-06-07T07:39:41.386+0700] {dag.py:3211} INFO - Sync 1 DAGs
[2026-06-07T07:39:41.411+0700] {logging_mixin.py:190} INFO - [2026-06-07T07:39:41.411+0700] {dag.py:4138} INFO - Setting next_dagrun for dag_scraping_twitter to 2026-06-06 23:00:00+00:00, run_after=2026-06-07 11:00:00+00:00
[2026-06-07T07:39:41.432+0700] {processor.py:208} INFO - Processing /opt/airflow/dags/dag_scraping_twitter.py took 0.098 seconds
[2026-06-07T07:40:11.882+0700] {processor.py:186} INFO - Started process (PID=31813) to work on /opt/airflow/dags/dag_scraping_twitter.py
[2026-06-07T07:40:11.883+0700] {processor.py:914} INFO - Processing file /opt/airflow/dags/dag_scraping_twitter.py for tasks to queue
[2026-06-07T07:40:11.886+0700] {logging_mixin.py:190} INFO - [2026-06-07T07:40:11.886+0700] {dagbag.py:587} INFO - Filling up the DagBag from /opt/airflow/dags/dag_scraping_twitter.py
[2026-06-07T07:40:11.904+0700] {processor.py:925} INFO - DAG(s) 'dag_scraping_twitter' retrieved from /opt/airflow/dags/dag_scraping_twitter.py
[2026-06-07T07:40:11.930+0700] {logging_mixin.py:190} INFO - [2026-06-07T07:40:11.930+0700] {dag.py:3211} INFO - Sync 1 DAGs
[2026-06-07T07:40:11.958+0700] {logging_mixin.py:190} INFO - [2026-06-07T07:40:11.958+0700] {dag.py:4138} INFO - Setting next_dagrun for dag_scraping_twitter to 2026-06-06 23:00:00+00:00, run_after=2026-06-07 11:00:00+00:00
[2026-06-07T07:40:11.980+0700] {processor.py:208} INFO - Processing /opt/airflow/dags/dag_scraping_twitter.py took 0.104 seconds
[2026-06-07T07:40:42.482+0700] {processor.py:186} INFO - Started process (PID=31841) to work on /opt/airflow/dags/dag_scraping_twitter.py
[2026-06-07T07:40:42.483+0700] {processor.py:914} INFO - Processing file /opt/airflow/dags/dag_scraping_twitter.py for tasks to queue
[2026-06-07T07:40:42.485+0700] {logging_mixin.py:190} INFO - [2026-06-07T07:40:42.485+0700] {dagbag.py:587} INFO - Filling up the DagBag from /opt/airflow/dags/dag_scraping_twitter.py
[2026-06-07T07:40:42.507+0700] {processor.py:925} INFO - DAG(s) 'dag_scraping_twitter' retrieved from /opt/airflow/dags/dag_scraping_twitter.py
[2026-06-07T07:40:42.534+0700] {logging_mixin.py:190} INFO - [2026-06-07T07:40:42.534+0700] {dag.py:3211} INFO - Sync 1 DAGs
[2026-06-07T07:40:42.555+0700] {logging_mixin.py:190} INFO - [2026-06-07T07:40:42.555+0700] {dag.py:4138} INFO - Setting next_dagrun for dag_scraping_twitter to 2026-06-06 23:00:00+00:00, run_after=2026-06-07 11:00:00+00:00
[2026-06-07T07:40:42.575+0700] {processor.py:208} INFO - Processing /opt/airflow/dags/dag_scraping_twitter.py took 0.099 seconds
[2026-06-07T07:41:12.983+0700] {processor.py:186} INFO - Started process (PID=31869) to work on /opt/airflow/dags/dag_scraping_twitter.py
[2026-06-07T07:41:12.984+0700] {processor.py:914} INFO - Processing file /opt/airflow/dags/dag_scraping_twitter.py for tasks to queue
[2026-06-07T07:41:12.986+0700] {logging_mixin.py:190} INFO - [2026-06-07T07:41:12.986+0700] {dagbag.py:587} INFO - Filling up the DagBag from /opt/airflow/dags/dag_scraping_twitter.py
[2026-06-07T07:41:13.004+0700] {processor.py:925} INFO - DAG(s) 'dag_scraping_twitter' retrieved from /opt/airflow/dags/dag_scraping_twitter.py
[2026-06-07T07:41:13.030+0700] {logging_mixin.py:190} INFO - [2026-06-07T07:41:13.029+0700] {dag.py:3211} INFO - Sync 1 DAGs
[2026-06-07T07:41:13.053+0700] {logging_mixin.py:190} INFO - [2026-06-07T07:41:13.052+0700] {dag.py:4138} INFO - Setting next_dagrun for dag_scraping_twitter to 2026-06-06 23:00:00+00:00, run_after=2026-06-07 11:00:00+00:00
[2026-06-07T07:41:13.075+0700] {processor.py:208} INFO - Processing /opt/airflow/dags/dag_scraping_twitter.py took 0.099 seconds
[2026-06-07T07:41:43.569+0700] {processor.py:186} INFO - Started process (PID=31897) to work on /opt/airflow/dags/dag_scraping_twitter.py
[2026-06-07T07:41:43.570+0700] {processor.py:914} INFO - Processing file /opt/airflow/dags/dag_scraping_twitter.py for tasks to queue
[2026-06-07T07:41:43.572+0700] {logging_mixin.py:190} INFO - [2026-06-07T07:41:43.571+0700] {dagbag.py:587} INFO - Filling up the DagBag from /opt/airflow/dags/dag_scraping_twitter.py
[2026-06-07T07:41:43.590+0700] {processor.py:925} INFO - DAG(s) 'dag_scraping_twitter' retrieved from /opt/airflow/dags/dag_scraping_twitter.py
[2026-06-07T07:41:43.617+0700] {logging_mixin.py:190} INFO - [2026-06-07T07:41:43.617+0700] {dag.py:3211} INFO - Sync 1 DAGs
[2026-06-07T07:41:43.643+0700] {logging_mixin.py:190} INFO - [2026-06-07T07:41:43.643+0700] {dag.py:4138} INFO - Setting next_dagrun for dag_scraping_twitter to 2026-06-06 23:00:00+00:00, run_after=2026-06-07 11:00:00+00:00
[2026-06-07T07:41:43.665+0700] {processor.py:208} INFO - Processing /opt/airflow/dags/dag_scraping_twitter.py took 0.103 seconds
[2026-06-07T07:42:14.009+0700] {processor.py:186} INFO - Started process (PID=31931) to work on /opt/airflow/dags/dag_scraping_twitter.py
[2026-06-07T07:42:14.010+0700] {processor.py:914} INFO - Processing file /opt/airflow/dags/dag_scraping_twitter.py for tasks to queue
[2026-06-07T07:42:14.013+0700] {logging_mixin.py:190} INFO - [2026-06-07T07:42:14.013+0700] {dagbag.py:587} INFO - Filling up the DagBag from /opt/airflow/dags/dag_scraping_twitter.py
[2026-06-07T07:42:14.036+0700] {processor.py:925} INFO - DAG(s) 'dag_scraping_twitter' retrieved from /opt/airflow/dags/dag_scraping_twitter.py
[2026-06-07T07:42:14.061+0700] {logging_mixin.py:190} INFO - [2026-06-07T07:42:14.061+0700] {dag.py:3211} INFO - Sync 1 DAGs
[2026-06-07T07:42:14.088+0700] {logging_mixin.py:190} INFO - [2026-06-07T07:42:14.088+0700] {dag.py:4138} INFO - Setting next_dagrun for dag_scraping_twitter to 2026-06-06 23:00:00+00:00, run_after=2026-06-07 11:00:00+00:00
[2026-06-07T07:42:14.110+0700] {processor.py:208} INFO - Processing /opt/airflow/dags/dag_scraping_twitter.py took 0.108 seconds
[2026-06-07T07:42:44.599+0700] {processor.py:186} INFO - Started process (PID=31959) to work on /opt/airflow/dags/dag_scraping_twitter.py
[2026-06-07T07:42:44.600+0700] {processor.py:914} INFO - Processing file /opt/airflow/dags/dag_scraping_twitter.py for tasks to queue
[2026-06-07T07:42:44.604+0700] {logging_mixin.py:190} INFO - [2026-06-07T07:42:44.603+0700] {dagbag.py:587} INFO - Filling up the DagBag from /opt/airflow/dags/dag_scraping_twitter.py
[2026-06-07T07:42:44.623+0700] {processor.py:925} INFO - DAG(s) 'dag_scraping_twitter' retrieved from /opt/airflow/dags/dag_scraping_twitter.py
[2026-06-07T07:42:44.650+0700] {logging_mixin.py:190} INFO - [2026-06-07T07:42:44.649+0700] {dag.py:3211} INFO - Sync 1 DAGs
[2026-06-07T07:42:44.673+0700] {logging_mixin.py:190} INFO - [2026-06-07T07:42:44.673+0700] {dag.py:4138} INFO - Setting next_dagrun for dag_scraping_twitter to 2026-06-06 23:00:00+00:00, run_after=2026-06-07 11:00:00+00:00
[2026-06-07T07:42:44.693+0700] {processor.py:208} INFO - Processing /opt/airflow/dags/dag_scraping_twitter.py took 0.102 seconds
[2026-06-07T07:43:15.072+0700] {processor.py:186} INFO - Started process (PID=31987) to work on /opt/airflow/dags/dag_scraping_twitter.py
[2026-06-07T07:43:15.073+0700] {processor.py:914} INFO - Processing file /opt/airflow/dags/dag_scraping_twitter.py for tasks to queue
[2026-06-07T07:43:15.076+0700] {logging_mixin.py:190} INFO - [2026-06-07T07:43:15.076+0700] {dagbag.py:587} INFO - Filling up the DagBag from /opt/airflow/dags/dag_scraping_twitter.py
[2026-06-07T07:43:15.094+0700] {processor.py:925} INFO - DAG(s) 'dag_scraping_twitter' retrieved from /opt/airflow/dags/dag_scraping_twitter.py
[2026-06-07T07:43:15.120+0700] {logging_mixin.py:190} INFO - [2026-06-07T07:43:15.119+0700] {dag.py:3211} INFO - Sync 1 DAGs
[2026-06-07T07:43:15.144+0700] {logging_mixin.py:190} INFO - [2026-06-07T07:43:15.144+0700] {dag.py:4138} INFO - Setting next_dagrun for dag_scraping_twitter to 2026-06-06 23:00:00+00:00, run_after=2026-06-07 11:00:00+00:00
[2026-06-07T07:43:15.165+0700] {processor.py:208} INFO - Processing /opt/airflow/dags/dag_scraping_twitter.py took 0.099 seconds
[2026-06-07T07:43:45.512+0700] {processor.py:186} INFO - Started process (PID=32015) to work on /opt/airflow/dags/dag_scraping_twitter.py
[2026-06-07T07:43:45.513+0700] {processor.py:914} INFO - Processing file /opt/airflow/dags/dag_scraping_twitter.py for tasks to queue
[2026-06-07T07:43:45.515+0700] {logging_mixin.py:190} INFO - [2026-06-07T07:43:45.515+0700] {dagbag.py:587} INFO - Filling up the DagBag from /opt/airflow/dags/dag_scraping_twitter.py
[2026-06-07T07:43:45.536+0700] {processor.py:925} INFO - DAG(s) 'dag_scraping_twitter' retrieved from /opt/airflow/dags/dag_scraping_twitter.py
[2026-06-07T07:43:45.563+0700] {logging_mixin.py:190} INFO - [2026-06-07T07:43:45.562+0700] {dag.py:3211} INFO - Sync 1 DAGs
[2026-06-07T07:43:45.587+0700] {logging_mixin.py:190} INFO - [2026-06-07T07:43:45.587+0700] {dag.py:4138} INFO - Setting next_dagrun for dag_scraping_twitter to 2026-06-06 23:00:00+00:00, run_after=2026-06-07 11:00:00+00:00
[2026-06-07T07:43:45.608+0700] {processor.py:208} INFO - Processing /opt/airflow/dags/dag_scraping_twitter.py took 0.102 seconds
[2026-06-07T07:44:16.049+0700] {processor.py:186} INFO - Started process (PID=32043) to work on /opt/airflow/dags/dag_scraping_twitter.py
[2026-06-07T07:44:16.050+0700] {processor.py:914} INFO - Processing file /opt/airflow/dags/dag_scraping_twitter.py for tasks to queue
[2026-06-07T07:44:16.053+0700] {logging_mixin.py:190} INFO - [2026-06-07T07:44:16.053+0700] {dagbag.py:587} INFO - Filling up the DagBag from /opt/airflow/dags/dag_scraping_twitter.py
[2026-06-07T07:44:16.073+0700] {processor.py:925} INFO - DAG(s) 'dag_scraping_twitter' retrieved from /opt/airflow/dags/dag_scraping_twitter.py
[2026-06-07T07:44:16.098+0700] {logging_mixin.py:190} INFO - [2026-06-07T07:44:16.098+0700] {dag.py:3211} INFO - Sync 1 DAGs
[2026-06-07T07:44:16.129+0700] {logging_mixin.py:190} INFO - [2026-06-07T07:44:16.128+0700] {dag.py:4138} INFO - Setting next_dagrun for dag_scraping_twitter to 2026-06-06 23:00:00+00:00, run_after=2026-06-07 11:00:00+00:00
[2026-06-07T07:44:16.149+0700] {processor.py:208} INFO - Processing /opt/airflow/dags/dag_scraping_twitter.py took 0.106 seconds
[2026-06-07T07:44:46.519+0700] {processor.py:186} INFO - Started process (PID=32071) to work on /opt/airflow/dags/dag_scraping_twitter.py
[2026-06-07T07:44:46.521+0700] {processor.py:914} INFO - Processing file /opt/airflow/dags/dag_scraping_twitter.py for tasks to queue
[2026-06-07T07:44:46.524+0700] {logging_mixin.py:190} INFO - [2026-06-07T07:44:46.523+0700] {dagbag.py:587} INFO - Filling up the DagBag from /opt/airflow/dags/dag_scraping_twitter.py
[2026-06-07T07:44:46.544+0700] {processor.py:925} INFO - DAG(s) 'dag_scraping_twitter' retrieved from /opt/airflow/dags/dag_scraping_twitter.py
[2026-06-07T07:44:46.569+0700] {logging_mixin.py:190} INFO - [2026-06-07T07:44:46.568+0700] {dag.py:3211} INFO - Sync 1 DAGs
[2026-06-07T07:44:46.591+0700] {logging_mixin.py:190} INFO - [2026-06-07T07:44:46.591+0700] {dag.py:4138} INFO - Setting next_dagrun for dag_scraping_twitter to 2026-06-06 23:00:00+00:00, run_after=2026-06-07 11:00:00+00:00
[2026-06-07T07:44:46.611+0700] {processor.py:208} INFO - Processing /opt/airflow/dags/dag_scraping_twitter.py took 0.099 seconds
[2026-06-07T07:45:17.312+0700] {processor.py:186} INFO - Started process (PID=32100) to work on /opt/airflow/dags/dag_scraping_twitter.py
[2026-06-07T07:45:17.313+0700] {processor.py:914} INFO - Processing file /opt/airflow/dags/dag_scraping_twitter.py for tasks to queue
[2026-06-07T07:45:17.316+0700] {logging_mixin.py:190} INFO - [2026-06-07T07:45:17.315+0700] {dagbag.py:587} INFO - Filling up the DagBag from /opt/airflow/dags/dag_scraping_twitter.py
[2026-06-07T07:45:17.334+0700] {processor.py:925} INFO - DAG(s) 'dag_scraping_twitter' retrieved from /opt/airflow/dags/dag_scraping_twitter.py
[2026-06-07T07:45:17.360+0700] {logging_mixin.py:190} INFO - [2026-06-07T07:45:17.360+0700] {dag.py:3211} INFO - Sync 1 DAGs
[2026-06-07T07:45:17.386+0700] {logging_mixin.py:190} INFO - [2026-06-07T07:45:17.386+0700] {dag.py:4138} INFO - Setting next_dagrun for dag_scraping_twitter to 2026-06-06 23:00:00+00:00, run_after=2026-06-07 11:00:00+00:00
[2026-06-07T07:45:17.412+0700] {processor.py:208} INFO - Processing /opt/airflow/dags/dag_scraping_twitter.py took 0.106 seconds
[2026-06-07T07:45:47.821+0700] {processor.py:186} INFO - Started process (PID=32128) to work on /opt/airflow/dags/dag_scraping_twitter.py
[2026-06-07T07:45:47.822+0700] {processor.py:914} INFO - Processing file /opt/airflow/dags/dag_scraping_twitter.py for tasks to queue
[2026-06-07T07:45:47.825+0700] {logging_mixin.py:190} INFO - [2026-06-07T07:45:47.825+0700] {dagbag.py:587} INFO - Filling up the DagBag from /opt/airflow/dags/dag_scraping_twitter.py
[2026-06-07T07:45:47.843+0700] {processor.py:925} INFO - DAG(s) 'dag_scraping_twitter' retrieved from /opt/airflow/dags/dag_scraping_twitter.py
[2026-06-07T07:45:47.867+0700] {logging_mixin.py:190} INFO - [2026-06-07T07:45:47.866+0700] {dag.py:3211} INFO - Sync 1 DAGs
[2026-06-07T07:45:47.892+0700] {logging_mixin.py:190} INFO - [2026-06-07T07:45:47.892+0700] {dag.py:4138} INFO - Setting next_dagrun for dag_scraping_twitter to 2026-06-06 23:00:00+00:00, run_after=2026-06-07 11:00:00+00:00
[2026-06-07T07:45:47.914+0700] {processor.py:208} INFO - Processing /opt/airflow/dags/dag_scraping_twitter.py took 0.099 seconds
[2026-06-07T07:46:18.306+0700] {processor.py:186} INFO - Started process (PID=32156) to work on /opt/airflow/dags/dag_scraping_twitter.py
[2026-06-07T07:46:18.308+0700] {processor.py:914} INFO - Processing file /opt/airflow/dags/dag_scraping_twitter.py for tasks to queue
[2026-06-07T07:46:18.313+0700] {logging_mixin.py:190} INFO - [2026-06-07T07:46:18.313+0700] {dagbag.py:587} INFO - Filling up the DagBag from /opt/airflow/dags/dag_scraping_twitter.py
[2026-06-07T07:46:18.337+0700] {processor.py:925} INFO - DAG(s) 'dag_scraping_twitter' retrieved from /opt/airflow/dags/dag_scraping_twitter.py
[2026-06-07T07:46:18.365+0700] {logging_mixin.py:190} INFO - [2026-06-07T07:46:18.364+0700] {dag.py:3211} INFO - Sync 1 DAGs
[2026-06-07T07:46:18.398+0700] {logging_mixin.py:190} INFO - [2026-06-07T07:46:18.397+0700] {dag.py:4138} INFO - Setting next_dagrun for dag_scraping_twitter to 2026-06-06 23:00:00+00:00, run_after=2026-06-07 11:00:00+00:00
[2026-06-07T07:46:18.420+0700] {processor.py:208} INFO - Processing /opt/airflow/dags/dag_scraping_twitter.py took 0.123 seconds
[2026-06-07T07:46:48.808+0700] {processor.py:186} INFO - Started process (PID=32190) to work on /opt/airflow/dags/dag_scraping_twitter.py
[2026-06-07T07:46:48.809+0700] {processor.py:914} INFO - Processing file /opt/airflow/dags/dag_scraping_twitter.py for tasks to queue
[2026-06-07T07:46:48.812+0700] {logging_mixin.py:190} INFO - [2026-06-07T07:46:48.812+0700] {dagbag.py:587} INFO - Filling up the DagBag from /opt/airflow/dags/dag_scraping_twitter.py
[2026-06-07T07:46:48.830+0700] {processor.py:925} INFO - DAG(s) 'dag_scraping_twitter' retrieved from /opt/airflow/dags/dag_scraping_twitter.py
[2026-06-07T07:46:48.856+0700] {logging_mixin.py:190} INFO - [2026-06-07T07:46:48.856+0700] {dag.py:3211} INFO - Sync 1 DAGs
[2026-06-07T07:46:48.879+0700] {logging_mixin.py:190} INFO - [2026-06-07T07:46:48.879+0700] {dag.py:4138} INFO - Setting next_dagrun for dag_scraping_twitter to 2026-06-06 23:00:00+00:00, run_after=2026-06-07 11:00:00+00:00
[2026-06-07T07:46:48.902+0700] {processor.py:208} INFO - Processing /opt/airflow/dags/dag_scraping_twitter.py took 0.103 seconds
[2026-06-07T07:47:19.292+0700] {processor.py:186} INFO - Started process (PID=32218) to work on /opt/airflow/dags/dag_scraping_twitter.py
[2026-06-07T07:47:19.293+0700] {processor.py:914} INFO - Processing file /opt/airflow/dags/dag_scraping_twitter.py for tasks to queue
[2026-06-07T07:47:19.295+0700] {logging_mixin.py:190} INFO - [2026-06-07T07:47:19.295+0700] {dagbag.py:587} INFO - Filling up the DagBag from /opt/airflow/dags/dag_scraping_twitter.py
[2026-06-07T07:47:19.313+0700] {processor.py:925} INFO - DAG(s) 'dag_scraping_twitter' retrieved from /opt/airflow/dags/dag_scraping_twitter.py
[2026-06-07T07:47:19.337+0700] {logging_mixin.py:190} INFO - [2026-06-07T07:47:19.337+0700] {dag.py:3211} INFO - Sync 1 DAGs
[2026-06-07T07:47:19.361+0700] {logging_mixin.py:190} INFO - [2026-06-07T07:47:19.361+0700] {dag.py:4138} INFO - Setting next_dagrun for dag_scraping_twitter to 2026-06-06 23:00:00+00:00, run_after=2026-06-07 11:00:00+00:00
[2026-06-07T07:47:19.383+0700] {processor.py:208} INFO - Processing /opt/airflow/dags/dag_scraping_twitter.py took 0.098 seconds
[2026-06-07T07:47:49.942+0700] {processor.py:186} INFO - Started process (PID=32246) to work on /opt/airflow/dags/dag_scraping_twitter.py
[2026-06-07T07:47:49.943+0700] {processor.py:914} INFO - Processing file /opt/airflow/dags/dag_scraping_twitter.py for tasks to queue
[2026-06-07T07:47:49.946+0700] {logging_mixin.py:190} INFO - [2026-06-07T07:47:49.946+0700] {dagbag.py:587} INFO - Filling up the DagBag from /opt/airflow/dags/dag_scraping_twitter.py
[2026-06-07T07:47:49.965+0700] {processor.py:925} INFO - DAG(s) 'dag_scraping_twitter' retrieved from /opt/airflow/dags/dag_scraping_twitter.py
[2026-06-07T07:47:49.990+0700] {logging_mixin.py:190} INFO - [2026-06-07T07:47:49.989+0700] {dag.py:3211} INFO - Sync 1 DAGs
[2026-06-07T07:47:50.013+0700] {logging_mixin.py:190} INFO - [2026-06-07T07:47:50.013+0700] {dag.py:4138} INFO - Setting next_dagrun for dag_scraping_twitter to 2026-06-06 23:00:00+00:00, run_after=2026-06-07 11:00:00+00:00
[2026-06-07T07:47:50.035+0700] {processor.py:208} INFO - Processing /opt/airflow/dags/dag_scraping_twitter.py took 0.100 seconds
[2026-06-07T07:48:20.430+0700] {processor.py:186} INFO - Started process (PID=32274) to work on /opt/airflow/dags/dag_scraping_twitter.py
[2026-06-07T07:48:20.431+0700] {processor.py:914} INFO - Processing file /opt/airflow/dags/dag_scraping_twitter.py for tasks to queue
[2026-06-07T07:48:20.434+0700] {logging_mixin.py:190} INFO - [2026-06-07T07:48:20.433+0700] {dagbag.py:587} INFO - Filling up the DagBag from /opt/airflow/dags/dag_scraping_twitter.py
[2026-06-07T07:48:20.454+0700] {processor.py:925} INFO - DAG(s) 'dag_scraping_twitter' retrieved from /opt/airflow/dags/dag_scraping_twitter.py
[2026-06-07T07:48:20.478+0700] {logging_mixin.py:190} INFO - [2026-06-07T07:48:20.478+0700] {dag.py:3211} INFO - Sync 1 DAGs
[2026-06-07T07:48:20.499+0700] {logging_mixin.py:190} INFO - [2026-06-07T07:48:20.499+0700] {dag.py:4138} INFO - Setting next_dagrun for dag_scraping_twitter to 2026-06-06 23:00:00+00:00, run_after=2026-06-07 11:00:00+00:00
[2026-06-07T07:48:20.522+0700] {processor.py:208} INFO - Processing /opt/airflow/dags/dag_scraping_twitter.py took 0.100 seconds
[2026-06-07T07:48:50.886+0700] {processor.py:186} INFO - Started process (PID=32301) to work on /opt/airflow/dags/dag_scraping_twitter.py
[2026-06-07T07:48:50.887+0700] {processor.py:914} INFO - Processing file /opt/airflow/dags/dag_scraping_twitter.py for tasks to queue
[2026-06-07T07:48:50.889+0700] {logging_mixin.py:190} INFO - [2026-06-07T07:48:50.889+0700] {dagbag.py:587} INFO - Filling up the DagBag from /opt/airflow/dags/dag_scraping_twitter.py
[2026-06-07T07:48:50.907+0700] {processor.py:925} INFO - DAG(s) 'dag_scraping_twitter' retrieved from /opt/airflow/dags/dag_scraping_twitter.py
[2026-06-07T07:48:50.932+0700] {logging_mixin.py:190} INFO - [2026-06-07T07:48:50.932+0700] {dag.py:3211} INFO - Sync 1 DAGs
[2026-06-07T07:48:50.957+0700] {logging_mixin.py:190} INFO - [2026-06-07T07:48:50.957+0700] {dag.py:4138} INFO - Setting next_dagrun for dag_scraping_twitter to 2026-06-06 23:00:00+00:00, run_after=2026-06-07 11:00:00+00:00
[2026-06-07T07:48:50.977+0700] {processor.py:208} INFO - Processing /opt/airflow/dags/dag_scraping_twitter.py took 0.099 seconds
[2026-06-07T07:49:21.399+0700] {processor.py:186} INFO - Started process (PID=32329) to work on /opt/airflow/dags/dag_scraping_twitter.py
[2026-06-07T07:49:21.401+0700] {processor.py:914} INFO - Processing file /opt/airflow/dags/dag_scraping_twitter.py for tasks to queue
[2026-06-07T07:49:21.403+0700] {logging_mixin.py:190} INFO - [2026-06-07T07:49:21.403+0700] {dagbag.py:587} INFO - Filling up the DagBag from /opt/airflow/dags/dag_scraping_twitter.py
[2026-06-07T07:49:21.424+0700] {processor.py:925} INFO - DAG(s) 'dag_scraping_twitter' retrieved from /opt/airflow/dags/dag_scraping_twitter.py
[2026-06-07T07:49:21.451+0700] {logging_mixin.py:190} INFO - [2026-06-07T07:49:21.450+0700] {dag.py:3211} INFO - Sync 1 DAGs
[2026-06-07T07:49:21.472+0700] {logging_mixin.py:190} INFO - [2026-06-07T07:49:21.472+0700] {dag.py:4138} INFO - Setting next_dagrun for dag_scraping_twitter to 2026-06-06 23:00:00+00:00, run_after=2026-06-07 11:00:00+00:00
[2026-06-07T07:49:21.494+0700] {processor.py:208} INFO - Processing /opt/airflow/dags/dag_scraping_twitter.py took 0.103 seconds
[2026-06-07T07:49:51.942+0700] {processor.py:186} INFO - Started process (PID=32357) to work on /opt/airflow/dags/dag_scraping_twitter.py
[2026-06-07T07:49:51.943+0700] {processor.py:914} INFO - Processing file /opt/airflow/dags/dag_scraping_twitter.py for tasks to queue
[2026-06-07T07:49:51.946+0700] {logging_mixin.py:190} INFO - [2026-06-07T07:49:51.946+0700] {dagbag.py:587} INFO - Filling up the DagBag from /opt/airflow/dags/dag_scraping_twitter.py
[2026-06-07T07:49:51.966+0700] {processor.py:925} INFO - DAG(s) 'dag_scraping_twitter' retrieved from /opt/airflow/dags/dag_scraping_twitter.py
[2026-06-07T07:49:51.991+0700] {logging_mixin.py:190} INFO - [2026-06-07T07:49:51.991+0700] {dag.py:3211} INFO - Sync 1 DAGs
[2026-06-07T07:49:52.015+0700] {logging_mixin.py:190} INFO - [2026-06-07T07:49:52.014+0700] {dag.py:4138} INFO - Setting next_dagrun for dag_scraping_twitter to 2026-06-06 23:00:00+00:00, run_after=2026-06-07 11:00:00+00:00
[2026-06-07T07:49:52.036+0700] {processor.py:208} INFO - Processing /opt/airflow/dags/dag_scraping_twitter.py took 0.101 seconds
[2026-06-07T07:50:22.383+0700] {processor.py:186} INFO - Started process (PID=32385) to work on /opt/airflow/dags/dag_scraping_twitter.py
[2026-06-07T07:50:22.385+0700] {processor.py:914} INFO - Processing file /opt/airflow/dags/dag_scraping_twitter.py for tasks to queue
[2026-06-07T07:50:22.389+0700] {logging_mixin.py:190} INFO - [2026-06-07T07:50:22.389+0700] {dagbag.py:587} INFO - Filling up the DagBag from /opt/airflow/dags/dag_scraping_twitter.py
[2026-06-07T07:50:22.410+0700] {processor.py:925} INFO - DAG(s) 'dag_scraping_twitter' retrieved from /opt/airflow/dags/dag_scraping_twitter.py
[2026-06-07T07:50:22.438+0700] {logging_mixin.py:190} INFO - [2026-06-07T07:50:22.437+0700] {dag.py:3211} INFO - Sync 1 DAGs
[2026-06-07T07:50:22.470+0700] {logging_mixin.py:190} INFO - [2026-06-07T07:50:22.470+0700] {dag.py:4138} INFO - Setting next_dagrun for dag_scraping_twitter to 2026-06-06 23:00:00+00:00, run_after=2026-06-07 11:00:00+00:00
[2026-06-07T07:50:22.498+0700] {processor.py:208} INFO - Processing /opt/airflow/dags/dag_scraping_twitter.py took 0.124 seconds
[2026-06-07T07:50:52.787+0700] {processor.py:186} INFO - Started process (PID=32419) to work on /opt/airflow/dags/dag_scraping_twitter.py
[2026-06-07T07:50:52.788+0700] {processor.py:914} INFO - Processing file /opt/airflow/dags/dag_scraping_twitter.py for tasks to queue
[2026-06-07T07:50:52.790+0700] {logging_mixin.py:190} INFO - [2026-06-07T07:50:52.790+0700] {dagbag.py:587} INFO - Filling up the DagBag from /opt/airflow/dags/dag_scraping_twitter.py
[2026-06-07T07:50:52.808+0700] {processor.py:925} INFO - DAG(s) 'dag_scraping_twitter' retrieved from /opt/airflow/dags/dag_scraping_twitter.py
[2026-06-07T07:50:52.833+0700] {logging_mixin.py:190} INFO - [2026-06-07T07:50:52.833+0700] {dag.py:3211} INFO - Sync 1 DAGs
[2026-06-07T07:50:52.856+0700] {logging_mixin.py:190} INFO - [2026-06-07T07:50:52.856+0700] {dag.py:4138} INFO - Setting next_dagrun for dag_scraping_twitter to 2026-06-06 23:00:00+00:00, run_after=2026-06-07 11:00:00+00:00
[2026-06-07T07:50:52.877+0700] {processor.py:208} INFO - Processing /opt/airflow/dags/dag_scraping_twitter.py took 0.096 seconds
[2026-06-07T07:51:23.358+0700] {processor.py:186} INFO - Started process (PID=32447) to work on /opt/airflow/dags/dag_scraping_twitter.py
[2026-06-07T07:51:23.359+0700] {processor.py:914} INFO - Processing file /opt/airflow/dags/dag_scraping_twitter.py for tasks to queue
[2026-06-07T07:51:23.362+0700] {logging_mixin.py:190} INFO - [2026-06-07T07:51:23.362+0700] {dagbag.py:587} INFO - Filling up the DagBag from /opt/airflow/dags/dag_scraping_twitter.py
[2026-06-07T07:51:23.380+0700] {processor.py:925} INFO - DAG(s) 'dag_scraping_twitter' retrieved from /opt/airflow/dags/dag_scraping_twitter.py
[2026-06-07T07:51:23.405+0700] {logging_mixin.py:190} INFO - [2026-06-07T07:51:23.405+0700] {dag.py:3211} INFO - Sync 1 DAGs
[2026-06-07T07:51:23.428+0700] {logging_mixin.py:190} INFO - [2026-06-07T07:51:23.428+0700] {dag.py:4138} INFO - Setting next_dagrun for dag_scraping_twitter to 2026-06-06 23:00:00+00:00, run_after=2026-06-07 11:00:00+00:00
[2026-06-07T07:51:23.450+0700] {processor.py:208} INFO - Processing /opt/airflow/dags/dag_scraping_twitter.py took 0.099 seconds
[2026-06-07T07:51:53.878+0700] {processor.py:186} INFO - Started process (PID=32475) to work on /opt/airflow/dags/dag_scraping_twitter.py
[2026-06-07T07:51:53.880+0700] {processor.py:914} INFO - Processing file /opt/airflow/dags/dag_scraping_twitter.py for tasks to queue
[2026-06-07T07:51:53.884+0700] {logging_mixin.py:190} INFO - [2026-06-07T07:51:53.884+0700] {dagbag.py:587} INFO - Filling up the DagBag from /opt/airflow/dags/dag_scraping_twitter.py
[2026-06-07T07:51:53.905+0700] {processor.py:925} INFO - DAG(s) 'dag_scraping_twitter' retrieved from /opt/airflow/dags/dag_scraping_twitter.py
[2026-06-07T07:51:53.930+0700] {logging_mixin.py:190} INFO - [2026-06-07T07:51:53.930+0700] {dag.py:3211} INFO - Sync 1 DAGs
[2026-06-07T07:51:53.953+0700] {logging_mixin.py:190} INFO - [2026-06-07T07:51:53.953+0700] {dag.py:4138} INFO - Setting next_dagrun for dag_scraping_twitter to 2026-06-06 23:00:00+00:00, run_after=2026-06-07 11:00:00+00:00
[2026-06-07T07:51:53.977+0700] {processor.py:208} INFO - Processing /opt/airflow/dags/dag_scraping_twitter.py took 0.107 seconds
[2026-06-07T07:52:24.551+0700] {processor.py:186} INFO - Started process (PID=32503) to work on /opt/airflow/dags/dag_scraping_twitter.py
[2026-06-07T07:52:24.553+0700] {processor.py:914} INFO - Processing file /opt/airflow/dags/dag_scraping_twitter.py for tasks to queue
[2026-06-07T07:52:24.556+0700] {logging_mixin.py:190} INFO - [2026-06-07T07:52:24.555+0700] {dagbag.py:587} INFO - Filling up the DagBag from /opt/airflow/dags/dag_scraping_twitter.py
[2026-06-07T07:52:24.574+0700] {processor.py:925} INFO - DAG(s) 'dag_scraping_twitter' retrieved from /opt/airflow/dags/dag_scraping_twitter.py
[2026-06-07T07:52:24.600+0700] {logging_mixin.py:190} INFO - [2026-06-07T07:52:24.600+0700] {dag.py:3211} INFO - Sync 1 DAGs
[2026-06-07T07:52:24.621+0700] {logging_mixin.py:190} INFO - [2026-06-07T07:52:24.621+0700] {dag.py:4138} INFO - Setting next_dagrun for dag_scraping_twitter to 2026-06-06 23:00:00+00:00, run_after=2026-06-07 11:00:00+00:00
[2026-06-07T07:52:24.642+0700] {processor.py:208} INFO - Processing /opt/airflow/dags/dag_scraping_twitter.py took 0.098 seconds
[2026-06-07T07:52:54.956+0700] {processor.py:186} INFO - Started process (PID=32531) to work on /opt/airflow/dags/dag_scraping_twitter.py
[2026-06-07T07:52:54.957+0700] {processor.py:914} INFO - Processing file /opt/airflow/dags/dag_scraping_twitter.py for tasks to queue
[2026-06-07T07:52:54.960+0700] {logging_mixin.py:190} INFO - [2026-06-07T07:52:54.960+0700] {dagbag.py:587} INFO - Filling up the DagBag from /opt/airflow/dags/dag_scraping_twitter.py
[2026-06-07T07:52:54.981+0700] {processor.py:925} INFO - DAG(s) 'dag_scraping_twitter' retrieved from /opt/airflow/dags/dag_scraping_twitter.py
[2026-06-07T07:52:55.007+0700] {logging_mixin.py:190} INFO - [2026-06-07T07:52:55.007+0700] {dag.py:3211} INFO - Sync 1 DAGs
[2026-06-07T07:52:55.031+0700] {logging_mixin.py:190} INFO - [2026-06-07T07:52:55.031+0700] {dag.py:4138} INFO - Setting next_dagrun for dag_scraping_twitter to 2026-06-06 23:00:00+00:00, run_after=2026-06-07 11:00:00+00:00
[2026-06-07T07:52:55.053+0700] {processor.py:208} INFO - Processing /opt/airflow/dags/dag_scraping_twitter.py took 0.106 seconds
[2026-06-07T07:53:25.449+0700] {processor.py:186} INFO - Started process (PID=32559) to work on /opt/airflow/dags/dag_scraping_twitter.py
[2026-06-07T07:53:25.451+0700] {processor.py:914} INFO - Processing file /opt/airflow/dags/dag_scraping_twitter.py for tasks to queue
[2026-06-07T07:53:25.456+0700] {logging_mixin.py:190} INFO - [2026-06-07T07:53:25.455+0700] {dagbag.py:587} INFO - Filling up the DagBag from /opt/airflow/dags/dag_scraping_twitter.py
[2026-06-07T07:53:25.482+0700] {processor.py:925} INFO - DAG(s) 'dag_scraping_twitter' retrieved from /opt/airflow/dags/dag_scraping_twitter.py
[2026-06-07T07:53:25.514+0700] {logging_mixin.py:190} INFO - [2026-06-07T07:53:25.513+0700] {dag.py:3211} INFO - Sync 1 DAGs
[2026-06-07T07:53:25.538+0700] {logging_mixin.py:190} INFO - [2026-06-07T07:53:25.537+0700] {dag.py:4138} INFO - Setting next_dagrun for dag_scraping_twitter to 2026-06-06 23:00:00+00:00, run_after=2026-06-07 11:00:00+00:00
[2026-06-07T07:53:25.557+0700] {processor.py:208} INFO - Processing /opt/airflow/dags/dag_scraping_twitter.py took 0.118 seconds
[2026-06-07T07:53:55.692+0700] {processor.py:186} INFO - Started process (PID=32587) to work on /opt/airflow/dags/dag_scraping_twitter.py
[2026-06-07T07:53:55.694+0700] {processor.py:914} INFO - Processing file /opt/airflow/dags/dag_scraping_twitter.py for tasks to queue
[2026-06-07T07:53:55.697+0700] {logging_mixin.py:190} INFO - [2026-06-07T07:53:55.696+0700] {dagbag.py:587} INFO - Filling up the DagBag from /opt/airflow/dags/dag_scraping_twitter.py
[2026-06-07T07:53:55.717+0700] {processor.py:925} INFO - DAG(s) 'dag_scraping_twitter' retrieved from /opt/airflow/dags/dag_scraping_twitter.py
[2026-06-07T07:53:55.745+0700] {logging_mixin.py:190} INFO - [2026-06-07T07:53:55.745+0700] {dag.py:3211} INFO - Sync 1 DAGs
[2026-06-07T07:53:55.770+0700] {logging_mixin.py:190} INFO - [2026-06-07T07:53:55.770+0700] {dag.py:4138} INFO - Setting next_dagrun for dag_scraping_twitter to 2026-06-06 23:00:00+00:00, run_after=2026-06-07 11:00:00+00:00
[2026-06-07T07:53:55.793+0700] {processor.py:208} INFO - Processing /opt/airflow/dags/dag_scraping_twitter.py took 0.111 seconds
[2026-06-07T07:54:26.140+0700] {processor.py:186} INFO - Started process (PID=32615) to work on /opt/airflow/dags/dag_scraping_twitter.py
[2026-06-07T07:54:26.141+0700] {processor.py:914} INFO - Processing file /opt/airflow/dags/dag_scraping_twitter.py for tasks to queue
[2026-06-07T07:54:26.143+0700] {logging_mixin.py:190} INFO - [2026-06-07T07:54:26.143+0700] {dagbag.py:587} INFO - Filling up the DagBag from /opt/airflow/dags/dag_scraping_twitter.py
[2026-06-07T07:54:26.161+0700] {processor.py:925} INFO - DAG(s) 'dag_scraping_twitter' retrieved from /opt/airflow/dags/dag_scraping_twitter.py
[2026-06-07T07:54:26.188+0700] {logging_mixin.py:190} INFO - [2026-06-07T07:54:26.187+0700] {dag.py:3211} INFO - Sync 1 DAGs
[2026-06-07T07:54:26.211+0700] {logging_mixin.py:190} INFO - [2026-06-07T07:54:26.210+0700] {dag.py:4138} INFO - Setting next_dagrun for dag_scraping_twitter to 2026-06-06 23:00:00+00:00, run_after=2026-06-07 11:00:00+00:00
[2026-06-07T07:54:26.231+0700] {processor.py:208} INFO - Processing /opt/airflow/dags/dag_scraping_twitter.py took 0.099 seconds
[2026-06-07T07:54:56.562+0700] {processor.py:186} INFO - Started process (PID=32643) to work on /opt/airflow/dags/dag_scraping_twitter.py
[2026-06-07T07:54:56.564+0700] {processor.py:914} INFO - Processing file /opt/airflow/dags/dag_scraping_twitter.py for tasks to queue
[2026-06-07T07:54:56.567+0700] {logging_mixin.py:190} INFO - [2026-06-07T07:54:56.567+0700] {dagbag.py:587} INFO - Filling up the DagBag from /opt/airflow/dags/dag_scraping_twitter.py
[2026-06-07T07:54:56.587+0700] {processor.py:925} INFO - DAG(s) 'dag_scraping_twitter' retrieved from /opt/airflow/dags/dag_scraping_twitter.py
[2026-06-07T07:54:56.612+0700] {logging_mixin.py:190} INFO - [2026-06-07T07:54:56.612+0700] {dag.py:3211} INFO - Sync 1 DAGs
[2026-06-07T07:54:56.637+0700] {logging_mixin.py:190} INFO - [2026-06-07T07:54:56.637+0700] {dag.py:4138} INFO - Setting next_dagrun for dag_scraping_twitter to 2026-06-06 23:00:00+00:00, run_after=2026-06-07 11:00:00+00:00
[2026-06-07T07:54:56.657+0700] {processor.py:208} INFO - Processing /opt/airflow/dags/dag_scraping_twitter.py took 0.103 seconds
[2026-06-07T07:55:27.107+0700] {processor.py:186} INFO - Started process (PID=32677) to work on /opt/airflow/dags/dag_scraping_twitter.py
[2026-06-07T07:55:27.108+0700] {processor.py:914} INFO - Processing file /opt/airflow/dags/dag_scraping_twitter.py for tasks to queue
[2026-06-07T07:55:27.111+0700] {logging_mixin.py:190} INFO - [2026-06-07T07:55:27.111+0700] {dagbag.py:587} INFO - Filling up the DagBag from /opt/airflow/dags/dag_scraping_twitter.py
[2026-06-07T07:55:27.129+0700] {processor.py:925} INFO - DAG(s) 'dag_scraping_twitter' retrieved from /opt/airflow/dags/dag_scraping_twitter.py
[2026-06-07T07:55:27.153+0700] {logging_mixin.py:190} INFO - [2026-06-07T07:55:27.153+0700] {dag.py:3211} INFO - Sync 1 DAGs
[2026-06-07T07:55:27.175+0700] {logging_mixin.py:190} INFO - [2026-06-07T07:55:27.175+0700] {dag.py:4138} INFO - Setting next_dagrun for dag_scraping_twitter to 2026-06-06 23:00:00+00:00, run_after=2026-06-07 11:00:00+00:00
[2026-06-07T07:55:27.200+0700] {processor.py:208} INFO - Processing /opt/airflow/dags/dag_scraping_twitter.py took 0.099 seconds
[2026-06-07T07:55:57.476+0700] {processor.py:186} INFO - Started process (PID=32705) to work on /opt/airflow/dags/dag_scraping_twitter.py
[2026-06-07T07:55:57.478+0700] {processor.py:914} INFO - Processing file /opt/airflow/dags/dag_scraping_twitter.py for tasks to queue
[2026-06-07T07:55:57.480+0700] {logging_mixin.py:190} INFO - [2026-06-07T07:55:57.479+0700] {dagbag.py:587} INFO - Filling up the DagBag from /opt/airflow/dags/dag_scraping_twitter.py
[2026-06-07T07:55:57.498+0700] {processor.py:925} INFO - DAG(s) 'dag_scraping_twitter' retrieved from /opt/airflow/dags/dag_scraping_twitter.py
[2026-06-07T07:55:57.522+0700] {logging_mixin.py:190} INFO - [2026-06-07T07:55:57.522+0700] {dag.py:3211} INFO - Sync 1 DAGs
[2026-06-07T07:55:57.547+0700] {logging_mixin.py:190} INFO - [2026-06-07T07:55:57.547+0700] {dag.py:4138} INFO - Setting next_dagrun for dag_scraping_twitter to 2026-06-06 23:00:00+00:00, run_after=2026-06-07 11:00:00+00:00
[2026-06-07T07:55:57.569+0700] {processor.py:208} INFO - Processing /opt/airflow/dags/dag_scraping_twitter.py took 0.099 seconds
[2026-06-07T07:56:28.027+0700] {processor.py:186} INFO - Started process (PID=32734) to work on /opt/airflow/dags/dag_scraping_twitter.py
[2026-06-07T07:56:28.028+0700] {processor.py:914} INFO - Processing file /opt/airflow/dags/dag_scraping_twitter.py for tasks to queue
[2026-06-07T07:56:28.032+0700] {logging_mixin.py:190} INFO - [2026-06-07T07:56:28.031+0700] {dagbag.py:587} INFO - Filling up the DagBag from /opt/airflow/dags/dag_scraping_twitter.py
[2026-06-07T07:56:28.052+0700] {processor.py:925} INFO - DAG(s) 'dag_scraping_twitter' retrieved from /opt/airflow/dags/dag_scraping_twitter.py
[2026-06-07T07:56:28.080+0700] {logging_mixin.py:190} INFO - [2026-06-07T07:56:28.079+0700] {dag.py:3211} INFO - Sync 1 DAGs
[2026-06-07T07:56:28.106+0700] {logging_mixin.py:190} INFO - [2026-06-07T07:56:28.106+0700] {dag.py:4138} INFO - Setting next_dagrun for dag_scraping_twitter to 2026-06-06 23:00:00+00:00, run_after=2026-06-07 11:00:00+00:00
[2026-06-07T07:56:28.133+0700] {processor.py:208} INFO - Processing /opt/airflow/dags/dag_scraping_twitter.py took 0.115 seconds
[2026-06-07T07:56:58.468+0700] {processor.py:186} INFO - Started process (PID=32762) to work on /opt/airflow/dags/dag_scraping_twitter.py
[2026-06-07T07:56:58.470+0700] {processor.py:914} INFO - Processing file /opt/airflow/dags/dag_scraping_twitter.py for tasks to queue
[2026-06-07T07:56:58.472+0700] {logging_mixin.py:190} INFO - [2026-06-07T07:56:58.471+0700] {dagbag.py:587} INFO - Filling up the DagBag from /opt/airflow/dags/dag_scraping_twitter.py
[2026-06-07T07:56:58.490+0700] {processor.py:925} INFO - DAG(s) 'dag_scraping_twitter' retrieved from /opt/airflow/dags/dag_scraping_twitter.py
[2026-06-07T07:56:58.515+0700] {logging_mixin.py:190} INFO - [2026-06-07T07:56:58.515+0700] {dag.py:3211} INFO - Sync 1 DAGs
[2026-06-07T07:56:58.538+0700] {logging_mixin.py:190} INFO - [2026-06-07T07:56:58.538+0700] {dag.py:4138} INFO - Setting next_dagrun for dag_scraping_twitter to 2026-06-06 23:00:00+00:00, run_after=2026-06-07 11:00:00+00:00
[2026-06-07T07:56:58.561+0700] {processor.py:208} INFO - Processing /opt/airflow/dags/dag_scraping_twitter.py took 0.099 seconds
[2026-06-07T07:57:28.868+0700] {processor.py:186} INFO - Started process (PID=32790) to work on /opt/airflow/dags/dag_scraping_twitter.py
[2026-06-07T07:57:28.869+0700] {processor.py:914} INFO - Processing file /opt/airflow/dags/dag_scraping_twitter.py for tasks to queue
[2026-06-07T07:57:28.873+0700] {logging_mixin.py:190} INFO - [2026-06-07T07:57:28.872+0700] {dagbag.py:587} INFO - Filling up the DagBag from /opt/airflow/dags/dag_scraping_twitter.py
[2026-06-07T07:57:28.894+0700] {processor.py:925} INFO - DAG(s) 'dag_scraping_twitter' retrieved from /opt/airflow/dags/dag_scraping_twitter.py
[2026-06-07T07:57:28.920+0700] {logging_mixin.py:190} INFO - [2026-06-07T07:57:28.919+0700] {dag.py:3211} INFO - Sync 1 DAGs
[2026-06-07T07:57:28.942+0700] {logging_mixin.py:190} INFO - [2026-06-07T07:57:28.941+0700] {dag.py:4138} INFO - Setting next_dagrun for dag_scraping_twitter to 2026-06-06 23:00:00+00:00, run_after=2026-06-07 11:00:00+00:00
[2026-06-07T07:57:28.964+0700] {processor.py:208} INFO - Processing /opt/airflow/dags/dag_scraping_twitter.py took 0.103 seconds
[2026-06-07T07:57:59.372+0700] {processor.py:186} INFO - Started process (PID=32818) to work on /opt/airflow/dags/dag_scraping_twitter.py
[2026-06-07T07:57:59.373+0700] {processor.py:914} INFO - Processing file /opt/airflow/dags/dag_scraping_twitter.py for tasks to queue
[2026-06-07T07:57:59.377+0700] {logging_mixin.py:190} INFO - [2026-06-07T07:57:59.376+0700] {dagbag.py:587} INFO - Filling up the DagBag from /opt/airflow/dags/dag_scraping_twitter.py
[2026-06-07T07:57:59.395+0700] {processor.py:925} INFO - DAG(s) 'dag_scraping_twitter' retrieved from /opt/airflow/dags/dag_scraping_twitter.py
[2026-06-07T07:57:59.431+0700] {logging_mixin.py:190} INFO - [2026-06-07T07:57:59.431+0700] {dag.py:3211} INFO - Sync 1 DAGs
[2026-06-07T07:57:59.461+0700] {logging_mixin.py:190} INFO - [2026-06-07T07:57:59.460+0700] {dag.py:4138} INFO - Setting next_dagrun for dag_scraping_twitter to 2026-06-06 23:00:00+00:00, run_after=2026-06-07 11:00:00+00:00
[2026-06-07T07:57:59.485+0700] {processor.py:208} INFO - Processing /opt/airflow/dags/dag_scraping_twitter.py took 0.119 seconds
[2026-06-07T07:58:30.202+0700] {processor.py:186} INFO - Started process (PID=32846) to work on /opt/airflow/dags/dag_scraping_twitter.py
[2026-06-07T07:58:30.203+0700] {processor.py:914} INFO - Processing file /opt/airflow/dags/dag_scraping_twitter.py for tasks to queue
[2026-06-07T07:58:30.206+0700] {logging_mixin.py:190} INFO - [2026-06-07T07:58:30.206+0700] {dagbag.py:587} INFO - Filling up the DagBag from /opt/airflow/dags/dag_scraping_twitter.py
[2026-06-07T07:58:30.233+0700] {processor.py:925} INFO - DAG(s) 'dag_scraping_twitter' retrieved from /opt/airflow/dags/dag_scraping_twitter.py
[2026-06-07T07:58:30.268+0700] {logging_mixin.py:190} INFO - [2026-06-07T07:58:30.268+0700] {dag.py:3211} INFO - Sync 1 DAGs
[2026-06-07T07:58:30.293+0700] {logging_mixin.py:190} INFO - [2026-06-07T07:58:30.293+0700] {dag.py:4138} INFO - Setting next_dagrun for dag_scraping_twitter to 2026-06-06 23:00:00+00:00, run_after=2026-06-07 11:00:00+00:00
[2026-06-07T07:58:30.314+0700] {processor.py:208} INFO - Processing /opt/airflow/dags/dag_scraping_twitter.py took 0.122 seconds
[2026-06-07T07:59:00.590+0700] {processor.py:186} INFO - Started process (PID=32874) to work on /opt/airflow/dags/dag_scraping_twitter.py
[2026-06-07T07:59:00.592+0700] {processor.py:914} INFO - Processing file /opt/airflow/dags/dag_scraping_twitter.py for tasks to queue
[2026-06-07T07:59:00.597+0700] {logging_mixin.py:190} INFO - [2026-06-07T07:59:00.597+0700] {dagbag.py:587} INFO - Filling up the DagBag from /opt/airflow/dags/dag_scraping_twitter.py
[2026-06-07T07:59:00.616+0700] {processor.py:925} INFO - DAG(s) 'dag_scraping_twitter' retrieved from /opt/airflow/dags/dag_scraping_twitter.py
[2026-06-07T07:59:00.643+0700] {logging_mixin.py:190} INFO - [2026-06-07T07:59:00.643+0700] {dag.py:3211} INFO - Sync 1 DAGs
[2026-06-07T07:59:00.667+0700] {logging_mixin.py:190} INFO - [2026-06-07T07:59:00.667+0700] {dag.py:4138} INFO - Setting next_dagrun for dag_scraping_twitter to 2026-06-06 23:00:00+00:00, run_after=2026-06-07 11:00:00+00:00
[2026-06-07T07:59:00.695+0700] {processor.py:208} INFO - Processing /opt/airflow/dags/dag_scraping_twitter.py took 0.113 seconds
[2026-06-07T07:59:30.965+0700] {processor.py:186} INFO - Started process (PID=32908) to work on /opt/airflow/dags/dag_scraping_twitter.py
[2026-06-07T07:59:30.968+0700] {processor.py:914} INFO - Processing file /opt/airflow/dags/dag_scraping_twitter.py for tasks to queue
[2026-06-07T07:59:30.972+0700] {logging_mixin.py:190} INFO - [2026-06-07T07:59:30.972+0700] {dagbag.py:587} INFO - Filling up the DagBag from /opt/airflow/dags/dag_scraping_twitter.py
[2026-06-07T07:59:30.991+0700] {processor.py:925} INFO - DAG(s) 'dag_scraping_twitter' retrieved from /opt/airflow/dags/dag_scraping_twitter.py
[2026-06-07T07:59:31.017+0700] {logging_mixin.py:190} INFO - [2026-06-07T07:59:31.017+0700] {dag.py:3211} INFO - Sync 1 DAGs
[2026-06-07T07:59:31.042+0700] {logging_mixin.py:190} INFO - [2026-06-07T07:59:31.042+0700] {dag.py:4138} INFO - Setting next_dagrun for dag_scraping_twitter to 2026-06-06 23:00:00+00:00, run_after=2026-06-07 11:00:00+00:00
[2026-06-07T07:59:31.064+0700] {processor.py:208} INFO - Processing /opt/airflow/dags/dag_scraping_twitter.py took 0.109 seconds
[2026-06-07T08:00:01.169+0700] {processor.py:186} INFO - Started process (PID=32936) to work on /opt/airflow/dags/dag_scraping_twitter.py
[2026-06-07T08:00:01.170+0700] {processor.py:914} INFO - Processing file /opt/airflow/dags/dag_scraping_twitter.py for tasks to queue
[2026-06-07T08:00:01.172+0700] {logging_mixin.py:190} INFO - [2026-06-07T08:00:01.172+0700] {dagbag.py:587} INFO - Filling up the DagBag from /opt/airflow/dags/dag_scraping_twitter.py
[2026-06-07T08:00:01.190+0700] {processor.py:925} INFO - DAG(s) 'dag_scraping_twitter' retrieved from /opt/airflow/dags/dag_scraping_twitter.py
[2026-06-07T08:00:01.214+0700] {logging_mixin.py:190} INFO - [2026-06-07T08:00:01.214+0700] {dag.py:3211} INFO - Sync 1 DAGs
[2026-06-07T08:00:01.237+0700] {logging_mixin.py:190} INFO - [2026-06-07T08:00:01.237+0700] {dag.py:4138} INFO - Setting next_dagrun for dag_scraping_twitter to 2026-06-06 23:00:00+00:00, run_after=2026-06-07 11:00:00+00:00
[2026-06-07T08:00:01.259+0700] {processor.py:208} INFO - Processing /opt/airflow/dags/dag_scraping_twitter.py took 0.096 seconds
[2026-06-07T08:00:32.132+0700] {processor.py:186} INFO - Started process (PID=32964) to work on /opt/airflow/dags/dag_scraping_twitter.py
[2026-06-07T08:00:32.133+0700] {processor.py:914} INFO - Processing file /opt/airflow/dags/dag_scraping_twitter.py for tasks to queue
[2026-06-07T08:00:32.136+0700] {logging_mixin.py:190} INFO - [2026-06-07T08:00:32.136+0700] {dagbag.py:587} INFO - Filling up the DagBag from /opt/airflow/dags/dag_scraping_twitter.py
[2026-06-07T08:00:32.158+0700] {processor.py:925} INFO - DAG(s) 'dag_scraping_twitter' retrieved from /opt/airflow/dags/dag_scraping_twitter.py
[2026-06-07T08:00:32.185+0700] {logging_mixin.py:190} INFO - [2026-06-07T08:00:32.185+0700] {dag.py:3211} INFO - Sync 1 DAGs
[2026-06-07T08:00:32.216+0700] {logging_mixin.py:190} INFO - [2026-06-07T08:00:32.216+0700] {dag.py:4138} INFO - Setting next_dagrun for dag_scraping_twitter to 2026-06-06 23:00:00+00:00, run_after=2026-06-07 11:00:00+00:00
[2026-06-07T08:00:32.242+0700] {processor.py:208} INFO - Processing /opt/airflow/dags/dag_scraping_twitter.py took 0.117 seconds
[2026-06-07T08:01:02.697+0700] {processor.py:186} INFO - Started process (PID=32992) to work on /opt/airflow/dags/dag_scraping_twitter.py
[2026-06-07T08:01:02.698+0700] {processor.py:914} INFO - Processing file /opt/airflow/dags/dag_scraping_twitter.py for tasks to queue
[2026-06-07T08:01:02.701+0700] {logging_mixin.py:190} INFO - [2026-06-07T08:01:02.700+0700] {dagbag.py:587} INFO - Filling up the DagBag from /opt/airflow/dags/dag_scraping_twitter.py
[2026-06-07T08:01:02.718+0700] {processor.py:925} INFO - DAG(s) 'dag_scraping_twitter' retrieved from /opt/airflow/dags/dag_scraping_twitter.py
[2026-06-07T08:01:02.742+0700] {logging_mixin.py:190} INFO - [2026-06-07T08:01:02.742+0700] {dag.py:3211} INFO - Sync 1 DAGs
[2026-06-07T08:01:02.765+0700] {logging_mixin.py:190} INFO - [2026-06-07T08:01:02.764+0700] {dag.py:4138} INFO - Setting next_dagrun for dag_scraping_twitter to 2026-06-06 23:00:00+00:00, run_after=2026-06-07 11:00:00+00:00
[2026-06-07T08:01:02.786+0700] {processor.py:208} INFO - Processing /opt/airflow/dags/dag_scraping_twitter.py took 0.097 seconds
[2026-06-07T08:01:33.160+0700] {processor.py:186} INFO - Started process (PID=33020) to work on /opt/airflow/dags/dag_scraping_twitter.py
[2026-06-07T08:01:33.161+0700] {processor.py:914} INFO - Processing file /opt/airflow/dags/dag_scraping_twitter.py for tasks to queue
[2026-06-07T08:01:33.164+0700] {logging_mixin.py:190} INFO - [2026-06-07T08:01:33.164+0700] {dagbag.py:587} INFO - Filling up the DagBag from /opt/airflow/dags/dag_scraping_twitter.py
[2026-06-07T08:01:33.190+0700] {processor.py:925} INFO - DAG(s) 'dag_scraping_twitter' retrieved from /opt/airflow/dags/dag_scraping_twitter.py
[2026-06-07T08:01:33.227+0700] {logging_mixin.py:190} INFO - [2026-06-07T08:01:33.227+0700] {dag.py:3211} INFO - Sync 1 DAGs
[2026-06-07T08:01:33.257+0700] {logging_mixin.py:190} INFO - [2026-06-07T08:01:33.257+0700] {dag.py:4138} INFO - Setting next_dagrun for dag_scraping_twitter to 2026-06-06 23:00:00+00:00, run_after=2026-06-07 11:00:00+00:00
[2026-06-07T08:01:33.285+0700] {processor.py:208} INFO - Processing /opt/airflow/dags/dag_scraping_twitter.py took 0.134 seconds
[2026-06-07T08:02:03.737+0700] {processor.py:186} INFO - Started process (PID=33048) to work on /opt/airflow/dags/dag_scraping_twitter.py
[2026-06-07T08:02:03.738+0700] {processor.py:914} INFO - Processing file /opt/airflow/dags/dag_scraping_twitter.py for tasks to queue
[2026-06-07T08:02:03.741+0700] {logging_mixin.py:190} INFO - [2026-06-07T08:02:03.740+0700] {dagbag.py:587} INFO - Filling up the DagBag from /opt/airflow/dags/dag_scraping_twitter.py
[2026-06-07T08:02:03.760+0700] {processor.py:925} INFO - DAG(s) 'dag_scraping_twitter' retrieved from /opt/airflow/dags/dag_scraping_twitter.py
[2026-06-07T08:02:03.786+0700] {logging_mixin.py:190} INFO - [2026-06-07T08:02:03.786+0700] {dag.py:3211} INFO - Sync 1 DAGs
[2026-06-07T08:02:03.807+0700] {logging_mixin.py:190} INFO - [2026-06-07T08:02:03.807+0700] {dag.py:4138} INFO - Setting next_dagrun for dag_scraping_twitter to 2026-06-06 23:00:00+00:00, run_after=2026-06-07 11:00:00+00:00
[2026-06-07T08:02:03.832+0700] {processor.py:208} INFO - Processing /opt/airflow/dags/dag_scraping_twitter.py took 0.103 seconds
[2026-06-07T08:02:34.165+0700] {processor.py:186} INFO - Started process (PID=33076) to work on /opt/airflow/dags/dag_scraping_twitter.py
[2026-06-07T08:02:34.166+0700] {processor.py:914} INFO - Processing file /opt/airflow/dags/dag_scraping_twitter.py for tasks to queue
[2026-06-07T08:02:34.169+0700] {logging_mixin.py:190} INFO - [2026-06-07T08:02:34.169+0700] {dagbag.py:587} INFO - Filling up the DagBag from /opt/airflow/dags/dag_scraping_twitter.py
[2026-06-07T08:02:34.190+0700] {processor.py:925} INFO - DAG(s) 'dag_scraping_twitter' retrieved from /opt/airflow/dags/dag_scraping_twitter.py
[2026-06-07T08:02:34.220+0700] {logging_mixin.py:190} INFO - [2026-06-07T08:02:34.219+0700] {dag.py:3211} INFO - Sync 1 DAGs
[2026-06-07T08:02:34.244+0700] {logging_mixin.py:190} INFO - [2026-06-07T08:02:34.243+0700] {dag.py:4138} INFO - Setting next_dagrun for dag_scraping_twitter to 2026-06-06 23:00:00+00:00, run_after=2026-06-07 11:00:00+00:00
[2026-06-07T08:02:34.263+0700] {processor.py:208} INFO - Processing /opt/airflow/dags/dag_scraping_twitter.py took 0.107 seconds
[2026-06-07T08:03:04.604+0700] {processor.py:186} INFO - Started process (PID=33104) to work on /opt/airflow/dags/dag_scraping_twitter.py
[2026-06-07T08:03:04.605+0700] {processor.py:914} INFO - Processing file /opt/airflow/dags/dag_scraping_twitter.py for tasks to queue
[2026-06-07T08:03:04.608+0700] {logging_mixin.py:190} INFO - [2026-06-07T08:03:04.607+0700] {dagbag.py:587} INFO - Filling up the DagBag from /opt/airflow/dags/dag_scraping_twitter.py
[2026-06-07T08:03:04.627+0700] {processor.py:925} INFO - DAG(s) 'dag_scraping_twitter' retrieved from /opt/airflow/dags/dag_scraping_twitter.py
[2026-06-07T08:03:04.652+0700] {logging_mixin.py:190} INFO - [2026-06-07T08:03:04.652+0700] {dag.py:3211} INFO - Sync 1 DAGs
[2026-06-07T08:03:04.685+0700] {logging_mixin.py:190} INFO - [2026-06-07T08:03:04.684+0700] {dag.py:4138} INFO - Setting next_dagrun for dag_scraping_twitter to 2026-06-06 23:00:00+00:00, run_after=2026-06-07 11:00:00+00:00
[2026-06-07T08:03:04.706+0700] {processor.py:208} INFO - Processing /opt/airflow/dags/dag_scraping_twitter.py took 0.108 seconds
[2026-06-07T08:03:35.084+0700] {processor.py:186} INFO - Started process (PID=33132) to work on /opt/airflow/dags/dag_scraping_twitter.py
[2026-06-07T08:03:35.085+0700] {processor.py:914} INFO - Processing file /opt/airflow/dags/dag_scraping_twitter.py for tasks to queue
[2026-06-07T08:03:35.088+0700] {logging_mixin.py:190} INFO - [2026-06-07T08:03:35.087+0700] {dagbag.py:587} INFO - Filling up the DagBag from /opt/airflow/dags/dag_scraping_twitter.py
[2026-06-07T08:03:35.108+0700] {processor.py:925} INFO - DAG(s) 'dag_scraping_twitter' retrieved from /opt/airflow/dags/dag_scraping_twitter.py
[2026-06-07T08:03:35.134+0700] {logging_mixin.py:190} INFO - [2026-06-07T08:03:35.133+0700] {dag.py:3211} INFO - Sync 1 DAGs
[2026-06-07T08:03:35.156+0700] {logging_mixin.py:190} INFO - [2026-06-07T08:03:35.156+0700] {dag.py:4138} INFO - Setting next_dagrun for dag_scraping_twitter to 2026-06-06 23:00:00+00:00, run_after=2026-06-07 11:00:00+00:00
[2026-06-07T08:03:35.178+0700] {processor.py:208} INFO - Processing /opt/airflow/dags/dag_scraping_twitter.py took 0.102 seconds
[2026-06-07T08:04:05.642+0700] {processor.py:186} INFO - Started process (PID=33166) to work on /opt/airflow/dags/dag_scraping_twitter.py
[2026-06-07T08:04:05.643+0700] {processor.py:914} INFO - Processing file /opt/airflow/dags/dag_scraping_twitter.py for tasks to queue
[2026-06-07T08:04:05.646+0700] {logging_mixin.py:190} INFO - [2026-06-07T08:04:05.646+0700] {dagbag.py:587} INFO - Filling up the DagBag from /opt/airflow/dags/dag_scraping_twitter.py
[2026-06-07T08:04:05.665+0700] {processor.py:925} INFO - DAG(s) 'dag_scraping_twitter' retrieved from /opt/airflow/dags/dag_scraping_twitter.py
[2026-06-07T08:04:05.691+0700] {logging_mixin.py:190} INFO - [2026-06-07T08:04:05.691+0700] {dag.py:3211} INFO - Sync 1 DAGs
[2026-06-07T08:04:05.716+0700] {logging_mixin.py:190} INFO - [2026-06-07T08:04:05.716+0700] {dag.py:4138} INFO - Setting next_dagrun for dag_scraping_twitter to 2026-06-06 23:00:00+00:00, run_after=2026-06-07 11:00:00+00:00
[2026-06-07T08:04:05.737+0700] {processor.py:208} INFO - Processing /opt/airflow/dags/dag_scraping_twitter.py took 0.103 seconds
[2026-06-07T08:04:36.119+0700] {processor.py:186} INFO - Started process (PID=33195) to work on /opt/airflow/dags/dag_scraping_twitter.py
[2026-06-07T08:04:36.121+0700] {processor.py:914} INFO - Processing file /opt/airflow/dags/dag_scraping_twitter.py for tasks to queue
[2026-06-07T08:04:36.124+0700] {logging_mixin.py:190} INFO - [2026-06-07T08:04:36.123+0700] {dagbag.py:587} INFO - Filling up the DagBag from /opt/airflow/dags/dag_scraping_twitter.py
[2026-06-07T08:04:36.142+0700] {processor.py:925} INFO - DAG(s) 'dag_scraping_twitter' retrieved from /opt/airflow/dags/dag_scraping_twitter.py
[2026-06-07T08:04:36.166+0700] {logging_mixin.py:190} INFO - [2026-06-07T08:04:36.165+0700] {dag.py:3211} INFO - Sync 1 DAGs
[2026-06-07T08:04:36.188+0700] {logging_mixin.py:190} INFO - [2026-06-07T08:04:36.188+0700] {dag.py:4138} INFO - Setting next_dagrun for dag_scraping_twitter to 2026-06-06 23:00:00+00:00, run_after=2026-06-07 11:00:00+00:00
[2026-06-07T08:04:36.212+0700] {processor.py:208} INFO - Processing /opt/airflow/dags/dag_scraping_twitter.py took 0.099 seconds
[2026-06-07T08:05:06.541+0700] {processor.py:186} INFO - Started process (PID=33224) to work on /opt/airflow/dags/dag_scraping_twitter.py
[2026-06-07T08:05:06.542+0700] {processor.py:914} INFO - Processing file /opt/airflow/dags/dag_scraping_twitter.py for tasks to queue
[2026-06-07T08:05:06.545+0700] {logging_mixin.py:190} INFO - [2026-06-07T08:05:06.544+0700] {dagbag.py:587} INFO - Filling up the DagBag from /opt/airflow/dags/dag_scraping_twitter.py
[2026-06-07T08:05:06.562+0700] {processor.py:925} INFO - DAG(s) 'dag_scraping_twitter' retrieved from /opt/airflow/dags/dag_scraping_twitter.py
[2026-06-07T08:05:06.589+0700] {logging_mixin.py:190} INFO - [2026-06-07T08:05:06.588+0700] {dag.py:3211} INFO - Sync 1 DAGs
[2026-06-07T08:05:06.615+0700] {logging_mixin.py:190} INFO - [2026-06-07T08:05:06.615+0700] {dag.py:4138} INFO - Setting next_dagrun for dag_scraping_twitter to 2026-06-06 23:00:00+00:00, run_after=2026-06-07 11:00:00+00:00
[2026-06-07T08:05:06.636+0700] {processor.py:208} INFO - Processing /opt/airflow/dags/dag_scraping_twitter.py took 0.101 seconds
[2026-06-07T08:05:37.047+0700] {processor.py:186} INFO - Started process (PID=33252) to work on /opt/airflow/dags/dag_scraping_twitter.py
[2026-06-07T08:05:37.048+0700] {processor.py:914} INFO - Processing file /opt/airflow/dags/dag_scraping_twitter.py for tasks to queue
[2026-06-07T08:05:37.051+0700] {logging_mixin.py:190} INFO - [2026-06-07T08:05:37.050+0700] {dagbag.py:587} INFO - Filling up the DagBag from /opt/airflow/dags/dag_scraping_twitter.py
[2026-06-07T08:05:37.068+0700] {processor.py:925} INFO - DAG(s) 'dag_scraping_twitter' retrieved from /opt/airflow/dags/dag_scraping_twitter.py
[2026-06-07T08:05:37.093+0700] {logging_mixin.py:190} INFO - [2026-06-07T08:05:37.093+0700] {dag.py:3211} INFO - Sync 1 DAGs
[2026-06-07T08:05:37.117+0700] {logging_mixin.py:190} INFO - [2026-06-07T08:05:37.117+0700] {dag.py:4138} INFO - Setting next_dagrun for dag_scraping_twitter to 2026-06-06 23:00:00+00:00, run_after=2026-06-07 11:00:00+00:00
[2026-06-07T08:05:37.138+0700] {processor.py:208} INFO - Processing /opt/airflow/dags/dag_scraping_twitter.py took 0.098 seconds
[2026-06-07T08:06:07.610+0700] {processor.py:186} INFO - Started process (PID=33280) to work on /opt/airflow/dags/dag_scraping_twitter.py
[2026-06-07T08:06:07.612+0700] {processor.py:914} INFO - Processing file /opt/airflow/dags/dag_scraping_twitter.py for tasks to queue
[2026-06-07T08:06:07.615+0700] {logging_mixin.py:190} INFO - [2026-06-07T08:06:07.614+0700] {dagbag.py:587} INFO - Filling up the DagBag from /opt/airflow/dags/dag_scraping_twitter.py
[2026-06-07T08:06:07.633+0700] {processor.py:925} INFO - DAG(s) 'dag_scraping_twitter' retrieved from /opt/airflow/dags/dag_scraping_twitter.py
[2026-06-07T08:06:07.660+0700] {logging_mixin.py:190} INFO - [2026-06-07T08:06:07.660+0700] {dag.py:3211} INFO - Sync 1 DAGs
[2026-06-07T08:06:07.688+0700] {logging_mixin.py:190} INFO - [2026-06-07T08:06:07.688+0700] {dag.py:4138} INFO - Setting next_dagrun for dag_scraping_twitter to 2026-06-06 23:00:00+00:00, run_after=2026-06-07 11:00:00+00:00
[2026-06-07T08:06:07.711+0700] {processor.py:208} INFO - Processing /opt/airflow/dags/dag_scraping_twitter.py took 0.110 seconds
[2026-06-07T08:06:38.047+0700] {processor.py:186} INFO - Started process (PID=33308) to work on /opt/airflow/dags/dag_scraping_twitter.py
[2026-06-07T08:06:38.048+0700] {processor.py:914} INFO - Processing file /opt/airflow/dags/dag_scraping_twitter.py for tasks to queue
[2026-06-07T08:06:38.051+0700] {logging_mixin.py:190} INFO - [2026-06-07T08:06:38.051+0700] {dagbag.py:587} INFO - Filling up the DagBag from /opt/airflow/dags/dag_scraping_twitter.py
[2026-06-07T08:06:38.069+0700] {processor.py:925} INFO - DAG(s) 'dag_scraping_twitter' retrieved from /opt/airflow/dags/dag_scraping_twitter.py
[2026-06-07T08:06:38.097+0700] {logging_mixin.py:190} INFO - [2026-06-07T08:06:38.097+0700] {dag.py:3211} INFO - Sync 1 DAGs
[2026-06-07T08:06:38.123+0700] {logging_mixin.py:190} INFO - [2026-06-07T08:06:38.122+0700] {dag.py:4138} INFO - Setting next_dagrun for dag_scraping_twitter to 2026-06-06 23:00:00+00:00, run_after=2026-06-07 11:00:00+00:00
[2026-06-07T08:06:38.144+0700] {processor.py:208} INFO - Processing /opt/airflow/dags/dag_scraping_twitter.py took 0.104 seconds
[2026-06-07T08:07:08.406+0700] {processor.py:186} INFO - Started process (PID=33336) to work on /opt/airflow/dags/dag_scraping_twitter.py
[2026-06-07T08:07:08.407+0700] {processor.py:914} INFO - Processing file /opt/airflow/dags/dag_scraping_twitter.py for tasks to queue
[2026-06-07T08:07:08.410+0700] {logging_mixin.py:190} INFO - [2026-06-07T08:07:08.409+0700] {dagbag.py:587} INFO - Filling up the DagBag from /opt/airflow/dags/dag_scraping_twitter.py
[2026-06-07T08:07:08.432+0700] {processor.py:925} INFO - DAG(s) 'dag_scraping_twitter' retrieved from /opt/airflow/dags/dag_scraping_twitter.py
[2026-06-07T08:07:08.457+0700] {logging_mixin.py:190} INFO - [2026-06-07T08:07:08.457+0700] {dag.py:3211} INFO - Sync 1 DAGs
[2026-06-07T08:07:08.478+0700] {logging_mixin.py:190} INFO - [2026-06-07T08:07:08.478+0700] {dag.py:4138} INFO - Setting next_dagrun for dag_scraping_twitter to 2026-06-06 23:00:00+00:00, run_after=2026-06-07 11:00:00+00:00
[2026-06-07T08:07:08.500+0700] {processor.py:208} INFO - Processing /opt/airflow/dags/dag_scraping_twitter.py took 0.101 seconds
[2026-06-07T08:07:39.093+0700] {processor.py:186} INFO - Started process (PID=33364) to work on /opt/airflow/dags/dag_scraping_twitter.py
[2026-06-07T08:07:39.094+0700] {processor.py:914} INFO - Processing file /opt/airflow/dags/dag_scraping_twitter.py for tasks to queue
[2026-06-07T08:07:39.097+0700] {logging_mixin.py:190} INFO - [2026-06-07T08:07:39.096+0700] {dagbag.py:587} INFO - Filling up the DagBag from /opt/airflow/dags/dag_scraping_twitter.py
[2026-06-07T08:07:39.115+0700] {processor.py:925} INFO - DAG(s) 'dag_scraping_twitter' retrieved from /opt/airflow/dags/dag_scraping_twitter.py
[2026-06-07T08:07:39.142+0700] {logging_mixin.py:190} INFO - [2026-06-07T08:07:39.142+0700] {dag.py:3211} INFO - Sync 1 DAGs
[2026-06-07T08:07:39.166+0700] {logging_mixin.py:190} INFO - [2026-06-07T08:07:39.166+0700] {dag.py:4138} INFO - Setting next_dagrun for dag_scraping_twitter to 2026-06-06 23:00:00+00:00, run_after=2026-06-07 11:00:00+00:00
[2026-06-07T08:07:39.191+0700] {processor.py:208} INFO - Processing /opt/airflow/dags/dag_scraping_twitter.py took 0.105 seconds
[2026-06-07T08:08:09.886+0700] {processor.py:186} INFO - Started process (PID=33398) to work on /opt/airflow/dags/dag_scraping_twitter.py
[2026-06-07T08:08:09.887+0700] {processor.py:914} INFO - Processing file /opt/airflow/dags/dag_scraping_twitter.py for tasks to queue
[2026-06-07T08:08:09.889+0700] {logging_mixin.py:190} INFO - [2026-06-07T08:08:09.889+0700] {dagbag.py:587} INFO - Filling up the DagBag from /opt/airflow/dags/dag_scraping_twitter.py
[2026-06-07T08:08:09.908+0700] {processor.py:925} INFO - DAG(s) 'dag_scraping_twitter' retrieved from /opt/airflow/dags/dag_scraping_twitter.py
[2026-06-07T08:08:09.932+0700] {logging_mixin.py:190} INFO - [2026-06-07T08:08:09.932+0700] {dag.py:3211} INFO - Sync 1 DAGs
[2026-06-07T08:08:09.958+0700] {logging_mixin.py:190} INFO - [2026-06-07T08:08:09.958+0700] {dag.py:4138} INFO - Setting next_dagrun for dag_scraping_twitter to 2026-06-06 23:00:00+00:00, run_after=2026-06-07 11:00:00+00:00
[2026-06-07T08:08:09.979+0700] {processor.py:208} INFO - Processing /opt/airflow/dags/dag_scraping_twitter.py took 0.100 seconds
[2026-06-07T08:08:40.585+0700] {processor.py:186} INFO - Started process (PID=33426) to work on /opt/airflow/dags/dag_scraping_twitter.py
[2026-06-07T08:08:40.587+0700] {processor.py:914} INFO - Processing file /opt/airflow/dags/dag_scraping_twitter.py for tasks to queue
[2026-06-07T08:08:40.591+0700] {logging_mixin.py:190} INFO - [2026-06-07T08:08:40.590+0700] {dagbag.py:587} INFO - Filling up the DagBag from /opt/airflow/dags/dag_scraping_twitter.py
[2026-06-07T08:08:40.611+0700] {processor.py:925} INFO - DAG(s) 'dag_scraping_twitter' retrieved from /opt/airflow/dags/dag_scraping_twitter.py
[2026-06-07T08:08:40.640+0700] {logging_mixin.py:190} INFO - [2026-06-07T08:08:40.640+0700] {dag.py:3211} INFO - Sync 1 DAGs
[2026-06-07T08:08:40.666+0700] {logging_mixin.py:190} INFO - [2026-06-07T08:08:40.665+0700] {dag.py:4138} INFO - Setting next_dagrun for dag_scraping_twitter to 2026-06-06 23:00:00+00:00, run_after=2026-06-07 11:00:00+00:00
[2026-06-07T08:08:40.690+0700] {processor.py:208} INFO - Processing /opt/airflow/dags/dag_scraping_twitter.py took 0.112 seconds
[2026-06-07T08:09:11.348+0700] {processor.py:186} INFO - Started process (PID=33454) to work on /opt/airflow/dags/dag_scraping_twitter.py
[2026-06-07T08:09:11.350+0700] {processor.py:914} INFO - Processing file /opt/airflow/dags/dag_scraping_twitter.py for tasks to queue
[2026-06-07T08:09:11.353+0700] {logging_mixin.py:190} INFO - [2026-06-07T08:09:11.353+0700] {dagbag.py:587} INFO - Filling up the DagBag from /opt/airflow/dags/dag_scraping_twitter.py
[2026-06-07T08:09:11.380+0700] {processor.py:925} INFO - DAG(s) 'dag_scraping_twitter' retrieved from /opt/airflow/dags/dag_scraping_twitter.py
[2026-06-07T08:09:11.406+0700] {logging_mixin.py:190} INFO - [2026-06-07T08:09:11.406+0700] {dag.py:3211} INFO - Sync 1 DAGs
[2026-06-07T08:09:11.429+0700] {logging_mixin.py:190} INFO - [2026-06-07T08:09:11.429+0700] {dag.py:4138} INFO - Setting next_dagrun for dag_scraping_twitter to 2026-06-06 23:00:00+00:00, run_after=2026-06-07 11:00:00+00:00
[2026-06-07T08:09:11.453+0700] {processor.py:208} INFO - Processing /opt/airflow/dags/dag_scraping_twitter.py took 0.120 seconds
[2026-06-07T08:09:41.806+0700] {processor.py:186} INFO - Started process (PID=33483) to work on /opt/airflow/dags/dag_scraping_twitter.py
[2026-06-07T08:09:41.808+0700] {processor.py:914} INFO - Processing file /opt/airflow/dags/dag_scraping_twitter.py for tasks to queue
[2026-06-07T08:09:41.810+0700] {logging_mixin.py:190} INFO - [2026-06-07T08:09:41.810+0700] {dagbag.py:587} INFO - Filling up the DagBag from /opt/airflow/dags/dag_scraping_twitter.py
[2026-06-07T08:09:41.828+0700] {processor.py:925} INFO - DAG(s) 'dag_scraping_twitter' retrieved from /opt/airflow/dags/dag_scraping_twitter.py
[2026-06-07T08:09:41.853+0700] {logging_mixin.py:190} INFO - [2026-06-07T08:09:41.853+0700] {dag.py:3211} INFO - Sync 1 DAGs
[2026-06-07T08:09:41.877+0700] {logging_mixin.py:190} INFO - [2026-06-07T08:09:41.876+0700] {dag.py:4138} INFO - Setting next_dagrun for dag_scraping_twitter to 2026-06-06 23:00:00+00:00, run_after=2026-06-07 11:00:00+00:00
[2026-06-07T08:09:41.898+0700] {processor.py:208} INFO - Processing /opt/airflow/dags/dag_scraping_twitter.py took 0.099 seconds
[2026-06-07T08:10:12.295+0700] {processor.py:186} INFO - Started process (PID=33511) to work on /opt/airflow/dags/dag_scraping_twitter.py
[2026-06-07T08:10:12.296+0700] {processor.py:914} INFO - Processing file /opt/airflow/dags/dag_scraping_twitter.py for tasks to queue
[2026-06-07T08:10:12.299+0700] {logging_mixin.py:190} INFO - [2026-06-07T08:10:12.298+0700] {dagbag.py:587} INFO - Filling up the DagBag from /opt/airflow/dags/dag_scraping_twitter.py
[2026-06-07T08:10:12.317+0700] {processor.py:925} INFO - DAG(s) 'dag_scraping_twitter' retrieved from /opt/airflow/dags/dag_scraping_twitter.py
[2026-06-07T08:10:12.342+0700] {logging_mixin.py:190} INFO - [2026-06-07T08:10:12.341+0700] {dag.py:3211} INFO - Sync 1 DAGs
[2026-06-07T08:10:12.365+0700] {logging_mixin.py:190} INFO - [2026-06-07T08:10:12.365+0700] {dag.py:4138} INFO - Setting next_dagrun for dag_scraping_twitter to 2026-06-06 23:00:00+00:00, run_after=2026-06-07 11:00:00+00:00
[2026-06-07T08:10:12.387+0700] {processor.py:208} INFO - Processing /opt/airflow/dags/dag_scraping_twitter.py took 0.103 seconds
[2026-06-07T08:10:42.758+0700] {processor.py:186} INFO - Started process (PID=33539) to work on /opt/airflow/dags/dag_scraping_twitter.py
[2026-06-07T08:10:42.759+0700] {processor.py:914} INFO - Processing file /opt/airflow/dags/dag_scraping_twitter.py for tasks to queue
[2026-06-07T08:10:42.762+0700] {logging_mixin.py:190} INFO - [2026-06-07T08:10:42.761+0700] {dagbag.py:587} INFO - Filling up the DagBag from /opt/airflow/dags/dag_scraping_twitter.py
[2026-06-07T08:10:42.782+0700] {processor.py:925} INFO - DAG(s) 'dag_scraping_twitter' retrieved from /opt/airflow/dags/dag_scraping_twitter.py
[2026-06-07T08:10:42.807+0700] {logging_mixin.py:190} INFO - [2026-06-07T08:10:42.807+0700] {dag.py:3211} INFO - Sync 1 DAGs
[2026-06-07T08:10:42.830+0700] {logging_mixin.py:190} INFO - [2026-06-07T08:10:42.830+0700] {dag.py:4138} INFO - Setting next_dagrun for dag_scraping_twitter to 2026-06-06 23:00:00+00:00, run_after=2026-06-07 11:00:00+00:00
[2026-06-07T08:10:42.854+0700] {processor.py:208} INFO - Processing /opt/airflow/dags/dag_scraping_twitter.py took 0.103 seconds
[2026-06-07T08:11:13.218+0700] {processor.py:186} INFO - Started process (PID=33567) to work on /opt/airflow/dags/dag_scraping_twitter.py
[2026-06-07T08:11:13.219+0700] {processor.py:914} INFO - Processing file /opt/airflow/dags/dag_scraping_twitter.py for tasks to queue
[2026-06-07T08:11:13.221+0700] {logging_mixin.py:190} INFO - [2026-06-07T08:11:13.221+0700] {dagbag.py:587} INFO - Filling up the DagBag from /opt/airflow/dags/dag_scraping_twitter.py
[2026-06-07T08:11:13.239+0700] {processor.py:925} INFO - DAG(s) 'dag_scraping_twitter' retrieved from /opt/airflow/dags/dag_scraping_twitter.py
[2026-06-07T08:11:13.263+0700] {logging_mixin.py:190} INFO - [2026-06-07T08:11:13.263+0700] {dag.py:3211} INFO - Sync 1 DAGs
[2026-06-07T08:11:13.287+0700] {logging_mixin.py:190} INFO - [2026-06-07T08:11:13.287+0700] {dag.py:4138} INFO - Setting next_dagrun for dag_scraping_twitter to 2026-06-06 23:00:00+00:00, run_after=2026-06-07 11:00:00+00:00
[2026-06-07T08:11:13.310+0700] {processor.py:208} INFO - Processing /opt/airflow/dags/dag_scraping_twitter.py took 0.101 seconds
[2026-06-07T08:11:43.670+0700] {processor.py:186} INFO - Started process (PID=33601) to work on /opt/airflow/dags/dag_scraping_twitter.py
[2026-06-07T08:11:43.672+0700] {processor.py:914} INFO - Processing file /opt/airflow/dags/dag_scraping_twitter.py for tasks to queue
[2026-06-07T08:11:43.674+0700] {logging_mixin.py:190} INFO - [2026-06-07T08:11:43.674+0700] {dagbag.py:587} INFO - Filling up the DagBag from /opt/airflow/dags/dag_scraping_twitter.py
[2026-06-07T08:11:43.692+0700] {processor.py:925} INFO - DAG(s) 'dag_scraping_twitter' retrieved from /opt/airflow/dags/dag_scraping_twitter.py
[2026-06-07T08:11:43.717+0700] {logging_mixin.py:190} INFO - [2026-06-07T08:11:43.717+0700] {dag.py:3211} INFO - Sync 1 DAGs
[2026-06-07T08:11:43.741+0700] {logging_mixin.py:190} INFO - [2026-06-07T08:11:43.740+0700] {dag.py:4138} INFO - Setting next_dagrun for dag_scraping_twitter to 2026-06-06 23:00:00+00:00, run_after=2026-06-07 11:00:00+00:00
[2026-06-07T08:11:43.761+0700] {processor.py:208} INFO - Processing /opt/airflow/dags/dag_scraping_twitter.py took 0.098 seconds
[2026-06-07T08:12:14.195+0700] {processor.py:186} INFO - Started process (PID=33629) to work on /opt/airflow/dags/dag_scraping_twitter.py
[2026-06-07T08:12:14.196+0700] {processor.py:914} INFO - Processing file /opt/airflow/dags/dag_scraping_twitter.py for tasks to queue
[2026-06-07T08:12:14.199+0700] {logging_mixin.py:190} INFO - [2026-06-07T08:12:14.199+0700] {dagbag.py:587} INFO - Filling up the DagBag from /opt/airflow/dags/dag_scraping_twitter.py
[2026-06-07T08:12:14.219+0700] {processor.py:925} INFO - DAG(s) 'dag_scraping_twitter' retrieved from /opt/airflow/dags/dag_scraping_twitter.py
[2026-06-07T08:12:14.245+0700] {logging_mixin.py:190} INFO - [2026-06-07T08:12:14.245+0700] {dag.py:3211} INFO - Sync 1 DAGs
[2026-06-07T08:12:14.268+0700] {logging_mixin.py:190} INFO - [2026-06-07T08:12:14.267+0700] {dag.py:4138} INFO - Setting next_dagrun for dag_scraping_twitter to 2026-06-06 23:00:00+00:00, run_after=2026-06-07 11:00:00+00:00
[2026-06-07T08:12:14.312+0700] {processor.py:208} INFO - Processing /opt/airflow/dags/dag_scraping_twitter.py took 0.124 seconds
[2026-06-07T08:12:44.630+0700] {processor.py:186} INFO - Started process (PID=33657) to work on /opt/airflow/dags/dag_scraping_twitter.py
[2026-06-07T08:12:44.631+0700] {processor.py:914} INFO - Processing file /opt/airflow/dags/dag_scraping_twitter.py for tasks to queue
[2026-06-07T08:12:44.635+0700] {logging_mixin.py:190} INFO - [2026-06-07T08:12:44.634+0700] {dagbag.py:587} INFO - Filling up the DagBag from /opt/airflow/dags/dag_scraping_twitter.py
[2026-06-07T08:12:44.655+0700] {processor.py:925} INFO - DAG(s) 'dag_scraping_twitter' retrieved from /opt/airflow/dags/dag_scraping_twitter.py
[2026-06-07T08:12:44.683+0700] {logging_mixin.py:190} INFO - [2026-06-07T08:12:44.682+0700] {dag.py:3211} INFO - Sync 1 DAGs
[2026-06-07T08:12:44.711+0700] {logging_mixin.py:190} INFO - [2026-06-07T08:12:44.710+0700] {dag.py:4138} INFO - Setting next_dagrun for dag_scraping_twitter to 2026-06-06 23:00:00+00:00, run_after=2026-06-07 11:00:00+00:00
[2026-06-07T08:12:44.732+0700] {processor.py:208} INFO - Processing /opt/airflow/dags/dag_scraping_twitter.py took 0.108 seconds
[2026-06-07T08:13:15.166+0700] {processor.py:186} INFO - Started process (PID=33685) to work on /opt/airflow/dags/dag_scraping_twitter.py
[2026-06-07T08:13:15.167+0700] {processor.py:914} INFO - Processing file /opt/airflow/dags/dag_scraping_twitter.py for tasks to queue
[2026-06-07T08:13:15.170+0700] {logging_mixin.py:190} INFO - [2026-06-07T08:13:15.170+0700] {dagbag.py:587} INFO - Filling up the DagBag from /opt/airflow/dags/dag_scraping_twitter.py
[2026-06-07T08:13:15.190+0700] {processor.py:925} INFO - DAG(s) 'dag_scraping_twitter' retrieved from /opt/airflow/dags/dag_scraping_twitter.py
[2026-06-07T08:13:15.221+0700] {logging_mixin.py:190} INFO - [2026-06-07T08:13:15.221+0700] {dag.py:3211} INFO - Sync 1 DAGs
[2026-06-07T08:13:15.245+0700] {logging_mixin.py:190} INFO - [2026-06-07T08:13:15.245+0700] {dag.py:4138} INFO - Setting next_dagrun for dag_scraping_twitter to 2026-06-06 23:00:00+00:00, run_after=2026-06-07 11:00:00+00:00
[2026-06-07T08:13:15.268+0700] {processor.py:208} INFO - Processing /opt/airflow/dags/dag_scraping_twitter.py took 0.112 seconds
[2026-06-07T08:13:45.602+0700] {processor.py:186} INFO - Started process (PID=33713) to work on /opt/airflow/dags/dag_scraping_twitter.py
[2026-06-07T08:13:45.603+0700] {processor.py:914} INFO - Processing file /opt/airflow/dags/dag_scraping_twitter.py for tasks to queue
[2026-06-07T08:13:45.606+0700] {logging_mixin.py:190} INFO - [2026-06-07T08:13:45.605+0700] {dagbag.py:587} INFO - Filling up the DagBag from /opt/airflow/dags/dag_scraping_twitter.py
[2026-06-07T08:13:45.625+0700] {processor.py:925} INFO - DAG(s) 'dag_scraping_twitter' retrieved from /opt/airflow/dags/dag_scraping_twitter.py
[2026-06-07T08:13:45.654+0700] {logging_mixin.py:190} INFO - [2026-06-07T08:13:45.653+0700] {dag.py:3211} INFO - Sync 1 DAGs
[2026-06-07T08:13:45.676+0700] {logging_mixin.py:190} INFO - [2026-06-07T08:13:45.676+0700] {dag.py:4138} INFO - Setting next_dagrun for dag_scraping_twitter to 2026-06-06 23:00:00+00:00, run_after=2026-06-07 11:00:00+00:00
[2026-06-07T08:13:45.697+0700] {processor.py:208} INFO - Processing /opt/airflow/dags/dag_scraping_twitter.py took 0.101 seconds
[2026-06-07T08:14:15.977+0700] {processor.py:186} INFO - Started process (PID=33742) to work on /opt/airflow/dags/dag_scraping_twitter.py
[2026-06-07T08:14:15.978+0700] {processor.py:914} INFO - Processing file /opt/airflow/dags/dag_scraping_twitter.py for tasks to queue
[2026-06-07T08:14:15.980+0700] {logging_mixin.py:190} INFO - [2026-06-07T08:14:15.980+0700] {dagbag.py:587} INFO - Filling up the DagBag from /opt/airflow/dags/dag_scraping_twitter.py
[2026-06-07T08:14:15.999+0700] {processor.py:925} INFO - DAG(s) 'dag_scraping_twitter' retrieved from /opt/airflow/dags/dag_scraping_twitter.py
[2026-06-07T08:14:16.025+0700] {logging_mixin.py:190} INFO - [2026-06-07T08:14:16.025+0700] {dag.py:3211} INFO - Sync 1 DAGs
[2026-06-07T08:14:16.047+0700] {logging_mixin.py:190} INFO - [2026-06-07T08:14:16.047+0700] {dag.py:4138} INFO - Setting next_dagrun for dag_scraping_twitter to 2026-06-06 23:00:00+00:00, run_after=2026-06-07 11:00:00+00:00
[2026-06-07T08:14:16.071+0700] {processor.py:208} INFO - Processing /opt/airflow/dags/dag_scraping_twitter.py took 0.100 seconds
[2026-06-07T08:14:46.466+0700] {processor.py:186} INFO - Started process (PID=33770) to work on /opt/airflow/dags/dag_scraping_twitter.py
[2026-06-07T08:14:46.467+0700] {processor.py:914} INFO - Processing file /opt/airflow/dags/dag_scraping_twitter.py for tasks to queue
[2026-06-07T08:14:46.470+0700] {logging_mixin.py:190} INFO - [2026-06-07T08:14:46.469+0700] {dagbag.py:587} INFO - Filling up the DagBag from /opt/airflow/dags/dag_scraping_twitter.py
[2026-06-07T08:14:46.488+0700] {processor.py:925} INFO - DAG(s) 'dag_scraping_twitter' retrieved from /opt/airflow/dags/dag_scraping_twitter.py
[2026-06-07T08:14:46.515+0700] {logging_mixin.py:190} INFO - [2026-06-07T08:14:46.515+0700] {dag.py:3211} INFO - Sync 1 DAGs
[2026-06-07T08:14:46.542+0700] {logging_mixin.py:190} INFO - [2026-06-07T08:14:46.542+0700] {dag.py:4138} INFO - Setting next_dagrun for dag_scraping_twitter to 2026-06-06 23:00:00+00:00, run_after=2026-06-07 11:00:00+00:00
[2026-06-07T08:14:46.563+0700] {processor.py:208} INFO - Processing /opt/airflow/dags/dag_scraping_twitter.py took 0.103 seconds
[2026-06-07T08:15:16.861+0700] {processor.py:186} INFO - Started process (PID=33798) to work on /opt/airflow/dags/dag_scraping_twitter.py
[2026-06-07T08:15:16.862+0700] {processor.py:914} INFO - Processing file /opt/airflow/dags/dag_scraping_twitter.py for tasks to queue
[2026-06-07T08:15:16.865+0700] {logging_mixin.py:190} INFO - [2026-06-07T08:15:16.865+0700] {dagbag.py:587} INFO - Filling up the DagBag from /opt/airflow/dags/dag_scraping_twitter.py
[2026-06-07T08:15:16.883+0700] {processor.py:925} INFO - DAG(s) 'dag_scraping_twitter' retrieved from /opt/airflow/dags/dag_scraping_twitter.py
[2026-06-07T08:15:16.908+0700] {logging_mixin.py:190} INFO - [2026-06-07T08:15:16.908+0700] {dag.py:3211} INFO - Sync 1 DAGs
[2026-06-07T08:15:16.929+0700] {logging_mixin.py:190} INFO - [2026-06-07T08:15:16.929+0700] {dag.py:4138} INFO - Setting next_dagrun for dag_scraping_twitter to 2026-06-06 23:00:00+00:00, run_after=2026-06-07 11:00:00+00:00
[2026-06-07T08:15:16.950+0700] {processor.py:208} INFO - Processing /opt/airflow/dags/dag_scraping_twitter.py took 0.097 seconds
[2026-06-07T08:15:47.242+0700] {processor.py:186} INFO - Started process (PID=33826) to work on /opt/airflow/dags/dag_scraping_twitter.py
[2026-06-07T08:15:47.243+0700] {processor.py:914} INFO - Processing file /opt/airflow/dags/dag_scraping_twitter.py for tasks to queue
[2026-06-07T08:15:47.246+0700] {logging_mixin.py:190} INFO - [2026-06-07T08:15:47.245+0700] {dagbag.py:587} INFO - Filling up the DagBag from /opt/airflow/dags/dag_scraping_twitter.py
[2026-06-07T08:15:47.264+0700] {processor.py:925} INFO - DAG(s) 'dag_scraping_twitter' retrieved from /opt/airflow/dags/dag_scraping_twitter.py
[2026-06-07T08:15:47.290+0700] {logging_mixin.py:190} INFO - [2026-06-07T08:15:47.290+0700] {dag.py:3211} INFO - Sync 1 DAGs
[2026-06-07T08:15:47.318+0700] {logging_mixin.py:190} INFO - [2026-06-07T08:15:47.318+0700] {dag.py:4138} INFO - Setting next_dagrun for dag_scraping_twitter to 2026-06-06 23:00:00+00:00, run_after=2026-06-07 11:00:00+00:00
[2026-06-07T08:15:47.342+0700] {processor.py:208} INFO - Processing /opt/airflow/dags/dag_scraping_twitter.py took 0.106 seconds
[2026-06-07T08:16:17.692+0700] {processor.py:186} INFO - Started process (PID=33860) to work on /opt/airflow/dags/dag_scraping_twitter.py
[2026-06-07T08:16:17.693+0700] {processor.py:914} INFO - Processing file /opt/airflow/dags/dag_scraping_twitter.py for tasks to queue
[2026-06-07T08:16:17.695+0700] {logging_mixin.py:190} INFO - [2026-06-07T08:16:17.695+0700] {dagbag.py:587} INFO - Filling up the DagBag from /opt/airflow/dags/dag_scraping_twitter.py
[2026-06-07T08:16:17.713+0700] {processor.py:925} INFO - DAG(s) 'dag_scraping_twitter' retrieved from /opt/airflow/dags/dag_scraping_twitter.py
[2026-06-07T08:16:17.739+0700] {logging_mixin.py:190} INFO - [2026-06-07T08:16:17.739+0700] {dag.py:3211} INFO - Sync 1 DAGs
[2026-06-07T08:16:17.766+0700] {logging_mixin.py:190} INFO - [2026-06-07T08:16:17.765+0700] {dag.py:4138} INFO - Setting next_dagrun for dag_scraping_twitter to 2026-06-06 23:00:00+00:00, run_after=2026-06-07 11:00:00+00:00
[2026-06-07T08:16:17.787+0700] {processor.py:208} INFO - Processing /opt/airflow/dags/dag_scraping_twitter.py took 0.102 seconds
[2026-06-07T08:16:48.598+0700] {processor.py:186} INFO - Started process (PID=33888) to work on /opt/airflow/dags/dag_scraping_twitter.py
[2026-06-07T08:16:48.599+0700] {processor.py:914} INFO - Processing file /opt/airflow/dags/dag_scraping_twitter.py for tasks to queue
[2026-06-07T08:16:48.602+0700] {logging_mixin.py:190} INFO - [2026-06-07T08:16:48.601+0700] {dagbag.py:587} INFO - Filling up the DagBag from /opt/airflow/dags/dag_scraping_twitter.py
[2026-06-07T08:16:48.620+0700] {processor.py:925} INFO - DAG(s) 'dag_scraping_twitter' retrieved from /opt/airflow/dags/dag_scraping_twitter.py
[2026-06-07T08:16:48.645+0700] {logging_mixin.py:190} INFO - [2026-06-07T08:16:48.644+0700] {dag.py:3211} INFO - Sync 1 DAGs
[2026-06-07T08:16:48.668+0700] {logging_mixin.py:190} INFO - [2026-06-07T08:16:48.667+0700] {dag.py:4138} INFO - Setting next_dagrun for dag_scraping_twitter to 2026-06-06 23:00:00+00:00, run_after=2026-06-07 11:00:00+00:00
[2026-06-07T08:16:48.689+0700] {processor.py:208} INFO - Processing /opt/airflow/dags/dag_scraping_twitter.py took 0.100 seconds
[2026-06-07T08:17:18.976+0700] {processor.py:186} INFO - Started process (PID=33916) to work on /opt/airflow/dags/dag_scraping_twitter.py
[2026-06-07T08:17:18.977+0700] {processor.py:914} INFO - Processing file /opt/airflow/dags/dag_scraping_twitter.py for tasks to queue
[2026-06-07T08:17:18.980+0700] {logging_mixin.py:190} INFO - [2026-06-07T08:17:18.980+0700] {dagbag.py:587} INFO - Filling up the DagBag from /opt/airflow/dags/dag_scraping_twitter.py
[2026-06-07T08:17:18.998+0700] {processor.py:925} INFO - DAG(s) 'dag_scraping_twitter' retrieved from /opt/airflow/dags/dag_scraping_twitter.py
[2026-06-07T08:17:19.023+0700] {logging_mixin.py:190} INFO - [2026-06-07T08:17:19.022+0700] {dag.py:3211} INFO - Sync 1 DAGs
[2026-06-07T08:17:19.046+0700] {logging_mixin.py:190} INFO - [2026-06-07T08:17:19.046+0700] {dag.py:4138} INFO - Setting next_dagrun for dag_scraping_twitter to 2026-06-06 23:00:00+00:00, run_after=2026-06-07 11:00:00+00:00
[2026-06-07T08:17:19.067+0700] {processor.py:208} INFO - Processing /opt/airflow/dags/dag_scraping_twitter.py took 0.097 seconds
[2026-06-07T08:17:49.572+0700] {processor.py:186} INFO - Started process (PID=33944) to work on /opt/airflow/dags/dag_scraping_twitter.py
[2026-06-07T08:17:49.573+0700] {processor.py:914} INFO - Processing file /opt/airflow/dags/dag_scraping_twitter.py for tasks to queue
[2026-06-07T08:17:49.577+0700] {logging_mixin.py:190} INFO - [2026-06-07T08:17:49.576+0700] {dagbag.py:587} INFO - Filling up the DagBag from /opt/airflow/dags/dag_scraping_twitter.py
[2026-06-07T08:17:49.596+0700] {processor.py:925} INFO - DAG(s) 'dag_scraping_twitter' retrieved from /opt/airflow/dags/dag_scraping_twitter.py
[2026-06-07T08:17:49.623+0700] {logging_mixin.py:190} INFO - [2026-06-07T08:17:49.623+0700] {dag.py:3211} INFO - Sync 1 DAGs
[2026-06-07T08:17:49.645+0700] {logging_mixin.py:190} INFO - [2026-06-07T08:17:49.645+0700] {dag.py:4138} INFO - Setting next_dagrun for dag_scraping_twitter to 2026-06-06 23:00:00+00:00, run_after=2026-06-07 11:00:00+00:00
[2026-06-07T08:17:49.665+0700] {processor.py:208} INFO - Processing /opt/airflow/dags/dag_scraping_twitter.py took 0.099 seconds
[2026-06-07T08:18:20.207+0700] {processor.py:186} INFO - Started process (PID=33972) to work on /opt/airflow/dags/dag_scraping_twitter.py
[2026-06-07T08:18:20.208+0700] {processor.py:914} INFO - Processing file /opt/airflow/dags/dag_scraping_twitter.py for tasks to queue
[2026-06-07T08:18:20.210+0700] {logging_mixin.py:190} INFO - [2026-06-07T08:18:20.210+0700] {dagbag.py:587} INFO - Filling up the DagBag from /opt/airflow/dags/dag_scraping_twitter.py
[2026-06-07T08:18:20.228+0700] {processor.py:925} INFO - DAG(s) 'dag_scraping_twitter' retrieved from /opt/airflow/dags/dag_scraping_twitter.py
[2026-06-07T08:18:20.254+0700] {logging_mixin.py:190} INFO - [2026-06-07T08:18:20.253+0700] {dag.py:3211} INFO - Sync 1 DAGs
[2026-06-07T08:18:20.277+0700] {logging_mixin.py:190} INFO - [2026-06-07T08:18:20.277+0700] {dag.py:4138} INFO - Setting next_dagrun for dag_scraping_twitter to 2026-06-06 23:00:00+00:00, run_after=2026-06-07 11:00:00+00:00
[2026-06-07T08:18:20.298+0700] {processor.py:208} INFO - Processing /opt/airflow/dags/dag_scraping_twitter.py took 0.097 seconds
[2026-06-07T08:18:50.759+0700] {processor.py:186} INFO - Started process (PID=34000) to work on /opt/airflow/dags/dag_scraping_twitter.py
[2026-06-07T08:18:50.760+0700] {processor.py:914} INFO - Processing file /opt/airflow/dags/dag_scraping_twitter.py for tasks to queue
[2026-06-07T08:18:50.763+0700] {logging_mixin.py:190} INFO - [2026-06-07T08:18:50.763+0700] {dagbag.py:587} INFO - Filling up the DagBag from /opt/airflow/dags/dag_scraping_twitter.py
[2026-06-07T08:18:50.786+0700] {processor.py:925} INFO - DAG(s) 'dag_scraping_twitter' retrieved from /opt/airflow/dags/dag_scraping_twitter.py
[2026-06-07T08:18:50.815+0700] {logging_mixin.py:190} INFO - [2026-06-07T08:18:50.814+0700] {dag.py:3211} INFO - Sync 1 DAGs
[2026-06-07T08:18:50.846+0700] {logging_mixin.py:190} INFO - [2026-06-07T08:18:50.846+0700] {dag.py:4138} INFO - Setting next_dagrun for dag_scraping_twitter to 2026-06-06 23:00:00+00:00, run_after=2026-06-07 11:00:00+00:00
[2026-06-07T08:18:50.868+0700] {processor.py:208} INFO - Processing /opt/airflow/dags/dag_scraping_twitter.py took 0.119 seconds
[2026-06-07T08:19:21.414+0700] {processor.py:186} INFO - Started process (PID=34028) to work on /opt/airflow/dags/dag_scraping_twitter.py
[2026-06-07T08:19:21.416+0700] {processor.py:914} INFO - Processing file /opt/airflow/dags/dag_scraping_twitter.py for tasks to queue
[2026-06-07T08:19:21.419+0700] {logging_mixin.py:190} INFO - [2026-06-07T08:19:21.419+0700] {dagbag.py:587} INFO - Filling up the DagBag from /opt/airflow/dags/dag_scraping_twitter.py
[2026-06-07T08:19:21.443+0700] {processor.py:925} INFO - DAG(s) 'dag_scraping_twitter' retrieved from /opt/airflow/dags/dag_scraping_twitter.py
[2026-06-07T08:19:21.473+0700] {logging_mixin.py:190} INFO - [2026-06-07T08:19:21.473+0700] {dag.py:3211} INFO - Sync 1 DAGs
[2026-06-07T08:19:21.497+0700] {logging_mixin.py:190} INFO - [2026-06-07T08:19:21.497+0700] {dag.py:4138} INFO - Setting next_dagrun for dag_scraping_twitter to 2026-06-06 23:00:00+00:00, run_after=2026-06-07 11:00:00+00:00
[2026-06-07T08:19:21.519+0700] {processor.py:208} INFO - Processing /opt/airflow/dags/dag_scraping_twitter.py took 0.113 seconds
[2026-06-07T08:19:51.890+0700] {processor.py:186} INFO - Started process (PID=34056) to work on /opt/airflow/dags/dag_scraping_twitter.py
[2026-06-07T08:19:51.891+0700] {processor.py:914} INFO - Processing file /opt/airflow/dags/dag_scraping_twitter.py for tasks to queue
[2026-06-07T08:19:51.894+0700] {logging_mixin.py:190} INFO - [2026-06-07T08:19:51.894+0700] {dagbag.py:587} INFO - Filling up the DagBag from /opt/airflow/dags/dag_scraping_twitter.py
[2026-06-07T08:19:51.914+0700] {processor.py:925} INFO - DAG(s) 'dag_scraping_twitter' retrieved from /opt/airflow/dags/dag_scraping_twitter.py
[2026-06-07T08:19:51.938+0700] {logging_mixin.py:190} INFO - [2026-06-07T08:19:51.938+0700] {dag.py:3211} INFO - Sync 1 DAGs
[2026-06-07T08:19:51.962+0700] {logging_mixin.py:190} INFO - [2026-06-07T08:19:51.961+0700] {dag.py:4138} INFO - Setting next_dagrun for dag_scraping_twitter to 2026-06-06 23:00:00+00:00, run_after=2026-06-07 11:00:00+00:00
[2026-06-07T08:19:51.982+0700] {processor.py:208} INFO - Processing /opt/airflow/dags/dag_scraping_twitter.py took 0.098 seconds
[2026-06-07T08:20:22.374+0700] {processor.py:186} INFO - Started process (PID=34090) to work on /opt/airflow/dags/dag_scraping_twitter.py
[2026-06-07T08:20:22.376+0700] {processor.py:914} INFO - Processing file /opt/airflow/dags/dag_scraping_twitter.py for tasks to queue
[2026-06-07T08:20:22.380+0700] {logging_mixin.py:190} INFO - [2026-06-07T08:20:22.379+0700] {dagbag.py:587} INFO - Filling up the DagBag from /opt/airflow/dags/dag_scraping_twitter.py
[2026-06-07T08:20:22.408+0700] {processor.py:925} INFO - DAG(s) 'dag_scraping_twitter' retrieved from /opt/airflow/dags/dag_scraping_twitter.py
[2026-06-07T08:20:22.445+0700] {logging_mixin.py:190} INFO - [2026-06-07T08:20:22.444+0700] {dag.py:3211} INFO - Sync 1 DAGs
[2026-06-07T08:20:22.470+0700] {logging_mixin.py:190} INFO - [2026-06-07T08:20:22.470+0700] {dag.py:4138} INFO - Setting next_dagrun for dag_scraping_twitter to 2026-06-06 23:00:00+00:00, run_after=2026-06-07 11:00:00+00:00
[2026-06-07T08:20:22.493+0700] {processor.py:208} INFO - Processing /opt/airflow/dags/dag_scraping_twitter.py took 0.130 seconds
[2026-06-07T08:20:52.765+0700] {processor.py:186} INFO - Started process (PID=34118) to work on /opt/airflow/dags/dag_scraping_twitter.py
[2026-06-07T08:20:52.767+0700] {processor.py:914} INFO - Processing file /opt/airflow/dags/dag_scraping_twitter.py for tasks to queue
[2026-06-07T08:20:52.769+0700] {logging_mixin.py:190} INFO - [2026-06-07T08:20:52.769+0700] {dagbag.py:587} INFO - Filling up the DagBag from /opt/airflow/dags/dag_scraping_twitter.py
[2026-06-07T08:20:52.789+0700] {processor.py:925} INFO - DAG(s) 'dag_scraping_twitter' retrieved from /opt/airflow/dags/dag_scraping_twitter.py
[2026-06-07T08:20:52.815+0700] {logging_mixin.py:190} INFO - [2026-06-07T08:20:52.815+0700] {dag.py:3211} INFO - Sync 1 DAGs
[2026-06-07T08:20:52.840+0700] {logging_mixin.py:190} INFO - [2026-06-07T08:20:52.839+0700] {dag.py:4138} INFO - Setting next_dagrun for dag_scraping_twitter to 2026-06-06 23:00:00+00:00, run_after=2026-06-07 11:00:00+00:00
[2026-06-07T08:20:52.861+0700] {processor.py:208} INFO - Processing /opt/airflow/dags/dag_scraping_twitter.py took 0.105 seconds
[2026-06-07T08:21:23.281+0700] {processor.py:186} INFO - Started process (PID=34146) to work on /opt/airflow/dags/dag_scraping_twitter.py
[2026-06-07T08:21:23.282+0700] {processor.py:914} INFO - Processing file /opt/airflow/dags/dag_scraping_twitter.py for tasks to queue
[2026-06-07T08:21:23.285+0700] {logging_mixin.py:190} INFO - [2026-06-07T08:21:23.284+0700] {dagbag.py:587} INFO - Filling up the DagBag from /opt/airflow/dags/dag_scraping_twitter.py
[2026-06-07T08:21:23.302+0700] {processor.py:925} INFO - DAG(s) 'dag_scraping_twitter' retrieved from /opt/airflow/dags/dag_scraping_twitter.py
[2026-06-07T08:21:23.329+0700] {logging_mixin.py:190} INFO - [2026-06-07T08:21:23.329+0700] {dag.py:3211} INFO - Sync 1 DAGs
[2026-06-07T08:21:23.351+0700] {logging_mixin.py:190} INFO - [2026-06-07T08:21:23.351+0700] {dag.py:4138} INFO - Setting next_dagrun for dag_scraping_twitter to 2026-06-06 23:00:00+00:00, run_after=2026-06-07 11:00:00+00:00
[2026-06-07T08:21:23.372+0700] {processor.py:208} INFO - Processing /opt/airflow/dags/dag_scraping_twitter.py took 0.097 seconds
[2026-06-07T08:21:53.862+0700] {processor.py:186} INFO - Started process (PID=34174) to work on /opt/airflow/dags/dag_scraping_twitter.py
[2026-06-07T08:21:53.863+0700] {processor.py:914} INFO - Processing file /opt/airflow/dags/dag_scraping_twitter.py for tasks to queue
[2026-06-07T08:21:53.866+0700] {logging_mixin.py:190} INFO - [2026-06-07T08:21:53.866+0700] {dagbag.py:587} INFO - Filling up the DagBag from /opt/airflow/dags/dag_scraping_twitter.py
[2026-06-07T08:21:53.888+0700] {processor.py:925} INFO - DAG(s) 'dag_scraping_twitter' retrieved from /opt/airflow/dags/dag_scraping_twitter.py
[2026-06-07T08:21:53.912+0700] {logging_mixin.py:190} INFO - [2026-06-07T08:21:53.912+0700] {dag.py:3211} INFO - Sync 1 DAGs
[2026-06-07T08:21:53.942+0700] {logging_mixin.py:190} INFO - [2026-06-07T08:21:53.942+0700] {dag.py:4138} INFO - Setting next_dagrun for dag_scraping_twitter to 2026-06-06 23:00:00+00:00, run_after=2026-06-07 11:00:00+00:00
[2026-06-07T08:21:53.964+0700] {processor.py:208} INFO - Processing /opt/airflow/dags/dag_scraping_twitter.py took 0.110 seconds
[2026-06-07T08:22:24.353+0700] {processor.py:186} INFO - Started process (PID=34202) to work on /opt/airflow/dags/dag_scraping_twitter.py
[2026-06-07T08:22:24.354+0700] {processor.py:914} INFO - Processing file /opt/airflow/dags/dag_scraping_twitter.py for tasks to queue
[2026-06-07T08:22:24.357+0700] {logging_mixin.py:190} INFO - [2026-06-07T08:22:24.357+0700] {dagbag.py:587} INFO - Filling up the DagBag from /opt/airflow/dags/dag_scraping_twitter.py
[2026-06-07T08:22:24.376+0700] {processor.py:925} INFO - DAG(s) 'dag_scraping_twitter' retrieved from /opt/airflow/dags/dag_scraping_twitter.py
[2026-06-07T08:22:24.403+0700] {logging_mixin.py:190} INFO - [2026-06-07T08:22:24.402+0700] {dag.py:3211} INFO - Sync 1 DAGs
[2026-06-07T08:22:24.425+0700] {logging_mixin.py:190} INFO - [2026-06-07T08:22:24.425+0700] {dag.py:4138} INFO - Setting next_dagrun for dag_scraping_twitter to 2026-06-06 23:00:00+00:00, run_after=2026-06-07 11:00:00+00:00
[2026-06-07T08:22:24.447+0700] {processor.py:208} INFO - Processing /opt/airflow/dags/dag_scraping_twitter.py took 0.100 seconds
[2026-06-07T08:22:54.724+0700] {processor.py:186} INFO - Started process (PID=34230) to work on /opt/airflow/dags/dag_scraping_twitter.py
[2026-06-07T08:22:54.726+0700] {processor.py:914} INFO - Processing file /opt/airflow/dags/dag_scraping_twitter.py for tasks to queue
[2026-06-07T08:22:54.733+0700] {logging_mixin.py:190} INFO - [2026-06-07T08:22:54.733+0700] {dagbag.py:587} INFO - Filling up the DagBag from /opt/airflow/dags/dag_scraping_twitter.py
[2026-06-07T08:22:54.752+0700] {processor.py:925} INFO - DAG(s) 'dag_scraping_twitter' retrieved from /opt/airflow/dags/dag_scraping_twitter.py
[2026-06-07T08:22:54.779+0700] {logging_mixin.py:190} INFO - [2026-06-07T08:22:54.779+0700] {dag.py:3211} INFO - Sync 1 DAGs
[2026-06-07T08:22:54.801+0700] {logging_mixin.py:190} INFO - [2026-06-07T08:22:54.801+0700] {dag.py:4138} INFO - Setting next_dagrun for dag_scraping_twitter to 2026-06-06 23:00:00+00:00, run_after=2026-06-07 11:00:00+00:00
[2026-06-07T08:22:54.823+0700] {processor.py:208} INFO - Processing /opt/airflow/dags/dag_scraping_twitter.py took 0.108 seconds
[2026-06-07T08:23:25.193+0700] {processor.py:186} INFO - Started process (PID=34258) to work on /opt/airflow/dags/dag_scraping_twitter.py
[2026-06-07T08:23:25.196+0700] {processor.py:914} INFO - Processing file /opt/airflow/dags/dag_scraping_twitter.py for tasks to queue
[2026-06-07T08:23:25.203+0700] {logging_mixin.py:190} INFO - [2026-06-07T08:23:25.202+0700] {dagbag.py:587} INFO - Filling up the DagBag from /opt/airflow/dags/dag_scraping_twitter.py
[2026-06-07T08:23:25.228+0700] {processor.py:925} INFO - DAG(s) 'dag_scraping_twitter' retrieved from /opt/airflow/dags/dag_scraping_twitter.py
[2026-06-07T08:23:25.259+0700] {logging_mixin.py:190} INFO - [2026-06-07T08:23:25.259+0700] {dag.py:3211} INFO - Sync 1 DAGs
[2026-06-07T08:23:25.282+0700] {logging_mixin.py:190} INFO - [2026-06-07T08:23:25.282+0700] {dag.py:4138} INFO - Setting next_dagrun for dag_scraping_twitter to 2026-06-06 23:00:00+00:00, run_after=2026-06-07 11:00:00+00:00
[2026-06-07T08:23:25.305+0700] {processor.py:208} INFO - Processing /opt/airflow/dags/dag_scraping_twitter.py took 0.126 seconds
[2026-06-07T08:23:55.615+0700] {processor.py:186} INFO - Started process (PID=34287) to work on /opt/airflow/dags/dag_scraping_twitter.py
[2026-06-07T08:23:55.617+0700] {processor.py:914} INFO - Processing file /opt/airflow/dags/dag_scraping_twitter.py for tasks to queue
[2026-06-07T08:23:55.620+0700] {logging_mixin.py:190} INFO - [2026-06-07T08:23:55.619+0700] {dagbag.py:587} INFO - Filling up the DagBag from /opt/airflow/dags/dag_scraping_twitter.py
[2026-06-07T08:23:55.638+0700] {processor.py:925} INFO - DAG(s) 'dag_scraping_twitter' retrieved from /opt/airflow/dags/dag_scraping_twitter.py
[2026-06-07T08:23:55.662+0700] {logging_mixin.py:190} INFO - [2026-06-07T08:23:55.662+0700] {dag.py:3211} INFO - Sync 1 DAGs
[2026-06-07T08:23:55.685+0700] {logging_mixin.py:190} INFO - [2026-06-07T08:23:55.685+0700] {dag.py:4138} INFO - Setting next_dagrun for dag_scraping_twitter to 2026-06-06 23:00:00+00:00, run_after=2026-06-07 11:00:00+00:00
[2026-06-07T08:23:55.706+0700] {processor.py:208} INFO - Processing /opt/airflow/dags/dag_scraping_twitter.py took 0.098 seconds
[2026-06-07T08:24:26.422+0700] {processor.py:186} INFO - Started process (PID=34321) to work on /opt/airflow/dags/dag_scraping_twitter.py
[2026-06-07T08:24:26.423+0700] {processor.py:914} INFO - Processing file /opt/airflow/dags/dag_scraping_twitter.py for tasks to queue
[2026-06-07T08:24:26.428+0700] {logging_mixin.py:190} INFO - [2026-06-07T08:24:26.427+0700] {dagbag.py:587} INFO - Filling up the DagBag from /opt/airflow/dags/dag_scraping_twitter.py
[2026-06-07T08:24:26.447+0700] {processor.py:925} INFO - DAG(s) 'dag_scraping_twitter' retrieved from /opt/airflow/dags/dag_scraping_twitter.py
[2026-06-07T08:24:26.471+0700] {logging_mixin.py:190} INFO - [2026-06-07T08:24:26.471+0700] {dag.py:3211} INFO - Sync 1 DAGs
[2026-06-07T08:24:26.494+0700] {logging_mixin.py:190} INFO - [2026-06-07T08:24:26.494+0700] {dag.py:4138} INFO - Setting next_dagrun for dag_scraping_twitter to 2026-06-06 23:00:00+00:00, run_after=2026-06-07 11:00:00+00:00
[2026-06-07T08:24:26.514+0700] {processor.py:208} INFO - Processing /opt/airflow/dags/dag_scraping_twitter.py took 0.099 seconds
[2026-06-07T08:24:56.967+0700] {processor.py:186} INFO - Started process (PID=34349) to work on /opt/airflow/dags/dag_scraping_twitter.py
[2026-06-07T08:24:56.968+0700] {processor.py:914} INFO - Processing file /opt/airflow/dags/dag_scraping_twitter.py for tasks to queue
[2026-06-07T08:24:56.971+0700] {logging_mixin.py:190} INFO - [2026-06-07T08:24:56.970+0700] {dagbag.py:587} INFO - Filling up the DagBag from /opt/airflow/dags/dag_scraping_twitter.py
[2026-06-07T08:24:56.988+0700] {processor.py:925} INFO - DAG(s) 'dag_scraping_twitter' retrieved from /opt/airflow/dags/dag_scraping_twitter.py
[2026-06-07T08:24:57.013+0700] {logging_mixin.py:190} INFO - [2026-06-07T08:24:57.013+0700] {dag.py:3211} INFO - Sync 1 DAGs
[2026-06-07T08:24:57.035+0700] {logging_mixin.py:190} INFO - [2026-06-07T08:24:57.035+0700] {dag.py:4138} INFO - Setting next_dagrun for dag_scraping_twitter to 2026-06-06 23:00:00+00:00, run_after=2026-06-07 11:00:00+00:00
[2026-06-07T08:24:57.056+0700] {processor.py:208} INFO - Processing /opt/airflow/dags/dag_scraping_twitter.py took 0.096 seconds
[2026-06-07T08:25:27.348+0700] {processor.py:186} INFO - Started process (PID=34377) to work on /opt/airflow/dags/dag_scraping_twitter.py
[2026-06-07T08:25:27.349+0700] {processor.py:914} INFO - Processing file /opt/airflow/dags/dag_scraping_twitter.py for tasks to queue
[2026-06-07T08:25:27.352+0700] {logging_mixin.py:190} INFO - [2026-06-07T08:25:27.352+0700] {dagbag.py:587} INFO - Filling up the DagBag from /opt/airflow/dags/dag_scraping_twitter.py
[2026-06-07T08:25:27.371+0700] {processor.py:925} INFO - DAG(s) 'dag_scraping_twitter' retrieved from /opt/airflow/dags/dag_scraping_twitter.py
[2026-06-07T08:25:27.396+0700] {logging_mixin.py:190} INFO - [2026-06-07T08:25:27.396+0700] {dag.py:3211} INFO - Sync 1 DAGs
[2026-06-07T08:25:27.418+0700] {logging_mixin.py:190} INFO - [2026-06-07T08:25:27.418+0700] {dag.py:4138} INFO - Setting next_dagrun for dag_scraping_twitter to 2026-06-06 23:00:00+00:00, run_after=2026-06-07 11:00:00+00:00
[2026-06-07T08:25:27.440+0700] {processor.py:208} INFO - Processing /opt/airflow/dags/dag_scraping_twitter.py took 0.100 seconds
[2026-06-07T08:25:57.734+0700] {processor.py:186} INFO - Started process (PID=34406) to work on /opt/airflow/dags/dag_scraping_twitter.py
[2026-06-07T08:25:57.735+0700] {processor.py:914} INFO - Processing file /opt/airflow/dags/dag_scraping_twitter.py for tasks to queue
[2026-06-07T08:25:57.737+0700] {logging_mixin.py:190} INFO - [2026-06-07T08:25:57.737+0700] {dagbag.py:587} INFO - Filling up the DagBag from /opt/airflow/dags/dag_scraping_twitter.py
[2026-06-07T08:25:57.756+0700] {processor.py:925} INFO - DAG(s) 'dag_scraping_twitter' retrieved from /opt/airflow/dags/dag_scraping_twitter.py
[2026-06-07T08:25:57.781+0700] {logging_mixin.py:190} INFO - [2026-06-07T08:25:57.781+0700] {dag.py:3211} INFO - Sync 1 DAGs
[2026-06-07T08:25:57.802+0700] {logging_mixin.py:190} INFO - [2026-06-07T08:25:57.802+0700] {dag.py:4138} INFO - Setting next_dagrun for dag_scraping_twitter to 2026-06-06 23:00:00+00:00, run_after=2026-06-07 11:00:00+00:00
[2026-06-07T08:25:57.822+0700] {processor.py:208} INFO - Processing /opt/airflow/dags/dag_scraping_twitter.py took 0.095 seconds
[2026-06-07T08:26:27.880+0700] {processor.py:186} INFO - Started process (PID=34434) to work on /opt/airflow/dags/dag_scraping_twitter.py
[2026-06-07T08:26:27.881+0700] {processor.py:914} INFO - Processing file /opt/airflow/dags/dag_scraping_twitter.py for tasks to queue
[2026-06-07T08:26:27.883+0700] {logging_mixin.py:190} INFO - [2026-06-07T08:26:27.883+0700] {dagbag.py:587} INFO - Filling up the DagBag from /opt/airflow/dags/dag_scraping_twitter.py
[2026-06-07T08:26:27.901+0700] {processor.py:925} INFO - DAG(s) 'dag_scraping_twitter' retrieved from /opt/airflow/dags/dag_scraping_twitter.py
[2026-06-07T08:26:27.931+0700] {logging_mixin.py:190} INFO - [2026-06-07T08:26:27.931+0700] {dag.py:3211} INFO - Sync 1 DAGs
[2026-06-07T08:26:27.959+0700] {logging_mixin.py:190} INFO - [2026-06-07T08:26:27.959+0700] {dag.py:4138} INFO - Setting next_dagrun for dag_scraping_twitter to 2026-06-06 23:00:00+00:00, run_after=2026-06-07 11:00:00+00:00
[2026-06-07T08:26:27.983+0700] {processor.py:208} INFO - Processing /opt/airflow/dags/dag_scraping_twitter.py took 0.109 seconds
[2026-06-07T08:26:58.250+0700] {processor.py:186} INFO - Started process (PID=34462) to work on /opt/airflow/dags/dag_scraping_twitter.py
[2026-06-07T08:26:58.251+0700] {processor.py:914} INFO - Processing file /opt/airflow/dags/dag_scraping_twitter.py for tasks to queue
[2026-06-07T08:26:58.253+0700] {logging_mixin.py:190} INFO - [2026-06-07T08:26:58.253+0700] {dagbag.py:587} INFO - Filling up the DagBag from /opt/airflow/dags/dag_scraping_twitter.py
[2026-06-07T08:26:58.274+0700] {processor.py:925} INFO - DAG(s) 'dag_scraping_twitter' retrieved from /opt/airflow/dags/dag_scraping_twitter.py
[2026-06-07T08:26:58.299+0700] {logging_mixin.py:190} INFO - [2026-06-07T08:26:58.299+0700] {dag.py:3211} INFO - Sync 1 DAGs
[2026-06-07T08:26:58.320+0700] {logging_mixin.py:190} INFO - [2026-06-07T08:26:58.320+0700] {dag.py:4138} INFO - Setting next_dagrun for dag_scraping_twitter to 2026-06-06 23:00:00+00:00, run_after=2026-06-07 11:00:00+00:00
[2026-06-07T08:26:58.342+0700] {processor.py:208} INFO - Processing /opt/airflow/dags/dag_scraping_twitter.py took 0.098 seconds
[2026-06-07T08:27:28.738+0700] {processor.py:186} INFO - Started process (PID=34490) to work on /opt/airflow/dags/dag_scraping_twitter.py
[2026-06-07T08:27:28.739+0700] {processor.py:914} INFO - Processing file /opt/airflow/dags/dag_scraping_twitter.py for tasks to queue
[2026-06-07T08:27:28.743+0700] {logging_mixin.py:190} INFO - [2026-06-07T08:27:28.742+0700] {dagbag.py:587} INFO - Filling up the DagBag from /opt/airflow/dags/dag_scraping_twitter.py
[2026-06-07T08:27:28.772+0700] {processor.py:925} INFO - DAG(s) 'dag_scraping_twitter' retrieved from /opt/airflow/dags/dag_scraping_twitter.py
[2026-06-07T08:27:28.810+0700] {logging_mixin.py:190} INFO - [2026-06-07T08:27:28.810+0700] {dag.py:3211} INFO - Sync 1 DAGs
[2026-06-07T08:27:28.844+0700] {logging_mixin.py:190} INFO - [2026-06-07T08:27:28.843+0700] {dag.py:4138} INFO - Setting next_dagrun for dag_scraping_twitter to 2026-06-06 23:00:00+00:00, run_after=2026-06-07 11:00:00+00:00
[2026-06-07T08:27:28.866+0700] {processor.py:208} INFO - Processing /opt/airflow/dags/dag_scraping_twitter.py took 0.137 seconds
[2026-06-07T08:27:59.347+0700] {processor.py:186} INFO - Started process (PID=34518) to work on /opt/airflow/dags/dag_scraping_twitter.py
[2026-06-07T08:27:59.348+0700] {processor.py:914} INFO - Processing file /opt/airflow/dags/dag_scraping_twitter.py for tasks to queue
[2026-06-07T08:27:59.351+0700] {logging_mixin.py:190} INFO - [2026-06-07T08:27:59.351+0700] {dagbag.py:587} INFO - Filling up the DagBag from /opt/airflow/dags/dag_scraping_twitter.py
[2026-06-07T08:27:59.370+0700] {processor.py:925} INFO - DAG(s) 'dag_scraping_twitter' retrieved from /opt/airflow/dags/dag_scraping_twitter.py
[2026-06-07T08:27:59.395+0700] {logging_mixin.py:190} INFO - [2026-06-07T08:27:59.395+0700] {dag.py:3211} INFO - Sync 1 DAGs
[2026-06-07T08:27:59.416+0700] {logging_mixin.py:190} INFO - [2026-06-07T08:27:59.416+0700] {dag.py:4138} INFO - Setting next_dagrun for dag_scraping_twitter to 2026-06-06 23:00:00+00:00, run_after=2026-06-07 11:00:00+00:00
[2026-06-07T08:27:59.438+0700] {processor.py:208} INFO - Processing /opt/airflow/dags/dag_scraping_twitter.py took 0.098 seconds
[2026-06-07T08:28:29.819+0700] {processor.py:186} INFO - Started process (PID=34546) to work on /opt/airflow/dags/dag_scraping_twitter.py
[2026-06-07T08:28:29.820+0700] {processor.py:914} INFO - Processing file /opt/airflow/dags/dag_scraping_twitter.py for tasks to queue
[2026-06-07T08:28:29.822+0700] {logging_mixin.py:190} INFO - [2026-06-07T08:28:29.822+0700] {dagbag.py:587} INFO - Filling up the DagBag from /opt/airflow/dags/dag_scraping_twitter.py
[2026-06-07T08:28:29.839+0700] {processor.py:925} INFO - DAG(s) 'dag_scraping_twitter' retrieved from /opt/airflow/dags/dag_scraping_twitter.py
[2026-06-07T08:28:29.865+0700] {logging_mixin.py:190} INFO - [2026-06-07T08:28:29.865+0700] {dag.py:3211} INFO - Sync 1 DAGs
[2026-06-07T08:28:29.891+0700] {logging_mixin.py:190} INFO - [2026-06-07T08:28:29.891+0700] {dag.py:4138} INFO - Setting next_dagrun for dag_scraping_twitter to 2026-06-06 23:00:00+00:00, run_after=2026-06-07 11:00:00+00:00
[2026-06-07T08:28:29.912+0700] {processor.py:208} INFO - Processing /opt/airflow/dags/dag_scraping_twitter.py took 0.100 seconds
[2026-06-07T08:29:00.266+0700] {processor.py:186} INFO - Started process (PID=34580) to work on /opt/airflow/dags/dag_scraping_twitter.py
[2026-06-07T08:29:00.267+0700] {processor.py:914} INFO - Processing file /opt/airflow/dags/dag_scraping_twitter.py for tasks to queue
[2026-06-07T08:29:00.270+0700] {logging_mixin.py:190} INFO - [2026-06-07T08:29:00.270+0700] {dagbag.py:587} INFO - Filling up the DagBag from /opt/airflow/dags/dag_scraping_twitter.py
[2026-06-07T08:29:00.290+0700] {processor.py:925} INFO - DAG(s) 'dag_scraping_twitter' retrieved from /opt/airflow/dags/dag_scraping_twitter.py
[2026-06-07T08:29:00.315+0700] {logging_mixin.py:190} INFO - [2026-06-07T08:29:00.315+0700] {dag.py:3211} INFO - Sync 1 DAGs
[2026-06-07T08:29:00.340+0700] {logging_mixin.py:190} INFO - [2026-06-07T08:29:00.340+0700] {dag.py:4138} INFO - Setting next_dagrun for dag_scraping_twitter to 2026-06-06 23:00:00+00:00, run_after=2026-06-07 11:00:00+00:00
[2026-06-07T08:29:00.363+0700] {processor.py:208} INFO - Processing /opt/airflow/dags/dag_scraping_twitter.py took 0.103 seconds
[2026-06-07T08:29:30.709+0700] {processor.py:186} INFO - Started process (PID=34608) to work on /opt/airflow/dags/dag_scraping_twitter.py
[2026-06-07T08:29:30.710+0700] {processor.py:914} INFO - Processing file /opt/airflow/dags/dag_scraping_twitter.py for tasks to queue
[2026-06-07T08:29:30.713+0700] {logging_mixin.py:190} INFO - [2026-06-07T08:29:30.712+0700] {dagbag.py:587} INFO - Filling up the DagBag from /opt/airflow/dags/dag_scraping_twitter.py
[2026-06-07T08:29:30.730+0700] {processor.py:925} INFO - DAG(s) 'dag_scraping_twitter' retrieved from /opt/airflow/dags/dag_scraping_twitter.py
[2026-06-07T08:29:30.755+0700] {logging_mixin.py:190} INFO - [2026-06-07T08:29:30.755+0700] {dag.py:3211} INFO - Sync 1 DAGs
[2026-06-07T08:29:30.777+0700] {logging_mixin.py:190} INFO - [2026-06-07T08:29:30.777+0700] {dag.py:4138} INFO - Setting next_dagrun for dag_scraping_twitter to 2026-06-06 23:00:00+00:00, run_after=2026-06-07 11:00:00+00:00
[2026-06-07T08:29:30.798+0700] {processor.py:208} INFO - Processing /opt/airflow/dags/dag_scraping_twitter.py took 0.095 seconds
[2026-06-07T08:30:01.091+0700] {processor.py:186} INFO - Started process (PID=34636) to work on /opt/airflow/dags/dag_scraping_twitter.py
[2026-06-07T08:30:01.092+0700] {processor.py:914} INFO - Processing file /opt/airflow/dags/dag_scraping_twitter.py for tasks to queue
[2026-06-07T08:30:01.096+0700] {logging_mixin.py:190} INFO - [2026-06-07T08:30:01.095+0700] {dagbag.py:587} INFO - Filling up the DagBag from /opt/airflow/dags/dag_scraping_twitter.py
[2026-06-07T08:30:01.118+0700] {processor.py:925} INFO - DAG(s) 'dag_scraping_twitter' retrieved from /opt/airflow/dags/dag_scraping_twitter.py
[2026-06-07T08:30:01.145+0700] {logging_mixin.py:190} INFO - [2026-06-07T08:30:01.145+0700] {dag.py:3211} INFO - Sync 1 DAGs
[2026-06-07T08:30:01.169+0700] {logging_mixin.py:190} INFO - [2026-06-07T08:30:01.169+0700] {dag.py:4138} INFO - Setting next_dagrun for dag_scraping_twitter to 2026-06-06 23:00:00+00:00, run_after=2026-06-07 11:00:00+00:00
[2026-06-07T08:30:01.198+0700] {processor.py:208} INFO - Processing /opt/airflow/dags/dag_scraping_twitter.py took 0.113 seconds
[2026-06-07T08:30:31.949+0700] {processor.py:186} INFO - Started process (PID=34665) to work on /opt/airflow/dags/dag_scraping_twitter.py
[2026-06-07T08:30:31.951+0700] {processor.py:914} INFO - Processing file /opt/airflow/dags/dag_scraping_twitter.py for tasks to queue
[2026-06-07T08:30:31.953+0700] {logging_mixin.py:190} INFO - [2026-06-07T08:30:31.953+0700] {dagbag.py:587} INFO - Filling up the DagBag from /opt/airflow/dags/dag_scraping_twitter.py
[2026-06-07T08:30:31.973+0700] {processor.py:925} INFO - DAG(s) 'dag_scraping_twitter' retrieved from /opt/airflow/dags/dag_scraping_twitter.py
[2026-06-07T08:30:31.999+0700] {logging_mixin.py:190} INFO - [2026-06-07T08:30:31.999+0700] {dag.py:3211} INFO - Sync 1 DAGs
[2026-06-07T08:30:32.020+0700] {logging_mixin.py:190} INFO - [2026-06-07T08:30:32.020+0700] {dag.py:4138} INFO - Setting next_dagrun for dag_scraping_twitter to 2026-06-06 23:00:00+00:00, run_after=2026-06-07 11:00:00+00:00
[2026-06-07T08:30:32.042+0700] {processor.py:208} INFO - Processing /opt/airflow/dags/dag_scraping_twitter.py took 0.102 seconds
[2026-06-07T08:31:02.718+0700] {processor.py:186} INFO - Started process (PID=34693) to work on /opt/airflow/dags/dag_scraping_twitter.py
[2026-06-07T08:31:02.719+0700] {processor.py:914} INFO - Processing file /opt/airflow/dags/dag_scraping_twitter.py for tasks to queue
[2026-06-07T08:31:02.722+0700] {logging_mixin.py:190} INFO - [2026-06-07T08:31:02.721+0700] {dagbag.py:587} INFO - Filling up the DagBag from /opt/airflow/dags/dag_scraping_twitter.py
[2026-06-07T08:31:02.740+0700] {processor.py:925} INFO - DAG(s) 'dag_scraping_twitter' retrieved from /opt/airflow/dags/dag_scraping_twitter.py
[2026-06-07T08:31:02.767+0700] {logging_mixin.py:190} INFO - [2026-06-07T08:31:02.767+0700] {dag.py:3211} INFO - Sync 1 DAGs
[2026-06-07T08:31:02.789+0700] {logging_mixin.py:190} INFO - [2026-06-07T08:31:02.788+0700] {dag.py:4138} INFO - Setting next_dagrun for dag_scraping_twitter to 2026-06-06 23:00:00+00:00, run_after=2026-06-07 11:00:00+00:00
[2026-06-07T08:31:02.809+0700] {processor.py:208} INFO - Processing /opt/airflow/dags/dag_scraping_twitter.py took 0.097 seconds
[2026-06-07T08:31:33.101+0700] {processor.py:186} INFO - Started process (PID=34721) to work on /opt/airflow/dags/dag_scraping_twitter.py
[2026-06-07T08:31:33.102+0700] {processor.py:914} INFO - Processing file /opt/airflow/dags/dag_scraping_twitter.py for tasks to queue
[2026-06-07T08:31:33.104+0700] {logging_mixin.py:190} INFO - [2026-06-07T08:31:33.104+0700] {dagbag.py:587} INFO - Filling up the DagBag from /opt/airflow/dags/dag_scraping_twitter.py
[2026-06-07T08:31:33.126+0700] {processor.py:925} INFO - DAG(s) 'dag_scraping_twitter' retrieved from /opt/airflow/dags/dag_scraping_twitter.py
[2026-06-07T08:31:33.153+0700] {logging_mixin.py:190} INFO - [2026-06-07T08:31:33.153+0700] {dag.py:3211} INFO - Sync 1 DAGs
[2026-06-07T08:31:33.182+0700] {logging_mixin.py:190} INFO - [2026-06-07T08:31:33.182+0700] {dag.py:4138} INFO - Setting next_dagrun for dag_scraping_twitter to 2026-06-06 23:00:00+00:00, run_after=2026-06-07 11:00:00+00:00
[2026-06-07T08:31:33.203+0700] {processor.py:208} INFO - Processing /opt/airflow/dags/dag_scraping_twitter.py took 0.109 seconds
[2026-06-07T08:32:03.561+0700] {processor.py:186} INFO - Started process (PID=34749) to work on /opt/airflow/dags/dag_scraping_twitter.py
[2026-06-07T08:32:03.563+0700] {processor.py:914} INFO - Processing file /opt/airflow/dags/dag_scraping_twitter.py for tasks to queue
[2026-06-07T08:32:03.566+0700] {logging_mixin.py:190} INFO - [2026-06-07T08:32:03.566+0700] {dagbag.py:587} INFO - Filling up the DagBag from /opt/airflow/dags/dag_scraping_twitter.py
[2026-06-07T08:32:03.588+0700] {processor.py:925} INFO - DAG(s) 'dag_scraping_twitter' retrieved from /opt/airflow/dags/dag_scraping_twitter.py
[2026-06-07T08:32:03.615+0700] {logging_mixin.py:190} INFO - [2026-06-07T08:32:03.614+0700] {dag.py:3211} INFO - Sync 1 DAGs
[2026-06-07T08:32:03.636+0700] {logging_mixin.py:190} INFO - [2026-06-07T08:32:03.636+0700] {dag.py:4138} INFO - Setting next_dagrun for dag_scraping_twitter to 2026-06-06 23:00:00+00:00, run_after=2026-06-07 11:00:00+00:00
[2026-06-07T08:32:03.657+0700] {processor.py:208} INFO - Processing /opt/airflow/dags/dag_scraping_twitter.py took 0.104 seconds
[2026-06-07T08:32:33.731+0700] {processor.py:186} INFO - Started process (PID=34777) to work on /opt/airflow/dags/dag_scraping_twitter.py
[2026-06-07T08:32:33.734+0700] {processor.py:914} INFO - Processing file /opt/airflow/dags/dag_scraping_twitter.py for tasks to queue
[2026-06-07T08:32:33.738+0700] {logging_mixin.py:190} INFO - [2026-06-07T08:32:33.737+0700] {dagbag.py:587} INFO - Filling up the DagBag from /opt/airflow/dags/dag_scraping_twitter.py
[2026-06-07T08:32:33.758+0700] {processor.py:925} INFO - DAG(s) 'dag_scraping_twitter' retrieved from /opt/airflow/dags/dag_scraping_twitter.py
[2026-06-07T08:32:33.785+0700] {logging_mixin.py:190} INFO - [2026-06-07T08:32:33.784+0700] {dag.py:3211} INFO - Sync 1 DAGs
[2026-06-07T08:32:33.806+0700] {logging_mixin.py:190} INFO - [2026-06-07T08:32:33.806+0700] {dag.py:4138} INFO - Setting next_dagrun for dag_scraping_twitter to 2026-06-06 23:00:00+00:00, run_after=2026-06-07 11:00:00+00:00
[2026-06-07T08:32:33.829+0700] {processor.py:208} INFO - Processing /opt/airflow/dags/dag_scraping_twitter.py took 0.111 seconds
[2026-06-07T08:33:04.249+0700] {processor.py:186} INFO - Started process (PID=34811) to work on /opt/airflow/dags/dag_scraping_twitter.py
[2026-06-07T08:33:04.250+0700] {processor.py:914} INFO - Processing file /opt/airflow/dags/dag_scraping_twitter.py for tasks to queue
[2026-06-07T08:33:04.253+0700] {logging_mixin.py:190} INFO - [2026-06-07T08:33:04.253+0700] {dagbag.py:587} INFO - Filling up the DagBag from /opt/airflow/dags/dag_scraping_twitter.py
[2026-06-07T08:33:04.273+0700] {processor.py:925} INFO - DAG(s) 'dag_scraping_twitter' retrieved from /opt/airflow/dags/dag_scraping_twitter.py
[2026-06-07T08:33:04.299+0700] {logging_mixin.py:190} INFO - [2026-06-07T08:33:04.299+0700] {dag.py:3211} INFO - Sync 1 DAGs
[2026-06-07T08:33:04.324+0700] {logging_mixin.py:190} INFO - [2026-06-07T08:33:04.323+0700] {dag.py:4138} INFO - Setting next_dagrun for dag_scraping_twitter to 2026-06-06 23:00:00+00:00, run_after=2026-06-07 11:00:00+00:00
[2026-06-07T08:33:04.345+0700] {processor.py:208} INFO - Processing /opt/airflow/dags/dag_scraping_twitter.py took 0.107 seconds
[2026-06-07T08:33:34.776+0700] {processor.py:186} INFO - Started process (PID=34839) to work on /opt/airflow/dags/dag_scraping_twitter.py
[2026-06-07T08:33:34.778+0700] {processor.py:914} INFO - Processing file /opt/airflow/dags/dag_scraping_twitter.py for tasks to queue
[2026-06-07T08:33:34.780+0700] {logging_mixin.py:190} INFO - [2026-06-07T08:33:34.780+0700] {dagbag.py:587} INFO - Filling up the DagBag from /opt/airflow/dags/dag_scraping_twitter.py
[2026-06-07T08:33:34.799+0700] {processor.py:925} INFO - DAG(s) 'dag_scraping_twitter' retrieved from /opt/airflow/dags/dag_scraping_twitter.py
[2026-06-07T08:33:34.824+0700] {logging_mixin.py:190} INFO - [2026-06-07T08:33:34.823+0700] {dag.py:3211} INFO - Sync 1 DAGs
[2026-06-07T08:33:34.847+0700] {logging_mixin.py:190} INFO - [2026-06-07T08:33:34.846+0700] {dag.py:4138} INFO - Setting next_dagrun for dag_scraping_twitter to 2026-06-06 23:00:00+00:00, run_after=2026-06-07 11:00:00+00:00
[2026-06-07T08:33:34.868+0700] {processor.py:208} INFO - Processing /opt/airflow/dags/dag_scraping_twitter.py took 0.098 seconds
[2026-06-07T08:34:05.351+0700] {processor.py:186} INFO - Started process (PID=34867) to work on /opt/airflow/dags/dag_scraping_twitter.py
[2026-06-07T08:34:05.352+0700] {processor.py:914} INFO - Processing file /opt/airflow/dags/dag_scraping_twitter.py for tasks to queue
[2026-06-07T08:34:05.354+0700] {logging_mixin.py:190} INFO - [2026-06-07T08:34:05.354+0700] {dagbag.py:587} INFO - Filling up the DagBag from /opt/airflow/dags/dag_scraping_twitter.py
[2026-06-07T08:34:05.373+0700] {processor.py:925} INFO - DAG(s) 'dag_scraping_twitter' retrieved from /opt/airflow/dags/dag_scraping_twitter.py
[2026-06-07T08:34:05.397+0700] {logging_mixin.py:190} INFO - [2026-06-07T08:34:05.397+0700] {dag.py:3211} INFO - Sync 1 DAGs
[2026-06-07T08:34:05.420+0700] {logging_mixin.py:190} INFO - [2026-06-07T08:34:05.419+0700] {dag.py:4138} INFO - Setting next_dagrun for dag_scraping_twitter to 2026-06-06 23:00:00+00:00, run_after=2026-06-07 11:00:00+00:00
[2026-06-07T08:34:05.443+0700] {processor.py:208} INFO - Processing /opt/airflow/dags/dag_scraping_twitter.py took 0.098 seconds
[2026-06-07T08:34:35.728+0700] {processor.py:186} INFO - Started process (PID=34896) to work on /opt/airflow/dags/dag_scraping_twitter.py
[2026-06-07T08:34:35.729+0700] {processor.py:914} INFO - Processing file /opt/airflow/dags/dag_scraping_twitter.py for tasks to queue
[2026-06-07T08:34:35.736+0700] {logging_mixin.py:190} INFO - [2026-06-07T08:34:35.736+0700] {dagbag.py:587} INFO - Filling up the DagBag from /opt/airflow/dags/dag_scraping_twitter.py
[2026-06-07T08:34:35.754+0700] {processor.py:925} INFO - DAG(s) 'dag_scraping_twitter' retrieved from /opt/airflow/dags/dag_scraping_twitter.py
[2026-06-07T08:34:35.778+0700] {logging_mixin.py:190} INFO - [2026-06-07T08:34:35.778+0700] {dag.py:3211} INFO - Sync 1 DAGs
[2026-06-07T08:34:35.800+0700] {logging_mixin.py:190} INFO - [2026-06-07T08:34:35.800+0700] {dag.py:4138} INFO - Setting next_dagrun for dag_scraping_twitter to 2026-06-06 23:00:00+00:00, run_after=2026-06-07 11:00:00+00:00
[2026-06-07T08:34:35.821+0700] {processor.py:208} INFO - Processing /opt/airflow/dags/dag_scraping_twitter.py took 0.100 seconds
[2026-06-07T08:35:06.308+0700] {processor.py:186} INFO - Started process (PID=34924) to work on /opt/airflow/dags/dag_scraping_twitter.py
[2026-06-07T08:35:06.309+0700] {processor.py:914} INFO - Processing file /opt/airflow/dags/dag_scraping_twitter.py for tasks to queue
[2026-06-07T08:35:06.312+0700] {logging_mixin.py:190} INFO - [2026-06-07T08:35:06.312+0700] {dagbag.py:587} INFO - Filling up the DagBag from /opt/airflow/dags/dag_scraping_twitter.py
[2026-06-07T08:35:06.329+0700] {processor.py:925} INFO - DAG(s) 'dag_scraping_twitter' retrieved from /opt/airflow/dags/dag_scraping_twitter.py
[2026-06-07T08:35:06.354+0700] {logging_mixin.py:190} INFO - [2026-06-07T08:35:06.354+0700] {dag.py:3211} INFO - Sync 1 DAGs
[2026-06-07T08:35:06.378+0700] {logging_mixin.py:190} INFO - [2026-06-07T08:35:06.378+0700] {dag.py:4138} INFO - Setting next_dagrun for dag_scraping_twitter to 2026-06-06 23:00:00+00:00, run_after=2026-06-07 11:00:00+00:00
[2026-06-07T08:35:06.400+0700] {processor.py:208} INFO - Processing /opt/airflow/dags/dag_scraping_twitter.py took 0.099 seconds
[2026-06-07T08:35:36.837+0700] {processor.py:186} INFO - Started process (PID=34952) to work on /opt/airflow/dags/dag_scraping_twitter.py
[2026-06-07T08:35:36.838+0700] {processor.py:914} INFO - Processing file /opt/airflow/dags/dag_scraping_twitter.py for tasks to queue
[2026-06-07T08:35:36.841+0700] {logging_mixin.py:190} INFO - [2026-06-07T08:35:36.841+0700] {dagbag.py:587} INFO - Filling up the DagBag from /opt/airflow/dags/dag_scraping_twitter.py
[2026-06-07T08:35:36.859+0700] {processor.py:925} INFO - DAG(s) 'dag_scraping_twitter' retrieved from /opt/airflow/dags/dag_scraping_twitter.py
[2026-06-07T08:35:36.883+0700] {logging_mixin.py:190} INFO - [2026-06-07T08:35:36.883+0700] {dag.py:3211} INFO - Sync 1 DAGs
[2026-06-07T08:35:36.908+0700] {logging_mixin.py:190} INFO - [2026-06-07T08:35:36.908+0700] {dag.py:4138} INFO - Setting next_dagrun for dag_scraping_twitter to 2026-06-06 23:00:00+00:00, run_after=2026-06-07 11:00:00+00:00
[2026-06-07T08:35:36.930+0700] {processor.py:208} INFO - Processing /opt/airflow/dags/dag_scraping_twitter.py took 0.101 seconds
[2026-06-07T08:36:07.465+0700] {processor.py:186} INFO - Started process (PID=34980) to work on /opt/airflow/dags/dag_scraping_twitter.py
[2026-06-07T08:36:07.467+0700] {processor.py:914} INFO - Processing file /opt/airflow/dags/dag_scraping_twitter.py for tasks to queue
[2026-06-07T08:36:07.469+0700] {logging_mixin.py:190} INFO - [2026-06-07T08:36:07.469+0700] {dagbag.py:587} INFO - Filling up the DagBag from /opt/airflow/dags/dag_scraping_twitter.py
[2026-06-07T08:36:07.489+0700] {processor.py:925} INFO - DAG(s) 'dag_scraping_twitter' retrieved from /opt/airflow/dags/dag_scraping_twitter.py
[2026-06-07T08:36:07.514+0700] {logging_mixin.py:190} INFO - [2026-06-07T08:36:07.514+0700] {dag.py:3211} INFO - Sync 1 DAGs
[2026-06-07T08:36:07.538+0700] {logging_mixin.py:190} INFO - [2026-06-07T08:36:07.538+0700] {dag.py:4138} INFO - Setting next_dagrun for dag_scraping_twitter to 2026-06-06 23:00:00+00:00, run_after=2026-06-07 11:00:00+00:00
[2026-06-07T08:36:07.559+0700] {processor.py:208} INFO - Processing /opt/airflow/dags/dag_scraping_twitter.py took 0.102 seconds
[2026-06-07T08:36:37.883+0700] {processor.py:186} INFO - Started process (PID=35008) to work on /opt/airflow/dags/dag_scraping_twitter.py
[2026-06-07T08:36:37.884+0700] {processor.py:914} INFO - Processing file /opt/airflow/dags/dag_scraping_twitter.py for tasks to queue
[2026-06-07T08:36:37.887+0700] {logging_mixin.py:190} INFO - [2026-06-07T08:36:37.887+0700] {dagbag.py:587} INFO - Filling up the DagBag from /opt/airflow/dags/dag_scraping_twitter.py
[2026-06-07T08:36:37.913+0700] {processor.py:925} INFO - DAG(s) 'dag_scraping_twitter' retrieved from /opt/airflow/dags/dag_scraping_twitter.py
[2026-06-07T08:36:37.942+0700] {logging_mixin.py:190} INFO - [2026-06-07T08:36:37.942+0700] {dag.py:3211} INFO - Sync 1 DAGs
[2026-06-07T08:36:37.971+0700] {logging_mixin.py:190} INFO - [2026-06-07T08:36:37.970+0700] {dag.py:4138} INFO - Setting next_dagrun for dag_scraping_twitter to 2026-06-06 23:00:00+00:00, run_after=2026-06-07 11:00:00+00:00
[2026-06-07T08:36:37.996+0700] {processor.py:208} INFO - Processing /opt/airflow/dags/dag_scraping_twitter.py took 0.120 seconds
[2026-06-07T08:37:08.949+0700] {processor.py:186} INFO - Started process (PID=35042) to work on /opt/airflow/dags/dag_scraping_twitter.py
[2026-06-07T08:37:08.950+0700] {processor.py:914} INFO - Processing file /opt/airflow/dags/dag_scraping_twitter.py for tasks to queue
[2026-06-07T08:37:08.952+0700] {logging_mixin.py:190} INFO - [2026-06-07T08:37:08.952+0700] {dagbag.py:587} INFO - Filling up the DagBag from /opt/airflow/dags/dag_scraping_twitter.py
[2026-06-07T08:37:08.972+0700] {processor.py:925} INFO - DAG(s) 'dag_scraping_twitter' retrieved from /opt/airflow/dags/dag_scraping_twitter.py
[2026-06-07T08:37:08.999+0700] {logging_mixin.py:190} INFO - [2026-06-07T08:37:08.998+0700] {dag.py:3211} INFO - Sync 1 DAGs
[2026-06-07T08:37:09.024+0700] {logging_mixin.py:190} INFO - [2026-06-07T08:37:09.024+0700] {dag.py:4138} INFO - Setting next_dagrun for dag_scraping_twitter to 2026-06-06 23:00:00+00:00, run_after=2026-06-07 11:00:00+00:00
[2026-06-07T08:37:09.050+0700] {processor.py:208} INFO - Processing /opt/airflow/dags/dag_scraping_twitter.py took 0.108 seconds
[2026-06-07T08:37:39.322+0700] {processor.py:186} INFO - Started process (PID=35070) to work on /opt/airflow/dags/dag_scraping_twitter.py
[2026-06-07T08:37:39.323+0700] {processor.py:914} INFO - Processing file /opt/airflow/dags/dag_scraping_twitter.py for tasks to queue
[2026-06-07T08:37:39.326+0700] {logging_mixin.py:190} INFO - [2026-06-07T08:37:39.326+0700] {dagbag.py:587} INFO - Filling up the DagBag from /opt/airflow/dags/dag_scraping_twitter.py
[2026-06-07T08:37:39.348+0700] {processor.py:925} INFO - DAG(s) 'dag_scraping_twitter' retrieved from /opt/airflow/dags/dag_scraping_twitter.py
[2026-06-07T08:37:39.376+0700] {logging_mixin.py:190} INFO - [2026-06-07T08:37:39.376+0700] {dag.py:3211} INFO - Sync 1 DAGs
[2026-06-07T08:37:39.404+0700] {logging_mixin.py:190} INFO - [2026-06-07T08:37:39.403+0700] {dag.py:4138} INFO - Setting next_dagrun for dag_scraping_twitter to 2026-06-06 23:00:00+00:00, run_after=2026-06-07 11:00:00+00:00
[2026-06-07T08:37:39.428+0700] {processor.py:208} INFO - Processing /opt/airflow/dags/dag_scraping_twitter.py took 0.112 seconds
[2026-06-07T08:38:09.813+0700] {processor.py:186} INFO - Started process (PID=35098) to work on /opt/airflow/dags/dag_scraping_twitter.py
[2026-06-07T08:38:09.814+0700] {processor.py:914} INFO - Processing file /opt/airflow/dags/dag_scraping_twitter.py for tasks to queue
[2026-06-07T08:38:09.816+0700] {logging_mixin.py:190} INFO - [2026-06-07T08:38:09.816+0700] {dagbag.py:587} INFO - Filling up the DagBag from /opt/airflow/dags/dag_scraping_twitter.py
[2026-06-07T08:38:09.837+0700] {processor.py:925} INFO - DAG(s) 'dag_scraping_twitter' retrieved from /opt/airflow/dags/dag_scraping_twitter.py
[2026-06-07T08:38:09.863+0700] {logging_mixin.py:190} INFO - [2026-06-07T08:38:09.863+0700] {dag.py:3211} INFO - Sync 1 DAGs
[2026-06-07T08:38:09.888+0700] {logging_mixin.py:190} INFO - [2026-06-07T08:38:09.888+0700] {dag.py:4138} INFO - Setting next_dagrun for dag_scraping_twitter to 2026-06-06 23:00:00+00:00, run_after=2026-06-07 11:00:00+00:00
[2026-06-07T08:38:09.911+0700] {processor.py:208} INFO - Processing /opt/airflow/dags/dag_scraping_twitter.py took 0.106 seconds
[2026-06-07T08:38:40.335+0700] {processor.py:186} INFO - Started process (PID=35126) to work on /opt/airflow/dags/dag_scraping_twitter.py
[2026-06-07T08:38:40.337+0700] {processor.py:914} INFO - Processing file /opt/airflow/dags/dag_scraping_twitter.py for tasks to queue
[2026-06-07T08:38:40.340+0700] {logging_mixin.py:190} INFO - [2026-06-07T08:38:40.340+0700] {dagbag.py:587} INFO - Filling up the DagBag from /opt/airflow/dags/dag_scraping_twitter.py
[2026-06-07T08:38:40.362+0700] {processor.py:925} INFO - DAG(s) 'dag_scraping_twitter' retrieved from /opt/airflow/dags/dag_scraping_twitter.py
[2026-06-07T08:38:40.392+0700] {logging_mixin.py:190} INFO - [2026-06-07T08:38:40.392+0700] {dag.py:3211} INFO - Sync 1 DAGs
[2026-06-07T08:38:40.416+0700] {logging_mixin.py:190} INFO - [2026-06-07T08:38:40.416+0700] {dag.py:4138} INFO - Setting next_dagrun for dag_scraping_twitter to 2026-06-06 23:00:00+00:00, run_after=2026-06-07 11:00:00+00:00
[2026-06-07T08:38:40.438+0700] {processor.py:208} INFO - Processing /opt/airflow/dags/dag_scraping_twitter.py took 0.112 seconds
[2026-06-07T08:39:10.843+0700] {processor.py:186} INFO - Started process (PID=35154) to work on /opt/airflow/dags/dag_scraping_twitter.py
[2026-06-07T08:39:10.844+0700] {processor.py:914} INFO - Processing file /opt/airflow/dags/dag_scraping_twitter.py for tasks to queue
[2026-06-07T08:39:10.847+0700] {logging_mixin.py:190} INFO - [2026-06-07T08:39:10.846+0700] {dagbag.py:587} INFO - Filling up the DagBag from /opt/airflow/dags/dag_scraping_twitter.py
[2026-06-07T08:39:10.867+0700] {processor.py:925} INFO - DAG(s) 'dag_scraping_twitter' retrieved from /opt/airflow/dags/dag_scraping_twitter.py
[2026-06-07T08:39:10.893+0700] {logging_mixin.py:190} INFO - [2026-06-07T08:39:10.893+0700] {dag.py:3211} INFO - Sync 1 DAGs
[2026-06-07T08:39:10.914+0700] {logging_mixin.py:190} INFO - [2026-06-07T08:39:10.914+0700] {dag.py:4138} INFO - Setting next_dagrun for dag_scraping_twitter to 2026-06-06 23:00:00+00:00, run_after=2026-06-07 11:00:00+00:00
[2026-06-07T08:39:10.933+0700] {processor.py:208} INFO - Processing /opt/airflow/dags/dag_scraping_twitter.py took 0.095 seconds
[2026-06-07T08:39:41.410+0700] {processor.py:186} INFO - Started process (PID=35182) to work on /opt/airflow/dags/dag_scraping_twitter.py
[2026-06-07T08:39:41.411+0700] {processor.py:914} INFO - Processing file /opt/airflow/dags/dag_scraping_twitter.py for tasks to queue
[2026-06-07T08:39:41.413+0700] {logging_mixin.py:190} INFO - [2026-06-07T08:39:41.413+0700] {dagbag.py:587} INFO - Filling up the DagBag from /opt/airflow/dags/dag_scraping_twitter.py
[2026-06-07T08:39:41.430+0700] {processor.py:925} INFO - DAG(s) 'dag_scraping_twitter' retrieved from /opt/airflow/dags/dag_scraping_twitter.py
[2026-06-07T08:39:41.461+0700] {logging_mixin.py:190} INFO - [2026-06-07T08:39:41.460+0700] {dag.py:3211} INFO - Sync 1 DAGs
[2026-06-07T08:39:41.485+0700] {logging_mixin.py:190} INFO - [2026-06-07T08:39:41.484+0700] {dag.py:4138} INFO - Setting next_dagrun for dag_scraping_twitter to 2026-06-06 23:00:00+00:00, run_after=2026-06-07 11:00:00+00:00
[2026-06-07T08:39:41.505+0700] {processor.py:208} INFO - Processing /opt/airflow/dags/dag_scraping_twitter.py took 0.102 seconds
[2026-06-07T08:40:11.915+0700] {processor.py:186} INFO - Started process (PID=35210) to work on /opt/airflow/dags/dag_scraping_twitter.py
[2026-06-07T08:40:11.917+0700] {processor.py:914} INFO - Processing file /opt/airflow/dags/dag_scraping_twitter.py for tasks to queue
[2026-06-07T08:40:11.920+0700] {logging_mixin.py:190} INFO - [2026-06-07T08:40:11.919+0700] {dagbag.py:587} INFO - Filling up the DagBag from /opt/airflow/dags/dag_scraping_twitter.py
[2026-06-07T08:40:11.938+0700] {processor.py:925} INFO - DAG(s) 'dag_scraping_twitter' retrieved from /opt/airflow/dags/dag_scraping_twitter.py
[2026-06-07T08:40:11.963+0700] {logging_mixin.py:190} INFO - [2026-06-07T08:40:11.963+0700] {dag.py:3211} INFO - Sync 1 DAGs
[2026-06-07T08:40:11.986+0700] {logging_mixin.py:190} INFO - [2026-06-07T08:40:11.986+0700] {dag.py:4138} INFO - Setting next_dagrun for dag_scraping_twitter to 2026-06-06 23:00:00+00:00, run_after=2026-06-07 11:00:00+00:00
[2026-06-07T08:40:12.009+0700] {processor.py:208} INFO - Processing /opt/airflow/dags/dag_scraping_twitter.py took 0.100 seconds
[2026-06-07T08:40:42.463+0700] {processor.py:186} INFO - Started process (PID=35238) to work on /opt/airflow/dags/dag_scraping_twitter.py
[2026-06-07T08:40:42.464+0700] {processor.py:914} INFO - Processing file /opt/airflow/dags/dag_scraping_twitter.py for tasks to queue
[2026-06-07T08:40:42.466+0700] {logging_mixin.py:190} INFO - [2026-06-07T08:40:42.466+0700] {dagbag.py:587} INFO - Filling up the DagBag from /opt/airflow/dags/dag_scraping_twitter.py
[2026-06-07T08:40:42.485+0700] {processor.py:925} INFO - DAG(s) 'dag_scraping_twitter' retrieved from /opt/airflow/dags/dag_scraping_twitter.py
[2026-06-07T08:40:42.511+0700] {logging_mixin.py:190} INFO - [2026-06-07T08:40:42.511+0700] {dag.py:3211} INFO - Sync 1 DAGs
[2026-06-07T08:40:42.534+0700] {logging_mixin.py:190} INFO - [2026-06-07T08:40:42.533+0700] {dag.py:4138} INFO - Setting next_dagrun for dag_scraping_twitter to 2026-06-06 23:00:00+00:00, run_after=2026-06-07 11:00:00+00:00
[2026-06-07T08:40:42.555+0700] {processor.py:208} INFO - Processing /opt/airflow/dags/dag_scraping_twitter.py took 0.100 seconds
[2026-06-07T08:41:12.951+0700] {processor.py:186} INFO - Started process (PID=35272) to work on /opt/airflow/dags/dag_scraping_twitter.py
[2026-06-07T08:41:12.952+0700] {processor.py:914} INFO - Processing file /opt/airflow/dags/dag_scraping_twitter.py for tasks to queue
[2026-06-07T08:41:12.954+0700] {logging_mixin.py:190} INFO - [2026-06-07T08:41:12.954+0700] {dagbag.py:587} INFO - Filling up the DagBag from /opt/airflow/dags/dag_scraping_twitter.py
[2026-06-07T08:41:12.972+0700] {processor.py:925} INFO - DAG(s) 'dag_scraping_twitter' retrieved from /opt/airflow/dags/dag_scraping_twitter.py
[2026-06-07T08:41:12.997+0700] {logging_mixin.py:190} INFO - [2026-06-07T08:41:12.996+0700] {dag.py:3211} INFO - Sync 1 DAGs
[2026-06-07T08:41:13.019+0700] {logging_mixin.py:190} INFO - [2026-06-07T08:41:13.019+0700] {dag.py:4138} INFO - Setting next_dagrun for dag_scraping_twitter to 2026-06-06 23:00:00+00:00, run_after=2026-06-07 11:00:00+00:00
[2026-06-07T08:41:13.038+0700] {processor.py:208} INFO - Processing /opt/airflow/dags/dag_scraping_twitter.py took 0.094 seconds
[2026-06-07T08:41:43.645+0700] {processor.py:186} INFO - Started process (PID=35300) to work on /opt/airflow/dags/dag_scraping_twitter.py
[2026-06-07T08:41:43.648+0700] {processor.py:914} INFO - Processing file /opt/airflow/dags/dag_scraping_twitter.py for tasks to queue
[2026-06-07T08:41:43.652+0700] {logging_mixin.py:190} INFO - [2026-06-07T08:41:43.651+0700] {dagbag.py:587} INFO - Filling up the DagBag from /opt/airflow/dags/dag_scraping_twitter.py
[2026-06-07T08:41:43.673+0700] {processor.py:925} INFO - DAG(s) 'dag_scraping_twitter' retrieved from /opt/airflow/dags/dag_scraping_twitter.py
[2026-06-07T08:41:43.701+0700] {logging_mixin.py:190} INFO - [2026-06-07T08:41:43.701+0700] {dag.py:3211} INFO - Sync 1 DAGs
[2026-06-07T08:41:43.725+0700] {logging_mixin.py:190} INFO - [2026-06-07T08:41:43.725+0700] {dag.py:4138} INFO - Setting next_dagrun for dag_scraping_twitter to 2026-06-06 23:00:00+00:00, run_after=2026-06-07 11:00:00+00:00
[2026-06-07T08:41:43.746+0700] {processor.py:208} INFO - Processing /opt/airflow/dags/dag_scraping_twitter.py took 0.115 seconds
[2026-06-07T08:42:13.988+0700] {processor.py:186} INFO - Started process (PID=35329) to work on /opt/airflow/dags/dag_scraping_twitter.py
[2026-06-07T08:42:13.989+0700] {processor.py:914} INFO - Processing file /opt/airflow/dags/dag_scraping_twitter.py for tasks to queue
[2026-06-07T08:42:13.996+0700] {logging_mixin.py:190} INFO - [2026-06-07T08:42:13.995+0700] {dagbag.py:587} INFO - Filling up the DagBag from /opt/airflow/dags/dag_scraping_twitter.py
[2026-06-07T08:42:14.013+0700] {processor.py:925} INFO - DAG(s) 'dag_scraping_twitter' retrieved from /opt/airflow/dags/dag_scraping_twitter.py
[2026-06-07T08:42:14.038+0700] {logging_mixin.py:190} INFO - [2026-06-07T08:42:14.038+0700] {dag.py:3211} INFO - Sync 1 DAGs
[2026-06-07T08:42:14.060+0700] {logging_mixin.py:190} INFO - [2026-06-07T08:42:14.060+0700] {dag.py:4138} INFO - Setting next_dagrun for dag_scraping_twitter to 2026-06-06 23:00:00+00:00, run_after=2026-06-07 11:00:00+00:00
[2026-06-07T08:42:14.082+0700] {processor.py:208} INFO - Processing /opt/airflow/dags/dag_scraping_twitter.py took 0.099 seconds
[2026-06-07T08:42:44.479+0700] {processor.py:186} INFO - Started process (PID=35357) to work on /opt/airflow/dags/dag_scraping_twitter.py
[2026-06-07T08:42:44.480+0700] {processor.py:914} INFO - Processing file /opt/airflow/dags/dag_scraping_twitter.py for tasks to queue
[2026-06-07T08:42:44.484+0700] {logging_mixin.py:190} INFO - [2026-06-07T08:42:44.483+0700] {dagbag.py:587} INFO - Filling up the DagBag from /opt/airflow/dags/dag_scraping_twitter.py
[2026-06-07T08:42:44.503+0700] {processor.py:925} INFO - DAG(s) 'dag_scraping_twitter' retrieved from /opt/airflow/dags/dag_scraping_twitter.py
[2026-06-07T08:42:44.531+0700] {logging_mixin.py:190} INFO - [2026-06-07T08:42:44.531+0700] {dag.py:3211} INFO - Sync 1 DAGs
[2026-06-07T08:42:44.553+0700] {logging_mixin.py:190} INFO - [2026-06-07T08:42:44.553+0700] {dag.py:4138} INFO - Setting next_dagrun for dag_scraping_twitter to 2026-06-06 23:00:00+00:00, run_after=2026-06-07 11:00:00+00:00
[2026-06-07T08:42:44.575+0700] {processor.py:208} INFO - Processing /opt/airflow/dags/dag_scraping_twitter.py took 0.102 seconds
[2026-06-07T08:43:15.160+0700] {processor.py:186} INFO - Started process (PID=35385) to work on /opt/airflow/dags/dag_scraping_twitter.py
[2026-06-07T08:43:15.162+0700] {processor.py:914} INFO - Processing file /opt/airflow/dags/dag_scraping_twitter.py for tasks to queue
[2026-06-07T08:43:15.164+0700] {logging_mixin.py:190} INFO - [2026-06-07T08:43:15.164+0700] {dagbag.py:587} INFO - Filling up the DagBag from /opt/airflow/dags/dag_scraping_twitter.py
[2026-06-07T08:43:15.183+0700] {processor.py:925} INFO - DAG(s) 'dag_scraping_twitter' retrieved from /opt/airflow/dags/dag_scraping_twitter.py
[2026-06-07T08:43:15.208+0700] {logging_mixin.py:190} INFO - [2026-06-07T08:43:15.208+0700] {dag.py:3211} INFO - Sync 1 DAGs
[2026-06-07T08:43:15.229+0700] {logging_mixin.py:190} INFO - [2026-06-07T08:43:15.229+0700] {dag.py:4138} INFO - Setting next_dagrun for dag_scraping_twitter to 2026-06-06 23:00:00+00:00, run_after=2026-06-07 11:00:00+00:00
[2026-06-07T08:43:15.250+0700] {processor.py:208} INFO - Processing /opt/airflow/dags/dag_scraping_twitter.py took 0.097 seconds
[2026-06-07T08:43:45.843+0700] {processor.py:186} INFO - Started process (PID=35413) to work on /opt/airflow/dags/dag_scraping_twitter.py
[2026-06-07T08:43:45.845+0700] {processor.py:914} INFO - Processing file /opt/airflow/dags/dag_scraping_twitter.py for tasks to queue
[2026-06-07T08:43:45.847+0700] {logging_mixin.py:190} INFO - [2026-06-07T08:43:45.847+0700] {dagbag.py:587} INFO - Filling up the DagBag from /opt/airflow/dags/dag_scraping_twitter.py
[2026-06-07T08:43:45.865+0700] {processor.py:925} INFO - DAG(s) 'dag_scraping_twitter' retrieved from /opt/airflow/dags/dag_scraping_twitter.py
[2026-06-07T08:43:45.893+0700] {logging_mixin.py:190} INFO - [2026-06-07T08:43:45.892+0700] {dag.py:3211} INFO - Sync 1 DAGs
[2026-06-07T08:43:45.917+0700] {logging_mixin.py:190} INFO - [2026-06-07T08:43:45.917+0700] {dag.py:4138} INFO - Setting next_dagrun for dag_scraping_twitter to 2026-06-06 23:00:00+00:00, run_after=2026-06-07 11:00:00+00:00
[2026-06-07T08:43:45.940+0700] {processor.py:208} INFO - Processing /opt/airflow/dags/dag_scraping_twitter.py took 0.106 seconds
[2026-06-07T08:44:16.359+0700] {processor.py:186} INFO - Started process (PID=35441) to work on /opt/airflow/dags/dag_scraping_twitter.py
[2026-06-07T08:44:16.360+0700] {processor.py:914} INFO - Processing file /opt/airflow/dags/dag_scraping_twitter.py for tasks to queue
[2026-06-07T08:44:16.364+0700] {logging_mixin.py:190} INFO - [2026-06-07T08:44:16.363+0700] {dagbag.py:587} INFO - Filling up the DagBag from /opt/airflow/dags/dag_scraping_twitter.py
[2026-06-07T08:44:16.382+0700] {processor.py:925} INFO - DAG(s) 'dag_scraping_twitter' retrieved from /opt/airflow/dags/dag_scraping_twitter.py
[2026-06-07T08:44:16.411+0700] {logging_mixin.py:190} INFO - [2026-06-07T08:44:16.411+0700] {dag.py:3211} INFO - Sync 1 DAGs
[2026-06-07T08:44:16.436+0700] {logging_mixin.py:190} INFO - [2026-06-07T08:44:16.435+0700] {dag.py:4138} INFO - Setting next_dagrun for dag_scraping_twitter to 2026-06-06 23:00:00+00:00, run_after=2026-06-07 11:00:00+00:00
[2026-06-07T08:44:16.457+0700] {processor.py:208} INFO - Processing /opt/airflow/dags/dag_scraping_twitter.py took 0.105 seconds
[2026-06-07T08:44:46.722+0700] {processor.py:186} INFO - Started process (PID=35469) to work on /opt/airflow/dags/dag_scraping_twitter.py
[2026-06-07T08:44:46.723+0700] {processor.py:914} INFO - Processing file /opt/airflow/dags/dag_scraping_twitter.py for tasks to queue
[2026-06-07T08:44:46.726+0700] {logging_mixin.py:190} INFO - [2026-06-07T08:44:46.726+0700] {dagbag.py:587} INFO - Filling up the DagBag from /opt/airflow/dags/dag_scraping_twitter.py
[2026-06-07T08:44:46.744+0700] {processor.py:925} INFO - DAG(s) 'dag_scraping_twitter' retrieved from /opt/airflow/dags/dag_scraping_twitter.py
[2026-06-07T08:44:46.773+0700] {logging_mixin.py:190} INFO - [2026-06-07T08:44:46.773+0700] {dag.py:3211} INFO - Sync 1 DAGs
[2026-06-07T08:44:46.800+0700] {logging_mixin.py:190} INFO - [2026-06-07T08:44:46.800+0700] {dag.py:4138} INFO - Setting next_dagrun for dag_scraping_twitter to 2026-06-06 23:00:00+00:00, run_after=2026-06-07 11:00:00+00:00
[2026-06-07T08:44:46.822+0700] {processor.py:208} INFO - Processing /opt/airflow/dags/dag_scraping_twitter.py took 0.106 seconds
[2026-06-07T08:45:17.240+0700] {processor.py:186} INFO - Started process (PID=35503) to work on /opt/airflow/dags/dag_scraping_twitter.py
[2026-06-07T08:45:17.241+0700] {processor.py:914} INFO - Processing file /opt/airflow/dags/dag_scraping_twitter.py for tasks to queue
[2026-06-07T08:45:17.244+0700] {logging_mixin.py:190} INFO - [2026-06-07T08:45:17.243+0700] {dagbag.py:587} INFO - Filling up the DagBag from /opt/airflow/dags/dag_scraping_twitter.py
[2026-06-07T08:45:17.262+0700] {processor.py:925} INFO - DAG(s) 'dag_scraping_twitter' retrieved from /opt/airflow/dags/dag_scraping_twitter.py
[2026-06-07T08:45:17.285+0700] {logging_mixin.py:190} INFO - [2026-06-07T08:45:17.285+0700] {dag.py:3211} INFO - Sync 1 DAGs
[2026-06-07T08:45:17.307+0700] {logging_mixin.py:190} INFO - [2026-06-07T08:45:17.307+0700] {dag.py:4138} INFO - Setting next_dagrun for dag_scraping_twitter to 2026-06-06 23:00:00+00:00, run_after=2026-06-07 11:00:00+00:00
[2026-06-07T08:45:17.330+0700] {processor.py:208} INFO - Processing /opt/airflow/dags/dag_scraping_twitter.py took 0.097 seconds
[2026-06-07T08:45:47.829+0700] {processor.py:186} INFO - Started process (PID=35531) to work on /opt/airflow/dags/dag_scraping_twitter.py
[2026-06-07T08:45:47.830+0700] {processor.py:914} INFO - Processing file /opt/airflow/dags/dag_scraping_twitter.py for tasks to queue
[2026-06-07T08:45:47.832+0700] {logging_mixin.py:190} INFO - [2026-06-07T08:45:47.832+0700] {dagbag.py:587} INFO - Filling up the DagBag from /opt/airflow/dags/dag_scraping_twitter.py
[2026-06-07T08:45:47.852+0700] {processor.py:925} INFO - DAG(s) 'dag_scraping_twitter' retrieved from /opt/airflow/dags/dag_scraping_twitter.py
[2026-06-07T08:45:47.881+0700] {logging_mixin.py:190} INFO - [2026-06-07T08:45:47.880+0700] {dag.py:3211} INFO - Sync 1 DAGs
[2026-06-07T08:45:47.902+0700] {logging_mixin.py:190} INFO - [2026-06-07T08:45:47.902+0700] {dag.py:4138} INFO - Setting next_dagrun for dag_scraping_twitter to 2026-06-06 23:00:00+00:00, run_after=2026-06-07 11:00:00+00:00
[2026-06-07T08:45:47.923+0700] {processor.py:208} INFO - Processing /opt/airflow/dags/dag_scraping_twitter.py took 0.102 seconds
[2026-06-07T08:46:18.229+0700] {processor.py:186} INFO - Started process (PID=35559) to work on /opt/airflow/dags/dag_scraping_twitter.py
[2026-06-07T08:46:18.230+0700] {processor.py:914} INFO - Processing file /opt/airflow/dags/dag_scraping_twitter.py for tasks to queue
[2026-06-07T08:46:18.233+0700] {logging_mixin.py:190} INFO - [2026-06-07T08:46:18.233+0700] {dagbag.py:587} INFO - Filling up the DagBag from /opt/airflow/dags/dag_scraping_twitter.py
[2026-06-07T08:46:18.252+0700] {processor.py:925} INFO - DAG(s) 'dag_scraping_twitter' retrieved from /opt/airflow/dags/dag_scraping_twitter.py
[2026-06-07T08:46:18.277+0700] {logging_mixin.py:190} INFO - [2026-06-07T08:46:18.276+0700] {dag.py:3211} INFO - Sync 1 DAGs
[2026-06-07T08:46:18.300+0700] {logging_mixin.py:190} INFO - [2026-06-07T08:46:18.300+0700] {dag.py:4138} INFO - Setting next_dagrun for dag_scraping_twitter to 2026-06-06 23:00:00+00:00, run_after=2026-06-07 11:00:00+00:00
[2026-06-07T08:46:18.323+0700] {processor.py:208} INFO - Processing /opt/airflow/dags/dag_scraping_twitter.py took 0.100 seconds
[2026-06-07T08:46:48.583+0700] {processor.py:186} INFO - Started process (PID=35587) to work on /opt/airflow/dags/dag_scraping_twitter.py
[2026-06-07T08:46:48.584+0700] {processor.py:914} INFO - Processing file /opt/airflow/dags/dag_scraping_twitter.py for tasks to queue
[2026-06-07T08:46:48.586+0700] {logging_mixin.py:190} INFO - [2026-06-07T08:46:48.586+0700] {dagbag.py:587} INFO - Filling up the DagBag from /opt/airflow/dags/dag_scraping_twitter.py
[2026-06-07T08:46:48.604+0700] {processor.py:925} INFO - DAG(s) 'dag_scraping_twitter' retrieved from /opt/airflow/dags/dag_scraping_twitter.py
[2026-06-07T08:46:48.629+0700] {logging_mixin.py:190} INFO - [2026-06-07T08:46:48.629+0700] {dag.py:3211} INFO - Sync 1 DAGs
[2026-06-07T08:46:48.654+0700] {logging_mixin.py:190} INFO - [2026-06-07T08:46:48.654+0700] {dag.py:4138} INFO - Setting next_dagrun for dag_scraping_twitter to 2026-06-06 23:00:00+00:00, run_after=2026-06-07 11:00:00+00:00
[2026-06-07T08:46:48.676+0700] {processor.py:208} INFO - Processing /opt/airflow/dags/dag_scraping_twitter.py took 0.100 seconds
[2026-06-07T08:47:18.990+0700] {processor.py:186} INFO - Started process (PID=35615) to work on /opt/airflow/dags/dag_scraping_twitter.py
[2026-06-07T08:47:18.991+0700] {processor.py:914} INFO - Processing file /opt/airflow/dags/dag_scraping_twitter.py for tasks to queue
[2026-06-07T08:47:18.994+0700] {logging_mixin.py:190} INFO - [2026-06-07T08:47:18.994+0700] {dagbag.py:587} INFO - Filling up the DagBag from /opt/airflow/dags/dag_scraping_twitter.py
[2026-06-07T08:47:19.011+0700] {processor.py:925} INFO - DAG(s) 'dag_scraping_twitter' retrieved from /opt/airflow/dags/dag_scraping_twitter.py
[2026-06-07T08:47:19.035+0700] {logging_mixin.py:190} INFO - [2026-06-07T08:47:19.035+0700] {dag.py:3211} INFO - Sync 1 DAGs
[2026-06-07T08:47:19.060+0700] {logging_mixin.py:190} INFO - [2026-06-07T08:47:19.059+0700] {dag.py:4138} INFO - Setting next_dagrun for dag_scraping_twitter to 2026-06-06 23:00:00+00:00, run_after=2026-06-07 11:00:00+00:00
[2026-06-07T08:47:19.085+0700] {processor.py:208} INFO - Processing /opt/airflow/dags/dag_scraping_twitter.py took 0.101 seconds
[2026-06-07T08:47:49.804+0700] {processor.py:186} INFO - Started process (PID=35643) to work on /opt/airflow/dags/dag_scraping_twitter.py
[2026-06-07T08:47:49.805+0700] {processor.py:914} INFO - Processing file /opt/airflow/dags/dag_scraping_twitter.py for tasks to queue
[2026-06-07T08:47:49.809+0700] {logging_mixin.py:190} INFO - [2026-06-07T08:47:49.808+0700] {dagbag.py:587} INFO - Filling up the DagBag from /opt/airflow/dags/dag_scraping_twitter.py
[2026-06-07T08:47:49.827+0700] {processor.py:925} INFO - DAG(s) 'dag_scraping_twitter' retrieved from /opt/airflow/dags/dag_scraping_twitter.py
[2026-06-07T08:47:49.854+0700] {logging_mixin.py:190} INFO - [2026-06-07T08:47:49.854+0700] {dag.py:3211} INFO - Sync 1 DAGs
[2026-06-07T08:47:49.876+0700] {logging_mixin.py:190} INFO - [2026-06-07T08:47:49.876+0700] {dag.py:4138} INFO - Setting next_dagrun for dag_scraping_twitter to 2026-06-06 23:00:00+00:00, run_after=2026-06-07 11:00:00+00:00
[2026-06-07T08:47:49.897+0700] {processor.py:208} INFO - Processing /opt/airflow/dags/dag_scraping_twitter.py took 0.101 seconds
[2026-06-07T08:48:20.205+0700] {processor.py:186} INFO - Started process (PID=35671) to work on /opt/airflow/dags/dag_scraping_twitter.py
[2026-06-07T08:48:20.206+0700] {processor.py:914} INFO - Processing file /opt/airflow/dags/dag_scraping_twitter.py for tasks to queue
[2026-06-07T08:48:20.209+0700] {logging_mixin.py:190} INFO - [2026-06-07T08:48:20.209+0700] {dagbag.py:587} INFO - Filling up the DagBag from /opt/airflow/dags/dag_scraping_twitter.py
[2026-06-07T08:48:20.229+0700] {processor.py:925} INFO - DAG(s) 'dag_scraping_twitter' retrieved from /opt/airflow/dags/dag_scraping_twitter.py
[2026-06-07T08:48:20.256+0700] {logging_mixin.py:190} INFO - [2026-06-07T08:48:20.256+0700] {dag.py:3211} INFO - Sync 1 DAGs
[2026-06-07T08:48:20.279+0700] {logging_mixin.py:190} INFO - [2026-06-07T08:48:20.279+0700] {dag.py:4138} INFO - Setting next_dagrun for dag_scraping_twitter to 2026-06-06 23:00:00+00:00, run_after=2026-06-07 11:00:00+00:00
[2026-06-07T08:48:20.299+0700] {processor.py:208} INFO - Processing /opt/airflow/dags/dag_scraping_twitter.py took 0.100 seconds
[2026-06-07T08:48:50.770+0700] {processor.py:186} INFO - Started process (PID=35699) to work on /opt/airflow/dags/dag_scraping_twitter.py
[2026-06-07T08:48:50.772+0700] {processor.py:914} INFO - Processing file /opt/airflow/dags/dag_scraping_twitter.py for tasks to queue
[2026-06-07T08:48:50.778+0700] {logging_mixin.py:190} INFO - [2026-06-07T08:48:50.778+0700] {dagbag.py:587} INFO - Filling up the DagBag from /opt/airflow/dags/dag_scraping_twitter.py
[2026-06-07T08:48:50.802+0700] {processor.py:925} INFO - DAG(s) 'dag_scraping_twitter' retrieved from /opt/airflow/dags/dag_scraping_twitter.py
[2026-06-07T08:48:50.828+0700] {logging_mixin.py:190} INFO - [2026-06-07T08:48:50.828+0700] {dag.py:3211} INFO - Sync 1 DAGs
[2026-06-07T08:48:50.850+0700] {logging_mixin.py:190} INFO - [2026-06-07T08:48:50.849+0700] {dag.py:4138} INFO - Setting next_dagrun for dag_scraping_twitter to 2026-06-06 23:00:00+00:00, run_after=2026-06-07 11:00:00+00:00
[2026-06-07T08:48:50.871+0700] {processor.py:208} INFO - Processing /opt/airflow/dags/dag_scraping_twitter.py took 0.109 seconds
[2026-06-07T08:49:21.148+0700] {processor.py:186} INFO - Started process (PID=35733) to work on /opt/airflow/dags/dag_scraping_twitter.py
[2026-06-07T08:49:21.149+0700] {processor.py:914} INFO - Processing file /opt/airflow/dags/dag_scraping_twitter.py for tasks to queue
[2026-06-07T08:49:21.152+0700] {logging_mixin.py:190} INFO - [2026-06-07T08:49:21.152+0700] {dagbag.py:587} INFO - Filling up the DagBag from /opt/airflow/dags/dag_scraping_twitter.py
[2026-06-07T08:49:21.171+0700] {processor.py:925} INFO - DAG(s) 'dag_scraping_twitter' retrieved from /opt/airflow/dags/dag_scraping_twitter.py
[2026-06-07T08:49:21.195+0700] {logging_mixin.py:190} INFO - [2026-06-07T08:49:21.195+0700] {dag.py:3211} INFO - Sync 1 DAGs
[2026-06-07T08:49:21.218+0700] {logging_mixin.py:190} INFO - [2026-06-07T08:49:21.218+0700] {dag.py:4138} INFO - Setting next_dagrun for dag_scraping_twitter to 2026-06-06 23:00:00+00:00, run_after=2026-06-07 11:00:00+00:00
[2026-06-07T08:49:21.242+0700] {processor.py:208} INFO - Processing /opt/airflow/dags/dag_scraping_twitter.py took 0.100 seconds
[2026-06-07T08:49:51.603+0700] {processor.py:186} INFO - Started process (PID=35761) to work on /opt/airflow/dags/dag_scraping_twitter.py
[2026-06-07T08:49:51.604+0700] {processor.py:914} INFO - Processing file /opt/airflow/dags/dag_scraping_twitter.py for tasks to queue
[2026-06-07T08:49:51.607+0700] {logging_mixin.py:190} INFO - [2026-06-07T08:49:51.606+0700] {dagbag.py:587} INFO - Filling up the DagBag from /opt/airflow/dags/dag_scraping_twitter.py
[2026-06-07T08:49:51.625+0700] {processor.py:925} INFO - DAG(s) 'dag_scraping_twitter' retrieved from /opt/airflow/dags/dag_scraping_twitter.py
[2026-06-07T08:49:51.650+0700] {logging_mixin.py:190} INFO - [2026-06-07T08:49:51.650+0700] {dag.py:3211} INFO - Sync 1 DAGs
[2026-06-07T08:49:51.672+0700] {logging_mixin.py:190} INFO - [2026-06-07T08:49:51.672+0700] {dag.py:4138} INFO - Setting next_dagrun for dag_scraping_twitter to 2026-06-06 23:00:00+00:00, run_after=2026-06-07 11:00:00+00:00
[2026-06-07T08:49:51.693+0700] {processor.py:208} INFO - Processing /opt/airflow/dags/dag_scraping_twitter.py took 0.097 seconds
[2026-06-07T08:50:22.129+0700] {processor.py:186} INFO - Started process (PID=35789) to work on /opt/airflow/dags/dag_scraping_twitter.py
[2026-06-07T08:50:22.131+0700] {processor.py:914} INFO - Processing file /opt/airflow/dags/dag_scraping_twitter.py for tasks to queue
[2026-06-07T08:50:22.133+0700] {logging_mixin.py:190} INFO - [2026-06-07T08:50:22.133+0700] {dagbag.py:587} INFO - Filling up the DagBag from /opt/airflow/dags/dag_scraping_twitter.py
[2026-06-07T08:50:22.153+0700] {processor.py:925} INFO - DAG(s) 'dag_scraping_twitter' retrieved from /opt/airflow/dags/dag_scraping_twitter.py
[2026-06-07T08:50:22.180+0700] {logging_mixin.py:190} INFO - [2026-06-07T08:50:22.180+0700] {dag.py:3211} INFO - Sync 1 DAGs
[2026-06-07T08:50:22.202+0700] {logging_mixin.py:190} INFO - [2026-06-07T08:50:22.202+0700] {dag.py:4138} INFO - Setting next_dagrun for dag_scraping_twitter to 2026-06-06 23:00:00+00:00, run_after=2026-06-07 11:00:00+00:00
[2026-06-07T08:50:22.223+0700] {processor.py:208} INFO - Processing /opt/airflow/dags/dag_scraping_twitter.py took 0.102 seconds
[2026-06-07T08:50:52.544+0700] {processor.py:186} INFO - Started process (PID=35817) to work on /opt/airflow/dags/dag_scraping_twitter.py
[2026-06-07T08:50:52.545+0700] {processor.py:914} INFO - Processing file /opt/airflow/dags/dag_scraping_twitter.py for tasks to queue
[2026-06-07T08:50:52.547+0700] {logging_mixin.py:190} INFO - [2026-06-07T08:50:52.547+0700] {dagbag.py:587} INFO - Filling up the DagBag from /opt/airflow/dags/dag_scraping_twitter.py
[2026-06-07T08:50:52.568+0700] {processor.py:925} INFO - DAG(s) 'dag_scraping_twitter' retrieved from /opt/airflow/dags/dag_scraping_twitter.py
[2026-06-07T08:50:52.593+0700] {logging_mixin.py:190} INFO - [2026-06-07T08:50:52.593+0700] {dag.py:3211} INFO - Sync 1 DAGs
[2026-06-07T08:50:52.617+0700] {logging_mixin.py:190} INFO - [2026-06-07T08:50:52.617+0700] {dag.py:4138} INFO - Setting next_dagrun for dag_scraping_twitter to 2026-06-06 23:00:00+00:00, run_after=2026-06-07 11:00:00+00:00
[2026-06-07T08:50:52.642+0700] {processor.py:208} INFO - Processing /opt/airflow/dags/dag_scraping_twitter.py took 0.104 seconds
[2026-06-07T08:51:23.104+0700] {processor.py:186} INFO - Started process (PID=35845) to work on /opt/airflow/dags/dag_scraping_twitter.py
[2026-06-07T08:51:23.108+0700] {processor.py:914} INFO - Processing file /opt/airflow/dags/dag_scraping_twitter.py for tasks to queue
[2026-06-07T08:51:23.111+0700] {logging_mixin.py:190} INFO - [2026-06-07T08:51:23.111+0700] {dagbag.py:587} INFO - Filling up the DagBag from /opt/airflow/dags/dag_scraping_twitter.py
[2026-06-07T08:51:23.131+0700] {processor.py:925} INFO - DAG(s) 'dag_scraping_twitter' retrieved from /opt/airflow/dags/dag_scraping_twitter.py
[2026-06-07T08:51:23.159+0700] {logging_mixin.py:190} INFO - [2026-06-07T08:51:23.159+0700] {dag.py:3211} INFO - Sync 1 DAGs
[2026-06-07T08:51:23.183+0700] {logging_mixin.py:190} INFO - [2026-06-07T08:51:23.183+0700] {dag.py:4138} INFO - Setting next_dagrun for dag_scraping_twitter to 2026-06-06 23:00:00+00:00, run_after=2026-06-07 11:00:00+00:00
[2026-06-07T08:51:23.205+0700] {processor.py:208} INFO - Processing /opt/airflow/dags/dag_scraping_twitter.py took 0.110 seconds
[2026-06-07T08:51:53.581+0700] {processor.py:186} INFO - Started process (PID=35873) to work on /opt/airflow/dags/dag_scraping_twitter.py
[2026-06-07T08:51:53.583+0700] {processor.py:914} INFO - Processing file /opt/airflow/dags/dag_scraping_twitter.py for tasks to queue
[2026-06-07T08:51:53.586+0700] {logging_mixin.py:190} INFO - [2026-06-07T08:51:53.585+0700] {dagbag.py:587} INFO - Filling up the DagBag from /opt/airflow/dags/dag_scraping_twitter.py
[2026-06-07T08:51:53.604+0700] {processor.py:925} INFO - DAG(s) 'dag_scraping_twitter' retrieved from /opt/airflow/dags/dag_scraping_twitter.py
[2026-06-07T08:51:53.630+0700] {logging_mixin.py:190} INFO - [2026-06-07T08:51:53.630+0700] {dag.py:3211} INFO - Sync 1 DAGs
[2026-06-07T08:51:53.658+0700] {logging_mixin.py:190} INFO - [2026-06-07T08:51:53.658+0700] {dag.py:4138} INFO - Setting next_dagrun for dag_scraping_twitter to 2026-06-06 23:00:00+00:00, run_after=2026-06-07 11:00:00+00:00
[2026-06-07T08:51:53.682+0700] {processor.py:208} INFO - Processing /opt/airflow/dags/dag_scraping_twitter.py took 0.109 seconds
[2026-06-07T08:52:24.495+0700] {processor.py:186} INFO - Started process (PID=35901) to work on /opt/airflow/dags/dag_scraping_twitter.py
[2026-06-07T08:52:24.497+0700] {processor.py:914} INFO - Processing file /opt/airflow/dags/dag_scraping_twitter.py for tasks to queue
[2026-06-07T08:52:24.501+0700] {logging_mixin.py:190} INFO - [2026-06-07T08:52:24.500+0700] {dagbag.py:587} INFO - Filling up the DagBag from /opt/airflow/dags/dag_scraping_twitter.py
[2026-06-07T08:52:24.522+0700] {processor.py:925} INFO - DAG(s) 'dag_scraping_twitter' retrieved from /opt/airflow/dags/dag_scraping_twitter.py
[2026-06-07T08:52:24.549+0700] {logging_mixin.py:190} INFO - [2026-06-07T08:52:24.548+0700] {dag.py:3211} INFO - Sync 1 DAGs
[2026-06-07T08:52:24.571+0700] {logging_mixin.py:190} INFO - [2026-06-07T08:52:24.571+0700] {dag.py:4138} INFO - Setting next_dagrun for dag_scraping_twitter to 2026-06-06 23:00:00+00:00, run_after=2026-06-07 11:00:00+00:00
[2026-06-07T08:52:24.595+0700] {processor.py:208} INFO - Processing /opt/airflow/dags/dag_scraping_twitter.py took 0.107 seconds
[2026-06-07T08:52:54.941+0700] {processor.py:186} INFO - Started process (PID=35929) to work on /opt/airflow/dags/dag_scraping_twitter.py
[2026-06-07T08:52:54.942+0700] {processor.py:914} INFO - Processing file /opt/airflow/dags/dag_scraping_twitter.py for tasks to queue
[2026-06-07T08:52:54.944+0700] {logging_mixin.py:190} INFO - [2026-06-07T08:52:54.944+0700] {dagbag.py:587} INFO - Filling up the DagBag from /opt/airflow/dags/dag_scraping_twitter.py
[2026-06-07T08:52:54.963+0700] {processor.py:925} INFO - DAG(s) 'dag_scraping_twitter' retrieved from /opt/airflow/dags/dag_scraping_twitter.py
[2026-06-07T08:52:54.991+0700] {logging_mixin.py:190} INFO - [2026-06-07T08:52:54.990+0700] {dag.py:3211} INFO - Sync 1 DAGs
[2026-06-07T08:52:55.016+0700] {logging_mixin.py:190} INFO - [2026-06-07T08:52:55.016+0700] {dag.py:4138} INFO - Setting next_dagrun for dag_scraping_twitter to 2026-06-06 23:00:00+00:00, run_after=2026-06-07 11:00:00+00:00
[2026-06-07T08:52:55.043+0700] {processor.py:208} INFO - Processing /opt/airflow/dags/dag_scraping_twitter.py took 0.111 seconds
[2026-06-07T08:53:25.364+0700] {processor.py:186} INFO - Started process (PID=35963) to work on /opt/airflow/dags/dag_scraping_twitter.py
[2026-06-07T08:53:25.365+0700] {processor.py:914} INFO - Processing file /opt/airflow/dags/dag_scraping_twitter.py for tasks to queue
[2026-06-07T08:53:25.367+0700] {logging_mixin.py:190} INFO - [2026-06-07T08:53:25.367+0700] {dagbag.py:587} INFO - Filling up the DagBag from /opt/airflow/dags/dag_scraping_twitter.py
[2026-06-07T08:53:25.391+0700] {processor.py:925} INFO - DAG(s) 'dag_scraping_twitter' retrieved from /opt/airflow/dags/dag_scraping_twitter.py
[2026-06-07T08:53:25.416+0700] {logging_mixin.py:190} INFO - [2026-06-07T08:53:25.416+0700] {dag.py:3211} INFO - Sync 1 DAGs
[2026-06-07T08:53:25.439+0700] {logging_mixin.py:190} INFO - [2026-06-07T08:53:25.438+0700] {dag.py:4138} INFO - Setting next_dagrun for dag_scraping_twitter to 2026-06-06 23:00:00+00:00, run_after=2026-06-07 11:00:00+00:00
[2026-06-07T08:53:25.460+0700] {processor.py:208} INFO - Processing /opt/airflow/dags/dag_scraping_twitter.py took 0.106 seconds
[2026-06-07T08:53:55.779+0700] {processor.py:186} INFO - Started process (PID=35991) to work on /opt/airflow/dags/dag_scraping_twitter.py
[2026-06-07T08:53:55.780+0700] {processor.py:914} INFO - Processing file /opt/airflow/dags/dag_scraping_twitter.py for tasks to queue
[2026-06-07T08:53:55.783+0700] {logging_mixin.py:190} INFO - [2026-06-07T08:53:55.783+0700] {dagbag.py:587} INFO - Filling up the DagBag from /opt/airflow/dags/dag_scraping_twitter.py
[2026-06-07T08:53:55.806+0700] {processor.py:925} INFO - DAG(s) 'dag_scraping_twitter' retrieved from /opt/airflow/dags/dag_scraping_twitter.py
[2026-06-07T08:53:55.841+0700] {logging_mixin.py:190} INFO - [2026-06-07T08:53:55.841+0700] {dag.py:3211} INFO - Sync 1 DAGs
[2026-06-07T08:53:55.865+0700] {logging_mixin.py:190} INFO - [2026-06-07T08:53:55.865+0700] {dag.py:4138} INFO - Setting next_dagrun for dag_scraping_twitter to 2026-06-06 23:00:00+00:00, run_after=2026-06-07 11:00:00+00:00
[2026-06-07T08:53:55.887+0700] {processor.py:208} INFO - Processing /opt/airflow/dags/dag_scraping_twitter.py took 0.115 seconds
[2026-06-07T08:54:26.540+0700] {processor.py:186} INFO - Started process (PID=36019) to work on /opt/airflow/dags/dag_scraping_twitter.py
[2026-06-07T08:54:26.541+0700] {processor.py:914} INFO - Processing file /opt/airflow/dags/dag_scraping_twitter.py for tasks to queue
[2026-06-07T08:54:26.544+0700] {logging_mixin.py:190} INFO - [2026-06-07T08:54:26.544+0700] {dagbag.py:587} INFO - Filling up the DagBag from /opt/airflow/dags/dag_scraping_twitter.py
[2026-06-07T08:54:26.563+0700] {processor.py:925} INFO - DAG(s) 'dag_scraping_twitter' retrieved from /opt/airflow/dags/dag_scraping_twitter.py
[2026-06-07T08:54:26.587+0700] {logging_mixin.py:190} INFO - [2026-06-07T08:54:26.587+0700] {dag.py:3211} INFO - Sync 1 DAGs
[2026-06-07T08:54:26.608+0700] {logging_mixin.py:190} INFO - [2026-06-07T08:54:26.608+0700] {dag.py:4138} INFO - Setting next_dagrun for dag_scraping_twitter to 2026-06-06 23:00:00+00:00, run_after=2026-06-07 11:00:00+00:00
[2026-06-07T08:54:26.628+0700] {processor.py:208} INFO - Processing /opt/airflow/dags/dag_scraping_twitter.py took 0.094 seconds
[2026-06-07T08:54:57.106+0700] {processor.py:186} INFO - Started process (PID=36047) to work on /opt/airflow/dags/dag_scraping_twitter.py
[2026-06-07T08:54:57.107+0700] {processor.py:914} INFO - Processing file /opt/airflow/dags/dag_scraping_twitter.py for tasks to queue
[2026-06-07T08:54:57.110+0700] {logging_mixin.py:190} INFO - [2026-06-07T08:54:57.110+0700] {dagbag.py:587} INFO - Filling up the DagBag from /opt/airflow/dags/dag_scraping_twitter.py
[2026-06-07T08:54:57.129+0700] {processor.py:925} INFO - DAG(s) 'dag_scraping_twitter' retrieved from /opt/airflow/dags/dag_scraping_twitter.py
[2026-06-07T08:54:57.153+0700] {logging_mixin.py:190} INFO - [2026-06-07T08:54:57.153+0700] {dag.py:3211} INFO - Sync 1 DAGs
[2026-06-07T08:54:57.175+0700] {logging_mixin.py:190} INFO - [2026-06-07T08:54:57.175+0700] {dag.py:4138} INFO - Setting next_dagrun for dag_scraping_twitter to 2026-06-06 23:00:00+00:00, run_after=2026-06-07 11:00:00+00:00
[2026-06-07T08:54:57.195+0700] {processor.py:208} INFO - Processing /opt/airflow/dags/dag_scraping_twitter.py took 0.096 seconds
[2026-06-07T08:55:27.577+0700] {processor.py:186} INFO - Started process (PID=36075) to work on /opt/airflow/dags/dag_scraping_twitter.py
[2026-06-07T08:55:27.578+0700] {processor.py:914} INFO - Processing file /opt/airflow/dags/dag_scraping_twitter.py for tasks to queue
[2026-06-07T08:55:27.581+0700] {logging_mixin.py:190} INFO - [2026-06-07T08:55:27.581+0700] {dagbag.py:587} INFO - Filling up the DagBag from /opt/airflow/dags/dag_scraping_twitter.py
[2026-06-07T08:55:27.602+0700] {processor.py:925} INFO - DAG(s) 'dag_scraping_twitter' retrieved from /opt/airflow/dags/dag_scraping_twitter.py
[2026-06-07T08:55:27.631+0700] {logging_mixin.py:190} INFO - [2026-06-07T08:55:27.630+0700] {dag.py:3211} INFO - Sync 1 DAGs
[2026-06-07T08:55:27.653+0700] {logging_mixin.py:190} INFO - [2026-06-07T08:55:27.653+0700] {dag.py:4138} INFO - Setting next_dagrun for dag_scraping_twitter to 2026-06-06 23:00:00+00:00, run_after=2026-06-07 11:00:00+00:00
[2026-06-07T08:55:27.675+0700] {processor.py:208} INFO - Processing /opt/airflow/dags/dag_scraping_twitter.py took 0.107 seconds
[2026-06-07T08:55:57.991+0700] {processor.py:186} INFO - Started process (PID=36103) to work on /opt/airflow/dags/dag_scraping_twitter.py
[2026-06-07T08:55:57.992+0700] {processor.py:914} INFO - Processing file /opt/airflow/dags/dag_scraping_twitter.py for tasks to queue
[2026-06-07T08:55:57.996+0700] {logging_mixin.py:190} INFO - [2026-06-07T08:55:57.995+0700] {dagbag.py:587} INFO - Filling up the DagBag from /opt/airflow/dags/dag_scraping_twitter.py
[2026-06-07T08:55:58.018+0700] {processor.py:925} INFO - DAG(s) 'dag_scraping_twitter' retrieved from /opt/airflow/dags/dag_scraping_twitter.py
[2026-06-07T08:55:58.043+0700] {logging_mixin.py:190} INFO - [2026-06-07T08:55:58.042+0700] {dag.py:3211} INFO - Sync 1 DAGs
[2026-06-07T08:55:58.064+0700] {logging_mixin.py:190} INFO - [2026-06-07T08:55:58.064+0700] {dag.py:4138} INFO - Setting next_dagrun for dag_scraping_twitter to 2026-06-06 23:00:00+00:00, run_after=2026-06-07 11:00:00+00:00
[2026-06-07T08:55:58.085+0700] {processor.py:208} INFO - Processing /opt/airflow/dags/dag_scraping_twitter.py took 0.101 seconds
[2026-06-07T08:56:28.501+0700] {processor.py:186} INFO - Started process (PID=36132) to work on /opt/airflow/dags/dag_scraping_twitter.py
[2026-06-07T08:56:28.502+0700] {processor.py:914} INFO - Processing file /opt/airflow/dags/dag_scraping_twitter.py for tasks to queue
[2026-06-07T08:56:28.505+0700] {logging_mixin.py:190} INFO - [2026-06-07T08:56:28.504+0700] {dagbag.py:587} INFO - Filling up the DagBag from /opt/airflow/dags/dag_scraping_twitter.py
[2026-06-07T08:56:28.522+0700] {processor.py:925} INFO - DAG(s) 'dag_scraping_twitter' retrieved from /opt/airflow/dags/dag_scraping_twitter.py
[2026-06-07T08:56:28.547+0700] {logging_mixin.py:190} INFO - [2026-06-07T08:56:28.546+0700] {dag.py:3211} INFO - Sync 1 DAGs
[2026-06-07T08:56:28.568+0700] {logging_mixin.py:190} INFO - [2026-06-07T08:56:28.568+0700] {dag.py:4138} INFO - Setting next_dagrun for dag_scraping_twitter to 2026-06-06 23:00:00+00:00, run_after=2026-06-07 11:00:00+00:00
[2026-06-07T08:56:28.590+0700] {processor.py:208} INFO - Processing /opt/airflow/dags/dag_scraping_twitter.py took 0.096 seconds
[2026-06-07T08:56:58.851+0700] {processor.py:186} INFO - Started process (PID=36160) to work on /opt/airflow/dags/dag_scraping_twitter.py
[2026-06-07T08:56:58.853+0700] {processor.py:914} INFO - Processing file /opt/airflow/dags/dag_scraping_twitter.py for tasks to queue
[2026-06-07T08:56:58.855+0700] {logging_mixin.py:190} INFO - [2026-06-07T08:56:58.855+0700] {dagbag.py:587} INFO - Filling up the DagBag from /opt/airflow/dags/dag_scraping_twitter.py
[2026-06-07T08:56:58.873+0700] {processor.py:925} INFO - DAG(s) 'dag_scraping_twitter' retrieved from /opt/airflow/dags/dag_scraping_twitter.py
[2026-06-07T08:56:58.898+0700] {logging_mixin.py:190} INFO - [2026-06-07T08:56:58.897+0700] {dag.py:3211} INFO - Sync 1 DAGs
[2026-06-07T08:56:58.926+0700] {logging_mixin.py:190} INFO - [2026-06-07T08:56:58.925+0700] {dag.py:4138} INFO - Setting next_dagrun for dag_scraping_twitter to 2026-06-06 23:00:00+00:00, run_after=2026-06-07 11:00:00+00:00
[2026-06-07T08:56:58.946+0700] {processor.py:208} INFO - Processing /opt/airflow/dags/dag_scraping_twitter.py took 0.102 seconds
[2026-06-07T08:57:29.391+0700] {processor.py:186} INFO - Started process (PID=36194) to work on /opt/airflow/dags/dag_scraping_twitter.py
[2026-06-07T08:57:29.392+0700] {processor.py:914} INFO - Processing file /opt/airflow/dags/dag_scraping_twitter.py for tasks to queue
[2026-06-07T08:57:29.395+0700] {logging_mixin.py:190} INFO - [2026-06-07T08:57:29.395+0700] {dagbag.py:587} INFO - Filling up the DagBag from /opt/airflow/dags/dag_scraping_twitter.py
[2026-06-07T08:57:29.412+0700] {processor.py:925} INFO - DAG(s) 'dag_scraping_twitter' retrieved from /opt/airflow/dags/dag_scraping_twitter.py
[2026-06-07T08:57:29.437+0700] {logging_mixin.py:190} INFO - [2026-06-07T08:57:29.437+0700] {dag.py:3211} INFO - Sync 1 DAGs
[2026-06-07T08:57:29.464+0700] {logging_mixin.py:190} INFO - [2026-06-07T08:57:29.463+0700] {dag.py:4138} INFO - Setting next_dagrun for dag_scraping_twitter to 2026-06-06 23:00:00+00:00, run_after=2026-06-07 11:00:00+00:00
[2026-06-07T08:57:29.486+0700] {processor.py:208} INFO - Processing /opt/airflow/dags/dag_scraping_twitter.py took 0.102 seconds
[2026-06-07T08:57:59.827+0700] {processor.py:186} INFO - Started process (PID=36222) to work on /opt/airflow/dags/dag_scraping_twitter.py
[2026-06-07T08:57:59.828+0700] {processor.py:914} INFO - Processing file /opt/airflow/dags/dag_scraping_twitter.py for tasks to queue
[2026-06-07T08:57:59.831+0700] {logging_mixin.py:190} INFO - [2026-06-07T08:57:59.830+0700] {dagbag.py:587} INFO - Filling up the DagBag from /opt/airflow/dags/dag_scraping_twitter.py
[2026-06-07T08:57:59.850+0700] {processor.py:925} INFO - DAG(s) 'dag_scraping_twitter' retrieved from /opt/airflow/dags/dag_scraping_twitter.py
[2026-06-07T08:57:59.874+0700] {logging_mixin.py:190} INFO - [2026-06-07T08:57:59.874+0700] {dag.py:3211} INFO - Sync 1 DAGs
[2026-06-07T08:57:59.897+0700] {logging_mixin.py:190} INFO - [2026-06-07T08:57:59.897+0700] {dag.py:4138} INFO - Setting next_dagrun for dag_scraping_twitter to 2026-06-06 23:00:00+00:00, run_after=2026-06-07 11:00:00+00:00
[2026-06-07T08:57:59.918+0700] {processor.py:208} INFO - Processing /opt/airflow/dags/dag_scraping_twitter.py took 0.098 seconds
[2026-06-07T08:58:30.254+0700] {processor.py:186} INFO - Started process (PID=36250) to work on /opt/airflow/dags/dag_scraping_twitter.py
[2026-06-07T08:58:30.255+0700] {processor.py:914} INFO - Processing file /opt/airflow/dags/dag_scraping_twitter.py for tasks to queue
[2026-06-07T08:58:30.258+0700] {logging_mixin.py:190} INFO - [2026-06-07T08:58:30.258+0700] {dagbag.py:587} INFO - Filling up the DagBag from /opt/airflow/dags/dag_scraping_twitter.py
[2026-06-07T08:58:30.278+0700] {processor.py:925} INFO - DAG(s) 'dag_scraping_twitter' retrieved from /opt/airflow/dags/dag_scraping_twitter.py
[2026-06-07T08:58:30.303+0700] {logging_mixin.py:190} INFO - [2026-06-07T08:58:30.303+0700] {dag.py:3211} INFO - Sync 1 DAGs
[2026-06-07T08:58:30.329+0700] {logging_mixin.py:190} INFO - [2026-06-07T08:58:30.329+0700] {dag.py:4138} INFO - Setting next_dagrun for dag_scraping_twitter to 2026-06-06 23:00:00+00:00, run_after=2026-06-07 11:00:00+00:00
[2026-06-07T08:58:30.350+0700] {processor.py:208} INFO - Processing /opt/airflow/dags/dag_scraping_twitter.py took 0.103 seconds
[2026-06-07T08:59:00.704+0700] {processor.py:186} INFO - Started process (PID=36278) to work on /opt/airflow/dags/dag_scraping_twitter.py
[2026-06-07T08:59:00.705+0700] {processor.py:914} INFO - Processing file /opt/airflow/dags/dag_scraping_twitter.py for tasks to queue
[2026-06-07T08:59:00.708+0700] {logging_mixin.py:190} INFO - [2026-06-07T08:59:00.708+0700] {dagbag.py:587} INFO - Filling up the DagBag from /opt/airflow/dags/dag_scraping_twitter.py
[2026-06-07T08:59:00.731+0700] {processor.py:925} INFO - DAG(s) 'dag_scraping_twitter' retrieved from /opt/airflow/dags/dag_scraping_twitter.py
[2026-06-07T08:59:00.761+0700] {logging_mixin.py:190} INFO - [2026-06-07T08:59:00.761+0700] {dag.py:3211} INFO - Sync 1 DAGs
[2026-06-07T08:59:00.791+0700] {logging_mixin.py:190} INFO - [2026-06-07T08:59:00.791+0700] {dag.py:4138} INFO - Setting next_dagrun for dag_scraping_twitter to 2026-06-06 23:00:00+00:00, run_after=2026-06-07 11:00:00+00:00
[2026-06-07T08:59:00.816+0700] {processor.py:208} INFO - Processing /opt/airflow/dags/dag_scraping_twitter.py took 0.120 seconds
[2026-06-07T08:59:31.078+0700] {processor.py:186} INFO - Started process (PID=36306) to work on /opt/airflow/dags/dag_scraping_twitter.py
[2026-06-07T08:59:31.079+0700] {processor.py:914} INFO - Processing file /opt/airflow/dags/dag_scraping_twitter.py for tasks to queue
[2026-06-07T08:59:31.082+0700] {logging_mixin.py:190} INFO - [2026-06-07T08:59:31.082+0700] {dagbag.py:587} INFO - Filling up the DagBag from /opt/airflow/dags/dag_scraping_twitter.py
[2026-06-07T08:59:31.107+0700] {processor.py:925} INFO - DAG(s) 'dag_scraping_twitter' retrieved from /opt/airflow/dags/dag_scraping_twitter.py
[2026-06-07T08:59:31.147+0700] {logging_mixin.py:190} INFO - [2026-06-07T08:59:31.147+0700] {dag.py:3211} INFO - Sync 1 DAGs
[2026-06-07T08:59:31.188+0700] {logging_mixin.py:190} INFO - [2026-06-07T08:59:31.187+0700] {dag.py:4138} INFO - Setting next_dagrun for dag_scraping_twitter to 2026-06-06 23:00:00+00:00, run_after=2026-06-07 11:00:00+00:00
[2026-06-07T08:59:31.214+0700] {processor.py:208} INFO - Processing /opt/airflow/dags/dag_scraping_twitter.py took 0.143 seconds
[2026-06-07T09:00:01.504+0700] {processor.py:186} INFO - Started process (PID=36334) to work on /opt/airflow/dags/dag_scraping_twitter.py
[2026-06-07T09:00:01.505+0700] {processor.py:914} INFO - Processing file /opt/airflow/dags/dag_scraping_twitter.py for tasks to queue
[2026-06-07T09:00:01.507+0700] {logging_mixin.py:190} INFO - [2026-06-07T09:00:01.507+0700] {dagbag.py:587} INFO - Filling up the DagBag from /opt/airflow/dags/dag_scraping_twitter.py
[2026-06-07T09:00:01.525+0700] {processor.py:925} INFO - DAG(s) 'dag_scraping_twitter' retrieved from /opt/airflow/dags/dag_scraping_twitter.py
[2026-06-07T09:00:01.551+0700] {logging_mixin.py:190} INFO - [2026-06-07T09:00:01.551+0700] {dag.py:3211} INFO - Sync 1 DAGs
[2026-06-07T09:00:01.572+0700] {logging_mixin.py:190} INFO - [2026-06-07T09:00:01.572+0700] {dag.py:4138} INFO - Setting next_dagrun for dag_scraping_twitter to 2026-06-06 23:00:00+00:00, run_after=2026-06-07 11:00:00+00:00
[2026-06-07T09:00:01.595+0700] {processor.py:208} INFO - Processing /opt/airflow/dags/dag_scraping_twitter.py took 0.097 seconds
[2026-06-07T09:00:32.103+0700] {processor.py:186} INFO - Started process (PID=36362) to work on /opt/airflow/dags/dag_scraping_twitter.py
[2026-06-07T09:00:32.104+0700] {processor.py:914} INFO - Processing file /opt/airflow/dags/dag_scraping_twitter.py for tasks to queue
[2026-06-07T09:00:32.106+0700] {logging_mixin.py:190} INFO - [2026-06-07T09:00:32.106+0700] {dagbag.py:587} INFO - Filling up the DagBag from /opt/airflow/dags/dag_scraping_twitter.py
[2026-06-07T09:00:32.135+0700] {processor.py:925} INFO - DAG(s) 'dag_scraping_twitter' retrieved from /opt/airflow/dags/dag_scraping_twitter.py
[2026-06-07T09:00:32.159+0700] {logging_mixin.py:190} INFO - [2026-06-07T09:00:32.159+0700] {dag.py:3211} INFO - Sync 1 DAGs
[2026-06-07T09:00:32.182+0700] {logging_mixin.py:190} INFO - [2026-06-07T09:00:32.181+0700] {dag.py:4138} INFO - Setting next_dagrun for dag_scraping_twitter to 2026-06-06 23:00:00+00:00, run_after=2026-06-07 11:00:00+00:00
[2026-06-07T09:00:32.203+0700] {processor.py:208} INFO - Processing /opt/airflow/dags/dag_scraping_twitter.py took 0.107 seconds
[2026-06-07T09:01:02.504+0700] {processor.py:186} INFO - Started process (PID=36390) to work on /opt/airflow/dags/dag_scraping_twitter.py
[2026-06-07T09:01:02.505+0700] {processor.py:914} INFO - Processing file /opt/airflow/dags/dag_scraping_twitter.py for tasks to queue
[2026-06-07T09:01:02.508+0700] {logging_mixin.py:190} INFO - [2026-06-07T09:01:02.507+0700] {dagbag.py:587} INFO - Filling up the DagBag from /opt/airflow/dags/dag_scraping_twitter.py
[2026-06-07T09:01:02.525+0700] {processor.py:925} INFO - DAG(s) 'dag_scraping_twitter' retrieved from /opt/airflow/dags/dag_scraping_twitter.py
[2026-06-07T09:01:02.550+0700] {logging_mixin.py:190} INFO - [2026-06-07T09:01:02.550+0700] {dag.py:3211} INFO - Sync 1 DAGs
[2026-06-07T09:01:02.577+0700] {logging_mixin.py:190} INFO - [2026-06-07T09:01:02.576+0700] {dag.py:4138} INFO - Setting next_dagrun for dag_scraping_twitter to 2026-06-06 23:00:00+00:00, run_after=2026-06-07 11:00:00+00:00
[2026-06-07T09:01:02.598+0700] {processor.py:208} INFO - Processing /opt/airflow/dags/dag_scraping_twitter.py took 0.103 seconds
[2026-06-07T09:01:33.236+0700] {processor.py:186} INFO - Started process (PID=36424) to work on /opt/airflow/dags/dag_scraping_twitter.py
[2026-06-07T09:01:33.238+0700] {processor.py:914} INFO - Processing file /opt/airflow/dags/dag_scraping_twitter.py for tasks to queue
[2026-06-07T09:01:33.242+0700] {logging_mixin.py:190} INFO - [2026-06-07T09:01:33.241+0700] {dagbag.py:587} INFO - Filling up the DagBag from /opt/airflow/dags/dag_scraping_twitter.py
[2026-06-07T09:01:33.259+0700] {processor.py:925} INFO - DAG(s) 'dag_scraping_twitter' retrieved from /opt/airflow/dags/dag_scraping_twitter.py
[2026-06-07T09:01:33.283+0700] {logging_mixin.py:190} INFO - [2026-06-07T09:01:33.283+0700] {dag.py:3211} INFO - Sync 1 DAGs
[2026-06-07T09:01:33.305+0700] {logging_mixin.py:190} INFO - [2026-06-07T09:01:33.305+0700] {dag.py:4138} INFO - Setting next_dagrun for dag_scraping_twitter to 2026-06-06 23:00:00+00:00, run_after=2026-06-07 11:00:00+00:00
[2026-06-07T09:01:33.326+0700] {processor.py:208} INFO - Processing /opt/airflow/dags/dag_scraping_twitter.py took 0.096 seconds
[2026-06-07T09:02:04.109+0700] {processor.py:186} INFO - Started process (PID=36452) to work on /opt/airflow/dags/dag_scraping_twitter.py
[2026-06-07T09:02:04.110+0700] {processor.py:914} INFO - Processing file /opt/airflow/dags/dag_scraping_twitter.py for tasks to queue
[2026-06-07T09:02:04.113+0700] {logging_mixin.py:190} INFO - [2026-06-07T09:02:04.113+0700] {dagbag.py:587} INFO - Filling up the DagBag from /opt/airflow/dags/dag_scraping_twitter.py
[2026-06-07T09:02:04.130+0700] {processor.py:925} INFO - DAG(s) 'dag_scraping_twitter' retrieved from /opt/airflow/dags/dag_scraping_twitter.py
[2026-06-07T09:02:04.155+0700] {logging_mixin.py:190} INFO - [2026-06-07T09:02:04.155+0700] {dag.py:3211} INFO - Sync 1 DAGs
[2026-06-07T09:02:04.176+0700] {logging_mixin.py:190} INFO - [2026-06-07T09:02:04.176+0700] {dag.py:4138} INFO - Setting next_dagrun for dag_scraping_twitter to 2026-06-06 23:00:00+00:00, run_after=2026-06-07 11:00:00+00:00
[2026-06-07T09:02:04.198+0700] {processor.py:208} INFO - Processing /opt/airflow/dags/dag_scraping_twitter.py took 0.096 seconds
[2026-06-07T09:02:34.588+0700] {processor.py:186} INFO - Started process (PID=36480) to work on /opt/airflow/dags/dag_scraping_twitter.py
[2026-06-07T09:02:34.589+0700] {processor.py:914} INFO - Processing file /opt/airflow/dags/dag_scraping_twitter.py for tasks to queue
[2026-06-07T09:02:34.591+0700] {logging_mixin.py:190} INFO - [2026-06-07T09:02:34.590+0700] {dagbag.py:587} INFO - Filling up the DagBag from /opt/airflow/dags/dag_scraping_twitter.py
[2026-06-07T09:02:34.609+0700] {processor.py:925} INFO - DAG(s) 'dag_scraping_twitter' retrieved from /opt/airflow/dags/dag_scraping_twitter.py
[2026-06-07T09:02:34.634+0700] {logging_mixin.py:190} INFO - [2026-06-07T09:02:34.634+0700] {dag.py:3211} INFO - Sync 1 DAGs
[2026-06-07T09:02:34.657+0700] {logging_mixin.py:190} INFO - [2026-06-07T09:02:34.657+0700] {dag.py:4138} INFO - Setting next_dagrun for dag_scraping_twitter to 2026-06-06 23:00:00+00:00, run_after=2026-06-07 11:00:00+00:00
[2026-06-07T09:02:34.681+0700] {processor.py:208} INFO - Processing /opt/airflow/dags/dag_scraping_twitter.py took 0.101 seconds
[2026-06-07T09:03:05.000+0700] {processor.py:186} INFO - Started process (PID=36508) to work on /opt/airflow/dags/dag_scraping_twitter.py
[2026-06-07T09:03:05.001+0700] {processor.py:914} INFO - Processing file /opt/airflow/dags/dag_scraping_twitter.py for tasks to queue
[2026-06-07T09:03:05.004+0700] {logging_mixin.py:190} INFO - [2026-06-07T09:03:05.003+0700] {dagbag.py:587} INFO - Filling up the DagBag from /opt/airflow/dags/dag_scraping_twitter.py
[2026-06-07T09:03:05.028+0700] {processor.py:925} INFO - DAG(s) 'dag_scraping_twitter' retrieved from /opt/airflow/dags/dag_scraping_twitter.py
[2026-06-07T09:03:05.058+0700] {logging_mixin.py:190} INFO - [2026-06-07T09:03:05.058+0700] {dag.py:3211} INFO - Sync 1 DAGs
[2026-06-07T09:03:05.086+0700] {logging_mixin.py:190} INFO - [2026-06-07T09:03:05.085+0700] {dag.py:4138} INFO - Setting next_dagrun for dag_scraping_twitter to 2026-06-06 23:00:00+00:00, run_after=2026-06-07 11:00:00+00:00
[2026-06-07T09:03:05.107+0700] {processor.py:208} INFO - Processing /opt/airflow/dags/dag_scraping_twitter.py took 0.115 seconds
[2026-06-07T09:03:35.699+0700] {processor.py:186} INFO - Started process (PID=36536) to work on /opt/airflow/dags/dag_scraping_twitter.py
[2026-06-07T09:03:35.701+0700] {processor.py:914} INFO - Processing file /opt/airflow/dags/dag_scraping_twitter.py for tasks to queue
[2026-06-07T09:03:35.705+0700] {logging_mixin.py:190} INFO - [2026-06-07T09:03:35.704+0700] {dagbag.py:587} INFO - Filling up the DagBag from /opt/airflow/dags/dag_scraping_twitter.py
[2026-06-07T09:03:35.723+0700] {processor.py:925} INFO - DAG(s) 'dag_scraping_twitter' retrieved from /opt/airflow/dags/dag_scraping_twitter.py
[2026-06-07T09:03:35.746+0700] {logging_mixin.py:190} INFO - [2026-06-07T09:03:35.746+0700] {dag.py:3211} INFO - Sync 1 DAGs
[2026-06-07T09:03:35.769+0700] {logging_mixin.py:190} INFO - [2026-06-07T09:03:35.769+0700] {dag.py:4138} INFO - Setting next_dagrun for dag_scraping_twitter to 2026-06-06 23:00:00+00:00, run_after=2026-06-07 11:00:00+00:00
[2026-06-07T09:03:35.791+0700] {processor.py:208} INFO - Processing /opt/airflow/dags/dag_scraping_twitter.py took 0.100 seconds
[2026-06-07T09:04:06.281+0700] {processor.py:186} INFO - Started process (PID=36564) to work on /opt/airflow/dags/dag_scraping_twitter.py
[2026-06-07T09:04:06.282+0700] {processor.py:914} INFO - Processing file /opt/airflow/dags/dag_scraping_twitter.py for tasks to queue
[2026-06-07T09:04:06.285+0700] {logging_mixin.py:190} INFO - [2026-06-07T09:04:06.285+0700] {dagbag.py:587} INFO - Filling up the DagBag from /opt/airflow/dags/dag_scraping_twitter.py
[2026-06-07T09:04:06.307+0700] {processor.py:925} INFO - DAG(s) 'dag_scraping_twitter' retrieved from /opt/airflow/dags/dag_scraping_twitter.py
[2026-06-07T09:04:06.333+0700] {logging_mixin.py:190} INFO - [2026-06-07T09:04:06.333+0700] {dag.py:3211} INFO - Sync 1 DAGs
[2026-06-07T09:04:06.355+0700] {logging_mixin.py:190} INFO - [2026-06-07T09:04:06.355+0700] {dag.py:4138} INFO - Setting next_dagrun for dag_scraping_twitter to 2026-06-06 23:00:00+00:00, run_after=2026-06-07 11:00:00+00:00
[2026-06-07T09:04:06.375+0700] {processor.py:208} INFO - Processing /opt/airflow/dags/dag_scraping_twitter.py took 0.102 seconds
[2026-06-07T09:04:36.742+0700] {processor.py:186} INFO - Started process (PID=36592) to work on /opt/airflow/dags/dag_scraping_twitter.py
[2026-06-07T09:04:36.743+0700] {processor.py:914} INFO - Processing file /opt/airflow/dags/dag_scraping_twitter.py for tasks to queue
[2026-06-07T09:04:36.746+0700] {logging_mixin.py:190} INFO - [2026-06-07T09:04:36.745+0700] {dagbag.py:587} INFO - Filling up the DagBag from /opt/airflow/dags/dag_scraping_twitter.py
[2026-06-07T09:04:36.765+0700] {processor.py:925} INFO - DAG(s) 'dag_scraping_twitter' retrieved from /opt/airflow/dags/dag_scraping_twitter.py
[2026-06-07T09:04:36.793+0700] {logging_mixin.py:190} INFO - [2026-06-07T09:04:36.793+0700] {dag.py:3211} INFO - Sync 1 DAGs
[2026-06-07T09:04:36.814+0700] {logging_mixin.py:190} INFO - [2026-06-07T09:04:36.814+0700] {dag.py:4138} INFO - Setting next_dagrun for dag_scraping_twitter to 2026-06-06 23:00:00+00:00, run_after=2026-06-07 11:00:00+00:00
[2026-06-07T09:04:36.836+0700] {processor.py:208} INFO - Processing /opt/airflow/dags/dag_scraping_twitter.py took 0.101 seconds
[2026-06-07T09:05:07.237+0700] {processor.py:186} INFO - Started process (PID=36620) to work on /opt/airflow/dags/dag_scraping_twitter.py
[2026-06-07T09:05:07.238+0700] {processor.py:914} INFO - Processing file /opt/airflow/dags/dag_scraping_twitter.py for tasks to queue
[2026-06-07T09:05:07.241+0700] {logging_mixin.py:190} INFO - [2026-06-07T09:05:07.240+0700] {dagbag.py:587} INFO - Filling up the DagBag from /opt/airflow/dags/dag_scraping_twitter.py
[2026-06-07T09:05:07.258+0700] {processor.py:925} INFO - DAG(s) 'dag_scraping_twitter' retrieved from /opt/airflow/dags/dag_scraping_twitter.py
[2026-06-07T09:05:07.284+0700] {logging_mixin.py:190} INFO - [2026-06-07T09:05:07.284+0700] {dag.py:3211} INFO - Sync 1 DAGs
[2026-06-07T09:05:07.305+0700] {logging_mixin.py:190} INFO - [2026-06-07T09:05:07.305+0700] {dag.py:4138} INFO - Setting next_dagrun for dag_scraping_twitter to 2026-06-06 23:00:00+00:00, run_after=2026-06-07 11:00:00+00:00
[2026-06-07T09:05:07.325+0700] {processor.py:208} INFO - Processing /opt/airflow/dags/dag_scraping_twitter.py took 0.095 seconds
[2026-06-07T09:05:37.796+0700] {processor.py:186} INFO - Started process (PID=36654) to work on /opt/airflow/dags/dag_scraping_twitter.py
[2026-06-07T09:05:37.797+0700] {processor.py:914} INFO - Processing file /opt/airflow/dags/dag_scraping_twitter.py for tasks to queue
[2026-06-07T09:05:37.800+0700] {logging_mixin.py:190} INFO - [2026-06-07T09:05:37.799+0700] {dagbag.py:587} INFO - Filling up the DagBag from /opt/airflow/dags/dag_scraping_twitter.py
[2026-06-07T09:05:37.817+0700] {processor.py:925} INFO - DAG(s) 'dag_scraping_twitter' retrieved from /opt/airflow/dags/dag_scraping_twitter.py
[2026-06-07T09:05:37.842+0700] {logging_mixin.py:190} INFO - [2026-06-07T09:05:37.842+0700] {dag.py:3211} INFO - Sync 1 DAGs
[2026-06-07T09:05:37.862+0700] {logging_mixin.py:190} INFO - [2026-06-07T09:05:37.862+0700] {dag.py:4138} INFO - Setting next_dagrun for dag_scraping_twitter to 2026-06-06 23:00:00+00:00, run_after=2026-06-07 11:00:00+00:00
[2026-06-07T09:05:37.883+0700] {processor.py:208} INFO - Processing /opt/airflow/dags/dag_scraping_twitter.py took 0.093 seconds
[2026-06-07T09:06:08.313+0700] {processor.py:186} INFO - Started process (PID=36682) to work on /opt/airflow/dags/dag_scraping_twitter.py
[2026-06-07T09:06:08.314+0700] {processor.py:914} INFO - Processing file /opt/airflow/dags/dag_scraping_twitter.py for tasks to queue
[2026-06-07T09:06:08.317+0700] {logging_mixin.py:190} INFO - [2026-06-07T09:06:08.317+0700] {dagbag.py:587} INFO - Filling up the DagBag from /opt/airflow/dags/dag_scraping_twitter.py
[2026-06-07T09:06:08.335+0700] {processor.py:925} INFO - DAG(s) 'dag_scraping_twitter' retrieved from /opt/airflow/dags/dag_scraping_twitter.py
[2026-06-07T09:06:08.359+0700] {logging_mixin.py:190} INFO - [2026-06-07T09:06:08.359+0700] {dag.py:3211} INFO - Sync 1 DAGs
[2026-06-07T09:06:08.380+0700] {logging_mixin.py:190} INFO - [2026-06-07T09:06:08.380+0700] {dag.py:4138} INFO - Setting next_dagrun for dag_scraping_twitter to 2026-06-06 23:00:00+00:00, run_after=2026-06-07 11:00:00+00:00
[2026-06-07T09:06:08.401+0700] {processor.py:208} INFO - Processing /opt/airflow/dags/dag_scraping_twitter.py took 0.094 seconds
[2026-06-07T09:06:38.779+0700] {processor.py:186} INFO - Started process (PID=36710) to work on /opt/airflow/dags/dag_scraping_twitter.py
[2026-06-07T09:06:38.781+0700] {processor.py:914} INFO - Processing file /opt/airflow/dags/dag_scraping_twitter.py for tasks to queue
[2026-06-07T09:06:38.785+0700] {logging_mixin.py:190} INFO - [2026-06-07T09:06:38.785+0700] {dagbag.py:587} INFO - Filling up the DagBag from /opt/airflow/dags/dag_scraping_twitter.py
[2026-06-07T09:06:38.809+0700] {processor.py:925} INFO - DAG(s) 'dag_scraping_twitter' retrieved from /opt/airflow/dags/dag_scraping_twitter.py
[2026-06-07T09:06:38.835+0700] {logging_mixin.py:190} INFO - [2026-06-07T09:06:38.835+0700] {dag.py:3211} INFO - Sync 1 DAGs
[2026-06-07T09:06:38.857+0700] {logging_mixin.py:190} INFO - [2026-06-07T09:06:38.857+0700] {dag.py:4138} INFO - Setting next_dagrun for dag_scraping_twitter to 2026-06-06 23:00:00+00:00, run_after=2026-06-07 11:00:00+00:00
[2026-06-07T09:06:38.877+0700] {processor.py:208} INFO - Processing /opt/airflow/dags/dag_scraping_twitter.py took 0.108 seconds
[2026-06-07T09:07:09.134+0700] {processor.py:186} INFO - Started process (PID=36738) to work on /opt/airflow/dags/dag_scraping_twitter.py
[2026-06-07T09:07:09.136+0700] {processor.py:914} INFO - Processing file /opt/airflow/dags/dag_scraping_twitter.py for tasks to queue
[2026-06-07T09:07:09.138+0700] {logging_mixin.py:190} INFO - [2026-06-07T09:07:09.138+0700] {dagbag.py:587} INFO - Filling up the DagBag from /opt/airflow/dags/dag_scraping_twitter.py
[2026-06-07T09:07:09.160+0700] {processor.py:925} INFO - DAG(s) 'dag_scraping_twitter' retrieved from /opt/airflow/dags/dag_scraping_twitter.py
[2026-06-07T09:07:09.186+0700] {logging_mixin.py:190} INFO - [2026-06-07T09:07:09.186+0700] {dag.py:3211} INFO - Sync 1 DAGs
[2026-06-07T09:07:09.209+0700] {logging_mixin.py:190} INFO - [2026-06-07T09:07:09.209+0700] {dag.py:4138} INFO - Setting next_dagrun for dag_scraping_twitter to 2026-06-06 23:00:00+00:00, run_after=2026-06-07 11:00:00+00:00
[2026-06-07T09:07:09.231+0700] {processor.py:208} INFO - Processing /opt/airflow/dags/dag_scraping_twitter.py took 0.104 seconds
[2026-06-07T09:07:39.504+0700] {processor.py:186} INFO - Started process (PID=36766) to work on /opt/airflow/dags/dag_scraping_twitter.py
[2026-06-07T09:07:39.505+0700] {processor.py:914} INFO - Processing file /opt/airflow/dags/dag_scraping_twitter.py for tasks to queue
[2026-06-07T09:07:39.508+0700] {logging_mixin.py:190} INFO - [2026-06-07T09:07:39.507+0700] {dagbag.py:587} INFO - Filling up the DagBag from /opt/airflow/dags/dag_scraping_twitter.py
[2026-06-07T09:07:39.525+0700] {processor.py:925} INFO - DAG(s) 'dag_scraping_twitter' retrieved from /opt/airflow/dags/dag_scraping_twitter.py
[2026-06-07T09:07:39.550+0700] {logging_mixin.py:190} INFO - [2026-06-07T09:07:39.550+0700] {dag.py:3211} INFO - Sync 1 DAGs
[2026-06-07T09:07:39.571+0700] {logging_mixin.py:190} INFO - [2026-06-07T09:07:39.571+0700] {dag.py:4138} INFO - Setting next_dagrun for dag_scraping_twitter to 2026-06-06 23:00:00+00:00, run_after=2026-06-07 11:00:00+00:00
[2026-06-07T09:07:39.590+0700] {processor.py:208} INFO - Processing /opt/airflow/dags/dag_scraping_twitter.py took 0.093 seconds
[2026-06-07T09:08:10.200+0700] {processor.py:186} INFO - Started process (PID=36794) to work on /opt/airflow/dags/dag_scraping_twitter.py
[2026-06-07T09:08:10.201+0700] {processor.py:914} INFO - Processing file /opt/airflow/dags/dag_scraping_twitter.py for tasks to queue
[2026-06-07T09:08:10.204+0700] {logging_mixin.py:190} INFO - [2026-06-07T09:08:10.203+0700] {dagbag.py:587} INFO - Filling up the DagBag from /opt/airflow/dags/dag_scraping_twitter.py
[2026-06-07T09:08:10.222+0700] {processor.py:925} INFO - DAG(s) 'dag_scraping_twitter' retrieved from /opt/airflow/dags/dag_scraping_twitter.py
[2026-06-07T09:08:10.249+0700] {logging_mixin.py:190} INFO - [2026-06-07T09:08:10.248+0700] {dag.py:3211} INFO - Sync 1 DAGs
[2026-06-07T09:08:10.272+0700] {logging_mixin.py:190} INFO - [2026-06-07T09:08:10.271+0700] {dag.py:4138} INFO - Setting next_dagrun for dag_scraping_twitter to 2026-06-06 23:00:00+00:00, run_after=2026-06-07 11:00:00+00:00
[2026-06-07T09:08:10.291+0700] {processor.py:208} INFO - Processing /opt/airflow/dags/dag_scraping_twitter.py took 0.097 seconds
[2026-06-07T09:08:40.598+0700] {processor.py:186} INFO - Started process (PID=36822) to work on /opt/airflow/dags/dag_scraping_twitter.py
[2026-06-07T09:08:40.599+0700] {processor.py:914} INFO - Processing file /opt/airflow/dags/dag_scraping_twitter.py for tasks to queue
[2026-06-07T09:08:40.602+0700] {logging_mixin.py:190} INFO - [2026-06-07T09:08:40.602+0700] {dagbag.py:587} INFO - Filling up the DagBag from /opt/airflow/dags/dag_scraping_twitter.py
[2026-06-07T09:08:40.626+0700] {processor.py:925} INFO - DAG(s) 'dag_scraping_twitter' retrieved from /opt/airflow/dags/dag_scraping_twitter.py
[2026-06-07T09:08:40.654+0700] {logging_mixin.py:190} INFO - [2026-06-07T09:08:40.654+0700] {dag.py:3211} INFO - Sync 1 DAGs
[2026-06-07T09:08:40.678+0700] {logging_mixin.py:190} INFO - [2026-06-07T09:08:40.678+0700] {dag.py:4138} INFO - Setting next_dagrun for dag_scraping_twitter to 2026-06-06 23:00:00+00:00, run_after=2026-06-07 11:00:00+00:00
[2026-06-07T09:08:40.701+0700] {processor.py:208} INFO - Processing /opt/airflow/dags/dag_scraping_twitter.py took 0.111 seconds
[2026-06-07T09:09:10.984+0700] {processor.py:186} INFO - Started process (PID=36850) to work on /opt/airflow/dags/dag_scraping_twitter.py
[2026-06-07T09:09:10.985+0700] {processor.py:914} INFO - Processing file /opt/airflow/dags/dag_scraping_twitter.py for tasks to queue
[2026-06-07T09:09:10.989+0700] {logging_mixin.py:190} INFO - [2026-06-07T09:09:10.988+0700] {dagbag.py:587} INFO - Filling up the DagBag from /opt/airflow/dags/dag_scraping_twitter.py
[2026-06-07T09:09:11.005+0700] {processor.py:925} INFO - DAG(s) 'dag_scraping_twitter' retrieved from /opt/airflow/dags/dag_scraping_twitter.py
[2026-06-07T09:09:11.030+0700] {logging_mixin.py:190} INFO - [2026-06-07T09:09:11.029+0700] {dag.py:3211} INFO - Sync 1 DAGs
[2026-06-07T09:09:11.052+0700] {logging_mixin.py:190} INFO - [2026-06-07T09:09:11.051+0700] {dag.py:4138} INFO - Setting next_dagrun for dag_scraping_twitter to 2026-06-06 23:00:00+00:00, run_after=2026-06-07 11:00:00+00:00
[2026-06-07T09:09:11.074+0700] {processor.py:208} INFO - Processing /opt/airflow/dags/dag_scraping_twitter.py took 0.096 seconds
[2026-06-07T09:09:41.523+0700] {processor.py:186} INFO - Started process (PID=36884) to work on /opt/airflow/dags/dag_scraping_twitter.py
[2026-06-07T09:09:41.525+0700] {processor.py:914} INFO - Processing file /opt/airflow/dags/dag_scraping_twitter.py for tasks to queue
[2026-06-07T09:09:41.527+0700] {logging_mixin.py:190} INFO - [2026-06-07T09:09:41.527+0700] {dagbag.py:587} INFO - Filling up the DagBag from /opt/airflow/dags/dag_scraping_twitter.py
[2026-06-07T09:09:41.545+0700] {processor.py:925} INFO - DAG(s) 'dag_scraping_twitter' retrieved from /opt/airflow/dags/dag_scraping_twitter.py
[2026-06-07T09:09:41.574+0700] {logging_mixin.py:190} INFO - [2026-06-07T09:09:41.574+0700] {dag.py:3211} INFO - Sync 1 DAGs
[2026-06-07T09:09:41.606+0700] {logging_mixin.py:190} INFO - [2026-06-07T09:09:41.606+0700] {dag.py:4138} INFO - Setting next_dagrun for dag_scraping_twitter to 2026-06-06 23:00:00+00:00, run_after=2026-06-07 11:00:00+00:00
[2026-06-07T09:09:41.638+0700] {processor.py:208} INFO - Processing /opt/airflow/dags/dag_scraping_twitter.py took 0.123 seconds
[2026-06-07T09:10:11.997+0700] {processor.py:186} INFO - Started process (PID=36912) to work on /opt/airflow/dags/dag_scraping_twitter.py
[2026-06-07T09:10:11.999+0700] {processor.py:914} INFO - Processing file /opt/airflow/dags/dag_scraping_twitter.py for tasks to queue
[2026-06-07T09:10:12.001+0700] {logging_mixin.py:190} INFO - [2026-06-07T09:10:12.001+0700] {dagbag.py:587} INFO - Filling up the DagBag from /opt/airflow/dags/dag_scraping_twitter.py
[2026-06-07T09:10:12.021+0700] {processor.py:925} INFO - DAG(s) 'dag_scraping_twitter' retrieved from /opt/airflow/dags/dag_scraping_twitter.py
[2026-06-07T09:10:12.046+0700] {logging_mixin.py:190} INFO - [2026-06-07T09:10:12.046+0700] {dag.py:3211} INFO - Sync 1 DAGs
[2026-06-07T09:10:12.069+0700] {logging_mixin.py:190} INFO - [2026-06-07T09:10:12.069+0700] {dag.py:4138} INFO - Setting next_dagrun for dag_scraping_twitter to 2026-06-06 23:00:00+00:00, run_after=2026-06-07 11:00:00+00:00
[2026-06-07T09:10:12.092+0700] {processor.py:208} INFO - Processing /opt/airflow/dags/dag_scraping_twitter.py took 0.104 seconds
[2026-06-07T09:10:42.617+0700] {processor.py:186} INFO - Started process (PID=36940) to work on /opt/airflow/dags/dag_scraping_twitter.py
[2026-06-07T09:10:42.618+0700] {processor.py:914} INFO - Processing file /opt/airflow/dags/dag_scraping_twitter.py for tasks to queue
[2026-06-07T09:10:42.620+0700] {logging_mixin.py:190} INFO - [2026-06-07T09:10:42.620+0700] {dagbag.py:587} INFO - Filling up the DagBag from /opt/airflow/dags/dag_scraping_twitter.py
[2026-06-07T09:10:42.638+0700] {processor.py:925} INFO - DAG(s) 'dag_scraping_twitter' retrieved from /opt/airflow/dags/dag_scraping_twitter.py
[2026-06-07T09:10:42.663+0700] {logging_mixin.py:190} INFO - [2026-06-07T09:10:42.663+0700] {dag.py:3211} INFO - Sync 1 DAGs
[2026-06-07T09:10:42.683+0700] {logging_mixin.py:190} INFO - [2026-06-07T09:10:42.683+0700] {dag.py:4138} INFO - Setting next_dagrun for dag_scraping_twitter to 2026-06-06 23:00:00+00:00, run_after=2026-06-07 11:00:00+00:00
[2026-06-07T09:10:42.703+0700] {processor.py:208} INFO - Processing /opt/airflow/dags/dag_scraping_twitter.py took 0.093 seconds
[2026-06-07T09:11:13.161+0700] {processor.py:186} INFO - Started process (PID=36968) to work on /opt/airflow/dags/dag_scraping_twitter.py
[2026-06-07T09:11:13.162+0700] {processor.py:914} INFO - Processing file /opt/airflow/dags/dag_scraping_twitter.py for tasks to queue
[2026-06-07T09:11:13.166+0700] {logging_mixin.py:190} INFO - [2026-06-07T09:11:13.166+0700] {dagbag.py:587} INFO - Filling up the DagBag from /opt/airflow/dags/dag_scraping_twitter.py
[2026-06-07T09:11:13.186+0700] {processor.py:925} INFO - DAG(s) 'dag_scraping_twitter' retrieved from /opt/airflow/dags/dag_scraping_twitter.py
[2026-06-07T09:11:13.219+0700] {logging_mixin.py:190} INFO - [2026-06-07T09:11:13.218+0700] {dag.py:3211} INFO - Sync 1 DAGs
[2026-06-07T09:11:13.242+0700] {logging_mixin.py:190} INFO - [2026-06-07T09:11:13.241+0700] {dag.py:4138} INFO - Setting next_dagrun for dag_scraping_twitter to 2026-06-06 23:00:00+00:00, run_after=2026-06-07 11:00:00+00:00
[2026-06-07T09:11:13.269+0700] {processor.py:208} INFO - Processing /opt/airflow/dags/dag_scraping_twitter.py took 0.115 seconds
[2026-06-07T09:11:43.551+0700] {processor.py:186} INFO - Started process (PID=36997) to work on /opt/airflow/dags/dag_scraping_twitter.py
[2026-06-07T09:11:43.552+0700] {processor.py:914} INFO - Processing file /opt/airflow/dags/dag_scraping_twitter.py for tasks to queue
[2026-06-07T09:11:43.555+0700] {logging_mixin.py:190} INFO - [2026-06-07T09:11:43.555+0700] {dagbag.py:587} INFO - Filling up the DagBag from /opt/airflow/dags/dag_scraping_twitter.py
[2026-06-07T09:11:43.574+0700] {processor.py:925} INFO - DAG(s) 'dag_scraping_twitter' retrieved from /opt/airflow/dags/dag_scraping_twitter.py
[2026-06-07T09:11:43.607+0700] {logging_mixin.py:190} INFO - [2026-06-07T09:11:43.606+0700] {dag.py:3211} INFO - Sync 1 DAGs
[2026-06-07T09:11:43.635+0700] {logging_mixin.py:190} INFO - [2026-06-07T09:11:43.635+0700] {dag.py:4138} INFO - Setting next_dagrun for dag_scraping_twitter to 2026-06-06 23:00:00+00:00, run_after=2026-06-07 11:00:00+00:00
[2026-06-07T09:11:43.660+0700] {processor.py:208} INFO - Processing /opt/airflow/dags/dag_scraping_twitter.py took 0.115 seconds
[2026-06-07T09:12:14.294+0700] {processor.py:186} INFO - Started process (PID=37025) to work on /opt/airflow/dags/dag_scraping_twitter.py
[2026-06-07T09:12:14.295+0700] {processor.py:914} INFO - Processing file /opt/airflow/dags/dag_scraping_twitter.py for tasks to queue
[2026-06-07T09:12:14.297+0700] {logging_mixin.py:190} INFO - [2026-06-07T09:12:14.297+0700] {dagbag.py:587} INFO - Filling up the DagBag from /opt/airflow/dags/dag_scraping_twitter.py
[2026-06-07T09:12:14.315+0700] {processor.py:925} INFO - DAG(s) 'dag_scraping_twitter' retrieved from /opt/airflow/dags/dag_scraping_twitter.py
[2026-06-07T09:12:14.340+0700] {logging_mixin.py:190} INFO - [2026-06-07T09:12:14.340+0700] {dag.py:3211} INFO - Sync 1 DAGs
[2026-06-07T09:12:14.363+0700] {logging_mixin.py:190} INFO - [2026-06-07T09:12:14.363+0700] {dag.py:4138} INFO - Setting next_dagrun for dag_scraping_twitter to 2026-06-06 23:00:00+00:00, run_after=2026-06-07 11:00:00+00:00
[2026-06-07T09:12:14.385+0700] {processor.py:208} INFO - Processing /opt/airflow/dags/dag_scraping_twitter.py took 0.098 seconds
[2026-06-07T09:12:44.682+0700] {processor.py:186} INFO - Started process (PID=37053) to work on /opt/airflow/dags/dag_scraping_twitter.py
[2026-06-07T09:12:44.683+0700] {processor.py:914} INFO - Processing file /opt/airflow/dags/dag_scraping_twitter.py for tasks to queue
[2026-06-07T09:12:44.685+0700] {logging_mixin.py:190} INFO - [2026-06-07T09:12:44.685+0700] {dagbag.py:587} INFO - Filling up the DagBag from /opt/airflow/dags/dag_scraping_twitter.py
[2026-06-07T09:12:44.704+0700] {processor.py:925} INFO - DAG(s) 'dag_scraping_twitter' retrieved from /opt/airflow/dags/dag_scraping_twitter.py
[2026-06-07T09:12:44.729+0700] {logging_mixin.py:190} INFO - [2026-06-07T09:12:44.729+0700] {dag.py:3211} INFO - Sync 1 DAGs
[2026-06-07T09:12:44.750+0700] {logging_mixin.py:190} INFO - [2026-06-07T09:12:44.750+0700] {dag.py:4138} INFO - Setting next_dagrun for dag_scraping_twitter to 2026-06-06 23:00:00+00:00, run_after=2026-06-07 11:00:00+00:00
[2026-06-07T09:12:44.770+0700] {processor.py:208} INFO - Processing /opt/airflow/dags/dag_scraping_twitter.py took 0.094 seconds
[2026-06-07T09:13:15.233+0700] {processor.py:186} INFO - Started process (PID=37081) to work on /opt/airflow/dags/dag_scraping_twitter.py
[2026-06-07T09:13:15.234+0700] {processor.py:914} INFO - Processing file /opt/airflow/dags/dag_scraping_twitter.py for tasks to queue
[2026-06-07T09:13:15.236+0700] {logging_mixin.py:190} INFO - [2026-06-07T09:13:15.236+0700] {dagbag.py:587} INFO - Filling up the DagBag from /opt/airflow/dags/dag_scraping_twitter.py
[2026-06-07T09:13:15.254+0700] {processor.py:925} INFO - DAG(s) 'dag_scraping_twitter' retrieved from /opt/airflow/dags/dag_scraping_twitter.py
[2026-06-07T09:13:15.279+0700] {logging_mixin.py:190} INFO - [2026-06-07T09:13:15.279+0700] {dag.py:3211} INFO - Sync 1 DAGs
[2026-06-07T09:13:15.300+0700] {logging_mixin.py:190} INFO - [2026-06-07T09:13:15.300+0700] {dag.py:4138} INFO - Setting next_dagrun for dag_scraping_twitter to 2026-06-06 23:00:00+00:00, run_after=2026-06-07 11:00:00+00:00
[2026-06-07T09:13:15.323+0700] {processor.py:208} INFO - Processing /opt/airflow/dags/dag_scraping_twitter.py took 0.097 seconds
[2026-06-07T09:13:45.654+0700] {processor.py:186} INFO - Started process (PID=37115) to work on /opt/airflow/dags/dag_scraping_twitter.py
[2026-06-07T09:13:45.655+0700] {processor.py:914} INFO - Processing file /opt/airflow/dags/dag_scraping_twitter.py for tasks to queue
[2026-06-07T09:13:45.658+0700] {logging_mixin.py:190} INFO - [2026-06-07T09:13:45.658+0700] {dagbag.py:587} INFO - Filling up the DagBag from /opt/airflow/dags/dag_scraping_twitter.py
[2026-06-07T09:13:45.679+0700] {processor.py:925} INFO - DAG(s) 'dag_scraping_twitter' retrieved from /opt/airflow/dags/dag_scraping_twitter.py
[2026-06-07T09:13:45.710+0700] {logging_mixin.py:190} INFO - [2026-06-07T09:13:45.709+0700] {dag.py:3211} INFO - Sync 1 DAGs
[2026-06-07T09:13:45.731+0700] {logging_mixin.py:190} INFO - [2026-06-07T09:13:45.731+0700] {dag.py:4138} INFO - Setting next_dagrun for dag_scraping_twitter to 2026-06-06 23:00:00+00:00, run_after=2026-06-07 11:00:00+00:00
[2026-06-07T09:13:45.754+0700] {processor.py:208} INFO - Processing /opt/airflow/dags/dag_scraping_twitter.py took 0.109 seconds
[2026-06-07T09:14:15.801+0700] {processor.py:186} INFO - Started process (PID=37144) to work on /opt/airflow/dags/dag_scraping_twitter.py
[2026-06-07T09:14:15.802+0700] {processor.py:914} INFO - Processing file /opt/airflow/dags/dag_scraping_twitter.py for tasks to queue
[2026-06-07T09:14:15.804+0700] {logging_mixin.py:190} INFO - [2026-06-07T09:14:15.804+0700] {dagbag.py:587} INFO - Filling up the DagBag from /opt/airflow/dags/dag_scraping_twitter.py
[2026-06-07T09:14:15.825+0700] {processor.py:925} INFO - DAG(s) 'dag_scraping_twitter' retrieved from /opt/airflow/dags/dag_scraping_twitter.py
[2026-06-07T09:14:15.850+0700] {logging_mixin.py:190} INFO - [2026-06-07T09:14:15.849+0700] {dag.py:3211} INFO - Sync 1 DAGs
[2026-06-07T09:14:15.871+0700] {logging_mixin.py:190} INFO - [2026-06-07T09:14:15.871+0700] {dag.py:4138} INFO - Setting next_dagrun for dag_scraping_twitter to 2026-06-06 23:00:00+00:00, run_after=2026-06-07 11:00:00+00:00
[2026-06-07T09:14:15.890+0700] {processor.py:208} INFO - Processing /opt/airflow/dags/dag_scraping_twitter.py took 0.098 seconds
[2026-06-07T09:14:46.302+0700] {processor.py:186} INFO - Started process (PID=37172) to work on /opt/airflow/dags/dag_scraping_twitter.py
[2026-06-07T09:14:46.303+0700] {processor.py:914} INFO - Processing file /opt/airflow/dags/dag_scraping_twitter.py for tasks to queue
[2026-06-07T09:14:46.305+0700] {logging_mixin.py:190} INFO - [2026-06-07T09:14:46.305+0700] {dagbag.py:587} INFO - Filling up the DagBag from /opt/airflow/dags/dag_scraping_twitter.py
[2026-06-07T09:14:46.328+0700] {processor.py:925} INFO - DAG(s) 'dag_scraping_twitter' retrieved from /opt/airflow/dags/dag_scraping_twitter.py
[2026-06-07T09:14:46.359+0700] {logging_mixin.py:190} INFO - [2026-06-07T09:14:46.359+0700] {dag.py:3211} INFO - Sync 1 DAGs
[2026-06-07T09:14:46.386+0700] {logging_mixin.py:190} INFO - [2026-06-07T09:14:46.386+0700] {dag.py:4138} INFO - Setting next_dagrun for dag_scraping_twitter to 2026-06-06 23:00:00+00:00, run_after=2026-06-07 11:00:00+00:00
[2026-06-07T09:14:46.412+0700] {processor.py:208} INFO - Processing /opt/airflow/dags/dag_scraping_twitter.py took 0.118 seconds
[2026-06-07T09:15:16.671+0700] {processor.py:186} INFO - Started process (PID=37200) to work on /opt/airflow/dags/dag_scraping_twitter.py
[2026-06-07T09:15:16.672+0700] {processor.py:914} INFO - Processing file /opt/airflow/dags/dag_scraping_twitter.py for tasks to queue
[2026-06-07T09:15:16.675+0700] {logging_mixin.py:190} INFO - [2026-06-07T09:15:16.675+0700] {dagbag.py:587} INFO - Filling up the DagBag from /opt/airflow/dags/dag_scraping_twitter.py
[2026-06-07T09:15:16.695+0700] {processor.py:925} INFO - DAG(s) 'dag_scraping_twitter' retrieved from /opt/airflow/dags/dag_scraping_twitter.py
[2026-06-07T09:15:16.720+0700] {logging_mixin.py:190} INFO - [2026-06-07T09:15:16.720+0700] {dag.py:3211} INFO - Sync 1 DAGs
[2026-06-07T09:15:16.742+0700] {logging_mixin.py:190} INFO - [2026-06-07T09:15:16.742+0700] {dag.py:4138} INFO - Setting next_dagrun for dag_scraping_twitter to 2026-06-06 23:00:00+00:00, run_after=2026-06-07 11:00:00+00:00
[2026-06-07T09:15:16.763+0700] {processor.py:208} INFO - Processing /opt/airflow/dags/dag_scraping_twitter.py took 0.099 seconds
[2026-06-07T09:15:47.126+0700] {processor.py:186} INFO - Started process (PID=37228) to work on /opt/airflow/dags/dag_scraping_twitter.py
[2026-06-07T09:15:47.127+0700] {processor.py:914} INFO - Processing file /opt/airflow/dags/dag_scraping_twitter.py for tasks to queue
[2026-06-07T09:15:47.131+0700] {logging_mixin.py:190} INFO - [2026-06-07T09:15:47.130+0700] {dagbag.py:587} INFO - Filling up the DagBag from /opt/airflow/dags/dag_scraping_twitter.py
[2026-06-07T09:15:47.154+0700] {processor.py:925} INFO - DAG(s) 'dag_scraping_twitter' retrieved from /opt/airflow/dags/dag_scraping_twitter.py
[2026-06-07T09:15:47.181+0700] {logging_mixin.py:190} INFO - [2026-06-07T09:15:47.181+0700] {dag.py:3211} INFO - Sync 1 DAGs
[2026-06-07T09:15:47.207+0700] {logging_mixin.py:190} INFO - [2026-06-07T09:15:47.207+0700] {dag.py:4138} INFO - Setting next_dagrun for dag_scraping_twitter to 2026-06-06 23:00:00+00:00, run_after=2026-06-07 11:00:00+00:00
[2026-06-07T09:15:47.233+0700] {processor.py:208} INFO - Processing /opt/airflow/dags/dag_scraping_twitter.py took 0.114 seconds
[2026-06-07T09:16:17.345+0700] {processor.py:186} INFO - Started process (PID=37256) to work on /opt/airflow/dags/dag_scraping_twitter.py
[2026-06-07T09:16:17.346+0700] {processor.py:914} INFO - Processing file /opt/airflow/dags/dag_scraping_twitter.py for tasks to queue
[2026-06-07T09:16:17.349+0700] {logging_mixin.py:190} INFO - [2026-06-07T09:16:17.348+0700] {dagbag.py:587} INFO - Filling up the DagBag from /opt/airflow/dags/dag_scraping_twitter.py
[2026-06-07T09:16:17.367+0700] {processor.py:925} INFO - DAG(s) 'dag_scraping_twitter' retrieved from /opt/airflow/dags/dag_scraping_twitter.py
[2026-06-07T09:16:17.393+0700] {logging_mixin.py:190} INFO - [2026-06-07T09:16:17.393+0700] {dag.py:3211} INFO - Sync 1 DAGs
[2026-06-07T09:16:17.420+0700] {logging_mixin.py:190} INFO - [2026-06-07T09:16:17.420+0700] {dag.py:4138} INFO - Setting next_dagrun for dag_scraping_twitter to 2026-06-06 23:00:00+00:00, run_after=2026-06-07 11:00:00+00:00
[2026-06-07T09:16:17.442+0700] {processor.py:208} INFO - Processing /opt/airflow/dags/dag_scraping_twitter.py took 0.104 seconds
[2026-06-07T09:16:47.822+0700] {processor.py:186} INFO - Started process (PID=37284) to work on /opt/airflow/dags/dag_scraping_twitter.py
[2026-06-07T09:16:47.823+0700] {processor.py:914} INFO - Processing file /opt/airflow/dags/dag_scraping_twitter.py for tasks to queue
[2026-06-07T09:16:47.826+0700] {logging_mixin.py:190} INFO - [2026-06-07T09:16:47.826+0700] {dagbag.py:587} INFO - Filling up the DagBag from /opt/airflow/dags/dag_scraping_twitter.py
[2026-06-07T09:16:47.848+0700] {processor.py:925} INFO - DAG(s) 'dag_scraping_twitter' retrieved from /opt/airflow/dags/dag_scraping_twitter.py
[2026-06-07T09:16:47.876+0700] {logging_mixin.py:190} INFO - [2026-06-07T09:16:47.875+0700] {dag.py:3211} INFO - Sync 1 DAGs
[2026-06-07T09:16:47.899+0700] {logging_mixin.py:190} INFO - [2026-06-07T09:16:47.899+0700] {dag.py:4138} INFO - Setting next_dagrun for dag_scraping_twitter to 2026-06-06 23:00:00+00:00, run_after=2026-06-07 11:00:00+00:00
[2026-06-07T09:16:47.923+0700] {processor.py:208} INFO - Processing /opt/airflow/dags/dag_scraping_twitter.py took 0.108 seconds
[2026-06-07T09:17:18.183+0700] {processor.py:186} INFO - Started process (PID=37312) to work on /opt/airflow/dags/dag_scraping_twitter.py
[2026-06-07T09:17:18.186+0700] {processor.py:914} INFO - Processing file /opt/airflow/dags/dag_scraping_twitter.py for tasks to queue
[2026-06-07T09:17:18.190+0700] {logging_mixin.py:190} INFO - [2026-06-07T09:17:18.189+0700] {dagbag.py:587} INFO - Filling up the DagBag from /opt/airflow/dags/dag_scraping_twitter.py
[2026-06-07T09:17:18.209+0700] {processor.py:925} INFO - DAG(s) 'dag_scraping_twitter' retrieved from /opt/airflow/dags/dag_scraping_twitter.py
[2026-06-07T09:17:18.235+0700] {logging_mixin.py:190} INFO - [2026-06-07T09:17:18.235+0700] {dag.py:3211} INFO - Sync 1 DAGs
[2026-06-07T09:17:18.259+0700] {logging_mixin.py:190} INFO - [2026-06-07T09:17:18.259+0700] {dag.py:4138} INFO - Setting next_dagrun for dag_scraping_twitter to 2026-06-06 23:00:00+00:00, run_after=2026-06-07 11:00:00+00:00
[2026-06-07T09:17:18.279+0700] {processor.py:208} INFO - Processing /opt/airflow/dags/dag_scraping_twitter.py took 0.103 seconds
[2026-06-07T09:17:48.727+0700] {processor.py:186} INFO - Started process (PID=37340) to work on /opt/airflow/dags/dag_scraping_twitter.py
[2026-06-07T09:17:48.728+0700] {processor.py:914} INFO - Processing file /opt/airflow/dags/dag_scraping_twitter.py for tasks to queue
[2026-06-07T09:17:48.731+0700] {logging_mixin.py:190} INFO - [2026-06-07T09:17:48.730+0700] {dagbag.py:587} INFO - Filling up the DagBag from /opt/airflow/dags/dag_scraping_twitter.py
[2026-06-07T09:17:48.748+0700] {processor.py:925} INFO - DAG(s) 'dag_scraping_twitter' retrieved from /opt/airflow/dags/dag_scraping_twitter.py
[2026-06-07T09:17:48.775+0700] {logging_mixin.py:190} INFO - [2026-06-07T09:17:48.774+0700] {dag.py:3211} INFO - Sync 1 DAGs
[2026-06-07T09:17:48.796+0700] {logging_mixin.py:190} INFO - [2026-06-07T09:17:48.795+0700] {dag.py:4138} INFO - Setting next_dagrun for dag_scraping_twitter to 2026-06-06 23:00:00+00:00, run_after=2026-06-07 11:00:00+00:00
[2026-06-07T09:17:48.815+0700] {processor.py:208} INFO - Processing /opt/airflow/dags/dag_scraping_twitter.py took 0.095 seconds
[2026-06-07T09:18:18.910+0700] {processor.py:186} INFO - Started process (PID=37374) to work on /opt/airflow/dags/dag_scraping_twitter.py
[2026-06-07T09:18:18.911+0700] {processor.py:914} INFO - Processing file /opt/airflow/dags/dag_scraping_twitter.py for tasks to queue
[2026-06-07T09:18:18.914+0700] {logging_mixin.py:190} INFO - [2026-06-07T09:18:18.914+0700] {dagbag.py:587} INFO - Filling up the DagBag from /opt/airflow/dags/dag_scraping_twitter.py
[2026-06-07T09:18:18.932+0700] {processor.py:925} INFO - DAG(s) 'dag_scraping_twitter' retrieved from /opt/airflow/dags/dag_scraping_twitter.py
[2026-06-07T09:18:18.959+0700] {logging_mixin.py:190} INFO - [2026-06-07T09:18:18.958+0700] {dag.py:3211} INFO - Sync 1 DAGs
[2026-06-07T09:18:18.981+0700] {logging_mixin.py:190} INFO - [2026-06-07T09:18:18.981+0700] {dag.py:4138} INFO - Setting next_dagrun for dag_scraping_twitter to 2026-06-06 23:00:00+00:00, run_after=2026-06-07 11:00:00+00:00
[2026-06-07T09:18:19.002+0700] {processor.py:208} INFO - Processing /opt/airflow/dags/dag_scraping_twitter.py took 0.098 seconds
[2026-06-07T09:18:49.914+0700] {processor.py:186} INFO - Started process (PID=37402) to work on /opt/airflow/dags/dag_scraping_twitter.py
[2026-06-07T09:18:49.915+0700] {processor.py:914} INFO - Processing file /opt/airflow/dags/dag_scraping_twitter.py for tasks to queue
[2026-06-07T09:18:49.918+0700] {logging_mixin.py:190} INFO - [2026-06-07T09:18:49.917+0700] {dagbag.py:587} INFO - Filling up the DagBag from /opt/airflow/dags/dag_scraping_twitter.py
[2026-06-07T09:18:49.935+0700] {processor.py:925} INFO - DAG(s) 'dag_scraping_twitter' retrieved from /opt/airflow/dags/dag_scraping_twitter.py
[2026-06-07T09:18:49.960+0700] {logging_mixin.py:190} INFO - [2026-06-07T09:18:49.959+0700] {dag.py:3211} INFO - Sync 1 DAGs
[2026-06-07T09:18:49.983+0700] {logging_mixin.py:190} INFO - [2026-06-07T09:18:49.983+0700] {dag.py:4138} INFO - Setting next_dagrun for dag_scraping_twitter to 2026-06-06 23:00:00+00:00, run_after=2026-06-07 11:00:00+00:00
[2026-06-07T09:18:50.003+0700] {processor.py:208} INFO - Processing /opt/airflow/dags/dag_scraping_twitter.py took 0.097 seconds
[2026-06-07T09:19:20.264+0700] {processor.py:186} INFO - Started process (PID=37431) to work on /opt/airflow/dags/dag_scraping_twitter.py
[2026-06-07T09:19:20.265+0700] {processor.py:914} INFO - Processing file /opt/airflow/dags/dag_scraping_twitter.py for tasks to queue
[2026-06-07T09:19:20.267+0700] {logging_mixin.py:190} INFO - [2026-06-07T09:19:20.267+0700] {dagbag.py:587} INFO - Filling up the DagBag from /opt/airflow/dags/dag_scraping_twitter.py
[2026-06-07T09:19:20.285+0700] {processor.py:925} INFO - DAG(s) 'dag_scraping_twitter' retrieved from /opt/airflow/dags/dag_scraping_twitter.py
[2026-06-07T09:19:20.310+0700] {logging_mixin.py:190} INFO - [2026-06-07T09:19:20.310+0700] {dag.py:3211} INFO - Sync 1 DAGs
[2026-06-07T09:19:20.331+0700] {logging_mixin.py:190} INFO - [2026-06-07T09:19:20.330+0700] {dag.py:4138} INFO - Setting next_dagrun for dag_scraping_twitter to 2026-06-06 23:00:00+00:00, run_after=2026-06-07 11:00:00+00:00
[2026-06-07T09:19:20.351+0700] {processor.py:208} INFO - Processing /opt/airflow/dags/dag_scraping_twitter.py took 0.094 seconds
[2026-06-07T09:19:50.643+0700] {processor.py:186} INFO - Started process (PID=37459) to work on /opt/airflow/dags/dag_scraping_twitter.py
[2026-06-07T09:19:50.645+0700] {processor.py:914} INFO - Processing file /opt/airflow/dags/dag_scraping_twitter.py for tasks to queue
[2026-06-07T09:19:50.647+0700] {logging_mixin.py:190} INFO - [2026-06-07T09:19:50.647+0700] {dagbag.py:587} INFO - Filling up the DagBag from /opt/airflow/dags/dag_scraping_twitter.py
[2026-06-07T09:19:50.665+0700] {processor.py:925} INFO - DAG(s) 'dag_scraping_twitter' retrieved from /opt/airflow/dags/dag_scraping_twitter.py
[2026-06-07T09:19:50.689+0700] {logging_mixin.py:190} INFO - [2026-06-07T09:19:50.689+0700] {dag.py:3211} INFO - Sync 1 DAGs
[2026-06-07T09:19:50.710+0700] {logging_mixin.py:190} INFO - [2026-06-07T09:19:50.710+0700] {dag.py:4138} INFO - Setting next_dagrun for dag_scraping_twitter to 2026-06-06 23:00:00+00:00, run_after=2026-06-07 11:00:00+00:00
[2026-06-07T09:19:50.731+0700] {processor.py:208} INFO - Processing /opt/airflow/dags/dag_scraping_twitter.py took 0.096 seconds
[2026-06-07T09:20:20.954+0700] {processor.py:186} INFO - Started process (PID=37487) to work on /opt/airflow/dags/dag_scraping_twitter.py
[2026-06-07T09:20:20.955+0700] {processor.py:914} INFO - Processing file /opt/airflow/dags/dag_scraping_twitter.py for tasks to queue
[2026-06-07T09:20:20.957+0700] {logging_mixin.py:190} INFO - [2026-06-07T09:20:20.957+0700] {dagbag.py:587} INFO - Filling up the DagBag from /opt/airflow/dags/dag_scraping_twitter.py
[2026-06-07T09:20:20.976+0700] {processor.py:925} INFO - DAG(s) 'dag_scraping_twitter' retrieved from /opt/airflow/dags/dag_scraping_twitter.py
[2026-06-07T09:20:21.000+0700] {logging_mixin.py:190} INFO - [2026-06-07T09:20:21.000+0700] {dag.py:3211} INFO - Sync 1 DAGs
[2026-06-07T09:20:21.023+0700] {logging_mixin.py:190} INFO - [2026-06-07T09:20:21.023+0700] {dag.py:4138} INFO - Setting next_dagrun for dag_scraping_twitter to 2026-06-06 23:00:00+00:00, run_after=2026-06-07 11:00:00+00:00
[2026-06-07T09:20:21.046+0700] {processor.py:208} INFO - Processing /opt/airflow/dags/dag_scraping_twitter.py took 0.097 seconds
[2026-06-07T09:20:52.050+0700] {processor.py:186} INFO - Started process (PID=37515) to work on /opt/airflow/dags/dag_scraping_twitter.py
[2026-06-07T09:20:52.051+0700] {processor.py:914} INFO - Processing file /opt/airflow/dags/dag_scraping_twitter.py for tasks to queue
[2026-06-07T09:20:52.054+0700] {logging_mixin.py:190} INFO - [2026-06-07T09:20:52.054+0700] {dagbag.py:587} INFO - Filling up the DagBag from /opt/airflow/dags/dag_scraping_twitter.py
[2026-06-07T09:20:52.071+0700] {processor.py:925} INFO - DAG(s) 'dag_scraping_twitter' retrieved from /opt/airflow/dags/dag_scraping_twitter.py
[2026-06-07T09:20:52.096+0700] {logging_mixin.py:190} INFO - [2026-06-07T09:20:52.096+0700] {dag.py:3211} INFO - Sync 1 DAGs
[2026-06-07T09:20:52.122+0700] {logging_mixin.py:190} INFO - [2026-06-07T09:20:52.122+0700] {dag.py:4138} INFO - Setting next_dagrun for dag_scraping_twitter to 2026-06-06 23:00:00+00:00, run_after=2026-06-07 11:00:00+00:00
[2026-06-07T09:20:52.144+0700] {processor.py:208} INFO - Processing /opt/airflow/dags/dag_scraping_twitter.py took 0.101 seconds
[2026-06-07T09:21:22.440+0700] {processor.py:186} INFO - Started process (PID=37543) to work on /opt/airflow/dags/dag_scraping_twitter.py
[2026-06-07T09:21:22.441+0700] {processor.py:914} INFO - Processing file /opt/airflow/dags/dag_scraping_twitter.py for tasks to queue
[2026-06-07T09:21:22.444+0700] {logging_mixin.py:190} INFO - [2026-06-07T09:21:22.444+0700] {dagbag.py:587} INFO - Filling up the DagBag from /opt/airflow/dags/dag_scraping_twitter.py
[2026-06-07T09:21:22.466+0700] {processor.py:925} INFO - DAG(s) 'dag_scraping_twitter' retrieved from /opt/airflow/dags/dag_scraping_twitter.py
[2026-06-07T09:21:22.491+0700] {logging_mixin.py:190} INFO - [2026-06-07T09:21:22.490+0700] {dag.py:3211} INFO - Sync 1 DAGs
[2026-06-07T09:21:22.517+0700] {logging_mixin.py:190} INFO - [2026-06-07T09:21:22.516+0700] {dag.py:4138} INFO - Setting next_dagrun for dag_scraping_twitter to 2026-06-06 23:00:00+00:00, run_after=2026-06-07 11:00:00+00:00
[2026-06-07T09:21:22.535+0700] {processor.py:208} INFO - Processing /opt/airflow/dags/dag_scraping_twitter.py took 0.105 seconds
[2026-06-07T09:21:53.123+0700] {processor.py:186} INFO - Started process (PID=37577) to work on /opt/airflow/dags/dag_scraping_twitter.py
[2026-06-07T09:21:53.124+0700] {processor.py:914} INFO - Processing file /opt/airflow/dags/dag_scraping_twitter.py for tasks to queue
[2026-06-07T09:21:53.127+0700] {logging_mixin.py:190} INFO - [2026-06-07T09:21:53.126+0700] {dagbag.py:587} INFO - Filling up the DagBag from /opt/airflow/dags/dag_scraping_twitter.py
[2026-06-07T09:21:53.147+0700] {processor.py:925} INFO - DAG(s) 'dag_scraping_twitter' retrieved from /opt/airflow/dags/dag_scraping_twitter.py
[2026-06-07T09:21:53.174+0700] {logging_mixin.py:190} INFO - [2026-06-07T09:21:53.174+0700] {dag.py:3211} INFO - Sync 1 DAGs
[2026-06-07T09:21:53.196+0700] {logging_mixin.py:190} INFO - [2026-06-07T09:21:53.196+0700] {dag.py:4138} INFO - Setting next_dagrun for dag_scraping_twitter to 2026-06-06 23:00:00+00:00, run_after=2026-06-07 11:00:00+00:00
[2026-06-07T09:21:53.217+0700] {processor.py:208} INFO - Processing /opt/airflow/dags/dag_scraping_twitter.py took 0.103 seconds
[2026-06-07T09:22:23.504+0700] {processor.py:186} INFO - Started process (PID=37605) to work on /opt/airflow/dags/dag_scraping_twitter.py
[2026-06-07T09:22:23.505+0700] {processor.py:914} INFO - Processing file /opt/airflow/dags/dag_scraping_twitter.py for tasks to queue
[2026-06-07T09:22:23.507+0700] {logging_mixin.py:190} INFO - [2026-06-07T09:22:23.507+0700] {dagbag.py:587} INFO - Filling up the DagBag from /opt/airflow/dags/dag_scraping_twitter.py
[2026-06-07T09:22:23.525+0700] {processor.py:925} INFO - DAG(s) 'dag_scraping_twitter' retrieved from /opt/airflow/dags/dag_scraping_twitter.py
[2026-06-07T09:22:23.551+0700] {logging_mixin.py:190} INFO - [2026-06-07T09:22:23.551+0700] {dag.py:3211} INFO - Sync 1 DAGs
[2026-06-07T09:22:23.577+0700] {logging_mixin.py:190} INFO - [2026-06-07T09:22:23.577+0700] {dag.py:4138} INFO - Setting next_dagrun for dag_scraping_twitter to 2026-06-06 23:00:00+00:00, run_after=2026-06-07 11:00:00+00:00
[2026-06-07T09:22:23.599+0700] {processor.py:208} INFO - Processing /opt/airflow/dags/dag_scraping_twitter.py took 0.101 seconds
[2026-06-07T09:22:53.907+0700] {processor.py:186} INFO - Started process (PID=37633) to work on /opt/airflow/dags/dag_scraping_twitter.py
[2026-06-07T09:22:53.908+0700] {processor.py:914} INFO - Processing file /opt/airflow/dags/dag_scraping_twitter.py for tasks to queue
[2026-06-07T09:22:53.911+0700] {logging_mixin.py:190} INFO - [2026-06-07T09:22:53.910+0700] {dagbag.py:587} INFO - Filling up the DagBag from /opt/airflow/dags/dag_scraping_twitter.py
[2026-06-07T09:22:53.928+0700] {processor.py:925} INFO - DAG(s) 'dag_scraping_twitter' retrieved from /opt/airflow/dags/dag_scraping_twitter.py
[2026-06-07T09:22:53.956+0700] {logging_mixin.py:190} INFO - [2026-06-07T09:22:53.955+0700] {dag.py:3211} INFO - Sync 1 DAGs
[2026-06-07T09:22:53.980+0700] {logging_mixin.py:190} INFO - [2026-06-07T09:22:53.980+0700] {dag.py:4138} INFO - Setting next_dagrun for dag_scraping_twitter to 2026-06-06 23:00:00+00:00, run_after=2026-06-07 11:00:00+00:00
[2026-06-07T09:22:54.003+0700] {processor.py:208} INFO - Processing /opt/airflow/dags/dag_scraping_twitter.py took 0.102 seconds
[2026-06-07T09:23:24.441+0700] {processor.py:186} INFO - Started process (PID=37661) to work on /opt/airflow/dags/dag_scraping_twitter.py
[2026-06-07T09:23:24.443+0700] {processor.py:914} INFO - Processing file /opt/airflow/dags/dag_scraping_twitter.py for tasks to queue
[2026-06-07T09:23:24.447+0700] {logging_mixin.py:190} INFO - [2026-06-07T09:23:24.447+0700] {dagbag.py:587} INFO - Filling up the DagBag from /opt/airflow/dags/dag_scraping_twitter.py
[2026-06-07T09:23:24.475+0700] {processor.py:925} INFO - DAG(s) 'dag_scraping_twitter' retrieved from /opt/airflow/dags/dag_scraping_twitter.py
[2026-06-07T09:23:24.506+0700] {logging_mixin.py:190} INFO - [2026-06-07T09:23:24.505+0700] {dag.py:3211} INFO - Sync 1 DAGs
[2026-06-07T09:23:24.533+0700] {logging_mixin.py:190} INFO - [2026-06-07T09:23:24.533+0700] {dag.py:4138} INFO - Setting next_dagrun for dag_scraping_twitter to 2026-06-06 23:00:00+00:00, run_after=2026-06-07 11:00:00+00:00
[2026-06-07T09:23:24.558+0700] {processor.py:208} INFO - Processing /opt/airflow/dags/dag_scraping_twitter.py took 0.124 seconds
[2026-06-07T09:23:54.938+0700] {processor.py:186} INFO - Started process (PID=37689) to work on /opt/airflow/dags/dag_scraping_twitter.py
[2026-06-07T09:23:54.939+0700] {processor.py:914} INFO - Processing file /opt/airflow/dags/dag_scraping_twitter.py for tasks to queue
[2026-06-07T09:23:54.946+0700] {logging_mixin.py:190} INFO - [2026-06-07T09:23:54.946+0700] {dagbag.py:587} INFO - Filling up the DagBag from /opt/airflow/dags/dag_scraping_twitter.py
[2026-06-07T09:23:54.966+0700] {processor.py:925} INFO - DAG(s) 'dag_scraping_twitter' retrieved from /opt/airflow/dags/dag_scraping_twitter.py
[2026-06-07T09:23:54.992+0700] {logging_mixin.py:190} INFO - [2026-06-07T09:23:54.991+0700] {dag.py:3211} INFO - Sync 1 DAGs
[2026-06-07T09:23:55.014+0700] {logging_mixin.py:190} INFO - [2026-06-07T09:23:55.013+0700] {dag.py:4138} INFO - Setting next_dagrun for dag_scraping_twitter to 2026-06-06 23:00:00+00:00, run_after=2026-06-07 11:00:00+00:00
[2026-06-07T09:23:55.035+0700] {processor.py:208} INFO - Processing /opt/airflow/dags/dag_scraping_twitter.py took 0.104 seconds
[2026-06-07T09:24:25.594+0700] {processor.py:186} INFO - Started process (PID=37717) to work on /opt/airflow/dags/dag_scraping_twitter.py
[2026-06-07T09:24:25.595+0700] {processor.py:914} INFO - Processing file /opt/airflow/dags/dag_scraping_twitter.py for tasks to queue
[2026-06-07T09:24:25.598+0700] {logging_mixin.py:190} INFO - [2026-06-07T09:24:25.597+0700] {dagbag.py:587} INFO - Filling up the DagBag from /opt/airflow/dags/dag_scraping_twitter.py
[2026-06-07T09:24:25.615+0700] {processor.py:925} INFO - DAG(s) 'dag_scraping_twitter' retrieved from /opt/airflow/dags/dag_scraping_twitter.py
[2026-06-07T09:24:25.642+0700] {logging_mixin.py:190} INFO - [2026-06-07T09:24:25.641+0700] {dag.py:3211} INFO - Sync 1 DAGs
[2026-06-07T09:24:25.667+0700] {logging_mixin.py:190} INFO - [2026-06-07T09:24:25.667+0700] {dag.py:4138} INFO - Setting next_dagrun for dag_scraping_twitter to 2026-06-06 23:00:00+00:00, run_after=2026-06-07 11:00:00+00:00
[2026-06-07T09:24:25.690+0700] {processor.py:208} INFO - Processing /opt/airflow/dags/dag_scraping_twitter.py took 0.103 seconds
[2026-06-07T09:24:56.091+0700] {processor.py:186} INFO - Started process (PID=37745) to work on /opt/airflow/dags/dag_scraping_twitter.py
[2026-06-07T09:24:56.092+0700] {processor.py:914} INFO - Processing file /opt/airflow/dags/dag_scraping_twitter.py for tasks to queue
[2026-06-07T09:24:56.095+0700] {logging_mixin.py:190} INFO - [2026-06-07T09:24:56.094+0700] {dagbag.py:587} INFO - Filling up the DagBag from /opt/airflow/dags/dag_scraping_twitter.py
[2026-06-07T09:24:56.113+0700] {processor.py:925} INFO - DAG(s) 'dag_scraping_twitter' retrieved from /opt/airflow/dags/dag_scraping_twitter.py
[2026-06-07T09:24:56.140+0700] {logging_mixin.py:190} INFO - [2026-06-07T09:24:56.140+0700] {dag.py:3211} INFO - Sync 1 DAGs
[2026-06-07T09:24:56.163+0700] {logging_mixin.py:190} INFO - [2026-06-07T09:24:56.163+0700] {dag.py:4138} INFO - Setting next_dagrun for dag_scraping_twitter to 2026-06-06 23:00:00+00:00, run_after=2026-06-07 11:00:00+00:00
[2026-06-07T09:24:56.186+0700] {processor.py:208} INFO - Processing /opt/airflow/dags/dag_scraping_twitter.py took 0.103 seconds
[2026-06-07T09:25:26.452+0700] {processor.py:186} INFO - Started process (PID=37773) to work on /opt/airflow/dags/dag_scraping_twitter.py
[2026-06-07T09:25:26.453+0700] {processor.py:914} INFO - Processing file /opt/airflow/dags/dag_scraping_twitter.py for tasks to queue
[2026-06-07T09:25:26.456+0700] {logging_mixin.py:190} INFO - [2026-06-07T09:25:26.455+0700] {dagbag.py:587} INFO - Filling up the DagBag from /opt/airflow/dags/dag_scraping_twitter.py
[2026-06-07T09:25:26.475+0700] {processor.py:925} INFO - DAG(s) 'dag_scraping_twitter' retrieved from /opt/airflow/dags/dag_scraping_twitter.py
[2026-06-07T09:25:26.502+0700] {logging_mixin.py:190} INFO - [2026-06-07T09:25:26.502+0700] {dag.py:3211} INFO - Sync 1 DAGs
[2026-06-07T09:25:26.525+0700] {logging_mixin.py:190} INFO - [2026-06-07T09:25:26.525+0700] {dag.py:4138} INFO - Setting next_dagrun for dag_scraping_twitter to 2026-06-06 23:00:00+00:00, run_after=2026-06-07 11:00:00+00:00
[2026-06-07T09:25:26.546+0700] {processor.py:208} INFO - Processing /opt/airflow/dags/dag_scraping_twitter.py took 0.101 seconds
[2026-06-07T09:25:56.844+0700] {processor.py:186} INFO - Started process (PID=37801) to work on /opt/airflow/dags/dag_scraping_twitter.py
[2026-06-07T09:25:56.846+0700] {processor.py:914} INFO - Processing file /opt/airflow/dags/dag_scraping_twitter.py for tasks to queue
[2026-06-07T09:25:56.850+0700] {logging_mixin.py:190} INFO - [2026-06-07T09:25:56.850+0700] {dagbag.py:587} INFO - Filling up the DagBag from /opt/airflow/dags/dag_scraping_twitter.py
[2026-06-07T09:25:56.875+0700] {processor.py:925} INFO - DAG(s) 'dag_scraping_twitter' retrieved from /opt/airflow/dags/dag_scraping_twitter.py
[2026-06-07T09:25:56.900+0700] {logging_mixin.py:190} INFO - [2026-06-07T09:25:56.900+0700] {dag.py:3211} INFO - Sync 1 DAGs
[2026-06-07T09:25:56.922+0700] {logging_mixin.py:190} INFO - [2026-06-07T09:25:56.921+0700] {dag.py:4138} INFO - Setting next_dagrun for dag_scraping_twitter to 2026-06-06 23:00:00+00:00, run_after=2026-06-07 11:00:00+00:00
[2026-06-07T09:25:56.941+0700] {processor.py:208} INFO - Processing /opt/airflow/dags/dag_scraping_twitter.py took 0.106 seconds
[2026-06-07T09:26:27.559+0700] {processor.py:186} INFO - Started process (PID=37835) to work on /opt/airflow/dags/dag_scraping_twitter.py
[2026-06-07T09:26:27.560+0700] {processor.py:914} INFO - Processing file /opt/airflow/dags/dag_scraping_twitter.py for tasks to queue
[2026-06-07T09:26:27.562+0700] {logging_mixin.py:190} INFO - [2026-06-07T09:26:27.562+0700] {dagbag.py:587} INFO - Filling up the DagBag from /opt/airflow/dags/dag_scraping_twitter.py
[2026-06-07T09:26:27.579+0700] {processor.py:925} INFO - DAG(s) 'dag_scraping_twitter' retrieved from /opt/airflow/dags/dag_scraping_twitter.py
[2026-06-07T09:26:27.605+0700] {logging_mixin.py:190} INFO - [2026-06-07T09:26:27.605+0700] {dag.py:3211} INFO - Sync 1 DAGs
[2026-06-07T09:26:27.628+0700] {logging_mixin.py:190} INFO - [2026-06-07T09:26:27.627+0700] {dag.py:4138} INFO - Setting next_dagrun for dag_scraping_twitter to 2026-06-06 23:00:00+00:00, run_after=2026-06-07 11:00:00+00:00
[2026-06-07T09:26:27.648+0700] {processor.py:208} INFO - Processing /opt/airflow/dags/dag_scraping_twitter.py took 0.097 seconds
[2026-06-07T09:26:57.917+0700] {processor.py:186} INFO - Started process (PID=37863) to work on /opt/airflow/dags/dag_scraping_twitter.py
[2026-06-07T09:26:57.918+0700] {processor.py:914} INFO - Processing file /opt/airflow/dags/dag_scraping_twitter.py for tasks to queue
[2026-06-07T09:26:57.920+0700] {logging_mixin.py:190} INFO - [2026-06-07T09:26:57.920+0700] {dagbag.py:587} INFO - Filling up the DagBag from /opt/airflow/dags/dag_scraping_twitter.py
[2026-06-07T09:26:57.939+0700] {processor.py:925} INFO - DAG(s) 'dag_scraping_twitter' retrieved from /opt/airflow/dags/dag_scraping_twitter.py
[2026-06-07T09:26:57.964+0700] {logging_mixin.py:190} INFO - [2026-06-07T09:26:57.964+0700] {dag.py:3211} INFO - Sync 1 DAGs
[2026-06-07T09:26:57.986+0700] {logging_mixin.py:190} INFO - [2026-06-07T09:26:57.985+0700] {dag.py:4138} INFO - Setting next_dagrun for dag_scraping_twitter to 2026-06-06 23:00:00+00:00, run_after=2026-06-07 11:00:00+00:00
[2026-06-07T09:26:58.008+0700] {processor.py:208} INFO - Processing /opt/airflow/dags/dag_scraping_twitter.py took 0.098 seconds
[2026-06-07T09:27:28.389+0700] {processor.py:186} INFO - Started process (PID=37891) to work on /opt/airflow/dags/dag_scraping_twitter.py
[2026-06-07T09:27:28.390+0700] {processor.py:914} INFO - Processing file /opt/airflow/dags/dag_scraping_twitter.py for tasks to queue
[2026-06-07T09:27:28.393+0700] {logging_mixin.py:190} INFO - [2026-06-07T09:27:28.392+0700] {dagbag.py:587} INFO - Filling up the DagBag from /opt/airflow/dags/dag_scraping_twitter.py
[2026-06-07T09:27:28.410+0700] {processor.py:925} INFO - DAG(s) 'dag_scraping_twitter' retrieved from /opt/airflow/dags/dag_scraping_twitter.py
[2026-06-07T09:27:28.436+0700] {logging_mixin.py:190} INFO - [2026-06-07T09:27:28.436+0700] {dag.py:3211} INFO - Sync 1 DAGs
[2026-06-07T09:27:28.458+0700] {logging_mixin.py:190} INFO - [2026-06-07T09:27:28.457+0700] {dag.py:4138} INFO - Setting next_dagrun for dag_scraping_twitter to 2026-06-06 23:00:00+00:00, run_after=2026-06-07 11:00:00+00:00
[2026-06-07T09:27:28.477+0700] {processor.py:208} INFO - Processing /opt/airflow/dags/dag_scraping_twitter.py took 0.094 seconds
[2026-06-07T09:27:58.842+0700] {processor.py:186} INFO - Started process (PID=37919) to work on /opt/airflow/dags/dag_scraping_twitter.py
[2026-06-07T09:27:58.843+0700] {processor.py:914} INFO - Processing file /opt/airflow/dags/dag_scraping_twitter.py for tasks to queue
[2026-06-07T09:27:58.846+0700] {logging_mixin.py:190} INFO - [2026-06-07T09:27:58.845+0700] {dagbag.py:587} INFO - Filling up the DagBag from /opt/airflow/dags/dag_scraping_twitter.py
[2026-06-07T09:27:58.870+0700] {processor.py:925} INFO - DAG(s) 'dag_scraping_twitter' retrieved from /opt/airflow/dags/dag_scraping_twitter.py
[2026-06-07T09:27:58.896+0700] {logging_mixin.py:190} INFO - [2026-06-07T09:27:58.896+0700] {dag.py:3211} INFO - Sync 1 DAGs
[2026-06-07T09:27:58.918+0700] {logging_mixin.py:190} INFO - [2026-06-07T09:27:58.918+0700] {dag.py:4138} INFO - Setting next_dagrun for dag_scraping_twitter to 2026-06-06 23:00:00+00:00, run_after=2026-06-07 11:00:00+00:00
[2026-06-07T09:27:58.939+0700] {processor.py:208} INFO - Processing /opt/airflow/dags/dag_scraping_twitter.py took 0.105 seconds
[2026-06-07T09:28:29.668+0700] {processor.py:186} INFO - Started process (PID=37947) to work on /opt/airflow/dags/dag_scraping_twitter.py
[2026-06-07T09:28:29.669+0700] {processor.py:914} INFO - Processing file /opt/airflow/dags/dag_scraping_twitter.py for tasks to queue
[2026-06-07T09:28:29.672+0700] {logging_mixin.py:190} INFO - [2026-06-07T09:28:29.672+0700] {dagbag.py:587} INFO - Filling up the DagBag from /opt/airflow/dags/dag_scraping_twitter.py
[2026-06-07T09:28:29.690+0700] {processor.py:925} INFO - DAG(s) 'dag_scraping_twitter' retrieved from /opt/airflow/dags/dag_scraping_twitter.py
[2026-06-07T09:28:29.715+0700] {logging_mixin.py:190} INFO - [2026-06-07T09:28:29.714+0700] {dag.py:3211} INFO - Sync 1 DAGs
[2026-06-07T09:28:29.736+0700] {logging_mixin.py:190} INFO - [2026-06-07T09:28:29.736+0700] {dag.py:4138} INFO - Setting next_dagrun for dag_scraping_twitter to 2026-06-06 23:00:00+00:00, run_after=2026-06-07 11:00:00+00:00
[2026-06-07T09:28:29.758+0700] {processor.py:208} INFO - Processing /opt/airflow/dags/dag_scraping_twitter.py took 0.097 seconds
[2026-06-07T09:29:00.112+0700] {processor.py:186} INFO - Started process (PID=37975) to work on /opt/airflow/dags/dag_scraping_twitter.py
[2026-06-07T09:29:00.113+0700] {processor.py:914} INFO - Processing file /opt/airflow/dags/dag_scraping_twitter.py for tasks to queue
[2026-06-07T09:29:00.116+0700] {logging_mixin.py:190} INFO - [2026-06-07T09:29:00.116+0700] {dagbag.py:587} INFO - Filling up the DagBag from /opt/airflow/dags/dag_scraping_twitter.py
[2026-06-07T09:29:00.134+0700] {processor.py:925} INFO - DAG(s) 'dag_scraping_twitter' retrieved from /opt/airflow/dags/dag_scraping_twitter.py
[2026-06-07T09:29:00.162+0700] {logging_mixin.py:190} INFO - [2026-06-07T09:29:00.162+0700] {dag.py:3211} INFO - Sync 1 DAGs
[2026-06-07T09:29:00.186+0700] {logging_mixin.py:190} INFO - [2026-06-07T09:29:00.186+0700] {dag.py:4138} INFO - Setting next_dagrun for dag_scraping_twitter to 2026-06-06 23:00:00+00:00, run_after=2026-06-07 11:00:00+00:00
[2026-06-07T09:29:00.208+0700] {processor.py:208} INFO - Processing /opt/airflow/dags/dag_scraping_twitter.py took 0.102 seconds
[2026-06-07T09:29:30.674+0700] {processor.py:186} INFO - Started process (PID=38003) to work on /opt/airflow/dags/dag_scraping_twitter.py
[2026-06-07T09:29:30.675+0700] {processor.py:914} INFO - Processing file /opt/airflow/dags/dag_scraping_twitter.py for tasks to queue
[2026-06-07T09:29:30.677+0700] {logging_mixin.py:190} INFO - [2026-06-07T09:29:30.677+0700] {dagbag.py:587} INFO - Filling up the DagBag from /opt/airflow/dags/dag_scraping_twitter.py
[2026-06-07T09:29:30.697+0700] {processor.py:925} INFO - DAG(s) 'dag_scraping_twitter' retrieved from /opt/airflow/dags/dag_scraping_twitter.py
[2026-06-07T09:29:30.722+0700] {logging_mixin.py:190} INFO - [2026-06-07T09:29:30.722+0700] {dag.py:3211} INFO - Sync 1 DAGs
[2026-06-07T09:29:30.744+0700] {logging_mixin.py:190} INFO - [2026-06-07T09:29:30.744+0700] {dag.py:4138} INFO - Setting next_dagrun for dag_scraping_twitter to 2026-06-06 23:00:00+00:00, run_after=2026-06-07 11:00:00+00:00
[2026-06-07T09:29:30.763+0700] {processor.py:208} INFO - Processing /opt/airflow/dags/dag_scraping_twitter.py took 0.096 seconds
[2026-06-07T09:30:01.167+0700] {processor.py:186} INFO - Started process (PID=38031) to work on /opt/airflow/dags/dag_scraping_twitter.py
[2026-06-07T09:30:01.169+0700] {processor.py:914} INFO - Processing file /opt/airflow/dags/dag_scraping_twitter.py for tasks to queue
[2026-06-07T09:30:01.172+0700] {logging_mixin.py:190} INFO - [2026-06-07T09:30:01.171+0700] {dagbag.py:587} INFO - Filling up the DagBag from /opt/airflow/dags/dag_scraping_twitter.py
[2026-06-07T09:30:01.194+0700] {processor.py:925} INFO - DAG(s) 'dag_scraping_twitter' retrieved from /opt/airflow/dags/dag_scraping_twitter.py
[2026-06-07T09:30:01.224+0700] {logging_mixin.py:190} INFO - [2026-06-07T09:30:01.224+0700] {dag.py:3211} INFO - Sync 1 DAGs
[2026-06-07T09:30:01.247+0700] {logging_mixin.py:190} INFO - [2026-06-07T09:30:01.247+0700] {dag.py:4138} INFO - Setting next_dagrun for dag_scraping_twitter to 2026-06-06 23:00:00+00:00, run_after=2026-06-07 11:00:00+00:00
[2026-06-07T09:30:01.269+0700] {processor.py:208} INFO - Processing /opt/airflow/dags/dag_scraping_twitter.py took 0.111 seconds
[2026-06-07T09:30:31.591+0700] {processor.py:186} INFO - Started process (PID=38065) to work on /opt/airflow/dags/dag_scraping_twitter.py
[2026-06-07T09:30:31.592+0700] {processor.py:914} INFO - Processing file /opt/airflow/dags/dag_scraping_twitter.py for tasks to queue
[2026-06-07T09:30:31.596+0700] {logging_mixin.py:190} INFO - [2026-06-07T09:30:31.595+0700] {dagbag.py:587} INFO - Filling up the DagBag from /opt/airflow/dags/dag_scraping_twitter.py
[2026-06-07T09:30:31.619+0700] {processor.py:925} INFO - DAG(s) 'dag_scraping_twitter' retrieved from /opt/airflow/dags/dag_scraping_twitter.py
[2026-06-07T09:30:31.648+0700] {logging_mixin.py:190} INFO - [2026-06-07T09:30:31.648+0700] {dag.py:3211} INFO - Sync 1 DAGs
[2026-06-07T09:30:31.670+0700] {logging_mixin.py:190} INFO - [2026-06-07T09:30:31.670+0700] {dag.py:4138} INFO - Setting next_dagrun for dag_scraping_twitter to 2026-06-06 23:00:00+00:00, run_after=2026-06-07 11:00:00+00:00
[2026-06-07T09:30:31.693+0700] {processor.py:208} INFO - Processing /opt/airflow/dags/dag_scraping_twitter.py took 0.110 seconds
[2026-06-07T09:31:01.963+0700] {processor.py:186} INFO - Started process (PID=38093) to work on /opt/airflow/dags/dag_scraping_twitter.py
[2026-06-07T09:31:01.964+0700] {processor.py:914} INFO - Processing file /opt/airflow/dags/dag_scraping_twitter.py for tasks to queue
[2026-06-07T09:31:01.967+0700] {logging_mixin.py:190} INFO - [2026-06-07T09:31:01.967+0700] {dagbag.py:587} INFO - Filling up the DagBag from /opt/airflow/dags/dag_scraping_twitter.py
[2026-06-07T09:31:01.987+0700] {processor.py:925} INFO - DAG(s) 'dag_scraping_twitter' retrieved from /opt/airflow/dags/dag_scraping_twitter.py
[2026-06-07T09:31:02.013+0700] {logging_mixin.py:190} INFO - [2026-06-07T09:31:02.013+0700] {dag.py:3211} INFO - Sync 1 DAGs
[2026-06-07T09:31:02.037+0700] {logging_mixin.py:190} INFO - [2026-06-07T09:31:02.036+0700] {dag.py:4138} INFO - Setting next_dagrun for dag_scraping_twitter to 2026-06-06 23:00:00+00:00, run_after=2026-06-07 11:00:00+00:00
[2026-06-07T09:31:02.076+0700] {processor.py:208} INFO - Processing /opt/airflow/dags/dag_scraping_twitter.py took 0.118 seconds
[2026-06-07T09:31:32.310+0700] {processor.py:186} INFO - Started process (PID=38121) to work on /opt/airflow/dags/dag_scraping_twitter.py
[2026-06-07T09:31:32.311+0700] {processor.py:914} INFO - Processing file /opt/airflow/dags/dag_scraping_twitter.py for tasks to queue
[2026-06-07T09:31:32.314+0700] {logging_mixin.py:190} INFO - [2026-06-07T09:31:32.313+0700] {dagbag.py:587} INFO - Filling up the DagBag from /opt/airflow/dags/dag_scraping_twitter.py
[2026-06-07T09:31:32.331+0700] {processor.py:925} INFO - DAG(s) 'dag_scraping_twitter' retrieved from /opt/airflow/dags/dag_scraping_twitter.py
[2026-06-07T09:31:32.359+0700] {logging_mixin.py:190} INFO - [2026-06-07T09:31:32.359+0700] {dag.py:3211} INFO - Sync 1 DAGs
[2026-06-07T09:31:32.381+0700] {logging_mixin.py:190} INFO - [2026-06-07T09:31:32.381+0700] {dag.py:4138} INFO - Setting next_dagrun for dag_scraping_twitter to 2026-06-06 23:00:00+00:00, run_after=2026-06-07 11:00:00+00:00
[2026-06-07T09:31:32.402+0700] {processor.py:208} INFO - Processing /opt/airflow/dags/dag_scraping_twitter.py took 0.099 seconds
[2026-06-07T09:32:02.880+0700] {processor.py:186} INFO - Started process (PID=38149) to work on /opt/airflow/dags/dag_scraping_twitter.py
[2026-06-07T09:32:02.881+0700] {processor.py:914} INFO - Processing file /opt/airflow/dags/dag_scraping_twitter.py for tasks to queue
[2026-06-07T09:32:02.883+0700] {logging_mixin.py:190} INFO - [2026-06-07T09:32:02.883+0700] {dagbag.py:587} INFO - Filling up the DagBag from /opt/airflow/dags/dag_scraping_twitter.py
[2026-06-07T09:32:02.901+0700] {processor.py:925} INFO - DAG(s) 'dag_scraping_twitter' retrieved from /opt/airflow/dags/dag_scraping_twitter.py
[2026-06-07T09:32:02.926+0700] {logging_mixin.py:190} INFO - [2026-06-07T09:32:02.925+0700] {dag.py:3211} INFO - Sync 1 DAGs
[2026-06-07T09:32:02.948+0700] {logging_mixin.py:190} INFO - [2026-06-07T09:32:02.947+0700] {dag.py:4138} INFO - Setting next_dagrun for dag_scraping_twitter to 2026-06-06 23:00:00+00:00, run_after=2026-06-07 11:00:00+00:00
[2026-06-07T09:32:02.532+0700] {processor.py:208} INFO - Processing /opt/airflow/dags/dag_scraping_twitter.py took 0.096 seconds
[2026-06-07T09:32:33.379+0700] {processor.py:186} INFO - Started process (PID=38177) to work on /opt/airflow/dags/dag_scraping_twitter.py
[2026-06-07T09:32:33.381+0700] {processor.py:914} INFO - Processing file /opt/airflow/dags/dag_scraping_twitter.py for tasks to queue
[2026-06-07T09:32:33.383+0700] {logging_mixin.py:190} INFO - [2026-06-07T09:32:33.383+0700] {dagbag.py:587} INFO - Filling up the DagBag from /opt/airflow/dags/dag_scraping_twitter.py
[2026-06-07T09:32:33.402+0700] {processor.py:925} INFO - DAG(s) 'dag_scraping_twitter' retrieved from /opt/airflow/dags/dag_scraping_twitter.py
[2026-06-07T09:32:33.427+0700] {logging_mixin.py:190} INFO - [2026-06-07T09:32:33.427+0700] {dag.py:3211} INFO - Sync 1 DAGs
[2026-06-07T09:32:33.449+0700] {logging_mixin.py:190} INFO - [2026-06-07T09:32:33.449+0700] {dag.py:4138} INFO - Setting next_dagrun for dag_scraping_twitter to 2026-06-06 23:00:00+00:00, run_after=2026-06-07 11:00:00+00:00
[2026-06-07T09:32:33.469+0700] {processor.py:208} INFO - Processing /opt/airflow/dags/dag_scraping_twitter.py took 0.097 seconds
[2026-06-07T09:33:03.886+0700] {processor.py:186} INFO - Started process (PID=38205) to work on /opt/airflow/dags/dag_scraping_twitter.py
[2026-06-07T09:33:03.887+0700] {processor.py:914} INFO - Processing file /opt/airflow/dags/dag_scraping_twitter.py for tasks to queue
[2026-06-07T09:33:03.889+0700] {logging_mixin.py:190} INFO - [2026-06-07T09:33:03.889+0700] {dagbag.py:587} INFO - Filling up the DagBag from /opt/airflow/dags/dag_scraping_twitter.py
[2026-06-07T09:33:03.907+0700] {processor.py:925} INFO - DAG(s) 'dag_scraping_twitter' retrieved from /opt/airflow/dags/dag_scraping_twitter.py
[2026-06-07T09:33:03.932+0700] {logging_mixin.py:190} INFO - [2026-06-07T09:33:03.931+0700] {dag.py:3211} INFO - Sync 1 DAGs
[2026-06-07T09:33:03.953+0700] {logging_mixin.py:190} INFO - [2026-06-07T09:33:03.953+0700] {dag.py:4138} INFO - Setting next_dagrun for dag_scraping_twitter to 2026-06-06 23:00:00+00:00, run_after=2026-06-07 11:00:00+00:00
[2026-06-07T09:33:03.976+0700] {processor.py:208} INFO - Processing /opt/airflow/dags/dag_scraping_twitter.py took 0.096 seconds
[2026-06-07T09:33:34.309+0700] {processor.py:186} INFO - Started process (PID=38234) to work on /opt/airflow/dags/dag_scraping_twitter.py
[2026-06-07T09:33:34.311+0700] {processor.py:914} INFO - Processing file /opt/airflow/dags/dag_scraping_twitter.py for tasks to queue
[2026-06-07T09:33:34.314+0700] {logging_mixin.py:190} INFO - [2026-06-07T09:33:34.313+0700] {dagbag.py:587} INFO - Filling up the DagBag from /opt/airflow/dags/dag_scraping_twitter.py
[2026-06-07T09:33:34.334+0700] {processor.py:925} INFO - DAG(s) 'dag_scraping_twitter' retrieved from /opt/airflow/dags/dag_scraping_twitter.py
[2026-06-07T09:33:34.360+0700] {logging_mixin.py:190} INFO - [2026-06-07T09:33:34.360+0700] {dag.py:3211} INFO - Sync 1 DAGs
[2026-06-07T09:33:34.382+0700] {logging_mixin.py:190} INFO - [2026-06-07T09:33:34.382+0700] {dag.py:4138} INFO - Setting next_dagrun for dag_scraping_twitter to 2026-06-06 23:00:00+00:00, run_after=2026-06-07 11:00:00+00:00
[2026-06-07T09:33:34.402+0700] {processor.py:208} INFO - Processing /opt/airflow/dags/dag_scraping_twitter.py took 0.100 seconds
[2026-06-07T09:34:04.640+0700] {processor.py:186} INFO - Started process (PID=38268) to work on /opt/airflow/dags/dag_scraping_twitter.py
[2026-06-07T09:34:04.641+0700] {processor.py:914} INFO - Processing file /opt/airflow/dags/dag_scraping_twitter.py for tasks to queue
[2026-06-07T09:34:04.643+0700] {logging_mixin.py:190} INFO - [2026-06-07T09:34:04.643+0700] {dagbag.py:587} INFO - Filling up the DagBag from /opt/airflow/dags/dag_scraping_twitter.py
[2026-06-07T09:34:04.661+0700] {processor.py:925} INFO - DAG(s) 'dag_scraping_twitter' retrieved from /opt/airflow/dags/dag_scraping_twitter.py
[2026-06-07T09:34:04.686+0700] {logging_mixin.py:190} INFO - [2026-06-07T09:34:04.686+0700] {dag.py:3211} INFO - Sync 1 DAGs
[2026-06-07T09:34:04.708+0700] {logging_mixin.py:190} INFO - [2026-06-07T09:34:04.708+0700] {dag.py:4138} INFO - Setting next_dagrun for dag_scraping_twitter to 2026-06-06 23:00:00+00:00, run_after=2026-06-07 11:00:00+00:00
[2026-06-07T09:34:04.731+0700] {processor.py:208} INFO - Processing /opt/airflow/dags/dag_scraping_twitter.py took 0.098 seconds
[2026-06-07T09:34:35.118+0700] {processor.py:186} INFO - Started process (PID=38296) to work on /opt/airflow/dags/dag_scraping_twitter.py
[2026-06-07T09:34:35.119+0700] {processor.py:914} INFO - Processing file /opt/airflow/dags/dag_scraping_twitter.py for tasks to queue
[2026-06-07T09:34:35.122+0700] {logging_mixin.py:190} INFO - [2026-06-07T09:34:35.121+0700] {dagbag.py:587} INFO - Filling up the DagBag from /opt/airflow/dags/dag_scraping_twitter.py
[2026-06-07T09:34:35.139+0700] {processor.py:925} INFO - DAG(s) 'dag_scraping_twitter' retrieved from /opt/airflow/dags/dag_scraping_twitter.py
[2026-06-07T09:34:35.168+0700] {logging_mixin.py:190} INFO - [2026-06-07T09:34:35.168+0700] {dag.py:3211} INFO - Sync 1 DAGs
[2026-06-07T09:34:35.198+0700] {logging_mixin.py:190} INFO - [2026-06-07T09:34:35.198+0700] {dag.py:4138} INFO - Setting next_dagrun for dag_scraping_twitter to 2026-06-06 23:00:00+00:00, run_after=2026-06-07 11:00:00+00:00
[2026-06-07T09:34:35.222+0700] {processor.py:208} INFO - Processing /opt/airflow/dags/dag_scraping_twitter.py took 0.110 seconds
[2026-06-07T09:35:05.849+0700] {processor.py:186} INFO - Started process (PID=38324) to work on /opt/airflow/dags/dag_scraping_twitter.py
[2026-06-07T09:35:05.850+0700] {processor.py:914} INFO - Processing file /opt/airflow/dags/dag_scraping_twitter.py for tasks to queue
[2026-06-07T09:35:05.853+0700] {logging_mixin.py:190} INFO - [2026-06-07T09:35:05.852+0700] {dagbag.py:587} INFO - Filling up the DagBag from /opt/airflow/dags/dag_scraping_twitter.py
[2026-06-07T09:35:05.871+0700] {processor.py:925} INFO - DAG(s) 'dag_scraping_twitter' retrieved from /opt/airflow/dags/dag_scraping_twitter.py
[2026-06-07T09:35:05.897+0700] {logging_mixin.py:190} INFO - [2026-06-07T09:35:05.897+0700] {dag.py:3211} INFO - Sync 1 DAGs
[2026-06-07T09:35:05.918+0700] {logging_mixin.py:190} INFO - [2026-06-07T09:35:05.918+0700] {dag.py:4138} INFO - Setting next_dagrun for dag_scraping_twitter to 2026-06-06 23:00:00+00:00, run_after=2026-06-07 11:00:00+00:00
[2026-06-07T09:35:05.940+0700] {processor.py:208} INFO - Processing /opt/airflow/dags/dag_scraping_twitter.py took 0.097 seconds
[2026-06-07T09:35:36.172+0700] {processor.py:186} INFO - Started process (PID=38352) to work on /opt/airflow/dags/dag_scraping_twitter.py
[2026-06-07T09:35:36.173+0700] {processor.py:914} INFO - Processing file /opt/airflow/dags/dag_scraping_twitter.py for tasks to queue
[2026-06-07T09:35:36.175+0700] {logging_mixin.py:190} INFO - [2026-06-07T09:35:36.175+0700] {dagbag.py:587} INFO - Filling up the DagBag from /opt/airflow/dags/dag_scraping_twitter.py
[2026-06-07T09:35:36.193+0700] {processor.py:925} INFO - DAG(s) 'dag_scraping_twitter' retrieved from /opt/airflow/dags/dag_scraping_twitter.py
[2026-06-07T09:35:36.221+0700] {logging_mixin.py:190} INFO - [2026-06-07T09:35:36.221+0700] {dag.py:3211} INFO - Sync 1 DAGs
[2026-06-07T09:35:36.243+0700] {logging_mixin.py:190} INFO - [2026-06-07T09:35:36.243+0700] {dag.py:4138} INFO - Setting next_dagrun for dag_scraping_twitter to 2026-06-06 23:00:00+00:00, run_after=2026-06-07 11:00:00+00:00
[2026-06-07T09:35:36.264+0700] {processor.py:208} INFO - Processing /opt/airflow/dags/dag_scraping_twitter.py took 0.098 seconds
[2026-06-07T09:36:06.594+0700] {processor.py:186} INFO - Started process (PID=38380) to work on /opt/airflow/dags/dag_scraping_twitter.py
[2026-06-07T09:36:06.597+0700] {processor.py:914} INFO - Processing file /opt/airflow/dags/dag_scraping_twitter.py for tasks to queue
[2026-06-07T09:36:06.601+0700] {logging_mixin.py:190} INFO - [2026-06-07T09:36:06.601+0700] {dagbag.py:587} INFO - Filling up the DagBag from /opt/airflow/dags/dag_scraping_twitter.py
[2026-06-07T09:36:06.619+0700] {processor.py:925} INFO - DAG(s) 'dag_scraping_twitter' retrieved from /opt/airflow/dags/dag_scraping_twitter.py
[2026-06-07T09:36:06.643+0700] {logging_mixin.py:190} INFO - [2026-06-07T09:36:06.643+0700] {dag.py:3211} INFO - Sync 1 DAGs
[2026-06-07T09:36:06.665+0700] {logging_mixin.py:190} INFO - [2026-06-07T09:36:06.665+0700] {dag.py:4138} INFO - Setting next_dagrun for dag_scraping_twitter to 2026-06-06 23:00:00+00:00, run_after=2026-06-07 11:00:00+00:00
[2026-06-07T09:36:06.686+0700] {processor.py:208} INFO - Processing /opt/airflow/dags/dag_scraping_twitter.py took 0.099 seconds
[2026-06-07T09:36:37.046+0700] {processor.py:186} INFO - Started process (PID=38408) to work on /opt/airflow/dags/dag_scraping_twitter.py
[2026-06-07T09:36:37.047+0700] {processor.py:914} INFO - Processing file /opt/airflow/dags/dag_scraping_twitter.py for tasks to queue
[2026-06-07T09:36:37.053+0700] {logging_mixin.py:190} INFO - [2026-06-07T09:36:37.053+0700] {dagbag.py:587} INFO - Filling up the DagBag from /opt/airflow/dags/dag_scraping_twitter.py
[2026-06-07T09:36:37.073+0700] {processor.py:925} INFO - DAG(s) 'dag_scraping_twitter' retrieved from /opt/airflow/dags/dag_scraping_twitter.py
[2026-06-07T09:36:37.101+0700] {logging_mixin.py:190} INFO - [2026-06-07T09:36:37.100+0700] {dag.py:3211} INFO - Sync 1 DAGs
[2026-06-07T09:36:37.122+0700] {logging_mixin.py:190} INFO - [2026-06-07T09:36:37.121+0700] {dag.py:4138} INFO - Setting next_dagrun for dag_scraping_twitter to 2026-06-06 23:00:00+00:00, run_after=2026-06-07 11:00:00+00:00
[2026-06-07T09:36:37.143+0700] {processor.py:208} INFO - Processing /opt/airflow/dags/dag_scraping_twitter.py took 0.105 seconds
[2026-06-07T09:37:07.389+0700] {processor.py:186} INFO - Started process (PID=38436) to work on /opt/airflow/dags/dag_scraping_twitter.py
[2026-06-07T09:37:07.390+0700] {processor.py:914} INFO - Processing file /opt/airflow/dags/dag_scraping_twitter.py for tasks to queue
[2026-06-07T09:37:07.392+0700] {logging_mixin.py:190} INFO - [2026-06-07T09:37:07.392+0700] {dagbag.py:587} INFO - Filling up the DagBag from /opt/airflow/dags/dag_scraping_twitter.py
[2026-06-07T09:37:07.410+0700] {processor.py:925} INFO - DAG(s) 'dag_scraping_twitter' retrieved from /opt/airflow/dags/dag_scraping_twitter.py
[2026-06-07T09:37:07.436+0700] {logging_mixin.py:190} INFO - [2026-06-07T09:37:07.435+0700] {dag.py:3211} INFO - Sync 1 DAGs
[2026-06-07T09:37:07.457+0700] {logging_mixin.py:190} INFO - [2026-06-07T09:37:07.457+0700] {dag.py:4138} INFO - Setting next_dagrun for dag_scraping_twitter to 2026-06-06 23:00:00+00:00, run_after=2026-06-07 11:00:00+00:00
[2026-06-07T09:37:07.478+0700] {processor.py:208} INFO - Processing /opt/airflow/dags/dag_scraping_twitter.py took 0.095 seconds
[2026-06-07T09:37:38.008+0700] {processor.py:186} INFO - Started process (PID=38464) to work on /opt/airflow/dags/dag_scraping_twitter.py
[2026-06-07T09:37:38.009+0700] {processor.py:914} INFO - Processing file /opt/airflow/dags/dag_scraping_twitter.py for tasks to queue
[2026-06-07T09:37:38.012+0700] {logging_mixin.py:190} INFO - [2026-06-07T09:37:38.012+0700] {dagbag.py:587} INFO - Filling up the DagBag from /opt/airflow/dags/dag_scraping_twitter.py
[2026-06-07T09:37:38.031+0700] {processor.py:925} INFO - DAG(s) 'dag_scraping_twitter' retrieved from /opt/airflow/dags/dag_scraping_twitter.py
[2026-06-07T09:37:38.058+0700] {logging_mixin.py:190} INFO - [2026-06-07T09:37:38.058+0700] {dag.py:3211} INFO - Sync 1 DAGs
[2026-06-07T09:37:38.082+0700] {logging_mixin.py:190} INFO - [2026-06-07T09:37:38.082+0700] {dag.py:4138} INFO - Setting next_dagrun for dag_scraping_twitter to 2026-06-06 23:00:00+00:00, run_after=2026-06-07 11:00:00+00:00
[2026-06-07T09:37:38.103+0700] {processor.py:208} INFO - Processing /opt/airflow/dags/dag_scraping_twitter.py took 0.101 seconds
[2026-06-07T09:38:08.328+0700] {processor.py:186} INFO - Started process (PID=38492) to work on /opt/airflow/dags/dag_scraping_twitter.py
[2026-06-07T09:38:08.330+0700] {processor.py:914} INFO - Processing file /opt/airflow/dags/dag_scraping_twitter.py for tasks to queue
[2026-06-07T09:38:08.333+0700] {logging_mixin.py:190} INFO - [2026-06-07T09:38:08.332+0700] {dagbag.py:587} INFO - Filling up the DagBag from /opt/airflow/dags/dag_scraping_twitter.py
[2026-06-07T09:38:08.351+0700] {processor.py:925} INFO - DAG(s) 'dag_scraping_twitter' retrieved from /opt/airflow/dags/dag_scraping_twitter.py
[2026-06-07T09:38:08.383+0700] {logging_mixin.py:190} INFO - [2026-06-07T09:38:08.383+0700] {dag.py:3211} INFO - Sync 1 DAGs
[2026-06-07T09:38:08.409+0700] {logging_mixin.py:190} INFO - [2026-06-07T09:38:08.409+0700] {dag.py:4138} INFO - Setting next_dagrun for dag_scraping_twitter to 2026-06-06 23:00:00+00:00, run_after=2026-06-07 11:00:00+00:00
[2026-06-07T09:38:08.436+0700] {processor.py:208} INFO - Processing /opt/airflow/dags/dag_scraping_twitter.py took 0.115 seconds
[2026-06-07T09:38:39.143+0700] {processor.py:186} INFO - Started process (PID=38526) to work on /opt/airflow/dags/dag_scraping_twitter.py
[2026-06-07T09:38:39.144+0700] {processor.py:914} INFO - Processing file /opt/airflow/dags/dag_scraping_twitter.py for tasks to queue
[2026-06-07T09:38:39.147+0700] {logging_mixin.py:190} INFO - [2026-06-07T09:38:39.147+0700] {dagbag.py:587} INFO - Filling up the DagBag from /opt/airflow/dags/dag_scraping_twitter.py
[2026-06-07T09:38:39.169+0700] {processor.py:925} INFO - DAG(s) 'dag_scraping_twitter' retrieved from /opt/airflow/dags/dag_scraping_twitter.py
[2026-06-07T09:38:39.195+0700] {logging_mixin.py:190} INFO - [2026-06-07T09:38:39.195+0700] {dag.py:3211} INFO - Sync 1 DAGs
[2026-06-07T09:38:39.217+0700] {logging_mixin.py:190} INFO - [2026-06-07T09:38:39.216+0700] {dag.py:4138} INFO - Setting next_dagrun for dag_scraping_twitter to 2026-06-06 23:00:00+00:00, run_after=2026-06-07 11:00:00+00:00
[2026-06-07T09:38:39.241+0700] {processor.py:208} INFO - Processing /opt/airflow/dags/dag_scraping_twitter.py took 0.107 seconds
[2026-06-07T09:39:09.698+0700] {processor.py:186} INFO - Started process (PID=38554) to work on /opt/airflow/dags/dag_scraping_twitter.py
[2026-06-07T09:39:09.699+0700] {processor.py:914} INFO - Processing file /opt/airflow/dags/dag_scraping_twitter.py for tasks to queue
[2026-06-07T09:39:09.702+0700] {logging_mixin.py:190} INFO - [2026-06-07T09:39:09.701+0700] {dagbag.py:587} INFO - Filling up the DagBag from /opt/airflow/dags/dag_scraping_twitter.py
[2026-06-07T09:39:09.722+0700] {processor.py:925} INFO - DAG(s) 'dag_scraping_twitter' retrieved from /opt/airflow/dags/dag_scraping_twitter.py
[2026-06-07T09:39:09.748+0700] {logging_mixin.py:190} INFO - [2026-06-07T09:39:09.748+0700] {dag.py:3211} INFO - Sync 1 DAGs
[2026-06-07T09:39:09.770+0700] {logging_mixin.py:190} INFO - [2026-06-07T09:39:09.770+0700] {dag.py:4138} INFO - Setting next_dagrun for dag_scraping_twitter to 2026-06-06 23:00:00+00:00, run_after=2026-06-07 11:00:00+00:00
[2026-06-07T09:39:09.789+0700] {processor.py:208} INFO - Processing /opt/airflow/dags/dag_scraping_twitter.py took 0.098 seconds
[2026-06-07T09:39:40.312+0700] {processor.py:186} INFO - Started process (PID=38582) to work on /opt/airflow/dags/dag_scraping_twitter.py
[2026-06-07T09:39:40.313+0700] {processor.py:914} INFO - Processing file /opt/airflow/dags/dag_scraping_twitter.py for tasks to queue
[2026-06-07T09:39:40.315+0700] {logging_mixin.py:190} INFO - [2026-06-07T09:39:40.315+0700] {dagbag.py:587} INFO - Filling up the DagBag from /opt/airflow/dags/dag_scraping_twitter.py
[2026-06-07T09:39:40.336+0700] {processor.py:925} INFO - DAG(s) 'dag_scraping_twitter' retrieved from /opt/airflow/dags/dag_scraping_twitter.py
[2026-06-07T09:39:40.362+0700] {logging_mixin.py:190} INFO - [2026-06-07T09:39:40.361+0700] {dag.py:3211} INFO - Sync 1 DAGs
[2026-06-07T09:39:40.384+0700] {logging_mixin.py:190} INFO - [2026-06-07T09:39:40.384+0700] {dag.py:4138} INFO - Setting next_dagrun for dag_scraping_twitter to 2026-06-06 23:00:00+00:00, run_after=2026-06-07 11:00:00+00:00
[2026-06-07T09:39:40.405+0700] {processor.py:208} INFO - Processing /opt/airflow/dags/dag_scraping_twitter.py took 0.099 seconds
[2026-06-07T09:40:10.671+0700] {processor.py:186} INFO - Started process (PID=38610) to work on /opt/airflow/dags/dag_scraping_twitter.py
[2026-06-07T09:40:10.672+0700] {processor.py:914} INFO - Processing file /opt/airflow/dags/dag_scraping_twitter.py for tasks to queue
[2026-06-07T09:40:10.675+0700] {logging_mixin.py:190} INFO - [2026-06-07T09:40:10.675+0700] {dagbag.py:587} INFO - Filling up the DagBag from /opt/airflow/dags/dag_scraping_twitter.py
[2026-06-07T09:40:10.696+0700] {processor.py:925} INFO - DAG(s) 'dag_scraping_twitter' retrieved from /opt/airflow/dags/dag_scraping_twitter.py
[2026-06-07T09:40:10.728+0700] {logging_mixin.py:190} INFO - [2026-06-07T09:40:10.728+0700] {dag.py:3211} INFO - Sync 1 DAGs
[2026-06-07T09:40:10.751+0700] {logging_mixin.py:190} INFO - [2026-06-07T09:40:10.751+0700] {dag.py:4138} INFO - Setting next_dagrun for dag_scraping_twitter to 2026-06-06 23:00:00+00:00, run_after=2026-06-07 11:00:00+00:00
[2026-06-07T09:40:10.771+0700] {processor.py:208} INFO - Processing /opt/airflow/dags/dag_scraping_twitter.py took 0.106 seconds
[2026-06-07T09:40:41.198+0700] {processor.py:186} INFO - Started process (PID=38638) to work on /opt/airflow/dags/dag_scraping_twitter.py
[2026-06-07T09:40:41.199+0700] {processor.py:914} INFO - Processing file /opt/airflow/dags/dag_scraping_twitter.py for tasks to queue
[2026-06-07T09:40:41.202+0700] {logging_mixin.py:190} INFO - [2026-06-07T09:40:41.202+0700] {dagbag.py:587} INFO - Filling up the DagBag from /opt/airflow/dags/dag_scraping_twitter.py
[2026-06-07T09:40:41.220+0700] {processor.py:925} INFO - DAG(s) 'dag_scraping_twitter' retrieved from /opt/airflow/dags/dag_scraping_twitter.py
[2026-06-07T09:40:41.248+0700] {logging_mixin.py:190} INFO - [2026-06-07T09:40:41.247+0700] {dag.py:3211} INFO - Sync 1 DAGs
[2026-06-07T09:40:41.270+0700] {logging_mixin.py:190} INFO - [2026-06-07T09:40:41.270+0700] {dag.py:4138} INFO - Setting next_dagrun for dag_scraping_twitter to 2026-06-06 23:00:00+00:00, run_after=2026-06-07 11:00:00+00:00
[2026-06-07T09:40:41.292+0700] {processor.py:208} INFO - Processing /opt/airflow/dags/dag_scraping_twitter.py took 0.100 seconds
[2026-06-07T09:41:11.595+0700] {processor.py:186} INFO - Started process (PID=38666) to work on /opt/airflow/dags/dag_scraping_twitter.py
[2026-06-07T09:41:11.596+0700] {processor.py:914} INFO - Processing file /opt/airflow/dags/dag_scraping_twitter.py for tasks to queue
[2026-06-07T09:41:11.598+0700] {logging_mixin.py:190} INFO - [2026-06-07T09:41:11.597+0700] {dagbag.py:587} INFO - Filling up the DagBag from /opt/airflow/dags/dag_scraping_twitter.py
[2026-06-07T09:41:11.616+0700] {processor.py:925} INFO - DAG(s) 'dag_scraping_twitter' retrieved from /opt/airflow/dags/dag_scraping_twitter.py
[2026-06-07T09:41:11.641+0700] {logging_mixin.py:190} INFO - [2026-06-07T09:41:11.641+0700] {dag.py:3211} INFO - Sync 1 DAGs
[2026-06-07T09:41:11.664+0700] {logging_mixin.py:190} INFO - [2026-06-07T09:41:11.664+0700] {dag.py:4138} INFO - Setting next_dagrun for dag_scraping_twitter to 2026-06-06 23:00:00+00:00, run_after=2026-06-07 11:00:00+00:00
[2026-06-07T09:41:11.686+0700] {processor.py:208} INFO - Processing /opt/airflow/dags/dag_scraping_twitter.py took 0.099 seconds
[2026-06-07T09:41:41.977+0700] {processor.py:186} INFO - Started process (PID=38694) to work on /opt/airflow/dags/dag_scraping_twitter.py
[2026-06-07T09:41:41.978+0700] {processor.py:914} INFO - Processing file /opt/airflow/dags/dag_scraping_twitter.py for tasks to queue
[2026-06-07T09:41:41.980+0700] {logging_mixin.py:190} INFO - [2026-06-07T09:41:41.980+0700] {dagbag.py:587} INFO - Filling up the DagBag from /opt/airflow/dags/dag_scraping_twitter.py
[2026-06-07T09:41:41.998+0700] {processor.py:925} INFO - DAG(s) 'dag_scraping_twitter' retrieved from /opt/airflow/dags/dag_scraping_twitter.py
[2026-06-07T09:41:42.023+0700] {logging_mixin.py:190} INFO - [2026-06-07T09:41:42.023+0700] {dag.py:3211} INFO - Sync 1 DAGs
[2026-06-07T09:41:42.044+0700] {logging_mixin.py:190} INFO - [2026-06-07T09:41:42.044+0700] {dag.py:4138} INFO - Setting next_dagrun for dag_scraping_twitter to 2026-06-06 23:00:00+00:00, run_after=2026-06-07 11:00:00+00:00
[2026-06-07T09:41:42.068+0700] {processor.py:208} INFO - Processing /opt/airflow/dags/dag_scraping_twitter.py took 0.098 seconds
[2026-06-07T09:42:12.473+0700] {processor.py:186} INFO - Started process (PID=38722) to work on /opt/airflow/dags/dag_scraping_twitter.py
[2026-06-07T09:42:12.474+0700] {processor.py:914} INFO - Processing file /opt/airflow/dags/dag_scraping_twitter.py for tasks to queue
[2026-06-07T09:42:12.476+0700] {logging_mixin.py:190} INFO - [2026-06-07T09:42:12.476+0700] {dagbag.py:587} INFO - Filling up the DagBag from /opt/airflow/dags/dag_scraping_twitter.py
[2026-06-07T09:42:12.495+0700] {processor.py:925} INFO - DAG(s) 'dag_scraping_twitter' retrieved from /opt/airflow/dags/dag_scraping_twitter.py
[2026-06-07T09:42:12.519+0700] {logging_mixin.py:190} INFO - [2026-06-07T09:42:12.518+0700] {dag.py:3211} INFO - Sync 1 DAGs
[2026-06-07T09:42:12.542+0700] {logging_mixin.py:190} INFO - [2026-06-07T09:42:12.542+0700] {dag.py:4138} INFO - Setting next_dagrun for dag_scraping_twitter to 2026-06-06 23:00:00+00:00, run_after=2026-06-07 11:00:00+00:00
[2026-06-07T09:42:12.565+0700] {processor.py:208} INFO - Processing /opt/airflow/dags/dag_scraping_twitter.py took 0.099 seconds
[2026-06-07T09:42:42.973+0700] {processor.py:186} INFO - Started process (PID=38756) to work on /opt/airflow/dags/dag_scraping_twitter.py
[2026-06-07T09:42:42.974+0700] {processor.py:914} INFO - Processing file /opt/airflow/dags/dag_scraping_twitter.py for tasks to queue
[2026-06-07T09:42:42.977+0700] {logging_mixin.py:190} INFO - [2026-06-07T09:42:42.976+0700] {dagbag.py:587} INFO - Filling up the DagBag from /opt/airflow/dags/dag_scraping_twitter.py
[2026-06-07T09:42:42.997+0700] {processor.py:925} INFO - DAG(s) 'dag_scraping_twitter' retrieved from /opt/airflow/dags/dag_scraping_twitter.py
[2026-06-07T09:42:43.023+0700] {logging_mixin.py:190} INFO - [2026-06-07T09:42:43.022+0700] {dag.py:3211} INFO - Sync 1 DAGs
[2026-06-07T09:42:43.043+0700] {logging_mixin.py:190} INFO - [2026-06-07T09:42:43.043+0700] {dag.py:4138} INFO - Setting next_dagrun for dag_scraping_twitter to 2026-06-06 23:00:00+00:00, run_after=2026-06-07 11:00:00+00:00
[2026-06-07T09:42:43.064+0700] {processor.py:208} INFO - Processing /opt/airflow/dags/dag_scraping_twitter.py took 0.097 seconds
[2026-06-07T09:43:13.721+0700] {processor.py:186} INFO - Started process (PID=38784) to work on /opt/airflow/dags/dag_scraping_twitter.py
[2026-06-07T09:43:13.722+0700] {processor.py:914} INFO - Processing file /opt/airflow/dags/dag_scraping_twitter.py for tasks to queue
[2026-06-07T09:43:13.725+0700] {logging_mixin.py:190} INFO - [2026-06-07T09:43:13.725+0700] {dagbag.py:587} INFO - Filling up the DagBag from /opt/airflow/dags/dag_scraping_twitter.py
[2026-06-07T09:43:13.744+0700] {processor.py:925} INFO - DAG(s) 'dag_scraping_twitter' retrieved from /opt/airflow/dags/dag_scraping_twitter.py
[2026-06-07T09:43:13.771+0700] {logging_mixin.py:190} INFO - [2026-06-07T09:43:13.771+0700] {dag.py:3211} INFO - Sync 1 DAGs
[2026-06-07T09:43:13.799+0700] {logging_mixin.py:190} INFO - [2026-06-07T09:43:13.799+0700] {dag.py:4138} INFO - Setting next_dagrun for dag_scraping_twitter to 2026-06-06 23:00:00+00:00, run_after=2026-06-07 11:00:00+00:00
[2026-06-07T09:43:13.821+0700] {processor.py:208} INFO - Processing /opt/airflow/dags/dag_scraping_twitter.py took 0.110 seconds
[2026-06-07T09:43:44.208+0700] {processor.py:186} INFO - Started process (PID=38812) to work on /opt/airflow/dags/dag_scraping_twitter.py
[2026-06-07T09:43:44.209+0700] {processor.py:914} INFO - Processing file /opt/airflow/dags/dag_scraping_twitter.py for tasks to queue
[2026-06-07T09:43:44.211+0700] {logging_mixin.py:190} INFO - [2026-06-07T09:43:44.211+0700] {dagbag.py:587} INFO - Filling up the DagBag from /opt/airflow/dags/dag_scraping_twitter.py
[2026-06-07T09:43:44.228+0700] {processor.py:925} INFO - DAG(s) 'dag_scraping_twitter' retrieved from /opt/airflow/dags/dag_scraping_twitter.py
[2026-06-07T09:43:44.252+0700] {logging_mixin.py:190} INFO - [2026-06-07T09:43:44.252+0700] {dag.py:3211} INFO - Sync 1 DAGs
[2026-06-07T09:43:44.273+0700] {logging_mixin.py:190} INFO - [2026-06-07T09:43:44.273+0700] {dag.py:4138} INFO - Setting next_dagrun for dag_scraping_twitter to 2026-06-06 23:00:00+00:00, run_after=2026-06-07 11:00:00+00:00
[2026-06-07T09:43:44.295+0700] {processor.py:208} INFO - Processing /opt/airflow/dags/dag_scraping_twitter.py took 0.095 seconds
[2026-06-07T09:44:14.531+0700] {processor.py:186} INFO - Started process (PID=38840) to work on /opt/airflow/dags/dag_scraping_twitter.py
[2026-06-07T09:44:14.532+0700] {processor.py:914} INFO - Processing file /opt/airflow/dags/dag_scraping_twitter.py for tasks to queue
[2026-06-07T09:44:14.534+0700] {logging_mixin.py:190} INFO - [2026-06-07T09:44:14.534+0700] {dagbag.py:587} INFO - Filling up the DagBag from /opt/airflow/dags/dag_scraping_twitter.py
[2026-06-07T09:44:14.553+0700] {processor.py:925} INFO - DAG(s) 'dag_scraping_twitter' retrieved from /opt/airflow/dags/dag_scraping_twitter.py
[2026-06-07T09:44:14.578+0700] {logging_mixin.py:190} INFO - [2026-06-07T09:44:14.577+0700] {dag.py:3211} INFO - Sync 1 DAGs
[2026-06-07T09:44:14.602+0700] {logging_mixin.py:190} INFO - [2026-06-07T09:44:14.601+0700] {dag.py:4138} INFO - Setting next_dagrun for dag_scraping_twitter to 2026-06-06 23:00:00+00:00, run_after=2026-06-07 11:00:00+00:00
[2026-06-07T09:44:14.627+0700] {processor.py:208} INFO - Processing /opt/airflow/dags/dag_scraping_twitter.py took 0.102 seconds
[2026-06-07T09:44:45.045+0700] {processor.py:186} INFO - Started process (PID=38868) to work on /opt/airflow/dags/dag_scraping_twitter.py
[2026-06-07T09:44:45.047+0700] {processor.py:914} INFO - Processing file /opt/airflow/dags/dag_scraping_twitter.py for tasks to queue
[2026-06-07T09:44:45.049+0700] {logging_mixin.py:190} INFO - [2026-06-07T09:44:45.048+0700] {dagbag.py:587} INFO - Filling up the DagBag from /opt/airflow/dags/dag_scraping_twitter.py
[2026-06-07T09:44:45.067+0700] {processor.py:925} INFO - DAG(s) 'dag_scraping_twitter' retrieved from /opt/airflow/dags/dag_scraping_twitter.py
[2026-06-07T09:44:45.091+0700] {logging_mixin.py:190} INFO - [2026-06-07T09:44:45.091+0700] {dag.py:3211} INFO - Sync 1 DAGs
[2026-06-07T09:44:45.112+0700] {logging_mixin.py:190} INFO - [2026-06-07T09:44:45.112+0700] {dag.py:4138} INFO - Setting next_dagrun for dag_scraping_twitter to 2026-06-06 23:00:00+00:00, run_after=2026-06-07 11:00:00+00:00
[2026-06-07T09:44:45.136+0700] {processor.py:208} INFO - Processing /opt/airflow/dags/dag_scraping_twitter.py took 0.097 seconds
[2026-06-07T09:45:15.455+0700] {processor.py:186} INFO - Started process (PID=38896) to work on /opt/airflow/dags/dag_scraping_twitter.py
[2026-06-07T09:45:15.456+0700] {processor.py:914} INFO - Processing file /opt/airflow/dags/dag_scraping_twitter.py for tasks to queue
[2026-06-07T09:45:15.458+0700] {logging_mixin.py:190} INFO - [2026-06-07T09:45:15.458+0700] {dagbag.py:587} INFO - Filling up the DagBag from /opt/airflow/dags/dag_scraping_twitter.py
[2026-06-07T09:45:15.476+0700] {processor.py:925} INFO - DAG(s) 'dag_scraping_twitter' retrieved from /opt/airflow/dags/dag_scraping_twitter.py
[2026-06-07T09:45:15.507+0700] {logging_mixin.py:190} INFO - [2026-06-07T09:45:15.507+0700] {dag.py:3211} INFO - Sync 1 DAGs
[2026-06-07T09:45:15.531+0700] {logging_mixin.py:190} INFO - [2026-06-07T09:45:15.531+0700] {dag.py:4138} INFO - Setting next_dagrun for dag_scraping_twitter to 2026-06-06 23:00:00+00:00, run_after=2026-06-07 11:00:00+00:00
[2026-06-07T09:45:15.551+0700] {processor.py:208} INFO - Processing /opt/airflow/dags/dag_scraping_twitter.py took 0.102 seconds
[2026-06-07T09:45:46.006+0700] {processor.py:186} INFO - Started process (PID=38925) to work on /opt/airflow/dags/dag_scraping_twitter.py
[2026-06-07T09:45:46.007+0700] {processor.py:914} INFO - Processing file /opt/airflow/dags/dag_scraping_twitter.py for tasks to queue
[2026-06-07T09:45:46.010+0700] {logging_mixin.py:190} INFO - [2026-06-07T09:45:46.009+0700] {dagbag.py:587} INFO - Filling up the DagBag from /opt/airflow/dags/dag_scraping_twitter.py
[2026-06-07T09:45:46.026+0700] {processor.py:925} INFO - DAG(s) 'dag_scraping_twitter' retrieved from /opt/airflow/dags/dag_scraping_twitter.py
[2026-06-07T09:45:46.053+0700] {logging_mixin.py:190} INFO - [2026-06-07T09:45:46.053+0700] {dag.py:3211} INFO - Sync 1 DAGs
[2026-06-07T09:45:46.074+0700] {logging_mixin.py:190} INFO - [2026-06-07T09:45:46.074+0700] {dag.py:4138} INFO - Setting next_dagrun for dag_scraping_twitter to 2026-06-06 23:00:00+00:00, run_after=2026-06-07 11:00:00+00:00
[2026-06-07T09:45:46.094+0700] {processor.py:208} INFO - Processing /opt/airflow/dags/dag_scraping_twitter.py took 0.094 seconds
[2026-06-07T09:46:16.562+0700] {processor.py:186} INFO - Started process (PID=38953) to work on /opt/airflow/dags/dag_scraping_twitter.py
[2026-06-07T09:46:16.563+0700] {processor.py:914} INFO - Processing file /opt/airflow/dags/dag_scraping_twitter.py for tasks to queue
[2026-06-07T09:46:16.566+0700] {logging_mixin.py:190} INFO - [2026-06-07T09:46:16.566+0700] {dagbag.py:587} INFO - Filling up the DagBag from /opt/airflow/dags/dag_scraping_twitter.py
[2026-06-07T09:46:16.589+0700] {processor.py:925} INFO - DAG(s) 'dag_scraping_twitter' retrieved from /opt/airflow/dags/dag_scraping_twitter.py
[2026-06-07T09:46:16.617+0700] {logging_mixin.py:190} INFO - [2026-06-07T09:46:16.617+0700] {dag.py:3211} INFO - Sync 1 DAGs
[2026-06-07T09:46:16.643+0700] {logging_mixin.py:190} INFO - [2026-06-07T09:46:16.643+0700] {dag.py:4138} INFO - Setting next_dagrun for dag_scraping_twitter to 2026-06-06 23:00:00+00:00, run_after=2026-06-07 11:00:00+00:00
[2026-06-07T09:46:16.666+0700] {processor.py:208} INFO - Processing /opt/airflow/dags/dag_scraping_twitter.py took 0.116 seconds
[2026-06-07T09:46:46.991+0700] {processor.py:186} INFO - Started process (PID=38987) to work on /opt/airflow/dags/dag_scraping_twitter.py
[2026-06-07T09:46:46.992+0700] {processor.py:914} INFO - Processing file /opt/airflow/dags/dag_scraping_twitter.py for tasks to queue
[2026-06-07T09:46:46.994+0700] {logging_mixin.py:190} INFO - [2026-06-07T09:46:46.994+0700] {dagbag.py:587} INFO - Filling up the DagBag from /opt/airflow/dags/dag_scraping_twitter.py
[2026-06-07T09:46:47.015+0700] {processor.py:925} INFO - DAG(s) 'dag_scraping_twitter' retrieved from /opt/airflow/dags/dag_scraping_twitter.py
[2026-06-07T09:46:47.043+0700] {logging_mixin.py:190} INFO - [2026-06-07T09:46:47.042+0700] {dag.py:3211} INFO - Sync 1 DAGs
[2026-06-07T09:46:47.066+0700] {logging_mixin.py:190} INFO - [2026-06-07T09:46:47.066+0700] {dag.py:4138} INFO - Setting next_dagrun for dag_scraping_twitter to 2026-06-06 23:00:00+00:00, run_after=2026-06-07 11:00:00+00:00
[2026-06-07T09:46:47.088+0700] {processor.py:208} INFO - Processing /opt/airflow/dags/dag_scraping_twitter.py took 0.106 seconds
[2026-06-07T09:47:17.470+0700] {processor.py:186} INFO - Started process (PID=39015) to work on /opt/airflow/dags/dag_scraping_twitter.py
[2026-06-07T09:47:17.472+0700] {processor.py:914} INFO - Processing file /opt/airflow/dags/dag_scraping_twitter.py for tasks to queue
[2026-06-07T09:47:17.474+0700] {logging_mixin.py:190} INFO - [2026-06-07T09:47:17.474+0700] {dagbag.py:587} INFO - Filling up the DagBag from /opt/airflow/dags/dag_scraping_twitter.py
[2026-06-07T09:47:17.491+0700] {processor.py:925} INFO - DAG(s) 'dag_scraping_twitter' retrieved from /opt/airflow/dags/dag_scraping_twitter.py
[2026-06-07T09:47:17.515+0700] {logging_mixin.py:190} INFO - [2026-06-07T09:47:17.515+0700] {dag.py:3211} INFO - Sync 1 DAGs
[2026-06-07T09:47:17.538+0700] {logging_mixin.py:190} INFO - [2026-06-07T09:47:17.538+0700] {dag.py:4138} INFO - Setting next_dagrun for dag_scraping_twitter to 2026-06-06 23:00:00+00:00, run_after=2026-06-07 11:00:00+00:00
[2026-06-07T09:47:17.559+0700] {processor.py:208} INFO - Processing /opt/airflow/dags/dag_scraping_twitter.py took 0.095 seconds
[2026-06-07T09:47:47.954+0700] {processor.py:186} INFO - Started process (PID=39044) to work on /opt/airflow/dags/dag_scraping_twitter.py
[2026-06-07T09:47:47.956+0700] {processor.py:914} INFO - Processing file /opt/airflow/dags/dag_scraping_twitter.py for tasks to queue
[2026-06-07T09:47:47.959+0700] {logging_mixin.py:190} INFO - [2026-06-07T09:47:47.959+0700] {dagbag.py:587} INFO - Filling up the DagBag from /opt/airflow/dags/dag_scraping_twitter.py
[2026-06-07T09:47:47.978+0700] {processor.py:925} INFO - DAG(s) 'dag_scraping_twitter' retrieved from /opt/airflow/dags/dag_scraping_twitter.py
[2026-06-07T09:47:48.008+0700] {logging_mixin.py:190} INFO - [2026-06-07T09:47:48.008+0700] {dag.py:3211} INFO - Sync 1 DAGs
[2026-06-07T09:47:48.033+0700] {logging_mixin.py:190} INFO - [2026-06-07T09:47:48.032+0700] {dag.py:4138} INFO - Setting next_dagrun for dag_scraping_twitter to 2026-06-06 23:00:00+00:00, run_after=2026-06-07 11:00:00+00:00
[2026-06-07T09:47:48.052+0700] {processor.py:208} INFO - Processing /opt/airflow/dags/dag_scraping_twitter.py took 0.107 seconds
[2026-06-07T09:48:18.610+0700] {processor.py:186} INFO - Started process (PID=39072) to work on /opt/airflow/dags/dag_scraping_twitter.py
[2026-06-07T09:48:18.611+0700] {processor.py:914} INFO - Processing file /opt/airflow/dags/dag_scraping_twitter.py for tasks to queue
[2026-06-07T09:48:18.613+0700] {logging_mixin.py:190} INFO - [2026-06-07T09:48:18.613+0700] {dagbag.py:587} INFO - Filling up the DagBag from /opt/airflow/dags/dag_scraping_twitter.py
[2026-06-07T09:48:18.632+0700] {processor.py:925} INFO - DAG(s) 'dag_scraping_twitter' retrieved from /opt/airflow/dags/dag_scraping_twitter.py
[2026-06-07T09:48:18.657+0700] {logging_mixin.py:190} INFO - [2026-06-07T09:48:18.656+0700] {dag.py:3211} INFO - Sync 1 DAGs
[2026-06-07T09:48:18.680+0700] {logging_mixin.py:190} INFO - [2026-06-07T09:48:18.680+0700] {dag.py:4138} INFO - Setting next_dagrun for dag_scraping_twitter to 2026-06-06 23:00:00+00:00, run_after=2026-06-07 11:00:00+00:00
[2026-06-07T09:48:18.702+0700] {processor.py:208} INFO - Processing /opt/airflow/dags/dag_scraping_twitter.py took 0.098 seconds
[2026-06-07T09:48:49.043+0700] {processor.py:186} INFO - Started process (PID=39100) to work on /opt/airflow/dags/dag_scraping_twitter.py
[2026-06-07T09:48:49.044+0700] {processor.py:914} INFO - Processing file /opt/airflow/dags/dag_scraping_twitter.py for tasks to queue
[2026-06-07T09:48:49.046+0700] {logging_mixin.py:190} INFO - [2026-06-07T09:48:49.046+0700] {dagbag.py:587} INFO - Filling up the DagBag from /opt/airflow/dags/dag_scraping_twitter.py
[2026-06-07T09:48:49.065+0700] {processor.py:925} INFO - DAG(s) 'dag_scraping_twitter' retrieved from /opt/airflow/dags/dag_scraping_twitter.py
[2026-06-07T09:48:49.092+0700] {logging_mixin.py:190} INFO - [2026-06-07T09:48:49.091+0700] {dag.py:3211} INFO - Sync 1 DAGs
[2026-06-07T09:48:49.112+0700] {logging_mixin.py:190} INFO - [2026-06-07T09:48:49.112+0700] {dag.py:4138} INFO - Setting next_dagrun for dag_scraping_twitter to 2026-06-06 23:00:00+00:00, run_after=2026-06-07 11:00:00+00:00
[2026-06-07T09:48:49.131+0700] {processor.py:208} INFO - Processing /opt/airflow/dags/dag_scraping_twitter.py took 0.096 seconds
[2026-06-07T09:49:19.477+0700] {processor.py:186} INFO - Started process (PID=39128) to work on /opt/airflow/dags/dag_scraping_twitter.py
[2026-06-07T09:49:19.478+0700] {processor.py:914} INFO - Processing file /opt/airflow/dags/dag_scraping_twitter.py for tasks to queue
[2026-06-07T09:49:19.480+0700] {logging_mixin.py:190} INFO - [2026-06-07T09:49:19.480+0700] {dagbag.py:587} INFO - Filling up the DagBag from /opt/airflow/dags/dag_scraping_twitter.py
[2026-06-07T09:49:19.499+0700] {processor.py:925} INFO - DAG(s) 'dag_scraping_twitter' retrieved from /opt/airflow/dags/dag_scraping_twitter.py
[2026-06-07T09:49:19.525+0700] {logging_mixin.py:190} INFO - [2026-06-07T09:49:19.524+0700] {dag.py:3211} INFO - Sync 1 DAGs
[2026-06-07T09:49:19.556+0700] {logging_mixin.py:190} INFO - [2026-06-07T09:49:19.556+0700] {dag.py:4138} INFO - Setting next_dagrun for dag_scraping_twitter to 2026-06-06 23:00:00+00:00, run_after=2026-06-07 11:00:00+00:00
[2026-06-07T09:49:19.584+0700] {processor.py:208} INFO - Processing /opt/airflow/dags/dag_scraping_twitter.py took 0.114 seconds
[2026-06-07T09:49:49.929+0700] {processor.py:186} INFO - Started process (PID=39156) to work on /opt/airflow/dags/dag_scraping_twitter.py
[2026-06-07T09:49:49.930+0700] {processor.py:914} INFO - Processing file /opt/airflow/dags/dag_scraping_twitter.py for tasks to queue
[2026-06-07T09:49:49.933+0700] {logging_mixin.py:190} INFO - [2026-06-07T09:49:49.932+0700] {dagbag.py:587} INFO - Filling up the DagBag from /opt/airflow/dags/dag_scraping_twitter.py
[2026-06-07T09:49:49.954+0700] {processor.py:925} INFO - DAG(s) 'dag_scraping_twitter' retrieved from /opt/airflow/dags/dag_scraping_twitter.py
[2026-06-07T09:49:49.983+0700] {logging_mixin.py:190} INFO - [2026-06-07T09:49:49.983+0700] {dag.py:3211} INFO - Sync 1 DAGs
[2026-06-07T09:49:50.009+0700] {logging_mixin.py:190} INFO - [2026-06-07T09:49:50.009+0700] {dag.py:4138} INFO - Setting next_dagrun for dag_scraping_twitter to 2026-06-06 23:00:00+00:00, run_after=2026-06-07 11:00:00+00:00
[2026-06-07T09:49:50.035+0700] {processor.py:208} INFO - Processing /opt/airflow/dags/dag_scraping_twitter.py took 0.115 seconds
[2026-06-07T09:50:20.260+0700] {processor.py:186} INFO - Started process (PID=39184) to work on /opt/airflow/dags/dag_scraping_twitter.py
[2026-06-07T09:50:20.261+0700] {processor.py:914} INFO - Processing file /opt/airflow/dags/dag_scraping_twitter.py for tasks to queue
[2026-06-07T09:50:20.264+0700] {logging_mixin.py:190} INFO - [2026-06-07T09:50:20.263+0700] {dagbag.py:587} INFO - Filling up the DagBag from /opt/airflow/dags/dag_scraping_twitter.py
[2026-06-07T09:50:20.281+0700] {processor.py:925} INFO - DAG(s) 'dag_scraping_twitter' retrieved from /opt/airflow/dags/dag_scraping_twitter.py
[2026-06-07T09:50:20.307+0700] {logging_mixin.py:190} INFO - [2026-06-07T09:50:20.307+0700] {dag.py:3211} INFO - Sync 1 DAGs
[2026-06-07T09:50:20.330+0700] {logging_mixin.py:190} INFO - [2026-06-07T09:50:20.330+0700] {dag.py:4138} INFO - Setting next_dagrun for dag_scraping_twitter to 2026-06-06 23:00:00+00:00, run_after=2026-06-07 11:00:00+00:00
[2026-06-07T09:50:20.350+0700] {processor.py:208} INFO - Processing /opt/airflow/dags/dag_scraping_twitter.py took 0.097 seconds
[2026-06-07T09:50:51.099+0700] {processor.py:186} INFO - Started process (PID=39212) to work on /opt/airflow/dags/dag_scraping_twitter.py
[2026-06-07T09:50:51.101+0700] {processor.py:914} INFO - Processing file /opt/airflow/dags/dag_scraping_twitter.py for tasks to queue
[2026-06-07T09:50:51.103+0700] {logging_mixin.py:190} INFO - [2026-06-07T09:50:51.103+0700] {dagbag.py:587} INFO - Filling up the DagBag from /opt/airflow/dags/dag_scraping_twitter.py
[2026-06-07T09:50:51.129+0700] {processor.py:925} INFO - DAG(s) 'dag_scraping_twitter' retrieved from /opt/airflow/dags/dag_scraping_twitter.py
[2026-06-07T09:50:51.166+0700] {logging_mixin.py:190} INFO - [2026-06-07T09:50:51.165+0700] {dag.py:3211} INFO - Sync 1 DAGs
[2026-06-07T09:50:51.194+0700] {logging_mixin.py:190} INFO - [2026-06-07T09:50:51.194+0700] {dag.py:4138} INFO - Setting next_dagrun for dag_scraping_twitter to 2026-06-06 23:00:00+00:00, run_after=2026-06-07 11:00:00+00:00
[2026-06-07T09:50:51.220+0700] {processor.py:208} INFO - Processing /opt/airflow/dags/dag_scraping_twitter.py took 0.130 seconds
[2026-06-07T09:51:21.452+0700] {processor.py:186} INFO - Started process (PID=39247) to work on /opt/airflow/dags/dag_scraping_twitter.py
[2026-06-07T09:51:21.452+0700] {processor.py:914} INFO - Processing file /opt/airflow/dags/dag_scraping_twitter.py for tasks to queue
[2026-06-07T09:51:21.455+0700] {logging_mixin.py:190} INFO - [2026-06-07T09:51:21.454+0700] {dagbag.py:587} INFO - Filling up the DagBag from /opt/airflow/dags/dag_scraping_twitter.py
[2026-06-07T09:51:21.472+0700] {processor.py:925} INFO - DAG(s) 'dag_scraping_twitter' retrieved from /opt/airflow/dags/dag_scraping_twitter.py
[2026-06-07T09:51:21.497+0700] {logging_mixin.py:190} INFO - [2026-06-07T09:51:21.496+0700] {dag.py:3211} INFO - Sync 1 DAGs
[2026-06-07T09:51:21.521+0700] {logging_mixin.py:190} INFO - [2026-06-07T09:51:21.520+0700] {dag.py:4138} INFO - Setting next_dagrun for dag_scraping_twitter to 2026-06-06 23:00:00+00:00, run_after=2026-06-07 11:00:00+00:00
[2026-06-07T09:51:21.539+0700] {processor.py:208} INFO - Processing /opt/airflow/dags/dag_scraping_twitter.py took 0.093 seconds
[2026-06-07T09:51:51.860+0700] {processor.py:186} INFO - Started process (PID=39275) to work on /opt/airflow/dags/dag_scraping_twitter.py
[2026-06-07T09:51:51.861+0700] {processor.py:914} INFO - Processing file /opt/airflow/dags/dag_scraping_twitter.py for tasks to queue
[2026-06-07T09:51:51.863+0700] {logging_mixin.py:190} INFO - [2026-06-07T09:51:51.863+0700] {dagbag.py:587} INFO - Filling up the DagBag from /opt/airflow/dags/dag_scraping_twitter.py
[2026-06-07T09:51:51.881+0700] {processor.py:925} INFO - DAG(s) 'dag_scraping_twitter' retrieved from /opt/airflow/dags/dag_scraping_twitter.py
[2026-06-07T09:51:51.905+0700] {logging_mixin.py:190} INFO - [2026-06-07T09:51:51.905+0700] {dag.py:3211} INFO - Sync 1 DAGs
[2026-06-07T09:51:51.926+0700] {logging_mixin.py:190} INFO - [2026-06-07T09:51:51.926+0700] {dag.py:4138} INFO - Setting next_dagrun for dag_scraping_twitter to 2026-06-06 23:00:00+00:00, run_after=2026-06-07 11:00:00+00:00
[2026-06-07T09:51:51.946+0700] {processor.py:208} INFO - Processing /opt/airflow/dags/dag_scraping_twitter.py took 0.093 seconds
[2026-06-07T09:52:22.366+0700] {processor.py:186} INFO - Started process (PID=39303) to work on /opt/airflow/dags/dag_scraping_twitter.py
[2026-06-07T09:52:22.367+0700] {processor.py:914} INFO - Processing file /opt/airflow/dags/dag_scraping_twitter.py for tasks to queue
[2026-06-07T09:52:22.370+0700] {logging_mixin.py:190} INFO - [2026-06-07T09:52:22.369+0700] {dagbag.py:587} INFO - Filling up the DagBag from /opt/airflow/dags/dag_scraping_twitter.py
[2026-06-07T09:52:22.389+0700] {processor.py:925} INFO - DAG(s) 'dag_scraping_twitter' retrieved from /opt/airflow/dags/dag_scraping_twitter.py
[2026-06-07T09:52:22.417+0700] {logging_mixin.py:190} INFO - [2026-06-07T09:52:22.417+0700] {dag.py:3211} INFO - Sync 1 DAGs
[2026-06-07T09:52:22.440+0700] {logging_mixin.py:190} INFO - [2026-06-07T09:52:22.440+0700] {dag.py:4138} INFO - Setting next_dagrun for dag_scraping_twitter to 2026-06-06 23:00:00+00:00, run_after=2026-06-07 11:00:00+00:00
[2026-06-07T09:52:22.460+0700] {processor.py:208} INFO - Processing /opt/airflow/dags/dag_scraping_twitter.py took 0.100 seconds
[2026-06-07T09:52:52.820+0700] {processor.py:186} INFO - Started process (PID=39331) to work on /opt/airflow/dags/dag_scraping_twitter.py
[2026-06-07T09:52:52.822+0700] {processor.py:914} INFO - Processing file /opt/airflow/dags/dag_scraping_twitter.py for tasks to queue
[2026-06-07T09:52:52.825+0700] {logging_mixin.py:190} INFO - [2026-06-07T09:52:52.825+0700] {dagbag.py:587} INFO - Filling up the DagBag from /opt/airflow/dags/dag_scraping_twitter.py
[2026-06-07T09:52:52.843+0700] {processor.py:925} INFO - DAG(s) 'dag_scraping_twitter' retrieved from /opt/airflow/dags/dag_scraping_twitter.py
[2026-06-07T09:52:52.868+0700] {logging_mixin.py:190} INFO - [2026-06-07T09:52:52.868+0700] {dag.py:3211} INFO - Sync 1 DAGs
[2026-06-07T09:52:52.891+0700] {logging_mixin.py:190} INFO - [2026-06-07T09:52:52.891+0700] {dag.py:4138} INFO - Setting next_dagrun for dag_scraping_twitter to 2026-06-06 23:00:00+00:00, run_after=2026-06-07 11:00:00+00:00
[2026-06-07T09:52:52.911+0700] {processor.py:208} INFO - Processing /opt/airflow/dags/dag_scraping_twitter.py took 0.098 seconds
[2026-06-07T09:53:23.354+0700] {processor.py:186} INFO - Started process (PID=39359) to work on /opt/airflow/dags/dag_scraping_twitter.py
[2026-06-07T09:53:23.355+0700] {processor.py:914} INFO - Processing file /opt/airflow/dags/dag_scraping_twitter.py for tasks to queue
[2026-06-07T09:53:23.357+0700] {logging_mixin.py:190} INFO - [2026-06-07T09:53:23.357+0700] {dagbag.py:587} INFO - Filling up the DagBag from /opt/airflow/dags/dag_scraping_twitter.py
[2026-06-07T09:53:23.376+0700] {processor.py:925} INFO - DAG(s) 'dag_scraping_twitter' retrieved from /opt/airflow/dags/dag_scraping_twitter.py
[2026-06-07T09:53:23.411+0700] {logging_mixin.py:190} INFO - [2026-06-07T09:53:23.411+0700] {dag.py:3211} INFO - Sync 1 DAGs
[2026-06-07T09:53:23.435+0700] {logging_mixin.py:190} INFO - [2026-06-07T09:53:23.435+0700] {dag.py:4138} INFO - Setting next_dagrun for dag_scraping_twitter to 2026-06-06 23:00:00+00:00, run_after=2026-06-07 11:00:00+00:00
[2026-06-07T09:53:23.457+0700] {processor.py:208} INFO - Processing /opt/airflow/dags/dag_scraping_twitter.py took 0.112 seconds
[2026-06-07T09:53:53.829+0700] {processor.py:186} INFO - Started process (PID=39387) to work on /opt/airflow/dags/dag_scraping_twitter.py
[2026-06-07T09:53:53.831+0700] {processor.py:914} INFO - Processing file /opt/airflow/dags/dag_scraping_twitter.py for tasks to queue
[2026-06-07T09:53:53.836+0700] {logging_mixin.py:190} INFO - [2026-06-07T09:53:53.835+0700] {dagbag.py:587} INFO - Filling up the DagBag from /opt/airflow/dags/dag_scraping_twitter.py
[2026-06-07T09:53:53.862+0700] {processor.py:925} INFO - DAG(s) 'dag_scraping_twitter' retrieved from /opt/airflow/dags/dag_scraping_twitter.py
[2026-06-07T09:53:53.890+0700] {logging_mixin.py:190} INFO - [2026-06-07T09:53:53.890+0700] {dag.py:3211} INFO - Sync 1 DAGs
[2026-06-07T09:53:53.918+0700] {logging_mixin.py:190} INFO - [2026-06-07T09:53:53.918+0700] {dag.py:4138} INFO - Setting next_dagrun for dag_scraping_twitter to 2026-06-06 23:00:00+00:00, run_after=2026-06-07 11:00:00+00:00
[2026-06-07T09:53:53.940+0700] {processor.py:208} INFO - Processing /opt/airflow/dags/dag_scraping_twitter.py took 0.119 seconds
[2026-06-07T09:54:24.228+0700] {processor.py:186} INFO - Started process (PID=39417) to work on /opt/airflow/dags/dag_scraping_twitter.py
[2026-06-07T09:54:24.229+0700] {processor.py:914} INFO - Processing file /opt/airflow/dags/dag_scraping_twitter.py for tasks to queue
[2026-06-07T09:54:24.233+0700] {logging_mixin.py:190} INFO - [2026-06-07T09:54:24.233+0700] {dagbag.py:587} INFO - Filling up the DagBag from /opt/airflow/dags/dag_scraping_twitter.py
[2026-06-07T09:54:24.253+0700] {processor.py:925} INFO - DAG(s) 'dag_scraping_twitter' retrieved from /opt/airflow/dags/dag_scraping_twitter.py
[2026-06-07T09:54:24.279+0700] {logging_mixin.py:190} INFO - [2026-06-07T09:54:24.279+0700] {dag.py:3211} INFO - Sync 1 DAGs
[2026-06-07T09:54:24.301+0700] {logging_mixin.py:190} INFO - [2026-06-07T09:54:24.301+0700] {dag.py:4138} INFO - Setting next_dagrun for dag_scraping_twitter to 2026-06-06 23:00:00+00:00, run_after=2026-06-07 11:00:00+00:00
[2026-06-07T09:54:24.321+0700] {processor.py:208} INFO - Processing /opt/airflow/dags/dag_scraping_twitter.py took 0.099 seconds
[2026-06-07T09:54:54.616+0700] {processor.py:186} INFO - Started process (PID=39451) to work on /opt/airflow/dags/dag_scraping_twitter.py
[2026-06-07T09:54:54.618+0700] {processor.py:914} INFO - Processing file /opt/airflow/dags/dag_scraping_twitter.py for tasks to queue
[2026-06-07T09:54:54.625+0700] {logging_mixin.py:190} INFO - [2026-06-07T09:54:54.625+0700] {dagbag.py:587} INFO - Filling up the DagBag from /opt/airflow/dags/dag_scraping_twitter.py
[2026-06-07T09:54:54.644+0700] {processor.py:925} INFO - DAG(s) 'dag_scraping_twitter' retrieved from /opt/airflow/dags/dag_scraping_twitter.py
[2026-06-07T09:54:54.671+0700] {logging_mixin.py:190} INFO - [2026-06-07T09:54:54.671+0700] {dag.py:3211} INFO - Sync 1 DAGs
[2026-06-07T09:54:54.697+0700] {logging_mixin.py:190} INFO - [2026-06-07T09:54:54.696+0700] {dag.py:4138} INFO - Setting next_dagrun for dag_scraping_twitter to 2026-06-06 23:00:00+00:00, run_after=2026-06-07 11:00:00+00:00
[2026-06-07T09:54:54.718+0700] {processor.py:208} INFO - Processing /opt/airflow/dags/dag_scraping_twitter.py took 0.108 seconds
[2026-06-07T09:55:25.076+0700] {processor.py:186} INFO - Started process (PID=39479) to work on /opt/airflow/dags/dag_scraping_twitter.py
[2026-06-07T09:55:25.077+0700] {processor.py:914} INFO - Processing file /opt/airflow/dags/dag_scraping_twitter.py for tasks to queue
[2026-06-07T09:55:25.079+0700] {logging_mixin.py:190} INFO - [2026-06-07T09:55:25.079+0700] {dagbag.py:587} INFO - Filling up the DagBag from /opt/airflow/dags/dag_scraping_twitter.py
[2026-06-07T09:55:25.096+0700] {processor.py:925} INFO - DAG(s) 'dag_scraping_twitter' retrieved from /opt/airflow/dags/dag_scraping_twitter.py
[2026-06-07T09:55:25.120+0700] {logging_mixin.py:190} INFO - [2026-06-07T09:55:25.120+0700] {dag.py:3211} INFO - Sync 1 DAGs
[2026-06-07T09:55:25.143+0700] {logging_mixin.py:190} INFO - [2026-06-07T09:55:25.142+0700] {dag.py:4138} INFO - Setting next_dagrun for dag_scraping_twitter to 2026-06-06 23:00:00+00:00, run_after=2026-06-07 11:00:00+00:00
[2026-06-07T09:55:25.164+0700] {processor.py:208} INFO - Processing /opt/airflow/dags/dag_scraping_twitter.py took 0.095 seconds
[2026-06-07T09:55:55.558+0700] {processor.py:186} INFO - Started process (PID=39507) to work on /opt/airflow/dags/dag_scraping_twitter.py
[2026-06-07T09:55:55.559+0700] {processor.py:914} INFO - Processing file /opt/airflow/dags/dag_scraping_twitter.py for tasks to queue
[2026-06-07T09:55:55.562+0700] {logging_mixin.py:190} INFO - [2026-06-07T09:55:55.561+0700] {dagbag.py:587} INFO - Filling up the DagBag from /opt/airflow/dags/dag_scraping_twitter.py
[2026-06-07T09:55:55.580+0700] {processor.py:925} INFO - DAG(s) 'dag_scraping_twitter' retrieved from /opt/airflow/dags/dag_scraping_twitter.py
[2026-06-07T09:55:55.607+0700] {logging_mixin.py:190} INFO - [2026-06-07T09:55:55.606+0700] {dag.py:3211} INFO - Sync 1 DAGs
[2026-06-07T09:55:55.628+0700] {logging_mixin.py:190} INFO - [2026-06-07T09:55:55.628+0700] {dag.py:4138} INFO - Setting next_dagrun for dag_scraping_twitter to 2026-06-06 23:00:00+00:00, run_after=2026-06-07 11:00:00+00:00
[2026-06-07T09:55:55.651+0700] {processor.py:208} INFO - Processing /opt/airflow/dags/dag_scraping_twitter.py took 0.102 seconds
[2026-06-07T09:56:26.035+0700] {processor.py:186} INFO - Started process (PID=39535) to work on /opt/airflow/dags/dag_scraping_twitter.py
[2026-06-07T09:56:26.036+0700] {processor.py:914} INFO - Processing file /opt/airflow/dags/dag_scraping_twitter.py for tasks to queue
[2026-06-07T09:56:26.038+0700] {logging_mixin.py:190} INFO - [2026-06-07T09:56:26.038+0700] {dagbag.py:587} INFO - Filling up the DagBag from /opt/airflow/dags/dag_scraping_twitter.py
[2026-06-07T09:56:26.056+0700] {processor.py:925} INFO - DAG(s) 'dag_scraping_twitter' retrieved from /opt/airflow/dags/dag_scraping_twitter.py
[2026-06-07T09:56:26.082+0700] {logging_mixin.py:190} INFO - [2026-06-07T09:56:26.081+0700] {dag.py:3211} INFO - Sync 1 DAGs
[2026-06-07T09:56:26.103+0700] {logging_mixin.py:190} INFO - [2026-06-07T09:56:26.103+0700] {dag.py:4138} INFO - Setting next_dagrun for dag_scraping_twitter to 2026-06-06 23:00:00+00:00, run_after=2026-06-07 11:00:00+00:00
[2026-06-07T09:56:26.123+0700] {processor.py:208} INFO - Processing /opt/airflow/dags/dag_scraping_twitter.py took 0.095 seconds
[2026-06-07T09:56:56.353+0700] {processor.py:186} INFO - Started process (PID=39563) to work on /opt/airflow/dags/dag_scraping_twitter.py
[2026-06-07T09:56:56.354+0700] {processor.py:914} INFO - Processing file /opt/airflow/dags/dag_scraping_twitter.py for tasks to queue
[2026-06-07T09:56:56.357+0700] {logging_mixin.py:190} INFO - [2026-06-07T09:56:56.356+0700] {dagbag.py:587} INFO - Filling up the DagBag from /opt/airflow/dags/dag_scraping_twitter.py
[2026-06-07T09:56:56.375+0700] {processor.py:925} INFO - DAG(s) 'dag_scraping_twitter' retrieved from /opt/airflow/dags/dag_scraping_twitter.py
[2026-06-07T09:56:56.401+0700] {logging_mixin.py:190} INFO - [2026-06-07T09:56:56.400+0700] {dag.py:3211} INFO - Sync 1 DAGs
[2026-06-07T09:56:56.422+0700] {logging_mixin.py:190} INFO - [2026-06-07T09:56:56.422+0700] {dag.py:4138} INFO - Setting next_dagrun for dag_scraping_twitter to 2026-06-06 23:00:00+00:00, run_after=2026-06-07 11:00:00+00:00
[2026-06-07T09:56:56.442+0700] {processor.py:208} INFO - Processing /opt/airflow/dags/dag_scraping_twitter.py took 0.095 seconds
[2026-06-07T09:57:26.746+0700] {processor.py:186} INFO - Started process (PID=39591) to work on /opt/airflow/dags/dag_scraping_twitter.py
[2026-06-07T09:57:26.747+0700] {processor.py:914} INFO - Processing file /opt/airflow/dags/dag_scraping_twitter.py for tasks to queue
[2026-06-07T09:57:26.749+0700] {logging_mixin.py:190} INFO - [2026-06-07T09:57:26.749+0700] {dagbag.py:587} INFO - Filling up the DagBag from /opt/airflow/dags/dag_scraping_twitter.py
[2026-06-07T09:57:26.768+0700] {processor.py:925} INFO - DAG(s) 'dag_scraping_twitter' retrieved from /opt/airflow/dags/dag_scraping_twitter.py
[2026-06-07T09:57:26.794+0700] {logging_mixin.py:190} INFO - [2026-06-07T09:57:26.794+0700] {dag.py:3211} INFO - Sync 1 DAGs
[2026-06-07T09:57:26.816+0700] {logging_mixin.py:190} INFO - [2026-06-07T09:57:26.816+0700] {dag.py:4138} INFO - Setting next_dagrun for dag_scraping_twitter to 2026-06-06 23:00:00+00:00, run_after=2026-06-07 11:00:00+00:00
[2026-06-07T09:57:26.837+0700] {processor.py:208} INFO - Processing /opt/airflow/dags/dag_scraping_twitter.py took 0.098 seconds
[2026-06-07T09:57:57.217+0700] {processor.py:186} INFO - Started process (PID=39619) to work on /opt/airflow/dags/dag_scraping_twitter.py
[2026-06-07T09:57:57.218+0700] {processor.py:914} INFO - Processing file /opt/airflow/dags/dag_scraping_twitter.py for tasks to queue
[2026-06-07T09:57:57.222+0700] {logging_mixin.py:190} INFO - [2026-06-07T09:57:57.221+0700] {dagbag.py:587} INFO - Filling up the DagBag from /opt/airflow/dags/dag_scraping_twitter.py
[2026-06-07T09:57:57.243+0700] {processor.py:925} INFO - DAG(s) 'dag_scraping_twitter' retrieved from /opt/airflow/dags/dag_scraping_twitter.py
[2026-06-07T09:57:57.271+0700] {logging_mixin.py:190} INFO - [2026-06-07T09:57:57.271+0700] {dag.py:3211} INFO - Sync 1 DAGs
[2026-06-07T09:57:57.297+0700] {logging_mixin.py:190} INFO - [2026-06-07T09:57:57.297+0700] {dag.py:4138} INFO - Setting next_dagrun for dag_scraping_twitter to 2026-06-06 23:00:00+00:00, run_after=2026-06-07 11:00:00+00:00
[2026-06-07T09:57:57.327+0700] {processor.py:208} INFO - Processing /opt/airflow/dags/dag_scraping_twitter.py took 0.118 seconds
[2026-06-07T09:58:27.625+0700] {processor.py:186} INFO - Started process (PID=39647) to work on /opt/airflow/dags/dag_scraping_twitter.py
[2026-06-07T09:58:27.626+0700] {processor.py:914} INFO - Processing file /opt/airflow/dags/dag_scraping_twitter.py for tasks to queue
[2026-06-07T09:58:27.629+0700] {logging_mixin.py:190} INFO - [2026-06-07T09:58:27.628+0700] {dagbag.py:587} INFO - Filling up the DagBag from /opt/airflow/dags/dag_scraping_twitter.py
[2026-06-07T09:58:27.646+0700] {processor.py:925} INFO - DAG(s) 'dag_scraping_twitter' retrieved from /opt/airflow/dags/dag_scraping_twitter.py
[2026-06-07T09:58:27.671+0700] {logging_mixin.py:190} INFO - [2026-06-07T09:58:27.671+0700] {dag.py:3211} INFO - Sync 1 DAGs
[2026-06-07T09:58:27.693+0700] {logging_mixin.py:190} INFO - [2026-06-07T09:58:27.692+0700] {dag.py:4138} INFO - Setting next_dagrun for dag_scraping_twitter to 2026-06-06 23:00:00+00:00, run_after=2026-06-07 11:00:00+00:00
[2026-06-07T09:58:27.713+0700] {processor.py:208} INFO - Processing /opt/airflow/dags/dag_scraping_twitter.py took 0.095 seconds
[2026-06-07T09:58:58.113+0700] {processor.py:186} INFO - Started process (PID=39675) to work on /opt/airflow/dags/dag_scraping_twitter.py
[2026-06-07T09:58:58.115+0700] {processor.py:914} INFO - Processing file /opt/airflow/dags/dag_scraping_twitter.py for tasks to queue
[2026-06-07T09:58:58.118+0700] {logging_mixin.py:190} INFO - [2026-06-07T09:58:58.118+0700] {dagbag.py:587} INFO - Filling up the DagBag from /opt/airflow/dags/dag_scraping_twitter.py
[2026-06-07T09:58:58.139+0700] {processor.py:925} INFO - DAG(s) 'dag_scraping_twitter' retrieved from /opt/airflow/dags/dag_scraping_twitter.py
[2026-06-07T09:58:58.166+0700] {logging_mixin.py:190} INFO - [2026-06-07T09:58:58.166+0700] {dag.py:3211} INFO - Sync 1 DAGs
[2026-06-07T09:58:58.195+0700] {logging_mixin.py:190} INFO - [2026-06-07T09:58:58.195+0700] {dag.py:4138} INFO - Setting next_dagrun for dag_scraping_twitter to 2026-06-06 23:00:00+00:00, run_after=2026-06-07 11:00:00+00:00
[2026-06-07T09:58:58.217+0700] {processor.py:208} INFO - Processing /opt/airflow/dags/dag_scraping_twitter.py took 0.111 seconds
[2026-06-07T09:59:28.494+0700] {processor.py:186} INFO - Started process (PID=39709) to work on /opt/airflow/dags/dag_scraping_twitter.py
[2026-06-07T09:59:28.495+0700] {processor.py:914} INFO - Processing file /opt/airflow/dags/dag_scraping_twitter.py for tasks to queue
[2026-06-07T09:59:28.498+0700] {logging_mixin.py:190} INFO - [2026-06-07T09:59:28.497+0700] {dagbag.py:587} INFO - Filling up the DagBag from /opt/airflow/dags/dag_scraping_twitter.py
[2026-06-07T09:59:28.522+0700] {processor.py:925} INFO - DAG(s) 'dag_scraping_twitter' retrieved from /opt/airflow/dags/dag_scraping_twitter.py
[2026-06-07T09:59:28.547+0700] {logging_mixin.py:190} INFO - [2026-06-07T09:59:28.546+0700] {dag.py:3211} INFO - Sync 1 DAGs
[2026-06-07T09:59:28.569+0700] {logging_mixin.py:190} INFO - [2026-06-07T09:59:28.568+0700] {dag.py:4138} INFO - Setting next_dagrun for dag_scraping_twitter to 2026-06-06 23:00:00+00:00, run_after=2026-06-07 11:00:00+00:00
[2026-06-07T09:59:28.589+0700] {processor.py:208} INFO - Processing /opt/airflow/dags/dag_scraping_twitter.py took 0.102 seconds
[2026-06-07T09:59:59.064+0700] {processor.py:186} INFO - Started process (PID=39737) to work on /opt/airflow/dags/dag_scraping_twitter.py
[2026-06-07T09:59:59.065+0700] {processor.py:914} INFO - Processing file /opt/airflow/dags/dag_scraping_twitter.py for tasks to queue
[2026-06-07T09:59:59.067+0700] {logging_mixin.py:190} INFO - [2026-06-07T09:59:59.067+0700] {dagbag.py:587} INFO - Filling up the DagBag from /opt/airflow/dags/dag_scraping_twitter.py
[2026-06-07T09:59:59.084+0700] {processor.py:925} INFO - DAG(s) 'dag_scraping_twitter' retrieved from /opt/airflow/dags/dag_scraping_twitter.py
[2026-06-07T09:59:59.109+0700] {logging_mixin.py:190} INFO - [2026-06-07T09:59:59.109+0700] {dag.py:3211} INFO - Sync 1 DAGs
[2026-06-07T09:59:59.133+0700] {logging_mixin.py:190} INFO - [2026-06-07T09:59:59.132+0700] {dag.py:4138} INFO - Setting next_dagrun for dag_scraping_twitter to 2026-06-06 23:00:00+00:00, run_after=2026-06-07 11:00:00+00:00
[2026-06-07T09:59:59.155+0700] {processor.py:208} INFO - Processing /opt/airflow/dags/dag_scraping_twitter.py took 0.099 seconds
[2026-06-07T10:00:29.432+0700] {processor.py:186} INFO - Started process (PID=39765) to work on /opt/airflow/dags/dag_scraping_twitter.py
[2026-06-07T10:00:29.433+0700] {processor.py:914} INFO - Processing file /opt/airflow/dags/dag_scraping_twitter.py for tasks to queue
[2026-06-07T10:00:29.436+0700] {logging_mixin.py:190} INFO - [2026-06-07T10:00:29.435+0700] {dagbag.py:587} INFO - Filling up the DagBag from /opt/airflow/dags/dag_scraping_twitter.py
[2026-06-07T10:00:29.454+0700] {processor.py:925} INFO - DAG(s) 'dag_scraping_twitter' retrieved from /opt/airflow/dags/dag_scraping_twitter.py
[2026-06-07T10:00:29.479+0700] {logging_mixin.py:190} INFO - [2026-06-07T10:00:29.478+0700] {dag.py:3211} INFO - Sync 1 DAGs
[2026-06-07T10:00:29.499+0700] {logging_mixin.py:190} INFO - [2026-06-07T10:00:29.499+0700] {dag.py:4138} INFO - Setting next_dagrun for dag_scraping_twitter to 2026-06-06 23:00:00+00:00, run_after=2026-06-07 11:00:00+00:00
[2026-06-07T10:00:29.518+0700] {processor.py:208} INFO - Processing /opt/airflow/dags/dag_scraping_twitter.py took 0.093 seconds
[2026-06-07T10:00:59.783+0700] {processor.py:186} INFO - Started process (PID=39793) to work on /opt/airflow/dags/dag_scraping_twitter.py
[2026-06-07T10:00:59.784+0700] {processor.py:914} INFO - Processing file /opt/airflow/dags/dag_scraping_twitter.py for tasks to queue
[2026-06-07T10:00:59.786+0700] {logging_mixin.py:190} INFO - [2026-06-07T10:00:59.786+0700] {dagbag.py:587} INFO - Filling up the DagBag from /opt/airflow/dags/dag_scraping_twitter.py
[2026-06-07T10:00:59.807+0700] {processor.py:925} INFO - DAG(s) 'dag_scraping_twitter' retrieved from /opt/airflow/dags/dag_scraping_twitter.py
[2026-06-07T10:00:59.832+0700] {logging_mixin.py:190} INFO - [2026-06-07T10:00:59.832+0700] {dag.py:3211} INFO - Sync 1 DAGs
[2026-06-07T10:00:59.855+0700] {logging_mixin.py:190} INFO - [2026-06-07T10:00:59.855+0700] {dag.py:4138} INFO - Setting next_dagrun for dag_scraping_twitter to 2026-06-06 23:00:00+00:00, run_after=2026-06-07 11:00:00+00:00
[2026-06-07T10:00:59.877+0700] {processor.py:208} INFO - Processing /opt/airflow/dags/dag_scraping_twitter.py took 0.101 seconds
[2026-06-07T10:01:30.613+0700] {processor.py:186} INFO - Started process (PID=39821) to work on /opt/airflow/dags/dag_scraping_twitter.py
[2026-06-07T10:01:30.614+0700] {processor.py:914} INFO - Processing file /opt/airflow/dags/dag_scraping_twitter.py for tasks to queue
[2026-06-07T10:01:30.616+0700] {logging_mixin.py:190} INFO - [2026-06-07T10:01:30.616+0700] {dagbag.py:587} INFO - Filling up the DagBag from /opt/airflow/dags/dag_scraping_twitter.py
[2026-06-07T10:01:30.635+0700] {processor.py:925} INFO - DAG(s) 'dag_scraping_twitter' retrieved from /opt/airflow/dags/dag_scraping_twitter.py
[2026-06-07T10:01:30.661+0700] {logging_mixin.py:190} INFO - [2026-06-07T10:01:30.660+0700] {dag.py:3211} INFO - Sync 1 DAGs
[2026-06-07T10:01:30.685+0700] {logging_mixin.py:190} INFO - [2026-06-07T10:01:30.685+0700] {dag.py:4138} INFO - Setting next_dagrun for dag_scraping_twitter to 2026-06-06 23:00:00+00:00, run_after=2026-06-07 11:00:00+00:00
[2026-06-07T10:01:30.706+0700] {processor.py:208} INFO - Processing /opt/airflow/dags/dag_scraping_twitter.py took 0.102 seconds
[2026-06-07T10:02:00.963+0700] {processor.py:186} INFO - Started process (PID=39850) to work on /opt/airflow/dags/dag_scraping_twitter.py
[2026-06-07T10:02:00.964+0700] {processor.py:914} INFO - Processing file /opt/airflow/dags/dag_scraping_twitter.py for tasks to queue
[2026-06-07T10:02:00.966+0700] {logging_mixin.py:190} INFO - [2026-06-07T10:02:00.966+0700] {dagbag.py:587} INFO - Filling up the DagBag from /opt/airflow/dags/dag_scraping_twitter.py
[2026-06-07T10:02:00.984+0700] {processor.py:925} INFO - DAG(s) 'dag_scraping_twitter' retrieved from /opt/airflow/dags/dag_scraping_twitter.py
[2026-06-07T10:02:01.011+0700] {logging_mixin.py:190} INFO - [2026-06-07T10:02:01.011+0700] {dag.py:3211} INFO - Sync 1 DAGs
[2026-06-07T10:02:01.034+0700] {logging_mixin.py:190} INFO - [2026-06-07T10:02:01.034+0700] {dag.py:4138} INFO - Setting next_dagrun for dag_scraping_twitter to 2026-06-06 23:00:00+00:00, run_after=2026-06-07 11:00:00+00:00
[2026-06-07T10:02:01.054+0700] {processor.py:208} INFO - Processing /opt/airflow/dags/dag_scraping_twitter.py took 0.097 seconds
[2026-06-07T10:02:31.417+0700] {processor.py:186} INFO - Started process (PID=39878) to work on /opt/airflow/dags/dag_scraping_twitter.py
[2026-06-07T10:02:31.418+0700] {processor.py:914} INFO - Processing file /opt/airflow/dags/dag_scraping_twitter.py for tasks to queue
[2026-06-07T10:02:31.421+0700] {logging_mixin.py:190} INFO - [2026-06-07T10:02:31.420+0700] {dagbag.py:587} INFO - Filling up the DagBag from /opt/airflow/dags/dag_scraping_twitter.py
[2026-06-07T10:02:31.437+0700] {processor.py:925} INFO - DAG(s) 'dag_scraping_twitter' retrieved from /opt/airflow/dags/dag_scraping_twitter.py
[2026-06-07T10:02:31.462+0700] {logging_mixin.py:190} INFO - [2026-06-07T10:02:31.462+0700] {dag.py:3211} INFO - Sync 1 DAGs
[2026-06-07T10:02:31.484+0700] {logging_mixin.py:190} INFO - [2026-06-07T10:02:31.484+0700] {dag.py:4138} INFO - Setting next_dagrun for dag_scraping_twitter to 2026-06-06 23:00:00+00:00, run_after=2026-06-07 11:00:00+00:00
[2026-06-07T10:02:31.505+0700] {processor.py:208} INFO - Processing /opt/airflow/dags/dag_scraping_twitter.py took 0.095 seconds
[2026-06-07T10:03:01.874+0700] {processor.py:186} INFO - Started process (PID=39906) to work on /opt/airflow/dags/dag_scraping_twitter.py
[2026-06-07T10:03:01.875+0700] {processor.py:914} INFO - Processing file /opt/airflow/dags/dag_scraping_twitter.py for tasks to queue
[2026-06-07T10:03:01.878+0700] {logging_mixin.py:190} INFO - [2026-06-07T10:03:01.878+0700] {dagbag.py:587} INFO - Filling up the DagBag from /opt/airflow/dags/dag_scraping_twitter.py
[2026-06-07T10:03:01.896+0700] {processor.py:925} INFO - DAG(s) 'dag_scraping_twitter' retrieved from /opt/airflow/dags/dag_scraping_twitter.py
[2026-06-07T10:03:01.922+0700] {logging_mixin.py:190} INFO - [2026-06-07T10:03:01.922+0700] {dag.py:3211} INFO - Sync 1 DAGs
[2026-06-07T10:03:01.943+0700] {logging_mixin.py:190} INFO - [2026-06-07T10:03:01.943+0700] {dag.py:4138} INFO - Setting next_dagrun for dag_scraping_twitter to 2026-06-06 23:00:00+00:00, run_after=2026-06-07 11:00:00+00:00
[2026-06-07T10:03:01.965+0700] {processor.py:208} INFO - Processing /opt/airflow/dags/dag_scraping_twitter.py took 0.097 seconds
[2026-06-07T10:03:32.619+0700] {processor.py:186} INFO - Started process (PID=39940) to work on /opt/airflow/dags/dag_scraping_twitter.py
[2026-06-07T10:03:32.620+0700] {processor.py:914} INFO - Processing file /opt/airflow/dags/dag_scraping_twitter.py for tasks to queue
[2026-06-07T10:03:32.622+0700] {logging_mixin.py:190} INFO - [2026-06-07T10:03:32.622+0700] {dagbag.py:587} INFO - Filling up the DagBag from /opt/airflow/dags/dag_scraping_twitter.py
[2026-06-07T10:03:32.639+0700] {processor.py:925} INFO - DAG(s) 'dag_scraping_twitter' retrieved from /opt/airflow/dags/dag_scraping_twitter.py
[2026-06-07T10:03:32.664+0700] {logging_mixin.py:190} INFO - [2026-06-07T10:03:32.664+0700] {dag.py:3211} INFO - Sync 1 DAGs
[2026-06-07T10:03:32.684+0700] {logging_mixin.py:190} INFO - [2026-06-07T10:03:32.684+0700] {dag.py:4138} INFO - Setting next_dagrun for dag_scraping_twitter to 2026-06-06 23:00:00+00:00, run_after=2026-06-07 11:00:00+00:00
[2026-06-07T10:03:32.711+0700] {processor.py:208} INFO - Processing /opt/airflow/dags/dag_scraping_twitter.py took 0.100 seconds
[2026-06-07T10:04:03.127+0700] {processor.py:186} INFO - Started process (PID=39968) to work on /opt/airflow/dags/dag_scraping_twitter.py
[2026-06-07T10:04:03.128+0700] {processor.py:914} INFO - Processing file /opt/airflow/dags/dag_scraping_twitter.py for tasks to queue
[2026-06-07T10:04:03.131+0700] {logging_mixin.py:190} INFO - [2026-06-07T10:04:03.130+0700] {dagbag.py:587} INFO - Filling up the DagBag from /opt/airflow/dags/dag_scraping_twitter.py
[2026-06-07T10:04:03.153+0700] {processor.py:925} INFO - DAG(s) 'dag_scraping_twitter' retrieved from /opt/airflow/dags/dag_scraping_twitter.py
[2026-06-07T10:04:03.183+0700] {logging_mixin.py:190} INFO - [2026-06-07T10:04:03.182+0700] {dag.py:3211} INFO - Sync 1 DAGs
[2026-06-07T10:04:03.211+0700] {logging_mixin.py:190} INFO - [2026-06-07T10:04:03.211+0700] {dag.py:4138} INFO - Setting next_dagrun for dag_scraping_twitter to 2026-06-06 23:00:00+00:00, run_after=2026-06-07 11:00:00+00:00
[2026-06-07T10:04:03.262+0700] {processor.py:208} INFO - Processing /opt/airflow/dags/dag_scraping_twitter.py took 0.142 seconds
[2026-06-07T10:04:33.520+0700] {processor.py:186} INFO - Started process (PID=39997) to work on /opt/airflow/dags/dag_scraping_twitter.py
[2026-06-07T10:04:33.531+0700] {processor.py:914} INFO - Processing file /opt/airflow/dags/dag_scraping_twitter.py for tasks to queue
[2026-06-07T10:04:33.543+0700] {logging_mixin.py:190} INFO - [2026-06-07T10:04:33.542+0700] {dagbag.py:587} INFO - Filling up the DagBag from /opt/airflow/dags/dag_scraping_twitter.py
[2026-06-07T10:04:33.626+0700] {processor.py:925} INFO - DAG(s) 'dag_scraping_twitter' retrieved from /opt/airflow/dags/dag_scraping_twitter.py
[2026-06-07T10:04:33.708+0700] {logging_mixin.py:190} INFO - [2026-06-07T10:04:33.708+0700] {dag.py:3211} INFO - Sync 1 DAGs
[2026-06-07T10:04:33.779+0700] {logging_mixin.py:190} INFO - [2026-06-07T10:04:33.778+0700] {dag.py:4138} INFO - Setting next_dagrun for dag_scraping_twitter to 2026-06-06 23:00:00+00:00, run_after=2026-06-07 11:00:00+00:00
[2026-06-07T10:04:33.867+0700] {processor.py:208} INFO - Processing /opt/airflow/dags/dag_scraping_twitter.py took 0.366 seconds
[2026-06-07T10:05:04.498+0700] {processor.py:186} INFO - Started process (PID=40026) to work on /opt/airflow/dags/dag_scraping_twitter.py
[2026-06-07T10:05:04.500+0700] {processor.py:914} INFO - Processing file /opt/airflow/dags/dag_scraping_twitter.py for tasks to queue
[2026-06-07T10:05:04.503+0700] {logging_mixin.py:190} INFO - [2026-06-07T10:05:04.503+0700] {dagbag.py:587} INFO - Filling up the DagBag from /opt/airflow/dags/dag_scraping_twitter.py
[2026-06-07T10:05:04.533+0700] {processor.py:925} INFO - DAG(s) 'dag_scraping_twitter' retrieved from /opt/airflow/dags/dag_scraping_twitter.py
[2026-06-07T10:05:04.566+0700] {logging_mixin.py:190} INFO - [2026-06-07T10:05:04.566+0700] {dag.py:3211} INFO - Sync 1 DAGs
[2026-06-07T10:05:04.603+0700] {logging_mixin.py:190} INFO - [2026-06-07T10:05:04.603+0700] {dag.py:4138} INFO - Setting next_dagrun for dag_scraping_twitter to 2026-06-06 23:00:00+00:00, run_after=2026-06-07 11:00:00+00:00
[2026-06-07T10:05:04.633+0700] {processor.py:208} INFO - Processing /opt/airflow/dags/dag_scraping_twitter.py took 0.143 seconds
[2026-06-07T10:05:35.071+0700] {processor.py:186} INFO - Started process (PID=40054) to work on /opt/airflow/dags/dag_scraping_twitter.py
[2026-06-07T10:05:35.072+0700] {processor.py:914} INFO - Processing file /opt/airflow/dags/dag_scraping_twitter.py for tasks to queue
[2026-06-07T10:05:35.075+0700] {logging_mixin.py:190} INFO - [2026-06-07T10:05:35.074+0700] {dagbag.py:587} INFO - Filling up the DagBag from /opt/airflow/dags/dag_scraping_twitter.py
[2026-06-07T10:05:35.097+0700] {processor.py:925} INFO - DAG(s) 'dag_scraping_twitter' retrieved from /opt/airflow/dags/dag_scraping_twitter.py
[2026-06-07T10:05:35.127+0700] {logging_mixin.py:190} INFO - [2026-06-07T10:05:35.126+0700] {dag.py:3211} INFO - Sync 1 DAGs
[2026-06-07T10:05:35.152+0700] {logging_mixin.py:190} INFO - [2026-06-07T10:05:35.152+0700] {dag.py:4138} INFO - Setting next_dagrun for dag_scraping_twitter to 2026-06-06 23:00:00+00:00, run_after=2026-06-07 11:00:00+00:00
[2026-06-07T10:05:35.177+0700] {processor.py:208} INFO - Processing /opt/airflow/dags/dag_scraping_twitter.py took 0.114 seconds
[2026-06-07T10:06:05.606+0700] {processor.py:186} INFO - Started process (PID=40082) to work on /opt/airflow/dags/dag_scraping_twitter.py
[2026-06-07T10:06:05.607+0700] {processor.py:914} INFO - Processing file /opt/airflow/dags/dag_scraping_twitter.py for tasks to queue
[2026-06-07T10:06:05.610+0700] {logging_mixin.py:190} INFO - [2026-06-07T10:06:05.610+0700] {dagbag.py:587} INFO - Filling up the DagBag from /opt/airflow/dags/dag_scraping_twitter.py
[2026-06-07T10:06:05.633+0700] {processor.py:925} INFO - DAG(s) 'dag_scraping_twitter' retrieved from /opt/airflow/dags/dag_scraping_twitter.py
[2026-06-07T10:06:05.658+0700] {logging_mixin.py:190} INFO - [2026-06-07T10:06:05.658+0700] {dag.py:3211} INFO - Sync 1 DAGs
[2026-06-07T10:06:05.684+0700] {logging_mixin.py:190} INFO - [2026-06-07T10:06:05.684+0700] {dag.py:4138} INFO - Setting next_dagrun for dag_scraping_twitter to 2026-06-06 23:00:00+00:00, run_after=2026-06-07 11:00:00+00:00
[2026-06-07T10:06:05.708+0700] {processor.py:208} INFO - Processing /opt/airflow/dags/dag_scraping_twitter.py took 0.110 seconds
[2026-06-07T10:06:36.102+0700] {processor.py:186} INFO - Started process (PID=40110) to work on /opt/airflow/dags/dag_scraping_twitter.py
[2026-06-07T10:06:36.103+0700] {processor.py:914} INFO - Processing file /opt/airflow/dags/dag_scraping_twitter.py for tasks to queue
[2026-06-07T10:06:36.106+0700] {logging_mixin.py:190} INFO - [2026-06-07T10:06:36.105+0700] {dagbag.py:587} INFO - Filling up the DagBag from /opt/airflow/dags/dag_scraping_twitter.py
[2026-06-07T10:06:36.126+0700] {processor.py:925} INFO - DAG(s) 'dag_scraping_twitter' retrieved from /opt/airflow/dags/dag_scraping_twitter.py
[2026-06-07T10:06:36.153+0700] {logging_mixin.py:190} INFO - [2026-06-07T10:06:36.153+0700] {dag.py:3211} INFO - Sync 1 DAGs
[2026-06-07T10:06:36.179+0700] {logging_mixin.py:190} INFO - [2026-06-07T10:06:36.179+0700] {dag.py:4138} INFO - Setting next_dagrun for dag_scraping_twitter to 2026-06-06 23:00:00+00:00, run_after=2026-06-07 11:00:00+00:00
[2026-06-07T10:06:36.199+0700] {processor.py:208} INFO - Processing /opt/airflow/dags/dag_scraping_twitter.py took 0.104 seconds
[2026-06-07T10:07:06.488+0700] {processor.py:186} INFO - Started process (PID=40138) to work on /opt/airflow/dags/dag_scraping_twitter.py
[2026-06-07T10:07:06.489+0700] {processor.py:914} INFO - Processing file /opt/airflow/dags/dag_scraping_twitter.py for tasks to queue
[2026-06-07T10:07:06.493+0700] {logging_mixin.py:190} INFO - [2026-06-07T10:07:06.492+0700] {dagbag.py:587} INFO - Filling up the DagBag from /opt/airflow/dags/dag_scraping_twitter.py
[2026-06-07T10:07:06.525+0700] {processor.py:925} INFO - DAG(s) 'dag_scraping_twitter' retrieved from /opt/airflow/dags/dag_scraping_twitter.py
[2026-06-07T10:07:06.566+0700] {logging_mixin.py:190} INFO - [2026-06-07T10:07:06.566+0700] {dag.py:3211} INFO - Sync 1 DAGs
[2026-06-07T10:07:06.599+0700] {logging_mixin.py:190} INFO - [2026-06-07T10:07:06.599+0700] {dag.py:4138} INFO - Setting next_dagrun for dag_scraping_twitter to 2026-06-06 23:00:00+00:00, run_after=2026-06-07 11:00:00+00:00
[2026-06-07T10:07:06.626+0700] {processor.py:208} INFO - Processing /opt/airflow/dags/dag_scraping_twitter.py took 0.147 seconds
[2026-06-07T10:07:36.901+0700] {processor.py:186} INFO - Started process (PID=40172) to work on /opt/airflow/dags/dag_scraping_twitter.py
[2026-06-07T10:07:36.903+0700] {processor.py:914} INFO - Processing file /opt/airflow/dags/dag_scraping_twitter.py for tasks to queue
[2026-06-07T10:07:36.906+0700] {logging_mixin.py:190} INFO - [2026-06-07T10:07:36.906+0700] {dagbag.py:587} INFO - Filling up the DagBag from /opt/airflow/dags/dag_scraping_twitter.py
[2026-06-07T10:07:36.929+0700] {processor.py:925} INFO - DAG(s) 'dag_scraping_twitter' retrieved from /opt/airflow/dags/dag_scraping_twitter.py
[2026-06-07T10:07:36.961+0700] {logging_mixin.py:190} INFO - [2026-06-07T10:07:36.961+0700] {dag.py:3211} INFO - Sync 1 DAGs
[2026-06-07T10:07:36.992+0700] {logging_mixin.py:190} INFO - [2026-06-07T10:07:36.992+0700] {dag.py:4138} INFO - Setting next_dagrun for dag_scraping_twitter to 2026-06-06 23:00:00+00:00, run_after=2026-06-07 11:00:00+00:00
[2026-06-07T10:07:37.020+0700] {processor.py:208} INFO - Processing /opt/airflow/dags/dag_scraping_twitter.py took 0.129 seconds
[2026-06-07T10:08:07.156+0700] {processor.py:186} INFO - Started process (PID=40200) to work on /opt/airflow/dags/dag_scraping_twitter.py
[2026-06-07T10:08:07.157+0700] {processor.py:914} INFO - Processing file /opt/airflow/dags/dag_scraping_twitter.py for tasks to queue
[2026-06-07T10:08:07.162+0700] {logging_mixin.py:190} INFO - [2026-06-07T10:08:07.162+0700] {dagbag.py:587} INFO - Filling up the DagBag from /opt/airflow/dags/dag_scraping_twitter.py
[2026-06-07T10:08:07.189+0700] {processor.py:925} INFO - DAG(s) 'dag_scraping_twitter' retrieved from /opt/airflow/dags/dag_scraping_twitter.py
[2026-06-07T10:08:07.225+0700] {logging_mixin.py:190} INFO - [2026-06-07T10:08:07.224+0700] {dag.py:3211} INFO - Sync 1 DAGs
[2026-06-07T10:08:07.256+0700] {logging_mixin.py:190} INFO - [2026-06-07T10:08:07.256+0700] {dag.py:4138} INFO - Setting next_dagrun for dag_scraping_twitter to 2026-06-06 23:00:00+00:00, run_after=2026-06-07 11:00:00+00:00
[2026-06-07T10:08:07.284+0700] {processor.py:208} INFO - Processing /opt/airflow/dags/dag_scraping_twitter.py took 0.136 seconds
[2026-06-07T10:08:37.988+0700] {processor.py:186} INFO - Started process (PID=40228) to work on /opt/airflow/dags/dag_scraping_twitter.py
[2026-06-07T10:08:37.993+0700] {processor.py:914} INFO - Processing file /opt/airflow/dags/dag_scraping_twitter.py for tasks to queue
[2026-06-07T10:08:37.996+0700] {logging_mixin.py:190} INFO - [2026-06-07T10:08:37.996+0700] {dagbag.py:587} INFO - Filling up the DagBag from /opt/airflow/dags/dag_scraping_twitter.py
[2026-06-07T10:08:38.018+0700] {processor.py:925} INFO - DAG(s) 'dag_scraping_twitter' retrieved from /opt/airflow/dags/dag_scraping_twitter.py
[2026-06-07T10:08:38.055+0700] {logging_mixin.py:190} INFO - [2026-06-07T10:08:38.055+0700] {dag.py:3211} INFO - Sync 1 DAGs
[2026-06-07T10:08:38.082+0700] {logging_mixin.py:190} INFO - [2026-06-07T10:08:38.082+0700] {dag.py:4138} INFO - Setting next_dagrun for dag_scraping_twitter to 2026-06-06 23:00:00+00:00, run_after=2026-06-07 11:00:00+00:00
[2026-06-07T10:08:38.109+0700] {processor.py:208} INFO - Processing /opt/airflow/dags/dag_scraping_twitter.py took 0.130 seconds
[2026-06-07T10:09:08.405+0700] {processor.py:186} INFO - Started process (PID=40256) to work on /opt/airflow/dags/dag_scraping_twitter.py
[2026-06-07T10:09:08.407+0700] {processor.py:914} INFO - Processing file /opt/airflow/dags/dag_scraping_twitter.py for tasks to queue
[2026-06-07T10:09:08.411+0700] {logging_mixin.py:190} INFO - [2026-06-07T10:09:08.410+0700] {dagbag.py:587} INFO - Filling up the DagBag from /opt/airflow/dags/dag_scraping_twitter.py
[2026-06-07T10:09:08.438+0700] {processor.py:925} INFO - DAG(s) 'dag_scraping_twitter' retrieved from /opt/airflow/dags/dag_scraping_twitter.py
[2026-06-07T10:09:08.469+0700] {logging_mixin.py:190} INFO - [2026-06-07T10:09:08.469+0700] {dag.py:3211} INFO - Sync 1 DAGs
[2026-06-07T10:09:08.500+0700] {logging_mixin.py:190} INFO - [2026-06-07T10:09:08.500+0700] {dag.py:4138} INFO - Setting next_dagrun for dag_scraping_twitter to 2026-06-06 23:00:00+00:00, run_after=2026-06-07 11:00:00+00:00
[2026-06-07T10:09:08.527+0700] {processor.py:208} INFO - Processing /opt/airflow/dags/dag_scraping_twitter.py took 0.131 seconds
[2026-06-07T10:09:39.198+0700] {processor.py:186} INFO - Started process (PID=40284) to work on /opt/airflow/dags/dag_scraping_twitter.py
[2026-06-07T10:09:39.200+0700] {processor.py:914} INFO - Processing file /opt/airflow/dags/dag_scraping_twitter.py for tasks to queue
[2026-06-07T10:09:39.205+0700] {logging_mixin.py:190} INFO - [2026-06-07T10:09:39.203+0700] {dagbag.py:587} INFO - Filling up the DagBag from /opt/airflow/dags/dag_scraping_twitter.py
[2026-06-07T10:09:39.250+0700] {processor.py:925} INFO - DAG(s) 'dag_scraping_twitter' retrieved from /opt/airflow/dags/dag_scraping_twitter.py
[2026-06-07T10:09:39.310+0700] {logging_mixin.py:190} INFO - [2026-06-07T10:09:39.309+0700] {dag.py:3211} INFO - Sync 1 DAGs
[2026-06-07T10:09:39.369+0700] {logging_mixin.py:190} INFO - [2026-06-07T10:09:39.369+0700] {dag.py:4138} INFO - Setting next_dagrun for dag_scraping_twitter to 2026-06-06 23:00:00+00:00, run_after=2026-06-07 11:00:00+00:00
[2026-06-07T10:09:39.424+0700] {processor.py:208} INFO - Processing /opt/airflow/dags/dag_scraping_twitter.py took 0.245 seconds
[2026-06-07T10:10:09.758+0700] {processor.py:186} INFO - Started process (PID=40312) to work on /opt/airflow/dags/dag_scraping_twitter.py
[2026-06-07T10:10:09.761+0700] {processor.py:914} INFO - Processing file /opt/airflow/dags/dag_scraping_twitter.py for tasks to queue
[2026-06-07T10:10:09.767+0700] {logging_mixin.py:190} INFO - [2026-06-07T10:10:09.766+0700] {dagbag.py:587} INFO - Filling up the DagBag from /opt/airflow/dags/dag_scraping_twitter.py
[2026-06-07T10:10:09.809+0700] {processor.py:925} INFO - DAG(s) 'dag_scraping_twitter' retrieved from /opt/airflow/dags/dag_scraping_twitter.py
[2026-06-07T10:10:09.851+0700] {logging_mixin.py:190} INFO - [2026-06-07T10:10:09.851+0700] {dag.py:3211} INFO - Sync 1 DAGs
[2026-06-07T10:10:09.893+0700] {logging_mixin.py:190} INFO - [2026-06-07T10:10:09.893+0700] {dag.py:4138} INFO - Setting next_dagrun for dag_scraping_twitter to 2026-06-06 23:00:00+00:00, run_after=2026-06-07 11:00:00+00:00
[2026-06-07T10:10:09.933+0700] {processor.py:208} INFO - Processing /opt/airflow/dags/dag_scraping_twitter.py took 0.186 seconds
[2026-06-07T10:10:40.283+0700] {processor.py:186} INFO - Started process (PID=40340) to work on /opt/airflow/dags/dag_scraping_twitter.py
[2026-06-07T10:10:40.284+0700] {processor.py:914} INFO - Processing file /opt/airflow/dags/dag_scraping_twitter.py for tasks to queue
[2026-06-07T10:10:40.289+0700] {logging_mixin.py:190} INFO - [2026-06-07T10:10:40.288+0700] {dagbag.py:587} INFO - Filling up the DagBag from /opt/airflow/dags/dag_scraping_twitter.py
[2026-06-07T10:10:40.323+0700] {processor.py:925} INFO - DAG(s) 'dag_scraping_twitter' retrieved from /opt/airflow/dags/dag_scraping_twitter.py
[2026-06-07T10:10:40.364+0700] {logging_mixin.py:190} INFO - [2026-06-07T10:10:40.363+0700] {dag.py:3211} INFO - Sync 1 DAGs
[2026-06-07T10:10:40.396+0700] {logging_mixin.py:190} INFO - [2026-06-07T10:10:40.395+0700] {dag.py:4138} INFO - Setting next_dagrun for dag_scraping_twitter to 2026-06-06 23:00:00+00:00, run_after=2026-06-07 11:00:00+00:00
[2026-06-07T10:10:40.424+0700] {processor.py:208} INFO - Processing /opt/airflow/dags/dag_scraping_twitter.py took 0.150 seconds
[2026-06-07T10:11:10.794+0700] {processor.py:186} INFO - Started process (PID=40368) to work on /opt/airflow/dags/dag_scraping_twitter.py
[2026-06-07T10:11:10.795+0700] {processor.py:914} INFO - Processing file /opt/airflow/dags/dag_scraping_twitter.py for tasks to queue
[2026-06-07T10:11:10.797+0700] {logging_mixin.py:190} INFO - [2026-06-07T10:11:10.797+0700] {dagbag.py:587} INFO - Filling up the DagBag from /opt/airflow/dags/dag_scraping_twitter.py
[2026-06-07T10:11:10.817+0700] {processor.py:925} INFO - DAG(s) 'dag_scraping_twitter' retrieved from /opt/airflow/dags/dag_scraping_twitter.py
[2026-06-07T10:11:10.846+0700] {logging_mixin.py:190} INFO - [2026-06-07T10:11:10.846+0700] {dag.py:3211} INFO - Sync 1 DAGs
[2026-06-07T10:11:10.880+0700] {logging_mixin.py:190} INFO - [2026-06-07T10:11:10.878+0700] {dag.py:4138} INFO - Setting next_dagrun for dag_scraping_twitter to 2026-06-06 23:00:00+00:00, run_after=2026-06-07 11:00:00+00:00
[2026-06-07T10:11:10.913+0700] {processor.py:208} INFO - Processing /opt/airflow/dags/dag_scraping_twitter.py took 0.128 seconds
[2026-06-07T10:11:41.155+0700] {processor.py:186} INFO - Started process (PID=40396) to work on /opt/airflow/dags/dag_scraping_twitter.py
[2026-06-07T10:11:41.156+0700] {processor.py:914} INFO - Processing file /opt/airflow/dags/dag_scraping_twitter.py for tasks to queue
[2026-06-07T10:11:41.160+0700] {logging_mixin.py:190} INFO - [2026-06-07T10:11:41.159+0700] {dagbag.py:587} INFO - Filling up the DagBag from /opt/airflow/dags/dag_scraping_twitter.py
[2026-06-07T10:11:41.179+0700] {processor.py:925} INFO - DAG(s) 'dag_scraping_twitter' retrieved from /opt/airflow/dags/dag_scraping_twitter.py
[2026-06-07T10:11:41.223+0700] {logging_mixin.py:190} INFO - [2026-06-07T10:11:41.223+0700] {dag.py:3211} INFO - Sync 1 DAGs
[2026-06-07T10:11:41.265+0700] {logging_mixin.py:190} INFO - [2026-06-07T10:11:41.264+0700] {dag.py:4138} INFO - Setting next_dagrun for dag_scraping_twitter to 2026-06-06 23:00:00+00:00, run_after=2026-06-07 11:00:00+00:00
[2026-06-07T10:11:41.300+0700] {processor.py:208} INFO - Processing /opt/airflow/dags/dag_scraping_twitter.py took 0.151 seconds
[2026-06-07T10:12:12.126+0700] {processor.py:186} INFO - Started process (PID=40430) to work on /opt/airflow/dags/dag_scraping_twitter.py
[2026-06-07T10:12:12.128+0700] {processor.py:914} INFO - Processing file /opt/airflow/dags/dag_scraping_twitter.py for tasks to queue
[2026-06-07T10:12:12.131+0700] {logging_mixin.py:190} INFO - [2026-06-07T10:12:12.130+0700] {dagbag.py:587} INFO - Filling up the DagBag from /opt/airflow/dags/dag_scraping_twitter.py
[2026-06-07T10:12:12.150+0700] {processor.py:925} INFO - DAG(s) 'dag_scraping_twitter' retrieved from /opt/airflow/dags/dag_scraping_twitter.py
[2026-06-07T10:12:12.179+0700] {logging_mixin.py:190} INFO - [2026-06-07T10:12:12.179+0700] {dag.py:3211} INFO - Sync 1 DAGs
[2026-06-07T10:12:12.205+0700] {logging_mixin.py:190} INFO - [2026-06-07T10:12:12.205+0700] {dag.py:4138} INFO - Setting next_dagrun for dag_scraping_twitter to 2026-06-06 23:00:00+00:00, run_after=2026-06-07 11:00:00+00:00
[2026-06-07T10:12:12.227+0700] {processor.py:208} INFO - Processing /opt/airflow/dags/dag_scraping_twitter.py took 0.108 seconds
[2026-06-07T10:12:42.693+0700] {processor.py:186} INFO - Started process (PID=40459) to work on /opt/airflow/dags/dag_scraping_twitter.py
[2026-06-07T10:12:42.694+0700] {processor.py:914} INFO - Processing file /opt/airflow/dags/dag_scraping_twitter.py for tasks to queue
[2026-06-07T10:12:42.697+0700] {logging_mixin.py:190} INFO - [2026-06-07T10:12:42.696+0700] {dagbag.py:587} INFO - Filling up the DagBag from /opt/airflow/dags/dag_scraping_twitter.py
[2026-06-07T10:12:42.720+0700] {processor.py:925} INFO - DAG(s) 'dag_scraping_twitter' retrieved from /opt/airflow/dags/dag_scraping_twitter.py
[2026-06-07T10:12:42.749+0700] {logging_mixin.py:190} INFO - [2026-06-07T10:12:42.748+0700] {dag.py:3211} INFO - Sync 1 DAGs
[2026-06-07T10:12:42.781+0700] {logging_mixin.py:190} INFO - [2026-06-07T10:12:42.780+0700] {dag.py:4138} INFO - Setting next_dagrun for dag_scraping_twitter to 2026-06-06 23:00:00+00:00, run_after=2026-06-07 11:00:00+00:00
[2026-06-07T10:12:42.804+0700] {processor.py:208} INFO - Processing /opt/airflow/dags/dag_scraping_twitter.py took 0.117 seconds
[2026-06-07T10:13:13.153+0700] {processor.py:186} INFO - Started process (PID=40487) to work on /opt/airflow/dags/dag_scraping_twitter.py
[2026-06-07T10:13:13.155+0700] {processor.py:914} INFO - Processing file /opt/airflow/dags/dag_scraping_twitter.py for tasks to queue
[2026-06-07T10:13:13.158+0700] {logging_mixin.py:190} INFO - [2026-06-07T10:13:13.158+0700] {dagbag.py:587} INFO - Filling up the DagBag from /opt/airflow/dags/dag_scraping_twitter.py
[2026-06-07T10:13:13.178+0700] {processor.py:925} INFO - DAG(s) 'dag_scraping_twitter' retrieved from /opt/airflow/dags/dag_scraping_twitter.py
[2026-06-07T10:13:13.210+0700] {logging_mixin.py:190} INFO - [2026-06-07T10:13:13.210+0700] {dag.py:3211} INFO - Sync 1 DAGs
[2026-06-07T10:13:13.233+0700] {logging_mixin.py:190} INFO - [2026-06-07T10:13:13.233+0700] {dag.py:4138} INFO - Setting next_dagrun for dag_scraping_twitter to 2026-06-06 23:00:00+00:00, run_after=2026-06-07 11:00:00+00:00
[2026-06-07T10:13:13.257+0700] {processor.py:208} INFO - Processing /opt/airflow/dags/dag_scraping_twitter.py took 0.111 seconds
[2026-06-07T10:13:44.236+0700] {processor.py:186} INFO - Started process (PID=40515) to work on /opt/airflow/dags/dag_scraping_twitter.py
[2026-06-07T10:13:44.237+0700] {processor.py:914} INFO - Processing file /opt/airflow/dags/dag_scraping_twitter.py for tasks to queue
[2026-06-07T10:13:44.240+0700] {logging_mixin.py:190} INFO - [2026-06-07T10:13:44.239+0700] {dagbag.py:587} INFO - Filling up the DagBag from /opt/airflow/dags/dag_scraping_twitter.py
[2026-06-07T10:13:44.262+0700] {processor.py:925} INFO - DAG(s) 'dag_scraping_twitter' retrieved from /opt/airflow/dags/dag_scraping_twitter.py
[2026-06-07T10:13:44.289+0700] {logging_mixin.py:190} INFO - [2026-06-07T10:13:44.289+0700] {dag.py:3211} INFO - Sync 1 DAGs
[2026-06-07T10:13:44.316+0700] {logging_mixin.py:190} INFO - [2026-06-07T10:13:44.316+0700] {dag.py:4138} INFO - Setting next_dagrun for dag_scraping_twitter to 2026-06-06 23:00:00+00:00, run_after=2026-06-07 11:00:00+00:00
[2026-06-07T10:13:44.339+0700] {processor.py:208} INFO - Processing /opt/airflow/dags/dag_scraping_twitter.py took 0.110 seconds
[2026-06-07T10:14:14.962+0700] {processor.py:186} INFO - Started process (PID=40543) to work on /opt/airflow/dags/dag_scraping_twitter.py
[2026-06-07T10:14:14.964+0700] {processor.py:914} INFO - Processing file /opt/airflow/dags/dag_scraping_twitter.py for tasks to queue
[2026-06-07T10:14:14.968+0700] {logging_mixin.py:190} INFO - [2026-06-07T10:14:14.967+0700] {dagbag.py:587} INFO - Filling up the DagBag from /opt/airflow/dags/dag_scraping_twitter.py
[2026-06-07T10:14:14.996+0700] {processor.py:925} INFO - DAG(s) 'dag_scraping_twitter' retrieved from /opt/airflow/dags/dag_scraping_twitter.py
[2026-06-07T10:14:15.031+0700] {logging_mixin.py:190} INFO - [2026-06-07T10:14:15.031+0700] {dag.py:3211} INFO - Sync 1 DAGs
[2026-06-07T10:14:15.072+0700] {logging_mixin.py:190} INFO - [2026-06-07T10:14:15.071+0700] {dag.py:4138} INFO - Setting next_dagrun for dag_scraping_twitter to 2026-06-06 23:00:00+00:00, run_after=2026-06-07 11:00:00+00:00
[2026-06-07T10:14:15.113+0700] {processor.py:208} INFO - Processing /opt/airflow/dags/dag_scraping_twitter.py took 0.161 seconds
[2026-06-07T10:14:45.749+0700] {processor.py:186} INFO - Started process (PID=40571) to work on /opt/airflow/dags/dag_scraping_twitter.py
[2026-06-07T10:14:45.750+0700] {processor.py:914} INFO - Processing file /opt/airflow/dags/dag_scraping_twitter.py for tasks to queue
[2026-06-07T10:14:45.757+0700] {logging_mixin.py:190} INFO - [2026-06-07T10:14:45.757+0700] {dagbag.py:587} INFO - Filling up the DagBag from /opt/airflow/dags/dag_scraping_twitter.py
[2026-06-07T10:14:45.780+0700] {processor.py:925} INFO - DAG(s) 'dag_scraping_twitter' retrieved from /opt/airflow/dags/dag_scraping_twitter.py
[2026-06-07T10:14:45.811+0700] {logging_mixin.py:190} INFO - [2026-06-07T10:14:45.811+0700] {dag.py:3211} INFO - Sync 1 DAGs
[2026-06-07T10:14:45.837+0700] {logging_mixin.py:190} INFO - [2026-06-07T10:14:45.837+0700] {dag.py:4138} INFO - Setting next_dagrun for dag_scraping_twitter to 2026-06-06 23:00:00+00:00, run_after=2026-06-07 11:00:00+00:00
[2026-06-07T10:14:45.864+0700] {processor.py:208} INFO - Processing /opt/airflow/dags/dag_scraping_twitter.py took 0.126 seconds
[2026-06-07T10:15:16.550+0700] {processor.py:186} INFO - Started process (PID=40606) to work on /opt/airflow/dags/dag_scraping_twitter.py
[2026-06-07T10:15:16.551+0700] {processor.py:914} INFO - Processing file /opt/airflow/dags/dag_scraping_twitter.py for tasks to queue
[2026-06-07T10:15:16.554+0700] {logging_mixin.py:190} INFO - [2026-06-07T10:15:16.554+0700] {dagbag.py:587} INFO - Filling up the DagBag from /opt/airflow/dags/dag_scraping_twitter.py
[2026-06-07T10:15:16.577+0700] {processor.py:925} INFO - DAG(s) 'dag_scraping_twitter' retrieved from /opt/airflow/dags/dag_scraping_twitter.py
[2026-06-07T10:15:16.607+0700] {logging_mixin.py:190} INFO - [2026-06-07T10:15:16.607+0700] {dag.py:3211} INFO - Sync 1 DAGs
[2026-06-07T10:15:16.646+0700] {logging_mixin.py:190} INFO - [2026-06-07T10:15:16.645+0700] {dag.py:4138} INFO - Setting next_dagrun for dag_scraping_twitter to 2026-06-06 23:00:00+00:00, run_after=2026-06-07 11:00:00+00:00
[2026-06-07T10:15:16.679+0700] {processor.py:208} INFO - Processing /opt/airflow/dags/dag_scraping_twitter.py took 0.136 seconds
[2026-06-07T10:15:47.142+0700] {processor.py:186} INFO - Started process (PID=40634) to work on /opt/airflow/dags/dag_scraping_twitter.py
[2026-06-07T10:15:47.143+0700] {processor.py:914} INFO - Processing file /opt/airflow/dags/dag_scraping_twitter.py for tasks to queue
[2026-06-07T10:15:47.146+0700] {logging_mixin.py:190} INFO - [2026-06-07T10:15:47.146+0700] {dagbag.py:587} INFO - Filling up the DagBag from /opt/airflow/dags/dag_scraping_twitter.py
[2026-06-07T10:15:47.167+0700] {processor.py:925} INFO - DAG(s) 'dag_scraping_twitter' retrieved from /opt/airflow/dags/dag_scraping_twitter.py
[2026-06-07T10:15:47.194+0700] {logging_mixin.py:190} INFO - [2026-06-07T10:15:47.193+0700] {dag.py:3211} INFO - Sync 1 DAGs
[2026-06-07T10:15:47.219+0700] {logging_mixin.py:190} INFO - [2026-06-07T10:15:47.219+0700] {dag.py:4138} INFO - Setting next_dagrun for dag_scraping_twitter to 2026-06-06 23:00:00+00:00, run_after=2026-06-07 11:00:00+00:00
[2026-06-07T10:15:47.247+0700] {processor.py:208} INFO - Processing /opt/airflow/dags/dag_scraping_twitter.py took 0.112 seconds
[2026-06-07T10:16:17.538+0700] {processor.py:186} INFO - Started process (PID=40662) to work on /opt/airflow/dags/dag_scraping_twitter.py
[2026-06-07T10:16:17.539+0700] {processor.py:914} INFO - Processing file /opt/airflow/dags/dag_scraping_twitter.py for tasks to queue
[2026-06-07T10:16:17.541+0700] {logging_mixin.py:190} INFO - [2026-06-07T10:16:17.541+0700] {dagbag.py:587} INFO - Filling up the DagBag from /opt/airflow/dags/dag_scraping_twitter.py
[2026-06-07T10:16:17.566+0700] {processor.py:925} INFO - DAG(s) 'dag_scraping_twitter' retrieved from /opt/airflow/dags/dag_scraping_twitter.py
[2026-06-07T10:16:17.593+0700] {logging_mixin.py:190} INFO - [2026-06-07T10:16:17.592+0700] {dag.py:3211} INFO - Sync 1 DAGs
[2026-06-07T10:16:17.620+0700] {logging_mixin.py:190} INFO - [2026-06-07T10:16:17.619+0700] {dag.py:4138} INFO - Setting next_dagrun for dag_scraping_twitter to 2026-06-06 23:00:00+00:00, run_after=2026-06-07 11:00:00+00:00
[2026-06-07T10:16:17.644+0700] {processor.py:208} INFO - Processing /opt/airflow/dags/dag_scraping_twitter.py took 0.113 seconds
[2026-06-07T10:16:48.394+0700] {processor.py:186} INFO - Started process (PID=40690) to work on /opt/airflow/dags/dag_scraping_twitter.py
[2026-06-07T10:16:48.395+0700] {processor.py:914} INFO - Processing file /opt/airflow/dags/dag_scraping_twitter.py for tasks to queue
[2026-06-07T10:16:48.398+0700] {logging_mixin.py:190} INFO - [2026-06-07T10:16:48.398+0700] {dagbag.py:587} INFO - Filling up the DagBag from /opt/airflow/dags/dag_scraping_twitter.py
[2026-06-07T10:16:48.420+0700] {processor.py:925} INFO - DAG(s) 'dag_scraping_twitter' retrieved from /opt/airflow/dags/dag_scraping_twitter.py
[2026-06-07T10:16:48.448+0700] {logging_mixin.py:190} INFO - [2026-06-07T10:16:48.448+0700] {dag.py:3211} INFO - Sync 1 DAGs
[2026-06-07T10:16:48.473+0700] {logging_mixin.py:190} INFO - [2026-06-07T10:16:48.473+0700] {dag.py:4138} INFO - Setting next_dagrun for dag_scraping_twitter to 2026-06-06 23:00:00+00:00, run_after=2026-06-07 11:00:00+00:00
[2026-06-07T10:16:48.498+0700] {processor.py:208} INFO - Processing /opt/airflow/dags/dag_scraping_twitter.py took 0.110 seconds
[2026-06-07T10:17:19.174+0700] {processor.py:186} INFO - Started process (PID=40718) to work on /opt/airflow/dags/dag_scraping_twitter.py
[2026-06-07T10:17:19.176+0700] {processor.py:914} INFO - Processing file /opt/airflow/dags/dag_scraping_twitter.py for tasks to queue
[2026-06-07T10:17:19.178+0700] {logging_mixin.py:190} INFO - [2026-06-07T10:17:19.178+0700] {dagbag.py:587} INFO - Filling up the DagBag from /opt/airflow/dags/dag_scraping_twitter.py
[2026-06-07T10:17:19.201+0700] {processor.py:925} INFO - DAG(s) 'dag_scraping_twitter' retrieved from /opt/airflow/dags/dag_scraping_twitter.py
[2026-06-07T10:17:19.229+0700] {logging_mixin.py:190} INFO - [2026-06-07T10:17:19.228+0700] {dag.py:3211} INFO - Sync 1 DAGs
[2026-06-07T10:17:19.257+0700] {logging_mixin.py:190} INFO - [2026-06-07T10:17:19.257+0700] {dag.py:4138} INFO - Setting next_dagrun for dag_scraping_twitter to 2026-06-06 23:00:00+00:00, run_after=2026-06-07 11:00:00+00:00
[2026-06-07T10:17:19.279+0700] {processor.py:208} INFO - Processing /opt/airflow/dags/dag_scraping_twitter.py took 0.115 seconds
[2026-06-07T10:17:50.175+0700] {processor.py:186} INFO - Started process (PID=40746) to work on /opt/airflow/dags/dag_scraping_twitter.py
[2026-06-07T10:17:50.178+0700] {processor.py:914} INFO - Processing file /opt/airflow/dags/dag_scraping_twitter.py for tasks to queue
[2026-06-07T10:17:50.182+0700] {logging_mixin.py:190} INFO - [2026-06-07T10:17:50.182+0700] {dagbag.py:587} INFO - Filling up the DagBag from /opt/airflow/dags/dag_scraping_twitter.py
[2026-06-07T10:17:50.204+0700] {processor.py:925} INFO - DAG(s) 'dag_scraping_twitter' retrieved from /opt/airflow/dags/dag_scraping_twitter.py
[2026-06-07T10:17:50.233+0700] {logging_mixin.py:190} INFO - [2026-06-07T10:17:50.233+0700] {dag.py:3211} INFO - Sync 1 DAGs
[2026-06-07T10:17:50.262+0700] {logging_mixin.py:190} INFO - [2026-06-07T10:17:50.262+0700] {dag.py:4138} INFO - Setting next_dagrun for dag_scraping_twitter to 2026-06-06 23:00:00+00:00, run_after=2026-06-07 11:00:00+00:00
[2026-06-07T10:17:50.284+0700] {processor.py:208} INFO - Processing /opt/airflow/dags/dag_scraping_twitter.py took 0.116 seconds
[2026-06-07T10:18:20.763+0700] {processor.py:186} INFO - Started process (PID=40775) to work on /opt/airflow/dags/dag_scraping_twitter.py
[2026-06-07T10:18:20.764+0700] {processor.py:914} INFO - Processing file /opt/airflow/dags/dag_scraping_twitter.py for tasks to queue
[2026-06-07T10:18:20.767+0700] {logging_mixin.py:190} INFO - [2026-06-07T10:18:20.766+0700] {dagbag.py:587} INFO - Filling up the DagBag from /opt/airflow/dags/dag_scraping_twitter.py
[2026-06-07T10:18:20.791+0700] {processor.py:925} INFO - DAG(s) 'dag_scraping_twitter' retrieved from /opt/airflow/dags/dag_scraping_twitter.py
[2026-06-07T10:18:20.819+0700] {logging_mixin.py:190} INFO - [2026-06-07T10:18:20.818+0700] {dag.py:3211} INFO - Sync 1 DAGs
[2026-06-07T10:18:20.845+0700] {logging_mixin.py:190} INFO - [2026-06-07T10:18:20.845+0700] {dag.py:4138} INFO - Setting next_dagrun for dag_scraping_twitter to 2026-06-06 23:00:00+00:00, run_after=2026-06-07 11:00:00+00:00
[2026-06-07T10:18:20.868+0700] {processor.py:208} INFO - Processing /opt/airflow/dags/dag_scraping_twitter.py took 0.114 seconds
[2026-06-07T10:18:51.439+0700] {processor.py:186} INFO - Started process (PID=40809) to work on /opt/airflow/dags/dag_scraping_twitter.py
[2026-06-07T10:18:51.442+0700] {processor.py:914} INFO - Processing file /opt/airflow/dags/dag_scraping_twitter.py for tasks to queue
[2026-06-07T10:18:51.446+0700] {logging_mixin.py:190} INFO - [2026-06-07T10:18:51.445+0700] {dagbag.py:587} INFO - Filling up the DagBag from /opt/airflow/dags/dag_scraping_twitter.py
[2026-06-07T10:18:51.469+0700] {processor.py:925} INFO - DAG(s) 'dag_scraping_twitter' retrieved from /opt/airflow/dags/dag_scraping_twitter.py
[2026-06-07T10:18:51.498+0700] {logging_mixin.py:190} INFO - [2026-06-07T10:18:51.498+0700] {dag.py:3211} INFO - Sync 1 DAGs
[2026-06-07T10:18:51.523+0700] {logging_mixin.py:190} INFO - [2026-06-07T10:18:51.523+0700] {dag.py:4138} INFO - Setting next_dagrun for dag_scraping_twitter to 2026-06-06 23:00:00+00:00, run_after=2026-06-07 11:00:00+00:00
[2026-06-07T10:18:51.549+0700] {processor.py:208} INFO - Processing /opt/airflow/dags/dag_scraping_twitter.py took 0.119 seconds
[2026-06-07T10:19:21.961+0700] {processor.py:186} INFO - Started process (PID=40837) to work on /opt/airflow/dags/dag_scraping_twitter.py
[2026-06-07T10:19:21.962+0700] {processor.py:914} INFO - Processing file /opt/airflow/dags/dag_scraping_twitter.py for tasks to queue
[2026-06-07T10:19:21.965+0700] {logging_mixin.py:190} INFO - [2026-06-07T10:19:21.965+0700] {dagbag.py:587} INFO - Filling up the DagBag from /opt/airflow/dags/dag_scraping_twitter.py
[2026-06-07T10:19:21.992+0700] {processor.py:925} INFO - DAG(s) 'dag_scraping_twitter' retrieved from /opt/airflow/dags/dag_scraping_twitter.py
[2026-06-07T10:19:22.028+0700] {logging_mixin.py:190} INFO - [2026-06-07T10:19:22.027+0700] {dag.py:3211} INFO - Sync 1 DAGs
[2026-06-07T10:19:22.058+0700] {logging_mixin.py:190} INFO - [2026-06-07T10:19:22.058+0700] {dag.py:4138} INFO - Setting next_dagrun for dag_scraping_twitter to 2026-06-06 23:00:00+00:00, run_after=2026-06-07 11:00:00+00:00
[2026-06-07T10:19:22.080+0700] {processor.py:208} INFO - Processing /opt/airflow/dags/dag_scraping_twitter.py took 0.129 seconds
[2026-06-07T10:19:52.573+0700] {processor.py:186} INFO - Started process (PID=40865) to work on /opt/airflow/dags/dag_scraping_twitter.py
[2026-06-07T10:19:52.574+0700] {processor.py:914} INFO - Processing file /opt/airflow/dags/dag_scraping_twitter.py for tasks to queue
[2026-06-07T10:19:52.577+0700] {logging_mixin.py:190} INFO - [2026-06-07T10:19:52.577+0700] {dagbag.py:587} INFO - Filling up the DagBag from /opt/airflow/dags/dag_scraping_twitter.py
[2026-06-07T10:19:52.596+0700] {processor.py:925} INFO - DAG(s) 'dag_scraping_twitter' retrieved from /opt/airflow/dags/dag_scraping_twitter.py
[2026-06-07T10:19:52.628+0700] {logging_mixin.py:190} INFO - [2026-06-07T10:19:52.627+0700] {dag.py:3211} INFO - Sync 1 DAGs
[2026-06-07T10:19:52.655+0700] {logging_mixin.py:190} INFO - [2026-06-07T10:19:52.655+0700] {dag.py:4138} INFO - Setting next_dagrun for dag_scraping_twitter to 2026-06-06 23:00:00+00:00, run_after=2026-06-07 11:00:00+00:00
[2026-06-07T10:19:52.684+0700] {processor.py:208} INFO - Processing /opt/airflow/dags/dag_scraping_twitter.py took 0.119 seconds
[2026-06-07T10:20:23.171+0700] {processor.py:186} INFO - Started process (PID=40893) to work on /opt/airflow/dags/dag_scraping_twitter.py
[2026-06-07T10:20:23.172+0700] {processor.py:914} INFO - Processing file /opt/airflow/dags/dag_scraping_twitter.py for tasks to queue
[2026-06-07T10:20:23.175+0700] {logging_mixin.py:190} INFO - [2026-06-07T10:20:23.175+0700] {dagbag.py:587} INFO - Filling up the DagBag from /opt/airflow/dags/dag_scraping_twitter.py
[2026-06-07T10:20:23.198+0700] {processor.py:925} INFO - DAG(s) 'dag_scraping_twitter' retrieved from /opt/airflow/dags/dag_scraping_twitter.py
[2026-06-07T10:20:23.228+0700] {logging_mixin.py:190} INFO - [2026-06-07T10:20:23.228+0700] {dag.py:3211} INFO - Sync 1 DAGs
[2026-06-07T10:20:23.256+0700] {logging_mixin.py:190} INFO - [2026-06-07T10:20:23.256+0700] {dag.py:4138} INFO - Setting next_dagrun for dag_scraping_twitter to 2026-06-06 23:00:00+00:00, run_after=2026-06-07 11:00:00+00:00
[2026-06-07T10:20:23.320+0700] {processor.py:208} INFO - Processing /opt/airflow/dags/dag_scraping_twitter.py took 0.159 seconds
[2026-06-07T10:20:53.722+0700] {processor.py:186} INFO - Started process (PID=40921) to work on /opt/airflow/dags/dag_scraping_twitter.py
[2026-06-07T10:20:53.723+0700] {processor.py:914} INFO - Processing file /opt/airflow/dags/dag_scraping_twitter.py for tasks to queue
[2026-06-07T10:20:53.726+0700] {logging_mixin.py:190} INFO - [2026-06-07T10:20:53.725+0700] {dagbag.py:587} INFO - Filling up the DagBag from /opt/airflow/dags/dag_scraping_twitter.py
[2026-06-07T10:20:53.747+0700] {processor.py:925} INFO - DAG(s) 'dag_scraping_twitter' retrieved from /opt/airflow/dags/dag_scraping_twitter.py
[2026-06-07T10:20:53.778+0700] {logging_mixin.py:190} INFO - [2026-06-07T10:20:53.778+0700] {dag.py:3211} INFO - Sync 1 DAGs
[2026-06-07T10:20:53.813+0700] {logging_mixin.py:190} INFO - [2026-06-07T10:20:53.813+0700] {dag.py:4138} INFO - Setting next_dagrun for dag_scraping_twitter to 2026-06-06 23:00:00+00:00, run_after=2026-06-07 11:00:00+00:00
[2026-06-07T10:20:53.868+0700] {processor.py:208} INFO - Processing /opt/airflow/dags/dag_scraping_twitter.py took 0.155 seconds
[2026-06-07T10:21:24.380+0700] {processor.py:186} INFO - Started process (PID=40949) to work on /opt/airflow/dags/dag_scraping_twitter.py
[2026-06-07T10:21:24.381+0700] {processor.py:914} INFO - Processing file /opt/airflow/dags/dag_scraping_twitter.py for tasks to queue
[2026-06-07T10:21:24.385+0700] {logging_mixin.py:190} INFO - [2026-06-07T10:21:24.384+0700] {dagbag.py:587} INFO - Filling up the DagBag from /opt/airflow/dags/dag_scraping_twitter.py
[2026-06-07T10:21:24.410+0700] {processor.py:925} INFO - DAG(s) 'dag_scraping_twitter' retrieved from /opt/airflow/dags/dag_scraping_twitter.py
[2026-06-07T10:21:24.440+0700] {logging_mixin.py:190} INFO - [2026-06-07T10:21:24.440+0700] {dag.py:3211} INFO - Sync 1 DAGs
[2026-06-07T10:21:24.466+0700] {logging_mixin.py:190} INFO - [2026-06-07T10:21:24.465+0700] {dag.py:4138} INFO - Setting next_dagrun for dag_scraping_twitter to 2026-06-06 23:00:00+00:00, run_after=2026-06-07 11:00:00+00:00
[2026-06-07T10:21:24.487+0700] {processor.py:208} INFO - Processing /opt/airflow/dags/dag_scraping_twitter.py took 0.116 seconds
[2026-06-07T10:21:54.997+0700] {processor.py:186} INFO - Started process (PID=40977) to work on /opt/airflow/dags/dag_scraping_twitter.py
[2026-06-07T10:21:54.998+0700] {processor.py:914} INFO - Processing file /opt/airflow/dags/dag_scraping_twitter.py for tasks to queue
[2026-06-07T10:21:55.001+0700] {logging_mixin.py:190} INFO - [2026-06-07T10:21:55.000+0700] {dagbag.py:587} INFO - Filling up the DagBag from /opt/airflow/dags/dag_scraping_twitter.py
[2026-06-07T10:21:55.021+0700] {processor.py:925} INFO - DAG(s) 'dag_scraping_twitter' retrieved from /opt/airflow/dags/dag_scraping_twitter.py
[2026-06-07T10:21:55.050+0700] {logging_mixin.py:190} INFO - [2026-06-07T10:21:55.050+0700] {dag.py:3211} INFO - Sync 1 DAGs
[2026-06-07T10:21:55.081+0700] {logging_mixin.py:190} INFO - [2026-06-07T10:21:55.081+0700] {dag.py:4138} INFO - Setting next_dagrun for dag_scraping_twitter to 2026-06-06 23:00:00+00:00, run_after=2026-06-07 11:00:00+00:00
[2026-06-07T10:21:55.104+0700] {processor.py:208} INFO - Processing /opt/airflow/dags/dag_scraping_twitter.py took 0.116 seconds
[2026-06-07T10:22:25.564+0700] {processor.py:186} INFO - Started process (PID=41011) to work on /opt/airflow/dags/dag_scraping_twitter.py
[2026-06-07T10:22:25.565+0700] {processor.py:914} INFO - Processing file /opt/airflow/dags/dag_scraping_twitter.py for tasks to queue
[2026-06-07T10:22:25.569+0700] {logging_mixin.py:190} INFO - [2026-06-07T10:22:25.569+0700] {dagbag.py:587} INFO - Filling up the DagBag from /opt/airflow/dags/dag_scraping_twitter.py
[2026-06-07T10:22:25.593+0700] {processor.py:925} INFO - DAG(s) 'dag_scraping_twitter' retrieved from /opt/airflow/dags/dag_scraping_twitter.py
[2026-06-07T10:22:25.626+0700] {logging_mixin.py:190} INFO - [2026-06-07T10:22:25.625+0700] {dag.py:3211} INFO - Sync 1 DAGs
[2026-06-07T10:22:25.651+0700] {logging_mixin.py:190} INFO - [2026-06-07T10:22:25.651+0700] {dag.py:4138} INFO - Setting next_dagrun for dag_scraping_twitter to 2026-06-06 23:00:00+00:00, run_after=2026-06-07 11:00:00+00:00
[2026-06-07T10:22:25.671+0700] {processor.py:208} INFO - Processing /opt/airflow/dags/dag_scraping_twitter.py took 0.116 seconds
[2026-06-07T10:22:56.107+0700] {processor.py:186} INFO - Started process (PID=41039) to work on /opt/airflow/dags/dag_scraping_twitter.py
[2026-06-07T10:22:56.109+0700] {processor.py:914} INFO - Processing file /opt/airflow/dags/dag_scraping_twitter.py for tasks to queue
[2026-06-07T10:22:56.114+0700] {logging_mixin.py:190} INFO - [2026-06-07T10:22:56.113+0700] {dagbag.py:587} INFO - Filling up the DagBag from /opt/airflow/dags/dag_scraping_twitter.py
[2026-06-07T10:22:56.135+0700] {processor.py:925} INFO - DAG(s) 'dag_scraping_twitter' retrieved from /opt/airflow/dags/dag_scraping_twitter.py
[2026-06-07T10:22:56.163+0700] {logging_mixin.py:190} INFO - [2026-06-07T10:22:56.162+0700] {dag.py:3211} INFO - Sync 1 DAGs
[2026-06-07T10:22:56.191+0700] {logging_mixin.py:190} INFO - [2026-06-07T10:22:56.190+0700] {dag.py:4138} INFO - Setting next_dagrun for dag_scraping_twitter to 2026-06-06 23:00:00+00:00, run_after=2026-06-07 11:00:00+00:00
[2026-06-07T10:22:56.215+0700] {processor.py:208} INFO - Processing /opt/airflow/dags/dag_scraping_twitter.py took 0.116 seconds
[2026-06-07T10:24:01.891+0700] {processor.py:186} INFO - Started process (PID=41061) to work on /opt/airflow/dags/dag_scraping_twitter.py
[2026-06-07T10:24:01.894+0700] {processor.py:914} INFO - Processing file /opt/airflow/dags/dag_scraping_twitter.py for tasks to queue
[2026-06-07T10:24:01.907+0700] {logging_mixin.py:190} INFO - [2026-06-07T10:24:01.906+0700] {dagbag.py:587} INFO - Filling up the DagBag from /opt/airflow/dags/dag_scraping_twitter.py
[2026-06-07T10:24:01.960+0700] {processor.py:925} INFO - DAG(s) 'dag_scraping_twitter' retrieved from /opt/airflow/dags/dag_scraping_twitter.py
[2026-06-07T10:24:02.032+0700] {logging_mixin.py:190} INFO - [2026-06-07T10:24:02.031+0700] {dag.py:3211} INFO - Sync 1 DAGs
[2026-06-07T10:24:02.146+0700] {logging_mixin.py:190} INFO - [2026-06-07T10:24:02.145+0700] {dag.py:4138} INFO - Setting next_dagrun for dag_scraping_twitter to 2026-06-06 23:00:00+00:00, run_after=2026-06-07 11:00:00+00:00
[2026-06-07T10:24:02.210+0700] {processor.py:208} INFO - Processing /opt/airflow/dags/dag_scraping_twitter.py took 0.333 seconds
[2026-06-07T10:24:32.864+0700] {processor.py:186} INFO - Started process (PID=41095) to work on /opt/airflow/dags/dag_scraping_twitter.py
[2026-06-07T10:24:32.866+0700] {processor.py:914} INFO - Processing file /opt/airflow/dags/dag_scraping_twitter.py for tasks to queue
[2026-06-07T10:24:32.872+0700] {logging_mixin.py:190} INFO - [2026-06-07T10:24:32.872+0700] {dagbag.py:587} INFO - Filling up the DagBag from /opt/airflow/dags/dag_scraping_twitter.py
[2026-06-07T10:24:32.898+0700] {processor.py:925} INFO - DAG(s) 'dag_scraping_twitter' retrieved from /opt/airflow/dags/dag_scraping_twitter.py
[2026-06-07T10:24:32.928+0700] {logging_mixin.py:190} INFO - [2026-06-07T10:24:32.927+0700] {dag.py:3211} INFO - Sync 1 DAGs
[2026-06-07T10:24:32.953+0700] {logging_mixin.py:190} INFO - [2026-06-07T10:24:32.953+0700] {dag.py:4138} INFO - Setting next_dagrun for dag_scraping_twitter to 2026-06-06 23:00:00+00:00, run_after=2026-06-07 11:00:00+00:00
[2026-06-07T10:24:32.977+0700] {processor.py:208} INFO - Processing /opt/airflow/dags/dag_scraping_twitter.py took 0.123 seconds
[2026-06-07T10:25:03.772+0700] {processor.py:186} INFO - Started process (PID=41123) to work on /opt/airflow/dags/dag_scraping_twitter.py
[2026-06-07T10:25:03.773+0700] {processor.py:914} INFO - Processing file /opt/airflow/dags/dag_scraping_twitter.py for tasks to queue
[2026-06-07T10:25:03.776+0700] {logging_mixin.py:190} INFO - [2026-06-07T10:25:03.776+0700] {dagbag.py:587} INFO - Filling up the DagBag from /opt/airflow/dags/dag_scraping_twitter.py
[2026-06-07T10:25:03.802+0700] {processor.py:925} INFO - DAG(s) 'dag_scraping_twitter' retrieved from /opt/airflow/dags/dag_scraping_twitter.py
[2026-06-07T10:25:03.837+0700] {logging_mixin.py:190} INFO - [2026-06-07T10:25:03.836+0700] {dag.py:3211} INFO - Sync 1 DAGs
[2026-06-07T10:25:03.865+0700] {logging_mixin.py:190} INFO - [2026-06-07T10:25:03.865+0700] {dag.py:4138} INFO - Setting next_dagrun for dag_scraping_twitter to 2026-06-06 23:00:00+00:00, run_after=2026-06-07 11:00:00+00:00
[2026-06-07T10:25:03.886+0700] {processor.py:208} INFO - Processing /opt/airflow/dags/dag_scraping_twitter.py took 0.122 seconds
[2026-06-07T10:25:34.745+0700] {processor.py:186} INFO - Started process (PID=41150) to work on /opt/airflow/dags/dag_scraping_twitter.py
[2026-06-07T10:25:34.746+0700] {processor.py:914} INFO - Processing file /opt/airflow/dags/dag_scraping_twitter.py for tasks to queue
[2026-06-07T10:25:34.749+0700] {logging_mixin.py:190} INFO - [2026-06-07T10:25:34.749+0700] {dagbag.py:587} INFO - Filling up the DagBag from /opt/airflow/dags/dag_scraping_twitter.py
[2026-06-07T10:25:34.774+0700] {processor.py:925} INFO - DAG(s) 'dag_scraping_twitter' retrieved from /opt/airflow/dags/dag_scraping_twitter.py
[2026-06-07T10:25:34.805+0700] {logging_mixin.py:190} INFO - [2026-06-07T10:25:34.805+0700] {dag.py:3211} INFO - Sync 1 DAGs
[2026-06-07T10:25:34.834+0700] {logging_mixin.py:190} INFO - [2026-06-07T10:25:34.834+0700] {dag.py:4138} INFO - Setting next_dagrun for dag_scraping_twitter to 2026-06-06 23:00:00+00:00, run_after=2026-06-07 11:00:00+00:00
[2026-06-07T10:25:34.858+0700] {processor.py:208} INFO - Processing /opt/airflow/dags/dag_scraping_twitter.py took 0.121 seconds
[2026-06-07T10:26:05.113+0700] {processor.py:186} INFO - Started process (PID=41179) to work on /opt/airflow/dags/dag_scraping_twitter.py
[2026-06-07T10:26:05.115+0700] {processor.py:914} INFO - Processing file /opt/airflow/dags/dag_scraping_twitter.py for tasks to queue
[2026-06-07T10:26:05.119+0700] {logging_mixin.py:190} INFO - [2026-06-07T10:26:05.119+0700] {dagbag.py:587} INFO - Filling up the DagBag from /opt/airflow/dags/dag_scraping_twitter.py
[2026-06-07T10:26:05.149+0700] {processor.py:925} INFO - DAG(s) 'dag_scraping_twitter' retrieved from /opt/airflow/dags/dag_scraping_twitter.py
[2026-06-07T10:26:05.184+0700] {logging_mixin.py:190} INFO - [2026-06-07T10:26:05.183+0700] {dag.py:3211} INFO - Sync 1 DAGs
[2026-06-07T10:26:05.211+0700] {logging_mixin.py:190} INFO - [2026-06-07T10:26:05.211+0700] {dag.py:4138} INFO - Setting next_dagrun for dag_scraping_twitter to 2026-06-06 23:00:00+00:00, run_after=2026-06-07 11:00:00+00:00
[2026-06-07T10:26:05.234+0700] {processor.py:208} INFO - Processing /opt/airflow/dags/dag_scraping_twitter.py took 0.128 seconds
[2026-06-07T10:26:35.295+0700] {processor.py:186} INFO - Started process (PID=41207) to work on /opt/airflow/dags/dag_scraping_twitter.py
[2026-06-07T10:26:35.296+0700] {processor.py:914} INFO - Processing file /opt/airflow/dags/dag_scraping_twitter.py for tasks to queue
[2026-06-07T10:26:35.302+0700] {logging_mixin.py:190} INFO - [2026-06-07T10:26:35.301+0700] {dagbag.py:587} INFO - Filling up the DagBag from /opt/airflow/dags/dag_scraping_twitter.py
[2026-06-07T10:26:35.325+0700] {processor.py:925} INFO - DAG(s) 'dag_scraping_twitter' retrieved from /opt/airflow/dags/dag_scraping_twitter.py
[2026-06-07T10:26:35.359+0700] {logging_mixin.py:190} INFO - [2026-06-07T10:26:35.359+0700] {dag.py:3211} INFO - Sync 1 DAGs
[2026-06-07T10:26:35.390+0700] {logging_mixin.py:190} INFO - [2026-06-07T10:26:35.389+0700] {dag.py:4138} INFO - Setting next_dagrun for dag_scraping_twitter to 2026-06-06 23:00:00+00:00, run_after=2026-06-07 11:00:00+00:00
[2026-06-07T10:26:35.419+0700] {processor.py:208} INFO - Processing /opt/airflow/dags/dag_scraping_twitter.py took 0.132 seconds
[2026-06-07T10:27:05.699+0700] {processor.py:186} INFO - Started process (PID=41235) to work on /opt/airflow/dags/dag_scraping_twitter.py
[2026-06-07T10:27:05.701+0700] {processor.py:914} INFO - Processing file /opt/airflow/dags/dag_scraping_twitter.py for tasks to queue
[2026-06-07T10:27:05.704+0700] {logging_mixin.py:190} INFO - [2026-06-07T10:27:05.703+0700] {dagbag.py:587} INFO - Filling up the DagBag from /opt/airflow/dags/dag_scraping_twitter.py
[2026-06-07T10:27:05.726+0700] {processor.py:925} INFO - DAG(s) 'dag_scraping_twitter' retrieved from /opt/airflow/dags/dag_scraping_twitter.py
[2026-06-07T10:27:05.763+0700] {logging_mixin.py:190} INFO - [2026-06-07T10:27:05.763+0700] {dag.py:3211} INFO - Sync 1 DAGs
[2026-06-07T10:27:05.794+0700] {logging_mixin.py:190} INFO - [2026-06-07T10:27:05.794+0700] {dag.py:4138} INFO - Setting next_dagrun for dag_scraping_twitter to 2026-06-06 23:00:00+00:00, run_after=2026-06-07 11:00:00+00:00
[2026-06-07T10:27:05.820+0700] {processor.py:208} INFO - Processing /opt/airflow/dags/dag_scraping_twitter.py took 0.128 seconds
[2026-06-07T10:27:36.304+0700] {processor.py:186} INFO - Started process (PID=41263) to work on /opt/airflow/dags/dag_scraping_twitter.py
[2026-06-07T10:27:36.305+0700] {processor.py:914} INFO - Processing file /opt/airflow/dags/dag_scraping_twitter.py for tasks to queue
[2026-06-07T10:27:36.311+0700] {logging_mixin.py:190} INFO - [2026-06-07T10:27:36.310+0700] {dagbag.py:587} INFO - Filling up the DagBag from /opt/airflow/dags/dag_scraping_twitter.py
[2026-06-07T10:27:36.337+0700] {processor.py:925} INFO - DAG(s) 'dag_scraping_twitter' retrieved from /opt/airflow/dags/dag_scraping_twitter.py
[2026-06-07T10:27:36.371+0700] {logging_mixin.py:190} INFO - [2026-06-07T10:27:36.371+0700] {dag.py:3211} INFO - Sync 1 DAGs
[2026-06-07T10:27:36.400+0700] {logging_mixin.py:190} INFO - [2026-06-07T10:27:36.399+0700] {dag.py:4138} INFO - Setting next_dagrun for dag_scraping_twitter to 2026-06-06 23:00:00+00:00, run_after=2026-06-07 11:00:00+00:00
[2026-06-07T10:27:36.427+0700] {processor.py:208} INFO - Processing /opt/airflow/dags/dag_scraping_twitter.py took 0.132 seconds
[2026-06-07T10:28:07.228+0700] {processor.py:186} INFO - Started process (PID=41291) to work on /opt/airflow/dags/dag_scraping_twitter.py
[2026-06-07T10:28:07.230+0700] {processor.py:914} INFO - Processing file /opt/airflow/dags/dag_scraping_twitter.py for tasks to queue
[2026-06-07T10:28:07.232+0700] {logging_mixin.py:190} INFO - [2026-06-07T10:28:07.232+0700] {dagbag.py:587} INFO - Filling up the DagBag from /opt/airflow/dags/dag_scraping_twitter.py
[2026-06-07T10:28:07.257+0700] {processor.py:925} INFO - DAG(s) 'dag_scraping_twitter' retrieved from /opt/airflow/dags/dag_scraping_twitter.py
[2026-06-07T10:28:07.288+0700] {logging_mixin.py:190} INFO - [2026-06-07T10:28:07.288+0700] {dag.py:3211} INFO - Sync 1 DAGs
[2026-06-07T10:28:07.318+0700] {logging_mixin.py:190} INFO - [2026-06-07T10:28:07.318+0700] {dag.py:4138} INFO - Setting next_dagrun for dag_scraping_twitter to 2026-06-06 23:00:00+00:00, run_after=2026-06-07 11:00:00+00:00
[2026-06-07T10:28:07.343+0700] {processor.py:208} INFO - Processing /opt/airflow/dags/dag_scraping_twitter.py took 0.122 seconds
[2026-06-07T10:28:37.558+0700] {processor.py:186} INFO - Started process (PID=41325) to work on /opt/airflow/dags/dag_scraping_twitter.py
[2026-06-07T10:28:37.559+0700] {processor.py:914} INFO - Processing file /opt/airflow/dags/dag_scraping_twitter.py for tasks to queue
[2026-06-07T10:28:37.562+0700] {logging_mixin.py:190} INFO - [2026-06-07T10:28:37.562+0700] {dagbag.py:587} INFO - Filling up the DagBag from /opt/airflow/dags/dag_scraping_twitter.py
[2026-06-07T10:28:37.590+0700] {processor.py:925} INFO - DAG(s) 'dag_scraping_twitter' retrieved from /opt/airflow/dags/dag_scraping_twitter.py
[2026-06-07T10:28:37.626+0700] {logging_mixin.py:190} INFO - [2026-06-07T10:28:37.626+0700] {dag.py:3211} INFO - Sync 1 DAGs
[2026-06-07T10:28:37.654+0700] {logging_mixin.py:190} INFO - [2026-06-07T10:28:37.654+0700] {dag.py:4138} INFO - Setting next_dagrun for dag_scraping_twitter to 2026-06-06 23:00:00+00:00, run_after=2026-06-07 11:00:00+00:00
[2026-06-07T10:28:37.680+0700] {processor.py:208} INFO - Processing /opt/airflow/dags/dag_scraping_twitter.py took 0.129 seconds
[2026-06-07T10:29:08.441+0700] {processor.py:186} INFO - Started process (PID=41353) to work on /opt/airflow/dags/dag_scraping_twitter.py
[2026-06-07T10:29:08.442+0700] {processor.py:914} INFO - Processing file /opt/airflow/dags/dag_scraping_twitter.py for tasks to queue
[2026-06-07T10:29:08.445+0700] {logging_mixin.py:190} INFO - [2026-06-07T10:29:08.444+0700] {dagbag.py:587} INFO - Filling up the DagBag from /opt/airflow/dags/dag_scraping_twitter.py
[2026-06-07T10:29:08.462+0700] {processor.py:925} INFO - DAG(s) 'dag_scraping_twitter' retrieved from /opt/airflow/dags/dag_scraping_twitter.py
[2026-06-07T10:29:08.491+0700] {logging_mixin.py:190} INFO - [2026-06-07T10:29:08.491+0700] {dag.py:3211} INFO - Sync 1 DAGs
[2026-06-07T10:29:08.517+0700] {logging_mixin.py:190} INFO - [2026-06-07T10:29:08.517+0700] {dag.py:4138} INFO - Setting next_dagrun for dag_scraping_twitter to 2026-06-06 23:00:00+00:00, run_after=2026-06-07 11:00:00+00:00
[2026-06-07T10:29:08.540+0700] {processor.py:208} INFO - Processing /opt/airflow/dags/dag_scraping_twitter.py took 0.107 seconds
[2026-06-07T10:29:39.507+0700] {processor.py:186} INFO - Started process (PID=41382) to work on /opt/airflow/dags/dag_scraping_twitter.py
[2026-06-07T10:29:39.509+0700] {processor.py:914} INFO - Processing file /opt/airflow/dags/dag_scraping_twitter.py for tasks to queue
[2026-06-07T10:29:39.511+0700] {logging_mixin.py:190} INFO - [2026-06-07T10:29:39.511+0700] {dagbag.py:587} INFO - Filling up the DagBag from /opt/airflow/dags/dag_scraping_twitter.py
[2026-06-07T10:29:39.529+0700] {processor.py:925} INFO - DAG(s) 'dag_scraping_twitter' retrieved from /opt/airflow/dags/dag_scraping_twitter.py
[2026-06-07T10:29:39.564+0700] {logging_mixin.py:190} INFO - [2026-06-07T10:29:39.564+0700] {dag.py:3211} INFO - Sync 1 DAGs
[2026-06-07T10:29:39.597+0700] {logging_mixin.py:190} INFO - [2026-06-07T10:29:39.597+0700] {dag.py:4138} INFO - Setting next_dagrun for dag_scraping_twitter to 2026-06-06 23:00:00+00:00, run_after=2026-06-07 11:00:00+00:00
[2026-06-07T10:29:39.622+0700] {processor.py:208} INFO - Processing /opt/airflow/dags/dag_scraping_twitter.py took 0.123 seconds
[2026-06-07T10:30:10.688+0700] {processor.py:186} INFO - Started process (PID=41410) to work on /opt/airflow/dags/dag_scraping_twitter.py
[2026-06-07T10:30:10.690+0700] {processor.py:914} INFO - Processing file /opt/airflow/dags/dag_scraping_twitter.py for tasks to queue
[2026-06-07T10:30:10.693+0700] {logging_mixin.py:190} INFO - [2026-06-07T10:30:10.693+0700] {dagbag.py:587} INFO - Filling up the DagBag from /opt/airflow/dags/dag_scraping_twitter.py
[2026-06-07T10:30:10.719+0700] {processor.py:925} INFO - DAG(s) 'dag_scraping_twitter' retrieved from /opt/airflow/dags/dag_scraping_twitter.py
[2026-06-07T10:30:10.752+0700] {logging_mixin.py:190} INFO - [2026-06-07T10:30:10.751+0700] {dag.py:3211} INFO - Sync 1 DAGs
[2026-06-07T10:30:10.779+0700] {logging_mixin.py:190} INFO - [2026-06-07T10:30:10.779+0700] {dag.py:4138} INFO - Setting next_dagrun for dag_scraping_twitter to 2026-06-06 23:00:00+00:00, run_after=2026-06-07 11:00:00+00:00
[2026-06-07T10:30:10.802+0700] {processor.py:208} INFO - Processing /opt/airflow/dags/dag_scraping_twitter.py took 0.124 seconds
[2026-06-07T10:30:41.161+0700] {processor.py:186} INFO - Started process (PID=41437) to work on /opt/airflow/dags/dag_scraping_twitter.py
[2026-06-07T10:30:41.162+0700] {processor.py:914} INFO - Processing file /opt/airflow/dags/dag_scraping_twitter.py for tasks to queue
[2026-06-07T10:30:41.164+0700] {logging_mixin.py:190} INFO - [2026-06-07T10:30:41.164+0700] {dagbag.py:587} INFO - Filling up the DagBag from /opt/airflow/dags/dag_scraping_twitter.py
[2026-06-07T10:30:41.184+0700] {processor.py:925} INFO - DAG(s) 'dag_scraping_twitter' retrieved from /opt/airflow/dags/dag_scraping_twitter.py
[2026-06-07T10:30:41.213+0700] {logging_mixin.py:190} INFO - [2026-06-07T10:30:41.213+0700] {dag.py:3211} INFO - Sync 1 DAGs
[2026-06-07T10:30:41.237+0700] {logging_mixin.py:190} INFO - [2026-06-07T10:30:41.237+0700] {dag.py:4138} INFO - Setting next_dagrun for dag_scraping_twitter to 2026-06-06 23:00:00+00:00, run_after=2026-06-07 11:00:00+00:00
[2026-06-07T10:30:41.261+0700] {processor.py:208} INFO - Processing /opt/airflow/dags/dag_scraping_twitter.py took 0.107 seconds
[2026-06-07T10:31:11.708+0700] {processor.py:186} INFO - Started process (PID=41466) to work on /opt/airflow/dags/dag_scraping_twitter.py
[2026-06-07T10:31:11.709+0700] {processor.py:914} INFO - Processing file /opt/airflow/dags/dag_scraping_twitter.py for tasks to queue
[2026-06-07T10:31:11.713+0700] {logging_mixin.py:190} INFO - [2026-06-07T10:31:11.712+0700] {dagbag.py:587} INFO - Filling up the DagBag from /opt/airflow/dags/dag_scraping_twitter.py
[2026-06-07T10:31:11.734+0700] {processor.py:925} INFO - DAG(s) 'dag_scraping_twitter' retrieved from /opt/airflow/dags/dag_scraping_twitter.py
[2026-06-07T10:31:11.766+0700] {logging_mixin.py:190} INFO - [2026-06-07T10:31:11.766+0700] {dag.py:3211} INFO - Sync 1 DAGs
[2026-06-07T10:31:11.794+0700] {logging_mixin.py:190} INFO - [2026-06-07T10:31:11.793+0700] {dag.py:4138} INFO - Setting next_dagrun for dag_scraping_twitter to 2026-06-06 23:00:00+00:00, run_after=2026-06-07 11:00:00+00:00
[2026-06-07T10:31:11.816+0700] {processor.py:208} INFO - Processing /opt/airflow/dags/dag_scraping_twitter.py took 0.116 seconds
[2026-06-07T10:31:42.415+0700] {processor.py:186} INFO - Started process (PID=41494) to work on /opt/airflow/dags/dag_scraping_twitter.py
[2026-06-07T10:31:42.416+0700] {processor.py:914} INFO - Processing file /opt/airflow/dags/dag_scraping_twitter.py for tasks to queue
[2026-06-07T10:31:42.420+0700] {logging_mixin.py:190} INFO - [2026-06-07T10:31:42.420+0700] {dagbag.py:587} INFO - Filling up the DagBag from /opt/airflow/dags/dag_scraping_twitter.py
[2026-06-07T10:31:42.445+0700] {processor.py:925} INFO - DAG(s) 'dag_scraping_twitter' retrieved from /opt/airflow/dags/dag_scraping_twitter.py
[2026-06-07T10:31:42.480+0700] {logging_mixin.py:190} INFO - [2026-06-07T10:31:42.480+0700] {dag.py:3211} INFO - Sync 1 DAGs
[2026-06-07T10:31:42.511+0700] {logging_mixin.py:190} INFO - [2026-06-07T10:31:42.511+0700] {dag.py:4138} INFO - Setting next_dagrun for dag_scraping_twitter to 2026-06-06 23:00:00+00:00, run_after=2026-06-07 11:00:00+00:00
[2026-06-07T10:31:42.537+0700] {processor.py:208} INFO - Processing /opt/airflow/dags/dag_scraping_twitter.py took 0.131 seconds
[2026-06-07T10:32:13.378+0700] {processor.py:186} INFO - Started process (PID=41528) to work on /opt/airflow/dags/dag_scraping_twitter.py
[2026-06-07T10:32:13.380+0700] {processor.py:914} INFO - Processing file /opt/airflow/dags/dag_scraping_twitter.py for tasks to queue
[2026-06-07T10:32:13.383+0700] {logging_mixin.py:190} INFO - [2026-06-07T10:32:13.382+0700] {dagbag.py:587} INFO - Filling up the DagBag from /opt/airflow/dags/dag_scraping_twitter.py
[2026-06-07T10:32:13.411+0700] {processor.py:925} INFO - DAG(s) 'dag_scraping_twitter' retrieved from /opt/airflow/dags/dag_scraping_twitter.py
[2026-06-07T10:32:13.453+0700] {logging_mixin.py:190} INFO - [2026-06-07T10:32:13.452+0700] {dag.py:3211} INFO - Sync 1 DAGs
[2026-06-07T10:32:13.489+0700] {logging_mixin.py:190} INFO - [2026-06-07T10:32:13.489+0700] {dag.py:4138} INFO - Setting next_dagrun for dag_scraping_twitter to 2026-06-06 23:00:00+00:00, run_after=2026-06-07 11:00:00+00:00
[2026-06-07T10:32:13.518+0700] {processor.py:208} INFO - Processing /opt/airflow/dags/dag_scraping_twitter.py took 0.149 seconds
[2026-06-07T10:32:44.114+0700] {processor.py:186} INFO - Started process (PID=41555) to work on /opt/airflow/dags/dag_scraping_twitter.py
[2026-06-07T10:32:44.116+0700] {processor.py:914} INFO - Processing file /opt/airflow/dags/dag_scraping_twitter.py for tasks to queue
[2026-06-07T10:32:44.134+0700] {logging_mixin.py:190} INFO - [2026-06-07T10:32:44.129+0700] {dagbag.py:587} INFO - Filling up the DagBag from /opt/airflow/dags/dag_scraping_twitter.py
[2026-06-07T10:32:44.224+0700] {processor.py:925} INFO - DAG(s) 'dag_scraping_twitter' retrieved from /opt/airflow/dags/dag_scraping_twitter.py
[2026-06-07T10:32:44.384+0700] {logging_mixin.py:190} INFO - [2026-06-07T10:32:44.383+0700] {dag.py:3211} INFO - Sync 1 DAGs
[2026-06-07T10:32:44.562+0700] {logging_mixin.py:190} INFO - [2026-06-07T10:32:44.561+0700] {dag.py:4138} INFO - Setting next_dagrun for dag_scraping_twitter to 2026-06-06 23:00:00+00:00, run_after=2026-06-07 11:00:00+00:00
[2026-06-07T10:32:44.732+0700] {processor.py:208} INFO - Processing /opt/airflow/dags/dag_scraping_twitter.py took 0.558 seconds
[2026-06-07T10:33:15.311+0700] {processor.py:186} INFO - Started process (PID=41583) to work on /opt/airflow/dags/dag_scraping_twitter.py
[2026-06-07T10:33:15.313+0700] {processor.py:914} INFO - Processing file /opt/airflow/dags/dag_scraping_twitter.py for tasks to queue
[2026-06-07T10:33:15.318+0700] {logging_mixin.py:190} INFO - [2026-06-07T10:33:15.317+0700] {dagbag.py:587} INFO - Filling up the DagBag from /opt/airflow/dags/dag_scraping_twitter.py
[2026-06-07T10:33:15.363+0700] {processor.py:925} INFO - DAG(s) 'dag_scraping_twitter' retrieved from /opt/airflow/dags/dag_scraping_twitter.py
[2026-06-07T10:33:15.411+0700] {logging_mixin.py:190} INFO - [2026-06-07T10:33:15.411+0700] {dag.py:3211} INFO - Sync 1 DAGs
[2026-06-07T10:33:15.446+0700] {logging_mixin.py:190} INFO - [2026-06-07T10:33:15.445+0700] {dag.py:4138} INFO - Setting next_dagrun for dag_scraping_twitter to 2026-06-06 23:00:00+00:00, run_after=2026-06-07 11:00:00+00:00
[2026-06-07T10:33:15.479+0700] {processor.py:208} INFO - Processing /opt/airflow/dags/dag_scraping_twitter.py took 0.179 seconds
[2026-06-07T10:33:46.043+0700] {processor.py:186} INFO - Started process (PID=41611) to work on /opt/airflow/dags/dag_scraping_twitter.py
[2026-06-07T10:33:46.045+0700] {processor.py:914} INFO - Processing file /opt/airflow/dags/dag_scraping_twitter.py for tasks to queue
[2026-06-07T10:33:46.050+0700] {logging_mixin.py:190} INFO - [2026-06-07T10:33:46.050+0700] {dagbag.py:587} INFO - Filling up the DagBag from /opt/airflow/dags/dag_scraping_twitter.py
[2026-06-07T10:33:46.075+0700] {processor.py:925} INFO - DAG(s) 'dag_scraping_twitter' retrieved from /opt/airflow/dags/dag_scraping_twitter.py
[2026-06-07T10:33:46.115+0700] {logging_mixin.py:190} INFO - [2026-06-07T10:33:46.114+0700] {dag.py:3211} INFO - Sync 1 DAGs
[2026-06-07T10:33:46.154+0700] {logging_mixin.py:190} INFO - [2026-06-07T10:33:46.154+0700] {dag.py:4138} INFO - Setting next_dagrun for dag_scraping_twitter to 2026-06-06 23:00:00+00:00, run_after=2026-06-07 11:00:00+00:00
[2026-06-07T10:33:46.186+0700] {processor.py:208} INFO - Processing /opt/airflow/dags/dag_scraping_twitter.py took 0.151 seconds
[2026-06-07T10:34:16.704+0700] {processor.py:186} INFO - Started process (PID=41639) to work on /opt/airflow/dags/dag_scraping_twitter.py
[2026-06-07T10:34:16.706+0700] {processor.py:914} INFO - Processing file /opt/airflow/dags/dag_scraping_twitter.py for tasks to queue
[2026-06-07T10:34:16.711+0700] {logging_mixin.py:190} INFO - [2026-06-07T10:34:16.710+0700] {dagbag.py:587} INFO - Filling up the DagBag from /opt/airflow/dags/dag_scraping_twitter.py
[2026-06-07T10:34:16.745+0700] {processor.py:925} INFO - DAG(s) 'dag_scraping_twitter' retrieved from /opt/airflow/dags/dag_scraping_twitter.py
[2026-06-07T10:34:16.850+0700] {logging_mixin.py:190} INFO - [2026-06-07T10:34:16.850+0700] {dag.py:3211} INFO - Sync 1 DAGs
[2026-06-07T10:34:16.968+0700] {logging_mixin.py:190} INFO - [2026-06-07T10:34:16.964+0700] {dag.py:4138} INFO - Setting next_dagrun for dag_scraping_twitter to 2026-06-06 23:00:00+00:00, run_after=2026-06-07 11:00:00+00:00
[2026-06-07T10:34:17.008+0700] {processor.py:208} INFO - Processing /opt/airflow/dags/dag_scraping_twitter.py took 0.316 seconds
[2026-06-07T10:34:47.418+0700] {processor.py:186} INFO - Started process (PID=41667) to work on /opt/airflow/dags/dag_scraping_twitter.py
[2026-06-07T10:34:47.420+0700] {processor.py:914} INFO - Processing file /opt/airflow/dags/dag_scraping_twitter.py for tasks to queue
[2026-06-07T10:34:47.424+0700] {logging_mixin.py:190} INFO - [2026-06-07T10:34:47.424+0700] {dagbag.py:587} INFO - Filling up the DagBag from /opt/airflow/dags/dag_scraping_twitter.py
[2026-06-07T10:34:47.461+0700] {processor.py:925} INFO - DAG(s) 'dag_scraping_twitter' retrieved from /opt/airflow/dags/dag_scraping_twitter.py
[2026-06-07T10:34:47.528+0700] {logging_mixin.py:190} INFO - [2026-06-07T10:34:47.528+0700] {dag.py:3211} INFO - Sync 1 DAGs
[2026-06-07T10:34:47.576+0700] {logging_mixin.py:190} INFO - [2026-06-07T10:34:47.576+0700] {dag.py:4138} INFO - Setting next_dagrun for dag_scraping_twitter to 2026-06-06 23:00:00+00:00, run_after=2026-06-07 11:00:00+00:00
[2026-06-07T10:34:47.615+0700] {processor.py:208} INFO - Processing /opt/airflow/dags/dag_scraping_twitter.py took 0.209 seconds
[2026-06-07T10:35:18.299+0700] {processor.py:186} INFO - Started process (PID=41701) to work on /opt/airflow/dags/dag_scraping_twitter.py
[2026-06-07T10:35:18.301+0700] {processor.py:914} INFO - Processing file /opt/airflow/dags/dag_scraping_twitter.py for tasks to queue
[2026-06-07T10:35:18.306+0700] {logging_mixin.py:190} INFO - [2026-06-07T10:35:18.306+0700] {dagbag.py:587} INFO - Filling up the DagBag from /opt/airflow/dags/dag_scraping_twitter.py
[2026-06-07T10:35:18.334+0700] {processor.py:925} INFO - DAG(s) 'dag_scraping_twitter' retrieved from /opt/airflow/dags/dag_scraping_twitter.py
[2026-06-07T10:35:18.373+0700] {logging_mixin.py:190} INFO - [2026-06-07T10:35:18.372+0700] {dag.py:3211} INFO - Sync 1 DAGs
[2026-06-07T10:35:18.417+0700] {logging_mixin.py:190} INFO - [2026-06-07T10:35:18.416+0700] {dag.py:4138} INFO - Setting next_dagrun for dag_scraping_twitter to 2026-06-06 23:00:00+00:00, run_after=2026-06-07 11:00:00+00:00
[2026-06-07T10:35:18.451+0700] {processor.py:208} INFO - Processing /opt/airflow/dags/dag_scraping_twitter.py took 0.163 seconds
[2026-06-07T10:35:49.015+0700] {processor.py:186} INFO - Started process (PID=41729) to work on /opt/airflow/dags/dag_scraping_twitter.py
[2026-06-07T10:35:49.017+0700] {processor.py:914} INFO - Processing file /opt/airflow/dags/dag_scraping_twitter.py for tasks to queue
[2026-06-07T10:35:49.022+0700] {logging_mixin.py:190} INFO - [2026-06-07T10:35:49.021+0700] {dagbag.py:587} INFO - Filling up the DagBag from /opt/airflow/dags/dag_scraping_twitter.py
[2026-06-07T10:35:49.045+0700] {processor.py:925} INFO - DAG(s) 'dag_scraping_twitter' retrieved from /opt/airflow/dags/dag_scraping_twitter.py
[2026-06-07T10:35:49.078+0700] {logging_mixin.py:190} INFO - [2026-06-07T10:35:49.078+0700] {dag.py:3211} INFO - Sync 1 DAGs
[2026-06-07T10:35:49.110+0700] {logging_mixin.py:190} INFO - [2026-06-07T10:35:49.110+0700] {dag.py:4138} INFO - Setting next_dagrun for dag_scraping_twitter to 2026-06-06 23:00:00+00:00, run_after=2026-06-07 11:00:00+00:00
[2026-06-07T10:35:49.133+0700] {processor.py:208} INFO - Processing /opt/airflow/dags/dag_scraping_twitter.py took 0.125 seconds
[2026-06-07T10:36:19.467+0700] {processor.py:186} INFO - Started process (PID=41757) to work on /opt/airflow/dags/dag_scraping_twitter.py
[2026-06-07T10:36:19.469+0700] {processor.py:914} INFO - Processing file /opt/airflow/dags/dag_scraping_twitter.py for tasks to queue
[2026-06-07T10:36:19.473+0700] {logging_mixin.py:190} INFO - [2026-06-07T10:36:19.472+0700] {dagbag.py:587} INFO - Filling up the DagBag from /opt/airflow/dags/dag_scraping_twitter.py
[2026-06-07T10:36:19.494+0700] {processor.py:925} INFO - DAG(s) 'dag_scraping_twitter' retrieved from /opt/airflow/dags/dag_scraping_twitter.py
[2026-06-07T10:36:19.532+0700] {logging_mixin.py:190} INFO - [2026-06-07T10:36:19.532+0700] {dag.py:3211} INFO - Sync 1 DAGs
[2026-06-07T10:36:19.560+0700] {logging_mixin.py:190} INFO - [2026-06-07T10:36:19.560+0700] {dag.py:4138} INFO - Setting next_dagrun for dag_scraping_twitter to 2026-06-06 23:00:00+00:00, run_after=2026-06-07 11:00:00+00:00
[2026-06-07T10:36:19.584+0700] {processor.py:208} INFO - Processing /opt/airflow/dags/dag_scraping_twitter.py took 0.123 seconds
[2026-06-07T10:36:50.122+0700] {processor.py:186} INFO - Started process (PID=41785) to work on /opt/airflow/dags/dag_scraping_twitter.py
[2026-06-07T10:36:50.123+0700] {processor.py:914} INFO - Processing file /opt/airflow/dags/dag_scraping_twitter.py for tasks to queue
[2026-06-07T10:36:50.126+0700] {logging_mixin.py:190} INFO - [2026-06-07T10:36:50.126+0700] {dagbag.py:587} INFO - Filling up the DagBag from /opt/airflow/dags/dag_scraping_twitter.py
[2026-06-07T10:36:50.152+0700] {processor.py:925} INFO - DAG(s) 'dag_scraping_twitter' retrieved from /opt/airflow/dags/dag_scraping_twitter.py
[2026-06-07T10:36:50.185+0700] {logging_mixin.py:190} INFO - [2026-06-07T10:36:50.185+0700] {dag.py:3211} INFO - Sync 1 DAGs
[2026-06-07T10:36:50.214+0700] {logging_mixin.py:190} INFO - [2026-06-07T10:36:50.214+0700] {dag.py:4138} INFO - Setting next_dagrun for dag_scraping_twitter to 2026-06-06 23:00:00+00:00, run_after=2026-06-07 11:00:00+00:00
[2026-06-07T10:36:50.242+0700] {processor.py:208} INFO - Processing /opt/airflow/dags/dag_scraping_twitter.py took 0.130 seconds
[2026-06-07T10:37:21.033+0700] {processor.py:186} INFO - Started process (PID=41814) to work on /opt/airflow/dags/dag_scraping_twitter.py
[2026-06-07T10:37:21.034+0700] {processor.py:914} INFO - Processing file /opt/airflow/dags/dag_scraping_twitter.py for tasks to queue
[2026-06-07T10:37:21.037+0700] {logging_mixin.py:190} INFO - [2026-06-07T10:37:21.037+0700] {dagbag.py:587} INFO - Filling up the DagBag from /opt/airflow/dags/dag_scraping_twitter.py
[2026-06-07T10:37:21.060+0700] {processor.py:925} INFO - DAG(s) 'dag_scraping_twitter' retrieved from /opt/airflow/dags/dag_scraping_twitter.py
[2026-06-07T10:37:21.097+0700] {logging_mixin.py:190} INFO - [2026-06-07T10:37:21.097+0700] {dag.py:3211} INFO - Sync 1 DAGs
[2026-06-07T10:37:21.124+0700] {logging_mixin.py:190} INFO - [2026-06-07T10:37:21.124+0700] {dag.py:4138} INFO - Setting next_dagrun for dag_scraping_twitter to 2026-06-06 23:00:00+00:00, run_after=2026-06-07 11:00:00+00:00
[2026-06-07T10:37:21.149+0700] {processor.py:208} INFO - Processing /opt/airflow/dags/dag_scraping_twitter.py took 0.125 seconds
[2026-06-07T10:37:51.485+0700] {processor.py:186} INFO - Started process (PID=41842) to work on /opt/airflow/dags/dag_scraping_twitter.py
[2026-06-07T10:37:51.486+0700] {processor.py:914} INFO - Processing file /opt/airflow/dags/dag_scraping_twitter.py for tasks to queue
[2026-06-07T10:37:51.490+0700] {logging_mixin.py:190} INFO - [2026-06-07T10:37:51.489+0700] {dagbag.py:587} INFO - Filling up the DagBag from /opt/airflow/dags/dag_scraping_twitter.py
[2026-06-07T10:37:51.519+0700] {processor.py:925} INFO - DAG(s) 'dag_scraping_twitter' retrieved from /opt/airflow/dags/dag_scraping_twitter.py
[2026-06-07T10:37:51.559+0700] {logging_mixin.py:190} INFO - [2026-06-07T10:37:51.558+0700] {dag.py:3211} INFO - Sync 1 DAGs
[2026-06-07T10:37:51.588+0700] {logging_mixin.py:190} INFO - [2026-06-07T10:37:51.588+0700] {dag.py:4138} INFO - Setting next_dagrun for dag_scraping_twitter to 2026-06-06 23:00:00+00:00, run_after=2026-06-07 11:00:00+00:00
[2026-06-07T10:37:51.614+0700] {processor.py:208} INFO - Processing /opt/airflow/dags/dag_scraping_twitter.py took 0.140 seconds
[2026-06-07T10:38:21.809+0700] {processor.py:186} INFO - Started process (PID=41870) to work on /opt/airflow/dags/dag_scraping_twitter.py
[2026-06-07T10:38:21.810+0700] {processor.py:914} INFO - Processing file /opt/airflow/dags/dag_scraping_twitter.py for tasks to queue
[2026-06-07T10:38:21.823+0700] {logging_mixin.py:190} INFO - [2026-06-07T10:38:21.815+0700] {dagbag.py:587} INFO - Filling up the DagBag from /opt/airflow/dags/dag_scraping_twitter.py
[2026-06-07T10:38:21.917+0700] {processor.py:925} INFO - DAG(s) 'dag_scraping_twitter' retrieved from /opt/airflow/dags/dag_scraping_twitter.py
[2026-06-07T10:38:21.949+0700] {logging_mixin.py:190} INFO - [2026-06-07T10:38:21.949+0700] {dag.py:3211} INFO - Sync 1 DAGs
[2026-06-07T10:38:21.975+0700] {logging_mixin.py:190} INFO - [2026-06-07T10:38:21.975+0700] {dag.py:4138} INFO - Setting next_dagrun for dag_scraping_twitter to 2026-06-06 23:00:00+00:00, run_after=2026-06-07 11:00:00+00:00
[2026-06-07T10:38:21.998+0700] {processor.py:208} INFO - Processing /opt/airflow/dags/dag_scraping_twitter.py took 0.207 seconds
[2026-06-07T10:38:52.283+0700] {processor.py:186} INFO - Started process (PID=41898) to work on /opt/airflow/dags/dag_scraping_twitter.py
[2026-06-07T10:38:52.285+0700] {processor.py:914} INFO - Processing file /opt/airflow/dags/dag_scraping_twitter.py for tasks to queue
[2026-06-07T10:38:52.288+0700] {logging_mixin.py:190} INFO - [2026-06-07T10:38:52.287+0700] {dagbag.py:587} INFO - Filling up the DagBag from /opt/airflow/dags/dag_scraping_twitter.py
[2026-06-07T10:38:52.310+0700] {processor.py:925} INFO - DAG(s) 'dag_scraping_twitter' retrieved from /opt/airflow/dags/dag_scraping_twitter.py
[2026-06-07T10:38:52.343+0700] {logging_mixin.py:190} INFO - [2026-06-07T10:38:52.343+0700] {dag.py:3211} INFO - Sync 1 DAGs
[2026-06-07T10:38:52.375+0700] {logging_mixin.py:190} INFO - [2026-06-07T10:38:52.375+0700] {dag.py:4138} INFO - Setting next_dagrun for dag_scraping_twitter to 2026-06-06 23:00:00+00:00, run_after=2026-06-07 11:00:00+00:00
[2026-06-07T10:38:52.402+0700] {processor.py:208} INFO - Processing /opt/airflow/dags/dag_scraping_twitter.py took 0.128 seconds
[2026-06-07T10:39:22.660+0700] {processor.py:186} INFO - Started process (PID=41932) to work on /opt/airflow/dags/dag_scraping_twitter.py
[2026-06-07T10:39:22.661+0700] {processor.py:914} INFO - Processing file /opt/airflow/dags/dag_scraping_twitter.py for tasks to queue
[2026-06-07T10:39:22.664+0700] {logging_mixin.py:190} INFO - [2026-06-07T10:39:22.664+0700] {dagbag.py:587} INFO - Filling up the DagBag from /opt/airflow/dags/dag_scraping_twitter.py
[2026-06-07T10:39:22.686+0700] {processor.py:925} INFO - DAG(s) 'dag_scraping_twitter' retrieved from /opt/airflow/dags/dag_scraping_twitter.py
[2026-06-07T10:39:22.714+0700] {logging_mixin.py:190} INFO - [2026-06-07T10:39:22.714+0700] {dag.py:3211} INFO - Sync 1 DAGs
[2026-06-07T10:39:22.738+0700] {logging_mixin.py:190} INFO - [2026-06-07T10:39:22.738+0700] {dag.py:4138} INFO - Setting next_dagrun for dag_scraping_twitter to 2026-06-06 23:00:00+00:00, run_after=2026-06-07 11:00:00+00:00
[2026-06-07T10:39:22.760+0700] {processor.py:208} INFO - Processing /opt/airflow/dags/dag_scraping_twitter.py took 0.109 seconds
[2026-06-07T10:39:53.634+0700] {processor.py:186} INFO - Started process (PID=41959) to work on /opt/airflow/dags/dag_scraping_twitter.py
[2026-06-07T10:39:53.636+0700] {processor.py:914} INFO - Processing file /opt/airflow/dags/dag_scraping_twitter.py for tasks to queue
[2026-06-07T10:39:53.639+0700] {logging_mixin.py:190} INFO - [2026-06-07T10:39:53.639+0700] {dagbag.py:587} INFO - Filling up the DagBag from /opt/airflow/dags/dag_scraping_twitter.py
[2026-06-07T10:39:53.679+0700] {processor.py:925} INFO - DAG(s) 'dag_scraping_twitter' retrieved from /opt/airflow/dags/dag_scraping_twitter.py
[2026-06-07T10:39:53.712+0700] {logging_mixin.py:190} INFO - [2026-06-07T10:39:53.711+0700] {dag.py:3211} INFO - Sync 1 DAGs
[2026-06-07T10:39:53.735+0700] {logging_mixin.py:190} INFO - [2026-06-07T10:39:53.734+0700] {dag.py:4138} INFO - Setting next_dagrun for dag_scraping_twitter to 2026-06-06 23:00:00+00:00, run_after=2026-06-07 11:00:00+00:00
[2026-06-07T10:39:53.756+0700] {processor.py:208} INFO - Processing /opt/airflow/dags/dag_scraping_twitter.py took 0.132 seconds
[2026-06-07T10:40:24.156+0700] {processor.py:186} INFO - Started process (PID=41988) to work on /opt/airflow/dags/dag_scraping_twitter.py
[2026-06-07T10:40:24.157+0700] {processor.py:914} INFO - Processing file /opt/airflow/dags/dag_scraping_twitter.py for tasks to queue
[2026-06-07T10:40:24.160+0700] {logging_mixin.py:190} INFO - [2026-06-07T10:40:24.159+0700] {dagbag.py:587} INFO - Filling up the DagBag from /opt/airflow/dags/dag_scraping_twitter.py
[2026-06-07T10:40:24.178+0700] {processor.py:925} INFO - DAG(s) 'dag_scraping_twitter' retrieved from /opt/airflow/dags/dag_scraping_twitter.py
[2026-06-07T10:40:24.209+0700] {logging_mixin.py:190} INFO - [2026-06-07T10:40:24.209+0700] {dag.py:3211} INFO - Sync 1 DAGs
[2026-06-07T10:40:24.236+0700] {logging_mixin.py:190} INFO - [2026-06-07T10:40:24.236+0700] {dag.py:4138} INFO - Setting next_dagrun for dag_scraping_twitter to 2026-06-06 23:00:00+00:00, run_after=2026-06-07 11:00:00+00:00
[2026-06-07T10:40:24.260+0700] {processor.py:208} INFO - Processing /opt/airflow/dags/dag_scraping_twitter.py took 0.111 seconds
[2026-06-07T10:40:54.691+0700] {processor.py:186} INFO - Started process (PID=42016) to work on /opt/airflow/dags/dag_scraping_twitter.py
[2026-06-07T10:40:54.692+0700] {processor.py:914} INFO - Processing file /opt/airflow/dags/dag_scraping_twitter.py for tasks to queue
[2026-06-07T10:40:54.697+0700] {logging_mixin.py:190} INFO - [2026-06-07T10:40:54.696+0700] {dagbag.py:587} INFO - Filling up the DagBag from /opt/airflow/dags/dag_scraping_twitter.py
[2026-06-07T10:40:54.718+0700] {processor.py:925} INFO - DAG(s) 'dag_scraping_twitter' retrieved from /opt/airflow/dags/dag_scraping_twitter.py
[2026-06-07T10:40:54.747+0700] {logging_mixin.py:190} INFO - [2026-06-07T10:40:54.747+0700] {dag.py:3211} INFO - Sync 1 DAGs
[2026-06-07T10:40:54.775+0700] {logging_mixin.py:190} INFO - [2026-06-07T10:40:54.775+0700] {dag.py:4138} INFO - Setting next_dagrun for dag_scraping_twitter to 2026-06-06 23:00:00+00:00, run_after=2026-06-07 11:00:00+00:00
[2026-06-07T10:40:54.798+0700] {processor.py:208} INFO - Processing /opt/airflow/dags/dag_scraping_twitter.py took 0.114 seconds
[2026-06-07T10:41:25.376+0700] {processor.py:186} INFO - Started process (PID=42044) to work on /opt/airflow/dags/dag_scraping_twitter.py
[2026-06-07T10:41:25.377+0700] {processor.py:914} INFO - Processing file /opt/airflow/dags/dag_scraping_twitter.py for tasks to queue
[2026-06-07T10:41:25.381+0700] {logging_mixin.py:190} INFO - [2026-06-07T10:41:25.380+0700] {dagbag.py:587} INFO - Filling up the DagBag from /opt/airflow/dags/dag_scraping_twitter.py
[2026-06-07T10:41:25.402+0700] {processor.py:925} INFO - DAG(s) 'dag_scraping_twitter' retrieved from /opt/airflow/dags/dag_scraping_twitter.py
[2026-06-07T10:41:25.433+0700] {logging_mixin.py:190} INFO - [2026-06-07T10:41:25.432+0700] {dag.py:3211} INFO - Sync 1 DAGs
[2026-06-07T10:41:25.457+0700] {logging_mixin.py:190} INFO - [2026-06-07T10:41:25.457+0700] {dag.py:4138} INFO - Setting next_dagrun for dag_scraping_twitter to 2026-06-06 23:00:00+00:00, run_after=2026-06-07 11:00:00+00:00
[2026-06-07T10:41:25.480+0700] {processor.py:208} INFO - Processing /opt/airflow/dags/dag_scraping_twitter.py took 0.111 seconds
[2026-06-07T10:41:55.884+0700] {processor.py:186} INFO - Started process (PID=42072) to work on /opt/airflow/dags/dag_scraping_twitter.py
[2026-06-07T10:41:55.886+0700] {processor.py:914} INFO - Processing file /opt/airflow/dags/dag_scraping_twitter.py for tasks to queue
[2026-06-07T10:41:55.891+0700] {logging_mixin.py:190} INFO - [2026-06-07T10:41:55.890+0700] {dagbag.py:587} INFO - Filling up the DagBag from /opt/airflow/dags/dag_scraping_twitter.py
[2026-06-07T10:41:55.912+0700] {processor.py:925} INFO - DAG(s) 'dag_scraping_twitter' retrieved from /opt/airflow/dags/dag_scraping_twitter.py
[2026-06-07T10:41:55.941+0700] {logging_mixin.py:190} INFO - [2026-06-07T10:41:55.941+0700] {dag.py:3211} INFO - Sync 1 DAGs
[2026-06-07T10:41:55.965+0700] {logging_mixin.py:190} INFO - [2026-06-07T10:41:55.965+0700] {dag.py:4138} INFO - Setting next_dagrun for dag_scraping_twitter to 2026-06-06 23:00:00+00:00, run_after=2026-06-07 11:00:00+00:00
[2026-06-07T10:41:55.991+0700] {processor.py:208} INFO - Processing /opt/airflow/dags/dag_scraping_twitter.py took 0.115 seconds
[2026-06-07T10:42:26.540+0700] {processor.py:186} INFO - Started process (PID=42100) to work on /opt/airflow/dags/dag_scraping_twitter.py
[2026-06-07T10:42:26.542+0700] {processor.py:914} INFO - Processing file /opt/airflow/dags/dag_scraping_twitter.py for tasks to queue
[2026-06-07T10:42:26.545+0700] {logging_mixin.py:190} INFO - [2026-06-07T10:42:26.545+0700] {dagbag.py:587} INFO - Filling up the DagBag from /opt/airflow/dags/dag_scraping_twitter.py
[2026-06-07T10:42:26.565+0700] {processor.py:925} INFO - DAG(s) 'dag_scraping_twitter' retrieved from /opt/airflow/dags/dag_scraping_twitter.py
[2026-06-07T10:42:26.599+0700] {logging_mixin.py:190} INFO - [2026-06-07T10:42:26.599+0700] {dag.py:3211} INFO - Sync 1 DAGs
[2026-06-07T10:42:26.624+0700] {logging_mixin.py:190} INFO - [2026-06-07T10:42:26.624+0700] {dag.py:4138} INFO - Setting next_dagrun for dag_scraping_twitter to 2026-06-06 23:00:00+00:00, run_after=2026-06-07 11:00:00+00:00
[2026-06-07T10:42:26.651+0700] {processor.py:208} INFO - Processing /opt/airflow/dags/dag_scraping_twitter.py took 0.117 seconds
[2026-06-07T10:42:57.039+0700] {processor.py:186} INFO - Started process (PID=42128) to work on /opt/airflow/dags/dag_scraping_twitter.py
[2026-06-07T10:42:57.041+0700] {processor.py:914} INFO - Processing file /opt/airflow/dags/dag_scraping_twitter.py for tasks to queue
[2026-06-07T10:42:57.044+0700] {logging_mixin.py:190} INFO - [2026-06-07T10:42:57.044+0700] {dagbag.py:587} INFO - Filling up the DagBag from /opt/airflow/dags/dag_scraping_twitter.py
[2026-06-07T10:42:57.065+0700] {processor.py:925} INFO - DAG(s) 'dag_scraping_twitter' retrieved from /opt/airflow/dags/dag_scraping_twitter.py
[2026-06-07T10:42:57.101+0700] {logging_mixin.py:190} INFO - [2026-06-07T10:42:57.101+0700] {dag.py:3211} INFO - Sync 1 DAGs
[2026-06-07T10:42:57.127+0700] {logging_mixin.py:190} INFO - [2026-06-07T10:42:57.126+0700] {dag.py:4138} INFO - Setting next_dagrun for dag_scraping_twitter to 2026-06-06 23:00:00+00:00, run_after=2026-06-07 11:00:00+00:00
[2026-06-07T10:42:57.148+0700] {processor.py:208} INFO - Processing /opt/airflow/dags/dag_scraping_twitter.py took 0.123 seconds
[2026-06-07T10:43:27.477+0700] {processor.py:186} INFO - Started process (PID=42162) to work on /opt/airflow/dags/dag_scraping_twitter.py
[2026-06-07T10:43:27.481+0700] {processor.py:914} INFO - Processing file /opt/airflow/dags/dag_scraping_twitter.py for tasks to queue
[2026-06-07T10:43:27.488+0700] {logging_mixin.py:190} INFO - [2026-06-07T10:43:27.488+0700] {dagbag.py:587} INFO - Filling up the DagBag from /opt/airflow/dags/dag_scraping_twitter.py
[2026-06-07T10:43:27.518+0700] {processor.py:925} INFO - DAG(s) 'dag_scraping_twitter' retrieved from /opt/airflow/dags/dag_scraping_twitter.py
[2026-06-07T10:43:27.558+0700] {logging_mixin.py:190} INFO - [2026-06-07T10:43:27.557+0700] {dag.py:3211} INFO - Sync 1 DAGs
[2026-06-07T10:43:27.591+0700] {logging_mixin.py:190} INFO - [2026-06-07T10:43:27.591+0700] {dag.py:4138} INFO - Setting next_dagrun for dag_scraping_twitter to 2026-06-06 23:00:00+00:00, run_after=2026-06-07 11:00:00+00:00
[2026-06-07T10:43:27.621+0700] {processor.py:208} INFO - Processing /opt/airflow/dags/dag_scraping_twitter.py took 0.155 seconds
[2026-06-07T10:43:58.047+0700] {processor.py:186} INFO - Started process (PID=42191) to work on /opt/airflow/dags/dag_scraping_twitter.py
[2026-06-07T10:43:58.049+0700] {processor.py:914} INFO - Processing file /opt/airflow/dags/dag_scraping_twitter.py for tasks to queue
[2026-06-07T10:43:58.052+0700] {logging_mixin.py:190} INFO - [2026-06-07T10:43:58.051+0700] {dagbag.py:587} INFO - Filling up the DagBag from /opt/airflow/dags/dag_scraping_twitter.py
[2026-06-07T10:43:58.073+0700] {processor.py:925} INFO - DAG(s) 'dag_scraping_twitter' retrieved from /opt/airflow/dags/dag_scraping_twitter.py
[2026-06-07T10:43:58.104+0700] {logging_mixin.py:190} INFO - [2026-06-07T10:43:58.104+0700] {dag.py:3211} INFO - Sync 1 DAGs
[2026-06-07T10:43:58.131+0700] {logging_mixin.py:190} INFO - [2026-06-07T10:43:58.131+0700] {dag.py:4138} INFO - Setting next_dagrun for dag_scraping_twitter to 2026-06-06 23:00:00+00:00, run_after=2026-06-07 11:00:00+00:00
[2026-06-07T10:43:58.156+0700] {processor.py:208} INFO - Processing /opt/airflow/dags/dag_scraping_twitter.py took 0.115 seconds
[2026-06-07T10:44:28.400+0700] {processor.py:186} INFO - Started process (PID=42220) to work on /opt/airflow/dags/dag_scraping_twitter.py
[2026-06-07T10:44:28.401+0700] {processor.py:914} INFO - Processing file /opt/airflow/dags/dag_scraping_twitter.py for tasks to queue
[2026-06-07T10:44:28.404+0700] {logging_mixin.py:190} INFO - [2026-06-07T10:44:28.403+0700] {dagbag.py:587} INFO - Filling up the DagBag from /opt/airflow/dags/dag_scraping_twitter.py
[2026-06-07T10:44:28.423+0700] {processor.py:925} INFO - DAG(s) 'dag_scraping_twitter' retrieved from /opt/airflow/dags/dag_scraping_twitter.py
[2026-06-07T10:44:28.452+0700] {logging_mixin.py:190} INFO - [2026-06-07T10:44:28.452+0700] {dag.py:3211} INFO - Sync 1 DAGs
[2026-06-07T10:44:28.476+0700] {logging_mixin.py:190} INFO - [2026-06-07T10:44:28.476+0700] {dag.py:4138} INFO - Setting next_dagrun for dag_scraping_twitter to 2026-06-06 23:00:00+00:00, run_after=2026-06-07 11:00:00+00:00
[2026-06-07T10:44:28.498+0700] {processor.py:208} INFO - Processing /opt/airflow/dags/dag_scraping_twitter.py took 0.105 seconds
[2026-06-07T10:44:59.053+0700] {processor.py:186} INFO - Started process (PID=42249) to work on /opt/airflow/dags/dag_scraping_twitter.py
[2026-06-07T10:44:59.054+0700] {processor.py:914} INFO - Processing file /opt/airflow/dags/dag_scraping_twitter.py for tasks to queue
[2026-06-07T10:44:59.057+0700] {logging_mixin.py:190} INFO - [2026-06-07T10:44:59.057+0700] {dagbag.py:587} INFO - Filling up the DagBag from /opt/airflow/dags/dag_scraping_twitter.py
[2026-06-07T10:44:59.082+0700] {processor.py:925} INFO - DAG(s) 'dag_scraping_twitter' retrieved from /opt/airflow/dags/dag_scraping_twitter.py
[2026-06-07T10:44:59.113+0700] {logging_mixin.py:190} INFO - [2026-06-07T10:44:59.113+0700] {dag.py:3211} INFO - Sync 1 DAGs
[2026-06-07T10:44:59.137+0700] {logging_mixin.py:190} INFO - [2026-06-07T10:44:59.136+0700] {dag.py:4138} INFO - Setting next_dagrun for dag_scraping_twitter to 2026-06-06 23:00:00+00:00, run_after=2026-06-07 11:00:00+00:00
[2026-06-07T10:44:59.160+0700] {processor.py:208} INFO - Processing /opt/airflow/dags/dag_scraping_twitter.py took 0.113 seconds
[2026-06-07T10:45:29.448+0700] {processor.py:186} INFO - Started process (PID=42277) to work on /opt/airflow/dags/dag_scraping_twitter.py
[2026-06-07T10:45:29.449+0700] {processor.py:914} INFO - Processing file /opt/airflow/dags/dag_scraping_twitter.py for tasks to queue
[2026-06-07T10:45:29.452+0700] {logging_mixin.py:190} INFO - [2026-06-07T10:45:29.452+0700] {dagbag.py:587} INFO - Filling up the DagBag from /opt/airflow/dags/dag_scraping_twitter.py
[2026-06-07T10:45:29.474+0700] {processor.py:925} INFO - DAG(s) 'dag_scraping_twitter' retrieved from /opt/airflow/dags/dag_scraping_twitter.py
[2026-06-07T10:45:29.504+0700] {logging_mixin.py:190} INFO - [2026-06-07T10:45:29.504+0700] {dag.py:3211} INFO - Sync 1 DAGs
[2026-06-07T10:45:29.528+0700] {logging_mixin.py:190} INFO - [2026-06-07T10:45:29.528+0700] {dag.py:4138} INFO - Setting next_dagrun for dag_scraping_twitter to 2026-06-06 23:00:00+00:00, run_after=2026-06-07 11:00:00+00:00
[2026-06-07T10:45:29.554+0700] {processor.py:208} INFO - Processing /opt/airflow/dags/dag_scraping_twitter.py took 0.113 seconds
[2026-06-07T10:45:59.847+0700] {processor.py:186} INFO - Started process (PID=42305) to work on /opt/airflow/dags/dag_scraping_twitter.py
[2026-06-07T10:45:59.848+0700] {processor.py:914} INFO - Processing file /opt/airflow/dags/dag_scraping_twitter.py for tasks to queue
[2026-06-07T10:45:59.852+0700] {logging_mixin.py:190} INFO - [2026-06-07T10:45:59.852+0700] {dagbag.py:587} INFO - Filling up the DagBag from /opt/airflow/dags/dag_scraping_twitter.py
[2026-06-07T10:45:59.876+0700] {processor.py:925} INFO - DAG(s) 'dag_scraping_twitter' retrieved from /opt/airflow/dags/dag_scraping_twitter.py
[2026-06-07T10:45:59.907+0700] {logging_mixin.py:190} INFO - [2026-06-07T10:45:59.907+0700] {dag.py:3211} INFO - Sync 1 DAGs
[2026-06-07T10:45:59.937+0700] {logging_mixin.py:190} INFO - [2026-06-07T10:45:59.936+0700] {dag.py:4138} INFO - Setting next_dagrun for dag_scraping_twitter to 2026-06-06 23:00:00+00:00, run_after=2026-06-07 11:00:00+00:00
[2026-06-07T10:45:59.961+0700] {processor.py:208} INFO - Processing /opt/airflow/dags/dag_scraping_twitter.py took 0.120 seconds
[2026-06-07T10:46:30.315+0700] {processor.py:186} INFO - Started process (PID=42333) to work on /opt/airflow/dags/dag_scraping_twitter.py
[2026-06-07T10:46:30.317+0700] {processor.py:914} INFO - Processing file /opt/airflow/dags/dag_scraping_twitter.py for tasks to queue
[2026-06-07T10:46:30.323+0700] {logging_mixin.py:190} INFO - [2026-06-07T10:46:30.323+0700] {dagbag.py:587} INFO - Filling up the DagBag from /opt/airflow/dags/dag_scraping_twitter.py
[2026-06-07T10:46:30.343+0700] {processor.py:925} INFO - DAG(s) 'dag_scraping_twitter' retrieved from /opt/airflow/dags/dag_scraping_twitter.py
[2026-06-07T10:46:30.372+0700] {logging_mixin.py:190} INFO - [2026-06-07T10:46:30.372+0700] {dag.py:3211} INFO - Sync 1 DAGs
[2026-06-07T10:46:30.399+0700] {logging_mixin.py:190} INFO - [2026-06-07T10:46:30.398+0700] {dag.py:4138} INFO - Setting next_dagrun for dag_scraping_twitter to 2026-06-06 23:00:00+00:00, run_after=2026-06-07 11:00:00+00:00
[2026-06-07T10:46:30.422+0700] {processor.py:208} INFO - Processing /opt/airflow/dags/dag_scraping_twitter.py took 0.115 seconds
[2026-06-07T10:47:00.811+0700] {processor.py:186} INFO - Started process (PID=42361) to work on /opt/airflow/dags/dag_scraping_twitter.py
[2026-06-07T10:47:00.812+0700] {processor.py:914} INFO - Processing file /opt/airflow/dags/dag_scraping_twitter.py for tasks to queue
[2026-06-07T10:47:00.814+0700] {logging_mixin.py:190} INFO - [2026-06-07T10:47:00.814+0700] {dagbag.py:587} INFO - Filling up the DagBag from /opt/airflow/dags/dag_scraping_twitter.py
[2026-06-07T10:47:00.842+0700] {processor.py:925} INFO - DAG(s) 'dag_scraping_twitter' retrieved from /opt/airflow/dags/dag_scraping_twitter.py
[2026-06-07T10:47:00.871+0700] {logging_mixin.py:190} INFO - [2026-06-07T10:47:00.870+0700] {dag.py:3211} INFO - Sync 1 DAGs
[2026-06-07T10:47:00.895+0700] {logging_mixin.py:190} INFO - [2026-06-07T10:47:00.895+0700] {dag.py:4138} INFO - Setting next_dagrun for dag_scraping_twitter to 2026-06-06 23:00:00+00:00, run_after=2026-06-07 11:00:00+00:00
[2026-06-07T10:47:00.923+0700] {processor.py:208} INFO - Processing /opt/airflow/dags/dag_scraping_twitter.py took 0.127 seconds
[2026-06-07T10:47:31.369+0700] {processor.py:186} INFO - Started process (PID=42389) to work on /opt/airflow/dags/dag_scraping_twitter.py
[2026-06-07T10:47:31.384+0700] {processor.py:914} INFO - Processing file /opt/airflow/dags/dag_scraping_twitter.py for tasks to queue
[2026-06-07T10:47:31.392+0700] {logging_mixin.py:190} INFO - [2026-06-07T10:47:31.391+0700] {dagbag.py:587} INFO - Filling up the DagBag from /opt/airflow/dags/dag_scraping_twitter.py
[2026-06-07T10:47:31.478+0700] {processor.py:925} INFO - DAG(s) 'dag_scraping_twitter' retrieved from /opt/airflow/dags/dag_scraping_twitter.py
[2026-06-07T10:47:31.557+0700] {logging_mixin.py:190} INFO - [2026-06-07T10:47:31.556+0700] {dag.py:3211} INFO - Sync 1 DAGs
[2026-06-07T10:47:31.602+0700] {logging_mixin.py:190} INFO - [2026-06-07T10:47:31.601+0700] {dag.py:4138} INFO - Setting next_dagrun for dag_scraping_twitter to 2026-06-06 23:00:00+00:00, run_after=2026-06-07 11:00:00+00:00
[2026-06-07T10:47:31.622+0700] {processor.py:208} INFO - Processing /opt/airflow/dags/dag_scraping_twitter.py took 0.272 seconds
[2026-06-07T10:48:02.040+0700] {processor.py:186} INFO - Started process (PID=42424) to work on /opt/airflow/dags/dag_scraping_twitter.py
[2026-06-07T10:48:02.041+0700] {processor.py:914} INFO - Processing file /opt/airflow/dags/dag_scraping_twitter.py for tasks to queue
[2026-06-07T10:48:02.043+0700] {logging_mixin.py:190} INFO - [2026-06-07T10:48:02.043+0700] {dagbag.py:587} INFO - Filling up the DagBag from /opt/airflow/dags/dag_scraping_twitter.py
[2026-06-07T10:48:02.062+0700] {processor.py:925} INFO - DAG(s) 'dag_scraping_twitter' retrieved from /opt/airflow/dags/dag_scraping_twitter.py
[2026-06-07T10:48:02.091+0700] {logging_mixin.py:190} INFO - [2026-06-07T10:48:02.090+0700] {dag.py:3211} INFO - Sync 1 DAGs
[2026-06-07T10:48:02.116+0700] {logging_mixin.py:190} INFO - [2026-06-07T10:48:02.115+0700] {dag.py:4138} INFO - Setting next_dagrun for dag_scraping_twitter to 2026-06-06 23:00:00+00:00, run_after=2026-06-07 11:00:00+00:00
[2026-06-07T10:48:02.138+0700] {processor.py:208} INFO - Processing /opt/airflow/dags/dag_scraping_twitter.py took 0.106 seconds
[2026-06-07T10:48:33.125+0700] {processor.py:186} INFO - Started process (PID=42452) to work on /opt/airflow/dags/dag_scraping_twitter.py
[2026-06-07T10:48:33.126+0700] {processor.py:914} INFO - Processing file /opt/airflow/dags/dag_scraping_twitter.py for tasks to queue
[2026-06-07T10:48:33.129+0700] {logging_mixin.py:190} INFO - [2026-06-07T10:48:33.128+0700] {dagbag.py:587} INFO - Filling up the DagBag from /opt/airflow/dags/dag_scraping_twitter.py
[2026-06-07T10:48:33.146+0700] {processor.py:925} INFO - DAG(s) 'dag_scraping_twitter' retrieved from /opt/airflow/dags/dag_scraping_twitter.py
[2026-06-07T10:48:33.181+0700] {logging_mixin.py:190} INFO - [2026-06-07T10:48:33.180+0700] {dag.py:3211} INFO - Sync 1 DAGs
[2026-06-07T10:48:33.207+0700] {logging_mixin.py:190} INFO - [2026-06-07T10:48:33.207+0700] {dag.py:4138} INFO - Setting next_dagrun for dag_scraping_twitter to 2026-06-06 23:00:00+00:00, run_after=2026-06-07 11:00:00+00:00
[2026-06-07T10:48:33.234+0700] {processor.py:208} INFO - Processing /opt/airflow/dags/dag_scraping_twitter.py took 0.116 seconds
[2026-06-07T10:49:04.214+0700] {processor.py:186} INFO - Started process (PID=42480) to work on /opt/airflow/dags/dag_scraping_twitter.py
[2026-06-07T10:49:04.215+0700] {processor.py:914} INFO - Processing file /opt/airflow/dags/dag_scraping_twitter.py for tasks to queue
[2026-06-07T10:49:04.218+0700] {logging_mixin.py:190} INFO - [2026-06-07T10:49:04.217+0700] {dagbag.py:587} INFO - Filling up the DagBag from /opt/airflow/dags/dag_scraping_twitter.py
[2026-06-07T10:49:04.239+0700] {processor.py:925} INFO - DAG(s) 'dag_scraping_twitter' retrieved from /opt/airflow/dags/dag_scraping_twitter.py
[2026-06-07T10:49:04.273+0700] {logging_mixin.py:190} INFO - [2026-06-07T10:49:04.273+0700] {dag.py:3211} INFO - Sync 1 DAGs
[2026-06-07T10:49:04.300+0700] {logging_mixin.py:190} INFO - [2026-06-07T10:49:04.300+0700] {dag.py:4138} INFO - Setting next_dagrun for dag_scraping_twitter to 2026-06-06 23:00:00+00:00, run_after=2026-06-07 11:00:00+00:00
[2026-06-07T10:49:04.324+0700] {processor.py:208} INFO - Processing /opt/airflow/dags/dag_scraping_twitter.py took 0.116 seconds
[2026-06-07T10:49:34.710+0700] {processor.py:186} INFO - Started process (PID=42508) to work on /opt/airflow/dags/dag_scraping_twitter.py
[2026-06-07T10:49:34.711+0700] {processor.py:914} INFO - Processing file /opt/airflow/dags/dag_scraping_twitter.py for tasks to queue
[2026-06-07T10:49:34.714+0700] {logging_mixin.py:190} INFO - [2026-06-07T10:49:34.713+0700] {dagbag.py:587} INFO - Filling up the DagBag from /opt/airflow/dags/dag_scraping_twitter.py
[2026-06-07T10:49:34.734+0700] {processor.py:925} INFO - DAG(s) 'dag_scraping_twitter' retrieved from /opt/airflow/dags/dag_scraping_twitter.py
[2026-06-07T10:49:34.765+0700] {logging_mixin.py:190} INFO - [2026-06-07T10:49:34.764+0700] {dag.py:3211} INFO - Sync 1 DAGs
[2026-06-07T10:49:34.789+0700] {logging_mixin.py:190} INFO - [2026-06-07T10:49:34.789+0700] {dag.py:4138} INFO - Setting next_dagrun for dag_scraping_twitter to 2026-06-06 23:00:00+00:00, run_after=2026-06-07 11:00:00+00:00
[2026-06-07T10:49:34.809+0700] {processor.py:208} INFO - Processing /opt/airflow/dags/dag_scraping_twitter.py took 0.106 seconds
[2026-06-07T10:50:05.442+0700] {processor.py:186} INFO - Started process (PID=42537) to work on /opt/airflow/dags/dag_scraping_twitter.py
[2026-06-07T10:50:05.443+0700] {processor.py:914} INFO - Processing file /opt/airflow/dags/dag_scraping_twitter.py for tasks to queue
[2026-06-07T10:50:05.446+0700] {logging_mixin.py:190} INFO - [2026-06-07T10:50:05.445+0700] {dagbag.py:587} INFO - Filling up the DagBag from /opt/airflow/dags/dag_scraping_twitter.py
[2026-06-07T10:50:05.467+0700] {processor.py:925} INFO - DAG(s) 'dag_scraping_twitter' retrieved from /opt/airflow/dags/dag_scraping_twitter.py
[2026-06-07T10:50:05.499+0700] {logging_mixin.py:190} INFO - [2026-06-07T10:50:05.499+0700] {dag.py:3211} INFO - Sync 1 DAGs
[2026-06-07T10:50:05.524+0700] {logging_mixin.py:190} INFO - [2026-06-07T10:50:05.524+0700] {dag.py:4138} INFO - Setting next_dagrun for dag_scraping_twitter to 2026-06-06 23:00:00+00:00, run_after=2026-06-07 11:00:00+00:00
[2026-06-07T10:50:05.547+0700] {processor.py:208} INFO - Processing /opt/airflow/dags/dag_scraping_twitter.py took 0.112 seconds
[2026-06-07T10:50:35.826+0700] {processor.py:186} INFO - Started process (PID=42565) to work on /opt/airflow/dags/dag_scraping_twitter.py
[2026-06-07T10:50:35.827+0700] {processor.py:914} INFO - Processing file /opt/airflow/dags/dag_scraping_twitter.py for tasks to queue
[2026-06-07T10:50:35.831+0700] {logging_mixin.py:190} INFO - [2026-06-07T10:50:35.831+0700] {dagbag.py:587} INFO - Filling up the DagBag from /opt/airflow/dags/dag_scraping_twitter.py
[2026-06-07T10:50:35.852+0700] {processor.py:925} INFO - DAG(s) 'dag_scraping_twitter' retrieved from /opt/airflow/dags/dag_scraping_twitter.py
[2026-06-07T10:50:35.879+0700] {logging_mixin.py:190} INFO - [2026-06-07T10:50:35.879+0700] {dag.py:3211} INFO - Sync 1 DAGs
[2026-06-07T10:50:35.903+0700] {logging_mixin.py:190} INFO - [2026-06-07T10:50:35.903+0700] {dag.py:4138} INFO - Setting next_dagrun for dag_scraping_twitter to 2026-06-06 23:00:00+00:00, run_after=2026-06-07 11:00:00+00:00
[2026-06-07T10:50:35.926+0700] {processor.py:208} INFO - Processing /opt/airflow/dags/dag_scraping_twitter.py took 0.107 seconds
[2026-06-07T10:51:06.594+0700] {processor.py:186} INFO - Started process (PID=42600) to work on /opt/airflow/dags/dag_scraping_twitter.py
[2026-06-07T10:51:06.595+0700] {processor.py:914} INFO - Processing file /opt/airflow/dags/dag_scraping_twitter.py for tasks to queue
[2026-06-07T10:51:06.598+0700] {logging_mixin.py:190} INFO - [2026-06-07T10:51:06.597+0700] {dagbag.py:587} INFO - Filling up the DagBag from /opt/airflow/dags/dag_scraping_twitter.py
[2026-06-07T10:51:06.706+0700] {processor.py:925} INFO - DAG(s) 'dag_scraping_twitter' retrieved from /opt/airflow/dags/dag_scraping_twitter.py
[2026-06-07T10:51:06.764+0700] {logging_mixin.py:190} INFO - [2026-06-07T10:51:06.764+0700] {dag.py:3211} INFO - Sync 1 DAGs
[2026-06-07T10:51:06.811+0700] {logging_mixin.py:190} INFO - [2026-06-07T10:51:06.811+0700] {dag.py:4138} INFO - Setting next_dagrun for dag_scraping_twitter to 2026-06-06 23:00:00+00:00, run_after=2026-06-07 11:00:00+00:00
[2026-06-07T10:51:06.832+0700] {processor.py:208} INFO - Processing /opt/airflow/dags/dag_scraping_twitter.py took 0.247 seconds
[2026-06-07T10:51:37.716+0700] {processor.py:186} INFO - Started process (PID=42629) to work on /opt/airflow/dags/dag_scraping_twitter.py
[2026-06-07T10:51:37.717+0700] {processor.py:914} INFO - Processing file /opt/airflow/dags/dag_scraping_twitter.py for tasks to queue
[2026-06-07T10:51:37.720+0700] {logging_mixin.py:190} INFO - [2026-06-07T10:51:37.720+0700] {dagbag.py:587} INFO - Filling up the DagBag from /opt/airflow/dags/dag_scraping_twitter.py
[2026-06-07T10:51:37.745+0700] {processor.py:925} INFO - DAG(s) 'dag_scraping_twitter' retrieved from /opt/airflow/dags/dag_scraping_twitter.py
[2026-06-07T10:51:37.776+0700] {logging_mixin.py:190} INFO - [2026-06-07T10:51:37.775+0700] {dag.py:3211} INFO - Sync 1 DAGs
[2026-06-07T10:51:37.817+0700] {logging_mixin.py:190} INFO - [2026-06-07T10:51:37.817+0700] {dag.py:4138} INFO - Setting next_dagrun for dag_scraping_twitter to 2026-06-06 23:00:00+00:00, run_after=2026-06-07 11:00:00+00:00
[2026-06-07T10:51:37.884+0700] {processor.py:208} INFO - Processing /opt/airflow/dags/dag_scraping_twitter.py took 0.176 seconds
[2026-06-07T10:52:08.000+0700] {processor.py:186} INFO - Started process (PID=42659) to work on /opt/airflow/dags/dag_scraping_twitter.py
[2026-06-07T10:52:08.002+0700] {processor.py:914} INFO - Processing file /opt/airflow/dags/dag_scraping_twitter.py for tasks to queue
[2026-06-07T10:52:08.005+0700] {logging_mixin.py:190} INFO - [2026-06-07T10:52:08.005+0700] {dagbag.py:587} INFO - Filling up the DagBag from /opt/airflow/dags/dag_scraping_twitter.py
[2026-06-07T10:52:08.028+0700] {processor.py:925} INFO - DAG(s) 'dag_scraping_twitter' retrieved from /opt/airflow/dags/dag_scraping_twitter.py
[2026-06-07T10:52:08.059+0700] {logging_mixin.py:190} INFO - [2026-06-07T10:52:08.059+0700] {dag.py:3211} INFO - Sync 1 DAGs
[2026-06-07T10:52:08.084+0700] {logging_mixin.py:190} INFO - [2026-06-07T10:52:08.084+0700] {dag.py:4138} INFO - Setting next_dagrun for dag_scraping_twitter to 2026-06-06 23:00:00+00:00, run_after=2026-06-07 11:00:00+00:00
[2026-06-07T10:52:08.113+0700] {processor.py:208} INFO - Processing /opt/airflow/dags/dag_scraping_twitter.py took 0.119 seconds
[2026-06-07T10:52:38.505+0700] {processor.py:186} INFO - Started process (PID=42688) to work on /opt/airflow/dags/dag_scraping_twitter.py
[2026-06-07T10:52:38.506+0700] {processor.py:914} INFO - Processing file /opt/airflow/dags/dag_scraping_twitter.py for tasks to queue
[2026-06-07T10:52:38.510+0700] {logging_mixin.py:190} INFO - [2026-06-07T10:52:38.509+0700] {dagbag.py:587} INFO - Filling up the DagBag from /opt/airflow/dags/dag_scraping_twitter.py
[2026-06-07T10:52:38.537+0700] {processor.py:925} INFO - DAG(s) 'dag_scraping_twitter' retrieved from /opt/airflow/dags/dag_scraping_twitter.py
[2026-06-07T10:52:38.570+0700] {logging_mixin.py:190} INFO - [2026-06-07T10:52:38.570+0700] {dag.py:3211} INFO - Sync 1 DAGs
[2026-06-07T10:52:38.596+0700] {logging_mixin.py:190} INFO - [2026-06-07T10:52:38.596+0700] {dag.py:4138} INFO - Setting next_dagrun for dag_scraping_twitter to 2026-06-06 23:00:00+00:00, run_after=2026-06-07 11:00:00+00:00
[2026-06-07T10:52:38.620+0700] {processor.py:208} INFO - Processing /opt/airflow/dags/dag_scraping_twitter.py took 0.124 seconds
[2026-06-07T10:53:08.889+0700] {processor.py:186} INFO - Started process (PID=42716) to work on /opt/airflow/dags/dag_scraping_twitter.py
[2026-06-07T10:53:08.890+0700] {processor.py:914} INFO - Processing file /opt/airflow/dags/dag_scraping_twitter.py for tasks to queue
[2026-06-07T10:53:08.893+0700] {logging_mixin.py:190} INFO - [2026-06-07T10:53:08.892+0700] {dagbag.py:587} INFO - Filling up the DagBag from /opt/airflow/dags/dag_scraping_twitter.py
[2026-06-07T10:53:08.912+0700] {processor.py:925} INFO - DAG(s) 'dag_scraping_twitter' retrieved from /opt/airflow/dags/dag_scraping_twitter.py
[2026-06-07T10:53:08.945+0700] {logging_mixin.py:190} INFO - [2026-06-07T10:53:08.944+0700] {dag.py:3211} INFO - Sync 1 DAGs
[2026-06-07T10:53:08.970+0700] {logging_mixin.py:190} INFO - [2026-06-07T10:53:08.969+0700] {dag.py:4138} INFO - Setting next_dagrun for dag_scraping_twitter to 2026-06-06 23:00:00+00:00, run_after=2026-06-07 11:00:00+00:00
[2026-06-07T10:53:08.993+0700] {processor.py:208} INFO - Processing /opt/airflow/dags/dag_scraping_twitter.py took 0.111 seconds
[2026-06-07T10:53:39.381+0700] {processor.py:186} INFO - Started process (PID=42744) to work on /opt/airflow/dags/dag_scraping_twitter.py
[2026-06-07T10:53:39.382+0700] {processor.py:914} INFO - Processing file /opt/airflow/dags/dag_scraping_twitter.py for tasks to queue
[2026-06-07T10:53:39.385+0700] {logging_mixin.py:190} INFO - [2026-06-07T10:53:39.384+0700] {dagbag.py:587} INFO - Filling up the DagBag from /opt/airflow/dags/dag_scraping_twitter.py
[2026-06-07T10:53:39.406+0700] {processor.py:925} INFO - DAG(s) 'dag_scraping_twitter' retrieved from /opt/airflow/dags/dag_scraping_twitter.py
[2026-06-07T10:53:39.435+0700] {logging_mixin.py:190} INFO - [2026-06-07T10:53:39.435+0700] {dag.py:3211} INFO - Sync 1 DAGs
[2026-06-07T10:53:39.458+0700] {logging_mixin.py:190} INFO - [2026-06-07T10:53:39.458+0700] {dag.py:4138} INFO - Setting next_dagrun for dag_scraping_twitter to 2026-06-06 23:00:00+00:00, run_after=2026-06-07 11:00:00+00:00
[2026-06-07T10:53:39.481+0700] {processor.py:208} INFO - Processing /opt/airflow/dags/dag_scraping_twitter.py took 0.107 seconds
[2026-06-07T10:54:10.016+0700] {processor.py:186} INFO - Started process (PID=42772) to work on /opt/airflow/dags/dag_scraping_twitter.py
[2026-06-07T10:54:10.018+0700] {processor.py:914} INFO - Processing file /opt/airflow/dags/dag_scraping_twitter.py for tasks to queue
[2026-06-07T10:54:10.020+0700] {logging_mixin.py:190} INFO - [2026-06-07T10:54:10.020+0700] {dagbag.py:587} INFO - Filling up the DagBag from /opt/airflow/dags/dag_scraping_twitter.py
[2026-06-07T10:54:10.040+0700] {processor.py:925} INFO - DAG(s) 'dag_scraping_twitter' retrieved from /opt/airflow/dags/dag_scraping_twitter.py
[2026-06-07T10:54:10.069+0700] {logging_mixin.py:190} INFO - [2026-06-07T10:54:10.069+0700] {dag.py:3211} INFO - Sync 1 DAGs
[2026-06-07T10:54:10.093+0700] {logging_mixin.py:190} INFO - [2026-06-07T10:54:10.093+0700] {dag.py:4138} INFO - Setting next_dagrun for dag_scraping_twitter to 2026-06-06 23:00:00+00:00, run_after=2026-06-07 11:00:00+00:00
[2026-06-07T10:54:10.119+0700] {processor.py:208} INFO - Processing /opt/airflow/dags/dag_scraping_twitter.py took 0.109 seconds
[2026-06-07T10:54:40.494+0700] {processor.py:186} INFO - Started process (PID=42806) to work on /opt/airflow/dags/dag_scraping_twitter.py
[2026-06-07T10:54:40.495+0700] {processor.py:914} INFO - Processing file /opt/airflow/dags/dag_scraping_twitter.py for tasks to queue
[2026-06-07T10:54:40.498+0700] {logging_mixin.py:190} INFO - [2026-06-07T10:54:40.498+0700] {dagbag.py:587} INFO - Filling up the DagBag from /opt/airflow/dags/dag_scraping_twitter.py
[2026-06-07T10:54:40.518+0700] {processor.py:925} INFO - DAG(s) 'dag_scraping_twitter' retrieved from /opt/airflow/dags/dag_scraping_twitter.py
[2026-06-07T10:54:40.549+0700] {logging_mixin.py:190} INFO - [2026-06-07T10:54:40.548+0700] {dag.py:3211} INFO - Sync 1 DAGs
[2026-06-07T10:54:40.574+0700] {logging_mixin.py:190} INFO - [2026-06-07T10:54:40.574+0700] {dag.py:4138} INFO - Setting next_dagrun for dag_scraping_twitter to 2026-06-06 23:00:00+00:00, run_after=2026-06-07 11:00:00+00:00
[2026-06-07T10:54:40.596+0700] {processor.py:208} INFO - Processing /opt/airflow/dags/dag_scraping_twitter.py took 0.109 seconds
[2026-06-07T10:55:11.138+0700] {processor.py:186} INFO - Started process (PID=42834) to work on /opt/airflow/dags/dag_scraping_twitter.py
[2026-06-07T10:55:11.140+0700] {processor.py:914} INFO - Processing file /opt/airflow/dags/dag_scraping_twitter.py for tasks to queue
[2026-06-07T10:55:11.143+0700] {logging_mixin.py:190} INFO - [2026-06-07T10:55:11.142+0700] {dagbag.py:587} INFO - Filling up the DagBag from /opt/airflow/dags/dag_scraping_twitter.py
[2026-06-07T10:55:11.217+0700] {processor.py:925} INFO - DAG(s) 'dag_scraping_twitter' retrieved from /opt/airflow/dags/dag_scraping_twitter.py
[2026-06-07T10:55:11.254+0700] {logging_mixin.py:190} INFO - [2026-06-07T10:55:11.254+0700] {dag.py:3211} INFO - Sync 1 DAGs
[2026-06-07T10:55:11.288+0700] {logging_mixin.py:190} INFO - [2026-06-07T10:55:11.288+0700] {dag.py:4138} INFO - Setting next_dagrun for dag_scraping_twitter to 2026-06-06 23:00:00+00:00, run_after=2026-06-07 11:00:00+00:00
[2026-06-07T10:55:11.337+0700] {processor.py:208} INFO - Processing /opt/airflow/dags/dag_scraping_twitter.py took 0.208 seconds
[2026-06-07T10:55:41.601+0700] {processor.py:186} INFO - Started process (PID=42862) to work on /opt/airflow/dags/dag_scraping_twitter.py
[2026-06-07T10:55:41.602+0700] {processor.py:914} INFO - Processing file /opt/airflow/dags/dag_scraping_twitter.py for tasks to queue
[2026-06-07T10:55:41.605+0700] {logging_mixin.py:190} INFO - [2026-06-07T10:55:41.605+0700] {dagbag.py:587} INFO - Filling up the DagBag from /opt/airflow/dags/dag_scraping_twitter.py
[2026-06-07T10:55:41.627+0700] {processor.py:925} INFO - DAG(s) 'dag_scraping_twitter' retrieved from /opt/airflow/dags/dag_scraping_twitter.py
[2026-06-07T10:55:41.662+0700] {logging_mixin.py:190} INFO - [2026-06-07T10:55:41.661+0700] {dag.py:3211} INFO - Sync 1 DAGs
[2026-06-07T10:55:41.693+0700] {logging_mixin.py:190} INFO - [2026-06-07T10:55:41.693+0700] {dag.py:4138} INFO - Setting next_dagrun for dag_scraping_twitter to 2026-06-06 23:00:00+00:00, run_after=2026-06-07 11:00:00+00:00
[2026-06-07T10:55:41.718+0700] {processor.py:208} INFO - Processing /opt/airflow/dags/dag_scraping_twitter.py took 0.124 seconds
[2026-06-07T10:56:12.678+0700] {processor.py:186} INFO - Started process (PID=42890) to work on /opt/airflow/dags/dag_scraping_twitter.py
[2026-06-07T10:56:12.680+0700] {processor.py:914} INFO - Processing file /opt/airflow/dags/dag_scraping_twitter.py for tasks to queue
[2026-06-07T10:56:12.683+0700] {logging_mixin.py:190} INFO - [2026-06-07T10:56:12.682+0700] {dagbag.py:587} INFO - Filling up the DagBag from /opt/airflow/dags/dag_scraping_twitter.py
[2026-06-07T10:56:12.708+0700] {processor.py:925} INFO - DAG(s) 'dag_scraping_twitter' retrieved from /opt/airflow/dags/dag_scraping_twitter.py
[2026-06-07T10:56:12.740+0700] {logging_mixin.py:190} INFO - [2026-06-07T10:56:12.739+0700] {dag.py:3211} INFO - Sync 1 DAGs
[2026-06-07T10:56:12.766+0700] {logging_mixin.py:190} INFO - [2026-06-07T10:56:12.766+0700] {dag.py:4138} INFO - Setting next_dagrun for dag_scraping_twitter to 2026-06-06 23:00:00+00:00, run_after=2026-06-07 11:00:00+00:00
[2026-06-07T10:56:12.790+0700] {processor.py:208} INFO - Processing /opt/airflow/dags/dag_scraping_twitter.py took 0.122 seconds
[2026-06-07T10:56:43.835+0700] {processor.py:186} INFO - Started process (PID=42918) to work on /opt/airflow/dags/dag_scraping_twitter.py
[2026-06-07T10:56:43.843+0700] {processor.py:914} INFO - Processing file /opt/airflow/dags/dag_scraping_twitter.py for tasks to queue
[2026-06-07T10:56:43.867+0700] {logging_mixin.py:190} INFO - [2026-06-07T10:56:43.861+0700] {dagbag.py:587} INFO - Filling up the DagBag from /opt/airflow/dags/dag_scraping_twitter.py
[2026-06-07T10:56:43.947+0700] {processor.py:925} INFO - DAG(s) 'dag_scraping_twitter' retrieved from /opt/airflow/dags/dag_scraping_twitter.py
[2026-06-07T10:56:44.000+0700] {logging_mixin.py:190} INFO - [2026-06-07T10:56:43.999+0700] {dag.py:3211} INFO - Sync 1 DAGs
[2026-06-07T10:56:44.105+0700] {logging_mixin.py:190} INFO - [2026-06-07T10:56:44.105+0700] {dag.py:4138} INFO - Setting next_dagrun for dag_scraping_twitter to 2026-06-06 23:00:00+00:00, run_after=2026-06-07 11:00:00+00:00
[2026-06-07T10:56:44.158+0700] {processor.py:208} INFO - Processing /opt/airflow/dags/dag_scraping_twitter.py took 0.340 seconds
[2026-06-07T10:57:14.533+0700] {processor.py:186} INFO - Started process (PID=42946) to work on /opt/airflow/dags/dag_scraping_twitter.py
[2026-06-07T10:57:14.538+0700] {processor.py:914} INFO - Processing file /opt/airflow/dags/dag_scraping_twitter.py for tasks to queue
[2026-06-07T10:57:14.541+0700] {logging_mixin.py:190} INFO - [2026-06-07T10:57:14.541+0700] {dagbag.py:587} INFO - Filling up the DagBag from /opt/airflow/dags/dag_scraping_twitter.py
[2026-06-07T10:57:14.564+0700] {processor.py:925} INFO - DAG(s) 'dag_scraping_twitter' retrieved from /opt/airflow/dags/dag_scraping_twitter.py
[2026-06-07T10:57:14.598+0700] {logging_mixin.py:190} INFO - [2026-06-07T10:57:14.598+0700] {dag.py:3211} INFO - Sync 1 DAGs
[2026-06-07T10:57:14.628+0700] {logging_mixin.py:190} INFO - [2026-06-07T10:57:14.627+0700] {dag.py:4138} INFO - Setting next_dagrun for dag_scraping_twitter to 2026-06-06 23:00:00+00:00, run_after=2026-06-07 11:00:00+00:00
[2026-06-07T10:57:14.650+0700] {processor.py:208} INFO - Processing /opt/airflow/dags/dag_scraping_twitter.py took 0.125 seconds
[2026-06-07T10:57:45.347+0700] {processor.py:186} INFO - Started process (PID=42975) to work on /opt/airflow/dags/dag_scraping_twitter.py
[2026-06-07T10:57:45.349+0700] {processor.py:914} INFO - Processing file /opt/airflow/dags/dag_scraping_twitter.py for tasks to queue
[2026-06-07T10:57:45.353+0700] {logging_mixin.py:190} INFO - [2026-06-07T10:57:45.352+0700] {dagbag.py:587} INFO - Filling up the DagBag from /opt/airflow/dags/dag_scraping_twitter.py
[2026-06-07T10:57:45.386+0700] {processor.py:925} INFO - DAG(s) 'dag_scraping_twitter' retrieved from /opt/airflow/dags/dag_scraping_twitter.py
[2026-06-07T10:57:45.424+0700] {logging_mixin.py:190} INFO - [2026-06-07T10:57:45.423+0700] {dag.py:3211} INFO - Sync 1 DAGs
[2026-06-07T10:57:45.454+0700] {logging_mixin.py:190} INFO - [2026-06-07T10:57:45.454+0700] {dag.py:4138} INFO - Setting next_dagrun for dag_scraping_twitter to 2026-06-06 23:00:00+00:00, run_after=2026-06-07 11:00:00+00:00
[2026-06-07T10:57:45.481+0700] {processor.py:208} INFO - Processing /opt/airflow/dags/dag_scraping_twitter.py took 0.143 seconds
[2026-06-07T10:58:16.403+0700] {processor.py:186} INFO - Started process (PID=43003) to work on /opt/airflow/dags/dag_scraping_twitter.py
[2026-06-07T10:58:16.404+0700] {processor.py:914} INFO - Processing file /opt/airflow/dags/dag_scraping_twitter.py for tasks to queue
[2026-06-07T10:58:16.407+0700] {logging_mixin.py:190} INFO - [2026-06-07T10:58:16.407+0700] {dagbag.py:587} INFO - Filling up the DagBag from /opt/airflow/dags/dag_scraping_twitter.py
[2026-06-07T10:58:16.429+0700] {processor.py:925} INFO - DAG(s) 'dag_scraping_twitter' retrieved from /opt/airflow/dags/dag_scraping_twitter.py
[2026-06-07T10:58:16.460+0700] {logging_mixin.py:190} INFO - [2026-06-07T10:58:16.460+0700] {dag.py:3211} INFO - Sync 1 DAGs
[2026-06-07T10:58:16.487+0700] {logging_mixin.py:190} INFO - [2026-06-07T10:58:16.487+0700] {dag.py:4138} INFO - Setting next_dagrun for dag_scraping_twitter to 2026-06-06 23:00:00+00:00, run_after=2026-06-07 11:00:00+00:00
[2026-06-07T10:58:16.513+0700] {processor.py:208} INFO - Processing /opt/airflow/dags/dag_scraping_twitter.py took 0.116 seconds
[2026-06-07T10:58:47.460+0700] {processor.py:186} INFO - Started process (PID=43037) to work on /opt/airflow/dags/dag_scraping_twitter.py
[2026-06-07T10:58:47.461+0700] {processor.py:914} INFO - Processing file /opt/airflow/dags/dag_scraping_twitter.py for tasks to queue
[2026-06-07T10:58:47.465+0700] {logging_mixin.py:190} INFO - [2026-06-07T10:58:47.465+0700] {dagbag.py:587} INFO - Filling up the DagBag from /opt/airflow/dags/dag_scraping_twitter.py
[2026-06-07T10:58:47.490+0700] {processor.py:925} INFO - DAG(s) 'dag_scraping_twitter' retrieved from /opt/airflow/dags/dag_scraping_twitter.py
[2026-06-07T10:58:47.520+0700] {logging_mixin.py:190} INFO - [2026-06-07T10:58:47.520+0700] {dag.py:3211} INFO - Sync 1 DAGs
[2026-06-07T10:58:47.547+0700] {logging_mixin.py:190} INFO - [2026-06-07T10:58:47.547+0700] {dag.py:4138} INFO - Setting next_dagrun for dag_scraping_twitter to 2026-06-06 23:00:00+00:00, run_after=2026-06-07 11:00:00+00:00
[2026-06-07T10:58:47.576+0700] {processor.py:208} INFO - Processing /opt/airflow/dags/dag_scraping_twitter.py took 0.123 seconds
[2026-06-07T10:59:17.881+0700] {processor.py:186} INFO - Started process (PID=43065) to work on /opt/airflow/dags/dag_scraping_twitter.py
[2026-06-07T10:59:17.882+0700] {processor.py:914} INFO - Processing file /opt/airflow/dags/dag_scraping_twitter.py for tasks to queue
[2026-06-07T10:59:17.885+0700] {logging_mixin.py:190} INFO - [2026-06-07T10:59:17.885+0700] {dagbag.py:587} INFO - Filling up the DagBag from /opt/airflow/dags/dag_scraping_twitter.py
[2026-06-07T10:59:17.909+0700] {processor.py:925} INFO - DAG(s) 'dag_scraping_twitter' retrieved from /opt/airflow/dags/dag_scraping_twitter.py
[2026-06-07T10:59:17.944+0700] {logging_mixin.py:190} INFO - [2026-06-07T10:59:17.944+0700] {dag.py:3211} INFO - Sync 1 DAGs
[2026-06-07T10:59:17.972+0700] {logging_mixin.py:190} INFO - [2026-06-07T10:59:17.971+0700] {dag.py:4138} INFO - Setting next_dagrun for dag_scraping_twitter to 2026-06-06 23:00:00+00:00, run_after=2026-06-07 11:00:00+00:00
[2026-06-07T10:59:17.995+0700] {processor.py:208} INFO - Processing /opt/airflow/dags/dag_scraping_twitter.py took 0.121 seconds
[2026-06-07T10:59:48.366+0700] {processor.py:186} INFO - Started process (PID=43093) to work on /opt/airflow/dags/dag_scraping_twitter.py
[2026-06-07T10:59:48.369+0700] {processor.py:914} INFO - Processing file /opt/airflow/dags/dag_scraping_twitter.py for tasks to queue
[2026-06-07T10:59:48.372+0700] {logging_mixin.py:190} INFO - [2026-06-07T10:59:48.372+0700] {dagbag.py:587} INFO - Filling up the DagBag from /opt/airflow/dags/dag_scraping_twitter.py
[2026-06-07T10:59:48.394+0700] {processor.py:925} INFO - DAG(s) 'dag_scraping_twitter' retrieved from /opt/airflow/dags/dag_scraping_twitter.py
[2026-06-07T10:59:48.426+0700] {logging_mixin.py:190} INFO - [2026-06-07T10:59:48.426+0700] {dag.py:3211} INFO - Sync 1 DAGs
[2026-06-07T10:59:48.455+0700] {logging_mixin.py:190} INFO - [2026-06-07T10:59:48.455+0700] {dag.py:4138} INFO - Setting next_dagrun for dag_scraping_twitter to 2026-06-06 23:00:00+00:00, run_after=2026-06-07 11:00:00+00:00
[2026-06-07T10:59:48.480+0700] {processor.py:208} INFO - Processing /opt/airflow/dags/dag_scraping_twitter.py took 0.123 seconds
[2026-06-07T11:00:18.851+0700] {processor.py:186} INFO - Started process (PID=43121) to work on /opt/airflow/dags/dag_scraping_twitter.py
[2026-06-07T11:00:18.852+0700] {processor.py:914} INFO - Processing file /opt/airflow/dags/dag_scraping_twitter.py for tasks to queue
[2026-06-07T11:00:18.856+0700] {logging_mixin.py:190} INFO - [2026-06-07T11:00:18.856+0700] {dagbag.py:587} INFO - Filling up the DagBag from /opt/airflow/dags/dag_scraping_twitter.py
[2026-06-07T11:00:18.878+0700] {processor.py:925} INFO - DAG(s) 'dag_scraping_twitter' retrieved from /opt/airflow/dags/dag_scraping_twitter.py
[2026-06-07T11:00:18.913+0700] {logging_mixin.py:190} INFO - [2026-06-07T11:00:18.913+0700] {dag.py:3211} INFO - Sync 1 DAGs
[2026-06-07T11:00:18.943+0700] {logging_mixin.py:190} INFO - [2026-06-07T11:00:18.943+0700] {dag.py:4138} INFO - Setting next_dagrun for dag_scraping_twitter to 2026-06-06 23:00:00+00:00, run_after=2026-06-07 11:00:00+00:00
[2026-06-07T11:00:18.968+0700] {processor.py:208} INFO - Processing /opt/airflow/dags/dag_scraping_twitter.py took 0.125 seconds
[2026-06-07T11:00:49.749+0700] {processor.py:186} INFO - Started process (PID=43149) to work on /opt/airflow/dags/dag_scraping_twitter.py
[2026-06-07T11:00:49.762+0700] {processor.py:914} INFO - Processing file /opt/airflow/dags/dag_scraping_twitter.py for tasks to queue
[2026-06-07T11:00:49.776+0700] {logging_mixin.py:190} INFO - [2026-06-07T11:00:49.776+0700] {dagbag.py:587} INFO - Filling up the DagBag from /opt/airflow/dags/dag_scraping_twitter.py
[2026-06-07T11:00:49.838+0700] {processor.py:925} INFO - DAG(s) 'dag_scraping_twitter' retrieved from /opt/airflow/dags/dag_scraping_twitter.py
[2026-06-07T11:00:49.879+0700] {logging_mixin.py:190} INFO - [2026-06-07T11:00:49.878+0700] {dag.py:3211} INFO - Sync 1 DAGs
[2026-06-07T11:00:49.908+0700] {logging_mixin.py:190} INFO - [2026-06-07T11:00:49.908+0700] {dag.py:4138} INFO - Setting next_dagrun for dag_scraping_twitter to 2026-06-06 23:00:00+00:00, run_after=2026-06-07 11:00:00+00:00
[2026-06-07T11:00:49.932+0700] {processor.py:208} INFO - Processing /opt/airflow/dags/dag_scraping_twitter.py took 0.195 seconds
[2026-06-07T11:01:20.662+0700] {processor.py:186} INFO - Started process (PID=43177) to work on /opt/airflow/dags/dag_scraping_twitter.py
[2026-06-07T11:01:20.663+0700] {processor.py:914} INFO - Processing file /opt/airflow/dags/dag_scraping_twitter.py for tasks to queue
[2026-06-07T11:01:20.667+0700] {logging_mixin.py:190} INFO - [2026-06-07T11:01:20.666+0700] {dagbag.py:587} INFO - Filling up the DagBag from /opt/airflow/dags/dag_scraping_twitter.py
[2026-06-07T11:01:20.688+0700] {processor.py:925} INFO - DAG(s) 'dag_scraping_twitter' retrieved from /opt/airflow/dags/dag_scraping_twitter.py
[2026-06-07T11:01:20.720+0700] {logging_mixin.py:190} INFO - [2026-06-07T11:01:20.720+0700] {dag.py:3211} INFO - Sync 1 DAGs
[2026-06-07T11:01:20.747+0700] {logging_mixin.py:190} INFO - [2026-06-07T11:01:20.747+0700] {dag.py:4138} INFO - Setting next_dagrun for dag_scraping_twitter to 2026-06-06 23:00:00+00:00, run_after=2026-06-07 11:00:00+00:00
[2026-06-07T11:01:20.772+0700] {processor.py:208} INFO - Processing /opt/airflow/dags/dag_scraping_twitter.py took 0.120 seconds
[2026-06-07T11:01:51.158+0700] {processor.py:186} INFO - Started process (PID=43206) to work on /opt/airflow/dags/dag_scraping_twitter.py
[2026-06-07T11:01:51.161+0700] {processor.py:914} INFO - Processing file /opt/airflow/dags/dag_scraping_twitter.py for tasks to queue
[2026-06-07T11:01:51.166+0700] {logging_mixin.py:190} INFO - [2026-06-07T11:01:51.165+0700] {dagbag.py:587} INFO - Filling up the DagBag from /opt/airflow/dags/dag_scraping_twitter.py
[2026-06-07T11:01:51.201+0700] {processor.py:925} INFO - DAG(s) 'dag_scraping_twitter' retrieved from /opt/airflow/dags/dag_scraping_twitter.py
[2026-06-07T11:01:51.249+0700] {logging_mixin.py:190} INFO - [2026-06-07T11:01:51.249+0700] {dag.py:3211} INFO - Sync 1 DAGs
[2026-06-07T11:01:51.303+0700] {logging_mixin.py:190} INFO - [2026-06-07T11:01:51.303+0700] {dag.py:4138} INFO - Setting next_dagrun for dag_scraping_twitter to 2026-06-06 23:00:00+00:00, run_after=2026-06-07 11:00:00+00:00
[2026-06-07T11:01:51.357+0700] {processor.py:208} INFO - Processing /opt/airflow/dags/dag_scraping_twitter.py took 0.213 seconds
[2026-06-07T11:02:21.810+0700] {processor.py:186} INFO - Started process (PID=43234) to work on /opt/airflow/dags/dag_scraping_twitter.py
[2026-06-07T11:02:21.814+0700] {processor.py:914} INFO - Processing file /opt/airflow/dags/dag_scraping_twitter.py for tasks to queue
[2026-06-07T11:02:21.817+0700] {logging_mixin.py:190} INFO - [2026-06-07T11:02:21.817+0700] {dagbag.py:587} INFO - Filling up the DagBag from /opt/airflow/dags/dag_scraping_twitter.py
[2026-06-07T11:02:21.850+0700] {processor.py:925} INFO - DAG(s) 'dag_scraping_twitter' retrieved from /opt/airflow/dags/dag_scraping_twitter.py
[2026-06-07T11:02:21.896+0700] {logging_mixin.py:190} INFO - [2026-06-07T11:02:21.896+0700] {dag.py:3211} INFO - Sync 1 DAGs
[2026-06-07T11:02:21.934+0700] {logging_mixin.py:190} INFO - [2026-06-07T11:02:21.934+0700] {dag.py:4138} INFO - Setting next_dagrun for dag_scraping_twitter to 2026-06-06 23:00:00+00:00, run_after=2026-06-07 11:00:00+00:00
[2026-06-07T11:02:21.964+0700] {processor.py:208} INFO - Processing /opt/airflow/dags/dag_scraping_twitter.py took 0.165 seconds
[2026-06-07T11:02:52.211+0700] {processor.py:186} INFO - Started process (PID=43268) to work on /opt/airflow/dags/dag_scraping_twitter.py
[2026-06-07T11:02:52.213+0700] {processor.py:914} INFO - Processing file /opt/airflow/dags/dag_scraping_twitter.py for tasks to queue
[2026-06-07T11:02:52.217+0700] {logging_mixin.py:190} INFO - [2026-06-07T11:02:52.217+0700] {dagbag.py:587} INFO - Filling up the DagBag from /opt/airflow/dags/dag_scraping_twitter.py
[2026-06-07T11:02:52.244+0700] {processor.py:925} INFO - DAG(s) 'dag_scraping_twitter' retrieved from /opt/airflow/dags/dag_scraping_twitter.py
[2026-06-07T11:02:52.288+0700] {logging_mixin.py:190} INFO - [2026-06-07T11:02:52.288+0700] {dag.py:3211} INFO - Sync 1 DAGs
[2026-06-07T11:02:52.326+0700] {logging_mixin.py:190} INFO - [2026-06-07T11:02:52.326+0700] {dag.py:4138} INFO - Setting next_dagrun for dag_scraping_twitter to 2026-06-06 23:00:00+00:00, run_after=2026-06-07 11:00:00+00:00
[2026-06-07T11:02:52.354+0700] {processor.py:208} INFO - Processing /opt/airflow/dags/dag_scraping_twitter.py took 0.152 seconds
[2026-06-07T11:03:22.998+0700] {processor.py:186} INFO - Started process (PID=43296) to work on /opt/airflow/dags/dag_scraping_twitter.py
[2026-06-07T11:03:23.000+0700] {processor.py:914} INFO - Processing file /opt/airflow/dags/dag_scraping_twitter.py for tasks to queue
[2026-06-07T11:03:23.002+0700] {logging_mixin.py:190} INFO - [2026-06-07T11:03:23.002+0700] {dagbag.py:587} INFO - Filling up the DagBag from /opt/airflow/dags/dag_scraping_twitter.py
[2026-06-07T11:03:23.024+0700] {processor.py:925} INFO - DAG(s) 'dag_scraping_twitter' retrieved from /opt/airflow/dags/dag_scraping_twitter.py
[2026-06-07T11:03:23.057+0700] {logging_mixin.py:190} INFO - [2026-06-07T11:03:23.057+0700] {dag.py:3211} INFO - Sync 1 DAGs
[2026-06-07T11:03:23.084+0700] {logging_mixin.py:190} INFO - [2026-06-07T11:03:23.084+0700] {dag.py:4138} INFO - Setting next_dagrun for dag_scraping_twitter to 2026-06-06 23:00:00+00:00, run_after=2026-06-07 11:00:00+00:00
[2026-06-07T11:03:23.113+0700] {processor.py:208} INFO - Processing /opt/airflow/dags/dag_scraping_twitter.py took 0.127 seconds
[2026-06-07T11:03:53.447+0700] {processor.py:186} INFO - Started process (PID=43324) to work on /opt/airflow/dags/dag_scraping_twitter.py
[2026-06-07T11:03:53.448+0700] {processor.py:914} INFO - Processing file /opt/airflow/dags/dag_scraping_twitter.py for tasks to queue
[2026-06-07T11:03:53.452+0700] {logging_mixin.py:190} INFO - [2026-06-07T11:03:53.451+0700] {dagbag.py:587} INFO - Filling up the DagBag from /opt/airflow/dags/dag_scraping_twitter.py
[2026-06-07T11:03:53.474+0700] {processor.py:925} INFO - DAG(s) 'dag_scraping_twitter' retrieved from /opt/airflow/dags/dag_scraping_twitter.py
[2026-06-07T11:03:53.505+0700] {logging_mixin.py:190} INFO - [2026-06-07T11:03:53.505+0700] {dag.py:3211} INFO - Sync 1 DAGs
[2026-06-07T11:03:53.534+0700] {logging_mixin.py:190} INFO - [2026-06-07T11:03:53.533+0700] {dag.py:4138} INFO - Setting next_dagrun for dag_scraping_twitter to 2026-06-06 23:00:00+00:00, run_after=2026-06-07 11:00:00+00:00
[2026-06-07T11:03:53.559+0700] {processor.py:208} INFO - Processing /opt/airflow/dags/dag_scraping_twitter.py took 0.119 seconds
[2026-06-07T11:04:24.266+0700] {processor.py:186} INFO - Started process (PID=43352) to work on /opt/airflow/dags/dag_scraping_twitter.py
[2026-06-07T11:04:24.269+0700] {processor.py:914} INFO - Processing file /opt/airflow/dags/dag_scraping_twitter.py for tasks to queue
[2026-06-07T11:04:24.274+0700] {logging_mixin.py:190} INFO - [2026-06-07T11:04:24.273+0700] {dagbag.py:587} INFO - Filling up the DagBag from /opt/airflow/dags/dag_scraping_twitter.py
[2026-06-07T11:04:24.305+0700] {processor.py:925} INFO - DAG(s) 'dag_scraping_twitter' retrieved from /opt/airflow/dags/dag_scraping_twitter.py
[2026-06-07T11:04:24.345+0700] {logging_mixin.py:190} INFO - [2026-06-07T11:04:24.344+0700] {dag.py:3211} INFO - Sync 1 DAGs
[2026-06-07T11:04:24.381+0700] {logging_mixin.py:190} INFO - [2026-06-07T11:04:24.381+0700] {dag.py:4138} INFO - Setting next_dagrun for dag_scraping_twitter to 2026-06-06 23:00:00+00:00, run_after=2026-06-07 11:00:00+00:00
[2026-06-07T11:04:24.412+0700] {processor.py:208} INFO - Processing /opt/airflow/dags/dag_scraping_twitter.py took 0.156 seconds
[2026-06-07T11:04:54.801+0700] {processor.py:186} INFO - Started process (PID=43380) to work on /opt/airflow/dags/dag_scraping_twitter.py
[2026-06-07T11:04:54.803+0700] {processor.py:914} INFO - Processing file /opt/airflow/dags/dag_scraping_twitter.py for tasks to queue
[2026-06-07T11:04:54.805+0700] {logging_mixin.py:190} INFO - [2026-06-07T11:04:54.805+0700] {dagbag.py:587} INFO - Filling up the DagBag from /opt/airflow/dags/dag_scraping_twitter.py
[2026-06-07T11:04:54.828+0700] {processor.py:925} INFO - DAG(s) 'dag_scraping_twitter' retrieved from /opt/airflow/dags/dag_scraping_twitter.py
[2026-06-07T11:04:54.862+0700] {logging_mixin.py:190} INFO - [2026-06-07T11:04:54.862+0700] {dag.py:3211} INFO - Sync 1 DAGs
[2026-06-07T11:04:54.891+0700] {logging_mixin.py:190} INFO - [2026-06-07T11:04:54.890+0700] {dag.py:4138} INFO - Setting next_dagrun for dag_scraping_twitter to 2026-06-06 23:00:00+00:00, run_after=2026-06-07 11:00:00+00:00
[2026-06-07T11:04:54.912+0700] {processor.py:208} INFO - Processing /opt/airflow/dags/dag_scraping_twitter.py took 0.118 seconds
[2026-06-07T11:05:25.686+0700] {processor.py:186} INFO - Started process (PID=43408) to work on /opt/airflow/dags/dag_scraping_twitter.py
[2026-06-07T11:05:25.688+0700] {processor.py:914} INFO - Processing file /opt/airflow/dags/dag_scraping_twitter.py for tasks to queue
[2026-06-07T11:05:25.694+0700] {logging_mixin.py:190} INFO - [2026-06-07T11:05:25.693+0700] {dagbag.py:587} INFO - Filling up the DagBag from /opt/airflow/dags/dag_scraping_twitter.py
[2026-06-07T11:05:25.725+0700] {processor.py:925} INFO - DAG(s) 'dag_scraping_twitter' retrieved from /opt/airflow/dags/dag_scraping_twitter.py
[2026-06-07T11:05:25.772+0700] {logging_mixin.py:190} INFO - [2026-06-07T11:05:25.772+0700] {dag.py:3211} INFO - Sync 1 DAGs
[2026-06-07T11:05:25.831+0700] {logging_mixin.py:190} INFO - [2026-06-07T11:05:25.831+0700] {dag.py:4138} INFO - Setting next_dagrun for dag_scraping_twitter to 2026-06-06 23:00:00+00:00, run_after=2026-06-07 11:00:00+00:00
[2026-06-07T11:05:25.869+0700] {processor.py:208} INFO - Processing /opt/airflow/dags/dag_scraping_twitter.py took 0.193 seconds
[2026-06-07T11:05:56.586+0700] {processor.py:186} INFO - Started process (PID=43436) to work on /opt/airflow/dags/dag_scraping_twitter.py
[2026-06-07T11:05:56.588+0700] {processor.py:914} INFO - Processing file /opt/airflow/dags/dag_scraping_twitter.py for tasks to queue
[2026-06-07T11:05:56.598+0700] {logging_mixin.py:190} INFO - [2026-06-07T11:05:56.597+0700] {dagbag.py:587} INFO - Filling up the DagBag from /opt/airflow/dags/dag_scraping_twitter.py
[2026-06-07T11:05:56.647+0700] {processor.py:925} INFO - DAG(s) 'dag_scraping_twitter' retrieved from /opt/airflow/dags/dag_scraping_twitter.py
[2026-06-07T11:05:56.684+0700] {logging_mixin.py:190} INFO - [2026-06-07T11:05:56.684+0700] {dag.py:3211} INFO - Sync 1 DAGs
[2026-06-07T11:05:56.721+0700] {logging_mixin.py:190} INFO - [2026-06-07T11:05:56.721+0700] {dag.py:4138} INFO - Setting next_dagrun for dag_scraping_twitter to 2026-06-06 23:00:00+00:00, run_after=2026-06-07 11:00:00+00:00
[2026-06-07T11:05:56.748+0700] {processor.py:208} INFO - Processing /opt/airflow/dags/dag_scraping_twitter.py took 0.188 seconds
[2026-06-07T11:06:27.484+0700] {processor.py:186} INFO - Started process (PID=43470) to work on /opt/airflow/dags/dag_scraping_twitter.py
[2026-06-07T11:06:27.486+0700] {processor.py:914} INFO - Processing file /opt/airflow/dags/dag_scraping_twitter.py for tasks to queue
[2026-06-07T11:06:27.491+0700] {logging_mixin.py:190} INFO - [2026-06-07T11:06:27.490+0700] {dagbag.py:587} INFO - Filling up the DagBag from /opt/airflow/dags/dag_scraping_twitter.py
[2026-06-07T11:06:27.526+0700] {processor.py:925} INFO - DAG(s) 'dag_scraping_twitter' retrieved from /opt/airflow/dags/dag_scraping_twitter.py
[2026-06-07T11:06:27.573+0700] {logging_mixin.py:190} INFO - [2026-06-07T11:06:27.573+0700] {dag.py:3211} INFO - Sync 1 DAGs
[2026-06-07T11:06:27.607+0700] {logging_mixin.py:190} INFO - [2026-06-07T11:06:27.607+0700] {dag.py:4138} INFO - Setting next_dagrun for dag_scraping_twitter to 2026-06-06 23:00:00+00:00, run_after=2026-06-07 11:00:00+00:00
[2026-06-07T11:06:27.633+0700] {processor.py:208} INFO - Processing /opt/airflow/dags/dag_scraping_twitter.py took 0.161 seconds
[2026-06-07T11:06:57.733+0700] {processor.py:186} INFO - Started process (PID=43498) to work on /opt/airflow/dags/dag_scraping_twitter.py
[2026-06-07T11:06:57.734+0700] {processor.py:914} INFO - Processing file /opt/airflow/dags/dag_scraping_twitter.py for tasks to queue
[2026-06-07T11:06:57.738+0700] {logging_mixin.py:190} INFO - [2026-06-07T11:06:57.737+0700] {dagbag.py:587} INFO - Filling up the DagBag from /opt/airflow/dags/dag_scraping_twitter.py
[2026-06-07T11:06:57.759+0700] {processor.py:925} INFO - DAG(s) 'dag_scraping_twitter' retrieved from /opt/airflow/dags/dag_scraping_twitter.py
[2026-06-07T11:06:57.795+0700] {logging_mixin.py:190} INFO - [2026-06-07T11:06:57.795+0700] {dag.py:3211} INFO - Sync 1 DAGs
[2026-06-07T11:06:57.824+0700] {logging_mixin.py:190} INFO - [2026-06-07T11:06:57.824+0700] {dag.py:4138} INFO - Setting next_dagrun for dag_scraping_twitter to 2026-06-06 23:00:00+00:00, run_after=2026-06-07 11:00:00+00:00
[2026-06-07T11:06:57.847+0700] {processor.py:208} INFO - Processing /opt/airflow/dags/dag_scraping_twitter.py took 0.121 seconds
[2026-06-07T11:07:28.605+0700] {processor.py:186} INFO - Started process (PID=43526) to work on /opt/airflow/dags/dag_scraping_twitter.py
[2026-06-07T11:07:28.607+0700] {processor.py:914} INFO - Processing file /opt/airflow/dags/dag_scraping_twitter.py for tasks to queue
[2026-06-07T11:07:28.610+0700] {logging_mixin.py:190} INFO - [2026-06-07T11:07:28.610+0700] {dagbag.py:587} INFO - Filling up the DagBag from /opt/airflow/dags/dag_scraping_twitter.py
[2026-06-07T11:07:28.633+0700] {processor.py:925} INFO - DAG(s) 'dag_scraping_twitter' retrieved from /opt/airflow/dags/dag_scraping_twitter.py
[2026-06-07T11:07:28.668+0700] {logging_mixin.py:190} INFO - [2026-06-07T11:07:28.668+0700] {dag.py:3211} INFO - Sync 1 DAGs
[2026-06-07T11:07:28.699+0700] {logging_mixin.py:190} INFO - [2026-06-07T11:07:28.699+0700] {dag.py:4138} INFO - Setting next_dagrun for dag_scraping_twitter to 2026-06-06 23:00:00+00:00, run_after=2026-06-07 11:00:00+00:00
[2026-06-07T11:07:28.729+0700] {processor.py:208} INFO - Processing /opt/airflow/dags/dag_scraping_twitter.py took 0.131 seconds
[2026-06-07T11:07:59.460+0700] {processor.py:186} INFO - Started process (PID=43554) to work on /opt/airflow/dags/dag_scraping_twitter.py
[2026-06-07T11:07:59.462+0700] {processor.py:914} INFO - Processing file /opt/airflow/dags/dag_scraping_twitter.py for tasks to queue
[2026-06-07T11:07:59.465+0700] {logging_mixin.py:190} INFO - [2026-06-07T11:07:59.464+0700] {dagbag.py:587} INFO - Filling up the DagBag from /opt/airflow/dags/dag_scraping_twitter.py
[2026-06-07T11:07:59.486+0700] {processor.py:925} INFO - DAG(s) 'dag_scraping_twitter' retrieved from /opt/airflow/dags/dag_scraping_twitter.py
[2026-06-07T11:07:59.520+0700] {logging_mixin.py:190} INFO - [2026-06-07T11:07:59.519+0700] {dag.py:3211} INFO - Sync 1 DAGs
[2026-06-07T11:07:59.548+0700] {logging_mixin.py:190} INFO - [2026-06-07T11:07:59.547+0700] {dag.py:4138} INFO - Setting next_dagrun for dag_scraping_twitter to 2026-06-06 23:00:00+00:00, run_after=2026-06-07 11:00:00+00:00
[2026-06-07T11:07:59.571+0700] {processor.py:208} INFO - Processing /opt/airflow/dags/dag_scraping_twitter.py took 0.119 seconds
[2026-06-07T11:08:29.710+0700] {processor.py:186} INFO - Started process (PID=43582) to work on /opt/airflow/dags/dag_scraping_twitter.py
[2026-06-07T11:08:29.712+0700] {processor.py:914} INFO - Processing file /opt/airflow/dags/dag_scraping_twitter.py for tasks to queue
[2026-06-07T11:08:29.716+0700] {logging_mixin.py:190} INFO - [2026-06-07T11:08:29.716+0700] {dagbag.py:587} INFO - Filling up the DagBag from /opt/airflow/dags/dag_scraping_twitter.py
[2026-06-07T11:08:29.737+0700] {processor.py:925} INFO - DAG(s) 'dag_scraping_twitter' retrieved from /opt/airflow/dags/dag_scraping_twitter.py
[2026-06-07T11:08:29.766+0700] {logging_mixin.py:190} INFO - [2026-06-07T11:08:29.766+0700] {dag.py:3211} INFO - Sync 1 DAGs
[2026-06-07T11:08:29.792+0700] {logging_mixin.py:190} INFO - [2026-06-07T11:08:29.791+0700] {dag.py:4138} INFO - Setting next_dagrun for dag_scraping_twitter to 2026-06-06 23:00:00+00:00, run_after=2026-06-07 11:00:00+00:00
[2026-06-07T11:08:29.814+0700] {processor.py:208} INFO - Processing /opt/airflow/dags/dag_scraping_twitter.py took 0.112 seconds
[2026-06-07T11:09:00.161+0700] {processor.py:186} INFO - Started process (PID=43610) to work on /opt/airflow/dags/dag_scraping_twitter.py
[2026-06-07T11:09:00.162+0700] {processor.py:914} INFO - Processing file /opt/airflow/dags/dag_scraping_twitter.py for tasks to queue
[2026-06-07T11:09:00.165+0700] {logging_mixin.py:190} INFO - [2026-06-07T11:09:00.164+0700] {dagbag.py:587} INFO - Filling up the DagBag from /opt/airflow/dags/dag_scraping_twitter.py
[2026-06-07T11:09:00.185+0700] {processor.py:925} INFO - DAG(s) 'dag_scraping_twitter' retrieved from /opt/airflow/dags/dag_scraping_twitter.py
[2026-06-07T11:09:00.220+0700] {logging_mixin.py:190} INFO - [2026-06-07T11:09:00.219+0700] {dag.py:3211} INFO - Sync 1 DAGs
[2026-06-07T11:09:00.250+0700] {logging_mixin.py:190} INFO - [2026-06-07T11:09:00.250+0700] {dag.py:4138} INFO - Setting next_dagrun for dag_scraping_twitter to 2026-06-06 23:00:00+00:00, run_after=2026-06-07 11:00:00+00:00
[2026-06-07T11:09:00.282+0700] {processor.py:208} INFO - Processing /opt/airflow/dags/dag_scraping_twitter.py took 0.130 seconds
[2026-06-07T11:09:30.340+0700] {processor.py:186} INFO - Started process (PID=43638) to work on /opt/airflow/dags/dag_scraping_twitter.py
[2026-06-07T11:09:30.341+0700] {processor.py:914} INFO - Processing file /opt/airflow/dags/dag_scraping_twitter.py for tasks to queue
[2026-06-07T11:09:30.344+0700] {logging_mixin.py:190} INFO - [2026-06-07T11:09:30.344+0700] {dagbag.py:587} INFO - Filling up the DagBag from /opt/airflow/dags/dag_scraping_twitter.py
[2026-06-07T11:09:30.365+0700] {processor.py:925} INFO - DAG(s) 'dag_scraping_twitter' retrieved from /opt/airflow/dags/dag_scraping_twitter.py
[2026-06-07T11:09:30.392+0700] {logging_mixin.py:190} INFO - [2026-06-07T11:09:30.391+0700] {dag.py:3211} INFO - Sync 1 DAGs
[2026-06-07T11:09:30.417+0700] {logging_mixin.py:190} INFO - [2026-06-07T11:09:30.417+0700] {dag.py:4138} INFO - Setting next_dagrun for dag_scraping_twitter to 2026-06-06 23:00:00+00:00, run_after=2026-06-07 11:00:00+00:00
[2026-06-07T11:09:30.441+0700] {processor.py:208} INFO - Processing /opt/airflow/dags/dag_scraping_twitter.py took 0.108 seconds
[2026-06-07T11:10:00.602+0700] {processor.py:186} INFO - Started process (PID=43666) to work on /opt/airflow/dags/dag_scraping_twitter.py
[2026-06-07T11:10:00.605+0700] {processor.py:914} INFO - Processing file /opt/airflow/dags/dag_scraping_twitter.py for tasks to queue
[2026-06-07T11:10:00.609+0700] {logging_mixin.py:190} INFO - [2026-06-07T11:10:00.608+0700] {dagbag.py:587} INFO - Filling up the DagBag from /opt/airflow/dags/dag_scraping_twitter.py
[2026-06-07T11:10:00.635+0700] {processor.py:925} INFO - DAG(s) 'dag_scraping_twitter' retrieved from /opt/airflow/dags/dag_scraping_twitter.py
[2026-06-07T11:10:00.677+0700] {logging_mixin.py:190} INFO - [2026-06-07T11:10:00.677+0700] {dag.py:3211} INFO - Sync 1 DAGs
[2026-06-07T11:10:00.716+0700] {logging_mixin.py:190} INFO - [2026-06-07T11:10:00.716+0700] {dag.py:4138} INFO - Setting next_dagrun for dag_scraping_twitter to 2026-06-06 23:00:00+00:00, run_after=2026-06-07 11:00:00+00:00
[2026-06-07T11:10:00.742+0700] {processor.py:208} INFO - Processing /opt/airflow/dags/dag_scraping_twitter.py took 0.150 seconds
[2026-06-07T11:10:31.325+0700] {processor.py:186} INFO - Started process (PID=43700) to work on /opt/airflow/dags/dag_scraping_twitter.py
[2026-06-07T11:10:31.327+0700] {processor.py:914} INFO - Processing file /opt/airflow/dags/dag_scraping_twitter.py for tasks to queue
[2026-06-07T11:10:31.330+0700] {logging_mixin.py:190} INFO - [2026-06-07T11:10:31.330+0700] {dagbag.py:587} INFO - Filling up the DagBag from /opt/airflow/dags/dag_scraping_twitter.py
[2026-06-07T11:10:31.354+0700] {processor.py:925} INFO - DAG(s) 'dag_scraping_twitter' retrieved from /opt/airflow/dags/dag_scraping_twitter.py
[2026-06-07T11:10:31.386+0700] {logging_mixin.py:190} INFO - [2026-06-07T11:10:31.386+0700] {dag.py:3211} INFO - Sync 1 DAGs
[2026-06-07T11:10:31.412+0700] {logging_mixin.py:190} INFO - [2026-06-07T11:10:31.412+0700] {dag.py:4138} INFO - Setting next_dagrun for dag_scraping_twitter to 2026-06-06 23:00:00+00:00, run_after=2026-06-07 11:00:00+00:00
[2026-06-07T11:10:31.436+0700] {processor.py:208} INFO - Processing /opt/airflow/dags/dag_scraping_twitter.py took 0.119 seconds
[2026-06-07T11:11:02.185+0700] {processor.py:186} INFO - Started process (PID=43728) to work on /opt/airflow/dags/dag_scraping_twitter.py
[2026-06-07T11:11:02.186+0700] {processor.py:914} INFO - Processing file /opt/airflow/dags/dag_scraping_twitter.py for tasks to queue
[2026-06-07T11:11:02.189+0700] {logging_mixin.py:190} INFO - [2026-06-07T11:11:02.189+0700] {dagbag.py:587} INFO - Filling up the DagBag from /opt/airflow/dags/dag_scraping_twitter.py
[2026-06-07T11:11:02.210+0700] {processor.py:925} INFO - DAG(s) 'dag_scraping_twitter' retrieved from /opt/airflow/dags/dag_scraping_twitter.py
[2026-06-07T11:11:02.244+0700] {logging_mixin.py:190} INFO - [2026-06-07T11:11:02.243+0700] {dag.py:3211} INFO - Sync 1 DAGs
[2026-06-07T11:11:02.269+0700] {logging_mixin.py:190} INFO - [2026-06-07T11:11:02.269+0700] {dag.py:4138} INFO - Setting next_dagrun for dag_scraping_twitter to 2026-06-06 23:00:00+00:00, run_after=2026-06-07 11:00:00+00:00
[2026-06-07T11:11:02.294+0700] {processor.py:208} INFO - Processing /opt/airflow/dags/dag_scraping_twitter.py took 0.118 seconds
[2026-06-07T11:11:32.687+0700] {processor.py:186} INFO - Started process (PID=43756) to work on /opt/airflow/dags/dag_scraping_twitter.py
[2026-06-07T11:11:32.689+0700] {processor.py:914} INFO - Processing file /opt/airflow/dags/dag_scraping_twitter.py for tasks to queue
[2026-06-07T11:11:32.692+0700] {logging_mixin.py:190} INFO - [2026-06-07T11:11:32.692+0700] {dagbag.py:587} INFO - Filling up the DagBag from /opt/airflow/dags/dag_scraping_twitter.py
[2026-06-07T11:11:32.713+0700] {processor.py:925} INFO - DAG(s) 'dag_scraping_twitter' retrieved from /opt/airflow/dags/dag_scraping_twitter.py
[2026-06-07T11:11:32.749+0700] {logging_mixin.py:190} INFO - [2026-06-07T11:11:32.749+0700] {dag.py:3211} INFO - Sync 1 DAGs
[2026-06-07T11:11:32.776+0700] {logging_mixin.py:190} INFO - [2026-06-07T11:11:32.776+0700] {dag.py:4138} INFO - Setting next_dagrun for dag_scraping_twitter to 2026-06-06 23:00:00+00:00, run_after=2026-06-07 11:00:00+00:00
[2026-06-07T11:11:32.801+0700] {processor.py:208} INFO - Processing /opt/airflow/dags/dag_scraping_twitter.py took 0.121 seconds
[2026-06-07T11:12:03.004+0700] {processor.py:186} INFO - Started process (PID=43784) to work on /opt/airflow/dags/dag_scraping_twitter.py
[2026-06-07T11:12:03.005+0700] {processor.py:914} INFO - Processing file /opt/airflow/dags/dag_scraping_twitter.py for tasks to queue
[2026-06-07T11:12:03.008+0700] {logging_mixin.py:190} INFO - [2026-06-07T11:12:03.008+0700] {dagbag.py:587} INFO - Filling up the DagBag from /opt/airflow/dags/dag_scraping_twitter.py
[2026-06-07T11:12:03.034+0700] {processor.py:925} INFO - DAG(s) 'dag_scraping_twitter' retrieved from /opt/airflow/dags/dag_scraping_twitter.py
[2026-06-07T11:12:03.066+0700] {logging_mixin.py:190} INFO - [2026-06-07T11:12:03.066+0700] {dag.py:3211} INFO - Sync 1 DAGs
[2026-06-07T11:12:03.094+0700] {logging_mixin.py:190} INFO - [2026-06-07T11:12:03.094+0700] {dag.py:4138} INFO - Setting next_dagrun for dag_scraping_twitter to 2026-06-06 23:00:00+00:00, run_after=2026-06-07 11:00:00+00:00
[2026-06-07T11:12:03.124+0700] {processor.py:208} INFO - Processing /opt/airflow/dags/dag_scraping_twitter.py took 0.127 seconds
[2026-06-07T11:12:33.911+0700] {processor.py:186} INFO - Started process (PID=43812) to work on /opt/airflow/dags/dag_scraping_twitter.py
[2026-06-07T11:12:33.913+0700] {processor.py:914} INFO - Processing file /opt/airflow/dags/dag_scraping_twitter.py for tasks to queue
[2026-06-07T11:12:33.915+0700] {logging_mixin.py:190} INFO - [2026-06-07T11:12:33.915+0700] {dagbag.py:587} INFO - Filling up the DagBag from /opt/airflow/dags/dag_scraping_twitter.py
[2026-06-07T11:12:33.941+0700] {processor.py:925} INFO - DAG(s) 'dag_scraping_twitter' retrieved from /opt/airflow/dags/dag_scraping_twitter.py
[2026-06-07T11:12:33.972+0700] {logging_mixin.py:190} INFO - [2026-06-07T11:12:33.972+0700] {dag.py:3211} INFO - Sync 1 DAGs
[2026-06-07T11:12:34.001+0700] {logging_mixin.py:190} INFO - [2026-06-07T11:12:34.000+0700] {dag.py:4138} INFO - Setting next_dagrun for dag_scraping_twitter to 2026-06-06 23:00:00+00:00, run_after=2026-06-07 11:00:00+00:00
[2026-06-07T11:12:34.025+0700] {processor.py:208} INFO - Processing /opt/airflow/dags/dag_scraping_twitter.py took 0.121 seconds
[2026-06-07T11:13:04.266+0700] {processor.py:186} INFO - Started process (PID=43840) to work on /opt/airflow/dags/dag_scraping_twitter.py
[2026-06-07T11:13:04.268+0700] {processor.py:914} INFO - Processing file /opt/airflow/dags/dag_scraping_twitter.py for tasks to queue
[2026-06-07T11:13:04.271+0700] {logging_mixin.py:190} INFO - [2026-06-07T11:13:04.270+0700] {dagbag.py:587} INFO - Filling up the DagBag from /opt/airflow/dags/dag_scraping_twitter.py
[2026-06-07T11:13:04.296+0700] {processor.py:925} INFO - DAG(s) 'dag_scraping_twitter' retrieved from /opt/airflow/dags/dag_scraping_twitter.py
[2026-06-07T11:13:04.327+0700] {logging_mixin.py:190} INFO - [2026-06-07T11:13:04.327+0700] {dag.py:3211} INFO - Sync 1 DAGs
[2026-06-07T11:13:04.354+0700] {logging_mixin.py:190} INFO - [2026-06-07T11:13:04.354+0700] {dag.py:4138} INFO - Setting next_dagrun for dag_scraping_twitter to 2026-06-06 23:00:00+00:00, run_after=2026-06-07 11:00:00+00:00
[2026-06-07T11:13:04.377+0700] {processor.py:208} INFO - Processing /opt/airflow/dags/dag_scraping_twitter.py took 0.117 seconds
[2026-06-07T11:13:34.844+0700] {processor.py:186} INFO - Started process (PID=43868) to work on /opt/airflow/dags/dag_scraping_twitter.py
[2026-06-07T11:13:34.846+0700] {processor.py:914} INFO - Processing file /opt/airflow/dags/dag_scraping_twitter.py for tasks to queue
[2026-06-07T11:13:34.850+0700] {logging_mixin.py:190} INFO - [2026-06-07T11:13:34.849+0700] {dagbag.py:587} INFO - Filling up the DagBag from /opt/airflow/dags/dag_scraping_twitter.py
[2026-06-07T11:13:34.873+0700] {processor.py:925} INFO - DAG(s) 'dag_scraping_twitter' retrieved from /opt/airflow/dags/dag_scraping_twitter.py
[2026-06-07T11:13:34.909+0700] {logging_mixin.py:190} INFO - [2026-06-07T11:13:34.908+0700] {dag.py:3211} INFO - Sync 1 DAGs
[2026-06-07T11:13:34.934+0700] {logging_mixin.py:190} INFO - [2026-06-07T11:13:34.934+0700] {dag.py:4138} INFO - Setting next_dagrun for dag_scraping_twitter to 2026-06-06 23:00:00+00:00, run_after=2026-06-07 11:00:00+00:00
[2026-06-07T11:13:34.957+0700] {processor.py:208} INFO - Processing /opt/airflow/dags/dag_scraping_twitter.py took 0.122 seconds
[2026-06-07T11:14:05.518+0700] {processor.py:186} INFO - Started process (PID=43896) to work on /opt/airflow/dags/dag_scraping_twitter.py
[2026-06-07T11:14:05.519+0700] {processor.py:914} INFO - Processing file /opt/airflow/dags/dag_scraping_twitter.py for tasks to queue
[2026-06-07T11:14:05.522+0700] {logging_mixin.py:190} INFO - [2026-06-07T11:14:05.522+0700] {dagbag.py:587} INFO - Filling up the DagBag from /opt/airflow/dags/dag_scraping_twitter.py
[2026-06-07T11:14:05.546+0700] {processor.py:925} INFO - DAG(s) 'dag_scraping_twitter' retrieved from /opt/airflow/dags/dag_scraping_twitter.py
[2026-06-07T11:14:05.580+0700] {logging_mixin.py:190} INFO - [2026-06-07T11:14:05.579+0700] {dag.py:3211} INFO - Sync 1 DAGs
[2026-06-07T11:14:05.607+0700] {logging_mixin.py:190} INFO - [2026-06-07T11:14:05.607+0700] {dag.py:4138} INFO - Setting next_dagrun for dag_scraping_twitter to 2026-06-06 23:00:00+00:00, run_after=2026-06-07 11:00:00+00:00
[2026-06-07T11:14:05.631+0700] {processor.py:208} INFO - Processing /opt/airflow/dags/dag_scraping_twitter.py took 0.122 seconds
[2026-06-07T11:14:35.929+0700] {processor.py:186} INFO - Started process (PID=43930) to work on /opt/airflow/dags/dag_scraping_twitter.py
[2026-06-07T11:14:35.931+0700] {processor.py:914} INFO - Processing file /opt/airflow/dags/dag_scraping_twitter.py for tasks to queue
[2026-06-07T11:14:35.933+0700] {logging_mixin.py:190} INFO - [2026-06-07T11:14:35.933+0700] {dagbag.py:587} INFO - Filling up the DagBag from /opt/airflow/dags/dag_scraping_twitter.py
[2026-06-07T11:14:35.956+0700] {processor.py:925} INFO - DAG(s) 'dag_scraping_twitter' retrieved from /opt/airflow/dags/dag_scraping_twitter.py
[2026-06-07T11:14:35.989+0700] {logging_mixin.py:190} INFO - [2026-06-07T11:14:35.988+0700] {dag.py:3211} INFO - Sync 1 DAGs
[2026-06-07T11:14:36.017+0700] {logging_mixin.py:190} INFO - [2026-06-07T11:14:36.017+0700] {dag.py:4138} INFO - Setting next_dagrun for dag_scraping_twitter to 2026-06-06 23:00:00+00:00, run_after=2026-06-07 11:00:00+00:00
[2026-06-07T11:14:36.041+0700] {processor.py:208} INFO - Processing /opt/airflow/dags/dag_scraping_twitter.py took 0.119 seconds
[2026-06-07T11:15:06.970+0700] {processor.py:186} INFO - Started process (PID=43958) to work on /opt/airflow/dags/dag_scraping_twitter.py
[2026-06-07T11:15:06.971+0700] {processor.py:914} INFO - Processing file /opt/airflow/dags/dag_scraping_twitter.py for tasks to queue
[2026-06-07T11:15:06.974+0700] {logging_mixin.py:190} INFO - [2026-06-07T11:15:06.974+0700] {dagbag.py:587} INFO - Filling up the DagBag from /opt/airflow/dags/dag_scraping_twitter.py
[2026-06-07T11:15:06.998+0700] {processor.py:925} INFO - DAG(s) 'dag_scraping_twitter' retrieved from /opt/airflow/dags/dag_scraping_twitter.py
[2026-06-07T11:15:07.029+0700] {logging_mixin.py:190} INFO - [2026-06-07T11:15:07.029+0700] {dag.py:3211} INFO - Sync 1 DAGs
[2026-06-07T11:15:07.058+0700] {logging_mixin.py:190} INFO - [2026-06-07T11:15:07.057+0700] {dag.py:4138} INFO - Setting next_dagrun for dag_scraping_twitter to 2026-06-06 23:00:00+00:00, run_after=2026-06-07 11:00:00+00:00
[2026-06-07T11:15:07.081+0700] {processor.py:208} INFO - Processing /opt/airflow/dags/dag_scraping_twitter.py took 0.119 seconds
[2026-06-07T11:15:37.807+0700] {processor.py:186} INFO - Started process (PID=43986) to work on /opt/airflow/dags/dag_scraping_twitter.py
[2026-06-07T11:15:37.809+0700] {processor.py:914} INFO - Processing file /opt/airflow/dags/dag_scraping_twitter.py for tasks to queue
[2026-06-07T11:15:37.815+0700] {logging_mixin.py:190} INFO - [2026-06-07T11:15:37.814+0700] {dagbag.py:587} INFO - Filling up the DagBag from /opt/airflow/dags/dag_scraping_twitter.py
[2026-06-07T11:15:37.838+0700] {processor.py:925} INFO - DAG(s) 'dag_scraping_twitter' retrieved from /opt/airflow/dags/dag_scraping_twitter.py
[2026-06-07T11:15:37.868+0700] {logging_mixin.py:190} INFO - [2026-06-07T11:15:37.868+0700] {dag.py:3211} INFO - Sync 1 DAGs
[2026-06-07T11:15:37.896+0700] {logging_mixin.py:190} INFO - [2026-06-07T11:15:37.895+0700] {dag.py:4138} INFO - Setting next_dagrun for dag_scraping_twitter to 2026-06-06 23:00:00+00:00, run_after=2026-06-07 11:00:00+00:00
[2026-06-07T11:15:37.919+0700] {processor.py:208} INFO - Processing /opt/airflow/dags/dag_scraping_twitter.py took 0.123 seconds
[2026-06-07T11:16:07.993+0700] {processor.py:186} INFO - Started process (PID=44014) to work on /opt/airflow/dags/dag_scraping_twitter.py
[2026-06-07T11:16:07.995+0700] {processor.py:914} INFO - Processing file /opt/airflow/dags/dag_scraping_twitter.py for tasks to queue
[2026-06-07T11:16:07.999+0700] {logging_mixin.py:190} INFO - [2026-06-07T11:16:07.998+0700] {dagbag.py:587} INFO - Filling up the DagBag from /opt/airflow/dags/dag_scraping_twitter.py
[2026-06-07T11:16:08.032+0700] {processor.py:925} INFO - DAG(s) 'dag_scraping_twitter' retrieved from /opt/airflow/dags/dag_scraping_twitter.py
[2026-06-07T11:16:08.069+0700] {logging_mixin.py:190} INFO - [2026-06-07T11:16:08.068+0700] {dag.py:3211} INFO - Sync 1 DAGs
[2026-06-07T11:16:08.099+0700] {logging_mixin.py:190} INFO - [2026-06-07T11:16:08.099+0700] {dag.py:4138} INFO - Setting next_dagrun for dag_scraping_twitter to 2026-06-06 23:00:00+00:00, run_after=2026-06-07 11:00:00+00:00
[2026-06-07T11:16:08.127+0700] {processor.py:208} INFO - Processing /opt/airflow/dags/dag_scraping_twitter.py took 0.142 seconds
[2026-06-07T11:16:39.136+0700] {processor.py:186} INFO - Started process (PID=44042) to work on /opt/airflow/dags/dag_scraping_twitter.py
[2026-06-07T11:16:39.138+0700] {processor.py:914} INFO - Processing file /opt/airflow/dags/dag_scraping_twitter.py for tasks to queue
[2026-06-07T11:16:39.142+0700] {logging_mixin.py:190} INFO - [2026-06-07T11:16:39.141+0700] {dagbag.py:587} INFO - Filling up the DagBag from /opt/airflow/dags/dag_scraping_twitter.py
[2026-06-07T11:16:39.165+0700] {processor.py:925} INFO - DAG(s) 'dag_scraping_twitter' retrieved from /opt/airflow/dags/dag_scraping_twitter.py
[2026-06-07T11:16:39.199+0700] {logging_mixin.py:190} INFO - [2026-06-07T11:16:39.199+0700] {dag.py:3211} INFO - Sync 1 DAGs
[2026-06-07T11:16:39.229+0700] {logging_mixin.py:190} INFO - [2026-06-07T11:16:39.229+0700] {dag.py:4138} INFO - Setting next_dagrun for dag_scraping_twitter to 2026-06-06 23:00:00+00:00, run_after=2026-06-07 11:00:00+00:00
[2026-06-07T11:16:39.253+0700] {processor.py:208} INFO - Processing /opt/airflow/dags/dag_scraping_twitter.py took 0.125 seconds
[2026-06-07T11:17:09.541+0700] {processor.py:186} INFO - Started process (PID=44070) to work on /opt/airflow/dags/dag_scraping_twitter.py
[2026-06-07T11:17:09.543+0700] {processor.py:914} INFO - Processing file /opt/airflow/dags/dag_scraping_twitter.py for tasks to queue
[2026-06-07T11:17:09.548+0700] {logging_mixin.py:190} INFO - [2026-06-07T11:17:09.547+0700] {dagbag.py:587} INFO - Filling up the DagBag from /opt/airflow/dags/dag_scraping_twitter.py
[2026-06-07T11:17:09.579+0700] {processor.py:925} INFO - DAG(s) 'dag_scraping_twitter' retrieved from /opt/airflow/dags/dag_scraping_twitter.py
[2026-06-07T11:17:09.618+0700] {logging_mixin.py:190} INFO - [2026-06-07T11:17:09.617+0700] {dag.py:3211} INFO - Sync 1 DAGs
[2026-06-07T11:17:09.657+0700] {logging_mixin.py:190} INFO - [2026-06-07T11:17:09.656+0700] {dag.py:4138} INFO - Setting next_dagrun for dag_scraping_twitter to 2026-06-06 23:00:00+00:00, run_after=2026-06-07 11:00:00+00:00
[2026-06-07T11:17:09.689+0700] {processor.py:208} INFO - Processing /opt/airflow/dags/dag_scraping_twitter.py took 0.160 seconds
[2026-06-07T11:17:40.151+0700] {processor.py:186} INFO - Started process (PID=44098) to work on /opt/airflow/dags/dag_scraping_twitter.py
[2026-06-07T11:17:40.153+0700] {processor.py:914} INFO - Processing file /opt/airflow/dags/dag_scraping_twitter.py for tasks to queue
[2026-06-07T11:17:40.157+0700] {logging_mixin.py:190} INFO - [2026-06-07T11:17:40.156+0700] {dagbag.py:587} INFO - Filling up the DagBag from /opt/airflow/dags/dag_scraping_twitter.py
[2026-06-07T11:17:40.193+0700] {processor.py:925} INFO - DAG(s) 'dag_scraping_twitter' retrieved from /opt/airflow/dags/dag_scraping_twitter.py
[2026-06-07T11:17:40.239+0700] {logging_mixin.py:190} INFO - [2026-06-07T11:17:40.239+0700] {dag.py:3211} INFO - Sync 1 DAGs
[2026-06-07T11:17:40.280+0700] {logging_mixin.py:190} INFO - [2026-06-07T11:17:40.280+0700] {dag.py:4138} INFO - Setting next_dagrun for dag_scraping_twitter to 2026-06-06 23:00:00+00:00, run_after=2026-06-07 11:00:00+00:00
[2026-06-07T11:17:40.311+0700] {processor.py:208} INFO - Processing /opt/airflow/dags/dag_scraping_twitter.py took 0.170 seconds
[2026-06-07T11:18:11.143+0700] {processor.py:186} INFO - Started process (PID=44132) to work on /opt/airflow/dags/dag_scraping_twitter.py
[2026-06-07T11:18:11.145+0700] {processor.py:914} INFO - Processing file /opt/airflow/dags/dag_scraping_twitter.py for tasks to queue
[2026-06-07T11:18:11.150+0700] {logging_mixin.py:190} INFO - [2026-06-07T11:18:11.149+0700] {dagbag.py:587} INFO - Filling up the DagBag from /opt/airflow/dags/dag_scraping_twitter.py
[2026-06-07T11:18:11.184+0700] {processor.py:925} INFO - DAG(s) 'dag_scraping_twitter' retrieved from /opt/airflow/dags/dag_scraping_twitter.py
[2026-06-07T11:18:11.224+0700] {logging_mixin.py:190} INFO - [2026-06-07T11:18:11.224+0700] {dag.py:3211} INFO - Sync 1 DAGs
[2026-06-07T11:18:11.259+0700] {logging_mixin.py:190} INFO - [2026-06-07T11:18:11.259+0700] {dag.py:4138} INFO - Setting next_dagrun for dag_scraping_twitter to 2026-06-06 23:00:00+00:00, run_after=2026-06-07 11:00:00+00:00
[2026-06-07T11:18:11.289+0700] {processor.py:208} INFO - Processing /opt/airflow/dags/dag_scraping_twitter.py took 0.157 seconds
[2026-06-07T11:18:42.259+0700] {processor.py:186} INFO - Started process (PID=44160) to work on /opt/airflow/dags/dag_scraping_twitter.py
[2026-06-07T11:18:42.260+0700] {processor.py:914} INFO - Processing file /opt/airflow/dags/dag_scraping_twitter.py for tasks to queue
[2026-06-07T11:18:42.267+0700] {logging_mixin.py:190} INFO - [2026-06-07T11:18:42.266+0700] {dagbag.py:587} INFO - Filling up the DagBag from /opt/airflow/dags/dag_scraping_twitter.py
[2026-06-07T11:18:42.303+0700] {processor.py:925} INFO - DAG(s) 'dag_scraping_twitter' retrieved from /opt/airflow/dags/dag_scraping_twitter.py
[2026-06-07T11:18:42.364+0700] {logging_mixin.py:190} INFO - [2026-06-07T11:18:42.364+0700] {dag.py:3211} INFO - Sync 1 DAGs
[2026-06-07T11:18:42.411+0700] {logging_mixin.py:190} INFO - [2026-06-07T11:18:42.411+0700] {dag.py:4138} INFO - Setting next_dagrun for dag_scraping_twitter to 2026-06-06 23:00:00+00:00, run_after=2026-06-07 11:00:00+00:00
[2026-06-07T11:18:42.448+0700] {processor.py:208} INFO - Processing /opt/airflow/dags/dag_scraping_twitter.py took 0.199 seconds
[2026-06-07T11:19:13.399+0700] {processor.py:186} INFO - Started process (PID=44188) to work on /opt/airflow/dags/dag_scraping_twitter.py
[2026-06-07T11:19:13.401+0700] {processor.py:914} INFO - Processing file /opt/airflow/dags/dag_scraping_twitter.py for tasks to queue
[2026-06-07T11:19:13.404+0700] {logging_mixin.py:190} INFO - [2026-06-07T11:19:13.404+0700] {dagbag.py:587} INFO - Filling up the DagBag from /opt/airflow/dags/dag_scraping_twitter.py
[2026-06-07T11:19:13.451+0700] {processor.py:925} INFO - DAG(s) 'dag_scraping_twitter' retrieved from /opt/airflow/dags/dag_scraping_twitter.py
[2026-06-07T11:19:13.507+0700] {logging_mixin.py:190} INFO - [2026-06-07T11:19:13.506+0700] {dag.py:3211} INFO - Sync 1 DAGs
[2026-06-07T11:19:13.551+0700] {logging_mixin.py:190} INFO - [2026-06-07T11:19:13.550+0700] {dag.py:4138} INFO - Setting next_dagrun for dag_scraping_twitter to 2026-06-06 23:00:00+00:00, run_after=2026-06-07 11:00:00+00:00
[2026-06-07T11:19:13.593+0700] {processor.py:208} INFO - Processing /opt/airflow/dags/dag_scraping_twitter.py took 0.206 seconds
[2026-06-07T11:19:44.659+0700] {processor.py:186} INFO - Started process (PID=44216) to work on /opt/airflow/dags/dag_scraping_twitter.py
[2026-06-07T11:19:44.661+0700] {processor.py:914} INFO - Processing file /opt/airflow/dags/dag_scraping_twitter.py for tasks to queue
[2026-06-07T11:19:44.668+0700] {logging_mixin.py:190} INFO - [2026-06-07T11:19:44.667+0700] {dagbag.py:587} INFO - Filling up the DagBag from /opt/airflow/dags/dag_scraping_twitter.py
[2026-06-07T11:19:44.721+0700] {processor.py:925} INFO - DAG(s) 'dag_scraping_twitter' retrieved from /opt/airflow/dags/dag_scraping_twitter.py
[2026-06-07T11:19:44.784+0700] {logging_mixin.py:190} INFO - [2026-06-07T11:19:44.783+0700] {dag.py:3211} INFO - Sync 1 DAGs
[2026-06-07T11:19:44.842+0700] {logging_mixin.py:190} INFO - [2026-06-07T11:19:44.842+0700] {dag.py:4138} INFO - Setting next_dagrun for dag_scraping_twitter to 2026-06-06 23:00:00+00:00, run_after=2026-06-07 11:00:00+00:00
[2026-06-07T11:19:44.885+0700] {processor.py:208} INFO - Processing /opt/airflow/dags/dag_scraping_twitter.py took 0.242 seconds
[2026-06-07T11:20:15.816+0700] {processor.py:186} INFO - Started process (PID=44244) to work on /opt/airflow/dags/dag_scraping_twitter.py
[2026-06-07T11:20:15.818+0700] {processor.py:914} INFO - Processing file /opt/airflow/dags/dag_scraping_twitter.py for tasks to queue
[2026-06-07T11:20:15.822+0700] {logging_mixin.py:190} INFO - [2026-06-07T11:20:15.821+0700] {dagbag.py:587} INFO - Filling up the DagBag from /opt/airflow/dags/dag_scraping_twitter.py
[2026-06-07T11:20:15.855+0700] {processor.py:925} INFO - DAG(s) 'dag_scraping_twitter' retrieved from /opt/airflow/dags/dag_scraping_twitter.py
[2026-06-07T11:20:15.895+0700] {logging_mixin.py:190} INFO - [2026-06-07T11:20:15.894+0700] {dag.py:3211} INFO - Sync 1 DAGs
[2026-06-07T11:20:15.927+0700] {logging_mixin.py:190} INFO - [2026-06-07T11:20:15.927+0700] {dag.py:4138} INFO - Setting next_dagrun for dag_scraping_twitter to 2026-06-06 23:00:00+00:00, run_after=2026-06-07 11:00:00+00:00
[2026-06-07T11:20:15.954+0700] {processor.py:208} INFO - Processing /opt/airflow/dags/dag_scraping_twitter.py took 0.146 seconds
[2026-06-07T11:20:46.684+0700] {processor.py:186} INFO - Started process (PID=44272) to work on /opt/airflow/dags/dag_scraping_twitter.py
[2026-06-07T11:20:46.685+0700] {processor.py:914} INFO - Processing file /opt/airflow/dags/dag_scraping_twitter.py for tasks to queue
[2026-06-07T11:20:46.689+0700] {logging_mixin.py:190} INFO - [2026-06-07T11:20:46.688+0700] {dagbag.py:587} INFO - Filling up the DagBag from /opt/airflow/dags/dag_scraping_twitter.py
[2026-06-07T11:20:46.713+0700] {processor.py:925} INFO - DAG(s) 'dag_scraping_twitter' retrieved from /opt/airflow/dags/dag_scraping_twitter.py
[2026-06-07T11:20:46.745+0700] {logging_mixin.py:190} INFO - [2026-06-07T11:20:46.745+0700] {dag.py:3211} INFO - Sync 1 DAGs
[2026-06-07T11:20:46.772+0700] {logging_mixin.py:190} INFO - [2026-06-07T11:20:46.772+0700] {dag.py:4138} INFO - Setting next_dagrun for dag_scraping_twitter to 2026-06-06 23:00:00+00:00, run_after=2026-06-07 11:00:00+00:00
[2026-06-07T11:20:46.796+0700] {processor.py:208} INFO - Processing /opt/airflow/dags/dag_scraping_twitter.py took 0.119 seconds
[2026-06-07T11:21:17.230+0700] {processor.py:186} INFO - Started process (PID=44300) to work on /opt/airflow/dags/dag_scraping_twitter.py
[2026-06-07T11:21:17.231+0700] {processor.py:914} INFO - Processing file /opt/airflow/dags/dag_scraping_twitter.py for tasks to queue
[2026-06-07T11:21:17.234+0700] {logging_mixin.py:190} INFO - [2026-06-07T11:21:17.233+0700] {dagbag.py:587} INFO - Filling up the DagBag from /opt/airflow/dags/dag_scraping_twitter.py
[2026-06-07T11:21:17.254+0700] {processor.py:925} INFO - DAG(s) 'dag_scraping_twitter' retrieved from /opt/airflow/dags/dag_scraping_twitter.py
[2026-06-07T11:21:17.285+0700] {logging_mixin.py:190} INFO - [2026-06-07T11:21:17.285+0700] {dag.py:3211} INFO - Sync 1 DAGs
[2026-06-07T11:21:17.314+0700] {logging_mixin.py:190} INFO - [2026-06-07T11:21:17.314+0700] {dag.py:4138} INFO - Setting next_dagrun for dag_scraping_twitter to 2026-06-06 23:00:00+00:00, run_after=2026-06-07 11:00:00+00:00
[2026-06-07T11:21:17.337+0700] {processor.py:208} INFO - Processing /opt/airflow/dags/dag_scraping_twitter.py took 0.114 seconds
[2026-06-07T11:21:47.684+0700] {processor.py:186} INFO - Started process (PID=44328) to work on /opt/airflow/dags/dag_scraping_twitter.py
[2026-06-07T11:21:47.685+0700] {processor.py:914} INFO - Processing file /opt/airflow/dags/dag_scraping_twitter.py for tasks to queue
[2026-06-07T11:21:47.688+0700] {logging_mixin.py:190} INFO - [2026-06-07T11:21:47.687+0700] {dagbag.py:587} INFO - Filling up the DagBag from /opt/airflow/dags/dag_scraping_twitter.py
[2026-06-07T11:21:47.712+0700] {processor.py:925} INFO - DAG(s) 'dag_scraping_twitter' retrieved from /opt/airflow/dags/dag_scraping_twitter.py
[2026-06-07T11:21:47.756+0700] {logging_mixin.py:190} INFO - [2026-06-07T11:21:47.755+0700] {dag.py:3211} INFO - Sync 1 DAGs
[2026-06-07T11:21:47.789+0700] {logging_mixin.py:190} INFO - [2026-06-07T11:21:47.789+0700] {dag.py:4138} INFO - Setting next_dagrun for dag_scraping_twitter to 2026-06-06 23:00:00+00:00, run_after=2026-06-07 11:00:00+00:00
[2026-06-07T11:21:47.818+0700] {processor.py:208} INFO - Processing /opt/airflow/dags/dag_scraping_twitter.py took 0.141 seconds
[2026-06-07T11:22:18.209+0700] {processor.py:186} INFO - Started process (PID=44364) to work on /opt/airflow/dags/dag_scraping_twitter.py
[2026-06-07T11:22:18.210+0700] {processor.py:914} INFO - Processing file /opt/airflow/dags/dag_scraping_twitter.py for tasks to queue
[2026-06-07T11:22:18.213+0700] {logging_mixin.py:190} INFO - [2026-06-07T11:22:18.212+0700] {dagbag.py:587} INFO - Filling up the DagBag from /opt/airflow/dags/dag_scraping_twitter.py
[2026-06-07T11:22:18.238+0700] {processor.py:925} INFO - DAG(s) 'dag_scraping_twitter' retrieved from /opt/airflow/dags/dag_scraping_twitter.py
[2026-06-07T11:22:18.274+0700] {logging_mixin.py:190} INFO - [2026-06-07T11:22:18.273+0700] {dag.py:3211} INFO - Sync 1 DAGs
[2026-06-07T11:22:18.301+0700] {logging_mixin.py:190} INFO - [2026-06-07T11:22:18.301+0700] {dag.py:4138} INFO - Setting next_dagrun for dag_scraping_twitter to 2026-06-06 23:00:00+00:00, run_after=2026-06-07 11:00:00+00:00
[2026-06-07T11:22:18.330+0700] {processor.py:208} INFO - Processing /opt/airflow/dags/dag_scraping_twitter.py took 0.129 seconds
[2026-06-07T11:22:49.111+0700] {processor.py:186} INFO - Started process (PID=44392) to work on /opt/airflow/dags/dag_scraping_twitter.py
[2026-06-07T11:22:49.113+0700] {processor.py:914} INFO - Processing file /opt/airflow/dags/dag_scraping_twitter.py for tasks to queue
[2026-06-07T11:22:49.116+0700] {logging_mixin.py:190} INFO - [2026-06-07T11:22:49.115+0700] {dagbag.py:587} INFO - Filling up the DagBag from /opt/airflow/dags/dag_scraping_twitter.py
[2026-06-07T11:22:49.141+0700] {processor.py:925} INFO - DAG(s) 'dag_scraping_twitter' retrieved from /opt/airflow/dags/dag_scraping_twitter.py
[2026-06-07T11:22:49.179+0700] {logging_mixin.py:190} INFO - [2026-06-07T11:22:49.178+0700] {dag.py:3211} INFO - Sync 1 DAGs
[2026-06-07T11:22:49.212+0700] {logging_mixin.py:190} INFO - [2026-06-07T11:22:49.211+0700] {dag.py:4138} INFO - Setting next_dagrun for dag_scraping_twitter to 2026-06-06 23:00:00+00:00, run_after=2026-06-07 11:00:00+00:00
[2026-06-07T11:22:49.241+0700] {processor.py:208} INFO - Processing /opt/airflow/dags/dag_scraping_twitter.py took 0.144 seconds
[2026-06-07T11:23:19.752+0700] {processor.py:186} INFO - Started process (PID=44420) to work on /opt/airflow/dags/dag_scraping_twitter.py
[2026-06-07T11:23:19.753+0700] {processor.py:914} INFO - Processing file /opt/airflow/dags/dag_scraping_twitter.py for tasks to queue
[2026-06-07T11:23:19.755+0700] {logging_mixin.py:190} INFO - [2026-06-07T11:23:19.755+0700] {dagbag.py:587} INFO - Filling up the DagBag from /opt/airflow/dags/dag_scraping_twitter.py
[2026-06-07T11:23:19.776+0700] {processor.py:925} INFO - DAG(s) 'dag_scraping_twitter' retrieved from /opt/airflow/dags/dag_scraping_twitter.py
[2026-06-07T11:23:19.808+0700] {logging_mixin.py:190} INFO - [2026-06-07T11:23:19.808+0700] {dag.py:3211} INFO - Sync 1 DAGs
[2026-06-07T11:23:19.836+0700] {logging_mixin.py:190} INFO - [2026-06-07T11:23:19.836+0700] {dag.py:4138} INFO - Setting next_dagrun for dag_scraping_twitter to 2026-06-06 23:00:00+00:00, run_after=2026-06-07 11:00:00+00:00
[2026-06-07T11:23:19.861+0700] {processor.py:208} INFO - Processing /opt/airflow/dags/dag_scraping_twitter.py took 0.117 seconds
[2026-06-07T11:23:50.512+0700] {processor.py:186} INFO - Started process (PID=44448) to work on /opt/airflow/dags/dag_scraping_twitter.py
[2026-06-07T11:23:50.514+0700] {processor.py:914} INFO - Processing file /opt/airflow/dags/dag_scraping_twitter.py for tasks to queue
[2026-06-07T11:23:50.517+0700] {logging_mixin.py:190} INFO - [2026-06-07T11:23:50.517+0700] {dagbag.py:587} INFO - Filling up the DagBag from /opt/airflow/dags/dag_scraping_twitter.py
[2026-06-07T11:23:50.541+0700] {processor.py:925} INFO - DAG(s) 'dag_scraping_twitter' retrieved from /opt/airflow/dags/dag_scraping_twitter.py
[2026-06-07T11:23:50.577+0700] {logging_mixin.py:190} INFO - [2026-06-07T11:23:50.577+0700] {dag.py:3211} INFO - Sync 1 DAGs
[2026-06-07T11:23:50.610+0700] {logging_mixin.py:190} INFO - [2026-06-07T11:23:50.609+0700] {dag.py:4138} INFO - Setting next_dagrun for dag_scraping_twitter to 2026-06-06 23:00:00+00:00, run_after=2026-06-07 11:00:00+00:00
[2026-06-07T11:23:50.638+0700] {processor.py:208} INFO - Processing /opt/airflow/dags/dag_scraping_twitter.py took 0.134 seconds
[2026-06-07T11:24:21.507+0700] {processor.py:186} INFO - Started process (PID=44475) to work on /opt/airflow/dags/dag_scraping_twitter.py
[2026-06-07T11:24:21.512+0700] {processor.py:914} INFO - Processing file /opt/airflow/dags/dag_scraping_twitter.py for tasks to queue
[2026-06-07T11:24:21.515+0700] {logging_mixin.py:190} INFO - [2026-06-07T11:24:21.515+0700] {dagbag.py:587} INFO - Filling up the DagBag from /opt/airflow/dags/dag_scraping_twitter.py
[2026-06-07T11:24:21.537+0700] {processor.py:925} INFO - DAG(s) 'dag_scraping_twitter' retrieved from /opt/airflow/dags/dag_scraping_twitter.py
[2026-06-07T11:24:21.567+0700] {logging_mixin.py:190} INFO - [2026-06-07T11:24:21.566+0700] {dag.py:3211} INFO - Sync 1 DAGs
[2026-06-07T11:24:21.592+0700] {logging_mixin.py:190} INFO - [2026-06-07T11:24:21.592+0700] {dag.py:4138} INFO - Setting next_dagrun for dag_scraping_twitter to 2026-06-06 23:00:00+00:00, run_after=2026-06-07 11:00:00+00:00
[2026-06-07T11:24:21.616+0700] {processor.py:208} INFO - Processing /opt/airflow/dags/dag_scraping_twitter.py took 0.118 seconds
[2026-06-07T11:24:52.040+0700] {processor.py:186} INFO - Started process (PID=44503) to work on /opt/airflow/dags/dag_scraping_twitter.py
[2026-06-07T11:24:52.041+0700] {processor.py:914} INFO - Processing file /opt/airflow/dags/dag_scraping_twitter.py for tasks to queue
[2026-06-07T11:24:52.043+0700] {logging_mixin.py:190} INFO - [2026-06-07T11:24:52.043+0700] {dagbag.py:587} INFO - Filling up the DagBag from /opt/airflow/dags/dag_scraping_twitter.py
[2026-06-07T11:24:52.064+0700] {processor.py:925} INFO - DAG(s) 'dag_scraping_twitter' retrieved from /opt/airflow/dags/dag_scraping_twitter.py
[2026-06-07T11:24:52.095+0700] {logging_mixin.py:190} INFO - [2026-06-07T11:24:52.095+0700] {dag.py:3211} INFO - Sync 1 DAGs
[2026-06-07T11:24:52.121+0700] {logging_mixin.py:190} INFO - [2026-06-07T11:24:52.120+0700] {dag.py:4138} INFO - Setting next_dagrun for dag_scraping_twitter to 2026-06-06 23:00:00+00:00, run_after=2026-06-07 11:00:00+00:00
[2026-06-07T11:24:52.150+0700] {processor.py:208} INFO - Processing /opt/airflow/dags/dag_scraping_twitter.py took 0.117 seconds
[2026-06-07T11:25:22.704+0700] {processor.py:186} INFO - Started process (PID=44531) to work on /opt/airflow/dags/dag_scraping_twitter.py
[2026-06-07T11:25:22.706+0700] {processor.py:914} INFO - Processing file /opt/airflow/dags/dag_scraping_twitter.py for tasks to queue
[2026-06-07T11:25:22.710+0700] {logging_mixin.py:190} INFO - [2026-06-07T11:25:22.709+0700] {dagbag.py:587} INFO - Filling up the DagBag from /opt/airflow/dags/dag_scraping_twitter.py
[2026-06-07T11:25:22.753+0700] {processor.py:925} INFO - DAG(s) 'dag_scraping_twitter' retrieved from /opt/airflow/dags/dag_scraping_twitter.py
[2026-06-07T11:25:22.789+0700] {logging_mixin.py:190} INFO - [2026-06-07T11:25:22.789+0700] {dag.py:3211} INFO - Sync 1 DAGs
[2026-06-07T11:25:22.828+0700] {logging_mixin.py:190} INFO - [2026-06-07T11:25:22.828+0700] {dag.py:4138} INFO - Setting next_dagrun for dag_scraping_twitter to 2026-06-06 23:00:00+00:00, run_after=2026-06-07 11:00:00+00:00
[2026-06-07T11:25:22.852+0700] {processor.py:208} INFO - Processing /opt/airflow/dags/dag_scraping_twitter.py took 0.158 seconds
[2026-06-07T11:25:53.530+0700] {processor.py:186} INFO - Started process (PID=44559) to work on /opt/airflow/dags/dag_scraping_twitter.py
[2026-06-07T11:25:53.532+0700] {processor.py:914} INFO - Processing file /opt/airflow/dags/dag_scraping_twitter.py for tasks to queue
[2026-06-07T11:25:53.535+0700] {logging_mixin.py:190} INFO - [2026-06-07T11:25:53.534+0700] {dagbag.py:587} INFO - Filling up the DagBag from /opt/airflow/dags/dag_scraping_twitter.py
[2026-06-07T11:25:53.561+0700] {processor.py:925} INFO - DAG(s) 'dag_scraping_twitter' retrieved from /opt/airflow/dags/dag_scraping_twitter.py
[2026-06-07T11:25:53.592+0700] {logging_mixin.py:190} INFO - [2026-06-07T11:25:53.592+0700] {dag.py:3211} INFO - Sync 1 DAGs
[2026-06-07T11:25:53.618+0700] {logging_mixin.py:190} INFO - [2026-06-07T11:25:53.618+0700] {dag.py:4138} INFO - Setting next_dagrun for dag_scraping_twitter to 2026-06-06 23:00:00+00:00, run_after=2026-06-07 11:00:00+00:00
[2026-06-07T11:25:53.641+0700] {processor.py:208} INFO - Processing /opt/airflow/dags/dag_scraping_twitter.py took 0.120 seconds
[2026-06-07T11:26:24.449+0700] {processor.py:186} INFO - Started process (PID=44587) to work on /opt/airflow/dags/dag_scraping_twitter.py
[2026-06-07T11:26:24.451+0700] {processor.py:914} INFO - Processing file /opt/airflow/dags/dag_scraping_twitter.py for tasks to queue
[2026-06-07T11:26:24.455+0700] {logging_mixin.py:190} INFO - [2026-06-07T11:26:24.454+0700] {dagbag.py:587} INFO - Filling up the DagBag from /opt/airflow/dags/dag_scraping_twitter.py
[2026-06-07T11:26:24.484+0700] {processor.py:925} INFO - DAG(s) 'dag_scraping_twitter' retrieved from /opt/airflow/dags/dag_scraping_twitter.py
[2026-06-07T11:26:24.519+0700] {logging_mixin.py:190} INFO - [2026-06-07T11:26:24.519+0700] {dag.py:3211} INFO - Sync 1 DAGs
[2026-06-07T11:26:24.544+0700] {logging_mixin.py:190} INFO - [2026-06-07T11:26:24.544+0700] {dag.py:4138} INFO - Setting next_dagrun for dag_scraping_twitter to 2026-06-06 23:00:00+00:00, run_after=2026-06-07 11:00:00+00:00
[2026-06-07T11:26:24.574+0700] {processor.py:208} INFO - Processing /opt/airflow/dags/dag_scraping_twitter.py took 0.133 seconds
[2026-06-07T11:26:54.911+0700] {processor.py:186} INFO - Started process (PID=44621) to work on /opt/airflow/dags/dag_scraping_twitter.py
[2026-06-07T11:26:54.914+0700] {processor.py:914} INFO - Processing file /opt/airflow/dags/dag_scraping_twitter.py for tasks to queue
[2026-06-07T11:26:54.920+0700] {logging_mixin.py:190} INFO - [2026-06-07T11:26:54.919+0700] {dagbag.py:587} INFO - Filling up the DagBag from /opt/airflow/dags/dag_scraping_twitter.py
[2026-06-07T11:26:54.947+0700] {processor.py:925} INFO - DAG(s) 'dag_scraping_twitter' retrieved from /opt/airflow/dags/dag_scraping_twitter.py
[2026-06-07T11:26:54.984+0700] {logging_mixin.py:190} INFO - [2026-06-07T11:26:54.983+0700] {dag.py:3211} INFO - Sync 1 DAGs
[2026-06-07T11:26:55.017+0700] {logging_mixin.py:190} INFO - [2026-06-07T11:26:55.016+0700] {dag.py:4138} INFO - Setting next_dagrun for dag_scraping_twitter to 2026-06-06 23:00:00+00:00, run_after=2026-06-07 11:00:00+00:00
[2026-06-07T11:26:55.040+0700] {processor.py:208} INFO - Processing /opt/airflow/dags/dag_scraping_twitter.py took 0.142 seconds
[2026-06-07T11:27:25.446+0700] {processor.py:186} INFO - Started process (PID=44649) to work on /opt/airflow/dags/dag_scraping_twitter.py
[2026-06-07T11:27:25.447+0700] {processor.py:914} INFO - Processing file /opt/airflow/dags/dag_scraping_twitter.py for tasks to queue
[2026-06-07T11:27:25.449+0700] {logging_mixin.py:190} INFO - [2026-06-07T11:27:25.449+0700] {dagbag.py:587} INFO - Filling up the DagBag from /opt/airflow/dags/dag_scraping_twitter.py
[2026-06-07T11:27:25.474+0700] {processor.py:925} INFO - DAG(s) 'dag_scraping_twitter' retrieved from /opt/airflow/dags/dag_scraping_twitter.py
[2026-06-07T11:27:25.517+0700] {logging_mixin.py:190} INFO - [2026-06-07T11:27:25.517+0700] {dag.py:3211} INFO - Sync 1 DAGs
[2026-06-07T11:27:25.547+0700] {logging_mixin.py:190} INFO - [2026-06-07T11:27:25.546+0700] {dag.py:4138} INFO - Setting next_dagrun for dag_scraping_twitter to 2026-06-06 23:00:00+00:00, run_after=2026-06-07 11:00:00+00:00
[2026-06-07T11:27:25.576+0700] {processor.py:208} INFO - Processing /opt/airflow/dags/dag_scraping_twitter.py took 0.137 seconds
[2026-06-07T11:27:55.974+0700] {processor.py:186} INFO - Started process (PID=44676) to work on /opt/airflow/dags/dag_scraping_twitter.py
[2026-06-07T11:27:55.975+0700] {processor.py:914} INFO - Processing file /opt/airflow/dags/dag_scraping_twitter.py for tasks to queue
[2026-06-07T11:27:55.978+0700] {logging_mixin.py:190} INFO - [2026-06-07T11:27:55.978+0700] {dagbag.py:587} INFO - Filling up the DagBag from /opt/airflow/dags/dag_scraping_twitter.py
[2026-06-07T11:27:55.998+0700] {processor.py:925} INFO - DAG(s) 'dag_scraping_twitter' retrieved from /opt/airflow/dags/dag_scraping_twitter.py
[2026-06-07T11:27:56.030+0700] {logging_mixin.py:190} INFO - [2026-06-07T11:27:56.030+0700] {dag.py:3211} INFO - Sync 1 DAGs
[2026-06-07T11:27:56.057+0700] {logging_mixin.py:190} INFO - [2026-06-07T11:27:56.057+0700] {dag.py:4138} INFO - Setting next_dagrun for dag_scraping_twitter to 2026-06-06 23:00:00+00:00, run_after=2026-06-07 11:00:00+00:00
[2026-06-07T11:27:56.081+0700] {processor.py:208} INFO - Processing /opt/airflow/dags/dag_scraping_twitter.py took 0.113 seconds
[2026-06-07T11:28:26.353+0700] {processor.py:186} INFO - Started process (PID=44704) to work on /opt/airflow/dags/dag_scraping_twitter.py
[2026-06-07T11:28:26.355+0700] {processor.py:914} INFO - Processing file /opt/airflow/dags/dag_scraping_twitter.py for tasks to queue
[2026-06-07T11:28:26.357+0700] {logging_mixin.py:190} INFO - [2026-06-07T11:28:26.357+0700] {dagbag.py:587} INFO - Filling up the DagBag from /opt/airflow/dags/dag_scraping_twitter.py
[2026-06-07T11:28:26.379+0700] {processor.py:925} INFO - DAG(s) 'dag_scraping_twitter' retrieved from /opt/airflow/dags/dag_scraping_twitter.py
[2026-06-07T11:28:26.414+0700] {logging_mixin.py:190} INFO - [2026-06-07T11:28:26.413+0700] {dag.py:3211} INFO - Sync 1 DAGs
[2026-06-07T11:28:26.445+0700] {logging_mixin.py:190} INFO - [2026-06-07T11:28:26.444+0700] {dag.py:4138} INFO - Setting next_dagrun for dag_scraping_twitter to 2026-06-06 23:00:00+00:00, run_after=2026-06-07 11:00:00+00:00
[2026-06-07T11:28:26.466+0700] {processor.py:208} INFO - Processing /opt/airflow/dags/dag_scraping_twitter.py took 0.123 seconds
[2026-06-07T11:28:56.611+0700] {processor.py:186} INFO - Started process (PID=44732) to work on /opt/airflow/dags/dag_scraping_twitter.py
[2026-06-07T11:28:56.612+0700] {processor.py:914} INFO - Processing file /opt/airflow/dags/dag_scraping_twitter.py for tasks to queue
[2026-06-07T11:28:56.615+0700] {logging_mixin.py:190} INFO - [2026-06-07T11:28:56.615+0700] {dagbag.py:587} INFO - Filling up the DagBag from /opt/airflow/dags/dag_scraping_twitter.py
[2026-06-07T11:28:56.637+0700] {processor.py:925} INFO - DAG(s) 'dag_scraping_twitter' retrieved from /opt/airflow/dags/dag_scraping_twitter.py
[2026-06-07T11:28:56.669+0700] {logging_mixin.py:190} INFO - [2026-06-07T11:28:56.669+0700] {dag.py:3211} INFO - Sync 1 DAGs
[2026-06-07T11:28:56.695+0700] {logging_mixin.py:190} INFO - [2026-06-07T11:28:56.695+0700] {dag.py:4138} INFO - Setting next_dagrun for dag_scraping_twitter to 2026-06-06 23:00:00+00:00, run_after=2026-06-07 11:00:00+00:00
[2026-06-07T11:28:56.719+0700] {processor.py:208} INFO - Processing /opt/airflow/dags/dag_scraping_twitter.py took 0.115 seconds
[2026-06-07T11:29:27.272+0700] {processor.py:186} INFO - Started process (PID=44760) to work on /opt/airflow/dags/dag_scraping_twitter.py
[2026-06-07T11:29:27.274+0700] {processor.py:914} INFO - Processing file /opt/airflow/dags/dag_scraping_twitter.py for tasks to queue
[2026-06-07T11:29:27.278+0700] {logging_mixin.py:190} INFO - [2026-06-07T11:29:27.278+0700] {dagbag.py:587} INFO - Filling up the DagBag from /opt/airflow/dags/dag_scraping_twitter.py
[2026-06-07T11:29:27.303+0700] {processor.py:925} INFO - DAG(s) 'dag_scraping_twitter' retrieved from /opt/airflow/dags/dag_scraping_twitter.py
[2026-06-07T11:29:27.337+0700] {logging_mixin.py:190} INFO - [2026-06-07T11:29:27.337+0700] {dag.py:3211} INFO - Sync 1 DAGs
[2026-06-07T11:29:27.408+0700] {logging_mixin.py:190} INFO - [2026-06-07T11:29:27.408+0700] {dag.py:4138} INFO - Setting next_dagrun for dag_scraping_twitter to 2026-06-06 23:00:00+00:00, run_after=2026-06-07 11:00:00+00:00
[2026-06-07T11:29:27.438+0700] {processor.py:208} INFO - Processing /opt/airflow/dags/dag_scraping_twitter.py took 0.175 seconds
[2026-06-07T11:29:58.327+0700] {processor.py:186} INFO - Started process (PID=44788) to work on /opt/airflow/dags/dag_scraping_twitter.py
[2026-06-07T11:29:58.329+0700] {processor.py:914} INFO - Processing file /opt/airflow/dags/dag_scraping_twitter.py for tasks to queue
[2026-06-07T11:29:58.334+0700] {logging_mixin.py:190} INFO - [2026-06-07T11:29:58.333+0700] {dagbag.py:587} INFO - Filling up the DagBag from /opt/airflow/dags/dag_scraping_twitter.py
[2026-06-07T11:29:58.366+0700] {processor.py:925} INFO - DAG(s) 'dag_scraping_twitter' retrieved from /opt/airflow/dags/dag_scraping_twitter.py
[2026-06-07T11:29:58.398+0700] {logging_mixin.py:190} INFO - [2026-06-07T11:29:58.397+0700] {dag.py:3211} INFO - Sync 1 DAGs
[2026-06-07T11:29:58.423+0700] {logging_mixin.py:190} INFO - [2026-06-07T11:29:58.423+0700] {dag.py:4138} INFO - Setting next_dagrun for dag_scraping_twitter to 2026-06-06 23:00:00+00:00, run_after=2026-06-07 11:00:00+00:00
[2026-06-07T11:29:58.445+0700] {processor.py:208} INFO - Processing /opt/airflow/dags/dag_scraping_twitter.py took 0.129 seconds
[2026-06-07T11:30:28.887+0700] {processor.py:186} INFO - Started process (PID=44816) to work on /opt/airflow/dags/dag_scraping_twitter.py
[2026-06-07T11:30:28.889+0700] {processor.py:914} INFO - Processing file /opt/airflow/dags/dag_scraping_twitter.py for tasks to queue
[2026-06-07T11:30:28.892+0700] {logging_mixin.py:190} INFO - [2026-06-07T11:30:28.892+0700] {dagbag.py:587} INFO - Filling up the DagBag from /opt/airflow/dags/dag_scraping_twitter.py
[2026-06-07T11:30:28.917+0700] {processor.py:925} INFO - DAG(s) 'dag_scraping_twitter' retrieved from /opt/airflow/dags/dag_scraping_twitter.py
[2026-06-07T11:30:28.948+0700] {logging_mixin.py:190} INFO - [2026-06-07T11:30:28.948+0700] {dag.py:3211} INFO - Sync 1 DAGs
[2026-06-07T11:30:28.975+0700] {logging_mixin.py:190} INFO - [2026-06-07T11:30:28.975+0700] {dag.py:4138} INFO - Setting next_dagrun for dag_scraping_twitter to 2026-06-06 23:00:00+00:00, run_after=2026-06-07 11:00:00+00:00
[2026-06-07T11:30:29.002+0700] {processor.py:208} INFO - Processing /opt/airflow/dags/dag_scraping_twitter.py took 0.124 seconds
[2026-06-07T11:30:59.434+0700] {processor.py:186} INFO - Started process (PID=44844) to work on /opt/airflow/dags/dag_scraping_twitter.py
[2026-06-07T11:30:59.436+0700] {processor.py:914} INFO - Processing file /opt/airflow/dags/dag_scraping_twitter.py for tasks to queue
[2026-06-07T11:30:59.440+0700] {logging_mixin.py:190} INFO - [2026-06-07T11:30:59.439+0700] {dagbag.py:587} INFO - Filling up the DagBag from /opt/airflow/dags/dag_scraping_twitter.py
[2026-06-07T11:30:59.472+0700] {processor.py:925} INFO - DAG(s) 'dag_scraping_twitter' retrieved from /opt/airflow/dags/dag_scraping_twitter.py
[2026-06-07T11:30:59.518+0700] {logging_mixin.py:190} INFO - [2026-06-07T11:30:59.518+0700] {dag.py:3211} INFO - Sync 1 DAGs
[2026-06-07T11:30:59.556+0700] {logging_mixin.py:190} INFO - [2026-06-07T11:30:59.556+0700] {dag.py:4138} INFO - Setting next_dagrun for dag_scraping_twitter to 2026-06-06 23:00:00+00:00, run_after=2026-06-07 11:00:00+00:00
[2026-06-07T11:30:59.589+0700] {processor.py:208} INFO - Processing /opt/airflow/dags/dag_scraping_twitter.py took 0.166 seconds
[2026-06-07T11:31:29.884+0700] {processor.py:186} INFO - Started process (PID=44872) to work on /opt/airflow/dags/dag_scraping_twitter.py
[2026-06-07T11:31:29.885+0700] {processor.py:914} INFO - Processing file /opt/airflow/dags/dag_scraping_twitter.py for tasks to queue
[2026-06-07T11:31:29.890+0700] {logging_mixin.py:190} INFO - [2026-06-07T11:31:29.888+0700] {dagbag.py:587} INFO - Filling up the DagBag from /opt/airflow/dags/dag_scraping_twitter.py
[2026-06-07T11:31:29.920+0700] {processor.py:925} INFO - DAG(s) 'dag_scraping_twitter' retrieved from /opt/airflow/dags/dag_scraping_twitter.py
[2026-06-07T11:31:29.957+0700] {logging_mixin.py:190} INFO - [2026-06-07T11:31:29.957+0700] {dag.py:3211} INFO - Sync 1 DAGs
[2026-06-07T11:31:29.987+0700] {logging_mixin.py:190} INFO - [2026-06-07T11:31:29.987+0700] {dag.py:4138} INFO - Setting next_dagrun for dag_scraping_twitter to 2026-06-06 23:00:00+00:00, run_after=2026-06-07 11:00:00+00:00
[2026-06-07T11:31:30.015+0700] {processor.py:208} INFO - Processing /opt/airflow/dags/dag_scraping_twitter.py took 0.137 seconds
[2026-06-07T11:32:00.650+0700] {processor.py:186} INFO - Started process (PID=44900) to work on /opt/airflow/dags/dag_scraping_twitter.py
[2026-06-07T11:32:00.652+0700] {processor.py:914} INFO - Processing file /opt/airflow/dags/dag_scraping_twitter.py for tasks to queue
[2026-06-07T11:32:00.657+0700] {logging_mixin.py:190} INFO - [2026-06-07T11:32:00.657+0700] {dagbag.py:587} INFO - Filling up the DagBag from /opt/airflow/dags/dag_scraping_twitter.py
[2026-06-07T11:32:00.683+0700] {processor.py:925} INFO - DAG(s) 'dag_scraping_twitter' retrieved from /opt/airflow/dags/dag_scraping_twitter.py
[2026-06-07T11:32:00.719+0700] {logging_mixin.py:190} INFO - [2026-06-07T11:32:00.718+0700] {dag.py:3211} INFO - Sync 1 DAGs
[2026-06-07T11:32:00.749+0700] {logging_mixin.py:190} INFO - [2026-06-07T11:32:00.748+0700] {dag.py:4138} INFO - Setting next_dagrun for dag_scraping_twitter to 2026-06-06 23:00:00+00:00, run_after=2026-06-07 11:00:00+00:00
[2026-06-07T11:32:00.772+0700] {processor.py:208} INFO - Processing /opt/airflow/dags/dag_scraping_twitter.py took 0.134 seconds
[2026-06-07T11:32:31.609+0700] {processor.py:186} INFO - Started process (PID=44934) to work on /opt/airflow/dags/dag_scraping_twitter.py
[2026-06-07T11:32:31.611+0700] {processor.py:914} INFO - Processing file /opt/airflow/dags/dag_scraping_twitter.py for tasks to queue
[2026-06-07T11:32:31.615+0700] {logging_mixin.py:190} INFO - [2026-06-07T11:32:31.614+0700] {dagbag.py:587} INFO - Filling up the DagBag from /opt/airflow/dags/dag_scraping_twitter.py
[2026-06-07T11:32:31.637+0700] {processor.py:925} INFO - DAG(s) 'dag_scraping_twitter' retrieved from /opt/airflow/dags/dag_scraping_twitter.py
[2026-06-07T11:32:31.669+0700] {logging_mixin.py:190} INFO - [2026-06-07T11:32:31.668+0700] {dag.py:3211} INFO - Sync 1 DAGs
[2026-06-07T11:32:31.692+0700] {logging_mixin.py:190} INFO - [2026-06-07T11:32:31.692+0700] {dag.py:4138} INFO - Setting next_dagrun for dag_scraping_twitter to 2026-06-06 23:00:00+00:00, run_after=2026-06-07 11:00:00+00:00
[2026-06-07T11:32:31.716+0700] {processor.py:208} INFO - Processing /opt/airflow/dags/dag_scraping_twitter.py took 0.113 seconds
[2026-06-07T11:33:02.016+0700] {processor.py:186} INFO - Started process (PID=44961) to work on /opt/airflow/dags/dag_scraping_twitter.py
[2026-06-07T11:33:02.017+0700] {processor.py:914} INFO - Processing file /opt/airflow/dags/dag_scraping_twitter.py for tasks to queue
[2026-06-07T11:33:02.021+0700] {logging_mixin.py:190} INFO - [2026-06-07T11:33:02.020+0700] {dagbag.py:587} INFO - Filling up the DagBag from /opt/airflow/dags/dag_scraping_twitter.py
[2026-06-07T11:33:02.049+0700] {processor.py:925} INFO - DAG(s) 'dag_scraping_twitter' retrieved from /opt/airflow/dags/dag_scraping_twitter.py
[2026-06-07T11:33:02.085+0700] {logging_mixin.py:190} INFO - [2026-06-07T11:33:02.084+0700] {dag.py:3211} INFO - Sync 1 DAGs
[2026-06-07T11:33:02.119+0700] {logging_mixin.py:190} INFO - [2026-06-07T11:33:02.118+0700] {dag.py:4138} INFO - Setting next_dagrun for dag_scraping_twitter to 2026-06-06 23:00:00+00:00, run_after=2026-06-07 11:00:00+00:00
[2026-06-07T11:33:02.148+0700] {processor.py:208} INFO - Processing /opt/airflow/dags/dag_scraping_twitter.py took 0.140 seconds
[2026-06-07T11:33:32.420+0700] {processor.py:186} INFO - Started process (PID=44989) to work on /opt/airflow/dags/dag_scraping_twitter.py
[2026-06-07T11:33:32.421+0700] {processor.py:914} INFO - Processing file /opt/airflow/dags/dag_scraping_twitter.py for tasks to queue
[2026-06-07T11:33:32.425+0700] {logging_mixin.py:190} INFO - [2026-06-07T11:33:32.425+0700] {dagbag.py:587} INFO - Filling up the DagBag from /opt/airflow/dags/dag_scraping_twitter.py
[2026-06-07T11:33:32.448+0700] {processor.py:925} INFO - DAG(s) 'dag_scraping_twitter' retrieved from /opt/airflow/dags/dag_scraping_twitter.py
[2026-06-07T11:33:32.481+0700] {logging_mixin.py:190} INFO - [2026-06-07T11:33:32.481+0700] {dag.py:3211} INFO - Sync 1 DAGs
[2026-06-07T11:33:32.508+0700] {logging_mixin.py:190} INFO - [2026-06-07T11:33:32.508+0700] {dag.py:4138} INFO - Setting next_dagrun for dag_scraping_twitter to 2026-06-06 23:00:00+00:00, run_after=2026-06-07 11:00:00+00:00
[2026-06-07T11:33:32.534+0700] {processor.py:208} INFO - Processing /opt/airflow/dags/dag_scraping_twitter.py took 0.121 seconds
[2026-06-07T11:34:02.904+0700] {processor.py:186} INFO - Started process (PID=45017) to work on /opt/airflow/dags/dag_scraping_twitter.py
[2026-06-07T11:34:02.905+0700] {processor.py:914} INFO - Processing file /opt/airflow/dags/dag_scraping_twitter.py for tasks to queue
[2026-06-07T11:34:02.910+0700] {logging_mixin.py:190} INFO - [2026-06-07T11:34:02.909+0700] {dagbag.py:587} INFO - Filling up the DagBag from /opt/airflow/dags/dag_scraping_twitter.py
[2026-06-07T11:34:02.944+0700] {processor.py:925} INFO - DAG(s) 'dag_scraping_twitter' retrieved from /opt/airflow/dags/dag_scraping_twitter.py
[2026-06-07T11:34:02.980+0700] {logging_mixin.py:190} INFO - [2026-06-07T11:34:02.980+0700] {dag.py:3211} INFO - Sync 1 DAGs
[2026-06-07T11:34:03.017+0700] {logging_mixin.py:190} INFO - [2026-06-07T11:34:03.017+0700] {dag.py:4138} INFO - Setting next_dagrun for dag_scraping_twitter to 2026-06-06 23:00:00+00:00, run_after=2026-06-07 11:00:00+00:00
[2026-06-07T11:34:03.047+0700] {processor.py:208} INFO - Processing /opt/airflow/dags/dag_scraping_twitter.py took 0.154 seconds
[2026-06-07T11:34:33.435+0700] {processor.py:186} INFO - Started process (PID=45046) to work on /opt/airflow/dags/dag_scraping_twitter.py
[2026-06-07T11:34:33.437+0700] {processor.py:914} INFO - Processing file /opt/airflow/dags/dag_scraping_twitter.py for tasks to queue
[2026-06-07T11:34:33.441+0700] {logging_mixin.py:190} INFO - [2026-06-07T11:34:33.440+0700] {dagbag.py:587} INFO - Filling up the DagBag from /opt/airflow/dags/dag_scraping_twitter.py
[2026-06-07T11:34:33.463+0700] {processor.py:925} INFO - DAG(s) 'dag_scraping_twitter' retrieved from /opt/airflow/dags/dag_scraping_twitter.py
[2026-06-07T11:34:33.493+0700] {logging_mixin.py:190} INFO - [2026-06-07T11:34:33.492+0700] {dag.py:3211} INFO - Sync 1 DAGs
[2026-06-07T11:34:33.518+0700] {logging_mixin.py:190} INFO - [2026-06-07T11:34:33.518+0700] {dag.py:4138} INFO - Setting next_dagrun for dag_scraping_twitter to 2026-06-06 23:00:00+00:00, run_after=2026-06-07 11:00:00+00:00
[2026-06-07T11:34:33.540+0700] {processor.py:208} INFO - Processing /opt/airflow/dags/dag_scraping_twitter.py took 0.114 seconds
[2026-06-07T11:35:03.905+0700] {processor.py:186} INFO - Started process (PID=45074) to work on /opt/airflow/dags/dag_scraping_twitter.py
[2026-06-07T11:35:03.907+0700] {processor.py:914} INFO - Processing file /opt/airflow/dags/dag_scraping_twitter.py for tasks to queue
[2026-06-07T11:35:03.912+0700] {logging_mixin.py:190} INFO - [2026-06-07T11:35:03.912+0700] {dagbag.py:587} INFO - Filling up the DagBag from /opt/airflow/dags/dag_scraping_twitter.py
[2026-06-07T11:35:03.936+0700] {processor.py:925} INFO - DAG(s) 'dag_scraping_twitter' retrieved from /opt/airflow/dags/dag_scraping_twitter.py
[2026-06-07T11:35:03.968+0700] {logging_mixin.py:190} INFO - [2026-06-07T11:35:03.968+0700] {dag.py:3211} INFO - Sync 1 DAGs
[2026-06-07T11:35:03.997+0700] {logging_mixin.py:190} INFO - [2026-06-07T11:35:03.997+0700] {dag.py:4138} INFO - Setting next_dagrun for dag_scraping_twitter to 2026-06-06 23:00:00+00:00, run_after=2026-06-07 11:00:00+00:00
[2026-06-07T11:35:04.024+0700] {processor.py:208} INFO - Processing /opt/airflow/dags/dag_scraping_twitter.py took 0.127 seconds
[2026-06-07T11:35:34.402+0700] {processor.py:186} INFO - Started process (PID=45102) to work on /opt/airflow/dags/dag_scraping_twitter.py
[2026-06-07T11:35:34.403+0700] {processor.py:914} INFO - Processing file /opt/airflow/dags/dag_scraping_twitter.py for tasks to queue
[2026-06-07T11:35:34.406+0700] {logging_mixin.py:190} INFO - [2026-06-07T11:35:34.406+0700] {dagbag.py:587} INFO - Filling up the DagBag from /opt/airflow/dags/dag_scraping_twitter.py
[2026-06-07T11:35:34.430+0700] {processor.py:925} INFO - DAG(s) 'dag_scraping_twitter' retrieved from /opt/airflow/dags/dag_scraping_twitter.py
[2026-06-07T11:35:34.460+0700] {logging_mixin.py:190} INFO - [2026-06-07T11:35:34.460+0700] {dag.py:3211} INFO - Sync 1 DAGs
[2026-06-07T11:35:34.487+0700] {logging_mixin.py:190} INFO - [2026-06-07T11:35:34.487+0700] {dag.py:4138} INFO - Setting next_dagrun for dag_scraping_twitter to 2026-06-06 23:00:00+00:00, run_after=2026-06-07 11:00:00+00:00
[2026-06-07T11:35:34.510+0700] {processor.py:208} INFO - Processing /opt/airflow/dags/dag_scraping_twitter.py took 0.118 seconds
[2026-06-07T11:36:05.186+0700] {processor.py:186} INFO - Started process (PID=45130) to work on /opt/airflow/dags/dag_scraping_twitter.py
[2026-06-07T11:36:05.187+0700] {processor.py:914} INFO - Processing file /opt/airflow/dags/dag_scraping_twitter.py for tasks to queue
[2026-06-07T11:36:05.191+0700] {logging_mixin.py:190} INFO - [2026-06-07T11:36:05.191+0700] {dagbag.py:587} INFO - Filling up the DagBag from /opt/airflow/dags/dag_scraping_twitter.py
[2026-06-07T11:36:05.218+0700] {processor.py:925} INFO - DAG(s) 'dag_scraping_twitter' retrieved from /opt/airflow/dags/dag_scraping_twitter.py
[2026-06-07T11:36:05.252+0700] {logging_mixin.py:190} INFO - [2026-06-07T11:36:05.251+0700] {dag.py:3211} INFO - Sync 1 DAGs
[2026-06-07T11:36:05.281+0700] {logging_mixin.py:190} INFO - [2026-06-07T11:36:05.281+0700] {dag.py:4138} INFO - Setting next_dagrun for dag_scraping_twitter to 2026-06-06 23:00:00+00:00, run_after=2026-06-07 11:00:00+00:00
[2026-06-07T11:36:05.313+0700] {processor.py:208} INFO - Processing /opt/airflow/dags/dag_scraping_twitter.py took 0.138 seconds
[2026-06-07T11:36:35.882+0700] {processor.py:186} INFO - Started process (PID=45164) to work on /opt/airflow/dags/dag_scraping_twitter.py
[2026-06-07T11:36:35.884+0700] {processor.py:914} INFO - Processing file /opt/airflow/dags/dag_scraping_twitter.py for tasks to queue
[2026-06-07T11:36:35.887+0700] {logging_mixin.py:190} INFO - [2026-06-07T11:36:35.887+0700] {dagbag.py:587} INFO - Filling up the DagBag from /opt/airflow/dags/dag_scraping_twitter.py
[2026-06-07T11:36:35.917+0700] {processor.py:925} INFO - DAG(s) 'dag_scraping_twitter' retrieved from /opt/airflow/dags/dag_scraping_twitter.py
[2026-06-07T11:36:35.962+0700] {logging_mixin.py:190} INFO - [2026-06-07T11:36:35.962+0700] {dag.py:3211} INFO - Sync 1 DAGs
[2026-06-07T11:36:35.999+0700] {logging_mixin.py:190} INFO - [2026-06-07T11:36:35.999+0700] {dag.py:4138} INFO - Setting next_dagrun for dag_scraping_twitter to 2026-06-06 23:00:00+00:00, run_after=2026-06-07 11:00:00+00:00
[2026-06-07T11:36:36.027+0700] {processor.py:208} INFO - Processing /opt/airflow/dags/dag_scraping_twitter.py took 0.156 seconds
[2026-06-07T11:37:06.720+0700] {processor.py:186} INFO - Started process (PID=45192) to work on /opt/airflow/dags/dag_scraping_twitter.py
[2026-06-07T11:37:06.722+0700] {processor.py:914} INFO - Processing file /opt/airflow/dags/dag_scraping_twitter.py for tasks to queue
[2026-06-07T11:37:06.727+0700] {logging_mixin.py:190} INFO - [2026-06-07T11:37:06.726+0700] {dagbag.py:587} INFO - Filling up the DagBag from /opt/airflow/dags/dag_scraping_twitter.py
[2026-06-07T11:37:06.752+0700] {processor.py:925} INFO - DAG(s) 'dag_scraping_twitter' retrieved from /opt/airflow/dags/dag_scraping_twitter.py
[2026-06-07T11:37:06.788+0700] {logging_mixin.py:190} INFO - [2026-06-07T11:37:06.788+0700] {dag.py:3211} INFO - Sync 1 DAGs
[2026-06-07T11:37:06.817+0700] {logging_mixin.py:190} INFO - [2026-06-07T11:37:06.816+0700] {dag.py:4138} INFO - Setting next_dagrun for dag_scraping_twitter to 2026-06-06 23:00:00+00:00, run_after=2026-06-07 11:00:00+00:00
[2026-06-07T11:37:06.843+0700] {processor.py:208} INFO - Processing /opt/airflow/dags/dag_scraping_twitter.py took 0.131 seconds
[2026-06-07T11:37:37.178+0700] {processor.py:186} INFO - Started process (PID=45220) to work on /opt/airflow/dags/dag_scraping_twitter.py
[2026-06-07T11:37:37.180+0700] {processor.py:914} INFO - Processing file /opt/airflow/dags/dag_scraping_twitter.py for tasks to queue
[2026-06-07T11:37:37.184+0700] {logging_mixin.py:190} INFO - [2026-06-07T11:37:37.184+0700] {dagbag.py:587} INFO - Filling up the DagBag from /opt/airflow/dags/dag_scraping_twitter.py
[2026-06-07T11:37:37.211+0700] {processor.py:925} INFO - DAG(s) 'dag_scraping_twitter' retrieved from /opt/airflow/dags/dag_scraping_twitter.py
[2026-06-07T11:37:37.252+0700] {logging_mixin.py:190} INFO - [2026-06-07T11:37:37.251+0700] {dag.py:3211} INFO - Sync 1 DAGs
[2026-06-07T11:37:37.284+0700] {logging_mixin.py:190} INFO - [2026-06-07T11:37:37.283+0700] {dag.py:4138} INFO - Setting next_dagrun for dag_scraping_twitter to 2026-06-06 23:00:00+00:00, run_after=2026-06-07 11:00:00+00:00
[2026-06-07T11:37:37.311+0700] {processor.py:208} INFO - Processing /opt/airflow/dags/dag_scraping_twitter.py took 0.142 seconds
[2026-06-07T11:38:07.758+0700] {processor.py:186} INFO - Started process (PID=45249) to work on /opt/airflow/dags/dag_scraping_twitter.py
[2026-06-07T11:38:07.759+0700] {processor.py:914} INFO - Processing file /opt/airflow/dags/dag_scraping_twitter.py for tasks to queue
[2026-06-07T11:38:07.764+0700] {logging_mixin.py:190} INFO - [2026-06-07T11:38:07.764+0700] {dagbag.py:587} INFO - Filling up the DagBag from /opt/airflow/dags/dag_scraping_twitter.py
[2026-06-07T11:38:07.785+0700] {processor.py:925} INFO - DAG(s) 'dag_scraping_twitter' retrieved from /opt/airflow/dags/dag_scraping_twitter.py
[2026-06-07T11:38:07.821+0700] {logging_mixin.py:190} INFO - [2026-06-07T11:38:07.821+0700] {dag.py:3211} INFO - Sync 1 DAGs
[2026-06-07T11:38:07.853+0700] {logging_mixin.py:190} INFO - [2026-06-07T11:38:07.852+0700] {dag.py:4138} INFO - Setting next_dagrun for dag_scraping_twitter to 2026-06-06 23:00:00+00:00, run_after=2026-06-07 11:00:00+00:00
[2026-06-07T11:38:07.879+0700] {processor.py:208} INFO - Processing /opt/airflow/dags/dag_scraping_twitter.py took 0.131 seconds
[2026-06-07T11:38:38.299+0700] {processor.py:186} INFO - Started process (PID=45278) to work on /opt/airflow/dags/dag_scraping_twitter.py
[2026-06-07T11:38:38.300+0700] {processor.py:914} INFO - Processing file /opt/airflow/dags/dag_scraping_twitter.py for tasks to queue
[2026-06-07T11:38:38.304+0700] {logging_mixin.py:190} INFO - [2026-06-07T11:38:38.303+0700] {dagbag.py:587} INFO - Filling up the DagBag from /opt/airflow/dags/dag_scraping_twitter.py
[2026-06-07T11:38:38.332+0700] {processor.py:925} INFO - DAG(s) 'dag_scraping_twitter' retrieved from /opt/airflow/dags/dag_scraping_twitter.py
[2026-06-07T11:38:38.370+0700] {logging_mixin.py:190} INFO - [2026-06-07T11:38:38.369+0700] {dag.py:3211} INFO - Sync 1 DAGs
[2026-06-07T11:38:38.400+0700] {logging_mixin.py:190} INFO - [2026-06-07T11:38:38.400+0700] {dag.py:4138} INFO - Setting next_dagrun for dag_scraping_twitter to 2026-06-06 23:00:00+00:00, run_after=2026-06-07 11:00:00+00:00
[2026-06-07T11:38:38.426+0700] {processor.py:208} INFO - Processing /opt/airflow/dags/dag_scraping_twitter.py took 0.133 seconds
[2026-06-07T11:39:08.967+0700] {processor.py:186} INFO - Started process (PID=45306) to work on /opt/airflow/dags/dag_scraping_twitter.py
[2026-06-07T11:39:08.969+0700] {processor.py:914} INFO - Processing file /opt/airflow/dags/dag_scraping_twitter.py for tasks to queue
[2026-06-07T11:39:08.973+0700] {logging_mixin.py:190} INFO - [2026-06-07T11:39:08.972+0700] {dagbag.py:587} INFO - Filling up the DagBag from /opt/airflow/dags/dag_scraping_twitter.py
[2026-06-07T11:39:09.000+0700] {processor.py:925} INFO - DAG(s) 'dag_scraping_twitter' retrieved from /opt/airflow/dags/dag_scraping_twitter.py
[2026-06-07T11:39:09.032+0700] {logging_mixin.py:190} INFO - [2026-06-07T11:39:09.032+0700] {dag.py:3211} INFO - Sync 1 DAGs
[2026-06-07T11:39:09.060+0700] {logging_mixin.py:190} INFO - [2026-06-07T11:39:09.059+0700] {dag.py:4138} INFO - Setting next_dagrun for dag_scraping_twitter to 2026-06-06 23:00:00+00:00, run_after=2026-06-07 11:00:00+00:00
[2026-06-07T11:39:09.084+0700] {processor.py:208} INFO - Processing /opt/airflow/dags/dag_scraping_twitter.py took 0.126 seconds
[2026-06-07T11:39:39.773+0700] {processor.py:186} INFO - Started process (PID=45334) to work on /opt/airflow/dags/dag_scraping_twitter.py
[2026-06-07T11:39:39.775+0700] {processor.py:914} INFO - Processing file /opt/airflow/dags/dag_scraping_twitter.py for tasks to queue
[2026-06-07T11:39:39.780+0700] {logging_mixin.py:190} INFO - [2026-06-07T11:39:39.780+0700] {dagbag.py:587} INFO - Filling up the DagBag from /opt/airflow/dags/dag_scraping_twitter.py
[2026-06-07T11:39:39.816+0700] {processor.py:925} INFO - DAG(s) 'dag_scraping_twitter' retrieved from /opt/airflow/dags/dag_scraping_twitter.py
[2026-06-07T11:39:39.859+0700] {logging_mixin.py:190} INFO - [2026-06-07T11:39:39.859+0700] {dag.py:3211} INFO - Sync 1 DAGs
[2026-06-07T11:39:39.888+0700] {logging_mixin.py:190} INFO - [2026-06-07T11:39:39.887+0700] {dag.py:4138} INFO - Setting next_dagrun for dag_scraping_twitter to 2026-06-06 23:00:00+00:00, run_after=2026-06-07 11:00:00+00:00
[2026-06-07T11:39:39.910+0700] {processor.py:208} INFO - Processing /opt/airflow/dags/dag_scraping_twitter.py took 0.147 seconds
[2026-06-07T11:40:10.465+0700] {processor.py:186} INFO - Started process (PID=45369) to work on /opt/airflow/dags/dag_scraping_twitter.py
[2026-06-07T11:40:10.468+0700] {processor.py:914} INFO - Processing file /opt/airflow/dags/dag_scraping_twitter.py for tasks to queue
[2026-06-07T11:40:10.473+0700] {logging_mixin.py:190} INFO - [2026-06-07T11:40:10.472+0700] {dagbag.py:587} INFO - Filling up the DagBag from /opt/airflow/dags/dag_scraping_twitter.py
[2026-06-07T11:40:10.504+0700] {processor.py:925} INFO - DAG(s) 'dag_scraping_twitter' retrieved from /opt/airflow/dags/dag_scraping_twitter.py
[2026-06-07T11:40:10.545+0700] {logging_mixin.py:190} INFO - [2026-06-07T11:40:10.545+0700] {dag.py:3211} INFO - Sync 1 DAGs
[2026-06-07T11:40:10.574+0700] {logging_mixin.py:190} INFO - [2026-06-07T11:40:10.574+0700] {dag.py:4138} INFO - Setting next_dagrun for dag_scraping_twitter to 2026-06-06 23:00:00+00:00, run_after=2026-06-07 11:00:00+00:00
[2026-06-07T11:40:10.600+0700] {processor.py:208} INFO - Processing /opt/airflow/dags/dag_scraping_twitter.py took 0.147 seconds
[2026-06-07T11:40:41.534+0700] {processor.py:186} INFO - Started process (PID=45397) to work on /opt/airflow/dags/dag_scraping_twitter.py
[2026-06-07T11:40:41.535+0700] {processor.py:914} INFO - Processing file /opt/airflow/dags/dag_scraping_twitter.py for tasks to queue
[2026-06-07T11:40:41.538+0700] {logging_mixin.py:190} INFO - [2026-06-07T11:40:41.538+0700] {dagbag.py:587} INFO - Filling up the DagBag from /opt/airflow/dags/dag_scraping_twitter.py
[2026-06-07T11:40:41.562+0700] {processor.py:925} INFO - DAG(s) 'dag_scraping_twitter' retrieved from /opt/airflow/dags/dag_scraping_twitter.py
[2026-06-07T11:40:41.593+0700] {logging_mixin.py:190} INFO - [2026-06-07T11:40:41.592+0700] {dag.py:3211} INFO - Sync 1 DAGs
[2026-06-07T11:40:41.618+0700] {logging_mixin.py:190} INFO - [2026-06-07T11:40:41.618+0700] {dag.py:4138} INFO - Setting next_dagrun for dag_scraping_twitter to 2026-06-06 23:00:00+00:00, run_after=2026-06-07 11:00:00+00:00
[2026-06-07T11:40:41.645+0700] {processor.py:208} INFO - Processing /opt/airflow/dags/dag_scraping_twitter.py took 0.119 seconds
[2026-06-07T11:41:12.051+0700] {processor.py:186} INFO - Started process (PID=45425) to work on /opt/airflow/dags/dag_scraping_twitter.py
[2026-06-07T11:41:12.052+0700] {processor.py:914} INFO - Processing file /opt/airflow/dags/dag_scraping_twitter.py for tasks to queue
[2026-06-07T11:41:12.055+0700] {logging_mixin.py:190} INFO - [2026-06-07T11:41:12.054+0700] {dagbag.py:587} INFO - Filling up the DagBag from /opt/airflow/dags/dag_scraping_twitter.py
[2026-06-07T11:41:12.079+0700] {processor.py:925} INFO - DAG(s) 'dag_scraping_twitter' retrieved from /opt/airflow/dags/dag_scraping_twitter.py
[2026-06-07T11:41:12.111+0700] {logging_mixin.py:190} INFO - [2026-06-07T11:41:12.111+0700] {dag.py:3211} INFO - Sync 1 DAGs
[2026-06-07T11:41:12.138+0700] {logging_mixin.py:190} INFO - [2026-06-07T11:41:12.138+0700] {dag.py:4138} INFO - Setting next_dagrun for dag_scraping_twitter to 2026-06-06 23:00:00+00:00, run_after=2026-06-07 11:00:00+00:00
[2026-06-07T11:41:12.159+0700] {processor.py:208} INFO - Processing /opt/airflow/dags/dag_scraping_twitter.py took 0.117 seconds
[2026-06-07T11:41:42.650+0700] {processor.py:186} INFO - Started process (PID=45453) to work on /opt/airflow/dags/dag_scraping_twitter.py
[2026-06-07T11:41:42.651+0700] {processor.py:914} INFO - Processing file /opt/airflow/dags/dag_scraping_twitter.py for tasks to queue
[2026-06-07T11:41:42.653+0700] {logging_mixin.py:190} INFO - [2026-06-07T11:41:42.653+0700] {dagbag.py:587} INFO - Filling up the DagBag from /opt/airflow/dags/dag_scraping_twitter.py
[2026-06-07T11:41:42.674+0700] {processor.py:925} INFO - DAG(s) 'dag_scraping_twitter' retrieved from /opt/airflow/dags/dag_scraping_twitter.py
[2026-06-07T11:41:42.704+0700] {logging_mixin.py:190} INFO - [2026-06-07T11:41:42.704+0700] {dag.py:3211} INFO - Sync 1 DAGs
[2026-06-07T11:41:42.729+0700] {logging_mixin.py:190} INFO - [2026-06-07T11:41:42.728+0700] {dag.py:4138} INFO - Setting next_dagrun for dag_scraping_twitter to 2026-06-06 23:00:00+00:00, run_after=2026-06-07 11:00:00+00:00
[2026-06-07T11:41:42.751+0700] {processor.py:208} INFO - Processing /opt/airflow/dags/dag_scraping_twitter.py took 0.107 seconds
[2026-06-07T11:42:13.314+0700] {processor.py:186} INFO - Started process (PID=45482) to work on /opt/airflow/dags/dag_scraping_twitter.py
[2026-06-07T11:42:13.315+0700] {processor.py:914} INFO - Processing file /opt/airflow/dags/dag_scraping_twitter.py for tasks to queue
[2026-06-07T11:42:13.319+0700] {logging_mixin.py:190} INFO - [2026-06-07T11:42:13.318+0700] {dagbag.py:587} INFO - Filling up the DagBag from /opt/airflow/dags/dag_scraping_twitter.py
[2026-06-07T11:42:13.341+0700] {processor.py:925} INFO - DAG(s) 'dag_scraping_twitter' retrieved from /opt/airflow/dags/dag_scraping_twitter.py
[2026-06-07T11:42:13.372+0700] {logging_mixin.py:190} INFO - [2026-06-07T11:42:13.372+0700] {dag.py:3211} INFO - Sync 1 DAGs
[2026-06-07T11:42:13.398+0700] {logging_mixin.py:190} INFO - [2026-06-07T11:42:13.398+0700] {dag.py:4138} INFO - Setting next_dagrun for dag_scraping_twitter to 2026-06-06 23:00:00+00:00, run_after=2026-06-07 11:00:00+00:00
[2026-06-07T11:42:13.420+0700] {processor.py:208} INFO - Processing /opt/airflow/dags/dag_scraping_twitter.py took 0.112 seconds
[2026-06-07T11:42:43.764+0700] {processor.py:186} INFO - Started process (PID=45510) to work on /opt/airflow/dags/dag_scraping_twitter.py
[2026-06-07T11:42:43.765+0700] {processor.py:914} INFO - Processing file /opt/airflow/dags/dag_scraping_twitter.py for tasks to queue
[2026-06-07T11:42:43.768+0700] {logging_mixin.py:190} INFO - [2026-06-07T11:42:43.768+0700] {dagbag.py:587} INFO - Filling up the DagBag from /opt/airflow/dags/dag_scraping_twitter.py
[2026-06-07T11:42:43.792+0700] {processor.py:925} INFO - DAG(s) 'dag_scraping_twitter' retrieved from /opt/airflow/dags/dag_scraping_twitter.py
[2026-06-07T11:42:43.826+0700] {logging_mixin.py:190} INFO - [2026-06-07T11:42:43.826+0700] {dag.py:3211} INFO - Sync 1 DAGs
[2026-06-07T11:42:43.856+0700] {logging_mixin.py:190} INFO - [2026-06-07T11:42:43.855+0700] {dag.py:4138} INFO - Setting next_dagrun for dag_scraping_twitter to 2026-06-06 23:00:00+00:00, run_after=2026-06-07 11:00:00+00:00
[2026-06-07T11:42:43.880+0700] {processor.py:208} INFO - Processing /opt/airflow/dags/dag_scraping_twitter.py took 0.122 seconds
[2026-06-07T11:43:14.506+0700] {processor.py:186} INFO - Started process (PID=45538) to work on /opt/airflow/dags/dag_scraping_twitter.py
[2026-06-07T11:43:14.508+0700] {processor.py:914} INFO - Processing file /opt/airflow/dags/dag_scraping_twitter.py for tasks to queue
[2026-06-07T11:43:14.512+0700] {logging_mixin.py:190} INFO - [2026-06-07T11:43:14.511+0700] {dagbag.py:587} INFO - Filling up the DagBag from /opt/airflow/dags/dag_scraping_twitter.py
[2026-06-07T11:43:14.537+0700] {processor.py:925} INFO - DAG(s) 'dag_scraping_twitter' retrieved from /opt/airflow/dags/dag_scraping_twitter.py
[2026-06-07T11:43:14.568+0700] {logging_mixin.py:190} INFO - [2026-06-07T11:43:14.568+0700] {dag.py:3211} INFO - Sync 1 DAGs
[2026-06-07T11:43:14.595+0700] {logging_mixin.py:190} INFO - [2026-06-07T11:43:14.595+0700] {dag.py:4138} INFO - Setting next_dagrun for dag_scraping_twitter to 2026-06-06 23:00:00+00:00, run_after=2026-06-07 11:00:00+00:00
[2026-06-07T11:43:14.619+0700] {processor.py:208} INFO - Processing /opt/airflow/dags/dag_scraping_twitter.py took 0.122 seconds
[2026-06-07T11:43:44.712+0700] {processor.py:186} INFO - Started process (PID=45573) to work on /opt/airflow/dags/dag_scraping_twitter.py
[2026-06-07T11:43:44.713+0700] {processor.py:914} INFO - Processing file /opt/airflow/dags/dag_scraping_twitter.py for tasks to queue
[2026-06-07T11:43:44.716+0700] {logging_mixin.py:190} INFO - [2026-06-07T11:43:44.716+0700] {dagbag.py:587} INFO - Filling up the DagBag from /opt/airflow/dags/dag_scraping_twitter.py
[2026-06-07T11:43:44.739+0700] {processor.py:925} INFO - DAG(s) 'dag_scraping_twitter' retrieved from /opt/airflow/dags/dag_scraping_twitter.py
[2026-06-07T11:43:44.771+0700] {logging_mixin.py:190} INFO - [2026-06-07T11:43:44.770+0700] {dag.py:3211} INFO - Sync 1 DAGs
[2026-06-07T11:43:44.798+0700] {logging_mixin.py:190} INFO - [2026-06-07T11:43:44.798+0700] {dag.py:4138} INFO - Setting next_dagrun for dag_scraping_twitter to 2026-06-06 23:00:00+00:00, run_after=2026-06-07 11:00:00+00:00
[2026-06-07T11:43:44.823+0700] {processor.py:208} INFO - Processing /opt/airflow/dags/dag_scraping_twitter.py took 0.117 seconds
[2026-06-07T11:44:15.064+0700] {processor.py:186} INFO - Started process (PID=45601) to work on /opt/airflow/dags/dag_scraping_twitter.py
[2026-06-07T11:44:15.066+0700] {processor.py:914} INFO - Processing file /opt/airflow/dags/dag_scraping_twitter.py for tasks to queue
[2026-06-07T11:44:15.069+0700] {logging_mixin.py:190} INFO - [2026-06-07T11:44:15.068+0700] {dagbag.py:587} INFO - Filling up the DagBag from /opt/airflow/dags/dag_scraping_twitter.py
[2026-06-07T11:44:15.093+0700] {processor.py:925} INFO - DAG(s) 'dag_scraping_twitter' retrieved from /opt/airflow/dags/dag_scraping_twitter.py
[2026-06-07T11:44:15.123+0700] {logging_mixin.py:190} INFO - [2026-06-07T11:44:15.123+0700] {dag.py:3211} INFO - Sync 1 DAGs
[2026-06-07T11:44:15.149+0700] {logging_mixin.py:190} INFO - [2026-06-07T11:44:15.149+0700] {dag.py:4138} INFO - Setting next_dagrun for dag_scraping_twitter to 2026-06-06 23:00:00+00:00, run_after=2026-06-07 11:00:00+00:00
[2026-06-07T11:44:15.174+0700] {processor.py:208} INFO - Processing /opt/airflow/dags/dag_scraping_twitter.py took 0.115 seconds
[2026-06-07T11:44:45.933+0700] {processor.py:186} INFO - Started process (PID=45629) to work on /opt/airflow/dags/dag_scraping_twitter.py
[2026-06-07T11:44:45.935+0700] {processor.py:914} INFO - Processing file /opt/airflow/dags/dag_scraping_twitter.py for tasks to queue
[2026-06-07T11:44:45.940+0700] {logging_mixin.py:190} INFO - [2026-06-07T11:44:45.939+0700] {dagbag.py:587} INFO - Filling up the DagBag from /opt/airflow/dags/dag_scraping_twitter.py
[2026-06-07T11:44:45.971+0700] {processor.py:925} INFO - DAG(s) 'dag_scraping_twitter' retrieved from /opt/airflow/dags/dag_scraping_twitter.py
[2026-06-07T11:44:46.012+0700] {logging_mixin.py:190} INFO - [2026-06-07T11:44:46.012+0700] {dag.py:3211} INFO - Sync 1 DAGs
[2026-06-07T11:44:46.044+0700] {logging_mixin.py:190} INFO - [2026-06-07T11:44:46.044+0700] {dag.py:4138} INFO - Setting next_dagrun for dag_scraping_twitter to 2026-06-06 23:00:00+00:00, run_after=2026-06-07 11:00:00+00:00
[2026-06-07T11:44:46.070+0700] {processor.py:208} INFO - Processing /opt/airflow/dags/dag_scraping_twitter.py took 0.147 seconds
[2026-06-07T11:45:16.549+0700] {processor.py:186} INFO - Started process (PID=45657) to work on /opt/airflow/dags/dag_scraping_twitter.py
[2026-06-07T11:45:16.551+0700] {processor.py:914} INFO - Processing file /opt/airflow/dags/dag_scraping_twitter.py for tasks to queue
[2026-06-07T11:45:16.557+0700] {logging_mixin.py:190} INFO - [2026-06-07T11:45:16.556+0700] {dagbag.py:587} INFO - Filling up the DagBag from /opt/airflow/dags/dag_scraping_twitter.py
[2026-06-07T11:45:16.585+0700] {processor.py:925} INFO - DAG(s) 'dag_scraping_twitter' retrieved from /opt/airflow/dags/dag_scraping_twitter.py
[2026-06-07T11:45:16.623+0700] {logging_mixin.py:190} INFO - [2026-06-07T11:45:16.623+0700] {dag.py:3211} INFO - Sync 1 DAGs
[2026-06-07T11:45:16.653+0700] {logging_mixin.py:190} INFO - [2026-06-07T11:45:16.653+0700] {dag.py:4138} INFO - Setting next_dagrun for dag_scraping_twitter to 2026-06-06 23:00:00+00:00, run_after=2026-06-07 11:00:00+00:00
[2026-06-07T11:45:16.680+0700] {processor.py:208} INFO - Processing /opt/airflow/dags/dag_scraping_twitter.py took 0.140 seconds
[2026-06-07T11:45:47.117+0700] {processor.py:186} INFO - Started process (PID=45685) to work on /opt/airflow/dags/dag_scraping_twitter.py
[2026-06-07T11:45:47.118+0700] {processor.py:914} INFO - Processing file /opt/airflow/dags/dag_scraping_twitter.py for tasks to queue
[2026-06-07T11:45:47.127+0700] {logging_mixin.py:190} INFO - [2026-06-07T11:45:47.126+0700] {dagbag.py:587} INFO - Filling up the DagBag from /opt/airflow/dags/dag_scraping_twitter.py
[2026-06-07T11:45:47.155+0700] {processor.py:925} INFO - DAG(s) 'dag_scraping_twitter' retrieved from /opt/airflow/dags/dag_scraping_twitter.py
[2026-06-07T11:45:47.195+0700] {logging_mixin.py:190} INFO - [2026-06-07T11:45:47.194+0700] {dag.py:3211} INFO - Sync 1 DAGs
[2026-06-07T11:45:47.229+0700] {logging_mixin.py:190} INFO - [2026-06-07T11:45:47.228+0700] {dag.py:4138} INFO - Setting next_dagrun for dag_scraping_twitter to 2026-06-06 23:00:00+00:00, run_after=2026-06-07 11:00:00+00:00
[2026-06-07T11:45:47.255+0700] {processor.py:208} INFO - Processing /opt/airflow/dags/dag_scraping_twitter.py took 0.148 seconds
[2026-06-07T11:46:17.754+0700] {processor.py:186} INFO - Started process (PID=45714) to work on /opt/airflow/dags/dag_scraping_twitter.py
[2026-06-07T11:46:17.755+0700] {processor.py:914} INFO - Processing file /opt/airflow/dags/dag_scraping_twitter.py for tasks to queue
[2026-06-07T11:46:17.758+0700] {logging_mixin.py:190} INFO - [2026-06-07T11:46:17.758+0700] {dagbag.py:587} INFO - Filling up the DagBag from /opt/airflow/dags/dag_scraping_twitter.py
[2026-06-07T11:46:17.778+0700] {processor.py:925} INFO - DAG(s) 'dag_scraping_twitter' retrieved from /opt/airflow/dags/dag_scraping_twitter.py
[2026-06-07T11:46:17.813+0700] {logging_mixin.py:190} INFO - [2026-06-07T11:46:17.813+0700] {dag.py:3211} INFO - Sync 1 DAGs
[2026-06-07T11:46:17.841+0700] {logging_mixin.py:190} INFO - [2026-06-07T11:46:17.841+0700] {dag.py:4138} INFO - Setting next_dagrun for dag_scraping_twitter to 2026-06-06 23:00:00+00:00, run_after=2026-06-07 11:00:00+00:00
[2026-06-07T11:46:17.867+0700] {processor.py:208} INFO - Processing /opt/airflow/dags/dag_scraping_twitter.py took 0.121 seconds
[2026-06-07T11:46:48.346+0700] {processor.py:186} INFO - Started process (PID=45742) to work on /opt/airflow/dags/dag_scraping_twitter.py
[2026-06-07T11:46:48.348+0700] {processor.py:914} INFO - Processing file /opt/airflow/dags/dag_scraping_twitter.py for tasks to queue
[2026-06-07T11:46:48.353+0700] {logging_mixin.py:190} INFO - [2026-06-07T11:46:48.351+0700] {dagbag.py:587} INFO - Filling up the DagBag from /opt/airflow/dags/dag_scraping_twitter.py
[2026-06-07T11:46:48.386+0700] {processor.py:925} INFO - DAG(s) 'dag_scraping_twitter' retrieved from /opt/airflow/dags/dag_scraping_twitter.py
[2026-06-07T11:46:48.424+0700] {logging_mixin.py:190} INFO - [2026-06-07T11:46:48.424+0700] {dag.py:3211} INFO - Sync 1 DAGs
[2026-06-07T11:46:48.461+0700] {logging_mixin.py:190} INFO - [2026-06-07T11:46:48.461+0700] {dag.py:4138} INFO - Setting next_dagrun for dag_scraping_twitter to 2026-06-06 23:00:00+00:00, run_after=2026-06-07 11:00:00+00:00
[2026-06-07T11:46:48.490+0700] {processor.py:208} INFO - Processing /opt/airflow/dags/dag_scraping_twitter.py took 0.155 seconds
[2026-06-07T11:47:19.488+0700] {processor.py:186} INFO - Started process (PID=45777) to work on /opt/airflow/dags/dag_scraping_twitter.py
[2026-06-07T11:47:19.490+0700] {processor.py:914} INFO - Processing file /opt/airflow/dags/dag_scraping_twitter.py for tasks to queue
[2026-06-07T11:47:19.496+0700] {logging_mixin.py:190} INFO - [2026-06-07T11:47:19.496+0700] {dagbag.py:587} INFO - Filling up the DagBag from /opt/airflow/dags/dag_scraping_twitter.py
[2026-06-07T11:47:19.546+0700] {processor.py:925} INFO - DAG(s) 'dag_scraping_twitter' retrieved from /opt/airflow/dags/dag_scraping_twitter.py
[2026-06-07T11:47:19.762+0700] {logging_mixin.py:190} INFO - [2026-06-07T11:47:19.761+0700] {dag.py:3211} INFO - Sync 1 DAGs
[2026-06-07T11:47:19.827+0700] {logging_mixin.py:190} INFO - [2026-06-07T11:47:19.826+0700] {dag.py:4138} INFO - Setting next_dagrun for dag_scraping_twitter to 2026-06-06 23:00:00+00:00, run_after=2026-06-07 11:00:00+00:00
[2026-06-07T11:47:19.876+0700] {processor.py:208} INFO - Processing /opt/airflow/dags/dag_scraping_twitter.py took 0.404 seconds
[2026-06-07T11:47:50.655+0700] {processor.py:186} INFO - Started process (PID=45805) to work on /opt/airflow/dags/dag_scraping_twitter.py
[2026-06-07T11:47:50.657+0700] {processor.py:914} INFO - Processing file /opt/airflow/dags/dag_scraping_twitter.py for tasks to queue
[2026-06-07T11:47:50.660+0700] {logging_mixin.py:190} INFO - [2026-06-07T11:47:50.659+0700] {dagbag.py:587} INFO - Filling up the DagBag from /opt/airflow/dags/dag_scraping_twitter.py
[2026-06-07T11:47:50.681+0700] {processor.py:925} INFO - DAG(s) 'dag_scraping_twitter' retrieved from /opt/airflow/dags/dag_scraping_twitter.py
[2026-06-07T11:47:50.712+0700] {logging_mixin.py:190} INFO - [2026-06-07T11:47:50.712+0700] {dag.py:3211} INFO - Sync 1 DAGs
[2026-06-07T11:47:50.746+0700] {logging_mixin.py:190} INFO - [2026-06-07T11:47:50.746+0700] {dag.py:4138} INFO - Setting next_dagrun for dag_scraping_twitter to 2026-06-06 23:00:00+00:00, run_after=2026-06-07 11:00:00+00:00
[2026-06-07T11:47:50.773+0700] {processor.py:208} INFO - Processing /opt/airflow/dags/dag_scraping_twitter.py took 0.126 seconds
[2026-06-07T11:48:21.173+0700] {processor.py:186} INFO - Started process (PID=45833) to work on /opt/airflow/dags/dag_scraping_twitter.py
[2026-06-07T11:48:21.174+0700] {processor.py:914} INFO - Processing file /opt/airflow/dags/dag_scraping_twitter.py for tasks to queue
[2026-06-07T11:48:21.179+0700] {logging_mixin.py:190} INFO - [2026-06-07T11:48:21.178+0700] {dagbag.py:587} INFO - Filling up the DagBag from /opt/airflow/dags/dag_scraping_twitter.py
[2026-06-07T11:48:21.204+0700] {processor.py:925} INFO - DAG(s) 'dag_scraping_twitter' retrieved from /opt/airflow/dags/dag_scraping_twitter.py
[2026-06-07T11:48:21.236+0700] {logging_mixin.py:190} INFO - [2026-06-07T11:48:21.236+0700] {dag.py:3211} INFO - Sync 1 DAGs
[2026-06-07T11:48:21.264+0700] {logging_mixin.py:190} INFO - [2026-06-07T11:48:21.264+0700] {dag.py:4138} INFO - Setting next_dagrun for dag_scraping_twitter to 2026-06-06 23:00:00+00:00, run_after=2026-06-07 11:00:00+00:00
[2026-06-07T11:48:21.286+0700] {processor.py:208} INFO - Processing /opt/airflow/dags/dag_scraping_twitter.py took 0.120 seconds
[2026-06-07T11:48:52.049+0700] {processor.py:186} INFO - Started process (PID=45861) to work on /opt/airflow/dags/dag_scraping_twitter.py
[2026-06-07T11:48:52.050+0700] {processor.py:914} INFO - Processing file /opt/airflow/dags/dag_scraping_twitter.py for tasks to queue
[2026-06-07T11:48:52.053+0700] {logging_mixin.py:190} INFO - [2026-06-07T11:48:52.053+0700] {dagbag.py:587} INFO - Filling up the DagBag from /opt/airflow/dags/dag_scraping_twitter.py
[2026-06-07T11:48:52.076+0700] {processor.py:925} INFO - DAG(s) 'dag_scraping_twitter' retrieved from /opt/airflow/dags/dag_scraping_twitter.py
[2026-06-07T11:48:52.113+0700] {logging_mixin.py:190} INFO - [2026-06-07T11:48:52.112+0700] {dag.py:3211} INFO - Sync 1 DAGs
[2026-06-07T11:48:52.148+0700] {logging_mixin.py:190} INFO - [2026-06-07T11:48:52.147+0700] {dag.py:4138} INFO - Setting next_dagrun for dag_scraping_twitter to 2026-06-06 23:00:00+00:00, run_after=2026-06-07 11:00:00+00:00
[2026-06-07T11:48:52.183+0700] {processor.py:208} INFO - Processing /opt/airflow/dags/dag_scraping_twitter.py took 0.141 seconds
[2026-06-07T11:49:22.899+0700] {processor.py:186} INFO - Started process (PID=45890) to work on /opt/airflow/dags/dag_scraping_twitter.py
[2026-06-07T11:49:22.903+0700] {processor.py:914} INFO - Processing file /opt/airflow/dags/dag_scraping_twitter.py for tasks to queue
[2026-06-07T11:49:22.909+0700] {logging_mixin.py:190} INFO - [2026-06-07T11:49:22.907+0700] {dagbag.py:587} INFO - Filling up the DagBag from /opt/airflow/dags/dag_scraping_twitter.py
[2026-06-07T11:49:23.006+0700] {processor.py:925} INFO - DAG(s) 'dag_scraping_twitter' retrieved from /opt/airflow/dags/dag_scraping_twitter.py
[2026-06-07T11:49:23.102+0700] {logging_mixin.py:190} INFO - [2026-06-07T11:49:23.101+0700] {dag.py:3211} INFO - Sync 1 DAGs
[2026-06-07T11:49:23.286+0700] {logging_mixin.py:190} INFO - [2026-06-07T11:49:23.285+0700] {dag.py:4138} INFO - Setting next_dagrun for dag_scraping_twitter to 2026-06-06 23:00:00+00:00, run_after=2026-06-07 11:00:00+00:00
[2026-06-07T11:49:23.392+0700] {processor.py:208} INFO - Processing /opt/airflow/dags/dag_scraping_twitter.py took 0.503 seconds
[2026-06-07T11:49:53.803+0700] {processor.py:186} INFO - Started process (PID=45918) to work on /opt/airflow/dags/dag_scraping_twitter.py
[2026-06-07T11:49:53.806+0700] {processor.py:914} INFO - Processing file /opt/airflow/dags/dag_scraping_twitter.py for tasks to queue
[2026-06-07T11:49:53.811+0700] {logging_mixin.py:190} INFO - [2026-06-07T11:49:53.810+0700] {dagbag.py:587} INFO - Filling up the DagBag from /opt/airflow/dags/dag_scraping_twitter.py
[2026-06-07T11:49:53.855+0700] {processor.py:925} INFO - DAG(s) 'dag_scraping_twitter' retrieved from /opt/airflow/dags/dag_scraping_twitter.py
[2026-06-07T11:49:53.907+0700] {logging_mixin.py:190} INFO - [2026-06-07T11:49:53.907+0700] {dag.py:3211} INFO - Sync 1 DAGs
[2026-06-07T11:49:53.956+0700] {logging_mixin.py:190} INFO - [2026-06-07T11:49:53.956+0700] {dag.py:4138} INFO - Setting next_dagrun for dag_scraping_twitter to 2026-06-06 23:00:00+00:00, run_after=2026-06-07 11:00:00+00:00
[2026-06-07T11:49:53.998+0700] {processor.py:208} INFO - Processing /opt/airflow/dags/dag_scraping_twitter.py took 0.208 seconds
[2026-06-07T11:50:24.723+0700] {processor.py:186} INFO - Started process (PID=45951) to work on /opt/airflow/dags/dag_scraping_twitter.py
[2026-06-07T11:50:24.724+0700] {processor.py:914} INFO - Processing file /opt/airflow/dags/dag_scraping_twitter.py for tasks to queue
[2026-06-07T11:50:24.730+0700] {logging_mixin.py:190} INFO - [2026-06-07T11:50:24.729+0700] {dagbag.py:587} INFO - Filling up the DagBag from /opt/airflow/dags/dag_scraping_twitter.py
[2026-06-07T11:50:24.758+0700] {processor.py:925} INFO - DAG(s) 'dag_scraping_twitter' retrieved from /opt/airflow/dags/dag_scraping_twitter.py
[2026-06-07T11:50:24.805+0700] {logging_mixin.py:190} INFO - [2026-06-07T11:50:24.804+0700] {dag.py:3211} INFO - Sync 1 DAGs
[2026-06-07T11:50:24.835+0700] {logging_mixin.py:190} INFO - [2026-06-07T11:50:24.835+0700] {dag.py:4138} INFO - Setting next_dagrun for dag_scraping_twitter to 2026-06-06 23:00:00+00:00, run_after=2026-06-07 11:00:00+00:00
[2026-06-07T11:50:24.864+0700] {processor.py:208} INFO - Processing /opt/airflow/dags/dag_scraping_twitter.py took 0.159 seconds
[2026-06-07T11:50:55.040+0700] {processor.py:186} INFO - Started process (PID=45979) to work on /opt/airflow/dags/dag_scraping_twitter.py
[2026-06-07T11:50:55.043+0700] {processor.py:914} INFO - Processing file /opt/airflow/dags/dag_scraping_twitter.py for tasks to queue
[2026-06-07T11:50:55.048+0700] {logging_mixin.py:190} INFO - [2026-06-07T11:50:55.047+0700] {dagbag.py:587} INFO - Filling up the DagBag from /opt/airflow/dags/dag_scraping_twitter.py
[2026-06-07T11:50:55.073+0700] {processor.py:925} INFO - DAG(s) 'dag_scraping_twitter' retrieved from /opt/airflow/dags/dag_scraping_twitter.py
[2026-06-07T11:50:55.100+0700] {logging_mixin.py:190} INFO - [2026-06-07T11:50:55.099+0700] {dag.py:3211} INFO - Sync 1 DAGs
[2026-06-07T11:50:55.127+0700] {logging_mixin.py:190} INFO - [2026-06-07T11:50:55.126+0700] {dag.py:4138} INFO - Setting next_dagrun for dag_scraping_twitter to 2026-06-06 23:00:00+00:00, run_after=2026-06-07 11:00:00+00:00
[2026-06-07T11:50:55.152+0700] {processor.py:208} INFO - Processing /opt/airflow/dags/dag_scraping_twitter.py took 0.118 seconds
[2026-06-07T11:51:25.826+0700] {processor.py:186} INFO - Started process (PID=46008) to work on /opt/airflow/dags/dag_scraping_twitter.py
[2026-06-07T11:51:25.827+0700] {processor.py:914} INFO - Processing file /opt/airflow/dags/dag_scraping_twitter.py for tasks to queue
[2026-06-07T11:51:25.830+0700] {logging_mixin.py:190} INFO - [2026-06-07T11:51:25.830+0700] {dagbag.py:587} INFO - Filling up the DagBag from /opt/airflow/dags/dag_scraping_twitter.py
[2026-06-07T11:51:25.856+0700] {processor.py:925} INFO - DAG(s) 'dag_scraping_twitter' retrieved from /opt/airflow/dags/dag_scraping_twitter.py
[2026-06-07T11:51:25.894+0700] {logging_mixin.py:190} INFO - [2026-06-07T11:51:25.894+0700] {dag.py:3211} INFO - Sync 1 DAGs
[2026-06-07T11:51:25.929+0700] {logging_mixin.py:190} INFO - [2026-06-07T11:51:25.928+0700] {dag.py:4138} INFO - Setting next_dagrun for dag_scraping_twitter to 2026-06-06 23:00:00+00:00, run_after=2026-06-07 11:00:00+00:00
[2026-06-07T11:51:25.962+0700] {processor.py:208} INFO - Processing /opt/airflow/dags/dag_scraping_twitter.py took 0.144 seconds
[2026-06-07T11:51:56.035+0700] {processor.py:186} INFO - Started process (PID=46036) to work on /opt/airflow/dags/dag_scraping_twitter.py
[2026-06-07T11:51:56.037+0700] {processor.py:914} INFO - Processing file /opt/airflow/dags/dag_scraping_twitter.py for tasks to queue
[2026-06-07T11:51:56.040+0700] {logging_mixin.py:190} INFO - [2026-06-07T11:51:56.040+0700] {dagbag.py:587} INFO - Filling up the DagBag from /opt/airflow/dags/dag_scraping_twitter.py
[2026-06-07T11:51:56.069+0700] {processor.py:925} INFO - DAG(s) 'dag_scraping_twitter' retrieved from /opt/airflow/dags/dag_scraping_twitter.py
[2026-06-07T11:51:56.107+0700] {logging_mixin.py:190} INFO - [2026-06-07T11:51:56.107+0700] {dag.py:3211} INFO - Sync 1 DAGs
[2026-06-07T11:51:56.140+0700] {logging_mixin.py:190} INFO - [2026-06-07T11:51:56.139+0700] {dag.py:4138} INFO - Setting next_dagrun for dag_scraping_twitter to 2026-06-06 23:00:00+00:00, run_after=2026-06-07 11:00:00+00:00
[2026-06-07T11:51:56.167+0700] {processor.py:208} INFO - Processing /opt/airflow/dags/dag_scraping_twitter.py took 0.141 seconds
[2026-06-07T11:52:26.749+0700] {processor.py:186} INFO - Started process (PID=46064) to work on /opt/airflow/dags/dag_scraping_twitter.py
[2026-06-07T11:52:26.750+0700] {processor.py:914} INFO - Processing file /opt/airflow/dags/dag_scraping_twitter.py for tasks to queue
[2026-06-07T11:52:26.755+0700] {logging_mixin.py:190} INFO - [2026-06-07T11:52:26.754+0700] {dagbag.py:587} INFO - Filling up the DagBag from /opt/airflow/dags/dag_scraping_twitter.py
[2026-06-07T11:52:26.786+0700] {processor.py:925} INFO - DAG(s) 'dag_scraping_twitter' retrieved from /opt/airflow/dags/dag_scraping_twitter.py
[2026-06-07T11:52:26.825+0700] {logging_mixin.py:190} INFO - [2026-06-07T11:52:26.824+0700] {dag.py:3211} INFO - Sync 1 DAGs
[2026-06-07T11:52:26.853+0700] {logging_mixin.py:190} INFO - [2026-06-07T11:52:26.853+0700] {dag.py:4138} INFO - Setting next_dagrun for dag_scraping_twitter to 2026-06-06 23:00:00+00:00, run_after=2026-06-07 11:00:00+00:00
[2026-06-07T11:52:26.880+0700] {processor.py:208} INFO - Processing /opt/airflow/dags/dag_scraping_twitter.py took 0.140 seconds
[2026-06-07T11:52:57.226+0700] {processor.py:186} INFO - Started process (PID=46092) to work on /opt/airflow/dags/dag_scraping_twitter.py
[2026-06-07T11:52:57.227+0700] {processor.py:914} INFO - Processing file /opt/airflow/dags/dag_scraping_twitter.py for tasks to queue
[2026-06-07T11:52:57.231+0700] {logging_mixin.py:190} INFO - [2026-06-07T11:52:57.230+0700] {dagbag.py:587} INFO - Filling up the DagBag from /opt/airflow/dags/dag_scraping_twitter.py
[2026-06-07T11:52:57.257+0700] {processor.py:925} INFO - DAG(s) 'dag_scraping_twitter' retrieved from /opt/airflow/dags/dag_scraping_twitter.py
[2026-06-07T11:52:57.289+0700] {logging_mixin.py:190} INFO - [2026-06-07T11:52:57.289+0700] {dag.py:3211} INFO - Sync 1 DAGs
[2026-06-07T11:52:57.318+0700] {logging_mixin.py:190} INFO - [2026-06-07T11:52:57.318+0700] {dag.py:4138} INFO - Setting next_dagrun for dag_scraping_twitter to 2026-06-06 23:00:00+00:00, run_after=2026-06-07 11:00:00+00:00
[2026-06-07T11:52:57.345+0700] {processor.py:208} INFO - Processing /opt/airflow/dags/dag_scraping_twitter.py took 0.126 seconds
[2026-06-07T11:53:27.756+0700] {processor.py:186} INFO - Started process (PID=46120) to work on /opt/airflow/dags/dag_scraping_twitter.py
[2026-06-07T11:53:27.757+0700] {processor.py:914} INFO - Processing file /opt/airflow/dags/dag_scraping_twitter.py for tasks to queue
[2026-06-07T11:53:27.763+0700] {logging_mixin.py:190} INFO - [2026-06-07T11:53:27.762+0700] {dagbag.py:587} INFO - Filling up the DagBag from /opt/airflow/dags/dag_scraping_twitter.py
[2026-06-07T11:53:27.790+0700] {processor.py:925} INFO - DAG(s) 'dag_scraping_twitter' retrieved from /opt/airflow/dags/dag_scraping_twitter.py
[2026-06-07T11:53:27.820+0700] {logging_mixin.py:190} INFO - [2026-06-07T11:53:27.820+0700] {dag.py:3211} INFO - Sync 1 DAGs
[2026-06-07T11:53:27.847+0700] {logging_mixin.py:190} INFO - [2026-06-07T11:53:27.847+0700] {dag.py:4138} INFO - Setting next_dagrun for dag_scraping_twitter to 2026-06-06 23:00:00+00:00, run_after=2026-06-07 11:00:00+00:00
[2026-06-07T11:53:27.871+0700] {processor.py:208} INFO - Processing /opt/airflow/dags/dag_scraping_twitter.py took 0.121 seconds
[2026-06-07T11:53:58.153+0700] {processor.py:186} INFO - Started process (PID=46148) to work on /opt/airflow/dags/dag_scraping_twitter.py
[2026-06-07T11:53:58.155+0700] {processor.py:914} INFO - Processing file /opt/airflow/dags/dag_scraping_twitter.py for tasks to queue
[2026-06-07T11:53:58.158+0700] {logging_mixin.py:190} INFO - [2026-06-07T11:53:58.158+0700] {dagbag.py:587} INFO - Filling up the DagBag from /opt/airflow/dags/dag_scraping_twitter.py
[2026-06-07T11:53:58.179+0700] {processor.py:925} INFO - DAG(s) 'dag_scraping_twitter' retrieved from /opt/airflow/dags/dag_scraping_twitter.py
[2026-06-07T11:53:58.209+0700] {logging_mixin.py:190} INFO - [2026-06-07T11:53:58.208+0700] {dag.py:3211} INFO - Sync 1 DAGs
[2026-06-07T11:53:58.235+0700] {logging_mixin.py:190} INFO - [2026-06-07T11:53:58.234+0700] {dag.py:4138} INFO - Setting next_dagrun for dag_scraping_twitter to 2026-06-06 23:00:00+00:00, run_after=2026-06-07 11:00:00+00:00
[2026-06-07T11:53:58.259+0700] {processor.py:208} INFO - Processing /opt/airflow/dags/dag_scraping_twitter.py took 0.114 seconds
[2026-06-07T11:54:28.753+0700] {processor.py:186} INFO - Started process (PID=46176) to work on /opt/airflow/dags/dag_scraping_twitter.py
[2026-06-07T11:54:28.754+0700] {processor.py:914} INFO - Processing file /opt/airflow/dags/dag_scraping_twitter.py for tasks to queue
[2026-06-07T11:54:28.758+0700] {logging_mixin.py:190} INFO - [2026-06-07T11:54:28.757+0700] {dagbag.py:587} INFO - Filling up the DagBag from /opt/airflow/dags/dag_scraping_twitter.py
[2026-06-07T11:54:28.780+0700] {processor.py:925} INFO - DAG(s) 'dag_scraping_twitter' retrieved from /opt/airflow/dags/dag_scraping_twitter.py
[2026-06-07T11:54:28.811+0700] {logging_mixin.py:190} INFO - [2026-06-07T11:54:28.811+0700] {dag.py:3211} INFO - Sync 1 DAGs
[2026-06-07T11:54:28.838+0700] {logging_mixin.py:190} INFO - [2026-06-07T11:54:28.838+0700] {dag.py:4138} INFO - Setting next_dagrun for dag_scraping_twitter to 2026-06-06 23:00:00+00:00, run_after=2026-06-07 11:00:00+00:00
[2026-06-07T11:54:28.861+0700] {processor.py:208} INFO - Processing /opt/airflow/dags/dag_scraping_twitter.py took 0.117 seconds
[2026-06-07T11:54:59.224+0700] {processor.py:186} INFO - Started process (PID=46204) to work on /opt/airflow/dags/dag_scraping_twitter.py
[2026-06-07T11:54:59.225+0700] {processor.py:914} INFO - Processing file /opt/airflow/dags/dag_scraping_twitter.py for tasks to queue
[2026-06-07T11:54:59.229+0700] {logging_mixin.py:190} INFO - [2026-06-07T11:54:59.229+0700] {dagbag.py:587} INFO - Filling up the DagBag from /opt/airflow/dags/dag_scraping_twitter.py
[2026-06-07T11:54:59.255+0700] {processor.py:925} INFO - DAG(s) 'dag_scraping_twitter' retrieved from /opt/airflow/dags/dag_scraping_twitter.py
[2026-06-07T11:54:59.285+0700] {logging_mixin.py:190} INFO - [2026-06-07T11:54:59.284+0700] {dag.py:3211} INFO - Sync 1 DAGs
[2026-06-07T11:54:59.312+0700] {logging_mixin.py:190} INFO - [2026-06-07T11:54:59.311+0700] {dag.py:4138} INFO - Setting next_dagrun for dag_scraping_twitter to 2026-06-06 23:00:00+00:00, run_after=2026-06-07 11:00:00+00:00
[2026-06-07T11:54:59.340+0700] {processor.py:208} INFO - Processing /opt/airflow/dags/dag_scraping_twitter.py took 0.123 seconds
[2026-06-07T11:55:29.633+0700] {processor.py:186} INFO - Started process (PID=46238) to work on /opt/airflow/dags/dag_scraping_twitter.py
[2026-06-07T11:55:29.635+0700] {processor.py:914} INFO - Processing file /opt/airflow/dags/dag_scraping_twitter.py for tasks to queue
[2026-06-07T11:55:29.640+0700] {logging_mixin.py:190} INFO - [2026-06-07T11:55:29.640+0700] {dagbag.py:587} INFO - Filling up the DagBag from /opt/airflow/dags/dag_scraping_twitter.py
[2026-06-07T11:55:29.671+0700] {processor.py:925} INFO - DAG(s) 'dag_scraping_twitter' retrieved from /opt/airflow/dags/dag_scraping_twitter.py
[2026-06-07T11:55:29.253+0700] {logging_mixin.py:190} INFO - [2026-06-07T11:55:29.253+0700] {dag.py:3211} INFO - Sync 1 DAGs
[2026-06-07T11:55:29.280+0700] {logging_mixin.py:190} INFO - [2026-06-07T11:55:29.280+0700] {dag.py:4138} INFO - Setting next_dagrun for dag_scraping_twitter to 2026-06-06 23:00:00+00:00, run_after=2026-06-07 11:00:00+00:00
[2026-06-07T11:55:29.305+0700] {processor.py:208} INFO - Processing /opt/airflow/dags/dag_scraping_twitter.py took 0.139 seconds
[2026-06-07T11:56:00.096+0700] {processor.py:186} INFO - Started process (PID=46266) to work on /opt/airflow/dags/dag_scraping_twitter.py
[2026-06-07T11:56:00.097+0700] {processor.py:914} INFO - Processing file /opt/airflow/dags/dag_scraping_twitter.py for tasks to queue
[2026-06-07T11:56:00.100+0700] {logging_mixin.py:190} INFO - [2026-06-07T11:56:00.100+0700] {dagbag.py:587} INFO - Filling up the DagBag from /opt/airflow/dags/dag_scraping_twitter.py
[2026-06-07T11:56:00.122+0700] {processor.py:925} INFO - DAG(s) 'dag_scraping_twitter' retrieved from /opt/airflow/dags/dag_scraping_twitter.py
[2026-06-07T11:56:00.152+0700] {logging_mixin.py:190} INFO - [2026-06-07T11:56:00.152+0700] {dag.py:3211} INFO - Sync 1 DAGs
[2026-06-07T11:56:00.188+0700] {logging_mixin.py:190} INFO - [2026-06-07T11:56:00.188+0700] {dag.py:4138} INFO - Setting next_dagrun for dag_scraping_twitter to 2026-06-06 23:00:00+00:00, run_after=2026-06-07 11:00:00+00:00
[2026-06-07T11:56:00.227+0700] {processor.py:208} INFO - Processing /opt/airflow/dags/dag_scraping_twitter.py took 0.142 seconds
[2026-06-07T11:56:30.589+0700] {processor.py:186} INFO - Started process (PID=46294) to work on /opt/airflow/dags/dag_scraping_twitter.py
[2026-06-07T11:56:30.590+0700] {processor.py:914} INFO - Processing file /opt/airflow/dags/dag_scraping_twitter.py for tasks to queue
[2026-06-07T11:56:30.592+0700] {logging_mixin.py:190} INFO - [2026-06-07T11:56:30.592+0700] {dagbag.py:587} INFO - Filling up the DagBag from /opt/airflow/dags/dag_scraping_twitter.py
[2026-06-07T11:56:30.611+0700] {processor.py:925} INFO - DAG(s) 'dag_scraping_twitter' retrieved from /opt/airflow/dags/dag_scraping_twitter.py
[2026-06-07T11:56:30.639+0700] {logging_mixin.py:190} INFO - [2026-06-07T11:56:30.639+0700] {dag.py:3211} INFO - Sync 1 DAGs
[2026-06-07T11:56:30.667+0700] {logging_mixin.py:190} INFO - [2026-06-07T11:56:30.667+0700] {dag.py:4138} INFO - Setting next_dagrun for dag_scraping_twitter to 2026-06-06 23:00:00+00:00, run_after=2026-06-07 11:00:00+00:00
[2026-06-07T11:56:30.690+0700] {processor.py:208} INFO - Processing /opt/airflow/dags/dag_scraping_twitter.py took 0.112 seconds
[2026-06-07T11:57:00.928+0700] {processor.py:186} INFO - Started process (PID=46322) to work on /opt/airflow/dags/dag_scraping_twitter.py
[2026-06-07T11:57:00.929+0700] {processor.py:914} INFO - Processing file /opt/airflow/dags/dag_scraping_twitter.py for tasks to queue
[2026-06-07T11:57:00.932+0700] {logging_mixin.py:190} INFO - [2026-06-07T11:57:00.931+0700] {dagbag.py:587} INFO - Filling up the DagBag from /opt/airflow/dags/dag_scraping_twitter.py
[2026-06-07T11:57:00.955+0700] {processor.py:925} INFO - DAG(s) 'dag_scraping_twitter' retrieved from /opt/airflow/dags/dag_scraping_twitter.py
[2026-06-07T11:57:00.983+0700] {logging_mixin.py:190} INFO - [2026-06-07T11:57:00.983+0700] {dag.py:3211} INFO - Sync 1 DAGs
[2026-06-07T11:57:01.008+0700] {logging_mixin.py:190} INFO - [2026-06-07T11:57:01.007+0700] {dag.py:4138} INFO - Setting next_dagrun for dag_scraping_twitter to 2026-06-06 23:00:00+00:00, run_after=2026-06-07 11:00:00+00:00
[2026-06-07T11:57:01.032+0700] {processor.py:208} INFO - Processing /opt/airflow/dags/dag_scraping_twitter.py took 0.113 seconds
[2026-06-07T11:57:31.489+0700] {processor.py:186} INFO - Started process (PID=46351) to work on /opt/airflow/dags/dag_scraping_twitter.py
[2026-06-07T11:57:31.492+0700] {processor.py:914} INFO - Processing file /opt/airflow/dags/dag_scraping_twitter.py for tasks to queue
[2026-06-07T11:57:31.496+0700] {logging_mixin.py:190} INFO - [2026-06-07T11:57:31.495+0700] {dagbag.py:587} INFO - Filling up the DagBag from /opt/airflow/dags/dag_scraping_twitter.py
[2026-06-07T11:57:31.521+0700] {processor.py:925} INFO - DAG(s) 'dag_scraping_twitter' retrieved from /opt/airflow/dags/dag_scraping_twitter.py
[2026-06-07T11:57:31.555+0700] {logging_mixin.py:190} INFO - [2026-06-07T11:57:31.554+0700] {dag.py:3211} INFO - Sync 1 DAGs
[2026-06-07T11:57:31.584+0700] {logging_mixin.py:190} INFO - [2026-06-07T11:57:31.584+0700] {dag.py:4138} INFO - Setting next_dagrun for dag_scraping_twitter to 2026-06-06 23:00:00+00:00, run_after=2026-06-07 11:00:00+00:00
[2026-06-07T11:57:31.607+0700] {processor.py:208} INFO - Processing /opt/airflow/dags/dag_scraping_twitter.py took 0.131 seconds
[2026-06-07T11:58:01.998+0700] {processor.py:186} INFO - Started process (PID=46379) to work on /opt/airflow/dags/dag_scraping_twitter.py
[2026-06-07T11:58:01.999+0700] {processor.py:914} INFO - Processing file /opt/airflow/dags/dag_scraping_twitter.py for tasks to queue
[2026-06-07T11:58:02.002+0700] {logging_mixin.py:190} INFO - [2026-06-07T11:58:02.002+0700] {dagbag.py:587} INFO - Filling up the DagBag from /opt/airflow/dags/dag_scraping_twitter.py
[2026-06-07T11:58:02.023+0700] {processor.py:925} INFO - DAG(s) 'dag_scraping_twitter' retrieved from /opt/airflow/dags/dag_scraping_twitter.py
[2026-06-07T11:58:02.059+0700] {logging_mixin.py:190} INFO - [2026-06-07T11:58:02.059+0700] {dag.py:3211} INFO - Sync 1 DAGs
[2026-06-07T11:58:02.094+0700] {logging_mixin.py:190} INFO - [2026-06-07T11:58:02.094+0700] {dag.py:4138} INFO - Setting next_dagrun for dag_scraping_twitter to 2026-06-06 23:00:00+00:00, run_after=2026-06-07 11:00:00+00:00
[2026-06-07T11:58:02.117+0700] {processor.py:208} INFO - Processing /opt/airflow/dags/dag_scraping_twitter.py took 0.125 seconds
[2026-06-07T11:58:32.317+0700] {processor.py:186} INFO - Started process (PID=46407) to work on /opt/airflow/dags/dag_scraping_twitter.py
[2026-06-07T11:58:32.318+0700] {processor.py:914} INFO - Processing file /opt/airflow/dags/dag_scraping_twitter.py for tasks to queue
[2026-06-07T11:58:32.321+0700] {logging_mixin.py:190} INFO - [2026-06-07T11:58:32.320+0700] {dagbag.py:587} INFO - Filling up the DagBag from /opt/airflow/dags/dag_scraping_twitter.py
[2026-06-07T11:58:32.339+0700] {processor.py:925} INFO - DAG(s) 'dag_scraping_twitter' retrieved from /opt/airflow/dags/dag_scraping_twitter.py
[2026-06-07T11:58:32.370+0700] {logging_mixin.py:190} INFO - [2026-06-07T11:58:32.369+0700] {dag.py:3211} INFO - Sync 1 DAGs
[2026-06-07T11:58:32.398+0700] {logging_mixin.py:190} INFO - [2026-06-07T11:58:32.398+0700] {dag.py:4138} INFO - Setting next_dagrun for dag_scraping_twitter to 2026-06-06 23:00:00+00:00, run_after=2026-06-07 11:00:00+00:00
[2026-06-07T11:58:32.421+0700] {processor.py:208} INFO - Processing /opt/airflow/dags/dag_scraping_twitter.py took 0.112 seconds
[2026-06-07T11:59:02.835+0700] {processor.py:186} INFO - Started process (PID=46435) to work on /opt/airflow/dags/dag_scraping_twitter.py
[2026-06-07T11:59:02.837+0700] {processor.py:914} INFO - Processing file /opt/airflow/dags/dag_scraping_twitter.py for tasks to queue
[2026-06-07T11:59:02.840+0700] {logging_mixin.py:190} INFO - [2026-06-07T11:59:02.839+0700] {dagbag.py:587} INFO - Filling up the DagBag from /opt/airflow/dags/dag_scraping_twitter.py
[2026-06-07T11:59:02.858+0700] {processor.py:925} INFO - DAG(s) 'dag_scraping_twitter' retrieved from /opt/airflow/dags/dag_scraping_twitter.py
[2026-06-07T11:59:02.887+0700] {logging_mixin.py:190} INFO - [2026-06-07T11:59:02.887+0700] {dag.py:3211} INFO - Sync 1 DAGs
[2026-06-07T11:59:02.913+0700] {logging_mixin.py:190} INFO - [2026-06-07T11:59:02.913+0700] {dag.py:4138} INFO - Setting next_dagrun for dag_scraping_twitter to 2026-06-06 23:00:00+00:00, run_after=2026-06-07 11:00:00+00:00
[2026-06-07T11:59:02.938+0700] {processor.py:208} INFO - Processing /opt/airflow/dags/dag_scraping_twitter.py took 0.108 seconds
[2026-06-07T11:59:33.394+0700] {processor.py:186} INFO - Started process (PID=46469) to work on /opt/airflow/dags/dag_scraping_twitter.py
[2026-06-07T11:59:33.395+0700] {processor.py:914} INFO - Processing file /opt/airflow/dags/dag_scraping_twitter.py for tasks to queue
[2026-06-07T11:59:33.402+0700] {logging_mixin.py:190} INFO - [2026-06-07T11:59:33.401+0700] {dagbag.py:587} INFO - Filling up the DagBag from /opt/airflow/dags/dag_scraping_twitter.py
[2026-06-07T11:59:33.436+0700] {processor.py:925} INFO - DAG(s) 'dag_scraping_twitter' retrieved from /opt/airflow/dags/dag_scraping_twitter.py
[2026-06-07T11:59:33.484+0700] {logging_mixin.py:190} INFO - [2026-06-07T11:59:33.483+0700] {dag.py:3211} INFO - Sync 1 DAGs
[2026-06-07T11:59:33.517+0700] {logging_mixin.py:190} INFO - [2026-06-07T11:59:33.517+0700] {dag.py:4138} INFO - Setting next_dagrun for dag_scraping_twitter to 2026-06-06 23:00:00+00:00, run_after=2026-06-07 11:00:00+00:00
[2026-06-07T11:59:33.549+0700] {processor.py:208} INFO - Processing /opt/airflow/dags/dag_scraping_twitter.py took 0.162 seconds
[2026-06-07T12:00:04.100+0700] {processor.py:186} INFO - Started process (PID=46501) to work on /opt/airflow/dags/dag_scraping_twitter.py
[2026-06-07T12:00:04.102+0700] {processor.py:914} INFO - Processing file /opt/airflow/dags/dag_scraping_twitter.py for tasks to queue
[2026-06-07T12:00:04.107+0700] {logging_mixin.py:190} INFO - [2026-06-07T12:00:04.107+0700] {dagbag.py:587} INFO - Filling up the DagBag from /opt/airflow/dags/dag_scraping_twitter.py
[2026-06-07T12:00:04.150+0700] {processor.py:925} INFO - DAG(s) 'dag_scraping_twitter' retrieved from /opt/airflow/dags/dag_scraping_twitter.py
[2026-06-07T12:00:04.202+0700] {logging_mixin.py:190} INFO - [2026-06-07T12:00:04.202+0700] {dag.py:3211} INFO - Sync 1 DAGs
[2026-06-07T12:00:04.242+0700] {logging_mixin.py:190} INFO - [2026-06-07T12:00:04.241+0700] {dag.py:4138} INFO - Setting next_dagrun for dag_scraping_twitter to 2026-06-06 23:00:00+00:00, run_after=2026-06-07 11:00:00+00:00
[2026-06-07T12:00:04.271+0700] {processor.py:208} INFO - Processing /opt/airflow/dags/dag_scraping_twitter.py took 0.183 seconds
[2026-06-07T12:00:34.657+0700] {processor.py:186} INFO - Started process (PID=46546) to work on /opt/airflow/dags/dag_scraping_twitter.py
[2026-06-07T12:00:34.658+0700] {processor.py:914} INFO - Processing file /opt/airflow/dags/dag_scraping_twitter.py for tasks to queue
[2026-06-07T12:00:34.662+0700] {logging_mixin.py:190} INFO - [2026-06-07T12:00:34.661+0700] {dagbag.py:587} INFO - Filling up the DagBag from /opt/airflow/dags/dag_scraping_twitter.py
[2026-06-07T12:00:34.682+0700] {processor.py:925} INFO - DAG(s) 'dag_scraping_twitter' retrieved from /opt/airflow/dags/dag_scraping_twitter.py
[2026-06-07T12:00:34.710+0700] {logging_mixin.py:190} INFO - [2026-06-07T12:00:34.709+0700] {dag.py:3211} INFO - Sync 1 DAGs
[2026-06-07T12:00:34.742+0700] {logging_mixin.py:190} INFO - [2026-06-07T12:00:34.741+0700] {dag.py:4138} INFO - Setting next_dagrun for dag_scraping_twitter to 2026-06-06 23:00:00+00:00, run_after=2026-06-07 11:00:00+00:00
[2026-06-07T12:00:34.764+0700] {processor.py:208} INFO - Processing /opt/airflow/dags/dag_scraping_twitter.py took 0.114 seconds
[2026-06-07T12:01:05.399+0700] {processor.py:186} INFO - Started process (PID=46574) to work on /opt/airflow/dags/dag_scraping_twitter.py
[2026-06-07T12:01:05.400+0700] {processor.py:914} INFO - Processing file /opt/airflow/dags/dag_scraping_twitter.py for tasks to queue
[2026-06-07T12:01:05.405+0700] {logging_mixin.py:190} INFO - [2026-06-07T12:01:05.405+0700] {dagbag.py:587} INFO - Filling up the DagBag from /opt/airflow/dags/dag_scraping_twitter.py
[2026-06-07T12:01:05.425+0700] {processor.py:925} INFO - DAG(s) 'dag_scraping_twitter' retrieved from /opt/airflow/dags/dag_scraping_twitter.py
[2026-06-07T12:01:05.456+0700] {logging_mixin.py:190} INFO - [2026-06-07T12:01:05.455+0700] {dag.py:3211} INFO - Sync 1 DAGs
[2026-06-07T12:01:05.483+0700] {logging_mixin.py:190} INFO - [2026-06-07T12:01:05.483+0700] {dag.py:4138} INFO - Setting next_dagrun for dag_scraping_twitter to 2026-06-06 23:00:00+00:00, run_after=2026-06-07 11:00:00+00:00
[2026-06-07T12:01:05.511+0700] {processor.py:208} INFO - Processing /opt/airflow/dags/dag_scraping_twitter.py took 0.122 seconds
[2026-06-07T12:01:35.912+0700] {processor.py:186} INFO - Started process (PID=46602) to work on /opt/airflow/dags/dag_scraping_twitter.py
[2026-06-07T12:01:35.913+0700] {processor.py:914} INFO - Processing file /opt/airflow/dags/dag_scraping_twitter.py for tasks to queue
[2026-06-07T12:01:35.916+0700] {logging_mixin.py:190} INFO - [2026-06-07T12:01:35.916+0700] {dagbag.py:587} INFO - Filling up the DagBag from /opt/airflow/dags/dag_scraping_twitter.py
[2026-06-07T12:01:35.940+0700] {processor.py:925} INFO - DAG(s) 'dag_scraping_twitter' retrieved from /opt/airflow/dags/dag_scraping_twitter.py
[2026-06-07T12:01:35.971+0700] {logging_mixin.py:190} INFO - [2026-06-07T12:01:35.970+0700] {dag.py:3211} INFO - Sync 1 DAGs
[2026-06-07T12:01:35.999+0700] {logging_mixin.py:190} INFO - [2026-06-07T12:01:35.998+0700] {dag.py:4138} INFO - Setting next_dagrun for dag_scraping_twitter to 2026-06-06 23:00:00+00:00, run_after=2026-06-07 11:00:00+00:00
[2026-06-07T12:01:36.023+0700] {processor.py:208} INFO - Processing /opt/airflow/dags/dag_scraping_twitter.py took 0.119 seconds
[2026-06-07T12:02:06.319+0700] {processor.py:186} INFO - Started process (PID=46630) to work on /opt/airflow/dags/dag_scraping_twitter.py
[2026-06-07T12:02:06.321+0700] {processor.py:914} INFO - Processing file /opt/airflow/dags/dag_scraping_twitter.py for tasks to queue
[2026-06-07T12:02:06.325+0700] {logging_mixin.py:190} INFO - [2026-06-07T12:02:06.325+0700] {dagbag.py:587} INFO - Filling up the DagBag from /opt/airflow/dags/dag_scraping_twitter.py
[2026-06-07T12:02:06.359+0700] {processor.py:925} INFO - DAG(s) 'dag_scraping_twitter' retrieved from /opt/airflow/dags/dag_scraping_twitter.py
[2026-06-07T12:02:06.396+0700] {logging_mixin.py:190} INFO - [2026-06-07T12:02:06.396+0700] {dag.py:3211} INFO - Sync 1 DAGs
[2026-06-07T12:02:06.435+0700] {logging_mixin.py:190} INFO - [2026-06-07T12:02:06.435+0700] {dag.py:4138} INFO - Setting next_dagrun for dag_scraping_twitter to 2026-06-06 23:00:00+00:00, run_after=2026-06-07 11:00:00+00:00
[2026-06-07T12:02:06.462+0700] {processor.py:208} INFO - Processing /opt/airflow/dags/dag_scraping_twitter.py took 0.153 seconds
[2026-06-07T12:02:36.819+0700] {processor.py:186} INFO - Started process (PID=46658) to work on /opt/airflow/dags/dag_scraping_twitter.py
[2026-06-07T12:02:36.821+0700] {processor.py:914} INFO - Processing file /opt/airflow/dags/dag_scraping_twitter.py for tasks to queue
[2026-06-07T12:02:36.829+0700] {logging_mixin.py:190} INFO - [2026-06-07T12:02:36.829+0700] {dagbag.py:587} INFO - Filling up the DagBag from /opt/airflow/dags/dag_scraping_twitter.py
[2026-06-07T12:02:36.867+0700] {processor.py:925} INFO - DAG(s) 'dag_scraping_twitter' retrieved from /opt/airflow/dags/dag_scraping_twitter.py
[2026-06-07T12:02:36.921+0700] {logging_mixin.py:190} INFO - [2026-06-07T12:02:36.921+0700] {dag.py:3211} INFO - Sync 1 DAGs
[2026-06-07T12:02:36.967+0700] {logging_mixin.py:190} INFO - [2026-06-07T12:02:36.967+0700] {dag.py:4138} INFO - Setting next_dagrun for dag_scraping_twitter to 2026-06-06 23:00:00+00:00, run_after=2026-06-07 11:00:00+00:00
[2026-06-07T12:02:37.000+0700] {processor.py:208} INFO - Processing /opt/airflow/dags/dag_scraping_twitter.py took 0.191 seconds
[2026-06-07T12:03:07.545+0700] {processor.py:186} INFO - Started process (PID=46686) to work on /opt/airflow/dags/dag_scraping_twitter.py
[2026-06-07T12:03:07.548+0700] {processor.py:914} INFO - Processing file /opt/airflow/dags/dag_scraping_twitter.py for tasks to queue
[2026-06-07T12:03:07.564+0700] {logging_mixin.py:190} INFO - [2026-06-07T12:03:07.561+0700] {dagbag.py:587} INFO - Filling up the DagBag from /opt/airflow/dags/dag_scraping_twitter.py
[2026-06-07T12:03:07.694+0700] {processor.py:925} INFO - DAG(s) 'dag_scraping_twitter' retrieved from /opt/airflow/dags/dag_scraping_twitter.py
[2026-06-07T12:03:07.787+0700] {logging_mixin.py:190} INFO - [2026-06-07T12:03:07.786+0700] {dag.py:3211} INFO - Sync 1 DAGs
[2026-06-07T12:03:07.820+0700] {logging_mixin.py:190} INFO - [2026-06-07T12:03:07.820+0700] {dag.py:4138} INFO - Setting next_dagrun for dag_scraping_twitter to 2026-06-06 23:00:00+00:00, run_after=2026-06-07 11:00:00+00:00
[2026-06-07T12:03:07.841+0700] {processor.py:208} INFO - Processing /opt/airflow/dags/dag_scraping_twitter.py took 0.307 seconds
[2026-06-07T12:03:38.053+0700] {processor.py:186} INFO - Started process (PID=46720) to work on /opt/airflow/dags/dag_scraping_twitter.py
[2026-06-07T12:03:38.055+0700] {processor.py:914} INFO - Processing file /opt/airflow/dags/dag_scraping_twitter.py for tasks to queue
[2026-06-07T12:03:38.057+0700] {logging_mixin.py:190} INFO - [2026-06-07T12:03:38.057+0700] {dagbag.py:587} INFO - Filling up the DagBag from /opt/airflow/dags/dag_scraping_twitter.py
[2026-06-07T12:03:38.080+0700] {processor.py:925} INFO - DAG(s) 'dag_scraping_twitter' retrieved from /opt/airflow/dags/dag_scraping_twitter.py
[2026-06-07T12:03:38.111+0700] {logging_mixin.py:190} INFO - [2026-06-07T12:03:38.111+0700] {dag.py:3211} INFO - Sync 1 DAGs
[2026-06-07T12:03:38.138+0700] {logging_mixin.py:190} INFO - [2026-06-07T12:03:38.137+0700] {dag.py:4138} INFO - Setting next_dagrun for dag_scraping_twitter to 2026-06-06 23:00:00+00:00, run_after=2026-06-07 11:00:00+00:00
[2026-06-07T12:03:38.162+0700] {processor.py:208} INFO - Processing /opt/airflow/dags/dag_scraping_twitter.py took 0.116 seconds
[2026-06-07T12:04:08.773+0700] {processor.py:186} INFO - Started process (PID=46748) to work on /opt/airflow/dags/dag_scraping_twitter.py
[2026-06-07T12:04:08.775+0700] {processor.py:914} INFO - Processing file /opt/airflow/dags/dag_scraping_twitter.py for tasks to queue
[2026-06-07T12:04:08.778+0700] {logging_mixin.py:190} INFO - [2026-06-07T12:04:08.778+0700] {dagbag.py:587} INFO - Filling up the DagBag from /opt/airflow/dags/dag_scraping_twitter.py
[2026-06-07T12:04:08.803+0700] {processor.py:925} INFO - DAG(s) 'dag_scraping_twitter' retrieved from /opt/airflow/dags/dag_scraping_twitter.py
[2026-06-07T12:04:08.836+0700] {logging_mixin.py:190} INFO - [2026-06-07T12:04:08.836+0700] {dag.py:3211} INFO - Sync 1 DAGs
[2026-06-07T12:04:08.867+0700] {logging_mixin.py:190} INFO - [2026-06-07T12:04:08.867+0700] {dag.py:4138} INFO - Setting next_dagrun for dag_scraping_twitter to 2026-06-06 23:00:00+00:00, run_after=2026-06-07 11:00:00+00:00
[2026-06-07T12:04:08.893+0700] {processor.py:208} INFO - Processing /opt/airflow/dags/dag_scraping_twitter.py took 0.130 seconds
[2026-06-07T12:04:39.248+0700] {processor.py:186} INFO - Started process (PID=46777) to work on /opt/airflow/dags/dag_scraping_twitter.py
[2026-06-07T12:04:39.250+0700] {processor.py:914} INFO - Processing file /opt/airflow/dags/dag_scraping_twitter.py for tasks to queue
[2026-06-07T12:04:39.257+0700] {logging_mixin.py:190} INFO - [2026-06-07T12:04:39.257+0700] {dagbag.py:587} INFO - Filling up the DagBag from /opt/airflow/dags/dag_scraping_twitter.py
[2026-06-07T12:04:39.283+0700] {processor.py:925} INFO - DAG(s) 'dag_scraping_twitter' retrieved from /opt/airflow/dags/dag_scraping_twitter.py
[2026-06-07T12:04:39.321+0700] {logging_mixin.py:190} INFO - [2026-06-07T12:04:39.321+0700] {dag.py:3211} INFO - Sync 1 DAGs
[2026-06-07T12:04:39.357+0700] {logging_mixin.py:190} INFO - [2026-06-07T12:04:39.357+0700] {dag.py:4138} INFO - Setting next_dagrun for dag_scraping_twitter to 2026-06-06 23:00:00+00:00, run_after=2026-06-07 11:00:00+00:00
[2026-06-07T12:04:39.379+0700] {processor.py:208} INFO - Processing /opt/airflow/dags/dag_scraping_twitter.py took 0.141 seconds
[2026-06-07T12:05:10.003+0700] {processor.py:186} INFO - Started process (PID=46805) to work on /opt/airflow/dags/dag_scraping_twitter.py
[2026-06-07T12:05:10.005+0700] {processor.py:914} INFO - Processing file /opt/airflow/dags/dag_scraping_twitter.py for tasks to queue
[2026-06-07T12:05:10.008+0700] {logging_mixin.py:190} INFO - [2026-06-07T12:05:10.007+0700] {dagbag.py:587} INFO - Filling up the DagBag from /opt/airflow/dags/dag_scraping_twitter.py
[2026-06-07T12:05:10.032+0700] {processor.py:925} INFO - DAG(s) 'dag_scraping_twitter' retrieved from /opt/airflow/dags/dag_scraping_twitter.py
[2026-06-07T12:05:10.071+0700] {logging_mixin.py:190} INFO - [2026-06-07T12:05:10.071+0700] {dag.py:3211} INFO - Sync 1 DAGs
[2026-06-07T12:05:10.102+0700] {logging_mixin.py:190} INFO - [2026-06-07T12:05:10.102+0700] {dag.py:4138} INFO - Setting next_dagrun for dag_scraping_twitter to 2026-06-06 23:00:00+00:00, run_after=2026-06-07 11:00:00+00:00
[2026-06-07T12:05:10.124+0700] {processor.py:208} INFO - Processing /opt/airflow/dags/dag_scraping_twitter.py took 0.128 seconds
[2026-06-07T12:05:41.021+0700] {processor.py:186} INFO - Started process (PID=46833) to work on /opt/airflow/dags/dag_scraping_twitter.py
[2026-06-07T12:05:41.032+0700] {processor.py:914} INFO - Processing file /opt/airflow/dags/dag_scraping_twitter.py for tasks to queue
[2026-06-07T12:05:41.042+0700] {logging_mixin.py:190} INFO - [2026-06-07T12:05:41.041+0700] {dagbag.py:587} INFO - Filling up the DagBag from /opt/airflow/dags/dag_scraping_twitter.py
[2026-06-07T12:05:41.144+0700] {processor.py:925} INFO - DAG(s) 'dag_scraping_twitter' retrieved from /opt/airflow/dags/dag_scraping_twitter.py
[2026-06-07T12:05:41.186+0700] {logging_mixin.py:190} INFO - [2026-06-07T12:05:41.186+0700] {dag.py:3211} INFO - Sync 1 DAGs
[2026-06-07T12:05:41.215+0700] {logging_mixin.py:190} INFO - [2026-06-07T12:05:41.214+0700] {dag.py:4138} INFO - Setting next_dagrun for dag_scraping_twitter to 2026-06-06 23:00:00+00:00, run_after=2026-06-07 11:00:00+00:00
[2026-06-07T12:05:41.240+0700] {processor.py:208} INFO - Processing /opt/airflow/dags/dag_scraping_twitter.py took 0.228 seconds
[2026-06-07T12:06:11.392+0700] {processor.py:186} INFO - Started process (PID=46861) to work on /opt/airflow/dags/dag_scraping_twitter.py
[2026-06-07T12:06:11.394+0700] {processor.py:914} INFO - Processing file /opt/airflow/dags/dag_scraping_twitter.py for tasks to queue
[2026-06-07T12:06:11.396+0700] {logging_mixin.py:190} INFO - [2026-06-07T12:06:11.396+0700] {dagbag.py:587} INFO - Filling up the DagBag from /opt/airflow/dags/dag_scraping_twitter.py
[2026-06-07T12:06:11.419+0700] {processor.py:925} INFO - DAG(s) 'dag_scraping_twitter' retrieved from /opt/airflow/dags/dag_scraping_twitter.py
[2026-06-07T12:06:11.449+0700] {logging_mixin.py:190} INFO - [2026-06-07T12:06:11.449+0700] {dag.py:3211} INFO - Sync 1 DAGs
[2026-06-07T12:06:11.479+0700] {logging_mixin.py:190} INFO - [2026-06-07T12:06:11.478+0700] {dag.py:4138} INFO - Setting next_dagrun for dag_scraping_twitter to 2026-06-06 23:00:00+00:00, run_after=2026-06-07 11:00:00+00:00
[2026-06-07T12:06:11.504+0700] {processor.py:208} INFO - Processing /opt/airflow/dags/dag_scraping_twitter.py took 0.119 seconds
[2026-06-07T12:06:41.907+0700] {processor.py:186} INFO - Started process (PID=46889) to work on /opt/airflow/dags/dag_scraping_twitter.py
[2026-06-07T12:06:41.908+0700] {processor.py:914} INFO - Processing file /opt/airflow/dags/dag_scraping_twitter.py for tasks to queue
[2026-06-07T12:06:41.912+0700] {logging_mixin.py:190} INFO - [2026-06-07T12:06:41.911+0700] {dagbag.py:587} INFO - Filling up the DagBag from /opt/airflow/dags/dag_scraping_twitter.py
[2026-06-07T12:06:41.939+0700] {processor.py:925} INFO - DAG(s) 'dag_scraping_twitter' retrieved from /opt/airflow/dags/dag_scraping_twitter.py
[2026-06-07T12:06:41.979+0700] {logging_mixin.py:190} INFO - [2026-06-07T12:06:41.978+0700] {dag.py:3211} INFO - Sync 1 DAGs
[2026-06-07T12:06:42.017+0700] {logging_mixin.py:190} INFO - [2026-06-07T12:06:42.017+0700] {dag.py:4138} INFO - Setting next_dagrun for dag_scraping_twitter to 2026-06-06 23:00:00+00:00, run_after=2026-06-07 11:00:00+00:00
[2026-06-07T12:06:42.045+0700] {processor.py:208} INFO - Processing /opt/airflow/dags/dag_scraping_twitter.py took 0.146 seconds
[2026-06-07T12:07:12.378+0700] {processor.py:186} INFO - Started process (PID=46923) to work on /opt/airflow/dags/dag_scraping_twitter.py
[2026-06-07T12:07:12.379+0700] {processor.py:914} INFO - Processing file /opt/airflow/dags/dag_scraping_twitter.py for tasks to queue
[2026-06-07T12:07:12.382+0700] {logging_mixin.py:190} INFO - [2026-06-07T12:07:12.381+0700] {dagbag.py:587} INFO - Filling up the DagBag from /opt/airflow/dags/dag_scraping_twitter.py
[2026-06-07T12:07:12.405+0700] {processor.py:925} INFO - DAG(s) 'dag_scraping_twitter' retrieved from /opt/airflow/dags/dag_scraping_twitter.py
[2026-06-07T12:07:12.438+0700] {logging_mixin.py:190} INFO - [2026-06-07T12:07:12.438+0700] {dag.py:3211} INFO - Sync 1 DAGs
[2026-06-07T12:07:12.465+0700] {logging_mixin.py:190} INFO - [2026-06-07T12:07:12.465+0700] {dag.py:4138} INFO - Setting next_dagrun for dag_scraping_twitter to 2026-06-06 23:00:00+00:00, run_after=2026-06-07 11:00:00+00:00
[2026-06-07T12:07:12.489+0700] {processor.py:208} INFO - Processing /opt/airflow/dags/dag_scraping_twitter.py took 0.118 seconds
[2026-06-07T12:07:42.905+0700] {processor.py:186} INFO - Started process (PID=46951) to work on /opt/airflow/dags/dag_scraping_twitter.py
[2026-06-07T12:07:42.906+0700] {processor.py:914} INFO - Processing file /opt/airflow/dags/dag_scraping_twitter.py for tasks to queue
[2026-06-07T12:07:42.909+0700] {logging_mixin.py:190} INFO - [2026-06-07T12:07:42.908+0700] {dagbag.py:587} INFO - Filling up the DagBag from /opt/airflow/dags/dag_scraping_twitter.py
[2026-06-07T12:07:42.930+0700] {processor.py:925} INFO - DAG(s) 'dag_scraping_twitter' retrieved from /opt/airflow/dags/dag_scraping_twitter.py
[2026-06-07T12:07:42.962+0700] {logging_mixin.py:190} INFO - [2026-06-07T12:07:42.962+0700] {dag.py:3211} INFO - Sync 1 DAGs
[2026-06-07T12:07:42.989+0700] {logging_mixin.py:190} INFO - [2026-06-07T12:07:42.989+0700] {dag.py:4138} INFO - Setting next_dagrun for dag_scraping_twitter to 2026-06-06 23:00:00+00:00, run_after=2026-06-07 11:00:00+00:00
[2026-06-07T12:07:43.015+0700] {processor.py:208} INFO - Processing /opt/airflow/dags/dag_scraping_twitter.py took 0.118 seconds
[2026-06-07T12:08:13.425+0700] {processor.py:186} INFO - Started process (PID=46979) to work on /opt/airflow/dags/dag_scraping_twitter.py
[2026-06-07T12:08:13.426+0700] {processor.py:914} INFO - Processing file /opt/airflow/dags/dag_scraping_twitter.py for tasks to queue
[2026-06-07T12:08:13.430+0700] {logging_mixin.py:190} INFO - [2026-06-07T12:08:13.430+0700] {dagbag.py:587} INFO - Filling up the DagBag from /opt/airflow/dags/dag_scraping_twitter.py
[2026-06-07T12:08:13.451+0700] {processor.py:925} INFO - DAG(s) 'dag_scraping_twitter' retrieved from /opt/airflow/dags/dag_scraping_twitter.py
[2026-06-07T12:08:13.482+0700] {logging_mixin.py:190} INFO - [2026-06-07T12:08:13.481+0700] {dag.py:3211} INFO - Sync 1 DAGs
[2026-06-07T12:08:13.508+0700] {logging_mixin.py:190} INFO - [2026-06-07T12:08:13.507+0700] {dag.py:4138} INFO - Setting next_dagrun for dag_scraping_twitter to 2026-06-06 23:00:00+00:00, run_after=2026-06-07 11:00:00+00:00
[2026-06-07T12:08:13.536+0700] {processor.py:208} INFO - Processing /opt/airflow/dags/dag_scraping_twitter.py took 0.117 seconds
[2026-06-07T12:08:44.283+0700] {processor.py:186} INFO - Started process (PID=47007) to work on /opt/airflow/dags/dag_scraping_twitter.py
[2026-06-07T12:08:44.285+0700] {processor.py:914} INFO - Processing file /opt/airflow/dags/dag_scraping_twitter.py for tasks to queue
[2026-06-07T12:08:44.288+0700] {logging_mixin.py:190} INFO - [2026-06-07T12:08:44.287+0700] {dagbag.py:587} INFO - Filling up the DagBag from /opt/airflow/dags/dag_scraping_twitter.py
[2026-06-07T12:08:44.310+0700] {processor.py:925} INFO - DAG(s) 'dag_scraping_twitter' retrieved from /opt/airflow/dags/dag_scraping_twitter.py
[2026-06-07T12:08:44.341+0700] {logging_mixin.py:190} INFO - [2026-06-07T12:08:44.341+0700] {dag.py:3211} INFO - Sync 1 DAGs
[2026-06-07T12:08:44.366+0700] {logging_mixin.py:190} INFO - [2026-06-07T12:08:44.366+0700] {dag.py:4138} INFO - Setting next_dagrun for dag_scraping_twitter to 2026-06-06 23:00:00+00:00, run_after=2026-06-07 11:00:00+00:00
[2026-06-07T12:08:44.390+0700] {processor.py:208} INFO - Processing /opt/airflow/dags/dag_scraping_twitter.py took 0.115 seconds
[2026-06-07T12:09:14.672+0700] {processor.py:186} INFO - Started process (PID=47035) to work on /opt/airflow/dags/dag_scraping_twitter.py
[2026-06-07T12:09:14.674+0700] {processor.py:914} INFO - Processing file /opt/airflow/dags/dag_scraping_twitter.py for tasks to queue
[2026-06-07T12:09:14.677+0700] {logging_mixin.py:190} INFO - [2026-06-07T12:09:14.676+0700] {dagbag.py:587} INFO - Filling up the DagBag from /opt/airflow/dags/dag_scraping_twitter.py
[2026-06-07T12:09:14.700+0700] {processor.py:925} INFO - DAG(s) 'dag_scraping_twitter' retrieved from /opt/airflow/dags/dag_scraping_twitter.py
[2026-06-07T12:09:14.734+0700] {logging_mixin.py:190} INFO - [2026-06-07T12:09:14.734+0700] {dag.py:3211} INFO - Sync 1 DAGs
[2026-06-07T12:09:14.764+0700] {logging_mixin.py:190} INFO - [2026-06-07T12:09:14.764+0700] {dag.py:4138} INFO - Setting next_dagrun for dag_scraping_twitter to 2026-06-06 23:00:00+00:00, run_after=2026-06-07 11:00:00+00:00
[2026-06-07T12:09:14.789+0700] {processor.py:208} INFO - Processing /opt/airflow/dags/dag_scraping_twitter.py took 0.125 seconds
[2026-06-07T12:09:45.383+0700] {processor.py:186} INFO - Started process (PID=47063) to work on /opt/airflow/dags/dag_scraping_twitter.py
[2026-06-07T12:09:45.384+0700] {processor.py:914} INFO - Processing file /opt/airflow/dags/dag_scraping_twitter.py for tasks to queue
[2026-06-07T12:09:45.388+0700] {logging_mixin.py:190} INFO - [2026-06-07T12:09:45.387+0700] {dagbag.py:587} INFO - Filling up the DagBag from /opt/airflow/dags/dag_scraping_twitter.py
[2026-06-07T12:09:45.408+0700] {processor.py:925} INFO - DAG(s) 'dag_scraping_twitter' retrieved from /opt/airflow/dags/dag_scraping_twitter.py
[2026-06-07T12:09:45.440+0700] {logging_mixin.py:190} INFO - [2026-06-07T12:09:45.439+0700] {dag.py:3211} INFO - Sync 1 DAGs
[2026-06-07T12:09:45.469+0700] {logging_mixin.py:190} INFO - [2026-06-07T12:09:45.469+0700] {dag.py:4138} INFO - Setting next_dagrun for dag_scraping_twitter to 2026-06-06 23:00:00+00:00, run_after=2026-06-07 11:00:00+00:00
[2026-06-07T12:09:45.490+0700] {processor.py:208} INFO - Processing /opt/airflow/dags/dag_scraping_twitter.py took 0.114 seconds
[2026-06-07T12:10:15.738+0700] {processor.py:186} INFO - Started process (PID=47091) to work on /opt/airflow/dags/dag_scraping_twitter.py
[2026-06-07T12:10:15.740+0700] {processor.py:914} INFO - Processing file /opt/airflow/dags/dag_scraping_twitter.py for tasks to queue
[2026-06-07T12:10:15.744+0700] {logging_mixin.py:190} INFO - [2026-06-07T12:10:15.744+0700] {dagbag.py:587} INFO - Filling up the DagBag from /opt/airflow/dags/dag_scraping_twitter.py
[2026-06-07T12:10:15.765+0700] {processor.py:925} INFO - DAG(s) 'dag_scraping_twitter' retrieved from /opt/airflow/dags/dag_scraping_twitter.py
[2026-06-07T12:10:15.797+0700] {logging_mixin.py:190} INFO - [2026-06-07T12:10:15.797+0700] {dag.py:3211} INFO - Sync 1 DAGs
[2026-06-07T12:10:15.823+0700] {logging_mixin.py:190} INFO - [2026-06-07T12:10:15.823+0700] {dag.py:4138} INFO - Setting next_dagrun for dag_scraping_twitter to 2026-06-06 23:00:00+00:00, run_after=2026-06-07 11:00:00+00:00
[2026-06-07T12:10:15.847+0700] {processor.py:208} INFO - Processing /opt/airflow/dags/dag_scraping_twitter.py took 0.115 seconds
[2026-06-07T12:10:46.003+0700] {processor.py:186} INFO - Started process (PID=47119) to work on /opt/airflow/dags/dag_scraping_twitter.py
[2026-06-07T12:10:46.005+0700] {processor.py:914} INFO - Processing file /opt/airflow/dags/dag_scraping_twitter.py for tasks to queue
[2026-06-07T12:10:46.007+0700] {logging_mixin.py:190} INFO - [2026-06-07T12:10:46.007+0700] {dagbag.py:587} INFO - Filling up the DagBag from /opt/airflow/dags/dag_scraping_twitter.py
[2026-06-07T12:10:46.029+0700] {processor.py:925} INFO - DAG(s) 'dag_scraping_twitter' retrieved from /opt/airflow/dags/dag_scraping_twitter.py
[2026-06-07T12:10:46.066+0700] {logging_mixin.py:190} INFO - [2026-06-07T12:10:46.066+0700] {dag.py:3211} INFO - Sync 1 DAGs
[2026-06-07T12:10:46.093+0700] {logging_mixin.py:190} INFO - [2026-06-07T12:10:46.093+0700] {dag.py:4138} INFO - Setting next_dagrun for dag_scraping_twitter to 2026-06-06 23:00:00+00:00, run_after=2026-06-07 11:00:00+00:00
[2026-06-07T12:10:46.121+0700] {processor.py:208} INFO - Processing /opt/airflow/dags/dag_scraping_twitter.py took 0.125 seconds
[2026-06-07T12:11:16.539+0700] {processor.py:186} INFO - Started process (PID=47153) to work on /opt/airflow/dags/dag_scraping_twitter.py
[2026-06-07T12:11:16.541+0700] {processor.py:914} INFO - Processing file /opt/airflow/dags/dag_scraping_twitter.py for tasks to queue
[2026-06-07T12:11:16.545+0700] {logging_mixin.py:190} INFO - [2026-06-07T12:11:16.544+0700] {dagbag.py:587} INFO - Filling up the DagBag from /opt/airflow/dags/dag_scraping_twitter.py
[2026-06-07T12:11:16.573+0700] {processor.py:925} INFO - DAG(s) 'dag_scraping_twitter' retrieved from /opt/airflow/dags/dag_scraping_twitter.py
[2026-06-07T12:11:16.608+0700] {logging_mixin.py:190} INFO - [2026-06-07T12:11:16.608+0700] {dag.py:3211} INFO - Sync 1 DAGs
[2026-06-07T12:11:16.638+0700] {logging_mixin.py:190} INFO - [2026-06-07T12:11:16.637+0700] {dag.py:4138} INFO - Setting next_dagrun for dag_scraping_twitter to 2026-06-06 23:00:00+00:00, run_after=2026-06-07 11:00:00+00:00
[2026-06-07T12:11:16.664+0700] {processor.py:208} INFO - Processing /opt/airflow/dags/dag_scraping_twitter.py took 0.134 seconds
[2026-06-07T12:11:46.982+0700] {processor.py:186} INFO - Started process (PID=47181) to work on /opt/airflow/dags/dag_scraping_twitter.py
[2026-06-07T12:11:46.983+0700] {processor.py:914} INFO - Processing file /opt/airflow/dags/dag_scraping_twitter.py for tasks to queue
[2026-06-07T12:11:46.986+0700] {logging_mixin.py:190} INFO - [2026-06-07T12:11:46.986+0700] {dagbag.py:587} INFO - Filling up the DagBag from /opt/airflow/dags/dag_scraping_twitter.py
[2026-06-07T12:11:47.012+0700] {processor.py:925} INFO - DAG(s) 'dag_scraping_twitter' retrieved from /opt/airflow/dags/dag_scraping_twitter.py
[2026-06-07T12:11:47.041+0700] {logging_mixin.py:190} INFO - [2026-06-07T12:11:47.041+0700] {dag.py:3211} INFO - Sync 1 DAGs
[2026-06-07T12:11:47.068+0700] {logging_mixin.py:190} INFO - [2026-06-07T12:11:47.068+0700] {dag.py:4138} INFO - Setting next_dagrun for dag_scraping_twitter to 2026-06-06 23:00:00+00:00, run_after=2026-06-07 11:00:00+00:00
[2026-06-07T12:11:47.093+0700] {processor.py:208} INFO - Processing /opt/airflow/dags/dag_scraping_twitter.py took 0.117 seconds
[2026-06-07T12:12:17.422+0700] {processor.py:186} INFO - Started process (PID=47209) to work on /opt/airflow/dags/dag_scraping_twitter.py
[2026-06-07T12:12:17.424+0700] {processor.py:914} INFO - Processing file /opt/airflow/dags/dag_scraping_twitter.py for tasks to queue
[2026-06-07T12:12:17.428+0700] {logging_mixin.py:190} INFO - [2026-06-07T12:12:17.428+0700] {dagbag.py:587} INFO - Filling up the DagBag from /opt/airflow/dags/dag_scraping_twitter.py
[2026-06-07T12:12:17.452+0700] {processor.py:925} INFO - DAG(s) 'dag_scraping_twitter' retrieved from /opt/airflow/dags/dag_scraping_twitter.py
[2026-06-07T12:12:17.482+0700] {logging_mixin.py:190} INFO - [2026-06-07T12:12:17.482+0700] {dag.py:3211} INFO - Sync 1 DAGs
[2026-06-07T12:12:17.508+0700] {logging_mixin.py:190} INFO - [2026-06-07T12:12:17.507+0700] {dag.py:4138} INFO - Setting next_dagrun for dag_scraping_twitter to 2026-06-06 23:00:00+00:00, run_after=2026-06-07 11:00:00+00:00
[2026-06-07T12:12:17.533+0700] {processor.py:208} INFO - Processing /opt/airflow/dags/dag_scraping_twitter.py took 0.118 seconds
[2026-06-07T12:12:47.909+0700] {processor.py:186} INFO - Started process (PID=47237) to work on /opt/airflow/dags/dag_scraping_twitter.py
[2026-06-07T12:12:47.911+0700] {processor.py:914} INFO - Processing file /opt/airflow/dags/dag_scraping_twitter.py for tasks to queue
[2026-06-07T12:12:47.914+0700] {logging_mixin.py:190} INFO - [2026-06-07T12:12:47.914+0700] {dagbag.py:587} INFO - Filling up the DagBag from /opt/airflow/dags/dag_scraping_twitter.py
[2026-06-07T12:12:47.936+0700] {processor.py:925} INFO - DAG(s) 'dag_scraping_twitter' retrieved from /opt/airflow/dags/dag_scraping_twitter.py
[2026-06-07T12:12:47.971+0700] {logging_mixin.py:190} INFO - [2026-06-07T12:12:47.971+0700] {dag.py:3211} INFO - Sync 1 DAGs
[2026-06-07T12:12:48.005+0700] {logging_mixin.py:190} INFO - [2026-06-07T12:12:48.005+0700] {dag.py:4138} INFO - Setting next_dagrun for dag_scraping_twitter to 2026-06-06 23:00:00+00:00, run_after=2026-06-07 11:00:00+00:00
[2026-06-07T12:12:48.034+0700] {processor.py:208} INFO - Processing /opt/airflow/dags/dag_scraping_twitter.py took 0.132 seconds
[2026-06-07T12:13:18.535+0700] {processor.py:186} INFO - Started process (PID=47265) to work on /opt/airflow/dags/dag_scraping_twitter.py
[2026-06-07T12:13:18.536+0700] {processor.py:914} INFO - Processing file /opt/airflow/dags/dag_scraping_twitter.py for tasks to queue
[2026-06-07T12:13:18.539+0700] {logging_mixin.py:190} INFO - [2026-06-07T12:13:18.539+0700] {dagbag.py:587} INFO - Filling up the DagBag from /opt/airflow/dags/dag_scraping_twitter.py
[2026-06-07T12:13:18.570+0700] {processor.py:925} INFO - DAG(s) 'dag_scraping_twitter' retrieved from /opt/airflow/dags/dag_scraping_twitter.py
[2026-06-07T12:13:18.615+0700] {logging_mixin.py:190} INFO - [2026-06-07T12:13:18.615+0700] {dag.py:3211} INFO - Sync 1 DAGs
[2026-06-07T12:13:18.653+0700] {logging_mixin.py:190} INFO - [2026-06-07T12:13:18.653+0700] {dag.py:4138} INFO - Setting next_dagrun for dag_scraping_twitter to 2026-06-06 23:00:00+00:00, run_after=2026-06-07 11:00:00+00:00
[2026-06-07T12:13:18.684+0700] {processor.py:208} INFO - Processing /opt/airflow/dags/dag_scraping_twitter.py took 0.156 seconds
[2026-06-07T12:13:49.280+0700] {processor.py:186} INFO - Started process (PID=47293) to work on /opt/airflow/dags/dag_scraping_twitter.py
[2026-06-07T12:13:49.281+0700] {processor.py:914} INFO - Processing file /opt/airflow/dags/dag_scraping_twitter.py for tasks to queue
[2026-06-07T12:13:49.283+0700] {logging_mixin.py:190} INFO - [2026-06-07T12:13:49.283+0700] {dagbag.py:587} INFO - Filling up the DagBag from /opt/airflow/dags/dag_scraping_twitter.py
[2026-06-07T12:13:49.310+0700] {processor.py:925} INFO - DAG(s) 'dag_scraping_twitter' retrieved from /opt/airflow/dags/dag_scraping_twitter.py
[2026-06-07T12:13:49.348+0700] {logging_mixin.py:190} INFO - [2026-06-07T12:13:49.347+0700] {dag.py:3211} INFO - Sync 1 DAGs
[2026-06-07T12:13:49.380+0700] {logging_mixin.py:190} INFO - [2026-06-07T12:13:49.379+0700] {dag.py:4138} INFO - Setting next_dagrun for dag_scraping_twitter to 2026-06-06 23:00:00+00:00, run_after=2026-06-07 11:00:00+00:00
[2026-06-07T12:13:49.409+0700] {processor.py:208} INFO - Processing /opt/airflow/dags/dag_scraping_twitter.py took 0.137 seconds
[2026-06-07T12:14:19.702+0700] {processor.py:186} INFO - Started process (PID=47321) to work on /opt/airflow/dags/dag_scraping_twitter.py
[2026-06-07T12:14:19.704+0700] {processor.py:914} INFO - Processing file /opt/airflow/dags/dag_scraping_twitter.py for tasks to queue
[2026-06-07T12:14:19.706+0700] {logging_mixin.py:190} INFO - [2026-06-07T12:14:19.706+0700] {dagbag.py:587} INFO - Filling up the DagBag from /opt/airflow/dags/dag_scraping_twitter.py
[2026-06-07T12:14:19.731+0700] {processor.py:925} INFO - DAG(s) 'dag_scraping_twitter' retrieved from /opt/airflow/dags/dag_scraping_twitter.py
[2026-06-07T12:14:19.770+0700] {logging_mixin.py:190} INFO - [2026-06-07T12:14:19.769+0700] {dag.py:3211} INFO - Sync 1 DAGs
[2026-06-07T12:14:19.807+0700] {logging_mixin.py:190} INFO - [2026-06-07T12:14:19.807+0700] {dag.py:4138} INFO - Setting next_dagrun for dag_scraping_twitter to 2026-06-06 23:00:00+00:00, run_after=2026-06-07 11:00:00+00:00
[2026-06-07T12:14:19.836+0700] {processor.py:208} INFO - Processing /opt/airflow/dags/dag_scraping_twitter.py took 0.143 seconds
[2026-06-07T12:14:50.420+0700] {processor.py:186} INFO - Started process (PID=47355) to work on /opt/airflow/dags/dag_scraping_twitter.py
[2026-06-07T12:14:50.422+0700] {processor.py:914} INFO - Processing file /opt/airflow/dags/dag_scraping_twitter.py for tasks to queue
[2026-06-07T12:14:50.425+0700] {logging_mixin.py:190} INFO - [2026-06-07T12:14:50.425+0700] {dagbag.py:587} INFO - Filling up the DagBag from /opt/airflow/dags/dag_scraping_twitter.py
[2026-06-07T12:14:50.449+0700] {processor.py:925} INFO - DAG(s) 'dag_scraping_twitter' retrieved from /opt/airflow/dags/dag_scraping_twitter.py
[2026-06-07T12:14:50.481+0700] {logging_mixin.py:190} INFO - [2026-06-07T12:14:50.480+0700] {dag.py:3211} INFO - Sync 1 DAGs
[2026-06-07T12:14:50.505+0700] {logging_mixin.py:190} INFO - [2026-06-07T12:14:50.505+0700] {dag.py:4138} INFO - Setting next_dagrun for dag_scraping_twitter to 2026-06-06 23:00:00+00:00, run_after=2026-06-07 11:00:00+00:00
[2026-06-07T12:14:50.530+0700] {processor.py:208} INFO - Processing /opt/airflow/dags/dag_scraping_twitter.py took 0.117 seconds
[2026-06-07T12:15:20.880+0700] {processor.py:186} INFO - Started process (PID=47383) to work on /opt/airflow/dags/dag_scraping_twitter.py
[2026-06-07T12:15:20.881+0700] {processor.py:914} INFO - Processing file /opt/airflow/dags/dag_scraping_twitter.py for tasks to queue
[2026-06-07T12:15:20.885+0700] {logging_mixin.py:190} INFO - [2026-06-07T12:15:20.884+0700] {dagbag.py:587} INFO - Filling up the DagBag from /opt/airflow/dags/dag_scraping_twitter.py
[2026-06-07T12:15:20.915+0700] {processor.py:925} INFO - DAG(s) 'dag_scraping_twitter' retrieved from /opt/airflow/dags/dag_scraping_twitter.py
[2026-06-07T12:15:20.955+0700] {logging_mixin.py:190} INFO - [2026-06-07T12:15:20.955+0700] {dag.py:3211} INFO - Sync 1 DAGs
[2026-06-07T12:15:20.990+0700] {logging_mixin.py:190} INFO - [2026-06-07T12:15:20.990+0700] {dag.py:4138} INFO - Setting next_dagrun for dag_scraping_twitter to 2026-06-06 23:00:00+00:00, run_after=2026-06-07 11:00:00+00:00
[2026-06-07T12:15:21.019+0700] {processor.py:208} INFO - Processing /opt/airflow/dags/dag_scraping_twitter.py took 0.147 seconds
[2026-06-07T15:46:07.173+0700] {processor.py:186} INFO - Started process (PID=175) to work on /opt/airflow/dags/dag_scraping_twitter.py
[2026-06-07T15:46:07.180+0700] {processor.py:914} INFO - Processing file /opt/airflow/dags/dag_scraping_twitter.py for tasks to queue
[2026-06-07T15:46:07.189+0700] {logging_mixin.py:190} INFO - [2026-06-07T15:46:07.188+0700] {dagbag.py:587} INFO - Filling up the DagBag from /opt/airflow/dags/dag_scraping_twitter.py
[2026-06-07T15:46:07.256+0700] {processor.py:925} INFO - DAG(s) 'dag_scraping_twitter' retrieved from /opt/airflow/dags/dag_scraping_twitter.py
[2026-06-07T15:46:07.332+0700] {logging_mixin.py:190} INFO - [2026-06-07T15:46:07.332+0700] {dag.py:3211} INFO - Sync 1 DAGs
[2026-06-07T15:46:07.380+0700] {logging_mixin.py:190} INFO - [2026-06-07T15:46:07.379+0700] {dag.py:4138} INFO - Setting next_dagrun for dag_scraping_twitter to 2026-06-06 23:00:00+00:00, run_after=2026-06-07 11:00:00+00:00
[2026-06-07T15:46:07.419+0700] {processor.py:208} INFO - Processing /opt/airflow/dags/dag_scraping_twitter.py took 0.270 seconds
[2026-06-07T15:46:37.970+0700] {processor.py:186} INFO - Started process (PID=203) to work on /opt/airflow/dags/dag_scraping_twitter.py
[2026-06-07T15:46:37.979+0700] {processor.py:914} INFO - Processing file /opt/airflow/dags/dag_scraping_twitter.py for tasks to queue
[2026-06-07T15:46:37.994+0700] {logging_mixin.py:190} INFO - [2026-06-07T15:46:37.993+0700] {dagbag.py:587} INFO - Filling up the DagBag from /opt/airflow/dags/dag_scraping_twitter.py
[2026-06-07T15:46:38.149+0700] {processor.py:925} INFO - DAG(s) 'dag_scraping_twitter' retrieved from /opt/airflow/dags/dag_scraping_twitter.py
[2026-06-07T15:46:38.185+0700] {logging_mixin.py:190} INFO - [2026-06-07T15:46:38.184+0700] {dag.py:3211} INFO - Sync 1 DAGs
[2026-06-07T15:46:38.216+0700] {logging_mixin.py:190} INFO - [2026-06-07T15:46:38.216+0700] {dag.py:4138} INFO - Setting next_dagrun for dag_scraping_twitter to 2026-06-06 23:00:00+00:00, run_after=2026-06-07 11:00:00+00:00
[2026-06-07T15:46:38.253+0700] {processor.py:208} INFO - Processing /opt/airflow/dags/dag_scraping_twitter.py took 0.295 seconds
[2026-06-07T15:47:08.876+0700] {processor.py:186} INFO - Started process (PID=231) to work on /opt/airflow/dags/dag_scraping_twitter.py
[2026-06-07T15:47:08.878+0700] {processor.py:914} INFO - Processing file /opt/airflow/dags/dag_scraping_twitter.py for tasks to queue
[2026-06-07T15:47:08.882+0700] {logging_mixin.py:190} INFO - [2026-06-07T15:47:08.881+0700] {dagbag.py:587} INFO - Filling up the DagBag from /opt/airflow/dags/dag_scraping_twitter.py
[2026-06-07T15:47:08.909+0700] {processor.py:925} INFO - DAG(s) 'dag_scraping_twitter' retrieved from /opt/airflow/dags/dag_scraping_twitter.py
[2026-06-07T15:47:08.946+0700] {logging_mixin.py:190} INFO - [2026-06-07T15:47:08.945+0700] {dag.py:3211} INFO - Sync 1 DAGs
[2026-06-07T15:47:08.972+0700] {logging_mixin.py:190} INFO - [2026-06-07T15:47:08.971+0700] {dag.py:4138} INFO - Setting next_dagrun for dag_scraping_twitter to 2026-06-06 23:00:00+00:00, run_after=2026-06-07 11:00:00+00:00
[2026-06-07T15:47:08.996+0700] {processor.py:208} INFO - Processing /opt/airflow/dags/dag_scraping_twitter.py took 0.129 seconds
[2026-06-07T15:47:39.770+0700] {processor.py:186} INFO - Started process (PID=259) to work on /opt/airflow/dags/dag_scraping_twitter.py
[2026-06-07T15:47:39.771+0700] {processor.py:914} INFO - Processing file /opt/airflow/dags/dag_scraping_twitter.py for tasks to queue
[2026-06-07T15:47:39.775+0700] {logging_mixin.py:190} INFO - [2026-06-07T15:47:39.774+0700] {dagbag.py:587} INFO - Filling up the DagBag from /opt/airflow/dags/dag_scraping_twitter.py
[2026-06-07T15:47:39.802+0700] {processor.py:925} INFO - DAG(s) 'dag_scraping_twitter' retrieved from /opt/airflow/dags/dag_scraping_twitter.py
[2026-06-07T15:47:39.835+0700] {logging_mixin.py:190} INFO - [2026-06-07T15:47:39.835+0700] {dag.py:3211} INFO - Sync 1 DAGs
[2026-06-07T15:47:39.870+0700] {logging_mixin.py:190} INFO - [2026-06-07T15:47:39.870+0700] {dag.py:4138} INFO - Setting next_dagrun for dag_scraping_twitter to 2026-06-06 23:00:00+00:00, run_after=2026-06-07 11:00:00+00:00
[2026-06-07T15:47:39.893+0700] {processor.py:208} INFO - Processing /opt/airflow/dags/dag_scraping_twitter.py took 0.131 seconds
[2026-06-07T15:48:10.381+0700] {processor.py:186} INFO - Started process (PID=293) to work on /opt/airflow/dags/dag_scraping_twitter.py
[2026-06-07T15:48:10.383+0700] {processor.py:914} INFO - Processing file /opt/airflow/dags/dag_scraping_twitter.py for tasks to queue
[2026-06-07T15:48:10.386+0700] {logging_mixin.py:190} INFO - [2026-06-07T15:48:10.386+0700] {dagbag.py:587} INFO - Filling up the DagBag from /opt/airflow/dags/dag_scraping_twitter.py
[2026-06-07T15:48:10.410+0700] {processor.py:925} INFO - DAG(s) 'dag_scraping_twitter' retrieved from /opt/airflow/dags/dag_scraping_twitter.py
[2026-06-07T15:48:10.438+0700] {logging_mixin.py:190} INFO - [2026-06-07T15:48:10.438+0700] {dag.py:3211} INFO - Sync 1 DAGs
[2026-06-07T15:48:10.467+0700] {logging_mixin.py:190} INFO - [2026-06-07T15:48:10.467+0700] {dag.py:4138} INFO - Setting next_dagrun for dag_scraping_twitter to 2026-06-06 23:00:00+00:00, run_after=2026-06-07 11:00:00+00:00
[2026-06-07T15:48:10.495+0700] {processor.py:208} INFO - Processing /opt/airflow/dags/dag_scraping_twitter.py took 0.120 seconds
[2026-06-07T15:48:40.602+0700] {processor.py:186} INFO - Started process (PID=321) to work on /opt/airflow/dags/dag_scraping_twitter.py
[2026-06-07T15:48:40.603+0700] {processor.py:914} INFO - Processing file /opt/airflow/dags/dag_scraping_twitter.py for tasks to queue
[2026-06-07T15:48:40.606+0700] {logging_mixin.py:190} INFO - [2026-06-07T15:48:40.605+0700] {dagbag.py:587} INFO - Filling up the DagBag from /opt/airflow/dags/dag_scraping_twitter.py
[2026-06-07T15:48:40.632+0700] {processor.py:925} INFO - DAG(s) 'dag_scraping_twitter' retrieved from /opt/airflow/dags/dag_scraping_twitter.py
[2026-06-07T15:48:40.666+0700] {logging_mixin.py:190} INFO - [2026-06-07T15:48:40.666+0700] {dag.py:3211} INFO - Sync 1 DAGs
[2026-06-07T15:48:40.693+0700] {logging_mixin.py:190} INFO - [2026-06-07T15:48:40.692+0700] {dag.py:4138} INFO - Setting next_dagrun for dag_scraping_twitter to 2026-06-06 23:00:00+00:00, run_after=2026-06-07 11:00:00+00:00
[2026-06-07T15:48:40.715+0700] {processor.py:208} INFO - Processing /opt/airflow/dags/dag_scraping_twitter.py took 0.119 seconds
[2026-06-07T15:49:11.421+0700] {processor.py:186} INFO - Started process (PID=350) to work on /opt/airflow/dags/dag_scraping_twitter.py
[2026-06-07T15:49:11.423+0700] {processor.py:914} INFO - Processing file /opt/airflow/dags/dag_scraping_twitter.py for tasks to queue
[2026-06-07T15:49:11.426+0700] {logging_mixin.py:190} INFO - [2026-06-07T15:49:11.426+0700] {dagbag.py:587} INFO - Filling up the DagBag from /opt/airflow/dags/dag_scraping_twitter.py
[2026-06-07T15:49:11.449+0700] {processor.py:925} INFO - DAG(s) 'dag_scraping_twitter' retrieved from /opt/airflow/dags/dag_scraping_twitter.py
[2026-06-07T15:49:11.481+0700] {logging_mixin.py:190} INFO - [2026-06-07T15:49:11.480+0700] {dag.py:3211} INFO - Sync 1 DAGs
[2026-06-07T15:49:11.512+0700] {logging_mixin.py:190} INFO - [2026-06-07T15:49:11.512+0700] {dag.py:4138} INFO - Setting next_dagrun for dag_scraping_twitter to 2026-06-06 23:00:00+00:00, run_after=2026-06-07 11:00:00+00:00
[2026-06-07T15:49:11.539+0700] {processor.py:208} INFO - Processing /opt/airflow/dags/dag_scraping_twitter.py took 0.126 seconds
[2026-06-07T15:49:41.942+0700] {processor.py:186} INFO - Started process (PID=378) to work on /opt/airflow/dags/dag_scraping_twitter.py
[2026-06-07T15:49:41.943+0700] {processor.py:914} INFO - Processing file /opt/airflow/dags/dag_scraping_twitter.py for tasks to queue
[2026-06-07T15:49:41.945+0700] {logging_mixin.py:190} INFO - [2026-06-07T15:49:41.945+0700] {dagbag.py:587} INFO - Filling up the DagBag from /opt/airflow/dags/dag_scraping_twitter.py
[2026-06-07T15:49:41.965+0700] {processor.py:925} INFO - DAG(s) 'dag_scraping_twitter' retrieved from /opt/airflow/dags/dag_scraping_twitter.py
[2026-06-07T15:49:41.998+0700] {logging_mixin.py:190} INFO - [2026-06-07T15:49:41.997+0700] {dag.py:3211} INFO - Sync 1 DAGs
[2026-06-07T15:49:42.027+0700] {logging_mixin.py:190} INFO - [2026-06-07T15:49:42.027+0700] {dag.py:4138} INFO - Setting next_dagrun for dag_scraping_twitter to 2026-06-06 23:00:00+00:00, run_after=2026-06-07 11:00:00+00:00
[2026-06-07T15:49:42.053+0700] {processor.py:208} INFO - Processing /opt/airflow/dags/dag_scraping_twitter.py took 0.117 seconds
[2026-06-07T15:50:12.903+0700] {processor.py:186} INFO - Started process (PID=406) to work on /opt/airflow/dags/dag_scraping_twitter.py
[2026-06-07T15:50:12.904+0700] {processor.py:914} INFO - Processing file /opt/airflow/dags/dag_scraping_twitter.py for tasks to queue
[2026-06-07T15:50:12.907+0700] {logging_mixin.py:190} INFO - [2026-06-07T15:50:12.907+0700] {dagbag.py:587} INFO - Filling up the DagBag from /opt/airflow/dags/dag_scraping_twitter.py
[2026-06-07T15:50:12.930+0700] {processor.py:925} INFO - DAG(s) 'dag_scraping_twitter' retrieved from /opt/airflow/dags/dag_scraping_twitter.py
[2026-06-07T15:50:12.961+0700] {logging_mixin.py:190} INFO - [2026-06-07T15:50:12.961+0700] {dag.py:3211} INFO - Sync 1 DAGs
[2026-06-07T15:50:12.988+0700] {logging_mixin.py:190} INFO - [2026-06-07T15:50:12.987+0700] {dag.py:4138} INFO - Setting next_dagrun for dag_scraping_twitter to 2026-06-06 23:00:00+00:00, run_after=2026-06-07 11:00:00+00:00
[2026-06-07T15:50:13.015+0700] {processor.py:208} INFO - Processing /opt/airflow/dags/dag_scraping_twitter.py took 0.119 seconds
[2026-06-07T15:50:43.458+0700] {processor.py:186} INFO - Started process (PID=434) to work on /opt/airflow/dags/dag_scraping_twitter.py
[2026-06-07T15:50:43.459+0700] {processor.py:914} INFO - Processing file /opt/airflow/dags/dag_scraping_twitter.py for tasks to queue
[2026-06-07T15:50:43.462+0700] {logging_mixin.py:190} INFO - [2026-06-07T15:50:43.461+0700] {dagbag.py:587} INFO - Filling up the DagBag from /opt/airflow/dags/dag_scraping_twitter.py
[2026-06-07T15:50:43.483+0700] {processor.py:925} INFO - DAG(s) 'dag_scraping_twitter' retrieved from /opt/airflow/dags/dag_scraping_twitter.py
[2026-06-07T15:50:43.512+0700] {logging_mixin.py:190} INFO - [2026-06-07T15:50:43.512+0700] {dag.py:3211} INFO - Sync 1 DAGs
[2026-06-07T15:50:43.536+0700] {logging_mixin.py:190} INFO - [2026-06-07T15:50:43.536+0700] {dag.py:4138} INFO - Setting next_dagrun for dag_scraping_twitter to 2026-06-06 23:00:00+00:00, run_after=2026-06-07 11:00:00+00:00
[2026-06-07T15:50:43.562+0700] {processor.py:208} INFO - Processing /opt/airflow/dags/dag_scraping_twitter.py took 0.109 seconds
[2026-06-07T15:51:14.195+0700] {processor.py:186} INFO - Started process (PID=462) to work on /opt/airflow/dags/dag_scraping_twitter.py
[2026-06-07T15:51:14.196+0700] {processor.py:914} INFO - Processing file /opt/airflow/dags/dag_scraping_twitter.py for tasks to queue
[2026-06-07T15:51:14.199+0700] {logging_mixin.py:190} INFO - [2026-06-07T15:51:14.199+0700] {dagbag.py:587} INFO - Filling up the DagBag from /opt/airflow/dags/dag_scraping_twitter.py
[2026-06-07T15:51:14.220+0700] {processor.py:925} INFO - DAG(s) 'dag_scraping_twitter' retrieved from /opt/airflow/dags/dag_scraping_twitter.py
[2026-06-07T15:51:14.248+0700] {logging_mixin.py:190} INFO - [2026-06-07T15:51:14.248+0700] {dag.py:3211} INFO - Sync 1 DAGs
[2026-06-07T15:51:14.271+0700] {logging_mixin.py:190} INFO - [2026-06-07T15:51:14.271+0700] {dag.py:4138} INFO - Setting next_dagrun for dag_scraping_twitter to 2026-06-06 23:00:00+00:00, run_after=2026-06-07 11:00:00+00:00
[2026-06-07T15:51:14.294+0700] {processor.py:208} INFO - Processing /opt/airflow/dags/dag_scraping_twitter.py took 0.105 seconds
[2026-06-07T15:51:44.774+0700] {processor.py:186} INFO - Started process (PID=490) to work on /opt/airflow/dags/dag_scraping_twitter.py
[2026-06-07T15:51:44.775+0700] {processor.py:914} INFO - Processing file /opt/airflow/dags/dag_scraping_twitter.py for tasks to queue
[2026-06-07T15:51:44.778+0700] {logging_mixin.py:190} INFO - [2026-06-07T15:51:44.777+0700] {dagbag.py:587} INFO - Filling up the DagBag from /opt/airflow/dags/dag_scraping_twitter.py
[2026-06-07T15:51:44.798+0700] {processor.py:925} INFO - DAG(s) 'dag_scraping_twitter' retrieved from /opt/airflow/dags/dag_scraping_twitter.py
[2026-06-07T15:51:44.826+0700] {logging_mixin.py:190} INFO - [2026-06-07T15:51:44.826+0700] {dag.py:3211} INFO - Sync 1 DAGs
[2026-06-07T15:51:44.853+0700] {logging_mixin.py:190} INFO - [2026-06-07T15:51:44.852+0700] {dag.py:4138} INFO - Setting next_dagrun for dag_scraping_twitter to 2026-06-06 23:00:00+00:00, run_after=2026-06-07 11:00:00+00:00
[2026-06-07T15:51:44.877+0700] {processor.py:208} INFO - Processing /opt/airflow/dags/dag_scraping_twitter.py took 0.109 seconds
[2026-06-07T15:52:15.353+0700] {processor.py:186} INFO - Started process (PID=519) to work on /opt/airflow/dags/dag_scraping_twitter.py
[2026-06-07T15:52:15.354+0700] {processor.py:914} INFO - Processing file /opt/airflow/dags/dag_scraping_twitter.py for tasks to queue
[2026-06-07T15:52:15.356+0700] {logging_mixin.py:190} INFO - [2026-06-07T15:52:15.356+0700] {dagbag.py:587} INFO - Filling up the DagBag from /opt/airflow/dags/dag_scraping_twitter.py
[2026-06-07T15:52:15.377+0700] {processor.py:925} INFO - DAG(s) 'dag_scraping_twitter' retrieved from /opt/airflow/dags/dag_scraping_twitter.py
[2026-06-07T15:52:15.407+0700] {logging_mixin.py:190} INFO - [2026-06-07T15:52:15.407+0700] {dag.py:3211} INFO - Sync 1 DAGs
[2026-06-07T15:52:15.435+0700] {logging_mixin.py:190} INFO - [2026-06-07T15:52:15.435+0700] {dag.py:4138} INFO - Setting next_dagrun for dag_scraping_twitter to 2026-06-06 23:00:00+00:00, run_after=2026-06-07 11:00:00+00:00
[2026-06-07T15:52:15.456+0700] {processor.py:208} INFO - Processing /opt/airflow/dags/dag_scraping_twitter.py took 0.109 seconds
[2026-06-07T15:52:46.075+0700] {processor.py:186} INFO - Started process (PID=553) to work on /opt/airflow/dags/dag_scraping_twitter.py
[2026-06-07T15:52:46.076+0700] {processor.py:914} INFO - Processing file /opt/airflow/dags/dag_scraping_twitter.py for tasks to queue
[2026-06-07T15:52:46.080+0700] {logging_mixin.py:190} INFO - [2026-06-07T15:52:46.079+0700] {dagbag.py:587} INFO - Filling up the DagBag from /opt/airflow/dags/dag_scraping_twitter.py
[2026-06-07T15:52:46.110+0700] {processor.py:925} INFO - DAG(s) 'dag_scraping_twitter' retrieved from /opt/airflow/dags/dag_scraping_twitter.py
[2026-06-07T15:52:46.161+0700] {logging_mixin.py:190} INFO - [2026-06-07T15:52:46.160+0700] {dag.py:3211} INFO - Sync 1 DAGs
[2026-06-07T15:52:46.200+0700] {logging_mixin.py:190} INFO - [2026-06-07T15:52:46.200+0700] {dag.py:4138} INFO - Setting next_dagrun for dag_scraping_twitter to 2026-06-06 23:00:00+00:00, run_after=2026-06-07 11:00:00+00:00
[2026-06-07T15:52:46.230+0700] {processor.py:208} INFO - Processing /opt/airflow/dags/dag_scraping_twitter.py took 0.163 seconds
[2026-06-07T15:53:16.611+0700] {processor.py:186} INFO - Started process (PID=581) to work on /opt/airflow/dags/dag_scraping_twitter.py
[2026-06-07T15:53:16.612+0700] {processor.py:914} INFO - Processing file /opt/airflow/dags/dag_scraping_twitter.py for tasks to queue
[2026-06-07T15:53:16.614+0700] {logging_mixin.py:190} INFO - [2026-06-07T15:53:16.614+0700] {dagbag.py:587} INFO - Filling up the DagBag from /opt/airflow/dags/dag_scraping_twitter.py
[2026-06-07T15:53:16.634+0700] {processor.py:925} INFO - DAG(s) 'dag_scraping_twitter' retrieved from /opt/airflow/dags/dag_scraping_twitter.py
[2026-06-07T15:53:16.665+0700] {logging_mixin.py:190} INFO - [2026-06-07T15:53:16.665+0700] {dag.py:3211} INFO - Sync 1 DAGs
[2026-06-07T15:53:16.696+0700] {logging_mixin.py:190} INFO - [2026-06-07T15:53:16.696+0700] {dag.py:4138} INFO - Setting next_dagrun for dag_scraping_twitter to 2026-06-06 23:00:00+00:00, run_after=2026-06-07 11:00:00+00:00
[2026-06-07T15:53:16.723+0700] {processor.py:208} INFO - Processing /opt/airflow/dags/dag_scraping_twitter.py took 0.117 seconds
[2026-06-07T15:53:47.311+0700] {processor.py:186} INFO - Started process (PID=609) to work on /opt/airflow/dags/dag_scraping_twitter.py
[2026-06-07T15:53:47.312+0700] {processor.py:914} INFO - Processing file /opt/airflow/dags/dag_scraping_twitter.py for tasks to queue
[2026-06-07T15:53:47.316+0700] {logging_mixin.py:190} INFO - [2026-06-07T15:53:47.315+0700] {dagbag.py:587} INFO - Filling up the DagBag from /opt/airflow/dags/dag_scraping_twitter.py
[2026-06-07T15:53:47.342+0700] {processor.py:925} INFO - DAG(s) 'dag_scraping_twitter' retrieved from /opt/airflow/dags/dag_scraping_twitter.py
[2026-06-07T15:53:47.374+0700] {logging_mixin.py:190} INFO - [2026-06-07T15:53:47.374+0700] {dag.py:3211} INFO - Sync 1 DAGs
[2026-06-07T15:53:47.403+0700] {logging_mixin.py:190} INFO - [2026-06-07T15:53:47.402+0700] {dag.py:4138} INFO - Setting next_dagrun for dag_scraping_twitter to 2026-06-06 23:00:00+00:00, run_after=2026-06-07 11:00:00+00:00
[2026-06-07T15:53:47.425+0700] {processor.py:208} INFO - Processing /opt/airflow/dags/dag_scraping_twitter.py took 0.124 seconds
[2026-06-07T15:54:19.112+0700] {processor.py:186} INFO - Started process (PID=638) to work on /opt/airflow/dags/dag_scraping_twitter.py
[2026-06-07T15:54:19.121+0700] {processor.py:914} INFO - Processing file /opt/airflow/dags/dag_scraping_twitter.py for tasks to queue
[2026-06-07T15:54:19.138+0700] {logging_mixin.py:190} INFO - [2026-06-07T15:54:19.138+0700] {dagbag.py:587} INFO - Filling up the DagBag from /opt/airflow/dags/dag_scraping_twitter.py
[2026-06-07T15:54:19.887+0700] {processor.py:925} INFO - DAG(s) 'dag_scraping_twitter' retrieved from /opt/airflow/dags/dag_scraping_twitter.py
[2026-06-07T15:54:21.077+0700] {logging_mixin.py:190} INFO - [2026-06-07T15:54:21.077+0700] {dag.py:3211} INFO - Sync 1 DAGs
[2026-06-07T15:54:21.180+0700] {logging_mixin.py:190} INFO - [2026-06-07T15:54:21.179+0700] {dag.py:4138} INFO - Setting next_dagrun for dag_scraping_twitter to 2026-06-06 23:00:00+00:00, run_after=2026-06-07 11:00:00+00:00
[2026-06-07T15:54:22.373+0700] {processor.py:208} INFO - Processing /opt/airflow/dags/dag_scraping_twitter.py took 3.273 seconds
[2026-06-07T15:54:53.564+0700] {processor.py:186} INFO - Started process (PID=672) to work on /opt/airflow/dags/dag_scraping_twitter.py
[2026-06-07T15:54:53.571+0700] {processor.py:914} INFO - Processing file /opt/airflow/dags/dag_scraping_twitter.py for tasks to queue
[2026-06-07T15:54:53.579+0700] {logging_mixin.py:190} INFO - [2026-06-07T15:54:53.579+0700] {dagbag.py:587} INFO - Filling up the DagBag from /opt/airflow/dags/dag_scraping_twitter.py
[2026-06-07T15:54:53.662+0700] {processor.py:925} INFO - DAG(s) 'dag_scraping_twitter' retrieved from /opt/airflow/dags/dag_scraping_twitter.py
[2026-06-07T15:54:53.731+0700] {logging_mixin.py:190} INFO - [2026-06-07T15:54:53.730+0700] {dag.py:3211} INFO - Sync 1 DAGs
[2026-06-07T15:54:53.855+0700] {logging_mixin.py:190} INFO - [2026-06-07T15:54:53.854+0700] {dag.py:4138} INFO - Setting next_dagrun for dag_scraping_twitter to 2026-06-06 23:00:00+00:00, run_after=2026-06-07 11:00:00+00:00
[2026-06-07T15:54:53.933+0700] {processor.py:208} INFO - Processing /opt/airflow/dags/dag_scraping_twitter.py took 0.389 seconds
[2026-06-07T15:55:24.564+0700] {processor.py:186} INFO - Started process (PID=700) to work on /opt/airflow/dags/dag_scraping_twitter.py
[2026-06-07T15:55:24.565+0700] {processor.py:914} INFO - Processing file /opt/airflow/dags/dag_scraping_twitter.py for tasks to queue
[2026-06-07T15:55:24.568+0700] {logging_mixin.py:190} INFO - [2026-06-07T15:55:24.567+0700] {dagbag.py:587} INFO - Filling up the DagBag from /opt/airflow/dags/dag_scraping_twitter.py
[2026-06-07T15:55:24.583+0700] {processor.py:925} INFO - DAG(s) 'dag_scraping_twitter' retrieved from /opt/airflow/dags/dag_scraping_twitter.py
[2026-06-07T15:55:24.608+0700] {logging_mixin.py:190} INFO - [2026-06-07T15:55:24.608+0700] {dag.py:3211} INFO - Sync 1 DAGs
[2026-06-07T15:55:24.630+0700] {logging_mixin.py:190} INFO - [2026-06-07T15:55:24.629+0700] {dag.py:4138} INFO - Setting next_dagrun for dag_scraping_twitter to 2026-06-06 23:00:00+00:00, run_after=2026-06-07 11:00:00+00:00
[2026-06-07T15:55:24.647+0700] {processor.py:208} INFO - Processing /opt/airflow/dags/dag_scraping_twitter.py took 0.089 seconds
[2026-06-07T15:55:55.094+0700] {processor.py:186} INFO - Started process (PID=734) to work on /opt/airflow/dags/dag_scraping_twitter.py
[2026-06-07T15:55:55.095+0700] {processor.py:914} INFO - Processing file /opt/airflow/dags/dag_scraping_twitter.py for tasks to queue
[2026-06-07T15:55:55.098+0700] {logging_mixin.py:190} INFO - [2026-06-07T15:55:55.097+0700] {dagbag.py:587} INFO - Filling up the DagBag from /opt/airflow/dags/dag_scraping_twitter.py
[2026-06-07T15:55:55.117+0700] {processor.py:925} INFO - DAG(s) 'dag_scraping_twitter' retrieved from /opt/airflow/dags/dag_scraping_twitter.py
[2026-06-07T15:55:55.148+0700] {logging_mixin.py:190} INFO - [2026-06-07T15:55:55.147+0700] {dag.py:3211} INFO - Sync 1 DAGs
[2026-06-07T15:55:55.171+0700] {logging_mixin.py:190} INFO - [2026-06-07T15:55:55.171+0700] {dag.py:4138} INFO - Setting next_dagrun for dag_scraping_twitter to 2026-06-06 23:00:00+00:00, run_after=2026-06-07 11:00:00+00:00
[2026-06-07T15:55:55.190+0700] {processor.py:208} INFO - Processing /opt/airflow/dags/dag_scraping_twitter.py took 0.101 seconds
[2026-06-07T15:56:25.891+0700] {processor.py:186} INFO - Started process (PID=763) to work on /opt/airflow/dags/dag_scraping_twitter.py
[2026-06-07T15:56:25.893+0700] {processor.py:914} INFO - Processing file /opt/airflow/dags/dag_scraping_twitter.py for tasks to queue
[2026-06-07T15:56:25.906+0700] {logging_mixin.py:190} INFO - [2026-06-07T15:56:25.900+0700] {dagbag.py:587} INFO - Filling up the DagBag from /opt/airflow/dags/dag_scraping_twitter.py
[2026-06-07T15:56:25.975+0700] {processor.py:925} INFO - DAG(s) 'dag_scraping_twitter' retrieved from /opt/airflow/dags/dag_scraping_twitter.py
[2026-06-07T15:56:26.024+0700] {logging_mixin.py:190} INFO - [2026-06-07T15:56:26.024+0700] {dag.py:3211} INFO - Sync 1 DAGs
[2026-06-07T15:56:26.063+0700] {logging_mixin.py:190} INFO - [2026-06-07T15:56:26.063+0700] {dag.py:4138} INFO - Setting next_dagrun for dag_scraping_twitter to 2026-06-06 23:00:00+00:00, run_after=2026-06-07 11:00:00+00:00
[2026-06-07T15:56:26.096+0700] {processor.py:208} INFO - Processing /opt/airflow/dags/dag_scraping_twitter.py took 0.221 seconds
[2026-06-07T15:56:57.026+0700] {processor.py:186} INFO - Started process (PID=791) to work on /opt/airflow/dags/dag_scraping_twitter.py
[2026-06-07T15:56:57.027+0700] {processor.py:914} INFO - Processing file /opt/airflow/dags/dag_scraping_twitter.py for tasks to queue
[2026-06-07T15:56:57.030+0700] {logging_mixin.py:190} INFO - [2026-06-07T15:56:57.029+0700] {dagbag.py:587} INFO - Filling up the DagBag from /opt/airflow/dags/dag_scraping_twitter.py
[2026-06-07T15:56:57.047+0700] {processor.py:925} INFO - DAG(s) 'dag_scraping_twitter' retrieved from /opt/airflow/dags/dag_scraping_twitter.py
[2026-06-07T15:56:57.070+0700] {logging_mixin.py:190} INFO - [2026-06-07T15:56:57.070+0700] {dag.py:3211} INFO - Sync 1 DAGs
[2026-06-07T15:56:57.097+0700] {logging_mixin.py:190} INFO - [2026-06-07T15:56:57.096+0700] {dag.py:4138} INFO - Setting next_dagrun for dag_scraping_twitter to 2026-06-06 23:00:00+00:00, run_after=2026-06-07 11:00:00+00:00
[2026-06-07T15:56:57.118+0700] {processor.py:208} INFO - Processing /opt/airflow/dags/dag_scraping_twitter.py took 0.098 seconds
[2026-06-07T15:57:27.958+0700] {processor.py:186} INFO - Started process (PID=820) to work on /opt/airflow/dags/dag_scraping_twitter.py
[2026-06-07T15:57:27.962+0700] {processor.py:914} INFO - Processing file /opt/airflow/dags/dag_scraping_twitter.py for tasks to queue
[2026-06-07T15:57:27.967+0700] {logging_mixin.py:190} INFO - [2026-06-07T15:57:27.967+0700] {dagbag.py:587} INFO - Filling up the DagBag from /opt/airflow/dags/dag_scraping_twitter.py
[2026-06-07T15:57:27.996+0700] {processor.py:925} INFO - DAG(s) 'dag_scraping_twitter' retrieved from /opt/airflow/dags/dag_scraping_twitter.py
[2026-06-07T15:57:28.020+0700] {logging_mixin.py:190} INFO - [2026-06-07T15:57:28.020+0700] {dag.py:3211} INFO - Sync 1 DAGs
[2026-06-07T15:57:28.044+0700] {logging_mixin.py:190} INFO - [2026-06-07T15:57:28.044+0700] {dag.py:4138} INFO - Setting next_dagrun for dag_scraping_twitter to 2026-06-06 23:00:00+00:00, run_after=2026-06-07 11:00:00+00:00
[2026-06-07T15:57:28.069+0700] {processor.py:208} INFO - Processing /opt/airflow/dags/dag_scraping_twitter.py took 0.128 seconds
[2026-06-07T15:57:58.605+0700] {processor.py:186} INFO - Started process (PID=848) to work on /opt/airflow/dags/dag_scraping_twitter.py
[2026-06-07T15:57:58.606+0700] {processor.py:914} INFO - Processing file /opt/airflow/dags/dag_scraping_twitter.py for tasks to queue
[2026-06-07T15:57:58.609+0700] {logging_mixin.py:190} INFO - [2026-06-07T15:57:58.608+0700] {dagbag.py:587} INFO - Filling up the DagBag from /opt/airflow/dags/dag_scraping_twitter.py
[2026-06-07T15:57:58.629+0700] {processor.py:925} INFO - DAG(s) 'dag_scraping_twitter' retrieved from /opt/airflow/dags/dag_scraping_twitter.py
[2026-06-07T15:57:58.656+0700] {logging_mixin.py:190} INFO - [2026-06-07T15:57:58.655+0700] {dag.py:3211} INFO - Sync 1 DAGs
[2026-06-07T15:57:58.680+0700] {logging_mixin.py:190} INFO - [2026-06-07T15:57:58.680+0700] {dag.py:4138} INFO - Setting next_dagrun for dag_scraping_twitter to 2026-06-06 23:00:00+00:00, run_after=2026-06-07 11:00:00+00:00
[2026-06-07T15:57:58.701+0700] {processor.py:208} INFO - Processing /opt/airflow/dags/dag_scraping_twitter.py took 0.103 seconds
[2026-06-07T15:58:29.369+0700] {processor.py:186} INFO - Started process (PID=876) to work on /opt/airflow/dags/dag_scraping_twitter.py
[2026-06-07T15:58:29.370+0700] {processor.py:914} INFO - Processing file /opt/airflow/dags/dag_scraping_twitter.py for tasks to queue
[2026-06-07T15:58:29.374+0700] {logging_mixin.py:190} INFO - [2026-06-07T15:58:29.374+0700] {dagbag.py:587} INFO - Filling up the DagBag from /opt/airflow/dags/dag_scraping_twitter.py
[2026-06-07T15:58:29.405+0700] {processor.py:925} INFO - DAG(s) 'dag_scraping_twitter' retrieved from /opt/airflow/dags/dag_scraping_twitter.py
[2026-06-07T15:58:29.449+0700] {logging_mixin.py:190} INFO - [2026-06-07T15:58:29.448+0700] {dag.py:3211} INFO - Sync 1 DAGs
[2026-06-07T15:58:29.477+0700] {logging_mixin.py:190} INFO - [2026-06-07T15:58:29.477+0700] {dag.py:4138} INFO - Setting next_dagrun for dag_scraping_twitter to 2026-06-06 23:00:00+00:00, run_after=2026-06-07 11:00:00+00:00
[2026-06-07T15:58:29.499+0700] {processor.py:208} INFO - Processing /opt/airflow/dags/dag_scraping_twitter.py took 0.137 seconds
[2026-06-07T15:58:59.914+0700] {processor.py:186} INFO - Started process (PID=904) to work on /opt/airflow/dags/dag_scraping_twitter.py
[2026-06-07T15:58:59.916+0700] {processor.py:914} INFO - Processing file /opt/airflow/dags/dag_scraping_twitter.py for tasks to queue
[2026-06-07T15:58:59.919+0700] {logging_mixin.py:190} INFO - [2026-06-07T15:58:59.919+0700] {dagbag.py:587} INFO - Filling up the DagBag from /opt/airflow/dags/dag_scraping_twitter.py
[2026-06-07T15:58:59.939+0700] {processor.py:925} INFO - DAG(s) 'dag_scraping_twitter' retrieved from /opt/airflow/dags/dag_scraping_twitter.py
[2026-06-07T15:58:59.965+0700] {logging_mixin.py:190} INFO - [2026-06-07T15:58:59.965+0700] {dag.py:3211} INFO - Sync 1 DAGs
[2026-06-07T15:58:59.988+0700] {logging_mixin.py:190} INFO - [2026-06-07T15:58:59.988+0700] {dag.py:4138} INFO - Setting next_dagrun for dag_scraping_twitter to 2026-06-06 23:00:00+00:00, run_after=2026-06-07 11:00:00+00:00
[2026-06-07T15:59:00.008+0700] {processor.py:208} INFO - Processing /opt/airflow/dags/dag_scraping_twitter.py took 0.101 seconds
[2026-06-07T15:59:32.619+0700] {processor.py:186} INFO - Started process (PID=939) to work on /opt/airflow/dags/dag_scraping_twitter.py
[2026-06-07T15:59:32.625+0700] {processor.py:914} INFO - Processing file /opt/airflow/dags/dag_scraping_twitter.py for tasks to queue
[2026-06-07T15:59:32.636+0700] {logging_mixin.py:190} INFO - [2026-06-07T15:59:32.634+0700] {dagbag.py:587} INFO - Filling up the DagBag from /opt/airflow/dags/dag_scraping_twitter.py
[2026-06-07T15:59:32.899+0700] {processor.py:925} INFO - DAG(s) 'dag_scraping_twitter' retrieved from /opt/airflow/dags/dag_scraping_twitter.py
[2026-06-07T15:59:33.040+0700] {logging_mixin.py:190} INFO - [2026-06-07T15:59:33.039+0700] {dag.py:3211} INFO - Sync 1 DAGs
[2026-06-07T15:59:33.939+0700] {logging_mixin.py:190} INFO - [2026-06-07T15:59:33.939+0700] {dag.py:4138} INFO - Setting next_dagrun for dag_scraping_twitter to 2026-06-06 23:00:00+00:00, run_after=2026-06-07 11:00:00+00:00
[2026-06-07T15:59:34.014+0700] {processor.py:208} INFO - Processing /opt/airflow/dags/dag_scraping_twitter.py took 1.412 seconds
[2026-06-07T16:00:06.134+0700] {processor.py:186} INFO - Started process (PID=965) to work on /opt/airflow/dags/dag_scraping_twitter.py
[2026-06-07T16:00:06.144+0700] {processor.py:914} INFO - Processing file /opt/airflow/dags/dag_scraping_twitter.py for tasks to queue
[2026-06-07T16:00:06.152+0700] {logging_mixin.py:190} INFO - [2026-06-07T16:00:06.152+0700] {dagbag.py:587} INFO - Filling up the DagBag from /opt/airflow/dags/dag_scraping_twitter.py
[2026-06-07T16:00:06.229+0700] {processor.py:925} INFO - DAG(s) 'dag_scraping_twitter' retrieved from /opt/airflow/dags/dag_scraping_twitter.py
[2026-06-07T16:00:06.300+0700] {logging_mixin.py:190} INFO - [2026-06-07T16:00:06.300+0700] {dag.py:3211} INFO - Sync 1 DAGs
[2026-06-07T16:00:06.374+0700] {logging_mixin.py:190} INFO - [2026-06-07T16:00:06.374+0700] {dag.py:4138} INFO - Setting next_dagrun for dag_scraping_twitter to 2026-06-06 23:00:00+00:00, run_after=2026-06-07 11:00:00+00:00
[2026-06-07T16:00:06.444+0700] {processor.py:208} INFO - Processing /opt/airflow/dags/dag_scraping_twitter.py took 0.323 seconds
[2026-06-07T16:00:36.687+0700] {processor.py:186} INFO - Started process (PID=990) to work on /opt/airflow/dags/dag_scraping_twitter.py
[2026-06-07T16:00:36.688+0700] {processor.py:914} INFO - Processing file /opt/airflow/dags/dag_scraping_twitter.py for tasks to queue
[2026-06-07T16:00:36.692+0700] {logging_mixin.py:190} INFO - [2026-06-07T16:00:36.691+0700] {dagbag.py:587} INFO - Filling up the DagBag from /opt/airflow/dags/dag_scraping_twitter.py
[2026-06-07T16:00:36.724+0700] {processor.py:925} INFO - DAG(s) 'dag_scraping_twitter' retrieved from /opt/airflow/dags/dag_scraping_twitter.py
[2026-06-07T16:00:36.766+0700] {logging_mixin.py:190} INFO - [2026-06-07T16:00:36.766+0700] {dag.py:3211} INFO - Sync 1 DAGs
[2026-06-07T16:00:36.797+0700] {logging_mixin.py:190} INFO - [2026-06-07T16:00:36.797+0700] {dag.py:4138} INFO - Setting next_dagrun for dag_scraping_twitter to 2026-06-06 23:00:00+00:00, run_after=2026-06-07 11:00:00+00:00
[2026-06-07T16:00:36.825+0700] {processor.py:208} INFO - Processing /opt/airflow/dags/dag_scraping_twitter.py took 0.146 seconds
[2026-06-07T16:01:07.531+0700] {processor.py:186} INFO - Started process (PID=1019) to work on /opt/airflow/dags/dag_scraping_twitter.py
[2026-06-07T16:01:07.532+0700] {processor.py:914} INFO - Processing file /opt/airflow/dags/dag_scraping_twitter.py for tasks to queue
[2026-06-07T16:01:07.538+0700] {logging_mixin.py:190} INFO - [2026-06-07T16:01:07.537+0700] {dagbag.py:587} INFO - Filling up the DagBag from /opt/airflow/dags/dag_scraping_twitter.py
[2026-06-07T16:01:07.567+0700] {processor.py:925} INFO - DAG(s) 'dag_scraping_twitter' retrieved from /opt/airflow/dags/dag_scraping_twitter.py
[2026-06-07T16:01:07.615+0700] {logging_mixin.py:190} INFO - [2026-06-07T16:01:07.614+0700] {dag.py:3211} INFO - Sync 1 DAGs
[2026-06-07T16:01:07.657+0700] {logging_mixin.py:190} INFO - [2026-06-07T16:01:07.657+0700] {dag.py:4138} INFO - Setting next_dagrun for dag_scraping_twitter to 2026-06-06 23:00:00+00:00, run_after=2026-06-07 11:00:00+00:00
[2026-06-07T16:01:07.684+0700] {processor.py:208} INFO - Processing /opt/airflow/dags/dag_scraping_twitter.py took 0.163 seconds
[2026-06-07T16:01:38.223+0700] {processor.py:186} INFO - Started process (PID=1048) to work on /opt/airflow/dags/dag_scraping_twitter.py
[2026-06-07T16:01:38.225+0700] {processor.py:914} INFO - Processing file /opt/airflow/dags/dag_scraping_twitter.py for tasks to queue
[2026-06-07T16:01:38.228+0700] {logging_mixin.py:190} INFO - [2026-06-07T16:01:38.228+0700] {dagbag.py:587} INFO - Filling up the DagBag from /opt/airflow/dags/dag_scraping_twitter.py
[2026-06-07T16:01:38.256+0700] {processor.py:925} INFO - DAG(s) 'dag_scraping_twitter' retrieved from /opt/airflow/dags/dag_scraping_twitter.py
[2026-06-07T16:01:38.291+0700] {logging_mixin.py:190} INFO - [2026-06-07T16:01:38.290+0700] {dag.py:3211} INFO - Sync 1 DAGs
[2026-06-07T16:01:38.320+0700] {logging_mixin.py:190} INFO - [2026-06-07T16:01:38.320+0700] {dag.py:4138} INFO - Setting next_dagrun for dag_scraping_twitter to 2026-06-06 23:00:00+00:00, run_after=2026-06-07 11:00:00+00:00
[2026-06-07T16:01:38.348+0700] {processor.py:208} INFO - Processing /opt/airflow/dags/dag_scraping_twitter.py took 0.134 seconds
[2026-06-07T16:02:08.730+0700] {processor.py:186} INFO - Started process (PID=1076) to work on /opt/airflow/dags/dag_scraping_twitter.py
[2026-06-07T16:02:08.731+0700] {processor.py:914} INFO - Processing file /opt/airflow/dags/dag_scraping_twitter.py for tasks to queue
[2026-06-07T16:02:08.734+0700] {logging_mixin.py:190} INFO - [2026-06-07T16:02:08.734+0700] {dagbag.py:587} INFO - Filling up the DagBag from /opt/airflow/dags/dag_scraping_twitter.py
[2026-06-07T16:02:08.757+0700] {processor.py:925} INFO - DAG(s) 'dag_scraping_twitter' retrieved from /opt/airflow/dags/dag_scraping_twitter.py
[2026-06-07T16:02:08.785+0700] {logging_mixin.py:190} INFO - [2026-06-07T16:02:08.785+0700] {dag.py:3211} INFO - Sync 1 DAGs
[2026-06-07T16:02:08.812+0700] {logging_mixin.py:190} INFO - [2026-06-07T16:02:08.812+0700] {dag.py:4138} INFO - Setting next_dagrun for dag_scraping_twitter to 2026-06-06 23:00:00+00:00, run_after=2026-06-07 11:00:00+00:00
[2026-06-07T16:02:08.840+0700] {processor.py:208} INFO - Processing /opt/airflow/dags/dag_scraping_twitter.py took 0.116 seconds
[2026-06-07T16:02:39.355+0700] {processor.py:186} INFO - Started process (PID=1104) to work on /opt/airflow/dags/dag_scraping_twitter.py
[2026-06-07T16:02:39.357+0700] {processor.py:914} INFO - Processing file /opt/airflow/dags/dag_scraping_twitter.py for tasks to queue
[2026-06-07T16:02:39.362+0700] {logging_mixin.py:190} INFO - [2026-06-07T16:02:39.361+0700] {dagbag.py:587} INFO - Filling up the DagBag from /opt/airflow/dags/dag_scraping_twitter.py
[2026-06-07T16:02:39.396+0700] {processor.py:925} INFO - DAG(s) 'dag_scraping_twitter' retrieved from /opt/airflow/dags/dag_scraping_twitter.py
[2026-06-07T16:02:39.433+0700] {logging_mixin.py:190} INFO - [2026-06-07T16:02:39.432+0700] {dag.py:3211} INFO - Sync 1 DAGs
[2026-06-07T16:02:39.465+0700] {logging_mixin.py:190} INFO - [2026-06-07T16:02:39.465+0700] {dag.py:4138} INFO - Setting next_dagrun for dag_scraping_twitter to 2026-06-06 23:00:00+00:00, run_after=2026-06-07 11:00:00+00:00
[2026-06-07T16:02:39.491+0700] {processor.py:208} INFO - Processing /opt/airflow/dags/dag_scraping_twitter.py took 0.148 seconds
[2026-06-07T16:03:09.630+0700] {processor.py:186} INFO - Started process (PID=1132) to work on /opt/airflow/dags/dag_scraping_twitter.py
[2026-06-07T16:03:09.632+0700] {processor.py:914} INFO - Processing file /opt/airflow/dags/dag_scraping_twitter.py for tasks to queue
[2026-06-07T16:03:09.634+0700] {logging_mixin.py:190} INFO - [2026-06-07T16:03:09.634+0700] {dagbag.py:587} INFO - Filling up the DagBag from /opt/airflow/dags/dag_scraping_twitter.py
[2026-06-07T16:03:09.657+0700] {processor.py:925} INFO - DAG(s) 'dag_scraping_twitter' retrieved from /opt/airflow/dags/dag_scraping_twitter.py
[2026-06-07T16:03:09.688+0700] {logging_mixin.py:190} INFO - [2026-06-07T16:03:09.687+0700] {dag.py:3211} INFO - Sync 1 DAGs
[2026-06-07T16:03:09.719+0700] {logging_mixin.py:190} INFO - [2026-06-07T16:03:09.718+0700] {dag.py:4138} INFO - Setting next_dagrun for dag_scraping_twitter to 2026-06-06 23:00:00+00:00, run_after=2026-06-07 11:00:00+00:00
[2026-06-07T16:03:09.751+0700] {processor.py:208} INFO - Processing /opt/airflow/dags/dag_scraping_twitter.py took 0.127 seconds
[2026-06-07T16:03:40.133+0700] {processor.py:186} INFO - Started process (PID=1160) to work on /opt/airflow/dags/dag_scraping_twitter.py
[2026-06-07T16:03:40.134+0700] {processor.py:914} INFO - Processing file /opt/airflow/dags/dag_scraping_twitter.py for tasks to queue
[2026-06-07T16:03:40.138+0700] {logging_mixin.py:190} INFO - [2026-06-07T16:03:40.138+0700] {dagbag.py:587} INFO - Filling up the DagBag from /opt/airflow/dags/dag_scraping_twitter.py
[2026-06-07T16:03:40.164+0700] {processor.py:925} INFO - DAG(s) 'dag_scraping_twitter' retrieved from /opt/airflow/dags/dag_scraping_twitter.py
[2026-06-07T16:03:40.203+0700] {logging_mixin.py:190} INFO - [2026-06-07T16:03:40.203+0700] {dag.py:3211} INFO - Sync 1 DAGs
[2026-06-07T16:03:40.243+0700] {logging_mixin.py:190} INFO - [2026-06-07T16:03:40.242+0700] {dag.py:4138} INFO - Setting next_dagrun for dag_scraping_twitter to 2026-06-06 23:00:00+00:00, run_after=2026-06-07 11:00:00+00:00
[2026-06-07T16:03:40.270+0700] {processor.py:208} INFO - Processing /opt/airflow/dags/dag_scraping_twitter.py took 0.145 seconds
[2026-06-07T16:04:10.578+0700] {processor.py:186} INFO - Started process (PID=1189) to work on /opt/airflow/dags/dag_scraping_twitter.py
[2026-06-07T16:04:10.579+0700] {processor.py:914} INFO - Processing file /opt/airflow/dags/dag_scraping_twitter.py for tasks to queue
[2026-06-07T16:04:10.582+0700] {logging_mixin.py:190} INFO - [2026-06-07T16:04:10.582+0700] {dagbag.py:587} INFO - Filling up the DagBag from /opt/airflow/dags/dag_scraping_twitter.py
[2026-06-07T16:04:10.602+0700] {processor.py:925} INFO - DAG(s) 'dag_scraping_twitter' retrieved from /opt/airflow/dags/dag_scraping_twitter.py
[2026-06-07T16:04:10.634+0700] {logging_mixin.py:190} INFO - [2026-06-07T16:04:10.633+0700] {dag.py:3211} INFO - Sync 1 DAGs
[2026-06-07T16:04:10.659+0700] {logging_mixin.py:190} INFO - [2026-06-07T16:04:10.659+0700] {dag.py:4138} INFO - Setting next_dagrun for dag_scraping_twitter to 2026-06-06 23:00:00+00:00, run_after=2026-06-07 11:00:00+00:00
[2026-06-07T16:04:10.690+0700] {processor.py:208} INFO - Processing /opt/airflow/dags/dag_scraping_twitter.py took 0.118 seconds
[2026-06-07T16:04:41.214+0700] {processor.py:186} INFO - Started process (PID=1217) to work on /opt/airflow/dags/dag_scraping_twitter.py
[2026-06-07T16:04:41.216+0700] {processor.py:914} INFO - Processing file /opt/airflow/dags/dag_scraping_twitter.py for tasks to queue
[2026-06-07T16:04:41.219+0700] {logging_mixin.py:190} INFO - [2026-06-07T16:04:41.218+0700] {dagbag.py:587} INFO - Filling up the DagBag from /opt/airflow/dags/dag_scraping_twitter.py
[2026-06-07T16:04:41.248+0700] {processor.py:925} INFO - DAG(s) 'dag_scraping_twitter' retrieved from /opt/airflow/dags/dag_scraping_twitter.py
[2026-06-07T16:04:41.278+0700] {logging_mixin.py:190} INFO - [2026-06-07T16:04:41.277+0700] {dag.py:3211} INFO - Sync 1 DAGs
[2026-06-07T16:04:41.303+0700] {logging_mixin.py:190} INFO - [2026-06-07T16:04:41.303+0700] {dag.py:4138} INFO - Setting next_dagrun for dag_scraping_twitter to 2026-06-06 23:00:00+00:00, run_after=2026-06-07 11:00:00+00:00
[2026-06-07T16:04:41.324+0700] {processor.py:208} INFO - Processing /opt/airflow/dags/dag_scraping_twitter.py took 0.118 seconds
[2026-06-07T16:05:11.704+0700] {processor.py:186} INFO - Started process (PID=1251) to work on /opt/airflow/dags/dag_scraping_twitter.py
[2026-06-07T16:05:11.705+0700] {processor.py:914} INFO - Processing file /opt/airflow/dags/dag_scraping_twitter.py for tasks to queue
[2026-06-07T16:05:11.707+0700] {logging_mixin.py:190} INFO - [2026-06-07T16:05:11.707+0700] {dagbag.py:587} INFO - Filling up the DagBag from /opt/airflow/dags/dag_scraping_twitter.py
[2026-06-07T16:05:11.731+0700] {processor.py:925} INFO - DAG(s) 'dag_scraping_twitter' retrieved from /opt/airflow/dags/dag_scraping_twitter.py
[2026-06-07T16:05:11.763+0700] {logging_mixin.py:190} INFO - [2026-06-07T16:05:11.762+0700] {dag.py:3211} INFO - Sync 1 DAGs
[2026-06-07T16:05:11.794+0700] {logging_mixin.py:190} INFO - [2026-06-07T16:05:11.792+0700] {dag.py:4138} INFO - Setting next_dagrun for dag_scraping_twitter to 2026-06-06 23:00:00+00:00, run_after=2026-06-07 11:00:00+00:00
[2026-06-07T16:05:11.824+0700] {processor.py:208} INFO - Processing /opt/airflow/dags/dag_scraping_twitter.py took 0.127 seconds
[2026-06-07T16:05:42.259+0700] {processor.py:186} INFO - Started process (PID=1279) to work on /opt/airflow/dags/dag_scraping_twitter.py
[2026-06-07T16:05:42.260+0700] {processor.py:914} INFO - Processing file /opt/airflow/dags/dag_scraping_twitter.py for tasks to queue
[2026-06-07T16:05:42.263+0700] {logging_mixin.py:190} INFO - [2026-06-07T16:05:42.263+0700] {dagbag.py:587} INFO - Filling up the DagBag from /opt/airflow/dags/dag_scraping_twitter.py
[2026-06-07T16:05:42.287+0700] {processor.py:925} INFO - DAG(s) 'dag_scraping_twitter' retrieved from /opt/airflow/dags/dag_scraping_twitter.py
[2026-06-07T16:05:42.317+0700] {logging_mixin.py:190} INFO - [2026-06-07T16:05:42.317+0700] {dag.py:3211} INFO - Sync 1 DAGs
[2026-06-07T16:05:42.341+0700] {logging_mixin.py:190} INFO - [2026-06-07T16:05:42.341+0700] {dag.py:4138} INFO - Setting next_dagrun for dag_scraping_twitter to 2026-06-06 23:00:00+00:00, run_after=2026-06-07 11:00:00+00:00
[2026-06-07T16:05:42.364+0700] {processor.py:208} INFO - Processing /opt/airflow/dags/dag_scraping_twitter.py took 0.113 seconds
[2026-06-07T16:06:12.988+0700] {processor.py:186} INFO - Started process (PID=1307) to work on /opt/airflow/dags/dag_scraping_twitter.py
[2026-06-07T16:06:12.990+0700] {processor.py:914} INFO - Processing file /opt/airflow/dags/dag_scraping_twitter.py for tasks to queue
[2026-06-07T16:06:12.994+0700] {logging_mixin.py:190} INFO - [2026-06-07T16:06:12.994+0700] {dagbag.py:587} INFO - Filling up the DagBag from /opt/airflow/dags/dag_scraping_twitter.py
[2026-06-07T16:06:13.018+0700] {processor.py:925} INFO - DAG(s) 'dag_scraping_twitter' retrieved from /opt/airflow/dags/dag_scraping_twitter.py
[2026-06-07T16:06:13.050+0700] {logging_mixin.py:190} INFO - [2026-06-07T16:06:13.050+0700] {dag.py:3211} INFO - Sync 1 DAGs
[2026-06-07T16:06:13.081+0700] {logging_mixin.py:190} INFO - [2026-06-07T16:06:13.081+0700] {dag.py:4138} INFO - Setting next_dagrun for dag_scraping_twitter to 2026-06-06 23:00:00+00:00, run_after=2026-06-07 11:00:00+00:00
[2026-06-07T16:06:13.111+0700] {processor.py:208} INFO - Processing /opt/airflow/dags/dag_scraping_twitter.py took 0.132 seconds
[2026-06-07T16:06:43.575+0700] {processor.py:186} INFO - Started process (PID=1335) to work on /opt/airflow/dags/dag_scraping_twitter.py
[2026-06-07T16:06:43.576+0700] {processor.py:914} INFO - Processing file /opt/airflow/dags/dag_scraping_twitter.py for tasks to queue
[2026-06-07T16:06:43.579+0700] {logging_mixin.py:190} INFO - [2026-06-07T16:06:43.579+0700] {dagbag.py:587} INFO - Filling up the DagBag from /opt/airflow/dags/dag_scraping_twitter.py
[2026-06-07T16:06:43.608+0700] {processor.py:925} INFO - DAG(s) 'dag_scraping_twitter' retrieved from /opt/airflow/dags/dag_scraping_twitter.py
[2026-06-07T16:06:43.653+0700] {logging_mixin.py:190} INFO - [2026-06-07T16:06:43.652+0700] {dag.py:3211} INFO - Sync 1 DAGs
[2026-06-07T16:06:43.687+0700] {logging_mixin.py:190} INFO - [2026-06-07T16:06:43.686+0700] {dag.py:4138} INFO - Setting next_dagrun for dag_scraping_twitter to 2026-06-06 23:00:00+00:00, run_after=2026-06-07 11:00:00+00:00
[2026-06-07T16:06:43.714+0700] {processor.py:208} INFO - Processing /opt/airflow/dags/dag_scraping_twitter.py took 0.148 seconds
[2026-06-07T16:07:14.184+0700] {processor.py:186} INFO - Started process (PID=1363) to work on /opt/airflow/dags/dag_scraping_twitter.py
[2026-06-07T16:07:14.186+0700] {processor.py:914} INFO - Processing file /opt/airflow/dags/dag_scraping_twitter.py for tasks to queue
[2026-06-07T16:07:14.189+0700] {logging_mixin.py:190} INFO - [2026-06-07T16:07:14.189+0700] {dagbag.py:587} INFO - Filling up the DagBag from /opt/airflow/dags/dag_scraping_twitter.py
[2026-06-07T16:07:14.214+0700] {processor.py:925} INFO - DAG(s) 'dag_scraping_twitter' retrieved from /opt/airflow/dags/dag_scraping_twitter.py
[2026-06-07T16:07:14.246+0700] {logging_mixin.py:190} INFO - [2026-06-07T16:07:14.245+0700] {dag.py:3211} INFO - Sync 1 DAGs
[2026-06-07T16:07:14.273+0700] {logging_mixin.py:190} INFO - [2026-06-07T16:07:14.273+0700] {dag.py:4138} INFO - Setting next_dagrun for dag_scraping_twitter to 2026-06-06 23:00:00+00:00, run_after=2026-06-07 11:00:00+00:00
[2026-06-07T16:07:14.296+0700] {processor.py:208} INFO - Processing /opt/airflow/dags/dag_scraping_twitter.py took 0.118 seconds
[2026-06-07T16:07:44.875+0700] {processor.py:186} INFO - Started process (PID=1391) to work on /opt/airflow/dags/dag_scraping_twitter.py
[2026-06-07T16:07:44.877+0700] {processor.py:914} INFO - Processing file /opt/airflow/dags/dag_scraping_twitter.py for tasks to queue
[2026-06-07T16:07:44.882+0700] {logging_mixin.py:190} INFO - [2026-06-07T16:07:44.881+0700] {dagbag.py:587} INFO - Filling up the DagBag from /opt/airflow/dags/dag_scraping_twitter.py
[2026-06-07T16:07:44.908+0700] {processor.py:925} INFO - DAG(s) 'dag_scraping_twitter' retrieved from /opt/airflow/dags/dag_scraping_twitter.py
[2026-06-07T16:07:44.940+0700] {logging_mixin.py:190} INFO - [2026-06-07T16:07:44.940+0700] {dag.py:3211} INFO - Sync 1 DAGs
[2026-06-07T16:07:44.971+0700] {logging_mixin.py:190} INFO - [2026-06-07T16:07:44.971+0700] {dag.py:4138} INFO - Setting next_dagrun for dag_scraping_twitter to 2026-06-06 23:00:00+00:00, run_after=2026-06-07 11:00:00+00:00
[2026-06-07T16:07:44.992+0700] {processor.py:208} INFO - Processing /opt/airflow/dags/dag_scraping_twitter.py took 0.130 seconds
[2026-06-07T16:08:15.533+0700] {processor.py:186} INFO - Started process (PID=1419) to work on /opt/airflow/dags/dag_scraping_twitter.py
[2026-06-07T16:08:15.535+0700] {processor.py:914} INFO - Processing file /opt/airflow/dags/dag_scraping_twitter.py for tasks to queue
[2026-06-07T16:08:15.540+0700] {logging_mixin.py:190} INFO - [2026-06-07T16:08:15.538+0700] {dagbag.py:587} INFO - Filling up the DagBag from /opt/airflow/dags/dag_scraping_twitter.py
[2026-06-07T16:08:15.580+0700] {processor.py:925} INFO - DAG(s) 'dag_scraping_twitter' retrieved from /opt/airflow/dags/dag_scraping_twitter.py
[2026-06-07T16:08:15.626+0700] {logging_mixin.py:190} INFO - [2026-06-07T16:08:15.625+0700] {dag.py:3211} INFO - Sync 1 DAGs
[2026-06-07T16:08:15.664+0700] {logging_mixin.py:190} INFO - [2026-06-07T16:08:15.664+0700] {dag.py:4138} INFO - Setting next_dagrun for dag_scraping_twitter to 2026-06-06 23:00:00+00:00, run_after=2026-06-07 11:00:00+00:00
[2026-06-07T16:08:15.697+0700] {processor.py:208} INFO - Processing /opt/airflow/dags/dag_scraping_twitter.py took 0.178 seconds
[2026-06-07T16:08:45.943+0700] {processor.py:186} INFO - Started process (PID=1447) to work on /opt/airflow/dags/dag_scraping_twitter.py
[2026-06-07T16:08:45.944+0700] {processor.py:914} INFO - Processing file /opt/airflow/dags/dag_scraping_twitter.py for tasks to queue
[2026-06-07T16:08:45.948+0700] {logging_mixin.py:190} INFO - [2026-06-07T16:08:45.947+0700] {dagbag.py:587} INFO - Filling up the DagBag from /opt/airflow/dags/dag_scraping_twitter.py
[2026-06-07T16:08:45.968+0700] {processor.py:925} INFO - DAG(s) 'dag_scraping_twitter' retrieved from /opt/airflow/dags/dag_scraping_twitter.py
[2026-06-07T16:08:45.999+0700] {logging_mixin.py:190} INFO - [2026-06-07T16:08:45.999+0700] {dag.py:3211} INFO - Sync 1 DAGs
[2026-06-07T16:08:46.024+0700] {logging_mixin.py:190} INFO - [2026-06-07T16:08:46.024+0700] {dag.py:4138} INFO - Setting next_dagrun for dag_scraping_twitter to 2026-06-06 23:00:00+00:00, run_after=2026-06-07 11:00:00+00:00
[2026-06-07T16:08:46.048+0700] {processor.py:208} INFO - Processing /opt/airflow/dags/dag_scraping_twitter.py took 0.111 seconds
[2026-06-07T16:09:16.777+0700] {processor.py:186} INFO - Started process (PID=1481) to work on /opt/airflow/dags/dag_scraping_twitter.py
[2026-06-07T16:09:16.779+0700] {processor.py:914} INFO - Processing file /opt/airflow/dags/dag_scraping_twitter.py for tasks to queue
[2026-06-07T16:09:16.785+0700] {logging_mixin.py:190} INFO - [2026-06-07T16:09:16.784+0700] {dagbag.py:587} INFO - Filling up the DagBag from /opt/airflow/dags/dag_scraping_twitter.py
[2026-06-07T16:09:16.818+0700] {processor.py:925} INFO - DAG(s) 'dag_scraping_twitter' retrieved from /opt/airflow/dags/dag_scraping_twitter.py
[2026-06-07T16:09:16.874+0700] {logging_mixin.py:190} INFO - [2026-06-07T16:09:16.873+0700] {dag.py:3211} INFO - Sync 1 DAGs
[2026-06-07T16:09:16.912+0700] {logging_mixin.py:190} INFO - [2026-06-07T16:09:16.912+0700] {dag.py:4138} INFO - Setting next_dagrun for dag_scraping_twitter to 2026-06-06 23:00:00+00:00, run_after=2026-06-07 11:00:00+00:00
[2026-06-07T16:09:16.947+0700] {processor.py:208} INFO - Processing /opt/airflow/dags/dag_scraping_twitter.py took 0.181 seconds
[2026-06-07T16:09:47.338+0700] {processor.py:186} INFO - Started process (PID=1509) to work on /opt/airflow/dags/dag_scraping_twitter.py
[2026-06-07T16:09:47.339+0700] {processor.py:914} INFO - Processing file /opt/airflow/dags/dag_scraping_twitter.py for tasks to queue
[2026-06-07T16:09:47.342+0700] {logging_mixin.py:190} INFO - [2026-06-07T16:09:47.342+0700] {dagbag.py:587} INFO - Filling up the DagBag from /opt/airflow/dags/dag_scraping_twitter.py
[2026-06-07T16:09:47.369+0700] {processor.py:925} INFO - DAG(s) 'dag_scraping_twitter' retrieved from /opt/airflow/dags/dag_scraping_twitter.py
[2026-06-07T16:09:47.407+0700] {logging_mixin.py:190} INFO - [2026-06-07T16:09:47.407+0700] {dag.py:3211} INFO - Sync 1 DAGs
[2026-06-07T16:09:47.441+0700] {logging_mixin.py:190} INFO - [2026-06-07T16:09:47.441+0700] {dag.py:4138} INFO - Setting next_dagrun for dag_scraping_twitter to 2026-06-06 23:00:00+00:00, run_after=2026-06-07 11:00:00+00:00
[2026-06-07T16:09:47.467+0700] {processor.py:208} INFO - Processing /opt/airflow/dags/dag_scraping_twitter.py took 0.135 seconds
[2026-06-07T16:10:17.851+0700] {processor.py:186} INFO - Started process (PID=1537) to work on /opt/airflow/dags/dag_scraping_twitter.py
[2026-06-07T16:10:17.853+0700] {processor.py:914} INFO - Processing file /opt/airflow/dags/dag_scraping_twitter.py for tasks to queue
[2026-06-07T16:10:17.857+0700] {logging_mixin.py:190} INFO - [2026-06-07T16:10:17.857+0700] {dagbag.py:587} INFO - Filling up the DagBag from /opt/airflow/dags/dag_scraping_twitter.py
[2026-06-07T16:10:17.890+0700] {processor.py:925} INFO - DAG(s) 'dag_scraping_twitter' retrieved from /opt/airflow/dags/dag_scraping_twitter.py
[2026-06-07T16:10:17.933+0700] {logging_mixin.py:190} INFO - [2026-06-07T16:10:17.932+0700] {dag.py:3211} INFO - Sync 1 DAGs
[2026-06-07T16:10:17.979+0700] {logging_mixin.py:190} INFO - [2026-06-07T16:10:17.979+0700] {dag.py:4138} INFO - Setting next_dagrun for dag_scraping_twitter to 2026-06-06 23:00:00+00:00, run_after=2026-06-07 11:00:00+00:00
[2026-06-07T16:10:18.008+0700] {processor.py:208} INFO - Processing /opt/airflow/dags/dag_scraping_twitter.py took 0.165 seconds
[2026-06-07T16:10:48.733+0700] {processor.py:186} INFO - Started process (PID=1565) to work on /opt/airflow/dags/dag_scraping_twitter.py
[2026-06-07T16:10:48.734+0700] {processor.py:914} INFO - Processing file /opt/airflow/dags/dag_scraping_twitter.py for tasks to queue
[2026-06-07T16:10:48.736+0700] {logging_mixin.py:190} INFO - [2026-06-07T16:10:48.736+0700] {dagbag.py:587} INFO - Filling up the DagBag from /opt/airflow/dags/dag_scraping_twitter.py
[2026-06-07T16:10:48.758+0700] {processor.py:925} INFO - DAG(s) 'dag_scraping_twitter' retrieved from /opt/airflow/dags/dag_scraping_twitter.py
[2026-06-07T16:10:48.789+0700] {logging_mixin.py:190} INFO - [2026-06-07T16:10:48.789+0700] {dag.py:3211} INFO - Sync 1 DAGs
[2026-06-07T16:10:48.816+0700] {logging_mixin.py:190} INFO - [2026-06-07T16:10:48.815+0700] {dag.py:4138} INFO - Setting next_dagrun for dag_scraping_twitter to 2026-06-06 23:00:00+00:00, run_after=2026-06-07 11:00:00+00:00
[2026-06-07T16:10:48.845+0700] {processor.py:208} INFO - Processing /opt/airflow/dags/dag_scraping_twitter.py took 0.119 seconds
[2026-06-07T16:11:18.970+0700] {processor.py:186} INFO - Started process (PID=1593) to work on /opt/airflow/dags/dag_scraping_twitter.py
[2026-06-07T16:11:18.972+0700] {processor.py:914} INFO - Processing file /opt/airflow/dags/dag_scraping_twitter.py for tasks to queue
[2026-06-07T16:11:18.976+0700] {logging_mixin.py:190} INFO - [2026-06-07T16:11:18.975+0700] {dagbag.py:587} INFO - Filling up the DagBag from /opt/airflow/dags/dag_scraping_twitter.py
[2026-06-07T16:11:19.001+0700] {processor.py:925} INFO - DAG(s) 'dag_scraping_twitter' retrieved from /opt/airflow/dags/dag_scraping_twitter.py
[2026-06-07T16:11:19.038+0700] {logging_mixin.py:190} INFO - [2026-06-07T16:11:19.037+0700] {dag.py:3211} INFO - Sync 1 DAGs
[2026-06-07T16:11:19.072+0700] {logging_mixin.py:190} INFO - [2026-06-07T16:11:19.071+0700] {dag.py:4138} INFO - Setting next_dagrun for dag_scraping_twitter to 2026-06-06 23:00:00+00:00, run_after=2026-06-07 11:00:00+00:00
[2026-06-07T16:11:19.101+0700] {processor.py:208} INFO - Processing /opt/airflow/dags/dag_scraping_twitter.py took 0.141 seconds
[2026-06-07T16:11:49.568+0700] {processor.py:186} INFO - Started process (PID=1621) to work on /opt/airflow/dags/dag_scraping_twitter.py
[2026-06-07T16:11:49.570+0700] {processor.py:914} INFO - Processing file /opt/airflow/dags/dag_scraping_twitter.py for tasks to queue
[2026-06-07T16:11:49.575+0700] {logging_mixin.py:190} INFO - [2026-06-07T16:11:49.574+0700] {dagbag.py:587} INFO - Filling up the DagBag from /opt/airflow/dags/dag_scraping_twitter.py
[2026-06-07T16:11:49.609+0700] {processor.py:925} INFO - DAG(s) 'dag_scraping_twitter' retrieved from /opt/airflow/dags/dag_scraping_twitter.py
[2026-06-07T16:11:49.645+0700] {logging_mixin.py:190} INFO - [2026-06-07T16:11:49.645+0700] {dag.py:3211} INFO - Sync 1 DAGs
[2026-06-07T16:11:49.679+0700] {logging_mixin.py:190} INFO - [2026-06-07T16:11:49.679+0700] {dag.py:4138} INFO - Setting next_dagrun for dag_scraping_twitter to 2026-06-06 23:00:00+00:00, run_after=2026-06-07 11:00:00+00:00
[2026-06-07T16:11:49.704+0700] {processor.py:208} INFO - Processing /opt/airflow/dags/dag_scraping_twitter.py took 0.147 seconds
[2026-06-07T16:12:20.021+0700] {processor.py:186} INFO - Started process (PID=1649) to work on /opt/airflow/dags/dag_scraping_twitter.py
[2026-06-07T16:12:20.022+0700] {processor.py:914} INFO - Processing file /opt/airflow/dags/dag_scraping_twitter.py for tasks to queue
[2026-06-07T16:12:20.027+0700] {logging_mixin.py:190} INFO - [2026-06-07T16:12:20.027+0700] {dagbag.py:587} INFO - Filling up the DagBag from /opt/airflow/dags/dag_scraping_twitter.py
[2026-06-07T16:12:20.052+0700] {processor.py:925} INFO - DAG(s) 'dag_scraping_twitter' retrieved from /opt/airflow/dags/dag_scraping_twitter.py
[2026-06-07T16:12:20.082+0700] {logging_mixin.py:190} INFO - [2026-06-07T16:12:20.082+0700] {dag.py:3211} INFO - Sync 1 DAGs
[2026-06-07T16:12:20.109+0700] {logging_mixin.py:190} INFO - [2026-06-07T16:12:20.109+0700] {dag.py:4138} INFO - Setting next_dagrun for dag_scraping_twitter to 2026-06-06 23:00:00+00:00, run_after=2026-06-07 11:00:00+00:00
[2026-06-07T16:12:20.130+0700] {processor.py:208} INFO - Processing /opt/airflow/dags/dag_scraping_twitter.py took 0.119 seconds
[2026-06-07T16:12:50.642+0700] {processor.py:186} INFO - Started process (PID=1677) to work on /opt/airflow/dags/dag_scraping_twitter.py
[2026-06-07T16:12:50.644+0700] {processor.py:914} INFO - Processing file /opt/airflow/dags/dag_scraping_twitter.py for tasks to queue
[2026-06-07T16:12:50.647+0700] {logging_mixin.py:190} INFO - [2026-06-07T16:12:50.646+0700] {dagbag.py:587} INFO - Filling up the DagBag from /opt/airflow/dags/dag_scraping_twitter.py
[2026-06-07T16:12:50.671+0700] {processor.py:925} INFO - DAG(s) 'dag_scraping_twitter' retrieved from /opt/airflow/dags/dag_scraping_twitter.py
[2026-06-07T16:12:50.704+0700] {logging_mixin.py:190} INFO - [2026-06-07T16:12:50.703+0700] {dag.py:3211} INFO - Sync 1 DAGs
[2026-06-07T16:12:50.731+0700] {logging_mixin.py:190} INFO - [2026-06-07T16:12:50.731+0700] {dag.py:4138} INFO - Setting next_dagrun for dag_scraping_twitter to 2026-06-06 23:00:00+00:00, run_after=2026-06-07 11:00:00+00:00
[2026-06-07T16:12:50.752+0700] {processor.py:208} INFO - Processing /opt/airflow/dags/dag_scraping_twitter.py took 0.120 seconds
[2026-06-07T16:13:21.254+0700] {processor.py:186} INFO - Started process (PID=1711) to work on /opt/airflow/dags/dag_scraping_twitter.py
[2026-06-07T16:13:21.256+0700] {processor.py:914} INFO - Processing file /opt/airflow/dags/dag_scraping_twitter.py for tasks to queue
[2026-06-07T16:13:21.260+0700] {logging_mixin.py:190} INFO - [2026-06-07T16:13:21.259+0700] {dagbag.py:587} INFO - Filling up the DagBag from /opt/airflow/dags/dag_scraping_twitter.py
[2026-06-07T16:13:21.282+0700] {processor.py:925} INFO - DAG(s) 'dag_scraping_twitter' retrieved from /opt/airflow/dags/dag_scraping_twitter.py
[2026-06-07T16:13:21.317+0700] {logging_mixin.py:190} INFO - [2026-06-07T16:13:21.317+0700] {dag.py:3211} INFO - Sync 1 DAGs
[2026-06-07T16:13:21.345+0700] {logging_mixin.py:190} INFO - [2026-06-07T16:13:21.345+0700] {dag.py:4138} INFO - Setting next_dagrun for dag_scraping_twitter to 2026-06-06 23:00:00+00:00, run_after=2026-06-07 11:00:00+00:00
[2026-06-07T16:13:21.366+0700] {processor.py:208} INFO - Processing /opt/airflow/dags/dag_scraping_twitter.py took 0.120 seconds
[2026-06-07T16:13:51.823+0700] {processor.py:186} INFO - Started process (PID=1739) to work on /opt/airflow/dags/dag_scraping_twitter.py
[2026-06-07T16:13:51.825+0700] {processor.py:914} INFO - Processing file /opt/airflow/dags/dag_scraping_twitter.py for tasks to queue
[2026-06-07T16:13:51.829+0700] {logging_mixin.py:190} INFO - [2026-06-07T16:13:51.828+0700] {dagbag.py:587} INFO - Filling up the DagBag from /opt/airflow/dags/dag_scraping_twitter.py
[2026-06-07T16:13:51.852+0700] {processor.py:925} INFO - DAG(s) 'dag_scraping_twitter' retrieved from /opt/airflow/dags/dag_scraping_twitter.py
[2026-06-07T16:13:51.883+0700] {logging_mixin.py:190} INFO - [2026-06-07T16:13:51.882+0700] {dag.py:3211} INFO - Sync 1 DAGs
[2026-06-07T16:13:51.912+0700] {logging_mixin.py:190} INFO - [2026-06-07T16:13:51.911+0700] {dag.py:4138} INFO - Setting next_dagrun for dag_scraping_twitter to 2026-06-06 23:00:00+00:00, run_after=2026-06-07 11:00:00+00:00
[2026-06-07T16:13:51.934+0700] {processor.py:208} INFO - Processing /opt/airflow/dags/dag_scraping_twitter.py took 0.117 seconds
[2026-06-07T16:14:22.272+0700] {processor.py:186} INFO - Started process (PID=1768) to work on /opt/airflow/dags/dag_scraping_twitter.py
[2026-06-07T16:14:22.273+0700] {processor.py:914} INFO - Processing file /opt/airflow/dags/dag_scraping_twitter.py for tasks to queue
[2026-06-07T16:14:22.278+0700] {logging_mixin.py:190} INFO - [2026-06-07T16:14:22.277+0700] {dagbag.py:587} INFO - Filling up the DagBag from /opt/airflow/dags/dag_scraping_twitter.py
[2026-06-07T16:14:22.308+0700] {processor.py:925} INFO - DAG(s) 'dag_scraping_twitter' retrieved from /opt/airflow/dags/dag_scraping_twitter.py
[2026-06-07T16:14:22.357+0700] {logging_mixin.py:190} INFO - [2026-06-07T16:14:22.356+0700] {dag.py:3211} INFO - Sync 1 DAGs
[2026-06-07T16:14:22.392+0700] {logging_mixin.py:190} INFO - [2026-06-07T16:14:22.392+0700] {dag.py:4138} INFO - Setting next_dagrun for dag_scraping_twitter to 2026-06-06 23:00:00+00:00, run_after=2026-06-07 11:00:00+00:00
[2026-06-07T16:14:22.419+0700] {processor.py:208} INFO - Processing /opt/airflow/dags/dag_scraping_twitter.py took 0.155 seconds
[2026-06-07T16:14:52.747+0700] {processor.py:186} INFO - Started process (PID=1796) to work on /opt/airflow/dags/dag_scraping_twitter.py
[2026-06-07T16:14:52.749+0700] {processor.py:914} INFO - Processing file /opt/airflow/dags/dag_scraping_twitter.py for tasks to queue
[2026-06-07T16:14:52.751+0700] {logging_mixin.py:190} INFO - [2026-06-07T16:14:52.751+0700] {dagbag.py:587} INFO - Filling up the DagBag from /opt/airflow/dags/dag_scraping_twitter.py
[2026-06-07T16:14:52.773+0700] {processor.py:925} INFO - DAG(s) 'dag_scraping_twitter' retrieved from /opt/airflow/dags/dag_scraping_twitter.py
[2026-06-07T16:14:52.804+0700] {logging_mixin.py:190} INFO - [2026-06-07T16:14:52.803+0700] {dag.py:3211} INFO - Sync 1 DAGs
[2026-06-07T16:14:52.830+0700] {logging_mixin.py:190} INFO - [2026-06-07T16:14:52.829+0700] {dag.py:4138} INFO - Setting next_dagrun for dag_scraping_twitter to 2026-06-06 23:00:00+00:00, run_after=2026-06-07 11:00:00+00:00
[2026-06-07T16:14:52.850+0700] {processor.py:208} INFO - Processing /opt/airflow/dags/dag_scraping_twitter.py took 0.110 seconds
[2026-06-07T16:15:23.229+0700] {processor.py:186} INFO - Started process (PID=1824) to work on /opt/airflow/dags/dag_scraping_twitter.py
[2026-06-07T16:15:23.230+0700] {processor.py:914} INFO - Processing file /opt/airflow/dags/dag_scraping_twitter.py for tasks to queue
[2026-06-07T16:15:23.234+0700] {logging_mixin.py:190} INFO - [2026-06-07T16:15:23.233+0700] {dagbag.py:587} INFO - Filling up the DagBag from /opt/airflow/dags/dag_scraping_twitter.py
[2026-06-07T16:15:23.255+0700] {processor.py:925} INFO - DAG(s) 'dag_scraping_twitter' retrieved from /opt/airflow/dags/dag_scraping_twitter.py
[2026-06-07T16:15:23.289+0700] {logging_mixin.py:190} INFO - [2026-06-07T16:15:23.289+0700] {dag.py:3211} INFO - Sync 1 DAGs
[2026-06-07T16:15:23.317+0700] {logging_mixin.py:190} INFO - [2026-06-07T16:15:23.317+0700] {dag.py:4138} INFO - Setting next_dagrun for dag_scraping_twitter to 2026-06-06 23:00:00+00:00, run_after=2026-06-07 11:00:00+00:00
[2026-06-07T16:15:23.361+0700] {processor.py:208} INFO - Processing /opt/airflow/dags/dag_scraping_twitter.py took 0.140 seconds
[2026-06-07T16:15:53.986+0700] {processor.py:186} INFO - Started process (PID=1852) to work on /opt/airflow/dags/dag_scraping_twitter.py
[2026-06-07T16:15:53.988+0700] {processor.py:914} INFO - Processing file /opt/airflow/dags/dag_scraping_twitter.py for tasks to queue
[2026-06-07T16:15:53.991+0700] {logging_mixin.py:190} INFO - [2026-06-07T16:15:53.991+0700] {dagbag.py:587} INFO - Filling up the DagBag from /opt/airflow/dags/dag_scraping_twitter.py
[2026-06-07T16:15:54.015+0700] {processor.py:925} INFO - DAG(s) 'dag_scraping_twitter' retrieved from /opt/airflow/dags/dag_scraping_twitter.py
[2026-06-07T16:15:54.045+0700] {logging_mixin.py:190} INFO - [2026-06-07T16:15:54.045+0700] {dag.py:3211} INFO - Sync 1 DAGs
[2026-06-07T16:15:54.075+0700] {logging_mixin.py:190} INFO - [2026-06-07T16:15:54.074+0700] {dag.py:4138} INFO - Setting next_dagrun for dag_scraping_twitter to 2026-06-06 23:00:00+00:00, run_after=2026-06-07 11:00:00+00:00
[2026-06-07T16:15:54.099+0700] {processor.py:208} INFO - Processing /opt/airflow/dags/dag_scraping_twitter.py took 0.119 seconds
[2026-06-07T16:16:24.357+0700] {processor.py:186} INFO - Started process (PID=1880) to work on /opt/airflow/dags/dag_scraping_twitter.py
[2026-06-07T16:16:24.358+0700] {processor.py:914} INFO - Processing file /opt/airflow/dags/dag_scraping_twitter.py for tasks to queue
[2026-06-07T16:16:24.362+0700] {logging_mixin.py:190} INFO - [2026-06-07T16:16:24.362+0700] {dagbag.py:587} INFO - Filling up the DagBag from /opt/airflow/dags/dag_scraping_twitter.py
[2026-06-07T16:16:24.383+0700] {processor.py:925} INFO - DAG(s) 'dag_scraping_twitter' retrieved from /opt/airflow/dags/dag_scraping_twitter.py
[2026-06-07T16:16:24.413+0700] {logging_mixin.py:190} INFO - [2026-06-07T16:16:24.413+0700] {dag.py:3211} INFO - Sync 1 DAGs
[2026-06-07T16:16:24.445+0700] {logging_mixin.py:190} INFO - [2026-06-07T16:16:24.444+0700] {dag.py:4138} INFO - Setting next_dagrun for dag_scraping_twitter to 2026-06-06 23:00:00+00:00, run_after=2026-06-07 11:00:00+00:00
[2026-06-07T16:16:24.466+0700] {processor.py:208} INFO - Processing /opt/airflow/dags/dag_scraping_twitter.py took 0.114 seconds
[2026-06-07T16:16:54.916+0700] {processor.py:186} INFO - Started process (PID=1914) to work on /opt/airflow/dags/dag_scraping_twitter.py
[2026-06-07T16:16:54.917+0700] {processor.py:914} INFO - Processing file /opt/airflow/dags/dag_scraping_twitter.py for tasks to queue
[2026-06-07T16:16:54.920+0700] {logging_mixin.py:190} INFO - [2026-06-07T16:16:54.920+0700] {dagbag.py:587} INFO - Filling up the DagBag from /opt/airflow/dags/dag_scraping_twitter.py
[2026-06-07T16:16:54.942+0700] {processor.py:925} INFO - DAG(s) 'dag_scraping_twitter' retrieved from /opt/airflow/dags/dag_scraping_twitter.py
[2026-06-07T16:16:54.968+0700] {logging_mixin.py:190} INFO - [2026-06-07T16:16:54.968+0700] {dag.py:3211} INFO - Sync 1 DAGs
[2026-06-07T16:16:54.993+0700] {logging_mixin.py:190} INFO - [2026-06-07T16:16:54.993+0700] {dag.py:4138} INFO - Setting next_dagrun for dag_scraping_twitter to 2026-06-06 23:00:00+00:00, run_after=2026-06-07 11:00:00+00:00
[2026-06-07T16:16:55.018+0700] {processor.py:208} INFO - Processing /opt/airflow/dags/dag_scraping_twitter.py took 0.112 seconds
[2026-06-07T16:17:25.265+0700] {processor.py:186} INFO - Started process (PID=1942) to work on /opt/airflow/dags/dag_scraping_twitter.py
[2026-06-07T16:17:25.267+0700] {processor.py:914} INFO - Processing file /opt/airflow/dags/dag_scraping_twitter.py for tasks to queue
[2026-06-07T16:17:25.269+0700] {logging_mixin.py:190} INFO - [2026-06-07T16:17:25.269+0700] {dagbag.py:587} INFO - Filling up the DagBag from /opt/airflow/dags/dag_scraping_twitter.py
[2026-06-07T16:17:25.294+0700] {processor.py:925} INFO - DAG(s) 'dag_scraping_twitter' retrieved from /opt/airflow/dags/dag_scraping_twitter.py
[2026-06-07T16:17:25.322+0700] {logging_mixin.py:190} INFO - [2026-06-07T16:17:25.321+0700] {dag.py:3211} INFO - Sync 1 DAGs
[2026-06-07T16:17:25.346+0700] {logging_mixin.py:190} INFO - [2026-06-07T16:17:25.346+0700] {dag.py:4138} INFO - Setting next_dagrun for dag_scraping_twitter to 2026-06-06 23:00:00+00:00, run_after=2026-06-07 11:00:00+00:00
[2026-06-07T16:17:25.369+0700] {processor.py:208} INFO - Processing /opt/airflow/dags/dag_scraping_twitter.py took 0.110 seconds
[2026-06-07T16:17:55.734+0700] {processor.py:186} INFO - Started process (PID=1970) to work on /opt/airflow/dags/dag_scraping_twitter.py
[2026-06-07T16:17:55.736+0700] {processor.py:914} INFO - Processing file /opt/airflow/dags/dag_scraping_twitter.py for tasks to queue
[2026-06-07T16:17:55.738+0700] {logging_mixin.py:190} INFO - [2026-06-07T16:17:55.738+0700] {dagbag.py:587} INFO - Filling up the DagBag from /opt/airflow/dags/dag_scraping_twitter.py
[2026-06-07T16:17:55.759+0700] {processor.py:925} INFO - DAG(s) 'dag_scraping_twitter' retrieved from /opt/airflow/dags/dag_scraping_twitter.py
[2026-06-07T16:17:55.787+0700] {logging_mixin.py:190} INFO - [2026-06-07T16:17:55.787+0700] {dag.py:3211} INFO - Sync 1 DAGs
[2026-06-07T16:17:55.811+0700] {logging_mixin.py:190} INFO - [2026-06-07T16:17:55.811+0700] {dag.py:4138} INFO - Setting next_dagrun for dag_scraping_twitter to 2026-06-06 23:00:00+00:00, run_after=2026-06-07 11:00:00+00:00
[2026-06-07T16:17:55.839+0700] {processor.py:208} INFO - Processing /opt/airflow/dags/dag_scraping_twitter.py took 0.112 seconds
[2026-06-07T16:18:26.414+0700] {processor.py:186} INFO - Started process (PID=1998) to work on /opt/airflow/dags/dag_scraping_twitter.py
[2026-06-07T16:18:26.415+0700] {processor.py:914} INFO - Processing file /opt/airflow/dags/dag_scraping_twitter.py for tasks to queue
[2026-06-07T16:18:26.419+0700] {logging_mixin.py:190} INFO - [2026-06-07T16:18:26.418+0700] {dagbag.py:587} INFO - Filling up the DagBag from /opt/airflow/dags/dag_scraping_twitter.py
[2026-06-07T16:18:26.441+0700] {processor.py:925} INFO - DAG(s) 'dag_scraping_twitter' retrieved from /opt/airflow/dags/dag_scraping_twitter.py
[2026-06-07T16:18:26.468+0700] {logging_mixin.py:190} INFO - [2026-06-07T16:18:26.468+0700] {dag.py:3211} INFO - Sync 1 DAGs
[2026-06-07T16:18:26.494+0700] {logging_mixin.py:190} INFO - [2026-06-07T16:18:26.494+0700] {dag.py:4138} INFO - Setting next_dagrun for dag_scraping_twitter to 2026-06-06 23:00:00+00:00, run_after=2026-06-07 11:00:00+00:00
[2026-06-07T16:18:26.515+0700] {processor.py:208} INFO - Processing /opt/airflow/dags/dag_scraping_twitter.py took 0.108 seconds
[2026-06-07T16:18:56.977+0700] {processor.py:186} INFO - Started process (PID=2026) to work on /opt/airflow/dags/dag_scraping_twitter.py
[2026-06-07T16:18:56.978+0700] {processor.py:914} INFO - Processing file /opt/airflow/dags/dag_scraping_twitter.py for tasks to queue
[2026-06-07T16:18:56.982+0700] {logging_mixin.py:190} INFO - [2026-06-07T16:18:56.982+0700] {dagbag.py:587} INFO - Filling up the DagBag from /opt/airflow/dags/dag_scraping_twitter.py
[2026-06-07T16:18:57.002+0700] {processor.py:925} INFO - DAG(s) 'dag_scraping_twitter' retrieved from /opt/airflow/dags/dag_scraping_twitter.py
[2026-06-07T16:18:57.034+0700] {logging_mixin.py:190} INFO - [2026-06-07T16:18:57.033+0700] {dag.py:3211} INFO - Sync 1 DAGs
[2026-06-07T16:18:57.058+0700] {logging_mixin.py:190} INFO - [2026-06-07T16:18:57.058+0700] {dag.py:4138} INFO - Setting next_dagrun for dag_scraping_twitter to 2026-06-06 23:00:00+00:00, run_after=2026-06-07 11:00:00+00:00
[2026-06-07T16:18:57.082+0700] {processor.py:208} INFO - Processing /opt/airflow/dags/dag_scraping_twitter.py took 0.111 seconds
[2026-06-07T16:19:27.298+0700] {processor.py:186} INFO - Started process (PID=2054) to work on /opt/airflow/dags/dag_scraping_twitter.py
[2026-06-07T16:19:27.300+0700] {processor.py:914} INFO - Processing file /opt/airflow/dags/dag_scraping_twitter.py for tasks to queue
[2026-06-07T16:19:27.302+0700] {logging_mixin.py:190} INFO - [2026-06-07T16:19:27.302+0700] {dagbag.py:587} INFO - Filling up the DagBag from /opt/airflow/dags/dag_scraping_twitter.py
[2026-06-07T16:19:27.331+0700] {processor.py:925} INFO - DAG(s) 'dag_scraping_twitter' retrieved from /opt/airflow/dags/dag_scraping_twitter.py
[2026-06-07T16:19:27.360+0700] {logging_mixin.py:190} INFO - [2026-06-07T16:19:27.360+0700] {dag.py:3211} INFO - Sync 1 DAGs
[2026-06-07T16:19:27.384+0700] {logging_mixin.py:190} INFO - [2026-06-07T16:19:27.384+0700] {dag.py:4138} INFO - Setting next_dagrun for dag_scraping_twitter to 2026-06-06 23:00:00+00:00, run_after=2026-06-07 11:00:00+00:00
[2026-06-07T16:19:27.407+0700] {processor.py:208} INFO - Processing /opt/airflow/dags/dag_scraping_twitter.py took 0.115 seconds
[2026-06-07T16:19:57.808+0700] {processor.py:186} INFO - Started process (PID=2082) to work on /opt/airflow/dags/dag_scraping_twitter.py
[2026-06-07T16:19:57.810+0700] {processor.py:914} INFO - Processing file /opt/airflow/dags/dag_scraping_twitter.py for tasks to queue
[2026-06-07T16:19:57.813+0700] {logging_mixin.py:190} INFO - [2026-06-07T16:19:57.812+0700] {dagbag.py:587} INFO - Filling up the DagBag from /opt/airflow/dags/dag_scraping_twitter.py
[2026-06-07T16:19:57.837+0700] {processor.py:925} INFO - DAG(s) 'dag_scraping_twitter' retrieved from /opt/airflow/dags/dag_scraping_twitter.py
[2026-06-07T16:19:57.875+0700] {logging_mixin.py:190} INFO - [2026-06-07T16:19:57.874+0700] {dag.py:3211} INFO - Sync 1 DAGs
[2026-06-07T16:19:57.905+0700] {logging_mixin.py:190} INFO - [2026-06-07T16:19:57.905+0700] {dag.py:4138} INFO - Setting next_dagrun for dag_scraping_twitter to 2026-06-06 23:00:00+00:00, run_after=2026-06-07 11:00:00+00:00
[2026-06-07T16:19:57.930+0700] {processor.py:208} INFO - Processing /opt/airflow/dags/dag_scraping_twitter.py took 0.131 seconds
[2026-06-07T16:20:28.114+0700] {processor.py:186} INFO - Started process (PID=2110) to work on /opt/airflow/dags/dag_scraping_twitter.py
[2026-06-07T16:20:28.116+0700] {processor.py:914} INFO - Processing file /opt/airflow/dags/dag_scraping_twitter.py for tasks to queue
[2026-06-07T16:20:28.119+0700] {logging_mixin.py:190} INFO - [2026-06-07T16:20:28.119+0700] {dagbag.py:587} INFO - Filling up the DagBag from /opt/airflow/dags/dag_scraping_twitter.py
[2026-06-07T16:20:28.143+0700] {processor.py:925} INFO - DAG(s) 'dag_scraping_twitter' retrieved from /opt/airflow/dags/dag_scraping_twitter.py
[2026-06-07T16:20:28.176+0700] {logging_mixin.py:190} INFO - [2026-06-07T16:20:28.176+0700] {dag.py:3211} INFO - Sync 1 DAGs
[2026-06-07T16:20:28.210+0700] {logging_mixin.py:190} INFO - [2026-06-07T16:20:28.209+0700] {dag.py:4138} INFO - Setting next_dagrun for dag_scraping_twitter to 2026-06-06 23:00:00+00:00, run_after=2026-06-07 11:00:00+00:00
[2026-06-07T16:20:28.235+0700] {processor.py:208} INFO - Processing /opt/airflow/dags/dag_scraping_twitter.py took 0.129 seconds
[2026-06-07T16:20:58.661+0700] {processor.py:186} INFO - Started process (PID=2144) to work on /opt/airflow/dags/dag_scraping_twitter.py
[2026-06-07T16:20:58.663+0700] {processor.py:914} INFO - Processing file /opt/airflow/dags/dag_scraping_twitter.py for tasks to queue
[2026-06-07T16:20:58.667+0700] {logging_mixin.py:190} INFO - [2026-06-07T16:20:58.666+0700] {dagbag.py:587} INFO - Filling up the DagBag from /opt/airflow/dags/dag_scraping_twitter.py
[2026-06-07T16:20:58.705+0700] {processor.py:925} INFO - DAG(s) 'dag_scraping_twitter' retrieved from /opt/airflow/dags/dag_scraping_twitter.py
[2026-06-07T16:20:58.740+0700] {logging_mixin.py:190} INFO - [2026-06-07T16:20:58.740+0700] {dag.py:3211} INFO - Sync 1 DAGs
[2026-06-07T16:20:58.776+0700] {logging_mixin.py:190} INFO - [2026-06-07T16:20:58.775+0700] {dag.py:4138} INFO - Setting next_dagrun for dag_scraping_twitter to 2026-06-06 23:00:00+00:00, run_after=2026-06-07 11:00:00+00:00
[2026-06-07T16:20:58.814+0700] {processor.py:208} INFO - Processing /opt/airflow/dags/dag_scraping_twitter.py took 0.167 seconds
[2026-06-07T16:21:29.281+0700] {processor.py:186} INFO - Started process (PID=2172) to work on /opt/airflow/dags/dag_scraping_twitter.py
[2026-06-07T16:21:29.284+0700] {processor.py:914} INFO - Processing file /opt/airflow/dags/dag_scraping_twitter.py for tasks to queue
[2026-06-07T16:21:29.287+0700] {logging_mixin.py:190} INFO - [2026-06-07T16:21:29.286+0700] {dagbag.py:587} INFO - Filling up the DagBag from /opt/airflow/dags/dag_scraping_twitter.py
[2026-06-07T16:21:29.313+0700] {processor.py:925} INFO - DAG(s) 'dag_scraping_twitter' retrieved from /opt/airflow/dags/dag_scraping_twitter.py
[2026-06-07T16:21:29.354+0700] {logging_mixin.py:190} INFO - [2026-06-07T16:21:29.354+0700] {dag.py:3211} INFO - Sync 1 DAGs
[2026-06-07T16:21:29.382+0700] {logging_mixin.py:190} INFO - [2026-06-07T16:21:29.382+0700] {dag.py:4138} INFO - Setting next_dagrun for dag_scraping_twitter to 2026-06-06 23:00:00+00:00, run_after=2026-06-07 11:00:00+00:00
[2026-06-07T16:21:29.404+0700] {processor.py:208} INFO - Processing /opt/airflow/dags/dag_scraping_twitter.py took 0.132 seconds
[2026-06-07T16:21:59.630+0700] {processor.py:186} INFO - Started process (PID=2200) to work on /opt/airflow/dags/dag_scraping_twitter.py
[2026-06-07T16:21:59.631+0700] {processor.py:914} INFO - Processing file /opt/airflow/dags/dag_scraping_twitter.py for tasks to queue
[2026-06-07T16:21:59.634+0700] {logging_mixin.py:190} INFO - [2026-06-07T16:21:59.634+0700] {dagbag.py:587} INFO - Filling up the DagBag from /opt/airflow/dags/dag_scraping_twitter.py
[2026-06-07T16:21:59.661+0700] {processor.py:925} INFO - DAG(s) 'dag_scraping_twitter' retrieved from /opt/airflow/dags/dag_scraping_twitter.py
[2026-06-07T16:21:59.697+0700] {logging_mixin.py:190} INFO - [2026-06-07T16:21:59.696+0700] {dag.py:3211} INFO - Sync 1 DAGs
[2026-06-07T16:21:59.731+0700] {logging_mixin.py:190} INFO - [2026-06-07T16:21:59.731+0700] {dag.py:4138} INFO - Setting next_dagrun for dag_scraping_twitter to 2026-06-06 23:00:00+00:00, run_after=2026-06-07 11:00:00+00:00
[2026-06-07T16:21:59.756+0700] {processor.py:208} INFO - Processing /opt/airflow/dags/dag_scraping_twitter.py took 0.132 seconds
[2026-06-07T16:22:30.028+0700] {processor.py:186} INFO - Started process (PID=2228) to work on /opt/airflow/dags/dag_scraping_twitter.py
[2026-06-07T16:22:30.031+0700] {processor.py:914} INFO - Processing file /opt/airflow/dags/dag_scraping_twitter.py for tasks to queue
[2026-06-07T16:22:30.036+0700] {logging_mixin.py:190} INFO - [2026-06-07T16:22:30.035+0700] {dagbag.py:587} INFO - Filling up the DagBag from /opt/airflow/dags/dag_scraping_twitter.py
[2026-06-07T16:22:30.112+0700] {processor.py:925} INFO - DAG(s) 'dag_scraping_twitter' retrieved from /opt/airflow/dags/dag_scraping_twitter.py
[2026-06-07T16:22:30.174+0700] {logging_mixin.py:190} INFO - [2026-06-07T16:22:30.173+0700] {dag.py:3211} INFO - Sync 1 DAGs
[2026-06-07T16:22:30.228+0700] {logging_mixin.py:190} INFO - [2026-06-07T16:22:30.227+0700] {dag.py:4138} INFO - Setting next_dagrun for dag_scraping_twitter to 2026-06-06 23:00:00+00:00, run_after=2026-06-07 11:00:00+00:00
[2026-06-07T16:22:30.273+0700] {processor.py:208} INFO - Processing /opt/airflow/dags/dag_scraping_twitter.py took 0.259 seconds
[2026-06-07T16:23:00.634+0700] {processor.py:186} INFO - Started process (PID=2256) to work on /opt/airflow/dags/dag_scraping_twitter.py
[2026-06-07T16:23:00.636+0700] {processor.py:914} INFO - Processing file /opt/airflow/dags/dag_scraping_twitter.py for tasks to queue
[2026-06-07T16:23:00.639+0700] {logging_mixin.py:190} INFO - [2026-06-07T16:23:00.638+0700] {dagbag.py:587} INFO - Filling up the DagBag from /opt/airflow/dags/dag_scraping_twitter.py
[2026-06-07T16:23:00.669+0700] {processor.py:925} INFO - DAG(s) 'dag_scraping_twitter' retrieved from /opt/airflow/dags/dag_scraping_twitter.py
[2026-06-07T16:23:00.716+0700] {logging_mixin.py:190} INFO - [2026-06-07T16:23:00.716+0700] {dag.py:3211} INFO - Sync 1 DAGs
[2026-06-07T16:23:00.745+0700] {logging_mixin.py:190} INFO - [2026-06-07T16:23:00.745+0700] {dag.py:4138} INFO - Setting next_dagrun for dag_scraping_twitter to 2026-06-06 23:00:00+00:00, run_after=2026-06-07 11:00:00+00:00
[2026-06-07T16:23:00.790+0700] {processor.py:208} INFO - Processing /opt/airflow/dags/dag_scraping_twitter.py took 0.164 seconds
[2026-06-07T16:23:30.966+0700] {processor.py:186} INFO - Started process (PID=2284) to work on /opt/airflow/dags/dag_scraping_twitter.py
[2026-06-07T16:23:30.968+0700] {processor.py:914} INFO - Processing file /opt/airflow/dags/dag_scraping_twitter.py for tasks to queue
[2026-06-07T16:23:30.972+0700] {logging_mixin.py:190} INFO - [2026-06-07T16:23:30.972+0700] {dagbag.py:587} INFO - Filling up the DagBag from /opt/airflow/dags/dag_scraping_twitter.py
[2026-06-07T16:23:30.996+0700] {processor.py:925} INFO - DAG(s) 'dag_scraping_twitter' retrieved from /opt/airflow/dags/dag_scraping_twitter.py
[2026-06-07T16:23:31.028+0700] {logging_mixin.py:190} INFO - [2026-06-07T16:23:31.028+0700] {dag.py:3211} INFO - Sync 1 DAGs
[2026-06-07T16:23:31.053+0700] {logging_mixin.py:190} INFO - [2026-06-07T16:23:31.053+0700] {dag.py:4138} INFO - Setting next_dagrun for dag_scraping_twitter to 2026-06-06 23:00:00+00:00, run_after=2026-06-07 11:00:00+00:00
[2026-06-07T16:23:31.079+0700] {processor.py:208} INFO - Processing /opt/airflow/dags/dag_scraping_twitter.py took 0.120 seconds
[2026-06-07T16:24:01.489+0700] {processor.py:186} INFO - Started process (PID=2313) to work on /opt/airflow/dags/dag_scraping_twitter.py
[2026-06-07T16:24:01.490+0700] {processor.py:914} INFO - Processing file /opt/airflow/dags/dag_scraping_twitter.py for tasks to queue
[2026-06-07T16:24:01.494+0700] {logging_mixin.py:190} INFO - [2026-06-07T16:24:01.494+0700] {dagbag.py:587} INFO - Filling up the DagBag from /opt/airflow/dags/dag_scraping_twitter.py
[2026-06-07T16:24:01.519+0700] {processor.py:925} INFO - DAG(s) 'dag_scraping_twitter' retrieved from /opt/airflow/dags/dag_scraping_twitter.py
[2026-06-07T16:24:01.551+0700] {logging_mixin.py:190} INFO - [2026-06-07T16:24:01.550+0700] {dag.py:3211} INFO - Sync 1 DAGs
[2026-06-07T16:24:01.577+0700] {logging_mixin.py:190} INFO - [2026-06-07T16:24:01.577+0700] {dag.py:4138} INFO - Setting next_dagrun for dag_scraping_twitter to 2026-06-06 23:00:00+00:00, run_after=2026-06-07 11:00:00+00:00
[2026-06-07T16:24:01.600+0700] {processor.py:208} INFO - Processing /opt/airflow/dags/dag_scraping_twitter.py took 0.121 seconds
[2026-06-07T16:24:31.851+0700] {processor.py:186} INFO - Started process (PID=2342) to work on /opt/airflow/dags/dag_scraping_twitter.py
[2026-06-07T16:24:31.852+0700] {processor.py:914} INFO - Processing file /opt/airflow/dags/dag_scraping_twitter.py for tasks to queue
[2026-06-07T16:24:31.856+0700] {logging_mixin.py:190} INFO - [2026-06-07T16:24:31.855+0700] {dagbag.py:587} INFO - Filling up the DagBag from /opt/airflow/dags/dag_scraping_twitter.py
[2026-06-07T16:24:31.886+0700] {processor.py:925} INFO - DAG(s) 'dag_scraping_twitter' retrieved from /opt/airflow/dags/dag_scraping_twitter.py
[2026-06-07T16:24:31.921+0700] {logging_mixin.py:190} INFO - [2026-06-07T16:24:31.921+0700] {dag.py:3211} INFO - Sync 1 DAGs
[2026-06-07T16:24:31.954+0700] {logging_mixin.py:190} INFO - [2026-06-07T16:24:31.954+0700] {dag.py:4138} INFO - Setting next_dagrun for dag_scraping_twitter to 2026-06-06 23:00:00+00:00, run_after=2026-06-07 11:00:00+00:00
[2026-06-07T16:24:31.987+0700] {processor.py:208} INFO - Processing /opt/airflow/dags/dag_scraping_twitter.py took 0.142 seconds
[2026-06-07T16:25:02.577+0700] {processor.py:186} INFO - Started process (PID=2376) to work on /opt/airflow/dags/dag_scraping_twitter.py
[2026-06-07T16:25:02.579+0700] {processor.py:914} INFO - Processing file /opt/airflow/dags/dag_scraping_twitter.py for tasks to queue
[2026-06-07T16:25:02.583+0700] {logging_mixin.py:190} INFO - [2026-06-07T16:25:02.583+0700] {dagbag.py:587} INFO - Filling up the DagBag from /opt/airflow/dags/dag_scraping_twitter.py
[2026-06-07T16:25:02.616+0700] {processor.py:925} INFO - DAG(s) 'dag_scraping_twitter' retrieved from /opt/airflow/dags/dag_scraping_twitter.py
[2026-06-07T16:25:02.650+0700] {logging_mixin.py:190} INFO - [2026-06-07T16:25:02.650+0700] {dag.py:3211} INFO - Sync 1 DAGs
[2026-06-07T16:25:02.677+0700] {logging_mixin.py:190} INFO - [2026-06-07T16:25:02.677+0700] {dag.py:4138} INFO - Setting next_dagrun for dag_scraping_twitter to 2026-06-06 23:00:00+00:00, run_after=2026-06-07 11:00:00+00:00
[2026-06-07T16:25:02.700+0700] {processor.py:208} INFO - Processing /opt/airflow/dags/dag_scraping_twitter.py took 0.132 seconds
[2026-06-07T16:25:33.187+0700] {processor.py:186} INFO - Started process (PID=2404) to work on /opt/airflow/dags/dag_scraping_twitter.py
[2026-06-07T16:25:33.188+0700] {processor.py:914} INFO - Processing file /opt/airflow/dags/dag_scraping_twitter.py for tasks to queue
[2026-06-07T16:25:33.191+0700] {logging_mixin.py:190} INFO - [2026-06-07T16:25:33.190+0700] {dagbag.py:587} INFO - Filling up the DagBag from /opt/airflow/dags/dag_scraping_twitter.py
[2026-06-07T16:25:33.212+0700] {processor.py:925} INFO - DAG(s) 'dag_scraping_twitter' retrieved from /opt/airflow/dags/dag_scraping_twitter.py
[2026-06-07T16:25:33.242+0700] {logging_mixin.py:190} INFO - [2026-06-07T16:25:33.241+0700] {dag.py:3211} INFO - Sync 1 DAGs
[2026-06-07T16:25:33.270+0700] {logging_mixin.py:190} INFO - [2026-06-07T16:25:33.270+0700] {dag.py:4138} INFO - Setting next_dagrun for dag_scraping_twitter to 2026-06-06 23:00:00+00:00, run_after=2026-06-07 11:00:00+00:00
[2026-06-07T16:25:33.292+0700] {processor.py:208} INFO - Processing /opt/airflow/dags/dag_scraping_twitter.py took 0.111 seconds
[2026-06-07T16:26:03.558+0700] {processor.py:186} INFO - Started process (PID=2432) to work on /opt/airflow/dags/dag_scraping_twitter.py
[2026-06-07T16:26:03.560+0700] {processor.py:914} INFO - Processing file /opt/airflow/dags/dag_scraping_twitter.py for tasks to queue
[2026-06-07T16:26:03.564+0700] {logging_mixin.py:190} INFO - [2026-06-07T16:26:03.563+0700] {dagbag.py:587} INFO - Filling up the DagBag from /opt/airflow/dags/dag_scraping_twitter.py
[2026-06-07T16:26:03.592+0700] {processor.py:925} INFO - DAG(s) 'dag_scraping_twitter' retrieved from /opt/airflow/dags/dag_scraping_twitter.py
[2026-06-07T16:26:03.626+0700] {logging_mixin.py:190} INFO - [2026-06-07T16:26:03.626+0700] {dag.py:3211} INFO - Sync 1 DAGs
[2026-06-07T16:26:03.657+0700] {logging_mixin.py:190} INFO - [2026-06-07T16:26:03.656+0700] {dag.py:4138} INFO - Setting next_dagrun for dag_scraping_twitter to 2026-06-06 23:00:00+00:00, run_after=2026-06-07 11:00:00+00:00
[2026-06-07T16:26:03.683+0700] {processor.py:208} INFO - Processing /opt/airflow/dags/dag_scraping_twitter.py took 0.132 seconds
[2026-06-07T16:26:34.050+0700] {processor.py:186} INFO - Started process (PID=2461) to work on /opt/airflow/dags/dag_scraping_twitter.py
[2026-06-07T16:26:34.052+0700] {processor.py:914} INFO - Processing file /opt/airflow/dags/dag_scraping_twitter.py for tasks to queue
[2026-06-07T16:26:34.055+0700] {logging_mixin.py:190} INFO - [2026-06-07T16:26:34.055+0700] {dagbag.py:587} INFO - Filling up the DagBag from /opt/airflow/dags/dag_scraping_twitter.py
[2026-06-07T16:26:34.092+0700] {processor.py:925} INFO - DAG(s) 'dag_scraping_twitter' retrieved from /opt/airflow/dags/dag_scraping_twitter.py
[2026-06-07T16:26:34.139+0700] {logging_mixin.py:190} INFO - [2026-06-07T16:26:34.139+0700] {dag.py:3211} INFO - Sync 1 DAGs
[2026-06-07T16:26:34.192+0700] {logging_mixin.py:190} INFO - [2026-06-07T16:26:34.192+0700] {dag.py:4138} INFO - Setting next_dagrun for dag_scraping_twitter to 2026-06-06 23:00:00+00:00, run_after=2026-06-07 11:00:00+00:00
[2026-06-07T16:26:34.236+0700] {processor.py:208} INFO - Processing /opt/airflow/dags/dag_scraping_twitter.py took 0.199 seconds
[2026-06-07T16:27:04.625+0700] {processor.py:186} INFO - Started process (PID=2490) to work on /opt/airflow/dags/dag_scraping_twitter.py
[2026-06-07T16:27:04.626+0700] {processor.py:914} INFO - Processing file /opt/airflow/dags/dag_scraping_twitter.py for tasks to queue
[2026-06-07T16:27:04.631+0700] {logging_mixin.py:190} INFO - [2026-06-07T16:27:04.630+0700] {dagbag.py:587} INFO - Filling up the DagBag from /opt/airflow/dags/dag_scraping_twitter.py
[2026-06-07T16:27:04.655+0700] {processor.py:925} INFO - DAG(s) 'dag_scraping_twitter' retrieved from /opt/airflow/dags/dag_scraping_twitter.py
[2026-06-07T16:27:04.690+0700] {logging_mixin.py:190} INFO - [2026-06-07T16:27:04.689+0700] {dag.py:3211} INFO - Sync 1 DAGs
[2026-06-07T16:27:04.717+0700] {logging_mixin.py:190} INFO - [2026-06-07T16:27:04.717+0700] {dag.py:4138} INFO - Setting next_dagrun for dag_scraping_twitter to 2026-06-06 23:00:00+00:00, run_after=2026-06-07 11:00:00+00:00
[2026-06-07T16:27:04.742+0700] {processor.py:208} INFO - Processing /opt/airflow/dags/dag_scraping_twitter.py took 0.124 seconds
[2026-06-07T16:27:35.162+0700] {processor.py:186} INFO - Started process (PID=2518) to work on /opt/airflow/dags/dag_scraping_twitter.py
[2026-06-07T16:27:35.164+0700] {processor.py:914} INFO - Processing file /opt/airflow/dags/dag_scraping_twitter.py for tasks to queue
[2026-06-07T16:27:35.167+0700] {logging_mixin.py:190} INFO - [2026-06-07T16:27:35.166+0700] {dagbag.py:587} INFO - Filling up the DagBag from /opt/airflow/dags/dag_scraping_twitter.py
[2026-06-07T16:27:35.193+0700] {processor.py:925} INFO - DAG(s) 'dag_scraping_twitter' retrieved from /opt/airflow/dags/dag_scraping_twitter.py
[2026-06-07T16:27:35.228+0700] {logging_mixin.py:190} INFO - [2026-06-07T16:27:35.228+0700] {dag.py:3211} INFO - Sync 1 DAGs
[2026-06-07T16:27:35.272+0700] {logging_mixin.py:190} INFO - [2026-06-07T16:27:35.272+0700] {dag.py:4138} INFO - Setting next_dagrun for dag_scraping_twitter to 2026-06-06 23:00:00+00:00, run_after=2026-06-07 11:00:00+00:00
[2026-06-07T16:27:35.298+0700] {processor.py:208} INFO - Processing /opt/airflow/dags/dag_scraping_twitter.py took 0.142 seconds
[2026-06-07T16:28:05.532+0700] {processor.py:186} INFO - Started process (PID=2546) to work on /opt/airflow/dags/dag_scraping_twitter.py
[2026-06-07T16:28:05.533+0700] {processor.py:914} INFO - Processing file /opt/airflow/dags/dag_scraping_twitter.py for tasks to queue
[2026-06-07T16:28:05.537+0700] {logging_mixin.py:190} INFO - [2026-06-07T16:28:05.537+0700] {dagbag.py:587} INFO - Filling up the DagBag from /opt/airflow/dags/dag_scraping_twitter.py
[2026-06-07T16:28:05.559+0700] {processor.py:925} INFO - DAG(s) 'dag_scraping_twitter' retrieved from /opt/airflow/dags/dag_scraping_twitter.py
[2026-06-07T16:28:05.593+0700] {logging_mixin.py:190} INFO - [2026-06-07T16:28:05.592+0700] {dag.py:3211} INFO - Sync 1 DAGs
[2026-06-07T16:28:05.621+0700] {logging_mixin.py:190} INFO - [2026-06-07T16:28:05.620+0700] {dag.py:4138} INFO - Setting next_dagrun for dag_scraping_twitter to 2026-06-06 23:00:00+00:00, run_after=2026-06-07 11:00:00+00:00
[2026-06-07T16:28:05.644+0700] {processor.py:208} INFO - Processing /opt/airflow/dags/dag_scraping_twitter.py took 0.120 seconds
[2026-06-07T16:28:35.942+0700] {processor.py:186} INFO - Started process (PID=2580) to work on /opt/airflow/dags/dag_scraping_twitter.py
[2026-06-07T16:28:35.944+0700] {processor.py:914} INFO - Processing file /opt/airflow/dags/dag_scraping_twitter.py for tasks to queue
[2026-06-07T16:28:35.947+0700] {logging_mixin.py:190} INFO - [2026-06-07T16:28:35.947+0700] {dagbag.py:587} INFO - Filling up the DagBag from /opt/airflow/dags/dag_scraping_twitter.py
[2026-06-07T16:28:35.972+0700] {processor.py:925} INFO - DAG(s) 'dag_scraping_twitter' retrieved from /opt/airflow/dags/dag_scraping_twitter.py
[2026-06-07T16:28:36.007+0700] {logging_mixin.py:190} INFO - [2026-06-07T16:28:36.006+0700] {dag.py:3211} INFO - Sync 1 DAGs
[2026-06-07T16:28:36.038+0700] {logging_mixin.py:190} INFO - [2026-06-07T16:28:36.037+0700] {dag.py:4138} INFO - Setting next_dagrun for dag_scraping_twitter to 2026-06-06 23:00:00+00:00, run_after=2026-06-07 11:00:00+00:00
[2026-06-07T16:28:36.064+0700] {processor.py:208} INFO - Processing /opt/airflow/dags/dag_scraping_twitter.py took 0.131 seconds
[2026-06-07T16:29:06.555+0700] {processor.py:186} INFO - Started process (PID=2608) to work on /opt/airflow/dags/dag_scraping_twitter.py
[2026-06-07T16:29:06.557+0700] {processor.py:914} INFO - Processing file /opt/airflow/dags/dag_scraping_twitter.py for tasks to queue
[2026-06-07T16:29:06.560+0700] {logging_mixin.py:190} INFO - [2026-06-07T16:29:06.560+0700] {dagbag.py:587} INFO - Filling up the DagBag from /opt/airflow/dags/dag_scraping_twitter.py
[2026-06-07T16:29:06.586+0700] {processor.py:925} INFO - DAG(s) 'dag_scraping_twitter' retrieved from /opt/airflow/dags/dag_scraping_twitter.py
[2026-06-07T16:29:06.625+0700] {logging_mixin.py:190} INFO - [2026-06-07T16:29:06.625+0700] {dag.py:3211} INFO - Sync 1 DAGs
[2026-06-07T16:29:06.658+0700] {logging_mixin.py:190} INFO - [2026-06-07T16:29:06.658+0700] {dag.py:4138} INFO - Setting next_dagrun for dag_scraping_twitter to 2026-06-06 23:00:00+00:00, run_after=2026-06-07 11:00:00+00:00
[2026-06-07T16:29:06.692+0700] {processor.py:208} INFO - Processing /opt/airflow/dags/dag_scraping_twitter.py took 0.144 seconds
[2026-06-07T16:29:37.027+0700] {processor.py:186} INFO - Started process (PID=2636) to work on /opt/airflow/dags/dag_scraping_twitter.py
[2026-06-07T16:29:37.029+0700] {processor.py:914} INFO - Processing file /opt/airflow/dags/dag_scraping_twitter.py for tasks to queue
[2026-06-07T16:29:37.037+0700] {logging_mixin.py:190} INFO - [2026-06-07T16:29:37.036+0700] {dagbag.py:587} INFO - Filling up the DagBag from /opt/airflow/dags/dag_scraping_twitter.py
[2026-06-07T16:29:37.071+0700] {processor.py:925} INFO - DAG(s) 'dag_scraping_twitter' retrieved from /opt/airflow/dags/dag_scraping_twitter.py
[2026-06-07T16:29:37.106+0700] {logging_mixin.py:190} INFO - [2026-06-07T16:29:37.106+0700] {dag.py:3211} INFO - Sync 1 DAGs
[2026-06-07T16:29:37.140+0700] {logging_mixin.py:190} INFO - [2026-06-07T16:29:37.139+0700] {dag.py:4138} INFO - Setting next_dagrun for dag_scraping_twitter to 2026-06-06 23:00:00+00:00, run_after=2026-06-07 11:00:00+00:00
[2026-06-07T16:29:37.166+0700] {processor.py:208} INFO - Processing /opt/airflow/dags/dag_scraping_twitter.py took 0.150 seconds
[2026-06-07T16:30:07.376+0700] {processor.py:186} INFO - Started process (PID=2664) to work on /opt/airflow/dags/dag_scraping_twitter.py
[2026-06-07T16:30:07.379+0700] {processor.py:914} INFO - Processing file /opt/airflow/dags/dag_scraping_twitter.py for tasks to queue
[2026-06-07T16:30:07.384+0700] {logging_mixin.py:190} INFO - [2026-06-07T16:30:07.383+0700] {dagbag.py:587} INFO - Filling up the DagBag from /opt/airflow/dags/dag_scraping_twitter.py
[2026-06-07T16:30:07.422+0700] {processor.py:925} INFO - DAG(s) 'dag_scraping_twitter' retrieved from /opt/airflow/dags/dag_scraping_twitter.py
[2026-06-07T16:30:07.463+0700] {logging_mixin.py:190} INFO - [2026-06-07T16:30:07.463+0700] {dag.py:3211} INFO - Sync 1 DAGs
[2026-06-07T16:30:07.524+0700] {logging_mixin.py:190} INFO - [2026-06-07T16:30:07.524+0700] {dag.py:4138} INFO - Setting next_dagrun for dag_scraping_twitter to 2026-06-06 23:00:00+00:00, run_after=2026-06-07 11:00:00+00:00
[2026-06-07T16:30:07.580+0700] {processor.py:208} INFO - Processing /opt/airflow/dags/dag_scraping_twitter.py took 0.217 seconds
[2026-06-07T16:30:38.017+0700] {processor.py:186} INFO - Started process (PID=2692) to work on /opt/airflow/dags/dag_scraping_twitter.py
[2026-06-07T16:30:38.019+0700] {processor.py:914} INFO - Processing file /opt/airflow/dags/dag_scraping_twitter.py for tasks to queue
[2026-06-07T16:30:38.031+0700] {logging_mixin.py:190} INFO - [2026-06-07T16:30:38.025+0700] {dagbag.py:587} INFO - Filling up the DagBag from /opt/airflow/dags/dag_scraping_twitter.py
[2026-06-07T16:30:38.083+0700] {processor.py:925} INFO - DAG(s) 'dag_scraping_twitter' retrieved from /opt/airflow/dags/dag_scraping_twitter.py
[2026-06-07T16:30:38.143+0700] {logging_mixin.py:190} INFO - [2026-06-07T16:30:38.142+0700] {dag.py:3211} INFO - Sync 1 DAGs
[2026-06-07T16:30:38.194+0700] {logging_mixin.py:190} INFO - [2026-06-07T16:30:38.194+0700] {dag.py:4138} INFO - Setting next_dagrun for dag_scraping_twitter to 2026-06-06 23:00:00+00:00, run_after=2026-06-07 11:00:00+00:00
[2026-06-07T16:30:38.247+0700] {processor.py:208} INFO - Processing /opt/airflow/dags/dag_scraping_twitter.py took 0.249 seconds
[2026-06-07T16:31:08.698+0700] {processor.py:186} INFO - Started process (PID=2720) to work on /opt/airflow/dags/dag_scraping_twitter.py
[2026-06-07T16:31:08.704+0700] {processor.py:914} INFO - Processing file /opt/airflow/dags/dag_scraping_twitter.py for tasks to queue
[2026-06-07T16:31:08.713+0700] {logging_mixin.py:190} INFO - [2026-06-07T16:31:08.713+0700] {dagbag.py:587} INFO - Filling up the DagBag from /opt/airflow/dags/dag_scraping_twitter.py
[2026-06-07T16:31:08.844+0700] {processor.py:925} INFO - DAG(s) 'dag_scraping_twitter' retrieved from /opt/airflow/dags/dag_scraping_twitter.py
[2026-06-07T16:31:09.120+0700] {logging_mixin.py:190} INFO - [2026-06-07T16:31:09.120+0700] {dag.py:3211} INFO - Sync 1 DAGs
[2026-06-07T16:31:09.464+0700] {logging_mixin.py:190} INFO - [2026-06-07T16:31:09.464+0700] {dag.py:4138} INFO - Setting next_dagrun for dag_scraping_twitter to 2026-06-06 23:00:00+00:00, run_after=2026-06-07 11:00:00+00:00
[2026-06-07T16:31:09.648+0700] {processor.py:208} INFO - Processing /opt/airflow/dags/dag_scraping_twitter.py took 0.971 seconds
[2026-06-07T16:31:40.275+0700] {processor.py:186} INFO - Started process (PID=2748) to work on /opt/airflow/dags/dag_scraping_twitter.py
[2026-06-07T16:31:40.281+0700] {processor.py:914} INFO - Processing file /opt/airflow/dags/dag_scraping_twitter.py for tasks to queue
[2026-06-07T16:31:40.292+0700] {logging_mixin.py:190} INFO - [2026-06-07T16:31:40.291+0700] {dagbag.py:587} INFO - Filling up the DagBag from /opt/airflow/dags/dag_scraping_twitter.py
[2026-06-07T16:31:40.359+0700] {processor.py:925} INFO - DAG(s) 'dag_scraping_twitter' retrieved from /opt/airflow/dags/dag_scraping_twitter.py
[2026-06-07T16:31:40.444+0700] {logging_mixin.py:190} INFO - [2026-06-07T16:31:40.443+0700] {dag.py:3211} INFO - Sync 1 DAGs
[2026-06-07T16:31:40.489+0700] {logging_mixin.py:190} INFO - [2026-06-07T16:31:40.488+0700] {dag.py:4138} INFO - Setting next_dagrun for dag_scraping_twitter to 2026-06-06 23:00:00+00:00, run_after=2026-06-07 11:00:00+00:00
[2026-06-07T16:31:40.520+0700] {processor.py:208} INFO - Processing /opt/airflow/dags/dag_scraping_twitter.py took 0.277 seconds
[2026-06-07T16:32:10.969+0700] {processor.py:186} INFO - Started process (PID=2782) to work on /opt/airflow/dags/dag_scraping_twitter.py
[2026-06-07T16:32:10.981+0700] {processor.py:914} INFO - Processing file /opt/airflow/dags/dag_scraping_twitter.py for tasks to queue
[2026-06-07T16:32:10.996+0700] {logging_mixin.py:190} INFO - [2026-06-07T16:32:10.995+0700] {dagbag.py:587} INFO - Filling up the DagBag from /opt/airflow/dags/dag_scraping_twitter.py
[2026-06-07T16:32:11.087+0700] {processor.py:925} INFO - DAG(s) 'dag_scraping_twitter' retrieved from /opt/airflow/dags/dag_scraping_twitter.py
[2026-06-07T16:32:11.207+0700] {logging_mixin.py:190} INFO - [2026-06-07T16:32:11.207+0700] {dag.py:3211} INFO - Sync 1 DAGs
[2026-06-07T16:32:11.298+0700] {logging_mixin.py:190} INFO - [2026-06-07T16:32:11.298+0700] {dag.py:4138} INFO - Setting next_dagrun for dag_scraping_twitter to 2026-06-06 23:00:00+00:00, run_after=2026-06-07 11:00:00+00:00
[2026-06-07T16:32:11.357+0700] {processor.py:208} INFO - Processing /opt/airflow/dags/dag_scraping_twitter.py took 0.422 seconds
[2026-06-07T16:32:41.800+0700] {processor.py:186} INFO - Started process (PID=2810) to work on /opt/airflow/dags/dag_scraping_twitter.py
[2026-06-07T16:32:41.801+0700] {processor.py:914} INFO - Processing file /opt/airflow/dags/dag_scraping_twitter.py for tasks to queue
[2026-06-07T16:32:41.804+0700] {logging_mixin.py:190} INFO - [2026-06-07T16:32:41.804+0700] {dagbag.py:587} INFO - Filling up the DagBag from /opt/airflow/dags/dag_scraping_twitter.py
[2026-06-07T16:32:41.831+0700] {processor.py:925} INFO - DAG(s) 'dag_scraping_twitter' retrieved from /opt/airflow/dags/dag_scraping_twitter.py
[2026-06-07T16:32:41.866+0700] {logging_mixin.py:190} INFO - [2026-06-07T16:32:41.866+0700] {dag.py:3211} INFO - Sync 1 DAGs
[2026-06-07T16:32:41.901+0700] {logging_mixin.py:190} INFO - [2026-06-07T16:32:41.901+0700] {dag.py:4138} INFO - Setting next_dagrun for dag_scraping_twitter to 2026-06-06 23:00:00+00:00, run_after=2026-06-07 11:00:00+00:00
[2026-06-07T16:32:41.927+0700] {processor.py:208} INFO - Processing /opt/airflow/dags/dag_scraping_twitter.py took 0.137 seconds
[2026-06-07T16:33:12.370+0700] {processor.py:186} INFO - Started process (PID=2839) to work on /opt/airflow/dags/dag_scraping_twitter.py
[2026-06-07T16:33:12.372+0700] {processor.py:914} INFO - Processing file /opt/airflow/dags/dag_scraping_twitter.py for tasks to queue
[2026-06-07T16:33:12.376+0700] {logging_mixin.py:190} INFO - [2026-06-07T16:33:12.375+0700] {dagbag.py:587} INFO - Filling up the DagBag from /opt/airflow/dags/dag_scraping_twitter.py
[2026-06-07T16:33:12.416+0700] {processor.py:925} INFO - DAG(s) 'dag_scraping_twitter' retrieved from /opt/airflow/dags/dag_scraping_twitter.py
[2026-06-07T16:33:12.470+0700] {logging_mixin.py:190} INFO - [2026-06-07T16:33:12.470+0700] {dag.py:3211} INFO - Sync 1 DAGs
[2026-06-07T16:33:12.512+0700] {logging_mixin.py:190} INFO - [2026-06-07T16:33:12.511+0700] {dag.py:4138} INFO - Setting next_dagrun for dag_scraping_twitter to 2026-06-06 23:00:00+00:00, run_after=2026-06-07 11:00:00+00:00
[2026-06-07T16:33:12.551+0700] {processor.py:208} INFO - Processing /opt/airflow/dags/dag_scraping_twitter.py took 0.193 seconds
[2026-06-07T16:33:42.883+0700] {processor.py:186} INFO - Started process (PID=2868) to work on /opt/airflow/dags/dag_scraping_twitter.py
[2026-06-07T16:33:42.885+0700] {processor.py:914} INFO - Processing file /opt/airflow/dags/dag_scraping_twitter.py for tasks to queue
[2026-06-07T16:33:42.890+0700] {logging_mixin.py:190} INFO - [2026-06-07T16:33:42.889+0700] {dagbag.py:587} INFO - Filling up the DagBag from /opt/airflow/dags/dag_scraping_twitter.py
[2026-06-07T16:33:42.918+0700] {processor.py:925} INFO - DAG(s) 'dag_scraping_twitter' retrieved from /opt/airflow/dags/dag_scraping_twitter.py
[2026-06-07T16:33:42.967+0700] {logging_mixin.py:190} INFO - [2026-06-07T16:33:42.967+0700] {dag.py:3211} INFO - Sync 1 DAGs
[2026-06-07T16:33:43.010+0700] {logging_mixin.py:190} INFO - [2026-06-07T16:33:43.010+0700] {dag.py:4138} INFO - Setting next_dagrun for dag_scraping_twitter to 2026-06-06 23:00:00+00:00, run_after=2026-06-07 11:00:00+00:00
[2026-06-07T16:33:43.042+0700] {processor.py:208} INFO - Processing /opt/airflow/dags/dag_scraping_twitter.py took 0.167 seconds
[2026-06-07T16:34:13.297+0700] {processor.py:186} INFO - Started process (PID=2896) to work on /opt/airflow/dags/dag_scraping_twitter.py
[2026-06-07T16:34:13.298+0700] {processor.py:914} INFO - Processing file /opt/airflow/dags/dag_scraping_twitter.py for tasks to queue
[2026-06-07T16:34:13.303+0700] {logging_mixin.py:190} INFO - [2026-06-07T16:34:13.302+0700] {dagbag.py:587} INFO - Filling up the DagBag from /opt/airflow/dags/dag_scraping_twitter.py
[2026-06-07T16:34:13.326+0700] {processor.py:925} INFO - DAG(s) 'dag_scraping_twitter' retrieved from /opt/airflow/dags/dag_scraping_twitter.py
[2026-06-07T16:34:13.363+0700] {logging_mixin.py:190} INFO - [2026-06-07T16:34:13.362+0700] {dag.py:3211} INFO - Sync 1 DAGs
[2026-06-07T16:34:13.399+0700] {logging_mixin.py:190} INFO - [2026-06-07T16:34:13.399+0700] {dag.py:4138} INFO - Setting next_dagrun for dag_scraping_twitter to 2026-06-06 23:00:00+00:00, run_after=2026-06-07 11:00:00+00:00
[2026-06-07T16:34:13.429+0700] {processor.py:208} INFO - Processing /opt/airflow/dags/dag_scraping_twitter.py took 0.140 seconds
[2026-06-07T16:34:43.889+0700] {processor.py:186} INFO - Started process (PID=2924) to work on /opt/airflow/dags/dag_scraping_twitter.py
[2026-06-07T16:34:43.890+0700] {processor.py:914} INFO - Processing file /opt/airflow/dags/dag_scraping_twitter.py for tasks to queue
[2026-06-07T16:34:43.896+0700] {logging_mixin.py:190} INFO - [2026-06-07T16:34:43.896+0700] {dagbag.py:587} INFO - Filling up the DagBag from /opt/airflow/dags/dag_scraping_twitter.py
[2026-06-07T16:34:43.928+0700] {processor.py:925} INFO - DAG(s) 'dag_scraping_twitter' retrieved from /opt/airflow/dags/dag_scraping_twitter.py
[2026-06-07T16:34:43.971+0700] {logging_mixin.py:190} INFO - [2026-06-07T16:34:43.970+0700] {dag.py:3211} INFO - Sync 1 DAGs
[2026-06-07T16:34:44.007+0700] {logging_mixin.py:190} INFO - [2026-06-07T16:34:44.007+0700] {dag.py:4138} INFO - Setting next_dagrun for dag_scraping_twitter to 2026-06-06 23:00:00+00:00, run_after=2026-06-07 11:00:00+00:00
[2026-06-07T16:34:44.034+0700] {processor.py:208} INFO - Processing /opt/airflow/dags/dag_scraping_twitter.py took 0.154 seconds
[2026-06-07T16:35:14.401+0700] {processor.py:186} INFO - Started process (PID=2952) to work on /opt/airflow/dags/dag_scraping_twitter.py
[2026-06-07T16:35:14.404+0700] {processor.py:914} INFO - Processing file /opt/airflow/dags/dag_scraping_twitter.py for tasks to queue
[2026-06-07T16:35:14.406+0700] {logging_mixin.py:190} INFO - [2026-06-07T16:35:14.406+0700] {dagbag.py:587} INFO - Filling up the DagBag from /opt/airflow/dags/dag_scraping_twitter.py
[2026-06-07T16:35:14.433+0700] {processor.py:925} INFO - DAG(s) 'dag_scraping_twitter' retrieved from /opt/airflow/dags/dag_scraping_twitter.py
[2026-06-07T16:35:14.469+0700] {logging_mixin.py:190} INFO - [2026-06-07T16:35:14.469+0700] {dag.py:3211} INFO - Sync 1 DAGs
[2026-06-07T16:35:14.503+0700] {logging_mixin.py:190} INFO - [2026-06-07T16:35:14.502+0700] {dag.py:4138} INFO - Setting next_dagrun for dag_scraping_twitter to 2026-06-06 23:00:00+00:00, run_after=2026-06-07 11:00:00+00:00
[2026-06-07T16:35:14.530+0700] {processor.py:208} INFO - Processing /opt/airflow/dags/dag_scraping_twitter.py took 0.137 seconds
[2026-06-07T16:35:44.744+0700] {processor.py:186} INFO - Started process (PID=2986) to work on /opt/airflow/dags/dag_scraping_twitter.py
[2026-06-07T16:35:44.746+0700] {processor.py:914} INFO - Processing file /opt/airflow/dags/dag_scraping_twitter.py for tasks to queue
[2026-06-07T16:35:44.752+0700] {logging_mixin.py:190} INFO - [2026-06-07T16:35:44.752+0700] {dagbag.py:587} INFO - Filling up the DagBag from /opt/airflow/dags/dag_scraping_twitter.py
[2026-06-07T16:35:44.797+0700] {processor.py:925} INFO - DAG(s) 'dag_scraping_twitter' retrieved from /opt/airflow/dags/dag_scraping_twitter.py
[2026-06-07T16:35:44.868+0700] {logging_mixin.py:190} INFO - [2026-06-07T16:35:44.867+0700] {dag.py:3211} INFO - Sync 1 DAGs
[2026-06-07T16:35:44.924+0700] {logging_mixin.py:190} INFO - [2026-06-07T16:35:44.923+0700] {dag.py:4138} INFO - Setting next_dagrun for dag_scraping_twitter to 2026-06-06 23:00:00+00:00, run_after=2026-06-07 11:00:00+00:00
[2026-06-07T16:35:44.963+0700] {processor.py:208} INFO - Processing /opt/airflow/dags/dag_scraping_twitter.py took 0.250 seconds
[2026-06-07T16:36:15.165+0700] {processor.py:186} INFO - Started process (PID=3014) to work on /opt/airflow/dags/dag_scraping_twitter.py
[2026-06-07T16:36:15.166+0700] {processor.py:914} INFO - Processing file /opt/airflow/dags/dag_scraping_twitter.py for tasks to queue
[2026-06-07T16:36:15.174+0700] {logging_mixin.py:190} INFO - [2026-06-07T16:36:15.173+0700] {dagbag.py:587} INFO - Filling up the DagBag from /opt/airflow/dags/dag_scraping_twitter.py
[2026-06-07T16:36:15.209+0700] {processor.py:925} INFO - DAG(s) 'dag_scraping_twitter' retrieved from /opt/airflow/dags/dag_scraping_twitter.py
[2026-06-07T16:36:15.273+0700] {logging_mixin.py:190} INFO - [2026-06-07T16:36:15.273+0700] {dag.py:3211} INFO - Sync 1 DAGs
[2026-06-07T16:36:15.330+0700] {logging_mixin.py:190} INFO - [2026-06-07T16:36:15.330+0700] {dag.py:4138} INFO - Setting next_dagrun for dag_scraping_twitter to 2026-06-06 23:00:00+00:00, run_after=2026-06-07 11:00:00+00:00
[2026-06-07T16:36:15.408+0700] {processor.py:208} INFO - Processing /opt/airflow/dags/dag_scraping_twitter.py took 0.258 seconds
[2026-06-07T16:36:45.600+0700] {processor.py:186} INFO - Started process (PID=3042) to work on /opt/airflow/dags/dag_scraping_twitter.py
[2026-06-07T16:36:45.607+0700] {processor.py:914} INFO - Processing file /opt/airflow/dags/dag_scraping_twitter.py for tasks to queue
[2026-06-07T16:36:45.611+0700] {logging_mixin.py:190} INFO - [2026-06-07T16:36:45.611+0700] {dagbag.py:587} INFO - Filling up the DagBag from /opt/airflow/dags/dag_scraping_twitter.py
[2026-06-07T16:36:45.659+0700] {processor.py:925} INFO - DAG(s) 'dag_scraping_twitter' retrieved from /opt/airflow/dags/dag_scraping_twitter.py
[2026-06-07T16:36:45.713+0700] {logging_mixin.py:190} INFO - [2026-06-07T16:36:45.712+0700] {dag.py:3211} INFO - Sync 1 DAGs
[2026-06-07T16:36:45.770+0700] {logging_mixin.py:190} INFO - [2026-06-07T16:36:45.769+0700] {dag.py:4138} INFO - Setting next_dagrun for dag_scraping_twitter to 2026-06-06 23:00:00+00:00, run_after=2026-06-07 11:00:00+00:00
[2026-06-07T16:36:45.804+0700] {processor.py:208} INFO - Processing /opt/airflow/dags/dag_scraping_twitter.py took 0.222 seconds
[2026-06-07T16:37:15.965+0700] {processor.py:186} INFO - Started process (PID=3071) to work on /opt/airflow/dags/dag_scraping_twitter.py
[2026-06-07T16:37:15.966+0700] {processor.py:914} INFO - Processing file /opt/airflow/dags/dag_scraping_twitter.py for tasks to queue
[2026-06-07T16:37:15.971+0700] {logging_mixin.py:190} INFO - [2026-06-07T16:37:15.971+0700] {dagbag.py:587} INFO - Filling up the DagBag from /opt/airflow/dags/dag_scraping_twitter.py
[2026-06-07T16:37:16.014+0700] {processor.py:925} INFO - DAG(s) 'dag_scraping_twitter' retrieved from /opt/airflow/dags/dag_scraping_twitter.py
[2026-06-07T16:37:16.076+0700] {logging_mixin.py:190} INFO - [2026-06-07T16:37:16.076+0700] {dag.py:3211} INFO - Sync 1 DAGs
[2026-06-07T16:37:16.120+0700] {logging_mixin.py:190} INFO - [2026-06-07T16:37:16.119+0700] {dag.py:4138} INFO - Setting next_dagrun for dag_scraping_twitter to 2026-06-06 23:00:00+00:00, run_after=2026-06-07 11:00:00+00:00
[2026-06-07T16:37:16.155+0700] {processor.py:208} INFO - Processing /opt/airflow/dags/dag_scraping_twitter.py took 0.202 seconds
[2026-06-07T16:37:46.520+0700] {processor.py:186} INFO - Started process (PID=3100) to work on /opt/airflow/dags/dag_scraping_twitter.py
[2026-06-07T16:37:46.528+0700] {processor.py:914} INFO - Processing file /opt/airflow/dags/dag_scraping_twitter.py for tasks to queue
[2026-06-07T16:37:46.539+0700] {logging_mixin.py:190} INFO - [2026-06-07T16:37:46.538+0700] {dagbag.py:587} INFO - Filling up the DagBag from /opt/airflow/dags/dag_scraping_twitter.py
[2026-06-07T16:37:46.622+0700] {processor.py:925} INFO - DAG(s) 'dag_scraping_twitter' retrieved from /opt/airflow/dags/dag_scraping_twitter.py
[2026-06-07T16:37:46.737+0700] {logging_mixin.py:190} INFO - [2026-06-07T16:37:46.736+0700] {dag.py:3211} INFO - Sync 1 DAGs
[2026-06-07T16:37:46.827+0700] {logging_mixin.py:190} INFO - [2026-06-07T16:37:46.826+0700] {dag.py:4138} INFO - Setting next_dagrun for dag_scraping_twitter to 2026-06-06 23:00:00+00:00, run_after=2026-06-07 11:00:00+00:00
[2026-06-07T16:37:46.873+0700] {processor.py:208} INFO - Processing /opt/airflow/dags/dag_scraping_twitter.py took 0.399 seconds
[2026-06-07T16:38:17.282+0700] {processor.py:186} INFO - Started process (PID=3128) to work on /opt/airflow/dags/dag_scraping_twitter.py
[2026-06-07T16:38:17.285+0700] {processor.py:914} INFO - Processing file /opt/airflow/dags/dag_scraping_twitter.py for tasks to queue
[2026-06-07T16:38:17.293+0700] {logging_mixin.py:190} INFO - [2026-06-07T16:38:17.292+0700] {dagbag.py:587} INFO - Filling up the DagBag from /opt/airflow/dags/dag_scraping_twitter.py
[2026-06-07T16:38:17.398+0700] {processor.py:925} INFO - DAG(s) 'dag_scraping_twitter' retrieved from /opt/airflow/dags/dag_scraping_twitter.py
[2026-06-07T16:38:17.520+0700] {logging_mixin.py:190} INFO - [2026-06-07T16:38:17.519+0700] {dag.py:3211} INFO - Sync 1 DAGs
[2026-06-07T16:38:17.556+0700] {logging_mixin.py:190} INFO - [2026-06-07T16:38:17.556+0700] {dag.py:4138} INFO - Setting next_dagrun for dag_scraping_twitter to 2026-06-06 23:00:00+00:00, run_after=2026-06-07 11:00:00+00:00
[2026-06-07T16:38:17.590+0700] {processor.py:208} INFO - Processing /opt/airflow/dags/dag_scraping_twitter.py took 0.332 seconds
[2026-06-07T16:38:48.332+0700] {processor.py:186} INFO - Started process (PID=3156) to work on /opt/airflow/dags/dag_scraping_twitter.py
[2026-06-07T16:38:48.335+0700] {processor.py:914} INFO - Processing file /opt/airflow/dags/dag_scraping_twitter.py for tasks to queue
[2026-06-07T16:38:48.347+0700] {logging_mixin.py:190} INFO - [2026-06-07T16:38:48.346+0700] {dagbag.py:587} INFO - Filling up the DagBag from /opt/airflow/dags/dag_scraping_twitter.py
[2026-06-07T16:38:48.430+0700] {processor.py:925} INFO - DAG(s) 'dag_scraping_twitter' retrieved from /opt/airflow/dags/dag_scraping_twitter.py
[2026-06-07T16:38:48.521+0700] {logging_mixin.py:190} INFO - [2026-06-07T16:38:48.521+0700] {dag.py:3211} INFO - Sync 1 DAGs
[2026-06-07T16:38:48.596+0700] {logging_mixin.py:190} INFO - [2026-06-07T16:38:48.596+0700] {dag.py:4138} INFO - Setting next_dagrun for dag_scraping_twitter to 2026-06-06 23:00:00+00:00, run_after=2026-06-07 11:00:00+00:00
[2026-06-07T16:38:48.651+0700] {processor.py:208} INFO - Processing /opt/airflow/dags/dag_scraping_twitter.py took 0.343 seconds
[2026-06-07T16:39:19.354+0700] {processor.py:186} INFO - Started process (PID=3185) to work on /opt/airflow/dags/dag_scraping_twitter.py
[2026-06-07T16:39:19.357+0700] {processor.py:914} INFO - Processing file /opt/airflow/dags/dag_scraping_twitter.py for tasks to queue
[2026-06-07T16:39:19.366+0700] {logging_mixin.py:190} INFO - [2026-06-07T16:39:19.365+0700] {dagbag.py:587} INFO - Filling up the DagBag from /opt/airflow/dags/dag_scraping_twitter.py
[2026-06-07T16:39:19.422+0700] {processor.py:925} INFO - DAG(s) 'dag_scraping_twitter' retrieved from /opt/airflow/dags/dag_scraping_twitter.py
[2026-06-07T16:39:19.538+0700] {logging_mixin.py:190} INFO - [2026-06-07T16:39:19.538+0700] {dag.py:3211} INFO - Sync 1 DAGs
[2026-06-07T16:39:19.650+0700] {logging_mixin.py:190} INFO - [2026-06-07T16:39:19.648+0700] {dag.py:4138} INFO - Setting next_dagrun for dag_scraping_twitter to 2026-06-06 23:00:00+00:00, run_after=2026-06-07 11:00:00+00:00
[2026-06-07T16:39:19.719+0700] {processor.py:208} INFO - Processing /opt/airflow/dags/dag_scraping_twitter.py took 0.385 seconds
[2026-06-07T16:39:49.881+0700] {processor.py:186} INFO - Started process (PID=3214) to work on /opt/airflow/dags/dag_scraping_twitter.py
[2026-06-07T16:39:49.886+0700] {processor.py:914} INFO - Processing file /opt/airflow/dags/dag_scraping_twitter.py for tasks to queue
[2026-06-07T16:39:49.896+0700] {logging_mixin.py:190} INFO - [2026-06-07T16:39:49.896+0700] {dagbag.py:587} INFO - Filling up the DagBag from /opt/airflow/dags/dag_scraping_twitter.py
[2026-06-07T16:39:49.999+0700] {processor.py:925} INFO - DAG(s) 'dag_scraping_twitter' retrieved from /opt/airflow/dags/dag_scraping_twitter.py
[2026-06-07T16:39:50.421+0700] {logging_mixin.py:190} INFO - [2026-06-07T16:39:50.420+0700] {dag.py:3211} INFO - Sync 1 DAGs
[2026-06-07T16:39:50.701+0700] {logging_mixin.py:190} INFO - [2026-06-07T16:39:50.701+0700] {dag.py:4138} INFO - Setting next_dagrun for dag_scraping_twitter to 2026-06-06 23:00:00+00:00, run_after=2026-06-07 11:00:00+00:00
[2026-06-07T16:39:50.792+0700] {processor.py:208} INFO - Processing /opt/airflow/dags/dag_scraping_twitter.py took 0.964 seconds
[2026-06-07T16:40:21.478+0700] {processor.py:186} INFO - Started process (PID=3242) to work on /opt/airflow/dags/dag_scraping_twitter.py
[2026-06-07T16:40:21.481+0700] {processor.py:914} INFO - Processing file /opt/airflow/dags/dag_scraping_twitter.py for tasks to queue
[2026-06-07T16:40:21.488+0700] {logging_mixin.py:190} INFO - [2026-06-07T16:40:21.488+0700] {dagbag.py:587} INFO - Filling up the DagBag from /opt/airflow/dags/dag_scraping_twitter.py
[2026-06-07T16:40:21.541+0700] {processor.py:925} INFO - DAG(s) 'dag_scraping_twitter' retrieved from /opt/airflow/dags/dag_scraping_twitter.py
[2026-06-07T16:40:21.603+0700] {logging_mixin.py:190} INFO - [2026-06-07T16:40:21.602+0700] {dag.py:3211} INFO - Sync 1 DAGs
[2026-06-07T16:40:21.668+0700] {logging_mixin.py:190} INFO - [2026-06-07T16:40:21.668+0700] {dag.py:4138} INFO - Setting next_dagrun for dag_scraping_twitter to 2026-06-06 23:00:00+00:00, run_after=2026-06-07 11:00:00+00:00
[2026-06-07T16:40:21.722+0700] {processor.py:208} INFO - Processing /opt/airflow/dags/dag_scraping_twitter.py took 0.280 seconds
[2026-06-07T16:40:52.478+0700] {processor.py:186} INFO - Started process (PID=3276) to work on /opt/airflow/dags/dag_scraping_twitter.py
[2026-06-07T16:40:52.483+0700] {processor.py:914} INFO - Processing file /opt/airflow/dags/dag_scraping_twitter.py for tasks to queue
[2026-06-07T16:40:52.488+0700] {logging_mixin.py:190} INFO - [2026-06-07T16:40:52.486+0700] {dagbag.py:587} INFO - Filling up the DagBag from /opt/airflow/dags/dag_scraping_twitter.py
[2026-06-07T16:40:52.554+0700] {processor.py:925} INFO - DAG(s) 'dag_scraping_twitter' retrieved from /opt/airflow/dags/dag_scraping_twitter.py
[2026-06-07T16:40:52.603+0700] {logging_mixin.py:190} INFO - [2026-06-07T16:40:52.603+0700] {dag.py:3211} INFO - Sync 1 DAGs
[2026-06-07T16:40:52.992+0700] {logging_mixin.py:190} INFO - [2026-06-07T16:40:52.992+0700] {dag.py:4138} INFO - Setting next_dagrun for dag_scraping_twitter to 2026-06-06 23:00:00+00:00, run_after=2026-06-07 11:00:00+00:00
[2026-06-07T16:40:53.140+0700] {processor.py:208} INFO - Processing /opt/airflow/dags/dag_scraping_twitter.py took 0.674 seconds
[2026-06-07T16:41:23.888+0700] {processor.py:186} INFO - Started process (PID=3304) to work on /opt/airflow/dags/dag_scraping_twitter.py
[2026-06-07T16:41:23.895+0700] {processor.py:914} INFO - Processing file /opt/airflow/dags/dag_scraping_twitter.py for tasks to queue
[2026-06-07T16:41:23.914+0700] {logging_mixin.py:190} INFO - [2026-06-07T16:41:23.913+0700] {dagbag.py:587} INFO - Filling up the DagBag from /opt/airflow/dags/dag_scraping_twitter.py
[2026-06-07T16:41:24.019+0700] {processor.py:925} INFO - DAG(s) 'dag_scraping_twitter' retrieved from /opt/airflow/dags/dag_scraping_twitter.py
[2026-06-07T16:41:24.157+0700] {logging_mixin.py:190} INFO - [2026-06-07T16:41:24.156+0700] {dag.py:3211} INFO - Sync 1 DAGs
[2026-06-07T16:41:24.282+0700] {logging_mixin.py:190} INFO - [2026-06-07T16:41:24.278+0700] {dag.py:4138} INFO - Setting next_dagrun for dag_scraping_twitter to 2026-06-06 23:00:00+00:00, run_after=2026-06-07 11:00:00+00:00
[2026-06-07T16:41:24.346+0700] {processor.py:208} INFO - Processing /opt/airflow/dags/dag_scraping_twitter.py took 0.529 seconds
[2026-06-07T16:41:54.895+0700] {processor.py:186} INFO - Started process (PID=3333) to work on /opt/airflow/dags/dag_scraping_twitter.py
[2026-06-07T16:41:54.897+0700] {processor.py:914} INFO - Processing file /opt/airflow/dags/dag_scraping_twitter.py for tasks to queue
[2026-06-07T16:41:54.908+0700] {logging_mixin.py:190} INFO - [2026-06-07T16:41:54.907+0700] {dagbag.py:587} INFO - Filling up the DagBag from /opt/airflow/dags/dag_scraping_twitter.py
[2026-06-07T16:41:54.984+0700] {processor.py:925} INFO - DAG(s) 'dag_scraping_twitter' retrieved from /opt/airflow/dags/dag_scraping_twitter.py
[2026-06-07T16:41:55.063+0700] {logging_mixin.py:190} INFO - [2026-06-07T16:41:55.063+0700] {dag.py:3211} INFO - Sync 1 DAGs
[2026-06-07T16:41:55.142+0700] {logging_mixin.py:190} INFO - [2026-06-07T16:41:55.142+0700] {dag.py:4138} INFO - Setting next_dagrun for dag_scraping_twitter to 2026-06-06 23:00:00+00:00, run_after=2026-06-07 11:00:00+00:00
[2026-06-07T16:41:55.193+0700] {processor.py:208} INFO - Processing /opt/airflow/dags/dag_scraping_twitter.py took 0.308 seconds
[2026-06-07T16:42:25.390+0700] {processor.py:186} INFO - Started process (PID=3361) to work on /opt/airflow/dags/dag_scraping_twitter.py
[2026-06-07T16:42:25.393+0700] {processor.py:914} INFO - Processing file /opt/airflow/dags/dag_scraping_twitter.py for tasks to queue
[2026-06-07T16:42:25.399+0700] {logging_mixin.py:190} INFO - [2026-06-07T16:42:25.399+0700] {dagbag.py:587} INFO - Filling up the DagBag from /opt/airflow/dags/dag_scraping_twitter.py
[2026-06-07T16:42:25.445+0700] {processor.py:925} INFO - DAG(s) 'dag_scraping_twitter' retrieved from /opt/airflow/dags/dag_scraping_twitter.py
[2026-06-07T16:42:25.491+0700] {logging_mixin.py:190} INFO - [2026-06-07T16:42:25.490+0700] {dag.py:3211} INFO - Sync 1 DAGs
[2026-06-07T16:42:25.544+0700] {logging_mixin.py:190} INFO - [2026-06-07T16:42:25.544+0700] {dag.py:4138} INFO - Setting next_dagrun for dag_scraping_twitter to 2026-06-06 23:00:00+00:00, run_after=2026-06-07 11:00:00+00:00
[2026-06-07T16:42:25.586+0700] {processor.py:208} INFO - Processing /opt/airflow/dags/dag_scraping_twitter.py took 0.221 seconds
[2026-06-07T16:42:55.995+0700] {processor.py:186} INFO - Started process (PID=3390) to work on /opt/airflow/dags/dag_scraping_twitter.py
[2026-06-07T16:42:55.998+0700] {processor.py:914} INFO - Processing file /opt/airflow/dags/dag_scraping_twitter.py for tasks to queue
[2026-06-07T16:42:56.001+0700] {logging_mixin.py:190} INFO - [2026-06-07T16:42:56.001+0700] {dagbag.py:587} INFO - Filling up the DagBag from /opt/airflow/dags/dag_scraping_twitter.py
[2026-06-07T16:42:56.038+0700] {processor.py:925} INFO - DAG(s) 'dag_scraping_twitter' retrieved from /opt/airflow/dags/dag_scraping_twitter.py
[2026-06-07T16:42:56.085+0700] {logging_mixin.py:190} INFO - [2026-06-07T16:42:56.085+0700] {dag.py:3211} INFO - Sync 1 DAGs
[2026-06-07T16:42:56.123+0700] {logging_mixin.py:190} INFO - [2026-06-07T16:42:56.123+0700] {dag.py:4138} INFO - Setting next_dagrun for dag_scraping_twitter to 2026-06-06 23:00:00+00:00, run_after=2026-06-07 11:00:00+00:00
[2026-06-07T16:42:56.156+0700] {processor.py:208} INFO - Processing /opt/airflow/dags/dag_scraping_twitter.py took 0.173 seconds
[2026-06-07T16:43:26.732+0700] {processor.py:186} INFO - Started process (PID=3418) to work on /opt/airflow/dags/dag_scraping_twitter.py
[2026-06-07T16:43:26.734+0700] {processor.py:914} INFO - Processing file /opt/airflow/dags/dag_scraping_twitter.py for tasks to queue
[2026-06-07T16:43:26.741+0700] {logging_mixin.py:190} INFO - [2026-06-07T16:43:26.740+0700] {dagbag.py:587} INFO - Filling up the DagBag from /opt/airflow/dags/dag_scraping_twitter.py
[2026-06-07T16:43:26.791+0700] {processor.py:925} INFO - DAG(s) 'dag_scraping_twitter' retrieved from /opt/airflow/dags/dag_scraping_twitter.py
[2026-06-07T16:43:26.849+0700] {logging_mixin.py:190} INFO - [2026-06-07T16:43:26.847+0700] {dag.py:3211} INFO - Sync 1 DAGs
[2026-06-07T16:43:26.896+0700] {logging_mixin.py:190} INFO - [2026-06-07T16:43:26.895+0700] {dag.py:4138} INFO - Setting next_dagrun for dag_scraping_twitter to 2026-06-06 23:00:00+00:00, run_after=2026-06-07 11:00:00+00:00
[2026-06-07T16:43:26.925+0700] {processor.py:208} INFO - Processing /opt/airflow/dags/dag_scraping_twitter.py took 0.212 seconds
[2026-06-07T16:43:56.958+0700] {processor.py:186} INFO - Started process (PID=3446) to work on /opt/airflow/dags/dag_scraping_twitter.py
[2026-06-07T16:43:56.959+0700] {processor.py:914} INFO - Processing file /opt/airflow/dags/dag_scraping_twitter.py for tasks to queue
[2026-06-07T16:43:56.984+0700] {logging_mixin.py:190} INFO - [2026-06-07T16:43:56.984+0700] {dagbag.py:587} INFO - Filling up the DagBag from /opt/airflow/dags/dag_scraping_twitter.py
[2026-06-07T16:43:57.026+0700] {processor.py:925} INFO - DAG(s) 'dag_scraping_twitter' retrieved from /opt/airflow/dags/dag_scraping_twitter.py
[2026-06-07T16:43:57.184+0700] {logging_mixin.py:190} INFO - [2026-06-07T16:43:57.183+0700] {dag.py:3211} INFO - Sync 1 DAGs
[2026-06-07T16:43:57.311+0700] {logging_mixin.py:190} INFO - [2026-06-07T16:43:57.311+0700] {dag.py:4138} INFO - Setting next_dagrun for dag_scraping_twitter to 2026-06-06 23:00:00+00:00, run_after=2026-06-07 11:00:00+00:00
[2026-06-07T16:43:57.380+0700] {processor.py:208} INFO - Processing /opt/airflow/dags/dag_scraping_twitter.py took 0.429 seconds
[2026-06-07T16:44:27.785+0700] {processor.py:186} INFO - Started process (PID=3481) to work on /opt/airflow/dags/dag_scraping_twitter.py
[2026-06-07T16:44:27.786+0700] {processor.py:914} INFO - Processing file /opt/airflow/dags/dag_scraping_twitter.py for tasks to queue
[2026-06-07T16:44:27.790+0700] {logging_mixin.py:190} INFO - [2026-06-07T16:44:27.790+0700] {dagbag.py:587} INFO - Filling up the DagBag from /opt/airflow/dags/dag_scraping_twitter.py
[2026-06-07T16:44:27.817+0700] {processor.py:925} INFO - DAG(s) 'dag_scraping_twitter' retrieved from /opt/airflow/dags/dag_scraping_twitter.py
[2026-06-07T16:44:27.860+0700] {logging_mixin.py:190} INFO - [2026-06-07T16:44:27.860+0700] {dag.py:3211} INFO - Sync 1 DAGs
[2026-06-07T16:44:27.896+0700] {logging_mixin.py:190} INFO - [2026-06-07T16:44:27.896+0700] {dag.py:4138} INFO - Setting next_dagrun for dag_scraping_twitter to 2026-06-06 23:00:00+00:00, run_after=2026-06-07 11:00:00+00:00
[2026-06-07T16:44:27.923+0700] {processor.py:208} INFO - Processing /opt/airflow/dags/dag_scraping_twitter.py took 0.148 seconds
[2026-06-07T16:44:58.520+0700] {processor.py:186} INFO - Started process (PID=3509) to work on /opt/airflow/dags/dag_scraping_twitter.py
[2026-06-07T16:44:58.530+0700] {processor.py:914} INFO - Processing file /opt/airflow/dags/dag_scraping_twitter.py for tasks to queue
[2026-06-07T16:44:58.546+0700] {logging_mixin.py:190} INFO - [2026-06-07T16:44:58.545+0700] {dagbag.py:587} INFO - Filling up the DagBag from /opt/airflow/dags/dag_scraping_twitter.py
[2026-06-07T16:44:58.676+0700] {processor.py:925} INFO - DAG(s) 'dag_scraping_twitter' retrieved from /opt/airflow/dags/dag_scraping_twitter.py
[2026-06-07T16:44:58.759+0700] {logging_mixin.py:190} INFO - [2026-06-07T16:44:58.759+0700] {dag.py:3211} INFO - Sync 1 DAGs
[2026-06-07T16:44:58.828+0700] {logging_mixin.py:190} INFO - [2026-06-07T16:44:58.826+0700] {dag.py:4138} INFO - Setting next_dagrun for dag_scraping_twitter to 2026-06-06 23:00:00+00:00, run_after=2026-06-07 11:00:00+00:00
[2026-06-07T16:44:58.942+0700] {processor.py:208} INFO - Processing /opt/airflow/dags/dag_scraping_twitter.py took 0.451 seconds
[2026-06-07T16:45:29.436+0700] {processor.py:186} INFO - Started process (PID=3537) to work on /opt/airflow/dags/dag_scraping_twitter.py
[2026-06-07T16:45:29.439+0700] {processor.py:914} INFO - Processing file /opt/airflow/dags/dag_scraping_twitter.py for tasks to queue
[2026-06-07T16:45:29.443+0700] {logging_mixin.py:190} INFO - [2026-06-07T16:45:29.442+0700] {dagbag.py:587} INFO - Filling up the DagBag from /opt/airflow/dags/dag_scraping_twitter.py
[2026-06-07T16:45:29.490+0700] {processor.py:925} INFO - DAG(s) 'dag_scraping_twitter' retrieved from /opt/airflow/dags/dag_scraping_twitter.py
[2026-06-07T16:45:29.544+0700] {logging_mixin.py:190} INFO - [2026-06-07T16:45:29.544+0700] {dag.py:3211} INFO - Sync 1 DAGs
[2026-06-07T16:45:29.605+0700] {logging_mixin.py:190} INFO - [2026-06-07T16:45:29.605+0700] {dag.py:4138} INFO - Setting next_dagrun for dag_scraping_twitter to 2026-06-06 23:00:00+00:00, run_after=2026-06-07 11:00:00+00:00
[2026-06-07T16:45:29.687+0700] {processor.py:208} INFO - Processing /opt/airflow/dags/dag_scraping_twitter.py took 0.262 seconds
[2026-06-07T16:46:00.508+0700] {processor.py:186} INFO - Started process (PID=3565) to work on /opt/airflow/dags/dag_scraping_twitter.py
[2026-06-07T16:46:00.514+0700] {processor.py:914} INFO - Processing file /opt/airflow/dags/dag_scraping_twitter.py for tasks to queue
[2026-06-07T16:46:00.523+0700] {logging_mixin.py:190} INFO - [2026-06-07T16:46:00.522+0700] {dagbag.py:587} INFO - Filling up the DagBag from /opt/airflow/dags/dag_scraping_twitter.py
[2026-06-07T16:46:00.559+0700] {processor.py:925} INFO - DAG(s) 'dag_scraping_twitter' retrieved from /opt/airflow/dags/dag_scraping_twitter.py
[2026-06-07T16:46:00.605+0700] {logging_mixin.py:190} INFO - [2026-06-07T16:46:00.604+0700] {dag.py:3211} INFO - Sync 1 DAGs
[2026-06-07T16:46:00.646+0700] {logging_mixin.py:190} INFO - [2026-06-07T16:46:00.645+0700] {dag.py:4138} INFO - Setting next_dagrun for dag_scraping_twitter to 2026-06-06 23:00:00+00:00, run_after=2026-06-07 11:00:00+00:00
[2026-06-07T16:46:00.680+0700] {processor.py:208} INFO - Processing /opt/airflow/dags/dag_scraping_twitter.py took 0.182 seconds
[2026-06-07T16:46:31.250+0700] {processor.py:186} INFO - Started process (PID=3593) to work on /opt/airflow/dags/dag_scraping_twitter.py
[2026-06-07T16:46:31.252+0700] {processor.py:914} INFO - Processing file /opt/airflow/dags/dag_scraping_twitter.py for tasks to queue
[2026-06-07T16:46:31.257+0700] {logging_mixin.py:190} INFO - [2026-06-07T16:46:31.257+0700] {dagbag.py:587} INFO - Filling up the DagBag from /opt/airflow/dags/dag_scraping_twitter.py
[2026-06-07T16:46:31.295+0700] {processor.py:925} INFO - DAG(s) 'dag_scraping_twitter' retrieved from /opt/airflow/dags/dag_scraping_twitter.py
[2026-06-07T16:46:31.350+0700] {logging_mixin.py:190} INFO - [2026-06-07T16:46:31.349+0700] {dag.py:3211} INFO - Sync 1 DAGs
[2026-06-07T16:46:31.388+0700] {logging_mixin.py:190} INFO - [2026-06-07T16:46:31.388+0700] {dag.py:4138} INFO - Setting next_dagrun for dag_scraping_twitter to 2026-06-06 23:00:00+00:00, run_after=2026-06-07 11:00:00+00:00
[2026-06-07T16:46:31.440+0700] {processor.py:208} INFO - Processing /opt/airflow/dags/dag_scraping_twitter.py took 0.204 seconds
[2026-06-07T16:47:02.134+0700] {processor.py:186} INFO - Started process (PID=3621) to work on /opt/airflow/dags/dag_scraping_twitter.py
[2026-06-07T16:47:02.135+0700] {processor.py:914} INFO - Processing file /opt/airflow/dags/dag_scraping_twitter.py for tasks to queue
[2026-06-07T16:47:02.143+0700] {logging_mixin.py:190} INFO - [2026-06-07T16:47:02.141+0700] {dagbag.py:587} INFO - Filling up the DagBag from /opt/airflow/dags/dag_scraping_twitter.py
[2026-06-07T16:47:02.177+0700] {processor.py:925} INFO - DAG(s) 'dag_scraping_twitter' retrieved from /opt/airflow/dags/dag_scraping_twitter.py
[2026-06-07T16:47:02.215+0700] {logging_mixin.py:190} INFO - [2026-06-07T16:47:02.215+0700] {dag.py:3211} INFO - Sync 1 DAGs
[2026-06-07T16:47:02.253+0700] {logging_mixin.py:190} INFO - [2026-06-07T16:47:02.253+0700] {dag.py:4138} INFO - Setting next_dagrun for dag_scraping_twitter to 2026-06-06 23:00:00+00:00, run_after=2026-06-07 11:00:00+00:00
[2026-06-07T16:47:02.282+0700] {processor.py:208} INFO - Processing /opt/airflow/dags/dag_scraping_twitter.py took 0.167 seconds
[2026-06-07T16:47:32.897+0700] {processor.py:186} INFO - Started process (PID=3655) to work on /opt/airflow/dags/dag_scraping_twitter.py
[2026-06-07T16:47:32.898+0700] {processor.py:914} INFO - Processing file /opt/airflow/dags/dag_scraping_twitter.py for tasks to queue
[2026-06-07T16:47:32.902+0700] {logging_mixin.py:190} INFO - [2026-06-07T16:47:32.902+0700] {dagbag.py:587} INFO - Filling up the DagBag from /opt/airflow/dags/dag_scraping_twitter.py
[2026-06-07T16:47:32.929+0700] {processor.py:925} INFO - DAG(s) 'dag_scraping_twitter' retrieved from /opt/airflow/dags/dag_scraping_twitter.py
[2026-06-07T16:47:32.982+0700] {logging_mixin.py:190} INFO - [2026-06-07T16:47:32.982+0700] {dag.py:3211} INFO - Sync 1 DAGs
[2026-06-07T16:47:33.043+0700] {logging_mixin.py:190} INFO - [2026-06-07T16:47:33.043+0700] {dag.py:4138} INFO - Setting next_dagrun for dag_scraping_twitter to 2026-06-06 23:00:00+00:00, run_after=2026-06-07 11:00:00+00:00
[2026-06-07T16:47:33.074+0700] {processor.py:208} INFO - Processing /opt/airflow/dags/dag_scraping_twitter.py took 0.187 seconds
[2026-06-07T16:48:03.380+0700] {processor.py:186} INFO - Started process (PID=3683) to work on /opt/airflow/dags/dag_scraping_twitter.py
[2026-06-07T16:48:03.382+0700] {processor.py:914} INFO - Processing file /opt/airflow/dags/dag_scraping_twitter.py for tasks to queue
[2026-06-07T16:48:03.386+0700] {logging_mixin.py:190} INFO - [2026-06-07T16:48:03.386+0700] {dagbag.py:587} INFO - Filling up the DagBag from /opt/airflow/dags/dag_scraping_twitter.py
[2026-06-07T16:48:03.412+0700] {processor.py:925} INFO - DAG(s) 'dag_scraping_twitter' retrieved from /opt/airflow/dags/dag_scraping_twitter.py
[2026-06-07T16:48:03.454+0700] {logging_mixin.py:190} INFO - [2026-06-07T16:48:03.454+0700] {dag.py:3211} INFO - Sync 1 DAGs
[2026-06-07T16:48:03.500+0700] {logging_mixin.py:190} INFO - [2026-06-07T16:48:03.499+0700] {dag.py:4138} INFO - Setting next_dagrun for dag_scraping_twitter to 2026-06-06 23:00:00+00:00, run_after=2026-06-07 11:00:00+00:00
[2026-06-07T16:48:03.526+0700] {processor.py:208} INFO - Processing /opt/airflow/dags/dag_scraping_twitter.py took 0.155 seconds
[2026-06-07T16:48:33.641+0700] {processor.py:186} INFO - Started process (PID=3711) to work on /opt/airflow/dags/dag_scraping_twitter.py
[2026-06-07T16:48:33.642+0700] {processor.py:914} INFO - Processing file /opt/airflow/dags/dag_scraping_twitter.py for tasks to queue
[2026-06-07T16:48:33.648+0700] {logging_mixin.py:190} INFO - [2026-06-07T16:48:33.646+0700] {dagbag.py:587} INFO - Filling up the DagBag from /opt/airflow/dags/dag_scraping_twitter.py
[2026-06-07T16:48:33.674+0700] {processor.py:925} INFO - DAG(s) 'dag_scraping_twitter' retrieved from /opt/airflow/dags/dag_scraping_twitter.py
[2026-06-07T16:48:33.718+0700] {logging_mixin.py:190} INFO - [2026-06-07T16:48:33.718+0700] {dag.py:3211} INFO - Sync 1 DAGs
[2026-06-07T16:48:33.773+0700] {logging_mixin.py:190} INFO - [2026-06-07T16:48:33.773+0700] {dag.py:4138} INFO - Setting next_dagrun for dag_scraping_twitter to 2026-06-06 23:00:00+00:00, run_after=2026-06-07 11:00:00+00:00
[2026-06-07T16:48:33.825+0700] {processor.py:208} INFO - Processing /opt/airflow/dags/dag_scraping_twitter.py took 0.193 seconds
[2026-06-07T16:50:11.169+0700] {processor.py:186} INFO - Started process (PID=176) to work on /opt/airflow/dags/dag_scraping_twitter.py
[2026-06-07T16:50:11.174+0700] {processor.py:914} INFO - Processing file /opt/airflow/dags/dag_scraping_twitter.py for tasks to queue
[2026-06-07T16:50:11.178+0700] {logging_mixin.py:190} INFO - [2026-06-07T16:50:11.178+0700] {dagbag.py:587} INFO - Filling up the DagBag from /opt/airflow/dags/dag_scraping_twitter.py
[2026-06-07T16:50:11.243+0700] {processor.py:925} INFO - DAG(s) 'dag_scraping_twitter' retrieved from /opt/airflow/dags/dag_scraping_twitter.py
[2026-06-07T16:50:11.419+0700] {logging_mixin.py:190} INFO - [2026-06-07T16:50:11.419+0700] {dag.py:3211} INFO - Sync 1 DAGs
[2026-06-07T16:50:11.493+0700] {logging_mixin.py:190} INFO - [2026-06-07T16:50:11.492+0700] {dag.py:4138} INFO - Setting next_dagrun for dag_scraping_twitter to 2026-06-06 23:00:00+00:00, run_after=2026-06-07 11:00:00+00:00
[2026-06-07T16:50:11.546+0700] {processor.py:208} INFO - Processing /opt/airflow/dags/dag_scraping_twitter.py took 0.396 seconds
[2026-06-07T16:50:41.870+0700] {processor.py:186} INFO - Started process (PID=205) to work on /opt/airflow/dags/dag_scraping_twitter.py
[2026-06-07T16:50:41.872+0700] {processor.py:914} INFO - Processing file /opt/airflow/dags/dag_scraping_twitter.py for tasks to queue
[2026-06-07T16:50:41.875+0700] {logging_mixin.py:190} INFO - [2026-06-07T16:50:41.874+0700] {dagbag.py:587} INFO - Filling up the DagBag from /opt/airflow/dags/dag_scraping_twitter.py
[2026-06-07T16:50:41.918+0700] {processor.py:925} INFO - DAG(s) 'dag_scraping_twitter' retrieved from /opt/airflow/dags/dag_scraping_twitter.py
[2026-06-07T16:50:41.980+0700] {logging_mixin.py:190} INFO - [2026-06-07T16:50:41.980+0700] {dag.py:3211} INFO - Sync 1 DAGs
[2026-06-07T16:50:42.041+0700] {logging_mixin.py:190} INFO - [2026-06-07T16:50:42.041+0700] {dag.py:4138} INFO - Setting next_dagrun for dag_scraping_twitter to 2026-06-06 23:00:00+00:00, run_after=2026-06-07 11:00:00+00:00
[2026-06-07T16:50:42.081+0700] {processor.py:208} INFO - Processing /opt/airflow/dags/dag_scraping_twitter.py took 0.220 seconds
[2026-06-07T16:51:12.288+0700] {processor.py:186} INFO - Started process (PID=233) to work on /opt/airflow/dags/dag_scraping_twitter.py
[2026-06-07T16:51:12.293+0700] {processor.py:914} INFO - Processing file /opt/airflow/dags/dag_scraping_twitter.py for tasks to queue
[2026-06-07T16:51:12.302+0700] {logging_mixin.py:190} INFO - [2026-06-07T16:51:12.301+0700] {dagbag.py:587} INFO - Filling up the DagBag from /opt/airflow/dags/dag_scraping_twitter.py
[2026-06-07T16:51:12.383+0700] {processor.py:925} INFO - DAG(s) 'dag_scraping_twitter' retrieved from /opt/airflow/dags/dag_scraping_twitter.py
[2026-06-07T16:51:12.458+0700] {logging_mixin.py:190} INFO - [2026-06-07T16:51:12.458+0700] {dag.py:3211} INFO - Sync 1 DAGs
[2026-06-07T16:51:12.496+0700] {logging_mixin.py:190} INFO - [2026-06-07T16:51:12.496+0700] {dag.py:4138} INFO - Setting next_dagrun for dag_scraping_twitter to 2026-06-06 23:00:00+00:00, run_after=2026-06-07 11:00:00+00:00
[2026-06-07T16:51:12.529+0700] {processor.py:208} INFO - Processing /opt/airflow/dags/dag_scraping_twitter.py took 0.252 seconds
[2026-06-07T16:51:42.809+0700] {processor.py:186} INFO - Started process (PID=261) to work on /opt/airflow/dags/dag_scraping_twitter.py
[2026-06-07T16:51:42.813+0700] {processor.py:914} INFO - Processing file /opt/airflow/dags/dag_scraping_twitter.py for tasks to queue
[2026-06-07T16:51:42.817+0700] {logging_mixin.py:190} INFO - [2026-06-07T16:51:42.817+0700] {dagbag.py:587} INFO - Filling up the DagBag from /opt/airflow/dags/dag_scraping_twitter.py
[2026-06-07T16:51:42.852+0700] {processor.py:925} INFO - DAG(s) 'dag_scraping_twitter' retrieved from /opt/airflow/dags/dag_scraping_twitter.py
[2026-06-07T16:51:42.898+0700] {logging_mixin.py:190} INFO - [2026-06-07T16:51:42.897+0700] {dag.py:3211} INFO - Sync 1 DAGs
[2026-06-07T16:51:42.933+0700] {logging_mixin.py:190} INFO - [2026-06-07T16:51:42.932+0700] {dag.py:4138} INFO - Setting next_dagrun for dag_scraping_twitter to 2026-06-06 23:00:00+00:00, run_after=2026-06-07 11:00:00+00:00
[2026-06-07T16:51:42.970+0700] {processor.py:208} INFO - Processing /opt/airflow/dags/dag_scraping_twitter.py took 0.172 seconds
[2026-06-07T16:52:13.336+0700] {processor.py:186} INFO - Started process (PID=295) to work on /opt/airflow/dags/dag_scraping_twitter.py
[2026-06-07T16:52:13.343+0700] {processor.py:914} INFO - Processing file /opt/airflow/dags/dag_scraping_twitter.py for tasks to queue
[2026-06-07T16:52:13.348+0700] {logging_mixin.py:190} INFO - [2026-06-07T16:52:13.348+0700] {dagbag.py:587} INFO - Filling up the DagBag from /opt/airflow/dags/dag_scraping_twitter.py
[2026-06-07T16:52:13.377+0700] {processor.py:925} INFO - DAG(s) 'dag_scraping_twitter' retrieved from /opt/airflow/dags/dag_scraping_twitter.py
[2026-06-07T16:52:13.412+0700] {logging_mixin.py:190} INFO - [2026-06-07T16:52:13.411+0700] {dag.py:3211} INFO - Sync 1 DAGs
[2026-06-07T16:52:13.445+0700] {logging_mixin.py:190} INFO - [2026-06-07T16:52:13.445+0700] {dag.py:4138} INFO - Setting next_dagrun for dag_scraping_twitter to 2026-06-06 23:00:00+00:00, run_after=2026-06-07 11:00:00+00:00
[2026-06-07T16:52:13.473+0700] {processor.py:208} INFO - Processing /opt/airflow/dags/dag_scraping_twitter.py took 0.147 seconds
[2026-06-07T16:52:43.685+0700] {processor.py:186} INFO - Started process (PID=323) to work on /opt/airflow/dags/dag_scraping_twitter.py
[2026-06-07T16:52:43.687+0700] {processor.py:914} INFO - Processing file /opt/airflow/dags/dag_scraping_twitter.py for tasks to queue
[2026-06-07T16:52:43.691+0700] {logging_mixin.py:190} INFO - [2026-06-07T16:52:43.691+0700] {dagbag.py:587} INFO - Filling up the DagBag from /opt/airflow/dags/dag_scraping_twitter.py
[2026-06-07T16:52:43.729+0700] {processor.py:925} INFO - DAG(s) 'dag_scraping_twitter' retrieved from /opt/airflow/dags/dag_scraping_twitter.py
[2026-06-07T16:52:43.795+0700] {logging_mixin.py:190} INFO - [2026-06-07T16:52:43.794+0700] {dag.py:3211} INFO - Sync 1 DAGs
[2026-06-07T16:52:43.833+0700] {logging_mixin.py:190} INFO - [2026-06-07T16:52:43.833+0700] {dag.py:4138} INFO - Setting next_dagrun for dag_scraping_twitter to 2026-06-06 23:00:00+00:00, run_after=2026-06-07 11:00:00+00:00
[2026-06-07T16:52:43.866+0700] {processor.py:208} INFO - Processing /opt/airflow/dags/dag_scraping_twitter.py took 0.190 seconds
[2026-06-07T16:53:14.134+0700] {processor.py:186} INFO - Started process (PID=351) to work on /opt/airflow/dags/dag_scraping_twitter.py
[2026-06-07T16:53:14.136+0700] {processor.py:914} INFO - Processing file /opt/airflow/dags/dag_scraping_twitter.py for tasks to queue
[2026-06-07T16:53:14.139+0700] {logging_mixin.py:190} INFO - [2026-06-07T16:53:14.138+0700] {dagbag.py:587} INFO - Filling up the DagBag from /opt/airflow/dags/dag_scraping_twitter.py
[2026-06-07T16:53:14.170+0700] {processor.py:925} INFO - DAG(s) 'dag_scraping_twitter' retrieved from /opt/airflow/dags/dag_scraping_twitter.py
[2026-06-07T16:53:14.206+0700] {logging_mixin.py:190} INFO - [2026-06-07T16:53:14.205+0700] {dag.py:3211} INFO - Sync 1 DAGs
[2026-06-07T16:53:14.240+0700] {logging_mixin.py:190} INFO - [2026-06-07T16:53:14.239+0700] {dag.py:4138} INFO - Setting next_dagrun for dag_scraping_twitter to 2026-06-06 23:00:00+00:00, run_after=2026-06-07 11:00:00+00:00
[2026-06-07T16:53:14.266+0700] {processor.py:208} INFO - Processing /opt/airflow/dags/dag_scraping_twitter.py took 0.141 seconds
[2026-06-07T16:53:44.602+0700] {processor.py:186} INFO - Started process (PID=380) to work on /opt/airflow/dags/dag_scraping_twitter.py
[2026-06-07T16:53:44.603+0700] {processor.py:914} INFO - Processing file /opt/airflow/dags/dag_scraping_twitter.py for tasks to queue
[2026-06-07T16:53:44.610+0700] {logging_mixin.py:190} INFO - [2026-06-07T16:53:44.609+0700] {dagbag.py:587} INFO - Filling up the DagBag from /opt/airflow/dags/dag_scraping_twitter.py
[2026-06-07T16:53:44.743+0700] {processor.py:925} INFO - DAG(s) 'dag_scraping_twitter' retrieved from /opt/airflow/dags/dag_scraping_twitter.py
[2026-06-07T16:53:44.834+0700] {logging_mixin.py:190} INFO - [2026-06-07T16:53:44.833+0700] {dag.py:3211} INFO - Sync 1 DAGs
[2026-06-07T16:53:44.911+0700] {logging_mixin.py:190} INFO - [2026-06-07T16:53:44.909+0700] {dag.py:4138} INFO - Setting next_dagrun for dag_scraping_twitter to 2026-06-06 23:00:00+00:00, run_after=2026-06-07 11:00:00+00:00
[2026-06-07T16:53:44.971+0700] {processor.py:208} INFO - Processing /opt/airflow/dags/dag_scraping_twitter.py took 0.380 seconds
[2026-06-07T16:54:15.285+0700] {processor.py:186} INFO - Started process (PID=408) to work on /opt/airflow/dags/dag_scraping_twitter.py
[2026-06-07T16:54:15.287+0700] {processor.py:914} INFO - Processing file /opt/airflow/dags/dag_scraping_twitter.py for tasks to queue
[2026-06-07T16:54:15.292+0700] {logging_mixin.py:190} INFO - [2026-06-07T16:54:15.291+0700] {dagbag.py:587} INFO - Filling up the DagBag from /opt/airflow/dags/dag_scraping_twitter.py
[2026-06-07T16:54:15.320+0700] {processor.py:925} INFO - DAG(s) 'dag_scraping_twitter' retrieved from /opt/airflow/dags/dag_scraping_twitter.py
[2026-06-07T16:54:15.362+0700] {logging_mixin.py:190} INFO - [2026-06-07T16:54:15.362+0700] {dag.py:3211} INFO - Sync 1 DAGs
[2026-06-07T16:54:15.403+0700] {logging_mixin.py:190} INFO - [2026-06-07T16:54:15.402+0700] {dag.py:4138} INFO - Setting next_dagrun for dag_scraping_twitter to 2026-06-06 23:00:00+00:00, run_after=2026-06-07 11:00:00+00:00
[2026-06-07T16:54:15.432+0700] {processor.py:208} INFO - Processing /opt/airflow/dags/dag_scraping_twitter.py took 0.156 seconds
[2026-06-07T16:54:45.542+0700] {processor.py:186} INFO - Started process (PID=436) to work on /opt/airflow/dags/dag_scraping_twitter.py
[2026-06-07T16:54:45.544+0700] {processor.py:914} INFO - Processing file /opt/airflow/dags/dag_scraping_twitter.py for tasks to queue
[2026-06-07T16:54:45.548+0700] {logging_mixin.py:190} INFO - [2026-06-07T16:54:45.547+0700] {dagbag.py:587} INFO - Filling up the DagBag from /opt/airflow/dags/dag_scraping_twitter.py
[2026-06-07T16:54:45.575+0700] {processor.py:925} INFO - DAG(s) 'dag_scraping_twitter' retrieved from /opt/airflow/dags/dag_scraping_twitter.py
[2026-06-07T16:54:45.611+0700] {logging_mixin.py:190} INFO - [2026-06-07T16:54:45.611+0700] {dag.py:3211} INFO - Sync 1 DAGs
[2026-06-07T16:54:45.645+0700] {logging_mixin.py:190} INFO - [2026-06-07T16:54:45.645+0700] {dag.py:4138} INFO - Setting next_dagrun for dag_scraping_twitter to 2026-06-06 23:00:00+00:00, run_after=2026-06-07 11:00:00+00:00
[2026-06-07T16:54:45.678+0700] {processor.py:208} INFO - Processing /opt/airflow/dags/dag_scraping_twitter.py took 0.144 seconds
[2026-06-07T16:55:16.070+0700] {processor.py:186} INFO - Started process (PID=465) to work on /opt/airflow/dags/dag_scraping_twitter.py
[2026-06-07T16:55:16.072+0700] {processor.py:914} INFO - Processing file /opt/airflow/dags/dag_scraping_twitter.py for tasks to queue
[2026-06-07T16:55:16.076+0700] {logging_mixin.py:190} INFO - [2026-06-07T16:55:16.076+0700] {dagbag.py:587} INFO - Filling up the DagBag from /opt/airflow/dags/dag_scraping_twitter.py
[2026-06-07T16:55:16.108+0700] {processor.py:925} INFO - DAG(s) 'dag_scraping_twitter' retrieved from /opt/airflow/dags/dag_scraping_twitter.py
[2026-06-07T16:55:16.147+0700] {logging_mixin.py:190} INFO - [2026-06-07T16:55:16.147+0700] {dag.py:3211} INFO - Sync 1 DAGs
[2026-06-07T16:55:16.186+0700] {logging_mixin.py:190} INFO - [2026-06-07T16:55:16.185+0700] {dag.py:4138} INFO - Setting next_dagrun for dag_scraping_twitter to 2026-06-06 23:00:00+00:00, run_after=2026-06-07 11:00:00+00:00
[2026-06-07T16:55:16.216+0700] {processor.py:208} INFO - Processing /opt/airflow/dags/dag_scraping_twitter.py took 0.157 seconds
[2026-06-07T16:55:46.461+0700] {processor.py:186} INFO - Started process (PID=493) to work on /opt/airflow/dags/dag_scraping_twitter.py
[2026-06-07T16:55:46.462+0700] {processor.py:914} INFO - Processing file /opt/airflow/dags/dag_scraping_twitter.py for tasks to queue
[2026-06-07T16:55:46.467+0700] {logging_mixin.py:190} INFO - [2026-06-07T16:55:46.467+0700] {dagbag.py:587} INFO - Filling up the DagBag from /opt/airflow/dags/dag_scraping_twitter.py
[2026-06-07T16:55:46.501+0700] {processor.py:925} INFO - DAG(s) 'dag_scraping_twitter' retrieved from /opt/airflow/dags/dag_scraping_twitter.py
[2026-06-07T16:55:46.535+0700] {logging_mixin.py:190} INFO - [2026-06-07T16:55:46.535+0700] {dag.py:3211} INFO - Sync 1 DAGs
[2026-06-07T16:55:46.565+0700] {logging_mixin.py:190} INFO - [2026-06-07T16:55:46.565+0700] {dag.py:4138} INFO - Setting next_dagrun for dag_scraping_twitter to 2026-06-06 23:00:00+00:00, run_after=2026-06-07 11:00:00+00:00
[2026-06-07T16:55:46.591+0700] {processor.py:208} INFO - Processing /opt/airflow/dags/dag_scraping_twitter.py took 0.146 seconds
[2026-06-07T16:56:16.935+0700] {processor.py:186} INFO - Started process (PID=527) to work on /opt/airflow/dags/dag_scraping_twitter.py
[2026-06-07T16:56:16.937+0700] {processor.py:914} INFO - Processing file /opt/airflow/dags/dag_scraping_twitter.py for tasks to queue
[2026-06-07T16:56:16.941+0700] {logging_mixin.py:190} INFO - [2026-06-07T16:56:16.940+0700] {dagbag.py:587} INFO - Filling up the DagBag from /opt/airflow/dags/dag_scraping_twitter.py
[2026-06-07T16:56:16.975+0700] {processor.py:925} INFO - DAG(s) 'dag_scraping_twitter' retrieved from /opt/airflow/dags/dag_scraping_twitter.py
[2026-06-07T16:56:17.027+0700] {logging_mixin.py:190} INFO - [2026-06-07T16:56:17.027+0700] {dag.py:3211} INFO - Sync 1 DAGs
[2026-06-07T16:56:17.077+0700] {logging_mixin.py:190} INFO - [2026-06-07T16:56:17.076+0700] {dag.py:4138} INFO - Setting next_dagrun for dag_scraping_twitter to 2026-06-06 23:00:00+00:00, run_after=2026-06-07 11:00:00+00:00
[2026-06-07T16:56:17.114+0700] {processor.py:208} INFO - Processing /opt/airflow/dags/dag_scraping_twitter.py took 0.188 seconds
[2026-06-07T16:56:47.328+0700] {processor.py:186} INFO - Started process (PID=555) to work on /opt/airflow/dags/dag_scraping_twitter.py
[2026-06-07T16:56:47.329+0700] {processor.py:914} INFO - Processing file /opt/airflow/dags/dag_scraping_twitter.py for tasks to queue
[2026-06-07T16:56:47.335+0700] {logging_mixin.py:190} INFO - [2026-06-07T16:56:47.334+0700] {dagbag.py:587} INFO - Filling up the DagBag from /opt/airflow/dags/dag_scraping_twitter.py
[2026-06-07T16:56:47.398+0700] {processor.py:925} INFO - DAG(s) 'dag_scraping_twitter' retrieved from /opt/airflow/dags/dag_scraping_twitter.py
[2026-06-07T16:56:47.446+0700] {logging_mixin.py:190} INFO - [2026-06-07T16:56:47.446+0700] {dag.py:3211} INFO - Sync 1 DAGs
[2026-06-07T16:56:47.485+0700] {logging_mixin.py:190} INFO - [2026-06-07T16:56:47.485+0700] {dag.py:4138} INFO - Setting next_dagrun for dag_scraping_twitter to 2026-06-06 23:00:00+00:00, run_after=2026-06-07 11:00:00+00:00
[2026-06-07T16:56:47.517+0700] {processor.py:208} INFO - Processing /opt/airflow/dags/dag_scraping_twitter.py took 0.202 seconds
[2026-06-07T16:57:17.806+0700] {processor.py:186} INFO - Started process (PID=583) to work on /opt/airflow/dags/dag_scraping_twitter.py
[2026-06-07T16:57:17.808+0700] {processor.py:914} INFO - Processing file /opt/airflow/dags/dag_scraping_twitter.py for tasks to queue
[2026-06-07T16:57:17.811+0700] {logging_mixin.py:190} INFO - [2026-06-07T16:57:17.810+0700] {dagbag.py:587} INFO - Filling up the DagBag from /opt/airflow/dags/dag_scraping_twitter.py
[2026-06-07T16:57:17.840+0700] {processor.py:925} INFO - DAG(s) 'dag_scraping_twitter' retrieved from /opt/airflow/dags/dag_scraping_twitter.py
[2026-06-07T16:57:17.878+0700] {logging_mixin.py:190} INFO - [2026-06-07T16:57:17.878+0700] {dag.py:3211} INFO - Sync 1 DAGs
[2026-06-07T16:57:17.909+0700] {logging_mixin.py:190} INFO - [2026-06-07T16:57:17.909+0700] {dag.py:4138} INFO - Setting next_dagrun for dag_scraping_twitter to 2026-06-06 23:00:00+00:00, run_after=2026-06-07 11:00:00+00:00
[2026-06-07T16:57:17.936+0700] {processor.py:208} INFO - Processing /opt/airflow/dags/dag_scraping_twitter.py took 0.139 seconds
[2026-06-07T16:57:48.145+0700] {processor.py:186} INFO - Started process (PID=611) to work on /opt/airflow/dags/dag_scraping_twitter.py
[2026-06-07T16:57:48.148+0700] {processor.py:914} INFO - Processing file /opt/airflow/dags/dag_scraping_twitter.py for tasks to queue
[2026-06-07T16:57:48.152+0700] {logging_mixin.py:190} INFO - [2026-06-07T16:57:48.152+0700] {dagbag.py:587} INFO - Filling up the DagBag from /opt/airflow/dags/dag_scraping_twitter.py
[2026-06-07T16:57:48.190+0700] {processor.py:925} INFO - DAG(s) 'dag_scraping_twitter' retrieved from /opt/airflow/dags/dag_scraping_twitter.py
[2026-06-07T16:57:48.243+0700] {logging_mixin.py:190} INFO - [2026-06-07T16:57:48.242+0700] {dag.py:3211} INFO - Sync 1 DAGs
[2026-06-07T16:57:48.285+0700] {logging_mixin.py:190} INFO - [2026-06-07T16:57:48.283+0700] {dag.py:4138} INFO - Setting next_dagrun for dag_scraping_twitter to 2026-06-06 23:00:00+00:00, run_after=2026-06-07 11:00:00+00:00
[2026-06-07T16:57:48.322+0700] {processor.py:208} INFO - Processing /opt/airflow/dags/dag_scraping_twitter.py took 0.190 seconds
[2026-06-07T16:58:18.860+0700] {processor.py:186} INFO - Started process (PID=639) to work on /opt/airflow/dags/dag_scraping_twitter.py
[2026-06-07T16:58:18.862+0700] {processor.py:914} INFO - Processing file /opt/airflow/dags/dag_scraping_twitter.py for tasks to queue
[2026-06-07T16:58:18.866+0700] {logging_mixin.py:190} INFO - [2026-06-07T16:58:18.866+0700] {dagbag.py:587} INFO - Filling up the DagBag from /opt/airflow/dags/dag_scraping_twitter.py
[2026-06-07T16:58:18.891+0700] {processor.py:925} INFO - DAG(s) 'dag_scraping_twitter' retrieved from /opt/airflow/dags/dag_scraping_twitter.py
[2026-06-07T16:58:18.929+0700] {logging_mixin.py:190} INFO - [2026-06-07T16:58:18.929+0700] {dag.py:3211} INFO - Sync 1 DAGs
[2026-06-07T16:58:18.965+0700] {logging_mixin.py:190} INFO - [2026-06-07T16:58:18.965+0700] {dag.py:4138} INFO - Setting next_dagrun for dag_scraping_twitter to 2026-06-06 23:00:00+00:00, run_after=2026-06-07 11:00:00+00:00
[2026-06-07T16:58:18.996+0700] {processor.py:208} INFO - Processing /opt/airflow/dags/dag_scraping_twitter.py took 0.145 seconds
[2026-06-07T16:58:49.613+0700] {processor.py:186} INFO - Started process (PID=667) to work on /opt/airflow/dags/dag_scraping_twitter.py
[2026-06-07T16:58:49.616+0700] {processor.py:914} INFO - Processing file /opt/airflow/dags/dag_scraping_twitter.py for tasks to queue
[2026-06-07T16:58:49.620+0700] {logging_mixin.py:190} INFO - [2026-06-07T16:58:49.619+0700] {dagbag.py:587} INFO - Filling up the DagBag from /opt/airflow/dags/dag_scraping_twitter.py
[2026-06-07T16:58:49.652+0700] {processor.py:925} INFO - DAG(s) 'dag_scraping_twitter' retrieved from /opt/airflow/dags/dag_scraping_twitter.py
[2026-06-07T16:58:49.688+0700] {logging_mixin.py:190} INFO - [2026-06-07T16:58:49.688+0700] {dag.py:3211} INFO - Sync 1 DAGs
[2026-06-07T16:58:49.724+0700] {logging_mixin.py:190} INFO - [2026-06-07T16:58:49.723+0700] {dag.py:4138} INFO - Setting next_dagrun for dag_scraping_twitter to 2026-06-06 23:00:00+00:00, run_after=2026-06-07 11:00:00+00:00
[2026-06-07T16:58:49.751+0700] {processor.py:208} INFO - Processing /opt/airflow/dags/dag_scraping_twitter.py took 0.148 seconds
[2026-06-07T16:59:20.135+0700] {processor.py:186} INFO - Started process (PID=695) to work on /opt/airflow/dags/dag_scraping_twitter.py
[2026-06-07T16:59:20.136+0700] {processor.py:914} INFO - Processing file /opt/airflow/dags/dag_scraping_twitter.py for tasks to queue
[2026-06-07T16:59:20.139+0700] {logging_mixin.py:190} INFO - [2026-06-07T16:59:20.138+0700] {dagbag.py:587} INFO - Filling up the DagBag from /opt/airflow/dags/dag_scraping_twitter.py
[2026-06-07T16:59:20.172+0700] {processor.py:925} INFO - DAG(s) 'dag_scraping_twitter' retrieved from /opt/airflow/dags/dag_scraping_twitter.py
[2026-06-07T16:59:20.216+0700] {logging_mixin.py:190} INFO - [2026-06-07T16:59:20.215+0700] {dag.py:3211} INFO - Sync 1 DAGs
[2026-06-07T16:59:20.252+0700] {logging_mixin.py:190} INFO - [2026-06-07T16:59:20.252+0700] {dag.py:4138} INFO - Setting next_dagrun for dag_scraping_twitter to 2026-06-06 23:00:00+00:00, run_after=2026-06-07 11:00:00+00:00
[2026-06-07T16:59:20.280+0700] {processor.py:208} INFO - Processing /opt/airflow/dags/dag_scraping_twitter.py took 0.156 seconds
[2026-06-07T16:59:50.871+0700] {processor.py:186} INFO - Started process (PID=730) to work on /opt/airflow/dags/dag_scraping_twitter.py
[2026-06-07T16:59:50.872+0700] {processor.py:914} INFO - Processing file /opt/airflow/dags/dag_scraping_twitter.py for tasks to queue
[2026-06-07T16:59:50.877+0700] {logging_mixin.py:190} INFO - [2026-06-07T16:59:50.876+0700] {dagbag.py:587} INFO - Filling up the DagBag from /opt/airflow/dags/dag_scraping_twitter.py
[2026-06-07T16:59:50.912+0700] {processor.py:925} INFO - DAG(s) 'dag_scraping_twitter' retrieved from /opt/airflow/dags/dag_scraping_twitter.py
[2026-06-07T16:59:50.954+0700] {logging_mixin.py:190} INFO - [2026-06-07T16:59:50.954+0700] {dag.py:3211} INFO - Sync 1 DAGs
[2026-06-07T16:59:50.995+0700] {logging_mixin.py:190} INFO - [2026-06-07T16:59:50.994+0700] {dag.py:4138} INFO - Setting next_dagrun for dag_scraping_twitter to 2026-06-06 23:00:00+00:00, run_after=2026-06-07 11:00:00+00:00
[2026-06-07T16:59:51.032+0700] {processor.py:208} INFO - Processing /opt/airflow/dags/dag_scraping_twitter.py took 0.173 seconds
[2026-06-07T17:00:21.400+0700] {processor.py:186} INFO - Started process (PID=758) to work on /opt/airflow/dags/dag_scraping_twitter.py
[2026-06-07T17:00:21.402+0700] {processor.py:914} INFO - Processing file /opt/airflow/dags/dag_scraping_twitter.py for tasks to queue
[2026-06-07T17:00:21.404+0700] {logging_mixin.py:190} INFO - [2026-06-07T17:00:21.404+0700] {dagbag.py:587} INFO - Filling up the DagBag from /opt/airflow/dags/dag_scraping_twitter.py
[2026-06-07T17:00:21.436+0700] {processor.py:925} INFO - DAG(s) 'dag_scraping_twitter' retrieved from /opt/airflow/dags/dag_scraping_twitter.py
[2026-06-07T17:00:21.479+0700] {logging_mixin.py:190} INFO - [2026-06-07T17:00:21.478+0700] {dag.py:3211} INFO - Sync 1 DAGs
[2026-06-07T17:00:21.520+0700] {logging_mixin.py:190} INFO - [2026-06-07T17:00:21.519+0700] {dag.py:4138} INFO - Setting next_dagrun for dag_scraping_twitter to 2026-06-06 23:00:00+00:00, run_after=2026-06-07 11:00:00+00:00
[2026-06-07T17:00:21.548+0700] {processor.py:208} INFO - Processing /opt/airflow/dags/dag_scraping_twitter.py took 0.155 seconds
[2026-06-07T17:00:52.081+0700] {processor.py:186} INFO - Started process (PID=786) to work on /opt/airflow/dags/dag_scraping_twitter.py
[2026-06-07T17:00:52.082+0700] {processor.py:914} INFO - Processing file /opt/airflow/dags/dag_scraping_twitter.py for tasks to queue
[2026-06-07T17:00:52.084+0700] {logging_mixin.py:190} INFO - [2026-06-07T17:00:52.084+0700] {dagbag.py:587} INFO - Filling up the DagBag from /opt/airflow/dags/dag_scraping_twitter.py
[2026-06-07T17:00:52.108+0700] {processor.py:925} INFO - DAG(s) 'dag_scraping_twitter' retrieved from /opt/airflow/dags/dag_scraping_twitter.py
[2026-06-07T17:00:52.148+0700] {logging_mixin.py:190} INFO - [2026-06-07T17:00:52.147+0700] {dag.py:3211} INFO - Sync 1 DAGs
[2026-06-07T17:00:52.180+0700] {logging_mixin.py:190} INFO - [2026-06-07T17:00:52.180+0700] {dag.py:4138} INFO - Setting next_dagrun for dag_scraping_twitter to 2026-06-06 23:00:00+00:00, run_after=2026-06-07 11:00:00+00:00
[2026-06-07T17:00:52.209+0700] {processor.py:208} INFO - Processing /opt/airflow/dags/dag_scraping_twitter.py took 0.136 seconds
[2026-06-07T17:01:23.689+0700] {processor.py:186} INFO - Started process (PID=814) to work on /opt/airflow/dags/dag_scraping_twitter.py
[2026-06-07T17:01:23.701+0700] {processor.py:914} INFO - Processing file /opt/airflow/dags/dag_scraping_twitter.py for tasks to queue
[2026-06-07T17:01:23.706+0700] {logging_mixin.py:190} INFO - [2026-06-07T17:01:23.706+0700] {dagbag.py:587} INFO - Filling up the DagBag from /opt/airflow/dags/dag_scraping_twitter.py
[2026-06-07T17:01:23.764+0700] {processor.py:925} INFO - DAG(s) 'dag_scraping_twitter' retrieved from /opt/airflow/dags/dag_scraping_twitter.py
[2026-06-07T17:01:23.850+0700] {logging_mixin.py:190} INFO - [2026-06-07T17:01:23.850+0700] {dag.py:3211} INFO - Sync 1 DAGs
[2026-06-07T17:01:23.936+0700] {logging_mixin.py:190} INFO - [2026-06-07T17:01:23.936+0700] {dag.py:4138} INFO - Setting next_dagrun for dag_scraping_twitter to 2026-06-06 23:00:00+00:00, run_after=2026-06-07 11:00:00+00:00
[2026-06-07T17:01:23.989+0700] {processor.py:208} INFO - Processing /opt/airflow/dags/dag_scraping_twitter.py took 0.355 seconds
[2026-06-07T17:01:54.422+0700] {processor.py:186} INFO - Started process (PID=842) to work on /opt/airflow/dags/dag_scraping_twitter.py
[2026-06-07T17:01:54.425+0700] {processor.py:914} INFO - Processing file /opt/airflow/dags/dag_scraping_twitter.py for tasks to queue
[2026-06-07T17:01:54.430+0700] {logging_mixin.py:190} INFO - [2026-06-07T17:01:54.430+0700] {dagbag.py:587} INFO - Filling up the DagBag from /opt/airflow/dags/dag_scraping_twitter.py
[2026-06-07T17:01:54.456+0700] {processor.py:925} INFO - DAG(s) 'dag_scraping_twitter' retrieved from /opt/airflow/dags/dag_scraping_twitter.py
[2026-06-07T17:01:54.496+0700] {logging_mixin.py:190} INFO - [2026-06-07T17:01:54.496+0700] {dag.py:3211} INFO - Sync 1 DAGs
[2026-06-07T17:01:54.531+0700] {logging_mixin.py:190} INFO - [2026-06-07T17:01:54.531+0700] {dag.py:4138} INFO - Setting next_dagrun for dag_scraping_twitter to 2026-06-06 23:00:00+00:00, run_after=2026-06-07 11:00:00+00:00
[2026-06-07T17:01:54.558+0700] {processor.py:208} INFO - Processing /opt/airflow/dags/dag_scraping_twitter.py took 0.155 seconds
[2026-06-07T17:02:24.809+0700] {processor.py:186} INFO - Started process (PID=870) to work on /opt/airflow/dags/dag_scraping_twitter.py
[2026-06-07T17:02:24.811+0700] {processor.py:914} INFO - Processing file /opt/airflow/dags/dag_scraping_twitter.py for tasks to queue
[2026-06-07T17:02:24.817+0700] {logging_mixin.py:190} INFO - [2026-06-07T17:02:24.816+0700] {dagbag.py:587} INFO - Filling up the DagBag from /opt/airflow/dags/dag_scraping_twitter.py
[2026-06-07T17:02:24.858+0700] {processor.py:925} INFO - DAG(s) 'dag_scraping_twitter' retrieved from /opt/airflow/dags/dag_scraping_twitter.py
[2026-06-07T17:02:24.909+0700] {logging_mixin.py:190} INFO - [2026-06-07T17:02:24.909+0700] {dag.py:3211} INFO - Sync 1 DAGs
[2026-06-07T17:02:24.953+0700] {logging_mixin.py:190} INFO - [2026-06-07T17:02:24.953+0700] {dag.py:4138} INFO - Setting next_dagrun for dag_scraping_twitter to 2026-06-06 23:00:00+00:00, run_after=2026-06-07 11:00:00+00:00
[2026-06-07T17:02:25.000+0700] {processor.py:208} INFO - Processing /opt/airflow/dags/dag_scraping_twitter.py took 0.203 seconds
[2026-06-07T17:02:55.320+0700] {processor.py:186} INFO - Started process (PID=904) to work on /opt/airflow/dags/dag_scraping_twitter.py
[2026-06-07T17:02:55.321+0700] {processor.py:914} INFO - Processing file /opt/airflow/dags/dag_scraping_twitter.py for tasks to queue
[2026-06-07T17:02:55.324+0700] {logging_mixin.py:190} INFO - [2026-06-07T17:02:55.323+0700] {dagbag.py:587} INFO - Filling up the DagBag from /opt/airflow/dags/dag_scraping_twitter.py
[2026-06-07T17:02:55.350+0700] {processor.py:925} INFO - DAG(s) 'dag_scraping_twitter' retrieved from /opt/airflow/dags/dag_scraping_twitter.py
[2026-06-07T17:02:55.383+0700] {logging_mixin.py:190} INFO - [2026-06-07T17:02:55.382+0700] {dag.py:3211} INFO - Sync 1 DAGs
[2026-06-07T17:02:55.417+0700] {logging_mixin.py:190} INFO - [2026-06-07T17:02:55.417+0700] {dag.py:4138} INFO - Setting next_dagrun for dag_scraping_twitter to 2026-06-06 23:00:00+00:00, run_after=2026-06-07 11:00:00+00:00
[2026-06-07T17:02:55.446+0700] {processor.py:208} INFO - Processing /opt/airflow/dags/dag_scraping_twitter.py took 0.135 seconds
[2026-06-07T17:03:25.851+0700] {processor.py:186} INFO - Started process (PID=932) to work on /opt/airflow/dags/dag_scraping_twitter.py
[2026-06-07T17:03:25.871+0700] {processor.py:914} INFO - Processing file /opt/airflow/dags/dag_scraping_twitter.py for tasks to queue
[2026-06-07T17:03:25.879+0700] {logging_mixin.py:190} INFO - [2026-06-07T17:03:25.878+0700] {dagbag.py:587} INFO - Filling up the DagBag from /opt/airflow/dags/dag_scraping_twitter.py
[2026-06-07T17:03:25.951+0700] {processor.py:925} INFO - DAG(s) 'dag_scraping_twitter' retrieved from /opt/airflow/dags/dag_scraping_twitter.py
[2026-06-07T17:03:26.012+0700] {logging_mixin.py:190} INFO - [2026-06-07T17:03:26.012+0700] {dag.py:3211} INFO - Sync 1 DAGs
[2026-06-07T17:03:26.073+0700] {logging_mixin.py:190} INFO - [2026-06-07T17:03:26.073+0700] {dag.py:4138} INFO - Setting next_dagrun for dag_scraping_twitter to 2026-06-06 23:00:00+00:00, run_after=2026-06-07 11:00:00+00:00
[2026-06-07T17:03:26.121+0700] {processor.py:208} INFO - Processing /opt/airflow/dags/dag_scraping_twitter.py took 0.293 seconds
[2026-06-07T17:03:56.600+0700] {processor.py:186} INFO - Started process (PID=960) to work on /opt/airflow/dags/dag_scraping_twitter.py
[2026-06-07T17:03:56.603+0700] {processor.py:914} INFO - Processing file /opt/airflow/dags/dag_scraping_twitter.py for tasks to queue
[2026-06-07T17:03:56.607+0700] {logging_mixin.py:190} INFO - [2026-06-07T17:03:56.606+0700] {dagbag.py:587} INFO - Filling up the DagBag from /opt/airflow/dags/dag_scraping_twitter.py
[2026-06-07T17:03:56.664+0700] {processor.py:925} INFO - DAG(s) 'dag_scraping_twitter' retrieved from /opt/airflow/dags/dag_scraping_twitter.py
[2026-06-07T17:03:56.718+0700] {logging_mixin.py:190} INFO - [2026-06-07T17:03:56.718+0700] {dag.py:3211} INFO - Sync 1 DAGs
[2026-06-07T17:03:56.788+0700] {logging_mixin.py:190} INFO - [2026-06-07T17:03:56.788+0700] {dag.py:4138} INFO - Setting next_dagrun for dag_scraping_twitter to 2026-06-06 23:00:00+00:00, run_after=2026-06-07 11:00:00+00:00
[2026-06-07T17:03:56.827+0700] {processor.py:208} INFO - Processing /opt/airflow/dags/dag_scraping_twitter.py took 0.239 seconds
[2026-06-07T17:04:26.909+0700] {processor.py:186} INFO - Started process (PID=988) to work on /opt/airflow/dags/dag_scraping_twitter.py
[2026-06-07T17:04:26.912+0700] {processor.py:914} INFO - Processing file /opt/airflow/dags/dag_scraping_twitter.py for tasks to queue
[2026-06-07T17:04:26.916+0700] {logging_mixin.py:190} INFO - [2026-06-07T17:04:26.916+0700] {dagbag.py:587} INFO - Filling up the DagBag from /opt/airflow/dags/dag_scraping_twitter.py
[2026-06-07T17:04:26.953+0700] {processor.py:925} INFO - DAG(s) 'dag_scraping_twitter' retrieved from /opt/airflow/dags/dag_scraping_twitter.py
[2026-06-07T17:04:27.001+0700] {logging_mixin.py:190} INFO - [2026-06-07T17:04:27.001+0700] {dag.py:3211} INFO - Sync 1 DAGs
[2026-06-07T17:04:27.043+0700] {logging_mixin.py:190} INFO - [2026-06-07T17:04:27.043+0700] {dag.py:4138} INFO - Setting next_dagrun for dag_scraping_twitter to 2026-06-06 23:00:00+00:00, run_after=2026-06-07 11:00:00+00:00
[2026-06-07T17:04:27.072+0700] {processor.py:208} INFO - Processing /opt/airflow/dags/dag_scraping_twitter.py took 0.174 seconds
[2026-06-07T17:04:57.356+0700] {processor.py:186} INFO - Started process (PID=1016) to work on /opt/airflow/dags/dag_scraping_twitter.py
[2026-06-07T17:04:57.359+0700] {processor.py:914} INFO - Processing file /opt/airflow/dags/dag_scraping_twitter.py for tasks to queue
[2026-06-07T17:04:57.362+0700] {logging_mixin.py:190} INFO - [2026-06-07T17:04:57.362+0700] {dagbag.py:587} INFO - Filling up the DagBag from /opt/airflow/dags/dag_scraping_twitter.py
[2026-06-07T17:04:57.397+0700] {processor.py:925} INFO - DAG(s) 'dag_scraping_twitter' retrieved from /opt/airflow/dags/dag_scraping_twitter.py
[2026-06-07T17:04:57.442+0700] {logging_mixin.py:190} INFO - [2026-06-07T17:04:57.441+0700] {dag.py:3211} INFO - Sync 1 DAGs
[2026-06-07T17:04:57.490+0700] {logging_mixin.py:190} INFO - [2026-06-07T17:04:57.490+0700] {dag.py:4138} INFO - Setting next_dagrun for dag_scraping_twitter to 2026-06-06 23:00:00+00:00, run_after=2026-06-07 11:00:00+00:00
[2026-06-07T17:04:57.524+0700] {processor.py:208} INFO - Processing /opt/airflow/dags/dag_scraping_twitter.py took 0.177 seconds
[2026-06-07T17:05:27.727+0700] {processor.py:186} INFO - Started process (PID=1044) to work on /opt/airflow/dags/dag_scraping_twitter.py
[2026-06-07T17:05:27.728+0700] {processor.py:914} INFO - Processing file /opt/airflow/dags/dag_scraping_twitter.py for tasks to queue
[2026-06-07T17:05:27.731+0700] {logging_mixin.py:190} INFO - [2026-06-07T17:05:27.730+0700] {dagbag.py:587} INFO - Filling up the DagBag from /opt/airflow/dags/dag_scraping_twitter.py
[2026-06-07T17:05:27.757+0700] {processor.py:925} INFO - DAG(s) 'dag_scraping_twitter' retrieved from /opt/airflow/dags/dag_scraping_twitter.py
[2026-06-07T17:05:27.796+0700] {logging_mixin.py:190} INFO - [2026-06-07T17:05:27.796+0700] {dag.py:3211} INFO - Sync 1 DAGs
[2026-06-07T17:05:27.832+0700] {logging_mixin.py:190} INFO - [2026-06-07T17:05:27.832+0700] {dag.py:4138} INFO - Setting next_dagrun for dag_scraping_twitter to 2026-06-06 23:00:00+00:00, run_after=2026-06-07 11:00:00+00:00
[2026-06-07T17:05:27.864+0700] {processor.py:208} INFO - Processing /opt/airflow/dags/dag_scraping_twitter.py took 0.145 seconds
[2026-06-07T17:05:58.063+0700] {processor.py:186} INFO - Started process (PID=1072) to work on /opt/airflow/dags/dag_scraping_twitter.py
[2026-06-07T17:05:58.065+0700] {processor.py:914} INFO - Processing file /opt/airflow/dags/dag_scraping_twitter.py for tasks to queue
[2026-06-07T17:05:58.070+0700] {logging_mixin.py:190} INFO - [2026-06-07T17:05:58.069+0700] {dagbag.py:587} INFO - Filling up the DagBag from /opt/airflow/dags/dag_scraping_twitter.py
[2026-06-07T17:05:58.108+0700] {processor.py:925} INFO - DAG(s) 'dag_scraping_twitter' retrieved from /opt/airflow/dags/dag_scraping_twitter.py
[2026-06-07T17:05:58.160+0700] {logging_mixin.py:190} INFO - [2026-06-07T17:05:58.160+0700] {dag.py:3211} INFO - Sync 1 DAGs
[2026-06-07T17:05:58.209+0700] {logging_mixin.py:190} INFO - [2026-06-07T17:05:58.209+0700] {dag.py:4138} INFO - Setting next_dagrun for dag_scraping_twitter to 2026-06-06 23:00:00+00:00, run_after=2026-06-07 11:00:00+00:00
[2026-06-07T17:05:58.244+0700] {processor.py:208} INFO - Processing /opt/airflow/dags/dag_scraping_twitter.py took 0.190 seconds
[2026-06-07T17:06:28.462+0700] {processor.py:186} INFO - Started process (PID=1101) to work on /opt/airflow/dags/dag_scraping_twitter.py
[2026-06-07T17:06:28.464+0700] {processor.py:914} INFO - Processing file /opt/airflow/dags/dag_scraping_twitter.py for tasks to queue
[2026-06-07T17:06:28.470+0700] {logging_mixin.py:190} INFO - [2026-06-07T17:06:28.468+0700] {dagbag.py:587} INFO - Filling up the DagBag from /opt/airflow/dags/dag_scraping_twitter.py
[2026-06-07T17:06:28.501+0700] {processor.py:925} INFO - DAG(s) 'dag_scraping_twitter' retrieved from /opt/airflow/dags/dag_scraping_twitter.py
[2026-06-07T17:06:28.544+0700] {logging_mixin.py:190} INFO - [2026-06-07T17:06:28.543+0700] {dag.py:3211} INFO - Sync 1 DAGs
[2026-06-07T17:06:28.581+0700] {logging_mixin.py:190} INFO - [2026-06-07T17:06:28.581+0700] {dag.py:4138} INFO - Setting next_dagrun for dag_scraping_twitter to 2026-06-06 23:00:00+00:00, run_after=2026-06-07 11:00:00+00:00
[2026-06-07T17:06:28.610+0700] {processor.py:208} INFO - Processing /opt/airflow/dags/dag_scraping_twitter.py took 0.160 seconds
[2026-06-07T17:06:58.778+0700] {processor.py:186} INFO - Started process (PID=1137) to work on /opt/airflow/dags/dag_scraping_twitter.py
[2026-06-07T17:06:58.779+0700] {processor.py:914} INFO - Processing file /opt/airflow/dags/dag_scraping_twitter.py for tasks to queue
[2026-06-07T17:06:58.783+0700] {logging_mixin.py:190} INFO - [2026-06-07T17:06:58.783+0700] {dagbag.py:587} INFO - Filling up the DagBag from /opt/airflow/dags/dag_scraping_twitter.py
[2026-06-07T17:06:58.810+0700] {processor.py:925} INFO - DAG(s) 'dag_scraping_twitter' retrieved from /opt/airflow/dags/dag_scraping_twitter.py
[2026-06-07T17:06:58.847+0700] {logging_mixin.py:190} INFO - [2026-06-07T17:06:58.847+0700] {dag.py:3211} INFO - Sync 1 DAGs
[2026-06-07T17:06:58.881+0700] {logging_mixin.py:190} INFO - [2026-06-07T17:06:58.881+0700] {dag.py:4138} INFO - Setting next_dagrun for dag_scraping_twitter to 2026-06-06 23:00:00+00:00, run_after=2026-06-07 11:00:00+00:00
[2026-06-07T17:06:58.907+0700] {processor.py:208} INFO - Processing /opt/airflow/dags/dag_scraping_twitter.py took 0.137 seconds
[2026-06-07T17:07:29.070+0700] {processor.py:186} INFO - Started process (PID=1166) to work on /opt/airflow/dags/dag_scraping_twitter.py
[2026-06-07T17:07:29.072+0700] {processor.py:914} INFO - Processing file /opt/airflow/dags/dag_scraping_twitter.py for tasks to queue
[2026-06-07T17:07:29.076+0700] {logging_mixin.py:190} INFO - [2026-06-07T17:07:29.076+0700] {dagbag.py:587} INFO - Filling up the DagBag from /opt/airflow/dags/dag_scraping_twitter.py
[2026-06-07T17:07:29.109+0700] {processor.py:925} INFO - DAG(s) 'dag_scraping_twitter' retrieved from /opt/airflow/dags/dag_scraping_twitter.py
[2026-06-07T17:07:29.151+0700] {logging_mixin.py:190} INFO - [2026-06-07T17:07:29.150+0700] {dag.py:3211} INFO - Sync 1 DAGs
[2026-06-07T17:07:29.196+0700] {logging_mixin.py:190} INFO - [2026-06-07T17:07:29.196+0700] {dag.py:4138} INFO - Setting next_dagrun for dag_scraping_twitter to 2026-06-06 23:00:00+00:00, run_after=2026-06-07 11:00:00+00:00
[2026-06-07T17:07:29.235+0700] {processor.py:208} INFO - Processing /opt/airflow/dags/dag_scraping_twitter.py took 0.175 seconds
[2026-06-07T17:07:59.406+0700] {processor.py:186} INFO - Started process (PID=1195) to work on /opt/airflow/dags/dag_scraping_twitter.py
[2026-06-07T17:07:59.407+0700] {processor.py:914} INFO - Processing file /opt/airflow/dags/dag_scraping_twitter.py for tasks to queue
[2026-06-07T17:07:59.410+0700] {logging_mixin.py:190} INFO - [2026-06-07T17:07:59.409+0700] {dagbag.py:587} INFO - Filling up the DagBag from /opt/airflow/dags/dag_scraping_twitter.py
[2026-06-07T17:07:59.439+0700] {processor.py:925} INFO - DAG(s) 'dag_scraping_twitter' retrieved from /opt/airflow/dags/dag_scraping_twitter.py
[2026-06-07T17:07:59.477+0700] {logging_mixin.py:190} INFO - [2026-06-07T17:07:59.477+0700] {dag.py:3211} INFO - Sync 1 DAGs
[2026-06-07T17:07:59.509+0700] {logging_mixin.py:190} INFO - [2026-06-07T17:07:59.509+0700] {dag.py:4138} INFO - Setting next_dagrun for dag_scraping_twitter to 2026-06-06 23:00:00+00:00, run_after=2026-06-07 11:00:00+00:00
[2026-06-07T17:07:59.537+0700] {processor.py:208} INFO - Processing /opt/airflow/dags/dag_scraping_twitter.py took 0.138 seconds
[2026-06-07T17:08:29.721+0700] {processor.py:186} INFO - Started process (PID=1223) to work on /opt/airflow/dags/dag_scraping_twitter.py
[2026-06-07T17:08:29.722+0700] {processor.py:914} INFO - Processing file /opt/airflow/dags/dag_scraping_twitter.py for tasks to queue
[2026-06-07T17:08:29.725+0700] {logging_mixin.py:190} INFO - [2026-06-07T17:08:29.725+0700] {dagbag.py:587} INFO - Filling up the DagBag from /opt/airflow/dags/dag_scraping_twitter.py
[2026-06-07T17:08:29.757+0700] {processor.py:925} INFO - DAG(s) 'dag_scraping_twitter' retrieved from /opt/airflow/dags/dag_scraping_twitter.py
[2026-06-07T17:08:29.793+0700] {logging_mixin.py:190} INFO - [2026-06-07T17:08:29.792+0700] {dag.py:3211} INFO - Sync 1 DAGs
[2026-06-07T17:08:29.825+0700] {logging_mixin.py:190} INFO - [2026-06-07T17:08:29.825+0700] {dag.py:4138} INFO - Setting next_dagrun for dag_scraping_twitter to 2026-06-06 23:00:00+00:00, run_after=2026-06-07 11:00:00+00:00
[2026-06-07T17:08:29.855+0700] {processor.py:208} INFO - Processing /opt/airflow/dags/dag_scraping_twitter.py took 0.145 seconds
[2026-06-07T17:09:00.110+0700] {processor.py:186} INFO - Started process (PID=1251) to work on /opt/airflow/dags/dag_scraping_twitter.py
[2026-06-07T17:09:00.120+0700] {processor.py:914} INFO - Processing file /opt/airflow/dags/dag_scraping_twitter.py for tasks to queue
[2026-06-07T17:09:00.124+0700] {logging_mixin.py:190} INFO - [2026-06-07T17:09:00.124+0700] {dagbag.py:587} INFO - Filling up the DagBag from /opt/airflow/dags/dag_scraping_twitter.py
[2026-06-07T17:09:00.160+0700] {processor.py:925} INFO - DAG(s) 'dag_scraping_twitter' retrieved from /opt/airflow/dags/dag_scraping_twitter.py
[2026-06-07T17:09:00.198+0700] {logging_mixin.py:190} INFO - [2026-06-07T17:09:00.197+0700] {dag.py:3211} INFO - Sync 1 DAGs
[2026-06-07T17:09:00.233+0700] {logging_mixin.py:190} INFO - [2026-06-07T17:09:00.233+0700] {dag.py:4138} INFO - Setting next_dagrun for dag_scraping_twitter to 2026-06-06 23:00:00+00:00, run_after=2026-06-07 11:00:00+00:00
[2026-06-07T17:09:00.260+0700] {processor.py:208} INFO - Processing /opt/airflow/dags/dag_scraping_twitter.py took 0.160 seconds
[2026-06-07T17:09:30.488+0700] {processor.py:186} INFO - Started process (PID=1279) to work on /opt/airflow/dags/dag_scraping_twitter.py
[2026-06-07T17:09:30.489+0700] {processor.py:914} INFO - Processing file /opt/airflow/dags/dag_scraping_twitter.py for tasks to queue
[2026-06-07T17:09:30.493+0700] {logging_mixin.py:190} INFO - [2026-06-07T17:09:30.492+0700] {dagbag.py:587} INFO - Filling up the DagBag from /opt/airflow/dags/dag_scraping_twitter.py
[2026-06-07T17:09:30.521+0700] {processor.py:925} INFO - DAG(s) 'dag_scraping_twitter' retrieved from /opt/airflow/dags/dag_scraping_twitter.py
[2026-06-07T17:09:30.558+0700] {logging_mixin.py:190} INFO - [2026-06-07T17:09:30.558+0700] {dag.py:3211} INFO - Sync 1 DAGs
[2026-06-07T17:09:30.594+0700] {logging_mixin.py:190} INFO - [2026-06-07T17:09:30.594+0700] {dag.py:4138} INFO - Setting next_dagrun for dag_scraping_twitter to 2026-06-06 23:00:00+00:00, run_after=2026-06-07 11:00:00+00:00
[2026-06-07T17:09:30.622+0700] {processor.py:208} INFO - Processing /opt/airflow/dags/dag_scraping_twitter.py took 0.145 seconds
[2026-06-07T17:10:00.839+0700] {processor.py:186} INFO - Started process (PID=1308) to work on /opt/airflow/dags/dag_scraping_twitter.py
[2026-06-07T17:10:00.840+0700] {processor.py:914} INFO - Processing file /opt/airflow/dags/dag_scraping_twitter.py for tasks to queue
[2026-06-07T17:10:00.844+0700] {logging_mixin.py:190} INFO - [2026-06-07T17:10:00.844+0700] {dagbag.py:587} INFO - Filling up the DagBag from /opt/airflow/dags/dag_scraping_twitter.py
[2026-06-07T17:10:00.875+0700] {processor.py:925} INFO - DAG(s) 'dag_scraping_twitter' retrieved from /opt/airflow/dags/dag_scraping_twitter.py
[2026-06-07T17:10:00.913+0700] {logging_mixin.py:190} INFO - [2026-06-07T17:10:00.913+0700] {dag.py:3211} INFO - Sync 1 DAGs
[2026-06-07T17:10:00.948+0700] {logging_mixin.py:190} INFO - [2026-06-07T17:10:00.948+0700] {dag.py:4138} INFO - Setting next_dagrun for dag_scraping_twitter to 2026-06-06 23:00:00+00:00, run_after=2026-06-07 11:00:00+00:00
[2026-06-07T17:10:00.979+0700] {processor.py:208} INFO - Processing /opt/airflow/dags/dag_scraping_twitter.py took 0.151 seconds
[2026-06-07T17:10:31.640+0700] {processor.py:186} INFO - Started process (PID=1342) to work on /opt/airflow/dags/dag_scraping_twitter.py
[2026-06-07T17:10:31.643+0700] {processor.py:914} INFO - Processing file /opt/airflow/dags/dag_scraping_twitter.py for tasks to queue
[2026-06-07T17:10:31.650+0700] {logging_mixin.py:190} INFO - [2026-06-07T17:10:31.650+0700] {dagbag.py:587} INFO - Filling up the DagBag from /opt/airflow/dags/dag_scraping_twitter.py
[2026-06-07T17:10:31.692+0700] {processor.py:925} INFO - DAG(s) 'dag_scraping_twitter' retrieved from /opt/airflow/dags/dag_scraping_twitter.py
[2026-06-07T17:10:31.734+0700] {logging_mixin.py:190} INFO - [2026-06-07T17:10:31.734+0700] {dag.py:3211} INFO - Sync 1 DAGs
[2026-06-07T17:10:31.769+0700] {logging_mixin.py:190} INFO - [2026-06-07T17:10:31.769+0700] {dag.py:4138} INFO - Setting next_dagrun for dag_scraping_twitter to 2026-06-06 23:00:00+00:00, run_after=2026-06-07 11:00:00+00:00
[2026-06-07T17:10:31.800+0700] {processor.py:208} INFO - Processing /opt/airflow/dags/dag_scraping_twitter.py took 0.178 seconds
[2026-06-07T17:11:01.896+0700] {processor.py:186} INFO - Started process (PID=1370) to work on /opt/airflow/dags/dag_scraping_twitter.py
[2026-06-07T17:11:01.899+0700] {processor.py:914} INFO - Processing file /opt/airflow/dags/dag_scraping_twitter.py for tasks to queue
[2026-06-07T17:11:01.906+0700] {logging_mixin.py:190} INFO - [2026-06-07T17:11:01.905+0700] {dagbag.py:587} INFO - Filling up the DagBag from /opt/airflow/dags/dag_scraping_twitter.py
[2026-06-07T17:11:01.944+0700] {processor.py:925} INFO - DAG(s) 'dag_scraping_twitter' retrieved from /opt/airflow/dags/dag_scraping_twitter.py
[2026-06-07T17:11:01.988+0700] {logging_mixin.py:190} INFO - [2026-06-07T17:11:01.988+0700] {dag.py:3211} INFO - Sync 1 DAGs
[2026-06-07T17:11:02.029+0700] {logging_mixin.py:190} INFO - [2026-06-07T17:11:02.028+0700] {dag.py:4138} INFO - Setting next_dagrun for dag_scraping_twitter to 2026-06-06 23:00:00+00:00, run_after=2026-06-07 11:00:00+00:00
[2026-06-07T17:11:02.057+0700] {processor.py:208} INFO - Processing /opt/airflow/dags/dag_scraping_twitter.py took 0.175 seconds
[2026-06-07T17:11:32.282+0700] {processor.py:186} INFO - Started process (PID=1398) to work on /opt/airflow/dags/dag_scraping_twitter.py
[2026-06-07T17:11:32.285+0700] {processor.py:914} INFO - Processing file /opt/airflow/dags/dag_scraping_twitter.py for tasks to queue
[2026-06-07T17:11:32.292+0700] {logging_mixin.py:190} INFO - [2026-06-07T17:11:32.291+0700] {dagbag.py:587} INFO - Filling up the DagBag from /opt/airflow/dags/dag_scraping_twitter.py
[2026-06-07T17:11:32.334+0700] {processor.py:925} INFO - DAG(s) 'dag_scraping_twitter' retrieved from /opt/airflow/dags/dag_scraping_twitter.py
[2026-06-07T17:11:32.406+0700] {logging_mixin.py:190} INFO - [2026-06-07T17:11:32.406+0700] {dag.py:3211} INFO - Sync 1 DAGs
[2026-06-07T17:11:32.464+0700] {logging_mixin.py:190} INFO - [2026-06-07T17:11:32.463+0700] {dag.py:4138} INFO - Setting next_dagrun for dag_scraping_twitter to 2026-06-06 23:00:00+00:00, run_after=2026-06-07 11:00:00+00:00
[2026-06-07T17:11:32.527+0700] {processor.py:208} INFO - Processing /opt/airflow/dags/dag_scraping_twitter.py took 0.255 seconds
[2026-06-07T17:12:02.815+0700] {processor.py:186} INFO - Started process (PID=1426) to work on /opt/airflow/dags/dag_scraping_twitter.py
[2026-06-07T17:12:02.817+0700] {processor.py:914} INFO - Processing file /opt/airflow/dags/dag_scraping_twitter.py for tasks to queue
[2026-06-07T17:12:02.822+0700] {logging_mixin.py:190} INFO - [2026-06-07T17:12:02.821+0700] {dagbag.py:587} INFO - Filling up the DagBag from /opt/airflow/dags/dag_scraping_twitter.py
[2026-06-07T17:12:02.855+0700] {processor.py:925} INFO - DAG(s) 'dag_scraping_twitter' retrieved from /opt/airflow/dags/dag_scraping_twitter.py
[2026-06-07T17:12:02.908+0700] {logging_mixin.py:190} INFO - [2026-06-07T17:12:02.908+0700] {dag.py:3211} INFO - Sync 1 DAGs
[2026-06-07T17:12:02.958+0700] {logging_mixin.py:190} INFO - [2026-06-07T17:12:02.957+0700] {dag.py:4138} INFO - Setting next_dagrun for dag_scraping_twitter to 2026-06-06 23:00:00+00:00, run_after=2026-06-07 11:00:00+00:00
[2026-06-07T17:12:02.993+0700] {processor.py:208} INFO - Processing /opt/airflow/dags/dag_scraping_twitter.py took 0.190 seconds
[2026-06-07T17:12:33.356+0700] {processor.py:186} INFO - Started process (PID=1454) to work on /opt/airflow/dags/dag_scraping_twitter.py
[2026-06-07T17:12:33.363+0700] {processor.py:914} INFO - Processing file /opt/airflow/dags/dag_scraping_twitter.py for tasks to queue
[2026-06-07T17:12:33.379+0700] {logging_mixin.py:190} INFO - [2026-06-07T17:12:33.375+0700] {dagbag.py:587} INFO - Filling up the DagBag from /opt/airflow/dags/dag_scraping_twitter.py
[2026-06-07T17:12:33.558+0700] {processor.py:925} INFO - DAG(s) 'dag_scraping_twitter' retrieved from /opt/airflow/dags/dag_scraping_twitter.py
[2026-06-07T17:12:33.767+0700] {logging_mixin.py:190} INFO - [2026-06-07T17:12:33.766+0700] {dag.py:3211} INFO - Sync 1 DAGs
[2026-06-07T17:12:33.915+0700] {logging_mixin.py:190} INFO - [2026-06-07T17:12:33.913+0700] {dag.py:4138} INFO - Setting next_dagrun for dag_scraping_twitter to 2026-06-06 23:00:00+00:00, run_after=2026-06-07 11:00:00+00:00
[2026-06-07T17:12:34.124+0700] {processor.py:208} INFO - Processing /opt/airflow/dags/dag_scraping_twitter.py took 0.832 seconds
[2026-06-07T17:13:05.904+0700] {processor.py:186} INFO - Started process (PID=1482) to work on /opt/airflow/dags/dag_scraping_twitter.py
[2026-06-07T17:13:05.912+0700] {processor.py:914} INFO - Processing file /opt/airflow/dags/dag_scraping_twitter.py for tasks to queue
[2026-06-07T17:13:05.921+0700] {logging_mixin.py:190} INFO - [2026-06-07T17:13:05.919+0700] {dagbag.py:587} INFO - Filling up the DagBag from /opt/airflow/dags/dag_scraping_twitter.py
[2026-06-07T17:13:06.051+0700] {processor.py:925} INFO - DAG(s) 'dag_scraping_twitter' retrieved from /opt/airflow/dags/dag_scraping_twitter.py
[2026-06-07T17:13:06.164+0700] {logging_mixin.py:190} INFO - [2026-06-07T17:13:06.163+0700] {dag.py:3211} INFO - Sync 1 DAGs
[2026-06-07T17:13:06.224+0700] {logging_mixin.py:190} INFO - [2026-06-07T17:13:06.223+0700] {dag.py:4138} INFO - Setting next_dagrun for dag_scraping_twitter to 2026-06-06 23:00:00+00:00, run_after=2026-06-07 11:00:00+00:00
[2026-06-07T17:13:06.273+0700] {processor.py:208} INFO - Processing /opt/airflow/dags/dag_scraping_twitter.py took 0.384 seconds
[2026-06-07T17:13:36.845+0700] {processor.py:186} INFO - Started process (PID=1510) to work on /opt/airflow/dags/dag_scraping_twitter.py
[2026-06-07T17:13:36.847+0700] {processor.py:914} INFO - Processing file /opt/airflow/dags/dag_scraping_twitter.py for tasks to queue
[2026-06-07T17:13:36.855+0700] {logging_mixin.py:190} INFO - [2026-06-07T17:13:36.849+0700] {dagbag.py:587} INFO - Filling up the DagBag from /opt/airflow/dags/dag_scraping_twitter.py
[2026-06-07T17:13:37.080+0700] {processor.py:925} INFO - DAG(s) 'dag_scraping_twitter' retrieved from /opt/airflow/dags/dag_scraping_twitter.py
[2026-06-07T17:13:37.493+0700] {logging_mixin.py:190} INFO - [2026-06-07T17:13:37.493+0700] {dag.py:3211} INFO - Sync 1 DAGs
[2026-06-07T17:13:38.055+0700] {logging_mixin.py:190} INFO - [2026-06-07T17:13:38.055+0700] {dag.py:4138} INFO - Setting next_dagrun for dag_scraping_twitter to 2026-06-06 23:00:00+00:00, run_after=2026-06-07 11:00:00+00:00
[2026-06-07T17:13:38.375+0700] {processor.py:208} INFO - Processing /opt/airflow/dags/dag_scraping_twitter.py took 1.594 seconds
[2026-06-07T17:14:36.619+0700] {processor.py:186} INFO - Started process (PID=176) to work on /opt/airflow/dags/dag_scraping_twitter.py
[2026-06-07T17:14:36.623+0700] {processor.py:914} INFO - Processing file /opt/airflow/dags/dag_scraping_twitter.py for tasks to queue
[2026-06-07T17:14:36.633+0700] {logging_mixin.py:190} INFO - [2026-06-07T17:14:36.632+0700] {dagbag.py:587} INFO - Filling up the DagBag from /opt/airflow/dags/dag_scraping_twitter.py
[2026-06-07T17:14:36.710+0700] {processor.py:925} INFO - DAG(s) 'dag_scraping_twitter' retrieved from /opt/airflow/dags/dag_scraping_twitter.py
[2026-06-07T17:14:36.782+0700] {logging_mixin.py:190} INFO - [2026-06-07T17:14:36.782+0700] {dag.py:3211} INFO - Sync 1 DAGs
[2026-06-07T17:14:36.824+0700] {logging_mixin.py:190} INFO - [2026-06-07T17:14:36.824+0700] {dag.py:4138} INFO - Setting next_dagrun for dag_scraping_twitter to 2026-06-06 23:00:00+00:00, run_after=2026-06-07 11:00:00+00:00
[2026-06-07T17:14:36.860+0700] {processor.py:208} INFO - Processing /opt/airflow/dags/dag_scraping_twitter.py took 0.290 seconds
[2026-06-07T17:15:07.143+0700] {processor.py:186} INFO - Started process (PID=204) to work on /opt/airflow/dags/dag_scraping_twitter.py
[2026-06-07T17:15:07.146+0700] {processor.py:914} INFO - Processing file /opt/airflow/dags/dag_scraping_twitter.py for tasks to queue
[2026-06-07T17:15:07.153+0700] {logging_mixin.py:190} INFO - [2026-06-07T17:15:07.152+0700] {dagbag.py:587} INFO - Filling up the DagBag from /opt/airflow/dags/dag_scraping_twitter.py
[2026-06-07T17:15:07.186+0700] {processor.py:925} INFO - DAG(s) 'dag_scraping_twitter' retrieved from /opt/airflow/dags/dag_scraping_twitter.py
[2026-06-07T17:15:07.235+0700] {logging_mixin.py:190} INFO - [2026-06-07T17:15:07.235+0700] {dag.py:3211} INFO - Sync 1 DAGs
[2026-06-07T17:15:07.323+0700] {logging_mixin.py:190} INFO - [2026-06-07T17:15:07.323+0700] {dag.py:4138} INFO - Setting next_dagrun for dag_scraping_twitter to 2026-06-06 23:00:00+00:00, run_after=2026-06-07 11:00:00+00:00
[2026-06-07T17:15:07.399+0700] {processor.py:208} INFO - Processing /opt/airflow/dags/dag_scraping_twitter.py took 0.268 seconds
[2026-06-07T17:15:37.705+0700] {processor.py:186} INFO - Started process (PID=237) to work on /opt/airflow/dags/dag_scraping_twitter.py
[2026-06-07T17:15:37.707+0700] {processor.py:914} INFO - Processing file /opt/airflow/dags/dag_scraping_twitter.py for tasks to queue
[2026-06-07T17:15:37.711+0700] {logging_mixin.py:190} INFO - [2026-06-07T17:15:37.710+0700] {dagbag.py:587} INFO - Filling up the DagBag from /opt/airflow/dags/dag_scraping_twitter.py
[2026-06-07T17:15:37.742+0700] {processor.py:925} INFO - DAG(s) 'dag_scraping_twitter' retrieved from /opt/airflow/dags/dag_scraping_twitter.py
[2026-06-07T17:15:37.775+0700] {logging_mixin.py:190} INFO - [2026-06-07T17:15:37.775+0700] {dag.py:3211} INFO - Sync 1 DAGs
[2026-06-07T17:15:37.803+0700] {logging_mixin.py:190} INFO - [2026-06-07T17:15:37.802+0700] {dag.py:4138} INFO - Setting next_dagrun for dag_scraping_twitter to 2026-06-06 23:00:00+00:00, run_after=2026-06-07 11:00:00+00:00
[2026-06-07T17:15:37.826+0700] {processor.py:208} INFO - Processing /opt/airflow/dags/dag_scraping_twitter.py took 0.128 seconds
[2026-06-07T17:16:08.444+0700] {processor.py:186} INFO - Started process (PID=266) to work on /opt/airflow/dags/dag_scraping_twitter.py
[2026-06-07T17:16:08.447+0700] {processor.py:914} INFO - Processing file /opt/airflow/dags/dag_scraping_twitter.py for tasks to queue
[2026-06-07T17:16:08.451+0700] {logging_mixin.py:190} INFO - [2026-06-07T17:16:08.450+0700] {dagbag.py:587} INFO - Filling up the DagBag from /opt/airflow/dags/dag_scraping_twitter.py
[2026-06-07T17:16:08.498+0700] {processor.py:925} INFO - DAG(s) 'dag_scraping_twitter' retrieved from /opt/airflow/dags/dag_scraping_twitter.py
[2026-06-07T17:16:08.563+0700] {logging_mixin.py:190} INFO - [2026-06-07T17:16:08.562+0700] {dag.py:3211} INFO - Sync 1 DAGs
[2026-06-07T17:16:08.620+0700] {logging_mixin.py:190} INFO - [2026-06-07T17:16:08.620+0700] {dag.py:4138} INFO - Setting next_dagrun for dag_scraping_twitter to 2026-06-06 23:00:00+00:00, run_after=2026-06-07 11:00:00+00:00
[2026-06-07T17:16:08.690+0700] {processor.py:208} INFO - Processing /opt/airflow/dags/dag_scraping_twitter.py took 0.258 seconds
[2026-06-07T17:16:39.265+0700] {processor.py:186} INFO - Started process (PID=294) to work on /opt/airflow/dags/dag_scraping_twitter.py
[2026-06-07T17:16:39.267+0700] {processor.py:914} INFO - Processing file /opt/airflow/dags/dag_scraping_twitter.py for tasks to queue
[2026-06-07T17:16:39.272+0700] {logging_mixin.py:190} INFO - [2026-06-07T17:16:39.271+0700] {dagbag.py:587} INFO - Filling up the DagBag from /opt/airflow/dags/dag_scraping_twitter.py
[2026-06-07T17:16:39.317+0700] {processor.py:925} INFO - DAG(s) 'dag_scraping_twitter' retrieved from /opt/airflow/dags/dag_scraping_twitter.py
[2026-06-07T17:16:39.370+0700] {logging_mixin.py:190} INFO - [2026-06-07T17:16:39.369+0700] {dag.py:3211} INFO - Sync 1 DAGs
[2026-06-07T17:16:39.419+0700] {logging_mixin.py:190} INFO - [2026-06-07T17:16:39.418+0700] {dag.py:4138} INFO - Setting next_dagrun for dag_scraping_twitter to 2026-06-06 23:00:00+00:00, run_after=2026-06-07 11:00:00+00:00
[2026-06-07T17:16:39.454+0700] {processor.py:208} INFO - Processing /opt/airflow/dags/dag_scraping_twitter.py took 0.204 seconds
[2026-06-07T17:17:09.615+0700] {processor.py:186} INFO - Started process (PID=323) to work on /opt/airflow/dags/dag_scraping_twitter.py
[2026-06-07T17:17:09.616+0700] {processor.py:914} INFO - Processing file /opt/airflow/dags/dag_scraping_twitter.py for tasks to queue
[2026-06-07T17:17:09.621+0700] {logging_mixin.py:190} INFO - [2026-06-07T17:17:09.620+0700] {dagbag.py:587} INFO - Filling up the DagBag from /opt/airflow/dags/dag_scraping_twitter.py
[2026-06-07T17:17:09.663+0700] {processor.py:925} INFO - DAG(s) 'dag_scraping_twitter' retrieved from /opt/airflow/dags/dag_scraping_twitter.py
[2026-06-07T17:17:09.724+0700] {logging_mixin.py:190} INFO - [2026-06-07T17:17:09.722+0700] {dag.py:3211} INFO - Sync 1 DAGs
[2026-06-07T17:17:09.767+0700] {logging_mixin.py:190} INFO - [2026-06-07T17:17:09.767+0700] {dag.py:4138} INFO - Setting next_dagrun for dag_scraping_twitter to 2026-06-06 23:00:00+00:00, run_after=2026-06-07 11:00:00+00:00
[2026-06-07T17:17:09.796+0700] {processor.py:208} INFO - Processing /opt/airflow/dags/dag_scraping_twitter.py took 0.190 seconds
[2026-06-07T17:17:39.951+0700] {processor.py:186} INFO - Started process (PID=351) to work on /opt/airflow/dags/dag_scraping_twitter.py
[2026-06-07T17:17:39.954+0700] {processor.py:914} INFO - Processing file /opt/airflow/dags/dag_scraping_twitter.py for tasks to queue
[2026-06-07T17:17:39.961+0700] {logging_mixin.py:190} INFO - [2026-06-07T17:17:39.960+0700] {dagbag.py:587} INFO - Filling up the DagBag from /opt/airflow/dags/dag_scraping_twitter.py
[2026-06-07T17:17:39.991+0700] {processor.py:925} INFO - DAG(s) 'dag_scraping_twitter' retrieved from /opt/airflow/dags/dag_scraping_twitter.py
[2026-06-07T17:17:40.030+0700] {logging_mixin.py:190} INFO - [2026-06-07T17:17:40.029+0700] {dag.py:3211} INFO - Sync 1 DAGs
[2026-06-07T17:17:40.060+0700] {logging_mixin.py:190} INFO - [2026-06-07T17:17:40.059+0700] {dag.py:4138} INFO - Setting next_dagrun for dag_scraping_twitter to 2026-06-06 23:00:00+00:00, run_after=2026-06-07 11:00:00+00:00
[2026-06-07T17:17:40.090+0700] {processor.py:208} INFO - Processing /opt/airflow/dags/dag_scraping_twitter.py took 0.153 seconds
[2026-06-07T17:18:10.254+0700] {processor.py:186} INFO - Started process (PID=379) to work on /opt/airflow/dags/dag_scraping_twitter.py
[2026-06-07T17:18:10.258+0700] {processor.py:914} INFO - Processing file /opt/airflow/dags/dag_scraping_twitter.py for tasks to queue
[2026-06-07T17:18:10.264+0700] {logging_mixin.py:190} INFO - [2026-06-07T17:18:10.263+0700] {dagbag.py:587} INFO - Filling up the DagBag from /opt/airflow/dags/dag_scraping_twitter.py
[2026-06-07T17:18:10.312+0700] {processor.py:925} INFO - DAG(s) 'dag_scraping_twitter' retrieved from /opt/airflow/dags/dag_scraping_twitter.py
[2026-06-07T17:18:10.373+0700] {logging_mixin.py:190} INFO - [2026-06-07T17:18:10.372+0700] {dag.py:3211} INFO - Sync 1 DAGs
[2026-06-07T17:18:10.419+0700] {logging_mixin.py:190} INFO - [2026-06-07T17:18:10.419+0700] {dag.py:4138} INFO - Setting next_dagrun for dag_scraping_twitter to 2026-06-06 23:00:00+00:00, run_after=2026-06-07 11:00:00+00:00
[2026-06-07T17:18:10.451+0700] {processor.py:208} INFO - Processing /opt/airflow/dags/dag_scraping_twitter.py took 0.213 seconds
[2026-06-07T17:18:41.029+0700] {processor.py:186} INFO - Started process (PID=408) to work on /opt/airflow/dags/dag_scraping_twitter.py
[2026-06-07T17:18:41.033+0700] {processor.py:914} INFO - Processing file /opt/airflow/dags/dag_scraping_twitter.py for tasks to queue
[2026-06-07T17:18:41.037+0700] {logging_mixin.py:190} INFO - [2026-06-07T17:18:41.037+0700] {dagbag.py:587} INFO - Filling up the DagBag from /opt/airflow/dags/dag_scraping_twitter.py
[2026-06-07T17:18:41.092+0700] {processor.py:925} INFO - DAG(s) 'dag_scraping_twitter' retrieved from /opt/airflow/dags/dag_scraping_twitter.py
[2026-06-07T17:18:41.154+0700] {logging_mixin.py:190} INFO - [2026-06-07T17:18:41.154+0700] {dag.py:3211} INFO - Sync 1 DAGs
[2026-06-07T17:18:41.211+0700] {logging_mixin.py:190} INFO - [2026-06-07T17:18:41.210+0700] {dag.py:4138} INFO - Setting next_dagrun for dag_scraping_twitter to 2026-06-06 23:00:00+00:00, run_after=2026-06-07 11:00:00+00:00
[2026-06-07T17:18:41.263+0700] {processor.py:208} INFO - Processing /opt/airflow/dags/dag_scraping_twitter.py took 0.245 seconds
[2026-06-07T17:19:11.332+0700] {processor.py:186} INFO - Started process (PID=436) to work on /opt/airflow/dags/dag_scraping_twitter.py
[2026-06-07T17:19:11.334+0700] {processor.py:914} INFO - Processing file /opt/airflow/dags/dag_scraping_twitter.py for tasks to queue
[2026-06-07T17:19:11.339+0700] {logging_mixin.py:190} INFO - [2026-06-07T17:19:11.338+0700] {dagbag.py:587} INFO - Filling up the DagBag from /opt/airflow/dags/dag_scraping_twitter.py
[2026-06-07T17:19:11.363+0700] {processor.py:925} INFO - DAG(s) 'dag_scraping_twitter' retrieved from /opt/airflow/dags/dag_scraping_twitter.py
[2026-06-07T17:19:11.404+0700] {logging_mixin.py:190} INFO - [2026-06-07T17:19:11.403+0700] {dag.py:3211} INFO - Sync 1 DAGs
[2026-06-07T17:19:11.462+0700] {logging_mixin.py:190} INFO - [2026-06-07T17:19:11.462+0700] {dag.py:4138} INFO - Setting next_dagrun for dag_scraping_twitter to 2026-06-06 23:00:00+00:00, run_after=2026-06-07 11:00:00+00:00
[2026-06-07T17:19:11.496+0700] {processor.py:208} INFO - Processing /opt/airflow/dags/dag_scraping_twitter.py took 0.172 seconds
[2026-06-07T17:19:42.037+0700] {processor.py:186} INFO - Started process (PID=471) to work on /opt/airflow/dags/dag_scraping_twitter.py
[2026-06-07T17:19:42.038+0700] {processor.py:914} INFO - Processing file /opt/airflow/dags/dag_scraping_twitter.py for tasks to queue
[2026-06-07T17:19:42.041+0700] {logging_mixin.py:190} INFO - [2026-06-07T17:19:42.041+0700] {dagbag.py:587} INFO - Filling up the DagBag from /opt/airflow/dags/dag_scraping_twitter.py
[2026-06-07T17:19:42.065+0700] {processor.py:925} INFO - DAG(s) 'dag_scraping_twitter' retrieved from /opt/airflow/dags/dag_scraping_twitter.py
[2026-06-07T17:19:42.105+0700] {logging_mixin.py:190} INFO - [2026-06-07T17:19:42.104+0700] {dag.py:3211} INFO - Sync 1 DAGs
[2026-06-07T17:19:42.135+0700] {logging_mixin.py:190} INFO - [2026-06-07T17:19:42.135+0700] {dag.py:4138} INFO - Setting next_dagrun for dag_scraping_twitter to 2026-06-06 23:00:00+00:00, run_after=2026-06-07 11:00:00+00:00
[2026-06-07T17:19:42.171+0700] {processor.py:208} INFO - Processing /opt/airflow/dags/dag_scraping_twitter.py took 0.142 seconds
[2026-06-07T17:20:12.927+0700] {processor.py:186} INFO - Started process (PID=499) to work on /opt/airflow/dags/dag_scraping_twitter.py
[2026-06-07T17:20:12.928+0700] {processor.py:914} INFO - Processing file /opt/airflow/dags/dag_scraping_twitter.py for tasks to queue
[2026-06-07T17:20:12.933+0700] {logging_mixin.py:190} INFO - [2026-06-07T17:20:12.932+0700] {dagbag.py:587} INFO - Filling up the DagBag from /opt/airflow/dags/dag_scraping_twitter.py
[2026-06-07T17:20:12.967+0700] {processor.py:925} INFO - DAG(s) 'dag_scraping_twitter' retrieved from /opt/airflow/dags/dag_scraping_twitter.py
[2026-06-07T17:20:13.010+0700] {logging_mixin.py:190} INFO - [2026-06-07T17:20:13.010+0700] {dag.py:3211} INFO - Sync 1 DAGs
[2026-06-07T17:20:13.041+0700] {logging_mixin.py:190} INFO - [2026-06-07T17:20:13.041+0700] {dag.py:4138} INFO - Setting next_dagrun for dag_scraping_twitter to 2026-06-06 23:00:00+00:00, run_after=2026-06-07 11:00:00+00:00
[2026-06-07T17:20:13.075+0700] {processor.py:208} INFO - Processing /opt/airflow/dags/dag_scraping_twitter.py took 0.156 seconds
[2026-06-07T17:20:44.051+0700] {processor.py:186} INFO - Started process (PID=527) to work on /opt/airflow/dags/dag_scraping_twitter.py
[2026-06-07T17:20:44.053+0700] {processor.py:914} INFO - Processing file /opt/airflow/dags/dag_scraping_twitter.py for tasks to queue
[2026-06-07T17:20:44.056+0700] {logging_mixin.py:190} INFO - [2026-06-07T17:20:44.055+0700] {dagbag.py:587} INFO - Filling up the DagBag from /opt/airflow/dags/dag_scraping_twitter.py
[2026-06-07T17:20:44.081+0700] {processor.py:925} INFO - DAG(s) 'dag_scraping_twitter' retrieved from /opt/airflow/dags/dag_scraping_twitter.py
[2026-06-07T17:20:44.119+0700] {logging_mixin.py:190} INFO - [2026-06-07T17:20:44.119+0700] {dag.py:3211} INFO - Sync 1 DAGs
[2026-06-07T17:20:44.153+0700] {logging_mixin.py:190} INFO - [2026-06-07T17:20:44.153+0700] {dag.py:4138} INFO - Setting next_dagrun for dag_scraping_twitter to 2026-06-06 23:00:00+00:00, run_after=2026-06-07 11:00:00+00:00
[2026-06-07T17:20:44.187+0700] {processor.py:208} INFO - Processing /opt/airflow/dags/dag_scraping_twitter.py took 0.145 seconds
[2026-06-07T17:21:15.238+0700] {processor.py:186} INFO - Started process (PID=555) to work on /opt/airflow/dags/dag_scraping_twitter.py
[2026-06-07T17:21:15.241+0700] {processor.py:914} INFO - Processing file /opt/airflow/dags/dag_scraping_twitter.py for tasks to queue
[2026-06-07T17:21:15.244+0700] {logging_mixin.py:190} INFO - [2026-06-07T17:21:15.243+0700] {dagbag.py:587} INFO - Filling up the DagBag from /opt/airflow/dags/dag_scraping_twitter.py
[2026-06-07T17:21:15.291+0700] {processor.py:925} INFO - DAG(s) 'dag_scraping_twitter' retrieved from /opt/airflow/dags/dag_scraping_twitter.py
[2026-06-07T17:21:15.353+0700] {logging_mixin.py:190} INFO - [2026-06-07T17:21:15.352+0700] {dag.py:3211} INFO - Sync 1 DAGs
[2026-06-07T17:21:15.401+0700] {logging_mixin.py:190} INFO - [2026-06-07T17:21:15.401+0700] {dag.py:4138} INFO - Setting next_dagrun for dag_scraping_twitter to 2026-06-06 23:00:00+00:00, run_after=2026-06-07 11:00:00+00:00
[2026-06-07T17:21:16.246+0700] {processor.py:208} INFO - Processing /opt/airflow/dags/dag_scraping_twitter.py took 1.022 seconds
[2026-06-07T17:21:46.616+0700] {processor.py:186} INFO - Started process (PID=584) to work on /opt/airflow/dags/dag_scraping_twitter.py
[2026-06-07T17:21:46.620+0700] {processor.py:914} INFO - Processing file /opt/airflow/dags/dag_scraping_twitter.py for tasks to queue
[2026-06-07T17:21:46.623+0700] {logging_mixin.py:190} INFO - [2026-06-07T17:21:46.622+0700] {dagbag.py:587} INFO - Filling up the DagBag from /opt/airflow/dags/dag_scraping_twitter.py
[2026-06-07T17:21:46.675+0700] {processor.py:925} INFO - DAG(s) 'dag_scraping_twitter' retrieved from /opt/airflow/dags/dag_scraping_twitter.py
[2026-06-07T17:21:46.727+0700] {logging_mixin.py:190} INFO - [2026-06-07T17:21:46.727+0700] {dag.py:3211} INFO - Sync 1 DAGs
[2026-06-07T17:21:47.057+0700] {logging_mixin.py:190} INFO - [2026-06-07T17:21:47.057+0700] {dag.py:4138} INFO - Setting next_dagrun for dag_scraping_twitter to 2026-06-06 23:00:00+00:00, run_after=2026-06-07 11:00:00+00:00
[2026-06-07T17:21:47.091+0700] {processor.py:208} INFO - Processing /opt/airflow/dags/dag_scraping_twitter.py took 0.487 seconds
[2026-06-07T17:22:17.344+0700] {processor.py:186} INFO - Started process (PID=618) to work on /opt/airflow/dags/dag_scraping_twitter.py
[2026-06-07T17:22:17.345+0700] {processor.py:914} INFO - Processing file /opt/airflow/dags/dag_scraping_twitter.py for tasks to queue
[2026-06-07T17:22:17.350+0700] {logging_mixin.py:190} INFO - [2026-06-07T17:22:17.349+0700] {dagbag.py:587} INFO - Filling up the DagBag from /opt/airflow/dags/dag_scraping_twitter.py
[2026-06-07T17:22:17.378+0700] {processor.py:925} INFO - DAG(s) 'dag_scraping_twitter' retrieved from /opt/airflow/dags/dag_scraping_twitter.py
[2026-06-07T17:22:17.631+0700] {logging_mixin.py:190} INFO - [2026-06-07T17:22:17.631+0700] {dag.py:3211} INFO - Sync 1 DAGs
[2026-06-07T17:22:17.657+0700] {logging_mixin.py:190} INFO - [2026-06-07T17:22:17.656+0700] {dag.py:4138} INFO - Setting next_dagrun for dag_scraping_twitter to 2026-06-06 23:00:00+00:00, run_after=2026-06-07 11:00:00+00:00
[2026-06-07T17:22:17.683+0700] {processor.py:208} INFO - Processing /opt/airflow/dags/dag_scraping_twitter.py took 0.349 seconds
[2026-06-07T17:22:48.050+0700] {processor.py:186} INFO - Started process (PID=646) to work on /opt/airflow/dags/dag_scraping_twitter.py
[2026-06-07T17:22:48.052+0700] {processor.py:914} INFO - Processing file /opt/airflow/dags/dag_scraping_twitter.py for tasks to queue
[2026-06-07T17:22:48.054+0700] {logging_mixin.py:190} INFO - [2026-06-07T17:22:48.054+0700] {dagbag.py:587} INFO - Filling up the DagBag from /opt/airflow/dags/dag_scraping_twitter.py
[2026-06-07T17:22:48.081+0700] {processor.py:925} INFO - DAG(s) 'dag_scraping_twitter' retrieved from /opt/airflow/dags/dag_scraping_twitter.py
[2026-06-07T17:22:48.365+0700] {logging_mixin.py:190} INFO - [2026-06-07T17:22:48.365+0700] {dag.py:3211} INFO - Sync 1 DAGs
[2026-06-07T17:22:48.410+0700] {logging_mixin.py:190} INFO - [2026-06-07T17:22:48.410+0700] {dag.py:4138} INFO - Setting next_dagrun for dag_scraping_twitter to 2026-06-06 23:00:00+00:00, run_after=2026-06-07 11:00:00+00:00
[2026-06-07T17:22:48.459+0700] {processor.py:208} INFO - Processing /opt/airflow/dags/dag_scraping_twitter.py took 0.419 seconds
[2026-06-07T17:23:19.323+0700] {processor.py:186} INFO - Started process (PID=675) to work on /opt/airflow/dags/dag_scraping_twitter.py
[2026-06-07T17:23:19.324+0700] {processor.py:914} INFO - Processing file /opt/airflow/dags/dag_scraping_twitter.py for tasks to queue
[2026-06-07T17:23:19.327+0700] {logging_mixin.py:190} INFO - [2026-06-07T17:23:19.327+0700] {dagbag.py:587} INFO - Filling up the DagBag from /opt/airflow/dags/dag_scraping_twitter.py
[2026-06-07T17:23:19.356+0700] {processor.py:925} INFO - DAG(s) 'dag_scraping_twitter' retrieved from /opt/airflow/dags/dag_scraping_twitter.py
[2026-06-07T17:23:19.396+0700] {logging_mixin.py:190} INFO - [2026-06-07T17:23:19.395+0700] {dag.py:3211} INFO - Sync 1 DAGs
[2026-06-07T17:23:19.433+0700] {logging_mixin.py:190} INFO - [2026-06-07T17:23:19.432+0700] {dag.py:4138} INFO - Setting next_dagrun for dag_scraping_twitter to 2026-06-06 23:00:00+00:00, run_after=2026-06-07 11:00:00+00:00
[2026-06-07T17:23:19.460+0700] {processor.py:208} INFO - Processing /opt/airflow/dags/dag_scraping_twitter.py took 0.145 seconds
[2026-06-07T17:23:50.247+0700] {processor.py:186} INFO - Started process (PID=703) to work on /opt/airflow/dags/dag_scraping_twitter.py
[2026-06-07T17:23:50.249+0700] {processor.py:914} INFO - Processing file /opt/airflow/dags/dag_scraping_twitter.py for tasks to queue
[2026-06-07T17:23:50.255+0700] {logging_mixin.py:190} INFO - [2026-06-07T17:23:50.254+0700] {dagbag.py:587} INFO - Filling up the DagBag from /opt/airflow/dags/dag_scraping_twitter.py
[2026-06-07T17:23:50.301+0700] {processor.py:925} INFO - DAG(s) 'dag_scraping_twitter' retrieved from /opt/airflow/dags/dag_scraping_twitter.py
[2026-06-07T17:23:50.368+0700] {logging_mixin.py:190} INFO - [2026-06-07T17:23:50.368+0700] {dag.py:3211} INFO - Sync 1 DAGs
[2026-06-07T17:23:50.414+0700] {logging_mixin.py:190} INFO - [2026-06-07T17:23:50.413+0700] {dag.py:4138} INFO - Setting next_dagrun for dag_scraping_twitter to 2026-06-06 23:00:00+00:00, run_after=2026-06-07 11:00:00+00:00
[2026-06-07T17:23:50.454+0700] {processor.py:208} INFO - Processing /opt/airflow/dags/dag_scraping_twitter.py took 0.216 seconds
[2026-06-07T17:24:21.297+0700] {processor.py:186} INFO - Started process (PID=731) to work on /opt/airflow/dags/dag_scraping_twitter.py
[2026-06-07T17:24:21.298+0700] {processor.py:914} INFO - Processing file /opt/airflow/dags/dag_scraping_twitter.py for tasks to queue
[2026-06-07T17:24:21.303+0700] {logging_mixin.py:190} INFO - [2026-06-07T17:24:21.300+0700] {dagbag.py:587} INFO - Filling up the DagBag from /opt/airflow/dags/dag_scraping_twitter.py
[2026-06-07T17:24:21.345+0700] {processor.py:925} INFO - DAG(s) 'dag_scraping_twitter' retrieved from /opt/airflow/dags/dag_scraping_twitter.py
[2026-06-07T17:24:21.389+0700] {logging_mixin.py:190} INFO - [2026-06-07T17:24:21.388+0700] {dag.py:3211} INFO - Sync 1 DAGs
[2026-06-07T17:24:21.838+0700] {logging_mixin.py:190} INFO - [2026-06-07T17:24:21.837+0700] {dag.py:4138} INFO - Setting next_dagrun for dag_scraping_twitter to 2026-06-06 23:00:00+00:00, run_after=2026-06-07 11:00:00+00:00
[2026-06-07T17:24:21.870+0700] {processor.py:208} INFO - Processing /opt/airflow/dags/dag_scraping_twitter.py took 0.584 seconds
[2026-06-07T17:24:52.182+0700] {processor.py:186} INFO - Started process (PID=760) to work on /opt/airflow/dags/dag_scraping_twitter.py
[2026-06-07T17:24:52.183+0700] {processor.py:914} INFO - Processing file /opt/airflow/dags/dag_scraping_twitter.py for tasks to queue
[2026-06-07T17:24:52.191+0700] {logging_mixin.py:190} INFO - [2026-06-07T17:24:52.190+0700] {dagbag.py:587} INFO - Filling up the DagBag from /opt/airflow/dags/dag_scraping_twitter.py
[2026-06-07T17:24:52.228+0700] {processor.py:925} INFO - DAG(s) 'dag_scraping_twitter' retrieved from /opt/airflow/dags/dag_scraping_twitter.py
[2026-06-07T17:24:52.302+0700] {logging_mixin.py:190} INFO - [2026-06-07T17:24:52.302+0700] {dag.py:3211} INFO - Sync 1 DAGs
[2026-06-07T17:24:52.720+0700] {logging_mixin.py:190} INFO - [2026-06-07T17:24:52.720+0700] {dag.py:4138} INFO - Setting next_dagrun for dag_scraping_twitter to 2026-06-06 23:00:00+00:00, run_after=2026-06-07 11:00:00+00:00
[2026-06-07T17:24:52.756+0700] {processor.py:208} INFO - Processing /opt/airflow/dags/dag_scraping_twitter.py took 0.584 seconds
[2026-06-07T17:25:22.927+0700] {processor.py:186} INFO - Started process (PID=795) to work on /opt/airflow/dags/dag_scraping_twitter.py
[2026-06-07T17:25:22.931+0700] {processor.py:914} INFO - Processing file /opt/airflow/dags/dag_scraping_twitter.py for tasks to queue
[2026-06-07T17:25:22.935+0700] {logging_mixin.py:190} INFO - [2026-06-07T17:25:22.934+0700] {dagbag.py:587} INFO - Filling up the DagBag from /opt/airflow/dags/dag_scraping_twitter.py
[2026-06-07T17:25:22.960+0700] {processor.py:925} INFO - DAG(s) 'dag_scraping_twitter' retrieved from /opt/airflow/dags/dag_scraping_twitter.py
[2026-06-07T17:25:23.332+0700] {logging_mixin.py:190} INFO - [2026-06-07T17:25:23.332+0700] {dag.py:3211} INFO - Sync 1 DAGs
[2026-06-07T17:25:23.408+0700] {logging_mixin.py:190} INFO - [2026-06-07T17:25:23.408+0700] {dag.py:4138} INFO - Setting next_dagrun for dag_scraping_twitter to 2026-06-06 23:00:00+00:00, run_after=2026-06-07 11:00:00+00:00
[2026-06-07T17:25:23.485+0700] {processor.py:208} INFO - Processing /opt/airflow/dags/dag_scraping_twitter.py took 0.569 seconds
[2026-06-07T17:25:53.812+0700] {processor.py:186} INFO - Started process (PID=823) to work on /opt/airflow/dags/dag_scraping_twitter.py
[2026-06-07T17:25:53.813+0700] {processor.py:914} INFO - Processing file /opt/airflow/dags/dag_scraping_twitter.py for tasks to queue
[2026-06-07T17:25:53.817+0700] {logging_mixin.py:190} INFO - [2026-06-07T17:25:53.817+0700] {dagbag.py:587} INFO - Filling up the DagBag from /opt/airflow/dags/dag_scraping_twitter.py
[2026-06-07T17:25:53.847+0700] {processor.py:925} INFO - DAG(s) 'dag_scraping_twitter' retrieved from /opt/airflow/dags/dag_scraping_twitter.py
[2026-06-07T17:25:53.889+0700] {logging_mixin.py:190} INFO - [2026-06-07T17:25:53.888+0700] {dag.py:3211} INFO - Sync 1 DAGs
[2026-06-07T17:25:53.924+0700] {logging_mixin.py:190} INFO - [2026-06-07T17:25:53.924+0700] {dag.py:4138} INFO - Setting next_dagrun for dag_scraping_twitter to 2026-06-06 23:00:00+00:00, run_after=2026-06-07 11:00:00+00:00
[2026-06-07T17:25:53.950+0700] {processor.py:208} INFO - Processing /opt/airflow/dags/dag_scraping_twitter.py took 0.147 seconds
[2026-06-07T17:26:25.165+0700] {processor.py:186} INFO - Started process (PID=851) to work on /opt/airflow/dags/dag_scraping_twitter.py
[2026-06-07T17:26:25.173+0700] {processor.py:914} INFO - Processing file /opt/airflow/dags/dag_scraping_twitter.py for tasks to queue
[2026-06-07T17:26:25.181+0700] {logging_mixin.py:190} INFO - [2026-06-07T17:26:25.181+0700] {dagbag.py:587} INFO - Filling up the DagBag from /opt/airflow/dags/dag_scraping_twitter.py
[2026-06-07T17:26:25.287+0700] {processor.py:925} INFO - DAG(s) 'dag_scraping_twitter' retrieved from /opt/airflow/dags/dag_scraping_twitter.py
[2026-06-07T17:26:26.281+0700] {logging_mixin.py:190} INFO - [2026-06-07T17:26:26.280+0700] {dag.py:3211} INFO - Sync 1 DAGs
[2026-06-07T17:26:26.414+0700] {logging_mixin.py:190} INFO - [2026-06-07T17:26:26.413+0700] {dag.py:4138} INFO - Setting next_dagrun for dag_scraping_twitter to 2026-06-06 23:00:00+00:00, run_after=2026-06-07 11:00:00+00:00
[2026-06-07T17:26:26.505+0700] {processor.py:208} INFO - Processing /opt/airflow/dags/dag_scraping_twitter.py took 1.377 seconds
[2026-06-07T17:26:57.076+0700] {processor.py:186} INFO - Started process (PID=879) to work on /opt/airflow/dags/dag_scraping_twitter.py
[2026-06-07T17:26:57.077+0700] {processor.py:914} INFO - Processing file /opt/airflow/dags/dag_scraping_twitter.py for tasks to queue
[2026-06-07T17:26:57.082+0700] {logging_mixin.py:190} INFO - [2026-06-07T17:26:57.081+0700] {dagbag.py:587} INFO - Filling up the DagBag from /opt/airflow/dags/dag_scraping_twitter.py
[2026-06-07T17:26:57.111+0700] {processor.py:925} INFO - DAG(s) 'dag_scraping_twitter' retrieved from /opt/airflow/dags/dag_scraping_twitter.py
[2026-06-07T17:26:57.152+0700] {logging_mixin.py:190} INFO - [2026-06-07T17:26:57.152+0700] {dag.py:3211} INFO - Sync 1 DAGs
[2026-06-07T17:26:57.186+0700] {logging_mixin.py:190} INFO - [2026-06-07T17:26:57.185+0700] {dag.py:4138} INFO - Setting next_dagrun for dag_scraping_twitter to 2026-06-06 23:00:00+00:00, run_after=2026-06-07 11:00:00+00:00
[2026-06-07T17:26:57.214+0700] {processor.py:208} INFO - Processing /opt/airflow/dags/dag_scraping_twitter.py took 0.158 seconds
[2026-06-07T17:27:28.214+0700] {processor.py:186} INFO - Started process (PID=913) to work on /opt/airflow/dags/dag_scraping_twitter.py
[2026-06-07T17:27:28.219+0700] {processor.py:914} INFO - Processing file /opt/airflow/dags/dag_scraping_twitter.py for tasks to queue
[2026-06-07T17:27:28.225+0700] {logging_mixin.py:190} INFO - [2026-06-07T17:27:28.224+0700] {dagbag.py:587} INFO - Filling up the DagBag from /opt/airflow/dags/dag_scraping_twitter.py
[2026-06-07T17:27:28.261+0700] {processor.py:925} INFO - DAG(s) 'dag_scraping_twitter' retrieved from /opt/airflow/dags/dag_scraping_twitter.py
[2026-06-07T17:27:28.316+0700] {logging_mixin.py:190} INFO - [2026-06-07T17:27:28.315+0700] {dag.py:3211} INFO - Sync 1 DAGs
[2026-06-07T17:27:28.370+0700] {logging_mixin.py:190} INFO - [2026-06-07T17:27:28.369+0700] {dag.py:4138} INFO - Setting next_dagrun for dag_scraping_twitter to 2026-06-06 23:00:00+00:00, run_after=2026-06-07 11:00:00+00:00
[2026-06-07T17:27:28.404+0700] {processor.py:208} INFO - Processing /opt/airflow/dags/dag_scraping_twitter.py took 0.204 seconds
[2026-06-07T17:27:58.975+0700] {processor.py:186} INFO - Started process (PID=941) to work on /opt/airflow/dags/dag_scraping_twitter.py
[2026-06-07T17:27:58.977+0700] {processor.py:914} INFO - Processing file /opt/airflow/dags/dag_scraping_twitter.py for tasks to queue
[2026-06-07T17:27:58.982+0700] {logging_mixin.py:190} INFO - [2026-06-07T17:27:58.981+0700] {dagbag.py:587} INFO - Filling up the DagBag from /opt/airflow/dags/dag_scraping_twitter.py
[2026-06-07T17:27:59.016+0700] {processor.py:925} INFO - DAG(s) 'dag_scraping_twitter' retrieved from /opt/airflow/dags/dag_scraping_twitter.py
[2026-06-07T17:27:59.060+0700] {logging_mixin.py:190} INFO - [2026-06-07T17:27:59.060+0700] {dag.py:3211} INFO - Sync 1 DAGs
[2026-06-07T17:27:59.095+0700] {logging_mixin.py:190} INFO - [2026-06-07T17:27:59.094+0700] {dag.py:4138} INFO - Setting next_dagrun for dag_scraping_twitter to 2026-06-06 23:00:00+00:00, run_after=2026-06-07 11:00:00+00:00
[2026-06-07T17:27:59.124+0700] {processor.py:208} INFO - Processing /opt/airflow/dags/dag_scraping_twitter.py took 0.162 seconds
[2026-06-07T17:28:29.558+0700] {processor.py:186} INFO - Started process (PID=969) to work on /opt/airflow/dags/dag_scraping_twitter.py
[2026-06-07T17:28:29.560+0700] {processor.py:914} INFO - Processing file /opt/airflow/dags/dag_scraping_twitter.py for tasks to queue
[2026-06-07T17:28:29.566+0700] {logging_mixin.py:190} INFO - [2026-06-07T17:28:29.565+0700] {dagbag.py:587} INFO - Filling up the DagBag from /opt/airflow/dags/dag_scraping_twitter.py
[2026-06-07T17:28:29.605+0700] {processor.py:925} INFO - DAG(s) 'dag_scraping_twitter' retrieved from /opt/airflow/dags/dag_scraping_twitter.py
[2026-06-07T17:28:29.655+0700] {logging_mixin.py:190} INFO - [2026-06-07T17:28:29.655+0700] {dag.py:3211} INFO - Sync 1 DAGs
[2026-06-07T17:28:29.696+0700] {logging_mixin.py:190} INFO - [2026-06-07T17:28:29.695+0700] {dag.py:4138} INFO - Setting next_dagrun for dag_scraping_twitter to 2026-06-06 23:00:00+00:00, run_after=2026-06-07 11:00:00+00:00
[2026-06-07T17:28:29.723+0700] {processor.py:208} INFO - Processing /opt/airflow/dags/dag_scraping_twitter.py took 0.174 seconds
[2026-06-07T17:29:00.123+0700] {processor.py:186} INFO - Started process (PID=996) to work on /opt/airflow/dags/dag_scraping_twitter.py
[2026-06-07T17:29:00.125+0700] {processor.py:914} INFO - Processing file /opt/airflow/dags/dag_scraping_twitter.py for tasks to queue
[2026-06-07T17:29:00.134+0700] {logging_mixin.py:190} INFO - [2026-06-07T17:29:00.133+0700] {dagbag.py:587} INFO - Filling up the DagBag from /opt/airflow/dags/dag_scraping_twitter.py
[2026-06-07T17:29:00.220+0700] {processor.py:925} INFO - DAG(s) 'dag_scraping_twitter' retrieved from /opt/airflow/dags/dag_scraping_twitter.py
[2026-06-07T17:29:00.310+0700] {logging_mixin.py:190} INFO - [2026-06-07T17:29:00.309+0700] {dag.py:3211} INFO - Sync 1 DAGs
[2026-06-07T17:29:00.400+0700] {logging_mixin.py:190} INFO - [2026-06-07T17:29:00.399+0700] {dag.py:4138} INFO - Setting next_dagrun for dag_scraping_twitter to 2026-06-06 23:00:00+00:00, run_after=2026-06-07 11:00:00+00:00
[2026-06-07T17:29:00.471+0700] {processor.py:208} INFO - Processing /opt/airflow/dags/dag_scraping_twitter.py took 0.379 seconds
[2026-06-07T17:29:30.886+0700] {processor.py:186} INFO - Started process (PID=1025) to work on /opt/airflow/dags/dag_scraping_twitter.py
[2026-06-07T17:29:30.888+0700] {processor.py:914} INFO - Processing file /opt/airflow/dags/dag_scraping_twitter.py for tasks to queue
[2026-06-07T17:29:30.894+0700] {logging_mixin.py:190} INFO - [2026-06-07T17:29:30.892+0700] {dagbag.py:587} INFO - Filling up the DagBag from /opt/airflow/dags/dag_scraping_twitter.py
[2026-06-07T17:29:30.930+0700] {processor.py:925} INFO - DAG(s) 'dag_scraping_twitter' retrieved from /opt/airflow/dags/dag_scraping_twitter.py
[2026-06-07T17:29:30.984+0700] {logging_mixin.py:190} INFO - [2026-06-07T17:29:30.984+0700] {dag.py:3211} INFO - Sync 1 DAGs
[2026-06-07T17:29:31.027+0700] {logging_mixin.py:190} INFO - [2026-06-07T17:29:31.027+0700] {dag.py:4138} INFO - Setting next_dagrun for dag_scraping_twitter to 2026-06-06 23:00:00+00:00, run_after=2026-06-07 11:00:00+00:00
[2026-06-07T17:29:31.056+0700] {processor.py:208} INFO - Processing /opt/airflow/dags/dag_scraping_twitter.py took 0.182 seconds
[2026-06-07T17:30:01.766+0700] {processor.py:186} INFO - Started process (PID=1054) to work on /opt/airflow/dags/dag_scraping_twitter.py
[2026-06-07T17:30:01.785+0700] {processor.py:914} INFO - Processing file /opt/airflow/dags/dag_scraping_twitter.py for tasks to queue
[2026-06-07T17:30:01.793+0700] {logging_mixin.py:190} INFO - [2026-06-07T17:30:01.793+0700] {dagbag.py:587} INFO - Filling up the DagBag from /opt/airflow/dags/dag_scraping_twitter.py
[2026-06-07T17:30:01.921+0700] {processor.py:925} INFO - DAG(s) 'dag_scraping_twitter' retrieved from /opt/airflow/dags/dag_scraping_twitter.py
[2026-06-07T17:30:02.072+0700] {logging_mixin.py:190} INFO - [2026-06-07T17:30:02.071+0700] {dag.py:3211} INFO - Sync 1 DAGs
[2026-06-07T17:30:02.229+0700] {logging_mixin.py:190} INFO - [2026-06-07T17:30:02.229+0700] {dag.py:4138} INFO - Setting next_dagrun for dag_scraping_twitter to 2026-06-06 23:00:00+00:00, run_after=2026-06-07 11:00:00+00:00
[2026-06-07T17:30:02.295+0700] {processor.py:208} INFO - Processing /opt/airflow/dags/dag_scraping_twitter.py took 0.562 seconds
[2026-06-07T17:30:33.088+0700] {processor.py:186} INFO - Started process (PID=1088) to work on /opt/airflow/dags/dag_scraping_twitter.py
[2026-06-07T17:30:33.090+0700] {processor.py:914} INFO - Processing file /opt/airflow/dags/dag_scraping_twitter.py for tasks to queue
[2026-06-07T17:30:33.093+0700] {logging_mixin.py:190} INFO - [2026-06-07T17:30:33.093+0700] {dagbag.py:587} INFO - Filling up the DagBag from /opt/airflow/dags/dag_scraping_twitter.py
[2026-06-07T17:30:33.120+0700] {processor.py:925} INFO - DAG(s) 'dag_scraping_twitter' retrieved from /opt/airflow/dags/dag_scraping_twitter.py
[2026-06-07T17:30:33.159+0700] {logging_mixin.py:190} INFO - [2026-06-07T17:30:33.159+0700] {dag.py:3211} INFO - Sync 1 DAGs
[2026-06-07T17:30:33.212+0700] {logging_mixin.py:190} INFO - [2026-06-07T17:30:33.212+0700] {dag.py:4138} INFO - Setting next_dagrun for dag_scraping_twitter to 2026-06-06 23:00:00+00:00, run_after=2026-06-07 11:00:00+00:00
[2026-06-07T17:30:33.298+0700] {processor.py:208} INFO - Processing /opt/airflow/dags/dag_scraping_twitter.py took 0.221 seconds
[2026-06-07T17:31:03.469+0700] {processor.py:186} INFO - Started process (PID=1116) to work on /opt/airflow/dags/dag_scraping_twitter.py
[2026-06-07T17:31:03.470+0700] {processor.py:914} INFO - Processing file /opt/airflow/dags/dag_scraping_twitter.py for tasks to queue
[2026-06-07T17:31:03.475+0700] {logging_mixin.py:190} INFO - [2026-06-07T17:31:03.474+0700] {dagbag.py:587} INFO - Filling up the DagBag from /opt/airflow/dags/dag_scraping_twitter.py
[2026-06-07T17:31:03.505+0700] {processor.py:925} INFO - DAG(s) 'dag_scraping_twitter' retrieved from /opt/airflow/dags/dag_scraping_twitter.py
[2026-06-07T17:31:03.547+0700] {logging_mixin.py:190} INFO - [2026-06-07T17:31:03.547+0700] {dag.py:3211} INFO - Sync 1 DAGs
[2026-06-07T17:31:03.589+0700] {logging_mixin.py:190} INFO - [2026-06-07T17:31:03.589+0700] {dag.py:4138} INFO - Setting next_dagrun for dag_scraping_twitter to 2026-06-06 23:00:00+00:00, run_after=2026-06-07 11:00:00+00:00
[2026-06-07T17:31:03.622+0700] {processor.py:208} INFO - Processing /opt/airflow/dags/dag_scraping_twitter.py took 0.160 seconds
[2026-06-07T17:31:34.373+0700] {processor.py:186} INFO - Started process (PID=1145) to work on /opt/airflow/dags/dag_scraping_twitter.py
[2026-06-07T17:31:34.375+0700] {processor.py:914} INFO - Processing file /opt/airflow/dags/dag_scraping_twitter.py for tasks to queue
[2026-06-07T17:31:34.380+0700] {logging_mixin.py:190} INFO - [2026-06-07T17:31:34.378+0700] {dagbag.py:587} INFO - Filling up the DagBag from /opt/airflow/dags/dag_scraping_twitter.py
[2026-06-07T17:31:34.409+0700] {processor.py:925} INFO - DAG(s) 'dag_scraping_twitter' retrieved from /opt/airflow/dags/dag_scraping_twitter.py
[2026-06-07T17:31:34.451+0700] {logging_mixin.py:190} INFO - [2026-06-07T17:31:34.451+0700] {dag.py:3211} INFO - Sync 1 DAGs
[2026-06-07T17:31:34.486+0700] {logging_mixin.py:190} INFO - [2026-06-07T17:31:34.486+0700] {dag.py:4138} INFO - Setting next_dagrun for dag_scraping_twitter to 2026-06-06 23:00:00+00:00, run_after=2026-06-07 11:00:00+00:00
[2026-06-07T17:31:34.515+0700] {processor.py:208} INFO - Processing /opt/airflow/dags/dag_scraping_twitter.py took 0.158 seconds
[2026-06-07T17:32:05.287+0700] {processor.py:186} INFO - Started process (PID=1173) to work on /opt/airflow/dags/dag_scraping_twitter.py
[2026-06-07T17:32:05.289+0700] {processor.py:914} INFO - Processing file /opt/airflow/dags/dag_scraping_twitter.py for tasks to queue
[2026-06-07T17:32:05.293+0700] {logging_mixin.py:190} INFO - [2026-06-07T17:32:05.292+0700] {dagbag.py:587} INFO - Filling up the DagBag from /opt/airflow/dags/dag_scraping_twitter.py
[2026-06-07T17:32:05.332+0700] {processor.py:925} INFO - DAG(s) 'dag_scraping_twitter' retrieved from /opt/airflow/dags/dag_scraping_twitter.py
[2026-06-07T17:32:05.394+0700] {logging_mixin.py:190} INFO - [2026-06-07T17:32:05.394+0700] {dag.py:3211} INFO - Sync 1 DAGs
[2026-06-07T17:32:05.446+0700] {logging_mixin.py:190} INFO - [2026-06-07T17:32:05.446+0700] {dag.py:4138} INFO - Setting next_dagrun for dag_scraping_twitter to 2026-06-06 23:00:00+00:00, run_after=2026-06-07 11:00:00+00:00
[2026-06-07T17:32:05.598+0700] {processor.py:208} INFO - Processing /opt/airflow/dags/dag_scraping_twitter.py took 0.324 seconds
[2026-06-07T17:32:36.504+0700] {processor.py:186} INFO - Started process (PID=1202) to work on /opt/airflow/dags/dag_scraping_twitter.py
[2026-06-07T17:32:36.505+0700] {processor.py:914} INFO - Processing file /opt/airflow/dags/dag_scraping_twitter.py for tasks to queue
[2026-06-07T17:32:36.510+0700] {logging_mixin.py:190} INFO - [2026-06-07T17:32:36.510+0700] {dagbag.py:587} INFO - Filling up the DagBag from /opt/airflow/dags/dag_scraping_twitter.py
[2026-06-07T17:32:36.540+0700] {processor.py:925} INFO - DAG(s) 'dag_scraping_twitter' retrieved from /opt/airflow/dags/dag_scraping_twitter.py
[2026-06-07T17:32:36.576+0700] {logging_mixin.py:190} INFO - [2026-06-07T17:32:36.575+0700] {dag.py:3211} INFO - Sync 1 DAGs
[2026-06-07T17:32:36.608+0700] {logging_mixin.py:190} INFO - [2026-06-07T17:32:36.608+0700] {dag.py:4138} INFO - Setting next_dagrun for dag_scraping_twitter to 2026-06-06 23:00:00+00:00, run_after=2026-06-07 11:00:00+00:00
[2026-06-07T17:32:36.634+0700] {processor.py:208} INFO - Processing /opt/airflow/dags/dag_scraping_twitter.py took 0.137 seconds
[2026-06-07T17:33:06.871+0700] {processor.py:186} INFO - Started process (PID=1230) to work on /opt/airflow/dags/dag_scraping_twitter.py
[2026-06-07T17:33:06.872+0700] {processor.py:914} INFO - Processing file /opt/airflow/dags/dag_scraping_twitter.py for tasks to queue
[2026-06-07T17:33:06.876+0700] {logging_mixin.py:190} INFO - [2026-06-07T17:33:06.875+0700] {dagbag.py:587} INFO - Filling up the DagBag from /opt/airflow/dags/dag_scraping_twitter.py
[2026-06-07T17:33:06.911+0700] {processor.py:925} INFO - DAG(s) 'dag_scraping_twitter' retrieved from /opt/airflow/dags/dag_scraping_twitter.py
[2026-06-07T17:33:06.950+0700] {logging_mixin.py:190} INFO - [2026-06-07T17:33:06.950+0700] {dag.py:3211} INFO - Sync 1 DAGs
[2026-06-07T17:33:06.989+0700] {logging_mixin.py:190} INFO - [2026-06-07T17:33:06.989+0700] {dag.py:4138} INFO - Setting next_dagrun for dag_scraping_twitter to 2026-06-06 23:00:00+00:00, run_after=2026-06-07 11:00:00+00:00
[2026-06-07T17:33:07.017+0700] {processor.py:208} INFO - Processing /opt/airflow/dags/dag_scraping_twitter.py took 0.154 seconds
[2026-06-07T17:33:37.570+0700] {processor.py:186} INFO - Started process (PID=1264) to work on /opt/airflow/dags/dag_scraping_twitter.py
[2026-06-07T17:33:37.571+0700] {processor.py:914} INFO - Processing file /opt/airflow/dags/dag_scraping_twitter.py for tasks to queue
[2026-06-07T17:33:37.575+0700] {logging_mixin.py:190} INFO - [2026-06-07T17:33:37.574+0700] {dagbag.py:587} INFO - Filling up the DagBag from /opt/airflow/dags/dag_scraping_twitter.py
[2026-06-07T17:33:37.602+0700] {processor.py:925} INFO - DAG(s) 'dag_scraping_twitter' retrieved from /opt/airflow/dags/dag_scraping_twitter.py
[2026-06-07T17:33:37.637+0700] {logging_mixin.py:190} INFO - [2026-06-07T17:33:37.636+0700] {dag.py:3211} INFO - Sync 1 DAGs
[2026-06-07T17:33:37.668+0700] {logging_mixin.py:190} INFO - [2026-06-07T17:33:37.668+0700] {dag.py:4138} INFO - Setting next_dagrun for dag_scraping_twitter to 2026-06-06 23:00:00+00:00, run_after=2026-06-07 11:00:00+00:00
[2026-06-07T17:33:37.692+0700] {processor.py:208} INFO - Processing /opt/airflow/dags/dag_scraping_twitter.py took 0.130 seconds
[2026-06-07T17:34:08.408+0700] {processor.py:186} INFO - Started process (PID=1292) to work on /opt/airflow/dags/dag_scraping_twitter.py
[2026-06-07T17:34:08.410+0700] {processor.py:914} INFO - Processing file /opt/airflow/dags/dag_scraping_twitter.py for tasks to queue
[2026-06-07T17:34:08.415+0700] {logging_mixin.py:190} INFO - [2026-06-07T17:34:08.414+0700] {dagbag.py:587} INFO - Filling up the DagBag from /opt/airflow/dags/dag_scraping_twitter.py
[2026-06-07T17:34:08.474+0700] {processor.py:925} INFO - DAG(s) 'dag_scraping_twitter' retrieved from /opt/airflow/dags/dag_scraping_twitter.py
[2026-06-07T17:34:08.545+0700] {logging_mixin.py:190} INFO - [2026-06-07T17:34:08.544+0700] {dag.py:3211} INFO - Sync 1 DAGs
[2026-06-07T17:34:08.579+0700] {logging_mixin.py:190} INFO - [2026-06-07T17:34:08.579+0700] {dag.py:4138} INFO - Setting next_dagrun for dag_scraping_twitter to 2026-06-06 23:00:00+00:00, run_after=2026-06-07 11:00:00+00:00
[2026-06-07T17:34:08.607+0700] {processor.py:208} INFO - Processing /opt/airflow/dags/dag_scraping_twitter.py took 0.211 seconds
[2026-06-07T17:34:38.758+0700] {processor.py:186} INFO - Started process (PID=1320) to work on /opt/airflow/dags/dag_scraping_twitter.py
[2026-06-07T17:34:38.760+0700] {processor.py:914} INFO - Processing file /opt/airflow/dags/dag_scraping_twitter.py for tasks to queue
[2026-06-07T17:34:38.766+0700] {logging_mixin.py:190} INFO - [2026-06-07T17:34:38.765+0700] {dagbag.py:587} INFO - Filling up the DagBag from /opt/airflow/dags/dag_scraping_twitter.py
[2026-06-07T17:34:38.791+0700] {processor.py:925} INFO - DAG(s) 'dag_scraping_twitter' retrieved from /opt/airflow/dags/dag_scraping_twitter.py
[2026-06-07T17:34:38.823+0700] {logging_mixin.py:190} INFO - [2026-06-07T17:34:38.823+0700] {dag.py:3211} INFO - Sync 1 DAGs
[2026-06-07T17:34:38.854+0700] {logging_mixin.py:190} INFO - [2026-06-07T17:34:38.853+0700] {dag.py:4138} INFO - Setting next_dagrun for dag_scraping_twitter to 2026-06-06 23:00:00+00:00, run_after=2026-06-07 11:00:00+00:00
[2026-06-07T17:34:38.880+0700] {processor.py:208} INFO - Processing /opt/airflow/dags/dag_scraping_twitter.py took 0.130 seconds
[2026-06-07T17:35:09.137+0700] {processor.py:186} INFO - Started process (PID=1348) to work on /opt/airflow/dags/dag_scraping_twitter.py
[2026-06-07T17:35:09.138+0700] {processor.py:914} INFO - Processing file /opt/airflow/dags/dag_scraping_twitter.py for tasks to queue
[2026-06-07T17:35:09.141+0700] {logging_mixin.py:190} INFO - [2026-06-07T17:35:09.140+0700] {dagbag.py:587} INFO - Filling up the DagBag from /opt/airflow/dags/dag_scraping_twitter.py
[2026-06-07T17:35:09.161+0700] {processor.py:925} INFO - DAG(s) 'dag_scraping_twitter' retrieved from /opt/airflow/dags/dag_scraping_twitter.py
[2026-06-07T17:35:09.198+0700] {logging_mixin.py:190} INFO - [2026-06-07T17:35:09.198+0700] {dag.py:3211} INFO - Sync 1 DAGs
[2026-06-07T17:35:09.241+0700] {logging_mixin.py:190} INFO - [2026-06-07T17:35:09.240+0700] {dag.py:4138} INFO - Setting next_dagrun for dag_scraping_twitter to 2026-06-06 23:00:00+00:00, run_after=2026-06-07 11:00:00+00:00
[2026-06-07T17:35:09.269+0700] {processor.py:208} INFO - Processing /opt/airflow/dags/dag_scraping_twitter.py took 0.140 seconds
[2026-06-07T17:35:39.471+0700] {processor.py:186} INFO - Started process (PID=1376) to work on /opt/airflow/dags/dag_scraping_twitter.py
[2026-06-07T17:35:39.472+0700] {processor.py:914} INFO - Processing file /opt/airflow/dags/dag_scraping_twitter.py for tasks to queue
[2026-06-07T17:35:39.475+0700] {logging_mixin.py:190} INFO - [2026-06-07T17:35:39.474+0700] {dagbag.py:587} INFO - Filling up the DagBag from /opt/airflow/dags/dag_scraping_twitter.py
[2026-06-07T17:35:39.493+0700] {processor.py:925} INFO - DAG(s) 'dag_scraping_twitter' retrieved from /opt/airflow/dags/dag_scraping_twitter.py
[2026-06-07T17:35:39.521+0700] {logging_mixin.py:190} INFO - [2026-06-07T17:35:39.521+0700] {dag.py:3211} INFO - Sync 1 DAGs
[2026-06-07T17:35:39.547+0700] {logging_mixin.py:190} INFO - [2026-06-07T17:35:39.547+0700] {dag.py:4138} INFO - Setting next_dagrun for dag_scraping_twitter to 2026-06-06 23:00:00+00:00, run_after=2026-06-07 11:00:00+00:00
[2026-06-07T17:35:39.571+0700] {processor.py:208} INFO - Processing /opt/airflow/dags/dag_scraping_twitter.py took 0.107 seconds
[2026-06-07T17:36:09.744+0700] {processor.py:186} INFO - Started process (PID=1404) to work on /opt/airflow/dags/dag_scraping_twitter.py
[2026-06-07T17:36:09.746+0700] {processor.py:914} INFO - Processing file /opt/airflow/dags/dag_scraping_twitter.py for tasks to queue
[2026-06-07T17:36:09.753+0700] {logging_mixin.py:190} INFO - [2026-06-07T17:36:09.753+0700] {dagbag.py:587} INFO - Filling up the DagBag from /opt/airflow/dags/dag_scraping_twitter.py
[2026-06-07T17:36:09.797+0700] {processor.py:925} INFO - DAG(s) 'dag_scraping_twitter' retrieved from /opt/airflow/dags/dag_scraping_twitter.py
[2026-06-07T17:36:09.859+0700] {logging_mixin.py:190} INFO - [2026-06-07T17:36:09.858+0700] {dag.py:3211} INFO - Sync 1 DAGs
[2026-06-07T17:36:09.912+0700] {logging_mixin.py:190} INFO - [2026-06-07T17:36:09.911+0700] {dag.py:4138} INFO - Setting next_dagrun for dag_scraping_twitter to 2026-06-06 23:00:00+00:00, run_after=2026-06-07 11:00:00+00:00
[2026-06-07T17:36:09.952+0700] {processor.py:208} INFO - Processing /opt/airflow/dags/dag_scraping_twitter.py took 0.220 seconds
[2026-06-07T17:36:40.133+0700] {processor.py:186} INFO - Started process (PID=1432) to work on /opt/airflow/dags/dag_scraping_twitter.py
[2026-06-07T17:36:40.134+0700] {processor.py:914} INFO - Processing file /opt/airflow/dags/dag_scraping_twitter.py for tasks to queue
[2026-06-07T17:36:40.139+0700] {logging_mixin.py:190} INFO - [2026-06-07T17:36:40.138+0700] {dagbag.py:587} INFO - Filling up the DagBag from /opt/airflow/dags/dag_scraping_twitter.py
[2026-06-07T17:36:40.168+0700] {processor.py:925} INFO - DAG(s) 'dag_scraping_twitter' retrieved from /opt/airflow/dags/dag_scraping_twitter.py
[2026-06-07T17:36:40.210+0700] {logging_mixin.py:190} INFO - [2026-06-07T17:36:40.209+0700] {dag.py:3211} INFO - Sync 1 DAGs
[2026-06-07T17:36:40.245+0700] {logging_mixin.py:190} INFO - [2026-06-07T17:36:40.245+0700] {dag.py:4138} INFO - Setting next_dagrun for dag_scraping_twitter to 2026-06-06 23:00:00+00:00, run_after=2026-06-07 11:00:00+00:00
[2026-06-07T17:36:40.278+0700] {processor.py:208} INFO - Processing /opt/airflow/dags/dag_scraping_twitter.py took 0.154 seconds
[2026-06-07T17:37:10.458+0700] {processor.py:186} INFO - Started process (PID=1460) to work on /opt/airflow/dags/dag_scraping_twitter.py
[2026-06-07T17:37:10.459+0700] {processor.py:914} INFO - Processing file /opt/airflow/dags/dag_scraping_twitter.py for tasks to queue
[2026-06-07T17:37:10.462+0700] {logging_mixin.py:190} INFO - [2026-06-07T17:37:10.462+0700] {dagbag.py:587} INFO - Filling up the DagBag from /opt/airflow/dags/dag_scraping_twitter.py
[2026-06-07T17:37:10.482+0700] {processor.py:925} INFO - DAG(s) 'dag_scraping_twitter' retrieved from /opt/airflow/dags/dag_scraping_twitter.py
[2026-06-07T17:37:10.515+0700] {logging_mixin.py:190} INFO - [2026-06-07T17:37:10.514+0700] {dag.py:3211} INFO - Sync 1 DAGs
[2026-06-07T17:37:10.544+0700] {logging_mixin.py:190} INFO - [2026-06-07T17:37:10.543+0700] {dag.py:4138} INFO - Setting next_dagrun for dag_scraping_twitter to 2026-06-06 23:00:00+00:00, run_after=2026-06-07 11:00:00+00:00
[2026-06-07T17:37:10.567+0700] {processor.py:208} INFO - Processing /opt/airflow/dags/dag_scraping_twitter.py took 0.116 seconds
[2026-06-07T17:37:40.759+0700] {processor.py:186} INFO - Started process (PID=1494) to work on /opt/airflow/dags/dag_scraping_twitter.py
[2026-06-07T17:37:40.761+0700] {processor.py:914} INFO - Processing file /opt/airflow/dags/dag_scraping_twitter.py for tasks to queue
[2026-06-07T17:37:40.764+0700] {logging_mixin.py:190} INFO - [2026-06-07T17:37:40.763+0700] {dagbag.py:587} INFO - Filling up the DagBag from /opt/airflow/dags/dag_scraping_twitter.py
[2026-06-07T17:37:40.795+0700] {processor.py:925} INFO - DAG(s) 'dag_scraping_twitter' retrieved from /opt/airflow/dags/dag_scraping_twitter.py
[2026-06-07T17:37:40.831+0700] {logging_mixin.py:190} INFO - [2026-06-07T17:37:40.830+0700] {dag.py:3211} INFO - Sync 1 DAGs
[2026-06-07T17:37:40.858+0700] {logging_mixin.py:190} INFO - [2026-06-07T17:37:40.858+0700] {dag.py:4138} INFO - Setting next_dagrun for dag_scraping_twitter to 2026-06-06 23:00:00+00:00, run_after=2026-06-07 11:00:00+00:00
[2026-06-07T17:37:40.885+0700] {processor.py:208} INFO - Processing /opt/airflow/dags/dag_scraping_twitter.py took 0.136 seconds
[2026-06-07T17:38:11.039+0700] {processor.py:186} INFO - Started process (PID=1522) to work on /opt/airflow/dags/dag_scraping_twitter.py
[2026-06-07T17:38:11.040+0700] {processor.py:914} INFO - Processing file /opt/airflow/dags/dag_scraping_twitter.py for tasks to queue
[2026-06-07T17:38:11.043+0700] {logging_mixin.py:190} INFO - [2026-06-07T17:38:11.042+0700] {dagbag.py:587} INFO - Filling up the DagBag from /opt/airflow/dags/dag_scraping_twitter.py
[2026-06-07T17:38:11.064+0700] {processor.py:925} INFO - DAG(s) 'dag_scraping_twitter' retrieved from /opt/airflow/dags/dag_scraping_twitter.py
[2026-06-07T17:38:11.098+0700] {logging_mixin.py:190} INFO - [2026-06-07T17:38:11.098+0700] {dag.py:3211} INFO - Sync 1 DAGs
[2026-06-07T17:38:11.129+0700] {logging_mixin.py:190} INFO - [2026-06-07T17:38:11.129+0700] {dag.py:4138} INFO - Setting next_dagrun for dag_scraping_twitter to 2026-06-06 23:00:00+00:00, run_after=2026-06-07 11:00:00+00:00
[2026-06-07T17:38:11.156+0700] {processor.py:208} INFO - Processing /opt/airflow/dags/dag_scraping_twitter.py took 0.127 seconds
[2026-06-07T17:38:41.244+0700] {processor.py:186} INFO - Started process (PID=1550) to work on /opt/airflow/dags/dag_scraping_twitter.py
[2026-06-07T17:38:41.245+0700] {processor.py:914} INFO - Processing file /opt/airflow/dags/dag_scraping_twitter.py for tasks to queue
[2026-06-07T17:38:41.248+0700] {logging_mixin.py:190} INFO - [2026-06-07T17:38:41.248+0700] {dagbag.py:587} INFO - Filling up the DagBag from /opt/airflow/dags/dag_scraping_twitter.py
[2026-06-07T17:38:41.269+0700] {processor.py:925} INFO - DAG(s) 'dag_scraping_twitter' retrieved from /opt/airflow/dags/dag_scraping_twitter.py
[2026-06-07T17:38:41.301+0700] {logging_mixin.py:190} INFO - [2026-06-07T17:38:41.300+0700] {dag.py:3211} INFO - Sync 1 DAGs
[2026-06-07T17:38:41.335+0700] {logging_mixin.py:190} INFO - [2026-06-07T17:38:41.335+0700] {dag.py:4138} INFO - Setting next_dagrun for dag_scraping_twitter to 2026-06-06 23:00:00+00:00, run_after=2026-06-07 11:00:00+00:00
[2026-06-07T17:38:41.377+0700] {processor.py:208} INFO - Processing /opt/airflow/dags/dag_scraping_twitter.py took 0.139 seconds
[2026-06-07T17:39:11.537+0700] {processor.py:186} INFO - Started process (PID=1578) to work on /opt/airflow/dags/dag_scraping_twitter.py
[2026-06-07T17:39:11.539+0700] {processor.py:914} INFO - Processing file /opt/airflow/dags/dag_scraping_twitter.py for tasks to queue
[2026-06-07T17:39:11.543+0700] {logging_mixin.py:190} INFO - [2026-06-07T17:39:11.542+0700] {dagbag.py:587} INFO - Filling up the DagBag from /opt/airflow/dags/dag_scraping_twitter.py
[2026-06-07T17:39:11.570+0700] {processor.py:925} INFO - DAG(s) 'dag_scraping_twitter' retrieved from /opt/airflow/dags/dag_scraping_twitter.py
[2026-06-07T17:39:11.600+0700] {logging_mixin.py:190} INFO - [2026-06-07T17:39:11.600+0700] {dag.py:3211} INFO - Sync 1 DAGs
[2026-06-07T17:39:11.627+0700] {logging_mixin.py:190} INFO - [2026-06-07T17:39:11.626+0700] {dag.py:4138} INFO - Setting next_dagrun for dag_scraping_twitter to 2026-06-06 23:00:00+00:00, run_after=2026-06-07 11:00:00+00:00
[2026-06-07T17:39:11.657+0700] {processor.py:208} INFO - Processing /opt/airflow/dags/dag_scraping_twitter.py took 0.134 seconds
[2026-06-07T17:39:41.785+0700] {processor.py:186} INFO - Started process (PID=1606) to work on /opt/airflow/dags/dag_scraping_twitter.py
[2026-06-07T17:39:41.786+0700] {processor.py:914} INFO - Processing file /opt/airflow/dags/dag_scraping_twitter.py for tasks to queue
[2026-06-07T17:39:41.790+0700] {logging_mixin.py:190} INFO - [2026-06-07T17:39:41.790+0700] {dagbag.py:587} INFO - Filling up the DagBag from /opt/airflow/dags/dag_scraping_twitter.py
[2026-06-07T17:39:41.826+0700] {processor.py:925} INFO - DAG(s) 'dag_scraping_twitter' retrieved from /opt/airflow/dags/dag_scraping_twitter.py
[2026-06-07T17:39:41.864+0700] {logging_mixin.py:190} INFO - [2026-06-07T17:39:41.864+0700] {dag.py:3211} INFO - Sync 1 DAGs
[2026-06-07T17:39:41.894+0700] {logging_mixin.py:190} INFO - [2026-06-07T17:39:41.894+0700] {dag.py:4138} INFO - Setting next_dagrun for dag_scraping_twitter to 2026-06-06 23:00:00+00:00, run_after=2026-06-07 11:00:00+00:00
[2026-06-07T17:39:41.920+0700] {processor.py:208} INFO - Processing /opt/airflow/dags/dag_scraping_twitter.py took 0.141 seconds
[2026-06-07T17:40:12.113+0700] {processor.py:186} INFO - Started process (PID=1634) to work on /opt/airflow/dags/dag_scraping_twitter.py
[2026-06-07T17:40:12.115+0700] {processor.py:914} INFO - Processing file /opt/airflow/dags/dag_scraping_twitter.py for tasks to queue
[2026-06-07T17:40:12.119+0700] {logging_mixin.py:190} INFO - [2026-06-07T17:40:12.118+0700] {dagbag.py:587} INFO - Filling up the DagBag from /opt/airflow/dags/dag_scraping_twitter.py
[2026-06-07T17:40:12.154+0700] {processor.py:925} INFO - DAG(s) 'dag_scraping_twitter' retrieved from /opt/airflow/dags/dag_scraping_twitter.py
[2026-06-07T17:40:12.202+0700] {logging_mixin.py:190} INFO - [2026-06-07T17:40:12.201+0700] {dag.py:3211} INFO - Sync 1 DAGs
[2026-06-07T17:40:12.248+0700] {logging_mixin.py:190} INFO - [2026-06-07T17:40:12.248+0700] {dag.py:4138} INFO - Setting next_dagrun for dag_scraping_twitter to 2026-06-06 23:00:00+00:00, run_after=2026-06-07 11:00:00+00:00
[2026-06-07T17:40:12.289+0700] {processor.py:208} INFO - Processing /opt/airflow/dags/dag_scraping_twitter.py took 0.189 seconds
[2026-06-07T17:40:42.569+0700] {processor.py:186} INFO - Started process (PID=1662) to work on /opt/airflow/dags/dag_scraping_twitter.py
[2026-06-07T17:40:42.571+0700] {processor.py:914} INFO - Processing file /opt/airflow/dags/dag_scraping_twitter.py for tasks to queue
[2026-06-07T17:40:42.578+0700] {logging_mixin.py:190} INFO - [2026-06-07T17:40:42.578+0700] {dagbag.py:587} INFO - Filling up the DagBag from /opt/airflow/dags/dag_scraping_twitter.py
[2026-06-07T17:40:42.608+0700] {processor.py:925} INFO - DAG(s) 'dag_scraping_twitter' retrieved from /opt/airflow/dags/dag_scraping_twitter.py
[2026-06-07T17:40:42.651+0700] {logging_mixin.py:190} INFO - [2026-06-07T17:40:42.651+0700] {dag.py:3211} INFO - Sync 1 DAGs
[2026-06-07T17:40:42.691+0700] {logging_mixin.py:190} INFO - [2026-06-07T17:40:42.691+0700] {dag.py:4138} INFO - Setting next_dagrun for dag_scraping_twitter to 2026-06-06 23:00:00+00:00, run_after=2026-06-07 11:00:00+00:00
[2026-06-07T17:40:42.733+0700] {processor.py:208} INFO - Processing /opt/airflow/dags/dag_scraping_twitter.py took 0.175 seconds
[2026-06-07T17:41:12.898+0700] {processor.py:186} INFO - Started process (PID=1691) to work on /opt/airflow/dags/dag_scraping_twitter.py
[2026-06-07T17:41:12.899+0700] {processor.py:914} INFO - Processing file /opt/airflow/dags/dag_scraping_twitter.py for tasks to queue
[2026-06-07T17:41:12.902+0700] {logging_mixin.py:190} INFO - [2026-06-07T17:41:12.902+0700] {dagbag.py:587} INFO - Filling up the DagBag from /opt/airflow/dags/dag_scraping_twitter.py
[2026-06-07T17:41:12.925+0700] {processor.py:925} INFO - DAG(s) 'dag_scraping_twitter' retrieved from /opt/airflow/dags/dag_scraping_twitter.py
[2026-06-07T17:41:12.962+0700] {logging_mixin.py:190} INFO - [2026-06-07T17:41:12.961+0700] {dag.py:3211} INFO - Sync 1 DAGs
[2026-06-07T17:41:12.995+0700] {logging_mixin.py:190} INFO - [2026-06-07T17:41:12.994+0700] {dag.py:4138} INFO - Setting next_dagrun for dag_scraping_twitter to 2026-06-06 23:00:00+00:00, run_after=2026-06-07 11:00:00+00:00
[2026-06-07T17:41:13.018+0700] {processor.py:208} INFO - Processing /opt/airflow/dags/dag_scraping_twitter.py took 0.127 seconds
