[2026-03-08T07:00:24.986+0700] {processor.py:186} INFO - Started process (PID=54222) to work on /opt/airflow/dags/dag_scraping_twitter.py
[2026-03-08T07:00:24.988+0700] {processor.py:914} INFO - Processing file /opt/airflow/dags/dag_scraping_twitter.py for tasks to queue
[2026-03-08T07:00:24.991+0700] {logging_mixin.py:190} INFO - [2026-03-08T07:00:24.991+0700] {dagbag.py:587} INFO - Filling up the DagBag from /opt/airflow/dags/dag_scraping_twitter.py
[2026-03-08T07:00:25.012+0700] {processor.py:925} INFO - DAG(s) 'dag_scraping_twitter' retrieved from /opt/airflow/dags/dag_scraping_twitter.py
[2026-03-08T07:00:25.042+0700] {logging_mixin.py:190} INFO - [2026-03-08T07:00:25.042+0700] {dag.py:3211} INFO - Sync 1 DAGs
[2026-03-08T07:00:25.066+0700] {logging_mixin.py:190} INFO - [2026-03-08T07:00:25.066+0700] {dag.py:4138} INFO - Setting next_dagrun for dag_scraping_twitter to 2026-03-07 23:00:00+00:00, run_after=2026-03-08 11:00:00+00:00
[2026-03-08T07:00:25.090+0700] {processor.py:208} INFO - Processing /opt/airflow/dags/dag_scraping_twitter.py took 0.111 seconds
[2026-03-08T07:00:55.973+0700] {processor.py:186} INFO - Started process (PID=54250) to work on /opt/airflow/dags/dag_scraping_twitter.py
[2026-03-08T07:00:55.974+0700] {processor.py:914} INFO - Processing file /opt/airflow/dags/dag_scraping_twitter.py for tasks to queue
[2026-03-08T07:00:55.978+0700] {logging_mixin.py:190} INFO - [2026-03-08T07:00:55.977+0700] {dagbag.py:587} INFO - Filling up the DagBag from /opt/airflow/dags/dag_scraping_twitter.py
[2026-03-08T07:00:55.999+0700] {processor.py:925} INFO - DAG(s) 'dag_scraping_twitter' retrieved from /opt/airflow/dags/dag_scraping_twitter.py
[2026-03-08T07:00:56.028+0700] {logging_mixin.py:190} INFO - [2026-03-08T07:00:56.028+0700] {dag.py:3211} INFO - Sync 1 DAGs
[2026-03-08T07:00:56.054+0700] {logging_mixin.py:190} INFO - [2026-03-08T07:00:56.053+0700] {dag.py:4138} INFO - Setting next_dagrun for dag_scraping_twitter to 2026-03-07 23:00:00+00:00, run_after=2026-03-08 11:00:00+00:00
[2026-03-08T07:00:56.076+0700] {processor.py:208} INFO - Processing /opt/airflow/dags/dag_scraping_twitter.py took 0.113 seconds
[2026-03-08T07:01:26.791+0700] {processor.py:186} INFO - Started process (PID=54278) to work on /opt/airflow/dags/dag_scraping_twitter.py
[2026-03-08T07:01:26.793+0700] {processor.py:914} INFO - Processing file /opt/airflow/dags/dag_scraping_twitter.py for tasks to queue
[2026-03-08T07:01:26.795+0700] {logging_mixin.py:190} INFO - [2026-03-08T07:01:26.795+0700] {dagbag.py:587} INFO - Filling up the DagBag from /opt/airflow/dags/dag_scraping_twitter.py
[2026-03-08T07:01:26.813+0700] {processor.py:925} INFO - DAG(s) 'dag_scraping_twitter' retrieved from /opt/airflow/dags/dag_scraping_twitter.py
[2026-03-08T07:01:26.839+0700] {logging_mixin.py:190} INFO - [2026-03-08T07:01:26.839+0700] {dag.py:3211} INFO - Sync 1 DAGs
[2026-03-08T07:01:26.862+0700] {logging_mixin.py:190} INFO - [2026-03-08T07:01:26.862+0700] {dag.py:4138} INFO - Setting next_dagrun for dag_scraping_twitter to 2026-03-07 23:00:00+00:00, run_after=2026-03-08 11:00:00+00:00
[2026-03-08T07:01:26.888+0700] {processor.py:208} INFO - Processing /opt/airflow/dags/dag_scraping_twitter.py took 0.103 seconds
[2026-03-08T07:01:57.927+0700] {processor.py:186} INFO - Started process (PID=54312) to work on /opt/airflow/dags/dag_scraping_twitter.py
[2026-03-08T07:01:57.928+0700] {processor.py:914} INFO - Processing file /opt/airflow/dags/dag_scraping_twitter.py for tasks to queue
[2026-03-08T07:01:57.932+0700] {logging_mixin.py:190} INFO - [2026-03-08T07:01:57.931+0700] {dagbag.py:587} INFO - Filling up the DagBag from /opt/airflow/dags/dag_scraping_twitter.py
[2026-03-08T07:01:57.953+0700] {processor.py:925} INFO - DAG(s) 'dag_scraping_twitter' retrieved from /opt/airflow/dags/dag_scraping_twitter.py
[2026-03-08T07:01:57.980+0700] {logging_mixin.py:190} INFO - [2026-03-08T07:01:57.980+0700] {dag.py:3211} INFO - Sync 1 DAGs
[2026-03-08T07:01:58.004+0700] {logging_mixin.py:190} INFO - [2026-03-08T07:01:58.003+0700] {dag.py:4138} INFO - Setting next_dagrun for dag_scraping_twitter to 2026-03-07 23:00:00+00:00, run_after=2026-03-08 11:00:00+00:00
[2026-03-08T07:01:58.026+0700] {processor.py:208} INFO - Processing /opt/airflow/dags/dag_scraping_twitter.py took 0.105 seconds
[2026-03-08T07:02:29.028+0700] {processor.py:186} INFO - Started process (PID=54340) to work on /opt/airflow/dags/dag_scraping_twitter.py
[2026-03-08T07:02:29.029+0700] {processor.py:914} INFO - Processing file /opt/airflow/dags/dag_scraping_twitter.py for tasks to queue
[2026-03-08T07:02:29.031+0700] {logging_mixin.py:190} INFO - [2026-03-08T07:02:29.031+0700] {dagbag.py:587} INFO - Filling up the DagBag from /opt/airflow/dags/dag_scraping_twitter.py
[2026-03-08T07:02:29.050+0700] {processor.py:925} INFO - DAG(s) 'dag_scraping_twitter' retrieved from /opt/airflow/dags/dag_scraping_twitter.py
[2026-03-08T07:02:29.075+0700] {logging_mixin.py:190} INFO - [2026-03-08T07:02:29.075+0700] {dag.py:3211} INFO - Sync 1 DAGs
[2026-03-08T07:02:29.098+0700] {logging_mixin.py:190} INFO - [2026-03-08T07:02:29.098+0700] {dag.py:4138} INFO - Setting next_dagrun for dag_scraping_twitter to 2026-03-07 23:00:00+00:00, run_after=2026-03-08 11:00:00+00:00
[2026-03-08T07:02:29.122+0700] {processor.py:208} INFO - Processing /opt/airflow/dags/dag_scraping_twitter.py took 0.101 seconds
[2026-03-08T07:02:59.175+0700] {processor.py:186} INFO - Started process (PID=54368) to work on /opt/airflow/dags/dag_scraping_twitter.py
[2026-03-08T07:02:59.176+0700] {processor.py:914} INFO - Processing file /opt/airflow/dags/dag_scraping_twitter.py for tasks to queue
[2026-03-08T07:02:59.179+0700] {logging_mixin.py:190} INFO - [2026-03-08T07:02:59.179+0700] {dagbag.py:587} INFO - Filling up the DagBag from /opt/airflow/dags/dag_scraping_twitter.py
[2026-03-08T07:02:59.204+0700] {processor.py:925} INFO - DAG(s) 'dag_scraping_twitter' retrieved from /opt/airflow/dags/dag_scraping_twitter.py
[2026-03-08T07:02:59.240+0700] {logging_mixin.py:190} INFO - [2026-03-08T07:02:59.240+0700] {dag.py:3211} INFO - Sync 1 DAGs
[2026-03-08T07:02:59.265+0700] {logging_mixin.py:190} INFO - [2026-03-08T07:02:59.264+0700] {dag.py:4138} INFO - Setting next_dagrun for dag_scraping_twitter to 2026-03-07 23:00:00+00:00, run_after=2026-03-08 11:00:00+00:00
[2026-03-08T07:02:59.288+0700] {processor.py:208} INFO - Processing /opt/airflow/dags/dag_scraping_twitter.py took 0.120 seconds
[2026-03-08T07:03:29.488+0700] {processor.py:186} INFO - Started process (PID=54396) to work on /opt/airflow/dags/dag_scraping_twitter.py
[2026-03-08T07:03:29.490+0700] {processor.py:914} INFO - Processing file /opt/airflow/dags/dag_scraping_twitter.py for tasks to queue
[2026-03-08T07:03:29.495+0700] {logging_mixin.py:190} INFO - [2026-03-08T07:03:29.495+0700] {dagbag.py:587} INFO - Filling up the DagBag from /opt/airflow/dags/dag_scraping_twitter.py
[2026-03-08T07:03:29.515+0700] {processor.py:925} INFO - DAG(s) 'dag_scraping_twitter' retrieved from /opt/airflow/dags/dag_scraping_twitter.py
[2026-03-08T07:03:29.541+0700] {logging_mixin.py:190} INFO - [2026-03-08T07:03:29.541+0700] {dag.py:3211} INFO - Sync 1 DAGs
[2026-03-08T07:03:29.565+0700] {logging_mixin.py:190} INFO - [2026-03-08T07:03:29.565+0700] {dag.py:4138} INFO - Setting next_dagrun for dag_scraping_twitter to 2026-03-07 23:00:00+00:00, run_after=2026-03-08 11:00:00+00:00
[2026-03-08T07:03:29.591+0700] {processor.py:208} INFO - Processing /opt/airflow/dags/dag_scraping_twitter.py took 0.109 seconds
[2026-03-08T07:04:00.209+0700] {processor.py:186} INFO - Started process (PID=54424) to work on /opt/airflow/dags/dag_scraping_twitter.py
[2026-03-08T07:04:00.210+0700] {processor.py:914} INFO - Processing file /opt/airflow/dags/dag_scraping_twitter.py for tasks to queue
[2026-03-08T07:04:00.212+0700] {logging_mixin.py:190} INFO - [2026-03-08T07:04:00.212+0700] {dagbag.py:587} INFO - Filling up the DagBag from /opt/airflow/dags/dag_scraping_twitter.py
[2026-03-08T07:04:00.232+0700] {processor.py:925} INFO - DAG(s) 'dag_scraping_twitter' retrieved from /opt/airflow/dags/dag_scraping_twitter.py
[2026-03-08T07:04:00.260+0700] {logging_mixin.py:190} INFO - [2026-03-08T07:04:00.260+0700] {dag.py:3211} INFO - Sync 1 DAGs
[2026-03-08T07:04:00.284+0700] {logging_mixin.py:190} INFO - [2026-03-08T07:04:00.284+0700] {dag.py:4138} INFO - Setting next_dagrun for dag_scraping_twitter to 2026-03-07 23:00:00+00:00, run_after=2026-03-08 11:00:00+00:00
[2026-03-08T07:04:00.308+0700] {processor.py:208} INFO - Processing /opt/airflow/dags/dag_scraping_twitter.py took 0.105 seconds
[2026-03-08T07:04:31.321+0700] {processor.py:186} INFO - Started process (PID=54452) to work on /opt/airflow/dags/dag_scraping_twitter.py
[2026-03-08T07:04:31.322+0700] {processor.py:914} INFO - Processing file /opt/airflow/dags/dag_scraping_twitter.py for tasks to queue
[2026-03-08T07:04:31.325+0700] {logging_mixin.py:190} INFO - [2026-03-08T07:04:31.325+0700] {dagbag.py:587} INFO - Filling up the DagBag from /opt/airflow/dags/dag_scraping_twitter.py
[2026-03-08T07:04:31.344+0700] {processor.py:925} INFO - DAG(s) 'dag_scraping_twitter' retrieved from /opt/airflow/dags/dag_scraping_twitter.py
[2026-03-08T07:04:31.370+0700] {logging_mixin.py:190} INFO - [2026-03-08T07:04:31.370+0700] {dag.py:3211} INFO - Sync 1 DAGs
[2026-03-08T07:04:31.400+0700] {logging_mixin.py:190} INFO - [2026-03-08T07:04:31.399+0700] {dag.py:4138} INFO - Setting next_dagrun for dag_scraping_twitter to 2026-03-07 23:00:00+00:00, run_after=2026-03-08 11:00:00+00:00
[2026-03-08T07:04:31.424+0700] {processor.py:208} INFO - Processing /opt/airflow/dags/dag_scraping_twitter.py took 0.109 seconds
[2026-03-08T07:05:01.850+0700] {processor.py:186} INFO - Started process (PID=54486) to work on /opt/airflow/dags/dag_scraping_twitter.py
[2026-03-08T07:05:01.851+0700] {processor.py:914} INFO - Processing file /opt/airflow/dags/dag_scraping_twitter.py for tasks to queue
[2026-03-08T07:05:01.854+0700] {logging_mixin.py:190} INFO - [2026-03-08T07:05:01.853+0700] {dagbag.py:587} INFO - Filling up the DagBag from /opt/airflow/dags/dag_scraping_twitter.py
[2026-03-08T07:05:01.873+0700] {processor.py:925} INFO - DAG(s) 'dag_scraping_twitter' retrieved from /opt/airflow/dags/dag_scraping_twitter.py
[2026-03-08T07:05:01.899+0700] {logging_mixin.py:190} INFO - [2026-03-08T07:05:01.899+0700] {dag.py:3211} INFO - Sync 1 DAGs
[2026-03-08T07:05:01.923+0700] {logging_mixin.py:190} INFO - [2026-03-08T07:05:01.923+0700] {dag.py:4138} INFO - Setting next_dagrun for dag_scraping_twitter to 2026-03-07 23:00:00+00:00, run_after=2026-03-08 11:00:00+00:00
[2026-03-08T07:05:01.947+0700] {processor.py:208} INFO - Processing /opt/airflow/dags/dag_scraping_twitter.py took 0.104 seconds
[2026-03-08T07:05:32.109+0700] {processor.py:186} INFO - Started process (PID=54514) to work on /opt/airflow/dags/dag_scraping_twitter.py
[2026-03-08T07:05:32.110+0700] {processor.py:914} INFO - Processing file /opt/airflow/dags/dag_scraping_twitter.py for tasks to queue
[2026-03-08T07:05:32.113+0700] {logging_mixin.py:190} INFO - [2026-03-08T07:05:32.113+0700] {dagbag.py:587} INFO - Filling up the DagBag from /opt/airflow/dags/dag_scraping_twitter.py
[2026-03-08T07:05:32.133+0700] {processor.py:925} INFO - DAG(s) 'dag_scraping_twitter' retrieved from /opt/airflow/dags/dag_scraping_twitter.py
[2026-03-08T07:05:32.160+0700] {logging_mixin.py:190} INFO - [2026-03-08T07:05:32.160+0700] {dag.py:3211} INFO - Sync 1 DAGs
[2026-03-08T07:05:32.182+0700] {logging_mixin.py:190} INFO - [2026-03-08T07:05:32.182+0700] {dag.py:4138} INFO - Setting next_dagrun for dag_scraping_twitter to 2026-03-07 23:00:00+00:00, run_after=2026-03-08 11:00:00+00:00
[2026-03-08T07:05:32.206+0700] {processor.py:208} INFO - Processing /opt/airflow/dags/dag_scraping_twitter.py took 0.103 seconds
[2026-03-08T07:06:02.432+0700] {processor.py:186} INFO - Started process (PID=54542) to work on /opt/airflow/dags/dag_scraping_twitter.py
[2026-03-08T07:06:02.433+0700] {processor.py:914} INFO - Processing file /opt/airflow/dags/dag_scraping_twitter.py for tasks to queue
[2026-03-08T07:06:02.436+0700] {logging_mixin.py:190} INFO - [2026-03-08T07:06:02.436+0700] {dagbag.py:587} INFO - Filling up the DagBag from /opt/airflow/dags/dag_scraping_twitter.py
[2026-03-08T07:06:02.455+0700] {processor.py:925} INFO - DAG(s) 'dag_scraping_twitter' retrieved from /opt/airflow/dags/dag_scraping_twitter.py
[2026-03-08T07:06:02.482+0700] {logging_mixin.py:190} INFO - [2026-03-08T07:06:02.482+0700] {dag.py:3211} INFO - Sync 1 DAGs
[2026-03-08T07:06:02.506+0700] {logging_mixin.py:190} INFO - [2026-03-08T07:06:02.506+0700] {dag.py:4138} INFO - Setting next_dagrun for dag_scraping_twitter to 2026-03-07 23:00:00+00:00, run_after=2026-03-08 11:00:00+00:00
[2026-03-08T07:06:02.529+0700] {processor.py:208} INFO - Processing /opt/airflow/dags/dag_scraping_twitter.py took 0.103 seconds
[2026-03-08T07:06:32.663+0700] {processor.py:186} INFO - Started process (PID=54570) to work on /opt/airflow/dags/dag_scraping_twitter.py
[2026-03-08T07:06:32.664+0700] {processor.py:914} INFO - Processing file /opt/airflow/dags/dag_scraping_twitter.py for tasks to queue
[2026-03-08T07:06:32.667+0700] {logging_mixin.py:190} INFO - [2026-03-08T07:06:32.666+0700] {dagbag.py:587} INFO - Filling up the DagBag from /opt/airflow/dags/dag_scraping_twitter.py
[2026-03-08T07:06:32.686+0700] {processor.py:925} INFO - DAG(s) 'dag_scraping_twitter' retrieved from /opt/airflow/dags/dag_scraping_twitter.py
[2026-03-08T07:06:32.713+0700] {logging_mixin.py:190} INFO - [2026-03-08T07:06:32.712+0700] {dag.py:3211} INFO - Sync 1 DAGs
[2026-03-08T07:06:32.737+0700] {logging_mixin.py:190} INFO - [2026-03-08T07:06:32.737+0700] {dag.py:4138} INFO - Setting next_dagrun for dag_scraping_twitter to 2026-03-07 23:00:00+00:00, run_after=2026-03-08 11:00:00+00:00
[2026-03-08T07:06:32.760+0700] {processor.py:208} INFO - Processing /opt/airflow/dags/dag_scraping_twitter.py took 0.104 seconds
[2026-03-08T07:07:02.813+0700] {processor.py:186} INFO - Started process (PID=54598) to work on /opt/airflow/dags/dag_scraping_twitter.py
[2026-03-08T07:07:02.814+0700] {processor.py:914} INFO - Processing file /opt/airflow/dags/dag_scraping_twitter.py for tasks to queue
[2026-03-08T07:07:02.818+0700] {logging_mixin.py:190} INFO - [2026-03-08T07:07:02.817+0700] {dagbag.py:587} INFO - Filling up the DagBag from /opt/airflow/dags/dag_scraping_twitter.py
[2026-03-08T07:07:02.838+0700] {processor.py:925} INFO - DAG(s) 'dag_scraping_twitter' retrieved from /opt/airflow/dags/dag_scraping_twitter.py
[2026-03-08T07:07:02.864+0700] {logging_mixin.py:190} INFO - [2026-03-08T07:07:02.863+0700] {dag.py:3211} INFO - Sync 1 DAGs
[2026-03-08T07:07:02.886+0700] {logging_mixin.py:190} INFO - [2026-03-08T07:07:02.885+0700] {dag.py:4138} INFO - Setting next_dagrun for dag_scraping_twitter to 2026-03-07 23:00:00+00:00, run_after=2026-03-08 11:00:00+00:00
[2026-03-08T07:07:02.909+0700] {processor.py:208} INFO - Processing /opt/airflow/dags/dag_scraping_twitter.py took 0.102 seconds
[2026-03-08T07:07:33.071+0700] {processor.py:186} INFO - Started process (PID=54626) to work on /opt/airflow/dags/dag_scraping_twitter.py
[2026-03-08T07:07:33.072+0700] {processor.py:914} INFO - Processing file /opt/airflow/dags/dag_scraping_twitter.py for tasks to queue
[2026-03-08T07:07:33.075+0700] {logging_mixin.py:190} INFO - [2026-03-08T07:07:33.074+0700] {dagbag.py:587} INFO - Filling up the DagBag from /opt/airflow/dags/dag_scraping_twitter.py
[2026-03-08T07:07:33.093+0700] {processor.py:925} INFO - DAG(s) 'dag_scraping_twitter' retrieved from /opt/airflow/dags/dag_scraping_twitter.py
[2026-03-08T07:07:33.118+0700] {logging_mixin.py:190} INFO - [2026-03-08T07:07:33.118+0700] {dag.py:3211} INFO - Sync 1 DAGs
[2026-03-08T07:07:33.141+0700] {logging_mixin.py:190} INFO - [2026-03-08T07:07:33.141+0700] {dag.py:4138} INFO - Setting next_dagrun for dag_scraping_twitter to 2026-03-07 23:00:00+00:00, run_after=2026-03-08 11:00:00+00:00
[2026-03-08T07:07:33.162+0700] {processor.py:208} INFO - Processing /opt/airflow/dags/dag_scraping_twitter.py took 0.098 seconds
[2026-03-08T07:08:03.459+0700] {processor.py:186} INFO - Started process (PID=54654) to work on /opt/airflow/dags/dag_scraping_twitter.py
[2026-03-08T07:08:03.460+0700] {processor.py:914} INFO - Processing file /opt/airflow/dags/dag_scraping_twitter.py for tasks to queue
[2026-03-08T07:08:03.463+0700] {logging_mixin.py:190} INFO - [2026-03-08T07:08:03.463+0700] {dagbag.py:587} INFO - Filling up the DagBag from /opt/airflow/dags/dag_scraping_twitter.py
[2026-03-08T07:08:03.482+0700] {processor.py:925} INFO - DAG(s) 'dag_scraping_twitter' retrieved from /opt/airflow/dags/dag_scraping_twitter.py
[2026-03-08T07:08:03.508+0700] {logging_mixin.py:190} INFO - [2026-03-08T07:08:03.508+0700] {dag.py:3211} INFO - Sync 1 DAGs
[2026-03-08T07:08:03.534+0700] {logging_mixin.py:190} INFO - [2026-03-08T07:08:03.534+0700] {dag.py:4138} INFO - Setting next_dagrun for dag_scraping_twitter to 2026-03-07 23:00:00+00:00, run_after=2026-03-08 11:00:00+00:00
[2026-03-08T07:08:03.558+0700] {processor.py:208} INFO - Processing /opt/airflow/dags/dag_scraping_twitter.py took 0.106 seconds
[2026-03-08T07:08:34.595+0700] {processor.py:186} INFO - Started process (PID=54689) to work on /opt/airflow/dags/dag_scraping_twitter.py
[2026-03-08T07:08:34.596+0700] {processor.py:914} INFO - Processing file /opt/airflow/dags/dag_scraping_twitter.py for tasks to queue
[2026-03-08T07:08:34.598+0700] {logging_mixin.py:190} INFO - [2026-03-08T07:08:34.598+0700] {dagbag.py:587} INFO - Filling up the DagBag from /opt/airflow/dags/dag_scraping_twitter.py
[2026-03-08T07:08:34.618+0700] {processor.py:925} INFO - DAG(s) 'dag_scraping_twitter' retrieved from /opt/airflow/dags/dag_scraping_twitter.py
[2026-03-08T07:08:34.644+0700] {logging_mixin.py:190} INFO - [2026-03-08T07:08:34.644+0700] {dag.py:3211} INFO - Sync 1 DAGs
[2026-03-08T07:08:34.667+0700] {logging_mixin.py:190} INFO - [2026-03-08T07:08:34.667+0700] {dag.py:4138} INFO - Setting next_dagrun for dag_scraping_twitter to 2026-03-07 23:00:00+00:00, run_after=2026-03-08 11:00:00+00:00
[2026-03-08T07:08:34.692+0700] {processor.py:208} INFO - Processing /opt/airflow/dags/dag_scraping_twitter.py took 0.104 seconds
[2026-03-08T07:09:04.741+0700] {processor.py:186} INFO - Started process (PID=54717) to work on /opt/airflow/dags/dag_scraping_twitter.py
[2026-03-08T07:09:04.742+0700] {processor.py:914} INFO - Processing file /opt/airflow/dags/dag_scraping_twitter.py for tasks to queue
[2026-03-08T07:09:04.746+0700] {logging_mixin.py:190} INFO - [2026-03-08T07:09:04.745+0700] {dagbag.py:587} INFO - Filling up the DagBag from /opt/airflow/dags/dag_scraping_twitter.py
[2026-03-08T07:09:04.765+0700] {processor.py:925} INFO - DAG(s) 'dag_scraping_twitter' retrieved from /opt/airflow/dags/dag_scraping_twitter.py
[2026-03-08T07:09:04.795+0700] {logging_mixin.py:190} INFO - [2026-03-08T07:09:04.795+0700] {dag.py:3211} INFO - Sync 1 DAGs
[2026-03-08T07:09:04.820+0700] {logging_mixin.py:190} INFO - [2026-03-08T07:09:04.820+0700] {dag.py:4138} INFO - Setting next_dagrun for dag_scraping_twitter to 2026-03-07 23:00:00+00:00, run_after=2026-03-08 11:00:00+00:00
[2026-03-08T07:09:04.843+0700] {processor.py:208} INFO - Processing /opt/airflow/dags/dag_scraping_twitter.py took 0.109 seconds
[2026-03-08T07:09:35.780+0700] {processor.py:186} INFO - Started process (PID=54745) to work on /opt/airflow/dags/dag_scraping_twitter.py
[2026-03-08T07:09:35.781+0700] {processor.py:914} INFO - Processing file /opt/airflow/dags/dag_scraping_twitter.py for tasks to queue
[2026-03-08T07:09:35.784+0700] {logging_mixin.py:190} INFO - [2026-03-08T07:09:35.783+0700] {dagbag.py:587} INFO - Filling up the DagBag from /opt/airflow/dags/dag_scraping_twitter.py
[2026-03-08T07:09:35.803+0700] {processor.py:925} INFO - DAG(s) 'dag_scraping_twitter' retrieved from /opt/airflow/dags/dag_scraping_twitter.py
[2026-03-08T07:09:35.829+0700] {logging_mixin.py:190} INFO - [2026-03-08T07:09:35.829+0700] {dag.py:3211} INFO - Sync 1 DAGs
[2026-03-08T07:09:35.854+0700] {logging_mixin.py:190} INFO - [2026-03-08T07:09:35.853+0700] {dag.py:4138} INFO - Setting next_dagrun for dag_scraping_twitter to 2026-03-07 23:00:00+00:00, run_after=2026-03-08 11:00:00+00:00
[2026-03-08T07:09:35.878+0700] {processor.py:208} INFO - Processing /opt/airflow/dags/dag_scraping_twitter.py took 0.105 seconds
[2026-03-08T07:10:06.677+0700] {processor.py:186} INFO - Started process (PID=54774) to work on /opt/airflow/dags/dag_scraping_twitter.py
[2026-03-08T07:10:06.678+0700] {processor.py:914} INFO - Processing file /opt/airflow/dags/dag_scraping_twitter.py for tasks to queue
[2026-03-08T07:10:06.680+0700] {logging_mixin.py:190} INFO - [2026-03-08T07:10:06.680+0700] {dagbag.py:587} INFO - Filling up the DagBag from /opt/airflow/dags/dag_scraping_twitter.py
[2026-03-08T07:10:06.702+0700] {processor.py:925} INFO - DAG(s) 'dag_scraping_twitter' retrieved from /opt/airflow/dags/dag_scraping_twitter.py
[2026-03-08T07:10:06.727+0700] {logging_mixin.py:190} INFO - [2026-03-08T07:10:06.727+0700] {dag.py:3211} INFO - Sync 1 DAGs
[2026-03-08T07:10:06.751+0700] {logging_mixin.py:190} INFO - [2026-03-08T07:10:06.751+0700] {dag.py:4138} INFO - Setting next_dagrun for dag_scraping_twitter to 2026-03-07 23:00:00+00:00, run_after=2026-03-08 11:00:00+00:00
[2026-03-08T07:10:06.776+0700] {processor.py:208} INFO - Processing /opt/airflow/dags/dag_scraping_twitter.py took 0.106 seconds
[2026-03-08T07:10:37.760+0700] {processor.py:186} INFO - Started process (PID=54802) to work on /opt/airflow/dags/dag_scraping_twitter.py
[2026-03-08T07:10:37.761+0700] {processor.py:914} INFO - Processing file /opt/airflow/dags/dag_scraping_twitter.py for tasks to queue
[2026-03-08T07:10:37.763+0700] {logging_mixin.py:190} INFO - [2026-03-08T07:10:37.763+0700] {dagbag.py:587} INFO - Filling up the DagBag from /opt/airflow/dags/dag_scraping_twitter.py
[2026-03-08T07:10:37.789+0700] {processor.py:925} INFO - DAG(s) 'dag_scraping_twitter' retrieved from /opt/airflow/dags/dag_scraping_twitter.py
[2026-03-08T07:10:37.817+0700] {logging_mixin.py:190} INFO - [2026-03-08T07:10:37.816+0700] {dag.py:3211} INFO - Sync 1 DAGs
[2026-03-08T07:10:37.846+0700] {logging_mixin.py:190} INFO - [2026-03-08T07:10:37.846+0700] {dag.py:4138} INFO - Setting next_dagrun for dag_scraping_twitter to 2026-03-07 23:00:00+00:00, run_after=2026-03-08 11:00:00+00:00
[2026-03-08T07:10:37.870+0700] {processor.py:208} INFO - Processing /opt/airflow/dags/dag_scraping_twitter.py took 0.117 seconds
[2026-03-08T07:11:07.954+0700] {processor.py:186} INFO - Started process (PID=54837) to work on /opt/airflow/dags/dag_scraping_twitter.py
[2026-03-08T07:11:07.955+0700] {processor.py:914} INFO - Processing file /opt/airflow/dags/dag_scraping_twitter.py for tasks to queue
[2026-03-08T07:11:07.958+0700] {logging_mixin.py:190} INFO - [2026-03-08T07:11:07.958+0700] {dagbag.py:587} INFO - Filling up the DagBag from /opt/airflow/dags/dag_scraping_twitter.py
[2026-03-08T07:11:07.978+0700] {processor.py:925} INFO - DAG(s) 'dag_scraping_twitter' retrieved from /opt/airflow/dags/dag_scraping_twitter.py
[2026-03-08T07:11:08.006+0700] {logging_mixin.py:190} INFO - [2026-03-08T07:11:08.006+0700] {dag.py:3211} INFO - Sync 1 DAGs
[2026-03-08T07:11:08.031+0700] {logging_mixin.py:190} INFO - [2026-03-08T07:11:08.031+0700] {dag.py:4138} INFO - Setting next_dagrun for dag_scraping_twitter to 2026-03-07 23:00:00+00:00, run_after=2026-03-08 11:00:00+00:00
[2026-03-08T07:11:08.059+0700] {processor.py:208} INFO - Processing /opt/airflow/dags/dag_scraping_twitter.py took 0.114 seconds
[2026-03-08T07:11:38.133+0700] {processor.py:186} INFO - Started process (PID=54865) to work on /opt/airflow/dags/dag_scraping_twitter.py
[2026-03-08T07:11:38.134+0700] {processor.py:914} INFO - Processing file /opt/airflow/dags/dag_scraping_twitter.py for tasks to queue
[2026-03-08T07:11:38.136+0700] {logging_mixin.py:190} INFO - [2026-03-08T07:11:38.136+0700] {dagbag.py:587} INFO - Filling up the DagBag from /opt/airflow/dags/dag_scraping_twitter.py
[2026-03-08T07:11:38.157+0700] {processor.py:925} INFO - DAG(s) 'dag_scraping_twitter' retrieved from /opt/airflow/dags/dag_scraping_twitter.py
[2026-03-08T07:11:38.186+0700] {logging_mixin.py:190} INFO - [2026-03-08T07:11:38.185+0700] {dag.py:3211} INFO - Sync 1 DAGs
[2026-03-08T07:11:38.211+0700] {logging_mixin.py:190} INFO - [2026-03-08T07:11:38.211+0700] {dag.py:4138} INFO - Setting next_dagrun for dag_scraping_twitter to 2026-03-07 23:00:00+00:00, run_after=2026-03-08 11:00:00+00:00
[2026-03-08T07:11:38.236+0700] {processor.py:208} INFO - Processing /opt/airflow/dags/dag_scraping_twitter.py took 0.112 seconds
[2026-03-08T07:12:08.668+0700] {processor.py:186} INFO - Started process (PID=54893) to work on /opt/airflow/dags/dag_scraping_twitter.py
[2026-03-08T07:12:08.669+0700] {processor.py:914} INFO - Processing file /opt/airflow/dags/dag_scraping_twitter.py for tasks to queue
[2026-03-08T07:12:08.671+0700] {logging_mixin.py:190} INFO - [2026-03-08T07:12:08.671+0700] {dagbag.py:587} INFO - Filling up the DagBag from /opt/airflow/dags/dag_scraping_twitter.py
[2026-03-08T07:12:08.690+0700] {processor.py:925} INFO - DAG(s) 'dag_scraping_twitter' retrieved from /opt/airflow/dags/dag_scraping_twitter.py
[2026-03-08T07:12:08.717+0700] {logging_mixin.py:190} INFO - [2026-03-08T07:12:08.716+0700] {dag.py:3211} INFO - Sync 1 DAGs
[2026-03-08T07:12:08.741+0700] {logging_mixin.py:190} INFO - [2026-03-08T07:12:08.741+0700] {dag.py:4138} INFO - Setting next_dagrun for dag_scraping_twitter to 2026-03-07 23:00:00+00:00, run_after=2026-03-08 11:00:00+00:00
[2026-03-08T07:12:08.764+0700] {processor.py:208} INFO - Processing /opt/airflow/dags/dag_scraping_twitter.py took 0.104 seconds
[2026-03-08T07:12:38.909+0700] {processor.py:186} INFO - Started process (PID=54921) to work on /opt/airflow/dags/dag_scraping_twitter.py
[2026-03-08T07:12:38.910+0700] {processor.py:914} INFO - Processing file /opt/airflow/dags/dag_scraping_twitter.py for tasks to queue
[2026-03-08T07:12:38.913+0700] {logging_mixin.py:190} INFO - [2026-03-08T07:12:38.913+0700] {dagbag.py:587} INFO - Filling up the DagBag from /opt/airflow/dags/dag_scraping_twitter.py
[2026-03-08T07:12:38.934+0700] {processor.py:925} INFO - DAG(s) 'dag_scraping_twitter' retrieved from /opt/airflow/dags/dag_scraping_twitter.py
[2026-03-08T07:12:38.961+0700] {logging_mixin.py:190} INFO - [2026-03-08T07:12:38.960+0700] {dag.py:3211} INFO - Sync 1 DAGs
[2026-03-08T07:12:38.994+0700] {logging_mixin.py:190} INFO - [2026-03-08T07:12:38.994+0700] {dag.py:4138} INFO - Setting next_dagrun for dag_scraping_twitter to 2026-03-07 23:00:00+00:00, run_after=2026-03-08 11:00:00+00:00
[2026-03-08T07:12:39.017+0700] {processor.py:208} INFO - Processing /opt/airflow/dags/dag_scraping_twitter.py took 0.116 seconds
[2026-03-08T07:13:09.300+0700] {processor.py:186} INFO - Started process (PID=54949) to work on /opt/airflow/dags/dag_scraping_twitter.py
[2026-03-08T07:13:09.301+0700] {processor.py:914} INFO - Processing file /opt/airflow/dags/dag_scraping_twitter.py for tasks to queue
[2026-03-08T07:13:09.304+0700] {logging_mixin.py:190} INFO - [2026-03-08T07:13:09.304+0700] {dagbag.py:587} INFO - Filling up the DagBag from /opt/airflow/dags/dag_scraping_twitter.py
[2026-03-08T07:13:09.326+0700] {processor.py:925} INFO - DAG(s) 'dag_scraping_twitter' retrieved from /opt/airflow/dags/dag_scraping_twitter.py
[2026-03-08T07:13:09.353+0700] {logging_mixin.py:190} INFO - [2026-03-08T07:13:09.353+0700] {dag.py:3211} INFO - Sync 1 DAGs
[2026-03-08T07:13:09.379+0700] {logging_mixin.py:190} INFO - [2026-03-08T07:13:09.379+0700] {dag.py:4138} INFO - Setting next_dagrun for dag_scraping_twitter to 2026-03-07 23:00:00+00:00, run_after=2026-03-08 11:00:00+00:00
[2026-03-08T07:13:09.402+0700] {processor.py:208} INFO - Processing /opt/airflow/dags/dag_scraping_twitter.py took 0.110 seconds
[2026-03-08T07:13:39.447+0700] {processor.py:186} INFO - Started process (PID=54977) to work on /opt/airflow/dags/dag_scraping_twitter.py
[2026-03-08T07:13:39.448+0700] {processor.py:914} INFO - Processing file /opt/airflow/dags/dag_scraping_twitter.py for tasks to queue
[2026-03-08T07:13:39.452+0700] {logging_mixin.py:190} INFO - [2026-03-08T07:13:39.451+0700] {dagbag.py:587} INFO - Filling up the DagBag from /opt/airflow/dags/dag_scraping_twitter.py
[2026-03-08T07:13:39.474+0700] {processor.py:925} INFO - DAG(s) 'dag_scraping_twitter' retrieved from /opt/airflow/dags/dag_scraping_twitter.py
[2026-03-08T07:13:39.502+0700] {logging_mixin.py:190} INFO - [2026-03-08T07:13:39.502+0700] {dag.py:3211} INFO - Sync 1 DAGs
[2026-03-08T07:13:39.525+0700] {logging_mixin.py:190} INFO - [2026-03-08T07:13:39.524+0700] {dag.py:4138} INFO - Setting next_dagrun for dag_scraping_twitter to 2026-03-07 23:00:00+00:00, run_after=2026-03-08 11:00:00+00:00
[2026-03-08T07:13:39.545+0700] {processor.py:208} INFO - Processing /opt/airflow/dags/dag_scraping_twitter.py took 0.106 seconds
[2026-03-08T07:14:09.675+0700] {processor.py:186} INFO - Started process (PID=55005) to work on /opt/airflow/dags/dag_scraping_twitter.py
[2026-03-08T07:14:09.676+0700] {processor.py:914} INFO - Processing file /opt/airflow/dags/dag_scraping_twitter.py for tasks to queue
[2026-03-08T07:14:09.678+0700] {logging_mixin.py:190} INFO - [2026-03-08T07:14:09.678+0700] {dagbag.py:587} INFO - Filling up the DagBag from /opt/airflow/dags/dag_scraping_twitter.py
[2026-03-08T07:14:09.702+0700] {processor.py:925} INFO - DAG(s) 'dag_scraping_twitter' retrieved from /opt/airflow/dags/dag_scraping_twitter.py
[2026-03-08T07:14:09.725+0700] {logging_mixin.py:190} INFO - [2026-03-08T07:14:09.725+0700] {dag.py:3211} INFO - Sync 1 DAGs
[2026-03-08T07:14:09.746+0700] {logging_mixin.py:190} INFO - [2026-03-08T07:14:09.746+0700] {dag.py:4138} INFO - Setting next_dagrun for dag_scraping_twitter to 2026-03-07 23:00:00+00:00, run_after=2026-03-08 11:00:00+00:00
[2026-03-08T07:14:09.770+0700] {processor.py:208} INFO - Processing /opt/airflow/dags/dag_scraping_twitter.py took 0.102 seconds
[2026-03-08T07:14:39.892+0700] {processor.py:186} INFO - Started process (PID=55039) to work on /opt/airflow/dags/dag_scraping_twitter.py
[2026-03-08T07:14:39.893+0700] {processor.py:914} INFO - Processing file /opt/airflow/dags/dag_scraping_twitter.py for tasks to queue
[2026-03-08T07:14:39.896+0700] {logging_mixin.py:190} INFO - [2026-03-08T07:14:39.895+0700] {dagbag.py:587} INFO - Filling up the DagBag from /opt/airflow/dags/dag_scraping_twitter.py
[2026-03-08T07:14:39.914+0700] {processor.py:925} INFO - DAG(s) 'dag_scraping_twitter' retrieved from /opt/airflow/dags/dag_scraping_twitter.py
[2026-03-08T07:14:39.941+0700] {logging_mixin.py:190} INFO - [2026-03-08T07:14:39.941+0700] {dag.py:3211} INFO - Sync 1 DAGs
[2026-03-08T07:14:39.965+0700] {logging_mixin.py:190} INFO - [2026-03-08T07:14:39.965+0700] {dag.py:4138} INFO - Setting next_dagrun for dag_scraping_twitter to 2026-03-07 23:00:00+00:00, run_after=2026-03-08 11:00:00+00:00
[2026-03-08T07:14:39.989+0700] {processor.py:208} INFO - Processing /opt/airflow/dags/dag_scraping_twitter.py took 0.102 seconds
[2026-03-08T07:15:10.635+0700] {processor.py:186} INFO - Started process (PID=55067) to work on /opt/airflow/dags/dag_scraping_twitter.py
[2026-03-08T07:15:10.636+0700] {processor.py:914} INFO - Processing file /opt/airflow/dags/dag_scraping_twitter.py for tasks to queue
[2026-03-08T07:15:10.639+0700] {logging_mixin.py:190} INFO - [2026-03-08T07:15:10.639+0700] {dagbag.py:587} INFO - Filling up the DagBag from /opt/airflow/dags/dag_scraping_twitter.py
[2026-03-08T07:15:10.661+0700] {processor.py:925} INFO - DAG(s) 'dag_scraping_twitter' retrieved from /opt/airflow/dags/dag_scraping_twitter.py
[2026-03-08T07:15:10.687+0700] {logging_mixin.py:190} INFO - [2026-03-08T07:15:10.687+0700] {dag.py:3211} INFO - Sync 1 DAGs
[2026-03-08T07:15:10.710+0700] {logging_mixin.py:190} INFO - [2026-03-08T07:15:10.710+0700] {dag.py:4138} INFO - Setting next_dagrun for dag_scraping_twitter to 2026-03-07 23:00:00+00:00, run_after=2026-03-08 11:00:00+00:00
[2026-03-08T07:15:10.733+0700] {processor.py:208} INFO - Processing /opt/airflow/dags/dag_scraping_twitter.py took 0.105 seconds
[2026-03-08T07:15:41.755+0700] {processor.py:186} INFO - Started process (PID=55095) to work on /opt/airflow/dags/dag_scraping_twitter.py
[2026-03-08T07:15:41.756+0700] {processor.py:914} INFO - Processing file /opt/airflow/dags/dag_scraping_twitter.py for tasks to queue
[2026-03-08T07:15:41.759+0700] {logging_mixin.py:190} INFO - [2026-03-08T07:15:41.759+0700] {dagbag.py:587} INFO - Filling up the DagBag from /opt/airflow/dags/dag_scraping_twitter.py
[2026-03-08T07:15:41.779+0700] {processor.py:925} INFO - DAG(s) 'dag_scraping_twitter' retrieved from /opt/airflow/dags/dag_scraping_twitter.py
[2026-03-08T07:15:41.805+0700] {logging_mixin.py:190} INFO - [2026-03-08T07:15:41.805+0700] {dag.py:3211} INFO - Sync 1 DAGs
[2026-03-08T07:15:41.828+0700] {logging_mixin.py:190} INFO - [2026-03-08T07:15:41.828+0700] {dag.py:4138} INFO - Setting next_dagrun for dag_scraping_twitter to 2026-03-07 23:00:00+00:00, run_after=2026-03-08 11:00:00+00:00
[2026-03-08T07:15:41.852+0700] {processor.py:208} INFO - Processing /opt/airflow/dags/dag_scraping_twitter.py took 0.104 seconds
[2026-03-08T07:16:12.048+0700] {processor.py:186} INFO - Started process (PID=55128) to work on /opt/airflow/dags/dag_scraping_twitter.py
[2026-03-08T07:16:12.049+0700] {processor.py:914} INFO - Processing file /opt/airflow/dags/dag_scraping_twitter.py for tasks to queue
[2026-03-08T07:16:12.052+0700] {logging_mixin.py:190} INFO - [2026-03-08T07:16:12.051+0700] {dagbag.py:587} INFO - Filling up the DagBag from /opt/airflow/dags/dag_scraping_twitter.py
[2026-03-08T07:16:12.070+0700] {processor.py:925} INFO - DAG(s) 'dag_scraping_twitter' retrieved from /opt/airflow/dags/dag_scraping_twitter.py
[2026-03-08T07:16:12.094+0700] {logging_mixin.py:190} INFO - [2026-03-08T07:16:12.094+0700] {dag.py:3211} INFO - Sync 1 DAGs
[2026-03-08T07:16:12.117+0700] {logging_mixin.py:190} INFO - [2026-03-08T07:16:12.116+0700] {dag.py:4138} INFO - Setting next_dagrun for dag_scraping_twitter to 2026-03-07 23:00:00+00:00, run_after=2026-03-08 11:00:00+00:00
[2026-03-08T07:16:12.139+0700] {processor.py:208} INFO - Processing /opt/airflow/dags/dag_scraping_twitter.py took 0.098 seconds
[2026-03-08T07:16:42.260+0700] {processor.py:186} INFO - Started process (PID=55156) to work on /opt/airflow/dags/dag_scraping_twitter.py
[2026-03-08T07:16:42.261+0700] {processor.py:914} INFO - Processing file /opt/airflow/dags/dag_scraping_twitter.py for tasks to queue
[2026-03-08T07:16:42.264+0700] {logging_mixin.py:190} INFO - [2026-03-08T07:16:42.263+0700] {dagbag.py:587} INFO - Filling up the DagBag from /opt/airflow/dags/dag_scraping_twitter.py
[2026-03-08T07:16:42.284+0700] {processor.py:925} INFO - DAG(s) 'dag_scraping_twitter' retrieved from /opt/airflow/dags/dag_scraping_twitter.py
[2026-03-08T07:16:42.309+0700] {logging_mixin.py:190} INFO - [2026-03-08T07:16:42.309+0700] {dag.py:3211} INFO - Sync 1 DAGs
[2026-03-08T07:16:42.331+0700] {logging_mixin.py:190} INFO - [2026-03-08T07:16:42.331+0700] {dag.py:4138} INFO - Setting next_dagrun for dag_scraping_twitter to 2026-03-07 23:00:00+00:00, run_after=2026-03-08 11:00:00+00:00
[2026-03-08T07:16:42.354+0700] {processor.py:208} INFO - Processing /opt/airflow/dags/dag_scraping_twitter.py took 0.101 seconds
[2026-03-08T07:17:12.456+0700] {processor.py:186} INFO - Started process (PID=55184) to work on /opt/airflow/dags/dag_scraping_twitter.py
[2026-03-08T07:17:12.457+0700] {processor.py:914} INFO - Processing file /opt/airflow/dags/dag_scraping_twitter.py for tasks to queue
[2026-03-08T07:17:12.460+0700] {logging_mixin.py:190} INFO - [2026-03-08T07:17:12.459+0700] {dagbag.py:587} INFO - Filling up the DagBag from /opt/airflow/dags/dag_scraping_twitter.py
[2026-03-08T07:17:12.489+0700] {processor.py:925} INFO - DAG(s) 'dag_scraping_twitter' retrieved from /opt/airflow/dags/dag_scraping_twitter.py
[2026-03-08T07:17:12.515+0700] {logging_mixin.py:190} INFO - [2026-03-08T07:17:12.515+0700] {dag.py:3211} INFO - Sync 1 DAGs
[2026-03-08T07:17:12.538+0700] {logging_mixin.py:190} INFO - [2026-03-08T07:17:12.538+0700] {dag.py:4138} INFO - Setting next_dagrun for dag_scraping_twitter to 2026-03-07 23:00:00+00:00, run_after=2026-03-08 11:00:00+00:00
[2026-03-08T07:17:12.560+0700] {processor.py:208} INFO - Processing /opt/airflow/dags/dag_scraping_twitter.py took 0.112 seconds
[2026-03-08T07:17:43.329+0700] {processor.py:186} INFO - Started process (PID=55213) to work on /opt/airflow/dags/dag_scraping_twitter.py
[2026-03-08T07:17:43.330+0700] {processor.py:914} INFO - Processing file /opt/airflow/dags/dag_scraping_twitter.py for tasks to queue
[2026-03-08T07:17:43.333+0700] {logging_mixin.py:190} INFO - [2026-03-08T07:17:43.333+0700] {dagbag.py:587} INFO - Filling up the DagBag from /opt/airflow/dags/dag_scraping_twitter.py
[2026-03-08T07:17:43.353+0700] {processor.py:925} INFO - DAG(s) 'dag_scraping_twitter' retrieved from /opt/airflow/dags/dag_scraping_twitter.py
[2026-03-08T07:17:43.380+0700] {logging_mixin.py:190} INFO - [2026-03-08T07:17:43.379+0700] {dag.py:3211} INFO - Sync 1 DAGs
[2026-03-08T07:17:43.406+0700] {logging_mixin.py:190} INFO - [2026-03-08T07:17:43.406+0700] {dag.py:4138} INFO - Setting next_dagrun for dag_scraping_twitter to 2026-03-07 23:00:00+00:00, run_after=2026-03-08 11:00:00+00:00
[2026-03-08T07:17:43.431+0700] {processor.py:208} INFO - Processing /opt/airflow/dags/dag_scraping_twitter.py took 0.108 seconds
[2026-03-08T07:18:13.989+0700] {processor.py:186} INFO - Started process (PID=55241) to work on /opt/airflow/dags/dag_scraping_twitter.py
[2026-03-08T07:18:13.990+0700] {processor.py:914} INFO - Processing file /opt/airflow/dags/dag_scraping_twitter.py for tasks to queue
[2026-03-08T07:18:13.993+0700] {logging_mixin.py:190} INFO - [2026-03-08T07:18:13.992+0700] {dagbag.py:587} INFO - Filling up the DagBag from /opt/airflow/dags/dag_scraping_twitter.py
[2026-03-08T07:18:14.014+0700] {processor.py:925} INFO - DAG(s) 'dag_scraping_twitter' retrieved from /opt/airflow/dags/dag_scraping_twitter.py
[2026-03-08T07:18:14.040+0700] {logging_mixin.py:190} INFO - [2026-03-08T07:18:14.040+0700] {dag.py:3211} INFO - Sync 1 DAGs
[2026-03-08T07:18:14.063+0700] {logging_mixin.py:190} INFO - [2026-03-08T07:18:14.063+0700] {dag.py:4138} INFO - Setting next_dagrun for dag_scraping_twitter to 2026-03-07 23:00:00+00:00, run_after=2026-03-08 11:00:00+00:00
[2026-03-08T07:18:14.090+0700] {processor.py:208} INFO - Processing /opt/airflow/dags/dag_scraping_twitter.py took 0.109 seconds
[2026-03-08T07:18:45.124+0700] {processor.py:186} INFO - Started process (PID=55269) to work on /opt/airflow/dags/dag_scraping_twitter.py
[2026-03-08T07:18:45.125+0700] {processor.py:914} INFO - Processing file /opt/airflow/dags/dag_scraping_twitter.py for tasks to queue
[2026-03-08T07:18:45.128+0700] {logging_mixin.py:190} INFO - [2026-03-08T07:18:45.127+0700] {dagbag.py:587} INFO - Filling up the DagBag from /opt/airflow/dags/dag_scraping_twitter.py
[2026-03-08T07:18:45.147+0700] {processor.py:925} INFO - DAG(s) 'dag_scraping_twitter' retrieved from /opt/airflow/dags/dag_scraping_twitter.py
[2026-03-08T07:18:45.173+0700] {logging_mixin.py:190} INFO - [2026-03-08T07:18:45.173+0700] {dag.py:3211} INFO - Sync 1 DAGs
[2026-03-08T07:18:45.196+0700] {logging_mixin.py:190} INFO - [2026-03-08T07:18:45.196+0700] {dag.py:4138} INFO - Setting next_dagrun for dag_scraping_twitter to 2026-03-07 23:00:00+00:00, run_after=2026-03-08 11:00:00+00:00
[2026-03-08T07:18:45.220+0700] {processor.py:208} INFO - Processing /opt/airflow/dags/dag_scraping_twitter.py took 0.103 seconds
[2026-03-08T07:19:16.199+0700] {processor.py:186} INFO - Started process (PID=55298) to work on /opt/airflow/dags/dag_scraping_twitter.py
[2026-03-08T07:19:16.200+0700] {processor.py:914} INFO - Processing file /opt/airflow/dags/dag_scraping_twitter.py for tasks to queue
[2026-03-08T07:19:16.203+0700] {logging_mixin.py:190} INFO - [2026-03-08T07:19:16.203+0700] {dagbag.py:587} INFO - Filling up the DagBag from /opt/airflow/dags/dag_scraping_twitter.py
[2026-03-08T07:19:16.224+0700] {processor.py:925} INFO - DAG(s) 'dag_scraping_twitter' retrieved from /opt/airflow/dags/dag_scraping_twitter.py
[2026-03-08T07:19:16.250+0700] {logging_mixin.py:190} INFO - [2026-03-08T07:19:16.250+0700] {dag.py:3211} INFO - Sync 1 DAGs
[2026-03-08T07:19:16.275+0700] {logging_mixin.py:190} INFO - [2026-03-08T07:19:16.275+0700] {dag.py:4138} INFO - Setting next_dagrun for dag_scraping_twitter to 2026-03-07 23:00:00+00:00, run_after=2026-03-08 11:00:00+00:00
[2026-03-08T07:19:16.298+0700] {processor.py:208} INFO - Processing /opt/airflow/dags/dag_scraping_twitter.py took 0.106 seconds
[2026-03-08T07:19:46.356+0700] {processor.py:186} INFO - Started process (PID=55326) to work on /opt/airflow/dags/dag_scraping_twitter.py
[2026-03-08T07:19:46.358+0700] {processor.py:914} INFO - Processing file /opt/airflow/dags/dag_scraping_twitter.py for tasks to queue
[2026-03-08T07:19:46.362+0700] {logging_mixin.py:190} INFO - [2026-03-08T07:19:46.361+0700] {dagbag.py:587} INFO - Filling up the DagBag from /opt/airflow/dags/dag_scraping_twitter.py
[2026-03-08T07:19:46.383+0700] {processor.py:925} INFO - DAG(s) 'dag_scraping_twitter' retrieved from /opt/airflow/dags/dag_scraping_twitter.py
[2026-03-08T07:19:46.410+0700] {logging_mixin.py:190} INFO - [2026-03-08T07:19:46.409+0700] {dag.py:3211} INFO - Sync 1 DAGs
[2026-03-08T07:19:46.434+0700] {logging_mixin.py:190} INFO - [2026-03-08T07:19:46.433+0700] {dag.py:4138} INFO - Setting next_dagrun for dag_scraping_twitter to 2026-03-07 23:00:00+00:00, run_after=2026-03-08 11:00:00+00:00
[2026-03-08T07:19:46.457+0700] {processor.py:208} INFO - Processing /opt/airflow/dags/dag_scraping_twitter.py took 0.108 seconds
[2026-03-08T07:20:16.731+0700] {processor.py:186} INFO - Started process (PID=55360) to work on /opt/airflow/dags/dag_scraping_twitter.py
[2026-03-08T07:20:16.732+0700] {processor.py:914} INFO - Processing file /opt/airflow/dags/dag_scraping_twitter.py for tasks to queue
[2026-03-08T07:20:16.735+0700] {logging_mixin.py:190} INFO - [2026-03-08T07:20:16.734+0700] {dagbag.py:587} INFO - Filling up the DagBag from /opt/airflow/dags/dag_scraping_twitter.py
[2026-03-08T07:20:16.754+0700] {processor.py:925} INFO - DAG(s) 'dag_scraping_twitter' retrieved from /opt/airflow/dags/dag_scraping_twitter.py
[2026-03-08T07:20:16.782+0700] {logging_mixin.py:190} INFO - [2026-03-08T07:20:16.782+0700] {dag.py:3211} INFO - Sync 1 DAGs
[2026-03-08T07:20:16.806+0700] {logging_mixin.py:190} INFO - [2026-03-08T07:20:16.806+0700] {dag.py:4138} INFO - Setting next_dagrun for dag_scraping_twitter to 2026-03-07 23:00:00+00:00, run_after=2026-03-08 11:00:00+00:00
[2026-03-08T07:20:16.829+0700] {processor.py:208} INFO - Processing /opt/airflow/dags/dag_scraping_twitter.py took 0.105 seconds
[2026-03-08T07:20:47.036+0700] {processor.py:186} INFO - Started process (PID=55388) to work on /opt/airflow/dags/dag_scraping_twitter.py
[2026-03-08T07:20:47.037+0700] {processor.py:914} INFO - Processing file /opt/airflow/dags/dag_scraping_twitter.py for tasks to queue
[2026-03-08T07:20:47.039+0700] {logging_mixin.py:190} INFO - [2026-03-08T07:20:47.039+0700] {dagbag.py:587} INFO - Filling up the DagBag from /opt/airflow/dags/dag_scraping_twitter.py
[2026-03-08T07:20:47.059+0700] {processor.py:925} INFO - DAG(s) 'dag_scraping_twitter' retrieved from /opt/airflow/dags/dag_scraping_twitter.py
[2026-03-08T07:20:47.085+0700] {logging_mixin.py:190} INFO - [2026-03-08T07:20:47.085+0700] {dag.py:3211} INFO - Sync 1 DAGs
[2026-03-08T07:20:47.109+0700] {logging_mixin.py:190} INFO - [2026-03-08T07:20:47.109+0700] {dag.py:4138} INFO - Setting next_dagrun for dag_scraping_twitter to 2026-03-07 23:00:00+00:00, run_after=2026-03-08 11:00:00+00:00
[2026-03-08T07:20:47.133+0700] {processor.py:208} INFO - Processing /opt/airflow/dags/dag_scraping_twitter.py took 0.103 seconds
[2026-03-08T07:21:18.150+0700] {processor.py:186} INFO - Started process (PID=55416) to work on /opt/airflow/dags/dag_scraping_twitter.py
[2026-03-08T07:21:18.151+0700] {processor.py:914} INFO - Processing file /opt/airflow/dags/dag_scraping_twitter.py for tasks to queue
[2026-03-08T07:21:18.153+0700] {logging_mixin.py:190} INFO - [2026-03-08T07:21:18.153+0700] {dagbag.py:587} INFO - Filling up the DagBag from /opt/airflow/dags/dag_scraping_twitter.py
[2026-03-08T07:21:18.174+0700] {processor.py:925} INFO - DAG(s) 'dag_scraping_twitter' retrieved from /opt/airflow/dags/dag_scraping_twitter.py
[2026-03-08T07:21:18.204+0700] {logging_mixin.py:190} INFO - [2026-03-08T07:21:18.203+0700] {dag.py:3211} INFO - Sync 1 DAGs
[2026-03-08T07:21:18.231+0700] {logging_mixin.py:190} INFO - [2026-03-08T07:21:18.231+0700] {dag.py:4138} INFO - Setting next_dagrun for dag_scraping_twitter to 2026-03-07 23:00:00+00:00, run_after=2026-03-08 11:00:00+00:00
[2026-03-08T07:21:18.254+0700] {processor.py:208} INFO - Processing /opt/airflow/dags/dag_scraping_twitter.py took 0.111 seconds
[2026-03-08T07:21:49.259+0700] {processor.py:186} INFO - Started process (PID=55444) to work on /opt/airflow/dags/dag_scraping_twitter.py
[2026-03-08T07:21:49.260+0700] {processor.py:914} INFO - Processing file /opt/airflow/dags/dag_scraping_twitter.py for tasks to queue
[2026-03-08T07:21:49.265+0700] {logging_mixin.py:190} INFO - [2026-03-08T07:21:49.264+0700] {dagbag.py:587} INFO - Filling up the DagBag from /opt/airflow/dags/dag_scraping_twitter.py
[2026-03-08T07:21:49.287+0700] {processor.py:925} INFO - DAG(s) 'dag_scraping_twitter' retrieved from /opt/airflow/dags/dag_scraping_twitter.py
[2026-03-08T07:21:49.314+0700] {logging_mixin.py:190} INFO - [2026-03-08T07:21:49.313+0700] {dag.py:3211} INFO - Sync 1 DAGs
[2026-03-08T07:21:49.338+0700] {logging_mixin.py:190} INFO - [2026-03-08T07:21:49.337+0700] {dag.py:4138} INFO - Setting next_dagrun for dag_scraping_twitter to 2026-03-07 23:00:00+00:00, run_after=2026-03-08 11:00:00+00:00
[2026-03-08T07:21:49.363+0700] {processor.py:208} INFO - Processing /opt/airflow/dags/dag_scraping_twitter.py took 0.111 seconds
[2026-03-08T07:22:20.367+0700] {processor.py:186} INFO - Started process (PID=55472) to work on /opt/airflow/dags/dag_scraping_twitter.py
[2026-03-08T07:22:20.368+0700] {processor.py:914} INFO - Processing file /opt/airflow/dags/dag_scraping_twitter.py for tasks to queue
[2026-03-08T07:22:20.370+0700] {logging_mixin.py:190} INFO - [2026-03-08T07:22:20.370+0700] {dagbag.py:587} INFO - Filling up the DagBag from /opt/airflow/dags/dag_scraping_twitter.py
[2026-03-08T07:22:20.390+0700] {processor.py:925} INFO - DAG(s) 'dag_scraping_twitter' retrieved from /opt/airflow/dags/dag_scraping_twitter.py
[2026-03-08T07:22:20.416+0700] {logging_mixin.py:190} INFO - [2026-03-08T07:22:20.416+0700] {dag.py:3211} INFO - Sync 1 DAGs
[2026-03-08T07:22:20.441+0700] {logging_mixin.py:190} INFO - [2026-03-08T07:22:20.440+0700] {dag.py:4138} INFO - Setting next_dagrun for dag_scraping_twitter to 2026-03-07 23:00:00+00:00, run_after=2026-03-08 11:00:00+00:00
[2026-03-08T07:22:20.467+0700] {processor.py:208} INFO - Processing /opt/airflow/dags/dag_scraping_twitter.py took 0.107 seconds
[2026-03-08T07:22:51.478+0700] {processor.py:186} INFO - Started process (PID=55506) to work on /opt/airflow/dags/dag_scraping_twitter.py
[2026-03-08T07:22:51.480+0700] {processor.py:914} INFO - Processing file /opt/airflow/dags/dag_scraping_twitter.py for tasks to queue
[2026-03-08T07:22:51.483+0700] {logging_mixin.py:190} INFO - [2026-03-08T07:22:51.483+0700] {dagbag.py:587} INFO - Filling up the DagBag from /opt/airflow/dags/dag_scraping_twitter.py
[2026-03-08T07:22:51.504+0700] {processor.py:925} INFO - DAG(s) 'dag_scraping_twitter' retrieved from /opt/airflow/dags/dag_scraping_twitter.py
[2026-03-08T07:22:51.529+0700] {logging_mixin.py:190} INFO - [2026-03-08T07:22:51.529+0700] {dag.py:3211} INFO - Sync 1 DAGs
[2026-03-08T07:22:51.554+0700] {logging_mixin.py:190} INFO - [2026-03-08T07:22:51.554+0700] {dag.py:4138} INFO - Setting next_dagrun for dag_scraping_twitter to 2026-03-07 23:00:00+00:00, run_after=2026-03-08 11:00:00+00:00
[2026-03-08T07:22:51.578+0700] {processor.py:208} INFO - Processing /opt/airflow/dags/dag_scraping_twitter.py took 0.107 seconds
[2026-03-08T07:23:22.563+0700] {processor.py:186} INFO - Started process (PID=55534) to work on /opt/airflow/dags/dag_scraping_twitter.py
[2026-03-08T07:23:22.564+0700] {processor.py:914} INFO - Processing file /opt/airflow/dags/dag_scraping_twitter.py for tasks to queue
[2026-03-08T07:23:22.567+0700] {logging_mixin.py:190} INFO - [2026-03-08T07:23:22.567+0700] {dagbag.py:587} INFO - Filling up the DagBag from /opt/airflow/dags/dag_scraping_twitter.py
[2026-03-08T07:23:22.588+0700] {processor.py:925} INFO - DAG(s) 'dag_scraping_twitter' retrieved from /opt/airflow/dags/dag_scraping_twitter.py
[2026-03-08T07:23:22.618+0700] {logging_mixin.py:190} INFO - [2026-03-08T07:23:22.618+0700] {dag.py:3211} INFO - Sync 1 DAGs
[2026-03-08T07:23:22.642+0700] {logging_mixin.py:190} INFO - [2026-03-08T07:23:22.642+0700] {dag.py:4138} INFO - Setting next_dagrun for dag_scraping_twitter to 2026-03-07 23:00:00+00:00, run_after=2026-03-08 11:00:00+00:00
[2026-03-08T07:23:22.666+0700] {processor.py:208} INFO - Processing /opt/airflow/dags/dag_scraping_twitter.py took 0.110 seconds
[2026-03-08T07:23:52.714+0700] {processor.py:186} INFO - Started process (PID=55562) to work on /opt/airflow/dags/dag_scraping_twitter.py
[2026-03-08T07:23:52.715+0700] {processor.py:914} INFO - Processing file /opt/airflow/dags/dag_scraping_twitter.py for tasks to queue
[2026-03-08T07:23:52.718+0700] {logging_mixin.py:190} INFO - [2026-03-08T07:23:52.718+0700] {dagbag.py:587} INFO - Filling up the DagBag from /opt/airflow/dags/dag_scraping_twitter.py
[2026-03-08T07:23:52.737+0700] {processor.py:925} INFO - DAG(s) 'dag_scraping_twitter' retrieved from /opt/airflow/dags/dag_scraping_twitter.py
[2026-03-08T07:23:52.763+0700] {logging_mixin.py:190} INFO - [2026-03-08T07:23:52.763+0700] {dag.py:3211} INFO - Sync 1 DAGs
[2026-03-08T07:23:52.785+0700] {logging_mixin.py:190} INFO - [2026-03-08T07:23:52.784+0700] {dag.py:4138} INFO - Setting next_dagrun for dag_scraping_twitter to 2026-03-07 23:00:00+00:00, run_after=2026-03-08 11:00:00+00:00
[2026-03-08T07:23:52.806+0700] {processor.py:208} INFO - Processing /opt/airflow/dags/dag_scraping_twitter.py took 0.099 seconds
[2026-03-08T07:24:22.884+0700] {processor.py:186} INFO - Started process (PID=55590) to work on /opt/airflow/dags/dag_scraping_twitter.py
[2026-03-08T07:24:22.885+0700] {processor.py:914} INFO - Processing file /opt/airflow/dags/dag_scraping_twitter.py for tasks to queue
[2026-03-08T07:24:22.889+0700] {logging_mixin.py:190} INFO - [2026-03-08T07:24:22.889+0700] {dagbag.py:587} INFO - Filling up the DagBag from /opt/airflow/dags/dag_scraping_twitter.py
[2026-03-08T07:24:22.914+0700] {processor.py:925} INFO - DAG(s) 'dag_scraping_twitter' retrieved from /opt/airflow/dags/dag_scraping_twitter.py
[2026-03-08T07:24:22.945+0700] {logging_mixin.py:190} INFO - [2026-03-08T07:24:22.944+0700] {dag.py:3211} INFO - Sync 1 DAGs
[2026-03-08T07:24:22.972+0700] {logging_mixin.py:190} INFO - [2026-03-08T07:24:22.972+0700] {dag.py:4138} INFO - Setting next_dagrun for dag_scraping_twitter to 2026-03-07 23:00:00+00:00, run_after=2026-03-08 11:00:00+00:00
[2026-03-08T07:24:22.995+0700] {processor.py:208} INFO - Processing /opt/airflow/dags/dag_scraping_twitter.py took 0.117 seconds
[2026-03-08T07:24:53.865+0700] {processor.py:186} INFO - Started process (PID=55618) to work on /opt/airflow/dags/dag_scraping_twitter.py
[2026-03-08T07:24:53.866+0700] {processor.py:914} INFO - Processing file /opt/airflow/dags/dag_scraping_twitter.py for tasks to queue
[2026-03-08T07:24:53.869+0700] {logging_mixin.py:190} INFO - [2026-03-08T07:24:53.868+0700] {dagbag.py:587} INFO - Filling up the DagBag from /opt/airflow/dags/dag_scraping_twitter.py
[2026-03-08T07:24:53.888+0700] {processor.py:925} INFO - DAG(s) 'dag_scraping_twitter' retrieved from /opt/airflow/dags/dag_scraping_twitter.py
[2026-03-08T07:24:53.914+0700] {logging_mixin.py:190} INFO - [2026-03-08T07:24:53.913+0700] {dag.py:3211} INFO - Sync 1 DAGs
[2026-03-08T07:24:53.938+0700] {logging_mixin.py:190} INFO - [2026-03-08T07:24:53.938+0700] {dag.py:4138} INFO - Setting next_dagrun for dag_scraping_twitter to 2026-03-07 23:00:00+00:00, run_after=2026-03-08 11:00:00+00:00
[2026-03-08T07:24:53.963+0700] {processor.py:208} INFO - Processing /opt/airflow/dags/dag_scraping_twitter.py took 0.104 seconds
[2026-03-08T07:25:24.954+0700] {processor.py:186} INFO - Started process (PID=55652) to work on /opt/airflow/dags/dag_scraping_twitter.py
[2026-03-08T07:25:24.955+0700] {processor.py:914} INFO - Processing file /opt/airflow/dags/dag_scraping_twitter.py for tasks to queue
[2026-03-08T07:25:24.958+0700] {logging_mixin.py:190} INFO - [2026-03-08T07:25:24.957+0700] {dagbag.py:587} INFO - Filling up the DagBag from /opt/airflow/dags/dag_scraping_twitter.py
[2026-03-08T07:25:24.978+0700] {processor.py:925} INFO - DAG(s) 'dag_scraping_twitter' retrieved from /opt/airflow/dags/dag_scraping_twitter.py
[2026-03-08T07:25:25.004+0700] {logging_mixin.py:190} INFO - [2026-03-08T07:25:25.004+0700] {dag.py:3211} INFO - Sync 1 DAGs
[2026-03-08T07:25:25.028+0700] {logging_mixin.py:190} INFO - [2026-03-08T07:25:25.028+0700] {dag.py:4138} INFO - Setting next_dagrun for dag_scraping_twitter to 2026-03-07 23:00:00+00:00, run_after=2026-03-08 11:00:00+00:00
[2026-03-08T07:25:25.052+0700] {processor.py:208} INFO - Processing /opt/airflow/dags/dag_scraping_twitter.py took 0.106 seconds
[2026-03-08T07:25:56.070+0700] {processor.py:186} INFO - Started process (PID=55680) to work on /opt/airflow/dags/dag_scraping_twitter.py
[2026-03-08T07:25:56.071+0700] {processor.py:914} INFO - Processing file /opt/airflow/dags/dag_scraping_twitter.py for tasks to queue
[2026-03-08T07:25:56.075+0700] {logging_mixin.py:190} INFO - [2026-03-08T07:25:56.075+0700] {dagbag.py:587} INFO - Filling up the DagBag from /opt/airflow/dags/dag_scraping_twitter.py
[2026-03-08T07:25:56.097+0700] {processor.py:925} INFO - DAG(s) 'dag_scraping_twitter' retrieved from /opt/airflow/dags/dag_scraping_twitter.py
[2026-03-08T07:25:56.124+0700] {logging_mixin.py:190} INFO - [2026-03-08T07:25:56.124+0700] {dag.py:3211} INFO - Sync 1 DAGs
[2026-03-08T07:25:56.148+0700] {logging_mixin.py:190} INFO - [2026-03-08T07:25:56.148+0700] {dag.py:4138} INFO - Setting next_dagrun for dag_scraping_twitter to 2026-03-07 23:00:00+00:00, run_after=2026-03-08 11:00:00+00:00
[2026-03-08T07:25:56.171+0700] {processor.py:208} INFO - Processing /opt/airflow/dags/dag_scraping_twitter.py took 0.108 seconds
[2026-03-08T07:26:26.224+0700] {processor.py:186} INFO - Started process (PID=55708) to work on /opt/airflow/dags/dag_scraping_twitter.py
[2026-03-08T07:26:26.226+0700] {processor.py:914} INFO - Processing file /opt/airflow/dags/dag_scraping_twitter.py for tasks to queue
[2026-03-08T07:26:26.228+0700] {logging_mixin.py:190} INFO - [2026-03-08T07:26:26.228+0700] {dagbag.py:587} INFO - Filling up the DagBag from /opt/airflow/dags/dag_scraping_twitter.py
[2026-03-08T07:26:26.251+0700] {processor.py:925} INFO - DAG(s) 'dag_scraping_twitter' retrieved from /opt/airflow/dags/dag_scraping_twitter.py
[2026-03-08T07:26:26.280+0700] {logging_mixin.py:190} INFO - [2026-03-08T07:26:26.280+0700] {dag.py:3211} INFO - Sync 1 DAGs
[2026-03-08T07:26:26.304+0700] {logging_mixin.py:190} INFO - [2026-03-08T07:26:26.303+0700] {dag.py:4138} INFO - Setting next_dagrun for dag_scraping_twitter to 2026-03-07 23:00:00+00:00, run_after=2026-03-08 11:00:00+00:00
[2026-03-08T07:26:26.328+0700] {processor.py:208} INFO - Processing /opt/airflow/dags/dag_scraping_twitter.py took 0.111 seconds
[2026-03-08T07:26:56.443+0700] {processor.py:186} INFO - Started process (PID=55736) to work on /opt/airflow/dags/dag_scraping_twitter.py
[2026-03-08T07:26:56.444+0700] {processor.py:914} INFO - Processing file /opt/airflow/dags/dag_scraping_twitter.py for tasks to queue
[2026-03-08T07:26:56.447+0700] {logging_mixin.py:190} INFO - [2026-03-08T07:26:56.447+0700] {dagbag.py:587} INFO - Filling up the DagBag from /opt/airflow/dags/dag_scraping_twitter.py
[2026-03-08T07:26:56.470+0700] {processor.py:925} INFO - DAG(s) 'dag_scraping_twitter' retrieved from /opt/airflow/dags/dag_scraping_twitter.py
[2026-03-08T07:26:56.496+0700] {logging_mixin.py:190} INFO - [2026-03-08T07:26:56.496+0700] {dag.py:3211} INFO - Sync 1 DAGs
[2026-03-08T07:26:56.519+0700] {logging_mixin.py:190} INFO - [2026-03-08T07:26:56.518+0700] {dag.py:4138} INFO - Setting next_dagrun for dag_scraping_twitter to 2026-03-07 23:00:00+00:00, run_after=2026-03-08 11:00:00+00:00
[2026-03-08T07:26:56.539+0700] {processor.py:208} INFO - Processing /opt/airflow/dags/dag_scraping_twitter.py took 0.102 seconds
[2026-03-08T07:27:27.079+0700] {processor.py:186} INFO - Started process (PID=55764) to work on /opt/airflow/dags/dag_scraping_twitter.py
[2026-03-08T07:27:27.080+0700] {processor.py:914} INFO - Processing file /opt/airflow/dags/dag_scraping_twitter.py for tasks to queue
[2026-03-08T07:27:27.083+0700] {logging_mixin.py:190} INFO - [2026-03-08T07:27:27.083+0700] {dagbag.py:587} INFO - Filling up the DagBag from /opt/airflow/dags/dag_scraping_twitter.py
[2026-03-08T07:27:27.108+0700] {processor.py:925} INFO - DAG(s) 'dag_scraping_twitter' retrieved from /opt/airflow/dags/dag_scraping_twitter.py
[2026-03-08T07:27:27.140+0700] {logging_mixin.py:190} INFO - [2026-03-08T07:27:27.140+0700] {dag.py:3211} INFO - Sync 1 DAGs
[2026-03-08T07:27:27.167+0700] {logging_mixin.py:190} INFO - [2026-03-08T07:27:27.166+0700] {dag.py:4138} INFO - Setting next_dagrun for dag_scraping_twitter to 2026-03-07 23:00:00+00:00, run_after=2026-03-08 11:00:00+00:00
[2026-03-08T07:27:27.192+0700] {processor.py:208} INFO - Processing /opt/airflow/dags/dag_scraping_twitter.py took 0.121 seconds
[2026-03-08T07:27:57.265+0700] {processor.py:186} INFO - Started process (PID=55792) to work on /opt/airflow/dags/dag_scraping_twitter.py
[2026-03-08T07:27:57.266+0700] {processor.py:914} INFO - Processing file /opt/airflow/dags/dag_scraping_twitter.py for tasks to queue
[2026-03-08T07:27:57.269+0700] {logging_mixin.py:190} INFO - [2026-03-08T07:27:57.268+0700] {dagbag.py:587} INFO - Filling up the DagBag from /opt/airflow/dags/dag_scraping_twitter.py
[2026-03-08T07:27:57.290+0700] {processor.py:925} INFO - DAG(s) 'dag_scraping_twitter' retrieved from /opt/airflow/dags/dag_scraping_twitter.py
[2026-03-08T07:27:57.316+0700] {logging_mixin.py:190} INFO - [2026-03-08T07:27:57.316+0700] {dag.py:3211} INFO - Sync 1 DAGs
[2026-03-08T07:27:57.341+0700] {logging_mixin.py:190} INFO - [2026-03-08T07:27:57.341+0700] {dag.py:4138} INFO - Setting next_dagrun for dag_scraping_twitter to 2026-03-07 23:00:00+00:00, run_after=2026-03-08 11:00:00+00:00
[2026-03-08T07:27:57.365+0700] {processor.py:208} INFO - Processing /opt/airflow/dags/dag_scraping_twitter.py took 0.107 seconds
[2026-03-08T07:28:27.482+0700] {processor.py:186} INFO - Started process (PID=55820) to work on /opt/airflow/dags/dag_scraping_twitter.py
[2026-03-08T07:28:27.483+0700] {processor.py:914} INFO - Processing file /opt/airflow/dags/dag_scraping_twitter.py for tasks to queue
[2026-03-08T07:28:27.487+0700] {logging_mixin.py:190} INFO - [2026-03-08T07:28:27.486+0700] {dagbag.py:587} INFO - Filling up the DagBag from /opt/airflow/dags/dag_scraping_twitter.py
[2026-03-08T07:28:27.507+0700] {processor.py:925} INFO - DAG(s) 'dag_scraping_twitter' retrieved from /opt/airflow/dags/dag_scraping_twitter.py
[2026-03-08T07:28:27.532+0700] {logging_mixin.py:190} INFO - [2026-03-08T07:28:27.531+0700] {dag.py:3211} INFO - Sync 1 DAGs
[2026-03-08T07:28:27.555+0700] {logging_mixin.py:190} INFO - [2026-03-08T07:28:27.555+0700] {dag.py:4138} INFO - Setting next_dagrun for dag_scraping_twitter to 2026-03-07 23:00:00+00:00, run_after=2026-03-08 11:00:00+00:00
[2026-03-08T07:28:27.579+0700] {processor.py:208} INFO - Processing /opt/airflow/dags/dag_scraping_twitter.py took 0.103 seconds
[2026-03-08T07:28:58.540+0700] {processor.py:186} INFO - Started process (PID=55854) to work on /opt/airflow/dags/dag_scraping_twitter.py
[2026-03-08T07:28:58.541+0700] {processor.py:914} INFO - Processing file /opt/airflow/dags/dag_scraping_twitter.py for tasks to queue
[2026-03-08T07:28:58.544+0700] {logging_mixin.py:190} INFO - [2026-03-08T07:28:58.543+0700] {dagbag.py:587} INFO - Filling up the DagBag from /opt/airflow/dags/dag_scraping_twitter.py
[2026-03-08T07:28:58.563+0700] {processor.py:925} INFO - DAG(s) 'dag_scraping_twitter' retrieved from /opt/airflow/dags/dag_scraping_twitter.py
[2026-03-08T07:28:58.591+0700] {logging_mixin.py:190} INFO - [2026-03-08T07:28:58.591+0700] {dag.py:3211} INFO - Sync 1 DAGs
[2026-03-08T07:28:58.623+0700] {logging_mixin.py:190} INFO - [2026-03-08T07:28:58.622+0700] {dag.py:4138} INFO - Setting next_dagrun for dag_scraping_twitter to 2026-03-07 23:00:00+00:00, run_after=2026-03-08 11:00:00+00:00
[2026-03-08T07:28:58.647+0700] {processor.py:208} INFO - Processing /opt/airflow/dags/dag_scraping_twitter.py took 0.114 seconds
[2026-03-08T07:29:29.682+0700] {processor.py:186} INFO - Started process (PID=55882) to work on /opt/airflow/dags/dag_scraping_twitter.py
[2026-03-08T07:29:29.683+0700] {processor.py:914} INFO - Processing file /opt/airflow/dags/dag_scraping_twitter.py for tasks to queue
[2026-03-08T07:29:29.685+0700] {logging_mixin.py:190} INFO - [2026-03-08T07:29:29.685+0700] {dagbag.py:587} INFO - Filling up the DagBag from /opt/airflow/dags/dag_scraping_twitter.py
[2026-03-08T07:29:29.706+0700] {processor.py:925} INFO - DAG(s) 'dag_scraping_twitter' retrieved from /opt/airflow/dags/dag_scraping_twitter.py
[2026-03-08T07:29:29.735+0700] {logging_mixin.py:190} INFO - [2026-03-08T07:29:29.735+0700] {dag.py:3211} INFO - Sync 1 DAGs
[2026-03-08T07:29:29.759+0700] {logging_mixin.py:190} INFO - [2026-03-08T07:29:29.759+0700] {dag.py:4138} INFO - Setting next_dagrun for dag_scraping_twitter to 2026-03-07 23:00:00+00:00, run_after=2026-03-08 11:00:00+00:00
[2026-03-08T07:29:29.783+0700] {processor.py:208} INFO - Processing /opt/airflow/dags/dag_scraping_twitter.py took 0.109 seconds
[2026-03-08T07:29:59.881+0700] {processor.py:186} INFO - Started process (PID=55910) to work on /opt/airflow/dags/dag_scraping_twitter.py
[2026-03-08T07:29:59.882+0700] {processor.py:914} INFO - Processing file /opt/airflow/dags/dag_scraping_twitter.py for tasks to queue
[2026-03-08T07:29:59.885+0700] {logging_mixin.py:190} INFO - [2026-03-08T07:29:59.884+0700] {dagbag.py:587} INFO - Filling up the DagBag from /opt/airflow/dags/dag_scraping_twitter.py
[2026-03-08T07:29:59.905+0700] {processor.py:925} INFO - DAG(s) 'dag_scraping_twitter' retrieved from /opt/airflow/dags/dag_scraping_twitter.py
[2026-03-08T07:29:59.931+0700] {logging_mixin.py:190} INFO - [2026-03-08T07:29:59.931+0700] {dag.py:3211} INFO - Sync 1 DAGs
[2026-03-08T07:29:59.954+0700] {logging_mixin.py:190} INFO - [2026-03-08T07:29:59.954+0700] {dag.py:4138} INFO - Setting next_dagrun for dag_scraping_twitter to 2026-03-07 23:00:00+00:00, run_after=2026-03-08 11:00:00+00:00
[2026-03-08T07:29:59.977+0700] {processor.py:208} INFO - Processing /opt/airflow/dags/dag_scraping_twitter.py took 0.102 seconds
[2026-03-08T07:30:30.189+0700] {processor.py:186} INFO - Started process (PID=55938) to work on /opt/airflow/dags/dag_scraping_twitter.py
[2026-03-08T07:30:30.190+0700] {processor.py:914} INFO - Processing file /opt/airflow/dags/dag_scraping_twitter.py for tasks to queue
[2026-03-08T07:30:30.193+0700] {logging_mixin.py:190} INFO - [2026-03-08T07:30:30.193+0700] {dagbag.py:587} INFO - Filling up the DagBag from /opt/airflow/dags/dag_scraping_twitter.py
[2026-03-08T07:30:30.213+0700] {processor.py:925} INFO - DAG(s) 'dag_scraping_twitter' retrieved from /opt/airflow/dags/dag_scraping_twitter.py
[2026-03-08T07:30:30.241+0700] {logging_mixin.py:190} INFO - [2026-03-08T07:30:30.240+0700] {dag.py:3211} INFO - Sync 1 DAGs
[2026-03-08T07:30:30.264+0700] {logging_mixin.py:190} INFO - [2026-03-08T07:30:30.264+0700] {dag.py:4138} INFO - Setting next_dagrun for dag_scraping_twitter to 2026-03-07 23:00:00+00:00, run_after=2026-03-08 11:00:00+00:00
[2026-03-08T07:30:30.290+0700] {processor.py:208} INFO - Processing /opt/airflow/dags/dag_scraping_twitter.py took 0.107 seconds
[2026-03-08T07:31:01.290+0700] {processor.py:186} INFO - Started process (PID=55966) to work on /opt/airflow/dags/dag_scraping_twitter.py
[2026-03-08T07:31:01.292+0700] {processor.py:914} INFO - Processing file /opt/airflow/dags/dag_scraping_twitter.py for tasks to queue
[2026-03-08T07:31:01.294+0700] {logging_mixin.py:190} INFO - [2026-03-08T07:31:01.294+0700] {dagbag.py:587} INFO - Filling up the DagBag from /opt/airflow/dags/dag_scraping_twitter.py
[2026-03-08T07:31:01.317+0700] {processor.py:925} INFO - DAG(s) 'dag_scraping_twitter' retrieved from /opt/airflow/dags/dag_scraping_twitter.py
[2026-03-08T07:31:01.343+0700] {logging_mixin.py:190} INFO - [2026-03-08T07:31:01.343+0700] {dag.py:3211} INFO - Sync 1 DAGs
[2026-03-08T07:31:01.368+0700] {logging_mixin.py:190} INFO - [2026-03-08T07:31:01.368+0700] {dag.py:4138} INFO - Setting next_dagrun for dag_scraping_twitter to 2026-03-07 23:00:00+00:00, run_after=2026-03-08 11:00:00+00:00
[2026-03-08T07:31:01.393+0700] {processor.py:208} INFO - Processing /opt/airflow/dags/dag_scraping_twitter.py took 0.113 seconds
[2026-03-08T07:31:31.947+0700] {processor.py:186} INFO - Started process (PID=56000) to work on /opt/airflow/dags/dag_scraping_twitter.py
[2026-03-08T07:31:31.948+0700] {processor.py:914} INFO - Processing file /opt/airflow/dags/dag_scraping_twitter.py for tasks to queue
[2026-03-08T07:31:31.951+0700] {logging_mixin.py:190} INFO - [2026-03-08T07:31:31.950+0700] {dagbag.py:587} INFO - Filling up the DagBag from /opt/airflow/dags/dag_scraping_twitter.py
[2026-03-08T07:31:31.971+0700] {processor.py:925} INFO - DAG(s) 'dag_scraping_twitter' retrieved from /opt/airflow/dags/dag_scraping_twitter.py
[2026-03-08T07:31:31.998+0700] {logging_mixin.py:190} INFO - [2026-03-08T07:31:31.998+0700] {dag.py:3211} INFO - Sync 1 DAGs
[2026-03-08T07:31:32.025+0700] {logging_mixin.py:190} INFO - [2026-03-08T07:31:32.025+0700] {dag.py:4138} INFO - Setting next_dagrun for dag_scraping_twitter to 2026-03-07 23:00:00+00:00, run_after=2026-03-08 11:00:00+00:00
[2026-03-08T07:31:32.047+0700] {processor.py:208} INFO - Processing /opt/airflow/dags/dag_scraping_twitter.py took 0.107 seconds
[2026-03-08T07:32:02.203+0700] {processor.py:186} INFO - Started process (PID=56028) to work on /opt/airflow/dags/dag_scraping_twitter.py
[2026-03-08T07:32:02.205+0700] {processor.py:914} INFO - Processing file /opt/airflow/dags/dag_scraping_twitter.py for tasks to queue
[2026-03-08T07:32:02.207+0700] {logging_mixin.py:190} INFO - [2026-03-08T07:32:02.207+0700] {dagbag.py:587} INFO - Filling up the DagBag from /opt/airflow/dags/dag_scraping_twitter.py
[2026-03-08T07:32:02.227+0700] {processor.py:925} INFO - DAG(s) 'dag_scraping_twitter' retrieved from /opt/airflow/dags/dag_scraping_twitter.py
[2026-03-08T07:32:02.254+0700] {logging_mixin.py:190} INFO - [2026-03-08T07:32:02.254+0700] {dag.py:3211} INFO - Sync 1 DAGs
[2026-03-08T07:32:02.278+0700] {logging_mixin.py:190} INFO - [2026-03-08T07:32:02.278+0700] {dag.py:4138} INFO - Setting next_dagrun for dag_scraping_twitter to 2026-03-07 23:00:00+00:00, run_after=2026-03-08 11:00:00+00:00
[2026-03-08T07:32:02.302+0700] {processor.py:208} INFO - Processing /opt/airflow/dags/dag_scraping_twitter.py took 0.106 seconds
[2026-03-08T07:32:33.002+0700] {processor.py:186} INFO - Started process (PID=56056) to work on /opt/airflow/dags/dag_scraping_twitter.py
[2026-03-08T07:32:33.004+0700] {processor.py:914} INFO - Processing file /opt/airflow/dags/dag_scraping_twitter.py for tasks to queue
[2026-03-08T07:32:33.007+0700] {logging_mixin.py:190} INFO - [2026-03-08T07:32:33.007+0700] {dagbag.py:587} INFO - Filling up the DagBag from /opt/airflow/dags/dag_scraping_twitter.py
[2026-03-08T07:32:33.026+0700] {processor.py:925} INFO - DAG(s) 'dag_scraping_twitter' retrieved from /opt/airflow/dags/dag_scraping_twitter.py
[2026-03-08T07:32:33.052+0700] {logging_mixin.py:190} INFO - [2026-03-08T07:32:33.052+0700] {dag.py:3211} INFO - Sync 1 DAGs
[2026-03-08T07:32:33.077+0700] {logging_mixin.py:190} INFO - [2026-03-08T07:32:33.077+0700] {dag.py:4138} INFO - Setting next_dagrun for dag_scraping_twitter to 2026-03-07 23:00:00+00:00, run_after=2026-03-08 11:00:00+00:00
[2026-03-08T07:32:33.099+0700] {processor.py:208} INFO - Processing /opt/airflow/dags/dag_scraping_twitter.py took 0.103 seconds
[2026-03-08T07:33:04.070+0700] {processor.py:186} INFO - Started process (PID=56084) to work on /opt/airflow/dags/dag_scraping_twitter.py
[2026-03-08T07:33:04.071+0700] {processor.py:914} INFO - Processing file /opt/airflow/dags/dag_scraping_twitter.py for tasks to queue
[2026-03-08T07:33:04.074+0700] {logging_mixin.py:190} INFO - [2026-03-08T07:33:04.073+0700] {dagbag.py:587} INFO - Filling up the DagBag from /opt/airflow/dags/dag_scraping_twitter.py
[2026-03-08T07:33:04.094+0700] {processor.py:925} INFO - DAG(s) 'dag_scraping_twitter' retrieved from /opt/airflow/dags/dag_scraping_twitter.py
[2026-03-08T07:33:04.121+0700] {logging_mixin.py:190} INFO - [2026-03-08T07:33:04.121+0700] {dag.py:3211} INFO - Sync 1 DAGs
[2026-03-08T07:33:04.145+0700] {logging_mixin.py:190} INFO - [2026-03-08T07:33:04.145+0700] {dag.py:4138} INFO - Setting next_dagrun for dag_scraping_twitter to 2026-03-07 23:00:00+00:00, run_after=2026-03-08 11:00:00+00:00
[2026-03-08T07:33:04.169+0700] {processor.py:208} INFO - Processing /opt/airflow/dags/dag_scraping_twitter.py took 0.108 seconds
[2026-03-08T07:33:34.528+0700] {processor.py:186} INFO - Started process (PID=56112) to work on /opt/airflow/dags/dag_scraping_twitter.py
[2026-03-08T07:33:34.530+0700] {processor.py:914} INFO - Processing file /opt/airflow/dags/dag_scraping_twitter.py for tasks to queue
[2026-03-08T07:33:34.532+0700] {logging_mixin.py:190} INFO - [2026-03-08T07:33:34.532+0700] {dagbag.py:587} INFO - Filling up the DagBag from /opt/airflow/dags/dag_scraping_twitter.py
[2026-03-08T07:33:34.552+0700] {processor.py:925} INFO - DAG(s) 'dag_scraping_twitter' retrieved from /opt/airflow/dags/dag_scraping_twitter.py
[2026-03-08T07:33:34.578+0700] {logging_mixin.py:190} INFO - [2026-03-08T07:33:34.577+0700] {dag.py:3211} INFO - Sync 1 DAGs
[2026-03-08T07:33:34.601+0700] {logging_mixin.py:190} INFO - [2026-03-08T07:33:34.601+0700] {dag.py:4138} INFO - Setting next_dagrun for dag_scraping_twitter to 2026-03-07 23:00:00+00:00, run_after=2026-03-08 11:00:00+00:00
[2026-03-08T07:33:34.626+0700] {processor.py:208} INFO - Processing /opt/airflow/dags/dag_scraping_twitter.py took 0.104 seconds
[2026-03-08T07:34:04.702+0700] {processor.py:186} INFO - Started process (PID=56140) to work on /opt/airflow/dags/dag_scraping_twitter.py
[2026-03-08T07:34:04.703+0700] {processor.py:914} INFO - Processing file /opt/airflow/dags/dag_scraping_twitter.py for tasks to queue
[2026-03-08T07:34:04.706+0700] {logging_mixin.py:190} INFO - [2026-03-08T07:34:04.705+0700] {dagbag.py:587} INFO - Filling up the DagBag from /opt/airflow/dags/dag_scraping_twitter.py
[2026-03-08T07:34:04.725+0700] {processor.py:925} INFO - DAG(s) 'dag_scraping_twitter' retrieved from /opt/airflow/dags/dag_scraping_twitter.py
[2026-03-08T07:34:04.751+0700] {logging_mixin.py:190} INFO - [2026-03-08T07:34:04.751+0700] {dag.py:3211} INFO - Sync 1 DAGs
[2026-03-08T07:34:04.775+0700] {logging_mixin.py:190} INFO - [2026-03-08T07:34:04.775+0700] {dag.py:4138} INFO - Setting next_dagrun for dag_scraping_twitter to 2026-03-07 23:00:00+00:00, run_after=2026-03-08 11:00:00+00:00
[2026-03-08T07:34:04.797+0700] {processor.py:208} INFO - Processing /opt/airflow/dags/dag_scraping_twitter.py took 0.101 seconds
[2026-03-08T07:34:34.912+0700] {processor.py:186} INFO - Started process (PID=56174) to work on /opt/airflow/dags/dag_scraping_twitter.py
[2026-03-08T07:34:34.913+0700] {processor.py:914} INFO - Processing file /opt/airflow/dags/dag_scraping_twitter.py for tasks to queue
[2026-03-08T07:34:34.916+0700] {logging_mixin.py:190} INFO - [2026-03-08T07:34:34.915+0700] {dagbag.py:587} INFO - Filling up the DagBag from /opt/airflow/dags/dag_scraping_twitter.py
[2026-03-08T07:34:34.935+0700] {processor.py:925} INFO - DAG(s) 'dag_scraping_twitter' retrieved from /opt/airflow/dags/dag_scraping_twitter.py
[2026-03-08T07:34:34.962+0700] {logging_mixin.py:190} INFO - [2026-03-08T07:34:34.962+0700] {dag.py:3211} INFO - Sync 1 DAGs
[2026-03-08T07:34:34.986+0700] {logging_mixin.py:190} INFO - [2026-03-08T07:34:34.985+0700] {dag.py:4138} INFO - Setting next_dagrun for dag_scraping_twitter to 2026-03-07 23:00:00+00:00, run_after=2026-03-08 11:00:00+00:00
[2026-03-08T07:34:35.009+0700] {processor.py:208} INFO - Processing /opt/airflow/dags/dag_scraping_twitter.py took 0.103 seconds
[2026-03-08T07:35:05.061+0700] {processor.py:186} INFO - Started process (PID=56202) to work on /opt/airflow/dags/dag_scraping_twitter.py
[2026-03-08T07:35:05.062+0700] {processor.py:914} INFO - Processing file /opt/airflow/dags/dag_scraping_twitter.py for tasks to queue
[2026-03-08T07:35:05.064+0700] {logging_mixin.py:190} INFO - [2026-03-08T07:35:05.064+0700] {dagbag.py:587} INFO - Filling up the DagBag from /opt/airflow/dags/dag_scraping_twitter.py
[2026-03-08T07:35:05.083+0700] {processor.py:925} INFO - DAG(s) 'dag_scraping_twitter' retrieved from /opt/airflow/dags/dag_scraping_twitter.py
[2026-03-08T07:35:05.110+0700] {logging_mixin.py:190} INFO - [2026-03-08T07:35:05.109+0700] {dag.py:3211} INFO - Sync 1 DAGs
[2026-03-08T07:35:05.134+0700] {logging_mixin.py:190} INFO - [2026-03-08T07:35:05.133+0700] {dag.py:4138} INFO - Setting next_dagrun for dag_scraping_twitter to 2026-03-07 23:00:00+00:00, run_after=2026-03-08 11:00:00+00:00
[2026-03-08T07:35:05.154+0700] {processor.py:208} INFO - Processing /opt/airflow/dags/dag_scraping_twitter.py took 0.101 seconds
[2026-03-08T07:35:35.284+0700] {processor.py:186} INFO - Started process (PID=56230) to work on /opt/airflow/dags/dag_scraping_twitter.py
[2026-03-08T07:35:35.285+0700] {processor.py:914} INFO - Processing file /opt/airflow/dags/dag_scraping_twitter.py for tasks to queue
[2026-03-08T07:35:35.288+0700] {logging_mixin.py:190} INFO - [2026-03-08T07:35:35.287+0700] {dagbag.py:587} INFO - Filling up the DagBag from /opt/airflow/dags/dag_scraping_twitter.py
[2026-03-08T07:35:35.308+0700] {processor.py:925} INFO - DAG(s) 'dag_scraping_twitter' retrieved from /opt/airflow/dags/dag_scraping_twitter.py
[2026-03-08T07:35:35.334+0700] {logging_mixin.py:190} INFO - [2026-03-08T07:35:35.334+0700] {dag.py:3211} INFO - Sync 1 DAGs
[2026-03-08T07:35:35.358+0700] {logging_mixin.py:190} INFO - [2026-03-08T07:35:35.358+0700] {dag.py:4138} INFO - Setting next_dagrun for dag_scraping_twitter to 2026-03-07 23:00:00+00:00, run_after=2026-03-08 11:00:00+00:00
[2026-03-08T07:35:35.380+0700] {processor.py:208} INFO - Processing /opt/airflow/dags/dag_scraping_twitter.py took 0.102 seconds
[2026-03-08T07:36:05.565+0700] {processor.py:186} INFO - Started process (PID=56258) to work on /opt/airflow/dags/dag_scraping_twitter.py
[2026-03-08T07:36:05.566+0700] {processor.py:914} INFO - Processing file /opt/airflow/dags/dag_scraping_twitter.py for tasks to queue
[2026-03-08T07:36:05.569+0700] {logging_mixin.py:190} INFO - [2026-03-08T07:36:05.568+0700] {dagbag.py:587} INFO - Filling up the DagBag from /opt/airflow/dags/dag_scraping_twitter.py
[2026-03-08T07:36:05.587+0700] {processor.py:925} INFO - DAG(s) 'dag_scraping_twitter' retrieved from /opt/airflow/dags/dag_scraping_twitter.py
[2026-03-08T07:36:05.615+0700] {logging_mixin.py:190} INFO - [2026-03-08T07:36:05.615+0700] {dag.py:3211} INFO - Sync 1 DAGs
[2026-03-08T07:36:05.639+0700] {logging_mixin.py:190} INFO - [2026-03-08T07:36:05.639+0700] {dag.py:4138} INFO - Setting next_dagrun for dag_scraping_twitter to 2026-03-07 23:00:00+00:00, run_after=2026-03-08 11:00:00+00:00
[2026-03-08T07:36:05.663+0700] {processor.py:208} INFO - Processing /opt/airflow/dags/dag_scraping_twitter.py took 0.104 seconds
[2026-03-08T07:36:36.186+0700] {processor.py:186} INFO - Started process (PID=56286) to work on /opt/airflow/dags/dag_scraping_twitter.py
[2026-03-08T07:36:36.187+0700] {processor.py:914} INFO - Processing file /opt/airflow/dags/dag_scraping_twitter.py for tasks to queue
[2026-03-08T07:36:36.190+0700] {logging_mixin.py:190} INFO - [2026-03-08T07:36:36.189+0700] {dagbag.py:587} INFO - Filling up the DagBag from /opt/airflow/dags/dag_scraping_twitter.py
[2026-03-08T07:36:36.209+0700] {processor.py:925} INFO - DAG(s) 'dag_scraping_twitter' retrieved from /opt/airflow/dags/dag_scraping_twitter.py
[2026-03-08T07:36:36.235+0700] {logging_mixin.py:190} INFO - [2026-03-08T07:36:36.235+0700] {dag.py:3211} INFO - Sync 1 DAGs
[2026-03-08T07:36:36.264+0700] {logging_mixin.py:190} INFO - [2026-03-08T07:36:36.263+0700] {dag.py:4138} INFO - Setting next_dagrun for dag_scraping_twitter to 2026-03-07 23:00:00+00:00, run_after=2026-03-08 11:00:00+00:00
[2026-03-08T07:36:36.286+0700] {processor.py:208} INFO - Processing /opt/airflow/dags/dag_scraping_twitter.py took 0.107 seconds
[2026-03-08T07:37:06.378+0700] {processor.py:186} INFO - Started process (PID=56314) to work on /opt/airflow/dags/dag_scraping_twitter.py
[2026-03-08T07:37:06.379+0700] {processor.py:914} INFO - Processing file /opt/airflow/dags/dag_scraping_twitter.py for tasks to queue
[2026-03-08T07:37:06.383+0700] {logging_mixin.py:190} INFO - [2026-03-08T07:37:06.383+0700] {dagbag.py:587} INFO - Filling up the DagBag from /opt/airflow/dags/dag_scraping_twitter.py
[2026-03-08T07:37:06.403+0700] {processor.py:925} INFO - DAG(s) 'dag_scraping_twitter' retrieved from /opt/airflow/dags/dag_scraping_twitter.py
[2026-03-08T07:37:06.430+0700] {logging_mixin.py:190} INFO - [2026-03-08T07:37:06.430+0700] {dag.py:3211} INFO - Sync 1 DAGs
[2026-03-08T07:37:06.456+0700] {logging_mixin.py:190} INFO - [2026-03-08T07:37:06.456+0700] {dag.py:4138} INFO - Setting next_dagrun for dag_scraping_twitter to 2026-03-07 23:00:00+00:00, run_after=2026-03-08 11:00:00+00:00
[2026-03-08T07:37:06.481+0700] {processor.py:208} INFO - Processing /opt/airflow/dags/dag_scraping_twitter.py took 0.110 seconds
[2026-03-08T07:37:37.337+0700] {processor.py:186} INFO - Started process (PID=56348) to work on /opt/airflow/dags/dag_scraping_twitter.py
[2026-03-08T07:37:37.338+0700] {processor.py:914} INFO - Processing file /opt/airflow/dags/dag_scraping_twitter.py for tasks to queue
[2026-03-08T07:37:37.341+0700] {logging_mixin.py:190} INFO - [2026-03-08T07:37:37.341+0700] {dagbag.py:587} INFO - Filling up the DagBag from /opt/airflow/dags/dag_scraping_twitter.py
[2026-03-08T07:37:37.361+0700] {processor.py:925} INFO - DAG(s) 'dag_scraping_twitter' retrieved from /opt/airflow/dags/dag_scraping_twitter.py
[2026-03-08T07:37:37.387+0700] {logging_mixin.py:190} INFO - [2026-03-08T07:37:37.386+0700] {dag.py:3211} INFO - Sync 1 DAGs
[2026-03-08T07:37:37.410+0700] {logging_mixin.py:190} INFO - [2026-03-08T07:37:37.410+0700] {dag.py:4138} INFO - Setting next_dagrun for dag_scraping_twitter to 2026-03-07 23:00:00+00:00, run_after=2026-03-08 11:00:00+00:00
[2026-03-08T07:37:37.435+0700] {processor.py:208} INFO - Processing /opt/airflow/dags/dag_scraping_twitter.py took 0.105 seconds
[2026-03-08T07:38:07.876+0700] {processor.py:186} INFO - Started process (PID=56376) to work on /opt/airflow/dags/dag_scraping_twitter.py
[2026-03-08T07:38:07.878+0700] {processor.py:914} INFO - Processing file /opt/airflow/dags/dag_scraping_twitter.py for tasks to queue
[2026-03-08T07:38:07.880+0700] {logging_mixin.py:190} INFO - [2026-03-08T07:38:07.880+0700] {dagbag.py:587} INFO - Filling up the DagBag from /opt/airflow/dags/dag_scraping_twitter.py
[2026-03-08T07:38:07.901+0700] {processor.py:925} INFO - DAG(s) 'dag_scraping_twitter' retrieved from /opt/airflow/dags/dag_scraping_twitter.py
[2026-03-08T07:38:07.929+0700] {logging_mixin.py:190} INFO - [2026-03-08T07:38:07.928+0700] {dag.py:3211} INFO - Sync 1 DAGs
[2026-03-08T07:38:07.951+0700] {logging_mixin.py:190} INFO - [2026-03-08T07:38:07.951+0700] {dag.py:4138} INFO - Setting next_dagrun for dag_scraping_twitter to 2026-03-07 23:00:00+00:00, run_after=2026-03-08 11:00:00+00:00
[2026-03-08T07:38:07.975+0700] {processor.py:208} INFO - Processing /opt/airflow/dags/dag_scraping_twitter.py took 0.106 seconds
[2026-03-08T07:38:38.971+0700] {processor.py:186} INFO - Started process (PID=56404) to work on /opt/airflow/dags/dag_scraping_twitter.py
[2026-03-08T07:38:38.972+0700] {processor.py:914} INFO - Processing file /opt/airflow/dags/dag_scraping_twitter.py for tasks to queue
[2026-03-08T07:38:38.975+0700] {logging_mixin.py:190} INFO - [2026-03-08T07:38:38.974+0700] {dagbag.py:587} INFO - Filling up the DagBag from /opt/airflow/dags/dag_scraping_twitter.py
[2026-03-08T07:38:38.995+0700] {processor.py:925} INFO - DAG(s) 'dag_scraping_twitter' retrieved from /opt/airflow/dags/dag_scraping_twitter.py
[2026-03-08T07:38:39.021+0700] {logging_mixin.py:190} INFO - [2026-03-08T07:38:39.020+0700] {dag.py:3211} INFO - Sync 1 DAGs
[2026-03-08T07:38:39.051+0700] {logging_mixin.py:190} INFO - [2026-03-08T07:38:39.051+0700] {dag.py:4138} INFO - Setting next_dagrun for dag_scraping_twitter to 2026-03-07 23:00:00+00:00, run_after=2026-03-08 11:00:00+00:00
[2026-03-08T07:38:39.075+0700] {processor.py:208} INFO - Processing /opt/airflow/dags/dag_scraping_twitter.py took 0.111 seconds
[2026-03-08T07:39:10.045+0700] {processor.py:186} INFO - Started process (PID=56432) to work on /opt/airflow/dags/dag_scraping_twitter.py
[2026-03-08T07:39:10.046+0700] {processor.py:914} INFO - Processing file /opt/airflow/dags/dag_scraping_twitter.py for tasks to queue
[2026-03-08T07:39:10.050+0700] {logging_mixin.py:190} INFO - [2026-03-08T07:39:10.050+0700] {dagbag.py:587} INFO - Filling up the DagBag from /opt/airflow/dags/dag_scraping_twitter.py
[2026-03-08T07:39:10.070+0700] {processor.py:925} INFO - DAG(s) 'dag_scraping_twitter' retrieved from /opt/airflow/dags/dag_scraping_twitter.py
[2026-03-08T07:39:10.097+0700] {logging_mixin.py:190} INFO - [2026-03-08T07:39:10.097+0700] {dag.py:3211} INFO - Sync 1 DAGs
[2026-03-08T07:39:10.122+0700] {logging_mixin.py:190} INFO - [2026-03-08T07:39:10.121+0700] {dag.py:4138} INFO - Setting next_dagrun for dag_scraping_twitter to 2026-03-07 23:00:00+00:00, run_after=2026-03-08 11:00:00+00:00
[2026-03-08T07:39:10.146+0700] {processor.py:208} INFO - Processing /opt/airflow/dags/dag_scraping_twitter.py took 0.108 seconds
[2026-03-08T07:39:40.606+0700] {processor.py:186} INFO - Started process (PID=56460) to work on /opt/airflow/dags/dag_scraping_twitter.py
[2026-03-08T07:39:40.607+0700] {processor.py:914} INFO - Processing file /opt/airflow/dags/dag_scraping_twitter.py for tasks to queue
[2026-03-08T07:39:40.610+0700] {logging_mixin.py:190} INFO - [2026-03-08T07:39:40.610+0700] {dagbag.py:587} INFO - Filling up the DagBag from /opt/airflow/dags/dag_scraping_twitter.py
[2026-03-08T07:39:40.631+0700] {processor.py:925} INFO - DAG(s) 'dag_scraping_twitter' retrieved from /opt/airflow/dags/dag_scraping_twitter.py
[2026-03-08T07:39:40.657+0700] {logging_mixin.py:190} INFO - [2026-03-08T07:39:40.657+0700] {dag.py:3211} INFO - Sync 1 DAGs
[2026-03-08T07:39:40.680+0700] {logging_mixin.py:190} INFO - [2026-03-08T07:39:40.680+0700] {dag.py:4138} INFO - Setting next_dagrun for dag_scraping_twitter to 2026-03-07 23:00:00+00:00, run_after=2026-03-08 11:00:00+00:00
[2026-03-08T07:39:40.704+0700] {processor.py:208} INFO - Processing /opt/airflow/dags/dag_scraping_twitter.py took 0.105 seconds
[2026-03-08T07:40:11.341+0700] {processor.py:186} INFO - Started process (PID=56494) to work on /opt/airflow/dags/dag_scraping_twitter.py
[2026-03-08T07:40:11.342+0700] {processor.py:914} INFO - Processing file /opt/airflow/dags/dag_scraping_twitter.py for tasks to queue
[2026-03-08T07:40:11.345+0700] {logging_mixin.py:190} INFO - [2026-03-08T07:40:11.344+0700] {dagbag.py:587} INFO - Filling up the DagBag from /opt/airflow/dags/dag_scraping_twitter.py
[2026-03-08T07:40:11.366+0700] {processor.py:925} INFO - DAG(s) 'dag_scraping_twitter' retrieved from /opt/airflow/dags/dag_scraping_twitter.py
[2026-03-08T07:40:11.392+0700] {logging_mixin.py:190} INFO - [2026-03-08T07:40:11.392+0700] {dag.py:3211} INFO - Sync 1 DAGs
[2026-03-08T07:40:11.417+0700] {logging_mixin.py:190} INFO - [2026-03-08T07:40:11.417+0700] {dag.py:4138} INFO - Setting next_dagrun for dag_scraping_twitter to 2026-03-07 23:00:00+00:00, run_after=2026-03-08 11:00:00+00:00
[2026-03-08T07:40:11.441+0700] {processor.py:208} INFO - Processing /opt/airflow/dags/dag_scraping_twitter.py took 0.107 seconds
[2026-03-08T07:40:41.739+0700] {processor.py:186} INFO - Started process (PID=56522) to work on /opt/airflow/dags/dag_scraping_twitter.py
[2026-03-08T07:40:41.740+0700] {processor.py:914} INFO - Processing file /opt/airflow/dags/dag_scraping_twitter.py for tasks to queue
[2026-03-08T07:40:41.744+0700] {logging_mixin.py:190} INFO - [2026-03-08T07:40:41.743+0700] {dagbag.py:587} INFO - Filling up the DagBag from /opt/airflow/dags/dag_scraping_twitter.py
[2026-03-08T07:40:41.763+0700] {processor.py:925} INFO - DAG(s) 'dag_scraping_twitter' retrieved from /opt/airflow/dags/dag_scraping_twitter.py
[2026-03-08T07:40:41.792+0700] {logging_mixin.py:190} INFO - [2026-03-08T07:40:41.791+0700] {dag.py:3211} INFO - Sync 1 DAGs
[2026-03-08T07:40:41.815+0700] {logging_mixin.py:190} INFO - [2026-03-08T07:40:41.814+0700] {dag.py:4138} INFO - Setting next_dagrun for dag_scraping_twitter to 2026-03-07 23:00:00+00:00, run_after=2026-03-08 11:00:00+00:00
[2026-03-08T07:40:41.837+0700] {processor.py:208} INFO - Processing /opt/airflow/dags/dag_scraping_twitter.py took 0.105 seconds
[2026-03-08T07:41:12.779+0700] {processor.py:186} INFO - Started process (PID=56551) to work on /opt/airflow/dags/dag_scraping_twitter.py
[2026-03-08T07:41:12.780+0700] {processor.py:914} INFO - Processing file /opt/airflow/dags/dag_scraping_twitter.py for tasks to queue
[2026-03-08T07:41:12.784+0700] {logging_mixin.py:190} INFO - [2026-03-08T07:41:12.784+0700] {dagbag.py:587} INFO - Filling up the DagBag from /opt/airflow/dags/dag_scraping_twitter.py
[2026-03-08T07:41:12.805+0700] {processor.py:925} INFO - DAG(s) 'dag_scraping_twitter' retrieved from /opt/airflow/dags/dag_scraping_twitter.py
[2026-03-08T07:41:12.832+0700] {logging_mixin.py:190} INFO - [2026-03-08T07:41:12.832+0700] {dag.py:3211} INFO - Sync 1 DAGs
[2026-03-08T07:41:12.857+0700] {logging_mixin.py:190} INFO - [2026-03-08T07:41:12.856+0700] {dag.py:4138} INFO - Setting next_dagrun for dag_scraping_twitter to 2026-03-07 23:00:00+00:00, run_after=2026-03-08 11:00:00+00:00
[2026-03-08T07:41:12.882+0700] {processor.py:208} INFO - Processing /opt/airflow/dags/dag_scraping_twitter.py took 0.109 seconds
[2026-03-08T07:41:43.057+0700] {processor.py:186} INFO - Started process (PID=56579) to work on /opt/airflow/dags/dag_scraping_twitter.py
[2026-03-08T07:41:43.058+0700] {processor.py:914} INFO - Processing file /opt/airflow/dags/dag_scraping_twitter.py for tasks to queue
[2026-03-08T07:41:43.061+0700] {logging_mixin.py:190} INFO - [2026-03-08T07:41:43.060+0700] {dagbag.py:587} INFO - Filling up the DagBag from /opt/airflow/dags/dag_scraping_twitter.py
[2026-03-08T07:41:43.081+0700] {processor.py:925} INFO - DAG(s) 'dag_scraping_twitter' retrieved from /opt/airflow/dags/dag_scraping_twitter.py
[2026-03-08T07:41:43.106+0700] {logging_mixin.py:190} INFO - [2026-03-08T07:41:43.106+0700] {dag.py:3211} INFO - Sync 1 DAGs
[2026-03-08T07:41:43.130+0700] {logging_mixin.py:190} INFO - [2026-03-08T07:41:43.130+0700] {dag.py:4138} INFO - Setting next_dagrun for dag_scraping_twitter to 2026-03-07 23:00:00+00:00, run_after=2026-03-08 11:00:00+00:00
[2026-03-08T07:41:43.154+0700] {processor.py:208} INFO - Processing /opt/airflow/dags/dag_scraping_twitter.py took 0.103 seconds
[2026-03-08T07:42:14.140+0700] {processor.py:186} INFO - Started process (PID=56607) to work on /opt/airflow/dags/dag_scraping_twitter.py
[2026-03-08T07:42:14.141+0700] {processor.py:914} INFO - Processing file /opt/airflow/dags/dag_scraping_twitter.py for tasks to queue
[2026-03-08T07:42:14.144+0700] {logging_mixin.py:190} INFO - [2026-03-08T07:42:14.144+0700] {dagbag.py:587} INFO - Filling up the DagBag from /opt/airflow/dags/dag_scraping_twitter.py
[2026-03-08T07:42:14.165+0700] {processor.py:925} INFO - DAG(s) 'dag_scraping_twitter' retrieved from /opt/airflow/dags/dag_scraping_twitter.py
[2026-03-08T07:42:14.192+0700] {logging_mixin.py:190} INFO - [2026-03-08T07:42:14.192+0700] {dag.py:3211} INFO - Sync 1 DAGs
[2026-03-08T07:42:14.216+0700] {logging_mixin.py:190} INFO - [2026-03-08T07:42:14.216+0700] {dag.py:4138} INFO - Setting next_dagrun for dag_scraping_twitter to 2026-03-07 23:00:00+00:00, run_after=2026-03-08 11:00:00+00:00
[2026-03-08T07:42:14.240+0700] {processor.py:208} INFO - Processing /opt/airflow/dags/dag_scraping_twitter.py took 0.106 seconds
[2026-03-08T07:42:45.187+0700] {processor.py:186} INFO - Started process (PID=56635) to work on /opt/airflow/dags/dag_scraping_twitter.py
[2026-03-08T07:42:45.188+0700] {processor.py:914} INFO - Processing file /opt/airflow/dags/dag_scraping_twitter.py for tasks to queue
[2026-03-08T07:42:45.191+0700] {logging_mixin.py:190} INFO - [2026-03-08T07:42:45.190+0700] {dagbag.py:587} INFO - Filling up the DagBag from /opt/airflow/dags/dag_scraping_twitter.py
[2026-03-08T07:42:45.210+0700] {processor.py:925} INFO - DAG(s) 'dag_scraping_twitter' retrieved from /opt/airflow/dags/dag_scraping_twitter.py
[2026-03-08T07:42:45.237+0700] {logging_mixin.py:190} INFO - [2026-03-08T07:42:45.237+0700] {dag.py:3211} INFO - Sync 1 DAGs
[2026-03-08T07:42:45.261+0700] {logging_mixin.py:190} INFO - [2026-03-08T07:42:45.261+0700] {dag.py:4138} INFO - Setting next_dagrun for dag_scraping_twitter to 2026-03-07 23:00:00+00:00, run_after=2026-03-08 11:00:00+00:00
[2026-03-08T07:42:45.285+0700] {processor.py:208} INFO - Processing /opt/airflow/dags/dag_scraping_twitter.py took 0.104 seconds
[2026-03-08T07:43:15.339+0700] {processor.py:186} INFO - Started process (PID=56669) to work on /opt/airflow/dags/dag_scraping_twitter.py
[2026-03-08T07:43:15.340+0700] {processor.py:914} INFO - Processing file /opt/airflow/dags/dag_scraping_twitter.py for tasks to queue
[2026-03-08T07:43:15.343+0700] {logging_mixin.py:190} INFO - [2026-03-08T07:43:15.343+0700] {dagbag.py:587} INFO - Filling up the DagBag from /opt/airflow/dags/dag_scraping_twitter.py
[2026-03-08T07:43:15.368+0700] {processor.py:925} INFO - DAG(s) 'dag_scraping_twitter' retrieved from /opt/airflow/dags/dag_scraping_twitter.py
[2026-03-08T07:43:15.393+0700] {logging_mixin.py:190} INFO - [2026-03-08T07:43:15.392+0700] {dag.py:3211} INFO - Sync 1 DAGs
[2026-03-08T07:43:15.416+0700] {logging_mixin.py:190} INFO - [2026-03-08T07:43:15.415+0700] {dag.py:4138} INFO - Setting next_dagrun for dag_scraping_twitter to 2026-03-07 23:00:00+00:00, run_after=2026-03-08 11:00:00+00:00
[2026-03-08T07:43:15.439+0700] {processor.py:208} INFO - Processing /opt/airflow/dags/dag_scraping_twitter.py took 0.106 seconds
[2026-03-08T07:43:46.069+0700] {processor.py:186} INFO - Started process (PID=56697) to work on /opt/airflow/dags/dag_scraping_twitter.py
[2026-03-08T07:43:46.070+0700] {processor.py:914} INFO - Processing file /opt/airflow/dags/dag_scraping_twitter.py for tasks to queue
[2026-03-08T07:43:46.072+0700] {logging_mixin.py:190} INFO - [2026-03-08T07:43:46.072+0700] {dagbag.py:587} INFO - Filling up the DagBag from /opt/airflow/dags/dag_scraping_twitter.py
[2026-03-08T07:43:46.091+0700] {processor.py:925} INFO - DAG(s) 'dag_scraping_twitter' retrieved from /opt/airflow/dags/dag_scraping_twitter.py
[2026-03-08T07:43:46.121+0700] {logging_mixin.py:190} INFO - [2026-03-08T07:43:46.120+0700] {dag.py:3211} INFO - Sync 1 DAGs
[2026-03-08T07:43:46.144+0700] {logging_mixin.py:190} INFO - [2026-03-08T07:43:46.143+0700] {dag.py:4138} INFO - Setting next_dagrun for dag_scraping_twitter to 2026-03-07 23:00:00+00:00, run_after=2026-03-08 11:00:00+00:00
[2026-03-08T07:43:46.166+0700] {processor.py:208} INFO - Processing /opt/airflow/dags/dag_scraping_twitter.py took 0.105 seconds
[2026-03-08T07:44:17.221+0700] {processor.py:186} INFO - Started process (PID=56725) to work on /opt/airflow/dags/dag_scraping_twitter.py
[2026-03-08T07:44:17.223+0700] {processor.py:914} INFO - Processing file /opt/airflow/dags/dag_scraping_twitter.py for tasks to queue
[2026-03-08T07:44:17.225+0700] {logging_mixin.py:190} INFO - [2026-03-08T07:44:17.225+0700] {dagbag.py:587} INFO - Filling up the DagBag from /opt/airflow/dags/dag_scraping_twitter.py
[2026-03-08T07:44:17.245+0700] {processor.py:925} INFO - DAG(s) 'dag_scraping_twitter' retrieved from /opt/airflow/dags/dag_scraping_twitter.py
[2026-03-08T07:44:17.271+0700] {logging_mixin.py:190} INFO - [2026-03-08T07:44:17.271+0700] {dag.py:3211} INFO - Sync 1 DAGs
[2026-03-08T07:44:17.295+0700] {logging_mixin.py:190} INFO - [2026-03-08T07:44:17.295+0700] {dag.py:4138} INFO - Setting next_dagrun for dag_scraping_twitter to 2026-03-07 23:00:00+00:00, run_after=2026-03-08 11:00:00+00:00
[2026-03-08T07:44:17.319+0700] {processor.py:208} INFO - Processing /opt/airflow/dags/dag_scraping_twitter.py took 0.106 seconds
[2026-03-08T07:44:47.545+0700] {processor.py:186} INFO - Started process (PID=56753) to work on /opt/airflow/dags/dag_scraping_twitter.py
[2026-03-08T07:44:47.547+0700] {processor.py:914} INFO - Processing file /opt/airflow/dags/dag_scraping_twitter.py for tasks to queue
[2026-03-08T07:44:47.550+0700] {logging_mixin.py:190} INFO - [2026-03-08T07:44:47.549+0700] {dagbag.py:587} INFO - Filling up the DagBag from /opt/airflow/dags/dag_scraping_twitter.py
[2026-03-08T07:44:47.577+0700] {processor.py:925} INFO - DAG(s) 'dag_scraping_twitter' retrieved from /opt/airflow/dags/dag_scraping_twitter.py
[2026-03-08T07:44:47.604+0700] {logging_mixin.py:190} INFO - [2026-03-08T07:44:47.604+0700] {dag.py:3211} INFO - Sync 1 DAGs
[2026-03-08T07:44:47.629+0700] {logging_mixin.py:190} INFO - [2026-03-08T07:44:47.629+0700] {dag.py:4138} INFO - Setting next_dagrun for dag_scraping_twitter to 2026-03-07 23:00:00+00:00, run_after=2026-03-08 11:00:00+00:00
[2026-03-08T07:44:47.654+0700] {processor.py:208} INFO - Processing /opt/airflow/dags/dag_scraping_twitter.py took 0.118 seconds
[2026-03-08T07:45:18.685+0700] {processor.py:186} INFO - Started process (PID=56781) to work on /opt/airflow/dags/dag_scraping_twitter.py
[2026-03-08T07:45:18.686+0700] {processor.py:914} INFO - Processing file /opt/airflow/dags/dag_scraping_twitter.py for tasks to queue
[2026-03-08T07:45:18.690+0700] {logging_mixin.py:190} INFO - [2026-03-08T07:45:18.689+0700] {dagbag.py:587} INFO - Filling up the DagBag from /opt/airflow/dags/dag_scraping_twitter.py
[2026-03-08T07:45:18.709+0700] {processor.py:925} INFO - DAG(s) 'dag_scraping_twitter' retrieved from /opt/airflow/dags/dag_scraping_twitter.py
[2026-03-08T07:45:18.738+0700] {logging_mixin.py:190} INFO - [2026-03-08T07:45:18.738+0700] {dag.py:3211} INFO - Sync 1 DAGs
[2026-03-08T07:45:18.761+0700] {logging_mixin.py:190} INFO - [2026-03-08T07:45:18.761+0700] {dag.py:4138} INFO - Setting next_dagrun for dag_scraping_twitter to 2026-03-07 23:00:00+00:00, run_after=2026-03-08 11:00:00+00:00
[2026-03-08T07:45:18.787+0700] {processor.py:208} INFO - Processing /opt/airflow/dags/dag_scraping_twitter.py took 0.108 seconds
[2026-03-08T07:45:49.283+0700] {processor.py:186} INFO - Started process (PID=56815) to work on /opt/airflow/dags/dag_scraping_twitter.py
[2026-03-08T07:45:49.284+0700] {processor.py:914} INFO - Processing file /opt/airflow/dags/dag_scraping_twitter.py for tasks to queue
[2026-03-08T07:45:49.286+0700] {logging_mixin.py:190} INFO - [2026-03-08T07:45:49.286+0700] {dagbag.py:587} INFO - Filling up the DagBag from /opt/airflow/dags/dag_scraping_twitter.py
[2026-03-08T07:45:49.305+0700] {processor.py:925} INFO - DAG(s) 'dag_scraping_twitter' retrieved from /opt/airflow/dags/dag_scraping_twitter.py
[2026-03-08T07:45:49.330+0700] {logging_mixin.py:190} INFO - [2026-03-08T07:45:49.330+0700] {dag.py:3211} INFO - Sync 1 DAGs
[2026-03-08T07:45:49.353+0700] {logging_mixin.py:190} INFO - [2026-03-08T07:45:49.353+0700] {dag.py:4138} INFO - Setting next_dagrun for dag_scraping_twitter to 2026-03-07 23:00:00+00:00, run_after=2026-03-08 11:00:00+00:00
[2026-03-08T07:45:49.376+0700] {processor.py:208} INFO - Processing /opt/airflow/dags/dag_scraping_twitter.py took 0.100 seconds
[2026-03-08T07:46:19.456+0700] {processor.py:186} INFO - Started process (PID=56844) to work on /opt/airflow/dags/dag_scraping_twitter.py
[2026-03-08T07:46:19.457+0700] {processor.py:914} INFO - Processing file /opt/airflow/dags/dag_scraping_twitter.py for tasks to queue
[2026-03-08T07:46:19.461+0700] {logging_mixin.py:190} INFO - [2026-03-08T07:46:19.460+0700] {dagbag.py:587} INFO - Filling up the DagBag from /opt/airflow/dags/dag_scraping_twitter.py
[2026-03-08T07:46:19.485+0700] {processor.py:925} INFO - DAG(s) 'dag_scraping_twitter' retrieved from /opt/airflow/dags/dag_scraping_twitter.py
[2026-03-08T07:46:19.514+0700] {logging_mixin.py:190} INFO - [2026-03-08T07:46:19.514+0700] {dag.py:3211} INFO - Sync 1 DAGs
[2026-03-08T07:46:19.538+0700] {logging_mixin.py:190} INFO - [2026-03-08T07:46:19.538+0700] {dag.py:4138} INFO - Setting next_dagrun for dag_scraping_twitter to 2026-03-07 23:00:00+00:00, run_after=2026-03-08 11:00:00+00:00
[2026-03-08T07:46:19.560+0700] {processor.py:208} INFO - Processing /opt/airflow/dags/dag_scraping_twitter.py took 0.112 seconds
[2026-03-08T07:46:50.556+0700] {processor.py:186} INFO - Started process (PID=56872) to work on /opt/airflow/dags/dag_scraping_twitter.py
[2026-03-08T07:46:50.558+0700] {processor.py:914} INFO - Processing file /opt/airflow/dags/dag_scraping_twitter.py for tasks to queue
[2026-03-08T07:46:50.561+0700] {logging_mixin.py:190} INFO - [2026-03-08T07:46:50.560+0700] {dagbag.py:587} INFO - Filling up the DagBag from /opt/airflow/dags/dag_scraping_twitter.py
[2026-03-08T07:46:50.585+0700] {processor.py:925} INFO - DAG(s) 'dag_scraping_twitter' retrieved from /opt/airflow/dags/dag_scraping_twitter.py
[2026-03-08T07:46:50.614+0700] {logging_mixin.py:190} INFO - [2026-03-08T07:46:50.613+0700] {dag.py:3211} INFO - Sync 1 DAGs
[2026-03-08T07:46:50.641+0700] {logging_mixin.py:190} INFO - [2026-03-08T07:46:50.641+0700] {dag.py:4138} INFO - Setting next_dagrun for dag_scraping_twitter to 2026-03-07 23:00:00+00:00, run_after=2026-03-08 11:00:00+00:00
[2026-03-08T07:46:50.670+0700] {processor.py:208} INFO - Processing /opt/airflow/dags/dag_scraping_twitter.py took 0.120 seconds
[2026-03-08T07:47:21.257+0700] {processor.py:186} INFO - Started process (PID=56900) to work on /opt/airflow/dags/dag_scraping_twitter.py
[2026-03-08T07:47:21.258+0700] {processor.py:914} INFO - Processing file /opt/airflow/dags/dag_scraping_twitter.py for tasks to queue
[2026-03-08T07:47:21.261+0700] {logging_mixin.py:190} INFO - [2026-03-08T07:47:21.261+0700] {dagbag.py:587} INFO - Filling up the DagBag from /opt/airflow/dags/dag_scraping_twitter.py
[2026-03-08T07:47:21.282+0700] {processor.py:925} INFO - DAG(s) 'dag_scraping_twitter' retrieved from /opt/airflow/dags/dag_scraping_twitter.py
[2026-03-08T07:47:21.309+0700] {logging_mixin.py:190} INFO - [2026-03-08T07:47:21.309+0700] {dag.py:3211} INFO - Sync 1 DAGs
[2026-03-08T07:47:21.336+0700] {logging_mixin.py:190} INFO - [2026-03-08T07:47:21.335+0700] {dag.py:4138} INFO - Setting next_dagrun for dag_scraping_twitter to 2026-03-07 23:00:00+00:00, run_after=2026-03-08 11:00:00+00:00
[2026-03-08T07:47:21.358+0700] {processor.py:208} INFO - Processing /opt/airflow/dags/dag_scraping_twitter.py took 0.108 seconds
[2026-03-08T07:47:51.489+0700] {processor.py:186} INFO - Started process (PID=56929) to work on /opt/airflow/dags/dag_scraping_twitter.py
[2026-03-08T07:47:51.490+0700] {processor.py:914} INFO - Processing file /opt/airflow/dags/dag_scraping_twitter.py for tasks to queue
[2026-03-08T07:47:51.493+0700] {logging_mixin.py:190} INFO - [2026-03-08T07:47:51.493+0700] {dagbag.py:587} INFO - Filling up the DagBag from /opt/airflow/dags/dag_scraping_twitter.py
[2026-03-08T07:47:51.512+0700] {processor.py:925} INFO - DAG(s) 'dag_scraping_twitter' retrieved from /opt/airflow/dags/dag_scraping_twitter.py
[2026-03-08T07:47:51.540+0700] {logging_mixin.py:190} INFO - [2026-03-08T07:47:51.540+0700] {dag.py:3211} INFO - Sync 1 DAGs
[2026-03-08T07:47:51.564+0700] {logging_mixin.py:190} INFO - [2026-03-08T07:47:51.564+0700] {dag.py:4138} INFO - Setting next_dagrun for dag_scraping_twitter to 2026-03-07 23:00:00+00:00, run_after=2026-03-08 11:00:00+00:00
[2026-03-08T07:47:51.589+0700] {processor.py:208} INFO - Processing /opt/airflow/dags/dag_scraping_twitter.py took 0.106 seconds
[2026-03-08T07:48:21.765+0700] {processor.py:186} INFO - Started process (PID=56957) to work on /opt/airflow/dags/dag_scraping_twitter.py
[2026-03-08T07:48:21.766+0700] {processor.py:914} INFO - Processing file /opt/airflow/dags/dag_scraping_twitter.py for tasks to queue
[2026-03-08T07:48:21.768+0700] {logging_mixin.py:190} INFO - [2026-03-08T07:48:21.768+0700] {dagbag.py:587} INFO - Filling up the DagBag from /opt/airflow/dags/dag_scraping_twitter.py
[2026-03-08T07:48:21.787+0700] {processor.py:925} INFO - DAG(s) 'dag_scraping_twitter' retrieved from /opt/airflow/dags/dag_scraping_twitter.py
[2026-03-08T07:48:21.815+0700] {logging_mixin.py:190} INFO - [2026-03-08T07:48:21.814+0700] {dag.py:3211} INFO - Sync 1 DAGs
[2026-03-08T07:48:21.838+0700] {logging_mixin.py:190} INFO - [2026-03-08T07:48:21.837+0700] {dag.py:4138} INFO - Setting next_dagrun for dag_scraping_twitter to 2026-03-07 23:00:00+00:00, run_after=2026-03-08 11:00:00+00:00
[2026-03-08T07:48:21.861+0700] {processor.py:208} INFO - Processing /opt/airflow/dags/dag_scraping_twitter.py took 0.104 seconds
[2026-03-08T07:48:52.844+0700] {processor.py:186} INFO - Started process (PID=56991) to work on /opt/airflow/dags/dag_scraping_twitter.py
[2026-03-08T07:48:52.845+0700] {processor.py:914} INFO - Processing file /opt/airflow/dags/dag_scraping_twitter.py for tasks to queue
[2026-03-08T07:48:52.848+0700] {logging_mixin.py:190} INFO - [2026-03-08T07:48:52.848+0700] {dagbag.py:587} INFO - Filling up the DagBag from /opt/airflow/dags/dag_scraping_twitter.py
[2026-03-08T07:48:52.869+0700] {processor.py:925} INFO - DAG(s) 'dag_scraping_twitter' retrieved from /opt/airflow/dags/dag_scraping_twitter.py
[2026-03-08T07:48:52.895+0700] {logging_mixin.py:190} INFO - [2026-03-08T07:48:52.895+0700] {dag.py:3211} INFO - Sync 1 DAGs
[2026-03-08T07:48:52.917+0700] {logging_mixin.py:190} INFO - [2026-03-08T07:48:52.917+0700] {dag.py:4138} INFO - Setting next_dagrun for dag_scraping_twitter to 2026-03-07 23:00:00+00:00, run_after=2026-03-08 11:00:00+00:00
[2026-03-08T07:48:52.941+0700] {processor.py:208} INFO - Processing /opt/airflow/dags/dag_scraping_twitter.py took 0.104 seconds
[2026-03-08T07:49:23.060+0700] {processor.py:186} INFO - Started process (PID=57019) to work on /opt/airflow/dags/dag_scraping_twitter.py
[2026-03-08T07:49:23.061+0700] {processor.py:914} INFO - Processing file /opt/airflow/dags/dag_scraping_twitter.py for tasks to queue
[2026-03-08T07:49:23.063+0700] {logging_mixin.py:190} INFO - [2026-03-08T07:49:23.063+0700] {dagbag.py:587} INFO - Filling up the DagBag from /opt/airflow/dags/dag_scraping_twitter.py
[2026-03-08T07:49:23.086+0700] {processor.py:925} INFO - DAG(s) 'dag_scraping_twitter' retrieved from /opt/airflow/dags/dag_scraping_twitter.py
[2026-03-08T07:49:23.112+0700] {logging_mixin.py:190} INFO - [2026-03-08T07:49:23.112+0700] {dag.py:3211} INFO - Sync 1 DAGs
[2026-03-08T07:49:23.135+0700] {logging_mixin.py:190} INFO - [2026-03-08T07:49:23.135+0700] {dag.py:4138} INFO - Setting next_dagrun for dag_scraping_twitter to 2026-03-07 23:00:00+00:00, run_after=2026-03-08 11:00:00+00:00
[2026-03-08T07:49:23.160+0700] {processor.py:208} INFO - Processing /opt/airflow/dags/dag_scraping_twitter.py took 0.107 seconds
[2026-03-08T07:49:53.665+0700] {processor.py:186} INFO - Started process (PID=57048) to work on /opt/airflow/dags/dag_scraping_twitter.py
[2026-03-08T07:49:53.666+0700] {processor.py:914} INFO - Processing file /opt/airflow/dags/dag_scraping_twitter.py for tasks to queue
[2026-03-08T07:49:53.668+0700] {logging_mixin.py:190} INFO - [2026-03-08T07:49:53.668+0700] {dagbag.py:587} INFO - Filling up the DagBag from /opt/airflow/dags/dag_scraping_twitter.py
[2026-03-08T07:49:53.686+0700] {processor.py:925} INFO - DAG(s) 'dag_scraping_twitter' retrieved from /opt/airflow/dags/dag_scraping_twitter.py
[2026-03-08T07:49:53.712+0700] {logging_mixin.py:190} INFO - [2026-03-08T07:49:53.711+0700] {dag.py:3211} INFO - Sync 1 DAGs
[2026-03-08T07:49:53.736+0700] {logging_mixin.py:190} INFO - [2026-03-08T07:49:53.736+0700] {dag.py:4138} INFO - Setting next_dagrun for dag_scraping_twitter to 2026-03-07 23:00:00+00:00, run_after=2026-03-08 11:00:00+00:00
[2026-03-08T07:49:53.760+0700] {processor.py:208} INFO - Processing /opt/airflow/dags/dag_scraping_twitter.py took 0.103 seconds
[2026-03-08T07:50:24.731+0700] {processor.py:186} INFO - Started process (PID=57076) to work on /opt/airflow/dags/dag_scraping_twitter.py
[2026-03-08T07:50:24.732+0700] {processor.py:914} INFO - Processing file /opt/airflow/dags/dag_scraping_twitter.py for tasks to queue
[2026-03-08T07:50:24.735+0700] {logging_mixin.py:190} INFO - [2026-03-08T07:50:24.734+0700] {dagbag.py:587} INFO - Filling up the DagBag from /opt/airflow/dags/dag_scraping_twitter.py
[2026-03-08T07:50:24.755+0700] {processor.py:925} INFO - DAG(s) 'dag_scraping_twitter' retrieved from /opt/airflow/dags/dag_scraping_twitter.py
[2026-03-08T07:50:24.782+0700] {logging_mixin.py:190} INFO - [2026-03-08T07:50:24.782+0700] {dag.py:3211} INFO - Sync 1 DAGs
[2026-03-08T07:50:24.806+0700] {logging_mixin.py:190} INFO - [2026-03-08T07:50:24.806+0700] {dag.py:4138} INFO - Setting next_dagrun for dag_scraping_twitter to 2026-03-07 23:00:00+00:00, run_after=2026-03-08 11:00:00+00:00
[2026-03-08T07:50:24.830+0700] {processor.py:208} INFO - Processing /opt/airflow/dags/dag_scraping_twitter.py took 0.106 seconds
[2026-03-08T07:50:54.932+0700] {processor.py:186} INFO - Started process (PID=57104) to work on /opt/airflow/dags/dag_scraping_twitter.py
[2026-03-08T07:50:54.933+0700] {processor.py:914} INFO - Processing file /opt/airflow/dags/dag_scraping_twitter.py for tasks to queue
[2026-03-08T07:50:54.936+0700] {logging_mixin.py:190} INFO - [2026-03-08T07:50:54.936+0700] {dagbag.py:587} INFO - Filling up the DagBag from /opt/airflow/dags/dag_scraping_twitter.py
[2026-03-08T07:50:54.957+0700] {processor.py:925} INFO - DAG(s) 'dag_scraping_twitter' retrieved from /opt/airflow/dags/dag_scraping_twitter.py
[2026-03-08T07:50:54.984+0700] {logging_mixin.py:190} INFO - [2026-03-08T07:50:54.984+0700] {dag.py:3211} INFO - Sync 1 DAGs
[2026-03-08T07:50:55.009+0700] {logging_mixin.py:190} INFO - [2026-03-08T07:50:55.008+0700] {dag.py:4138} INFO - Setting next_dagrun for dag_scraping_twitter to 2026-03-07 23:00:00+00:00, run_after=2026-03-08 11:00:00+00:00
[2026-03-08T07:50:55.032+0700] {processor.py:208} INFO - Processing /opt/airflow/dags/dag_scraping_twitter.py took 0.109 seconds
[2026-03-08T07:51:26.094+0700] {processor.py:186} INFO - Started process (PID=57138) to work on /opt/airflow/dags/dag_scraping_twitter.py
[2026-03-08T07:51:26.095+0700] {processor.py:914} INFO - Processing file /opt/airflow/dags/dag_scraping_twitter.py for tasks to queue
[2026-03-08T07:51:26.098+0700] {logging_mixin.py:190} INFO - [2026-03-08T07:51:26.097+0700] {dagbag.py:587} INFO - Filling up the DagBag from /opt/airflow/dags/dag_scraping_twitter.py
[2026-03-08T07:51:26.119+0700] {processor.py:925} INFO - DAG(s) 'dag_scraping_twitter' retrieved from /opt/airflow/dags/dag_scraping_twitter.py
[2026-03-08T07:51:26.145+0700] {logging_mixin.py:190} INFO - [2026-03-08T07:51:26.145+0700] {dag.py:3211} INFO - Sync 1 DAGs
[2026-03-08T07:51:26.168+0700] {logging_mixin.py:190} INFO - [2026-03-08T07:51:26.168+0700] {dag.py:4138} INFO - Setting next_dagrun for dag_scraping_twitter to 2026-03-07 23:00:00+00:00, run_after=2026-03-08 11:00:00+00:00
[2026-03-08T07:51:26.192+0700] {processor.py:208} INFO - Processing /opt/airflow/dags/dag_scraping_twitter.py took 0.104 seconds
[2026-03-08T07:51:56.260+0700] {processor.py:186} INFO - Started process (PID=57166) to work on /opt/airflow/dags/dag_scraping_twitter.py
[2026-03-08T07:51:56.261+0700] {processor.py:914} INFO - Processing file /opt/airflow/dags/dag_scraping_twitter.py for tasks to queue
[2026-03-08T07:51:56.264+0700] {logging_mixin.py:190} INFO - [2026-03-08T07:51:56.264+0700] {dagbag.py:587} INFO - Filling up the DagBag from /opt/airflow/dags/dag_scraping_twitter.py
[2026-03-08T07:51:56.283+0700] {processor.py:925} INFO - DAG(s) 'dag_scraping_twitter' retrieved from /opt/airflow/dags/dag_scraping_twitter.py
[2026-03-08T07:51:56.308+0700] {logging_mixin.py:190} INFO - [2026-03-08T07:51:56.308+0700] {dag.py:3211} INFO - Sync 1 DAGs
[2026-03-08T07:51:56.330+0700] {logging_mixin.py:190} INFO - [2026-03-08T07:51:56.330+0700] {dag.py:4138} INFO - Setting next_dagrun for dag_scraping_twitter to 2026-03-07 23:00:00+00:00, run_after=2026-03-08 11:00:00+00:00
[2026-03-08T07:51:56.354+0700] {processor.py:208} INFO - Processing /opt/airflow/dags/dag_scraping_twitter.py took 0.100 seconds
[2026-03-08T07:52:26.520+0700] {processor.py:186} INFO - Started process (PID=57194) to work on /opt/airflow/dags/dag_scraping_twitter.py
[2026-03-08T07:52:26.521+0700] {processor.py:914} INFO - Processing file /opt/airflow/dags/dag_scraping_twitter.py for tasks to queue
[2026-03-08T07:52:26.524+0700] {logging_mixin.py:190} INFO - [2026-03-08T07:52:26.524+0700] {dagbag.py:587} INFO - Filling up the DagBag from /opt/airflow/dags/dag_scraping_twitter.py
[2026-03-08T07:52:26.547+0700] {processor.py:925} INFO - DAG(s) 'dag_scraping_twitter' retrieved from /opt/airflow/dags/dag_scraping_twitter.py
[2026-03-08T07:52:26.574+0700] {logging_mixin.py:190} INFO - [2026-03-08T07:52:26.574+0700] {dag.py:3211} INFO - Sync 1 DAGs
[2026-03-08T07:52:26.599+0700] {logging_mixin.py:190} INFO - [2026-03-08T07:52:26.599+0700] {dag.py:4138} INFO - Setting next_dagrun for dag_scraping_twitter to 2026-03-07 23:00:00+00:00, run_after=2026-03-08 11:00:00+00:00
[2026-03-08T07:52:26.623+0700] {processor.py:208} INFO - Processing /opt/airflow/dags/dag_scraping_twitter.py took 0.110 seconds
[2026-03-08T07:52:57.564+0700] {processor.py:186} INFO - Started process (PID=57222) to work on /opt/airflow/dags/dag_scraping_twitter.py
[2026-03-08T07:52:57.566+0700] {processor.py:914} INFO - Processing file /opt/airflow/dags/dag_scraping_twitter.py for tasks to queue
[2026-03-08T07:52:57.568+0700] {logging_mixin.py:190} INFO - [2026-03-08T07:52:57.568+0700] {dagbag.py:587} INFO - Filling up the DagBag from /opt/airflow/dags/dag_scraping_twitter.py
[2026-03-08T07:52:57.587+0700] {processor.py:925} INFO - DAG(s) 'dag_scraping_twitter' retrieved from /opt/airflow/dags/dag_scraping_twitter.py
[2026-03-08T07:52:57.613+0700] {logging_mixin.py:190} INFO - [2026-03-08T07:52:57.613+0700] {dag.py:3211} INFO - Sync 1 DAGs
[2026-03-08T07:52:57.638+0700] {logging_mixin.py:190} INFO - [2026-03-08T07:52:57.638+0700] {dag.py:4138} INFO - Setting next_dagrun for dag_scraping_twitter to 2026-03-07 23:00:00+00:00, run_after=2026-03-08 11:00:00+00:00
[2026-03-08T07:52:57.663+0700] {processor.py:208} INFO - Processing /opt/airflow/dags/dag_scraping_twitter.py took 0.104 seconds
[2026-03-08T07:53:28.593+0700] {processor.py:186} INFO - Started process (PID=57250) to work on /opt/airflow/dags/dag_scraping_twitter.py
[2026-03-08T07:53:28.594+0700] {processor.py:914} INFO - Processing file /opt/airflow/dags/dag_scraping_twitter.py for tasks to queue
[2026-03-08T07:53:28.597+0700] {logging_mixin.py:190} INFO - [2026-03-08T07:53:28.597+0700] {dagbag.py:587} INFO - Filling up the DagBag from /opt/airflow/dags/dag_scraping_twitter.py
[2026-03-08T07:53:28.621+0700] {processor.py:925} INFO - DAG(s) 'dag_scraping_twitter' retrieved from /opt/airflow/dags/dag_scraping_twitter.py
[2026-03-08T07:53:28.647+0700] {logging_mixin.py:190} INFO - [2026-03-08T07:53:28.647+0700] {dag.py:3211} INFO - Sync 1 DAGs
[2026-03-08T07:53:28.672+0700] {logging_mixin.py:190} INFO - [2026-03-08T07:53:28.672+0700] {dag.py:4138} INFO - Setting next_dagrun for dag_scraping_twitter to 2026-03-07 23:00:00+00:00, run_after=2026-03-08 11:00:00+00:00
[2026-03-08T07:53:28.696+0700] {processor.py:208} INFO - Processing /opt/airflow/dags/dag_scraping_twitter.py took 0.112 seconds
[2026-03-08T07:53:59.729+0700] {processor.py:186} INFO - Started process (PID=57278) to work on /opt/airflow/dags/dag_scraping_twitter.py
[2026-03-08T07:53:59.731+0700] {processor.py:914} INFO - Processing file /opt/airflow/dags/dag_scraping_twitter.py for tasks to queue
[2026-03-08T07:53:59.734+0700] {logging_mixin.py:190} INFO - [2026-03-08T07:53:59.733+0700] {dagbag.py:587} INFO - Filling up the DagBag from /opt/airflow/dags/dag_scraping_twitter.py
[2026-03-08T07:53:59.754+0700] {processor.py:925} INFO - DAG(s) 'dag_scraping_twitter' retrieved from /opt/airflow/dags/dag_scraping_twitter.py
[2026-03-08T07:53:59.780+0700] {logging_mixin.py:190} INFO - [2026-03-08T07:53:59.780+0700] {dag.py:3211} INFO - Sync 1 DAGs
[2026-03-08T07:53:59.805+0700] {logging_mixin.py:190} INFO - [2026-03-08T07:53:59.805+0700] {dag.py:4138} INFO - Setting next_dagrun for dag_scraping_twitter to 2026-03-07 23:00:00+00:00, run_after=2026-03-08 11:00:00+00:00
[2026-03-08T07:53:59.832+0700] {processor.py:208} INFO - Processing /opt/airflow/dags/dag_scraping_twitter.py took 0.108 seconds
[2026-03-08T07:54:30.444+0700] {processor.py:186} INFO - Started process (PID=57312) to work on /opt/airflow/dags/dag_scraping_twitter.py
[2026-03-08T07:54:30.445+0700] {processor.py:914} INFO - Processing file /opt/airflow/dags/dag_scraping_twitter.py for tasks to queue
[2026-03-08T07:54:30.448+0700] {logging_mixin.py:190} INFO - [2026-03-08T07:54:30.448+0700] {dagbag.py:587} INFO - Filling up the DagBag from /opt/airflow/dags/dag_scraping_twitter.py
[2026-03-08T07:54:30.471+0700] {processor.py:925} INFO - DAG(s) 'dag_scraping_twitter' retrieved from /opt/airflow/dags/dag_scraping_twitter.py
[2026-03-08T07:54:30.497+0700] {logging_mixin.py:190} INFO - [2026-03-08T07:54:30.497+0700] {dag.py:3211} INFO - Sync 1 DAGs
[2026-03-08T07:54:30.520+0700] {logging_mixin.py:190} INFO - [2026-03-08T07:54:30.519+0700] {dag.py:4138} INFO - Setting next_dagrun for dag_scraping_twitter to 2026-03-07 23:00:00+00:00, run_after=2026-03-08 11:00:00+00:00
[2026-03-08T07:54:30.544+0700] {processor.py:208} INFO - Processing /opt/airflow/dags/dag_scraping_twitter.py took 0.108 seconds
[2026-03-08T07:55:01.526+0700] {processor.py:186} INFO - Started process (PID=57340) to work on /opt/airflow/dags/dag_scraping_twitter.py
[2026-03-08T07:55:01.528+0700] {processor.py:914} INFO - Processing file /opt/airflow/dags/dag_scraping_twitter.py for tasks to queue
[2026-03-08T07:55:01.530+0700] {logging_mixin.py:190} INFO - [2026-03-08T07:55:01.530+0700] {dagbag.py:587} INFO - Filling up the DagBag from /opt/airflow/dags/dag_scraping_twitter.py
[2026-03-08T07:55:01.549+0700] {processor.py:925} INFO - DAG(s) 'dag_scraping_twitter' retrieved from /opt/airflow/dags/dag_scraping_twitter.py
[2026-03-08T07:55:01.574+0700] {logging_mixin.py:190} INFO - [2026-03-08T07:55:01.574+0700] {dag.py:3211} INFO - Sync 1 DAGs
[2026-03-08T07:55:01.599+0700] {logging_mixin.py:190} INFO - [2026-03-08T07:55:01.599+0700] {dag.py:4138} INFO - Setting next_dagrun for dag_scraping_twitter to 2026-03-07 23:00:00+00:00, run_after=2026-03-08 11:00:00+00:00
[2026-03-08T07:55:01.622+0700] {processor.py:208} INFO - Processing /opt/airflow/dags/dag_scraping_twitter.py took 0.102 seconds
[2026-03-08T07:55:31.710+0700] {processor.py:186} INFO - Started process (PID=57368) to work on /opt/airflow/dags/dag_scraping_twitter.py
[2026-03-08T07:55:31.711+0700] {processor.py:914} INFO - Processing file /opt/airflow/dags/dag_scraping_twitter.py for tasks to queue
[2026-03-08T07:55:31.714+0700] {logging_mixin.py:190} INFO - [2026-03-08T07:55:31.713+0700] {dagbag.py:587} INFO - Filling up the DagBag from /opt/airflow/dags/dag_scraping_twitter.py
[2026-03-08T07:55:31.734+0700] {processor.py:925} INFO - DAG(s) 'dag_scraping_twitter' retrieved from /opt/airflow/dags/dag_scraping_twitter.py
[2026-03-08T07:55:31.762+0700] {logging_mixin.py:190} INFO - [2026-03-08T07:55:31.762+0700] {dag.py:3211} INFO - Sync 1 DAGs
[2026-03-08T07:55:31.788+0700] {logging_mixin.py:190} INFO - [2026-03-08T07:55:31.787+0700] {dag.py:4138} INFO - Setting next_dagrun for dag_scraping_twitter to 2026-03-07 23:00:00+00:00, run_after=2026-03-08 11:00:00+00:00
[2026-03-08T07:55:31.809+0700] {processor.py:208} INFO - Processing /opt/airflow/dags/dag_scraping_twitter.py took 0.105 seconds
[2026-03-08T07:56:01.921+0700] {processor.py:186} INFO - Started process (PID=57396) to work on /opt/airflow/dags/dag_scraping_twitter.py
[2026-03-08T07:56:01.922+0700] {processor.py:914} INFO - Processing file /opt/airflow/dags/dag_scraping_twitter.py for tasks to queue
[2026-03-08T07:56:01.925+0700] {logging_mixin.py:190} INFO - [2026-03-08T07:56:01.925+0700] {dagbag.py:587} INFO - Filling up the DagBag from /opt/airflow/dags/dag_scraping_twitter.py
[2026-03-08T07:56:01.943+0700] {processor.py:925} INFO - DAG(s) 'dag_scraping_twitter' retrieved from /opt/airflow/dags/dag_scraping_twitter.py
[2026-03-08T07:56:01.970+0700] {logging_mixin.py:190} INFO - [2026-03-08T07:56:01.970+0700] {dag.py:3211} INFO - Sync 1 DAGs
[2026-03-08T07:56:01.993+0700] {logging_mixin.py:190} INFO - [2026-03-08T07:56:01.993+0700] {dag.py:4138} INFO - Setting next_dagrun for dag_scraping_twitter to 2026-03-07 23:00:00+00:00, run_after=2026-03-08 11:00:00+00:00
[2026-03-08T07:56:02.016+0700] {processor.py:208} INFO - Processing /opt/airflow/dags/dag_scraping_twitter.py took 0.102 seconds
[2026-03-08T07:56:32.150+0700] {processor.py:186} INFO - Started process (PID=57425) to work on /opt/airflow/dags/dag_scraping_twitter.py
[2026-03-08T07:56:32.151+0700] {processor.py:914} INFO - Processing file /opt/airflow/dags/dag_scraping_twitter.py for tasks to queue
[2026-03-08T07:56:32.153+0700] {logging_mixin.py:190} INFO - [2026-03-08T07:56:32.153+0700] {dagbag.py:587} INFO - Filling up the DagBag from /opt/airflow/dags/dag_scraping_twitter.py
[2026-03-08T07:56:32.173+0700] {processor.py:925} INFO - DAG(s) 'dag_scraping_twitter' retrieved from /opt/airflow/dags/dag_scraping_twitter.py
[2026-03-08T07:56:32.202+0700] {logging_mixin.py:190} INFO - [2026-03-08T07:56:32.202+0700] {dag.py:3211} INFO - Sync 1 DAGs
[2026-03-08T07:56:32.225+0700] {logging_mixin.py:190} INFO - [2026-03-08T07:56:32.225+0700] {dag.py:4138} INFO - Setting next_dagrun for dag_scraping_twitter to 2026-03-07 23:00:00+00:00, run_after=2026-03-08 11:00:00+00:00
[2026-03-08T07:56:32.248+0700] {processor.py:208} INFO - Processing /opt/airflow/dags/dag_scraping_twitter.py took 0.107 seconds
[2026-03-08T07:57:02.464+0700] {processor.py:186} INFO - Started process (PID=57459) to work on /opt/airflow/dags/dag_scraping_twitter.py
[2026-03-08T07:57:02.465+0700] {processor.py:914} INFO - Processing file /opt/airflow/dags/dag_scraping_twitter.py for tasks to queue
[2026-03-08T07:57:02.468+0700] {logging_mixin.py:190} INFO - [2026-03-08T07:57:02.467+0700] {dagbag.py:587} INFO - Filling up the DagBag from /opt/airflow/dags/dag_scraping_twitter.py
[2026-03-08T07:57:02.487+0700] {processor.py:925} INFO - DAG(s) 'dag_scraping_twitter' retrieved from /opt/airflow/dags/dag_scraping_twitter.py
[2026-03-08T07:57:02.513+0700] {logging_mixin.py:190} INFO - [2026-03-08T07:57:02.513+0700] {dag.py:3211} INFO - Sync 1 DAGs
[2026-03-08T07:57:02.537+0700] {logging_mixin.py:190} INFO - [2026-03-08T07:57:02.536+0700] {dag.py:4138} INFO - Setting next_dagrun for dag_scraping_twitter to 2026-03-07 23:00:00+00:00, run_after=2026-03-08 11:00:00+00:00
[2026-03-08T07:57:02.560+0700] {processor.py:208} INFO - Processing /opt/airflow/dags/dag_scraping_twitter.py took 0.103 seconds
[2026-03-08T07:57:33.124+0700] {processor.py:186} INFO - Started process (PID=57487) to work on /opt/airflow/dags/dag_scraping_twitter.py
[2026-03-08T07:57:33.125+0700] {processor.py:914} INFO - Processing file /opt/airflow/dags/dag_scraping_twitter.py for tasks to queue
[2026-03-08T07:57:33.127+0700] {logging_mixin.py:190} INFO - [2026-03-08T07:57:33.127+0700] {dagbag.py:587} INFO - Filling up the DagBag from /opt/airflow/dags/dag_scraping_twitter.py
[2026-03-08T07:57:33.146+0700] {processor.py:925} INFO - DAG(s) 'dag_scraping_twitter' retrieved from /opt/airflow/dags/dag_scraping_twitter.py
[2026-03-08T07:57:33.172+0700] {logging_mixin.py:190} INFO - [2026-03-08T07:57:33.172+0700] {dag.py:3211} INFO - Sync 1 DAGs
[2026-03-08T07:57:33.196+0700] {logging_mixin.py:190} INFO - [2026-03-08T07:57:33.196+0700] {dag.py:4138} INFO - Setting next_dagrun for dag_scraping_twitter to 2026-03-07 23:00:00+00:00, run_after=2026-03-08 11:00:00+00:00
[2026-03-08T07:57:33.219+0700] {processor.py:208} INFO - Processing /opt/airflow/dags/dag_scraping_twitter.py took 0.102 seconds
[2026-03-08T07:58:04.214+0700] {processor.py:186} INFO - Started process (PID=57515) to work on /opt/airflow/dags/dag_scraping_twitter.py
[2026-03-08T07:58:04.215+0700] {processor.py:914} INFO - Processing file /opt/airflow/dags/dag_scraping_twitter.py for tasks to queue
[2026-03-08T07:58:04.218+0700] {logging_mixin.py:190} INFO - [2026-03-08T07:58:04.218+0700] {dagbag.py:587} INFO - Filling up the DagBag from /opt/airflow/dags/dag_scraping_twitter.py
[2026-03-08T07:58:04.238+0700] {processor.py:925} INFO - DAG(s) 'dag_scraping_twitter' retrieved from /opt/airflow/dags/dag_scraping_twitter.py
[2026-03-08T07:58:04.265+0700] {logging_mixin.py:190} INFO - [2026-03-08T07:58:04.264+0700] {dag.py:3211} INFO - Sync 1 DAGs
[2026-03-08T07:58:04.290+0700] {logging_mixin.py:190} INFO - [2026-03-08T07:58:04.289+0700] {dag.py:4138} INFO - Setting next_dagrun for dag_scraping_twitter to 2026-03-07 23:00:00+00:00, run_after=2026-03-08 11:00:00+00:00
[2026-03-08T07:58:04.314+0700] {processor.py:208} INFO - Processing /opt/airflow/dags/dag_scraping_twitter.py took 0.107 seconds
[2026-03-08T07:58:35.310+0700] {processor.py:186} INFO - Started process (PID=57543) to work on /opt/airflow/dags/dag_scraping_twitter.py
[2026-03-08T07:58:35.311+0700] {processor.py:914} INFO - Processing file /opt/airflow/dags/dag_scraping_twitter.py for tasks to queue
[2026-03-08T07:58:35.315+0700] {logging_mixin.py:190} INFO - [2026-03-08T07:58:35.314+0700] {dagbag.py:587} INFO - Filling up the DagBag from /opt/airflow/dags/dag_scraping_twitter.py
[2026-03-08T07:58:35.347+0700] {processor.py:925} INFO - DAG(s) 'dag_scraping_twitter' retrieved from /opt/airflow/dags/dag_scraping_twitter.py
[2026-03-08T07:58:35.379+0700] {logging_mixin.py:190} INFO - [2026-03-08T07:58:35.379+0700] {dag.py:3211} INFO - Sync 1 DAGs
[2026-03-08T07:58:35.413+0700] {logging_mixin.py:190} INFO - [2026-03-08T07:58:35.413+0700] {dag.py:4138} INFO - Setting next_dagrun for dag_scraping_twitter to 2026-03-07 23:00:00+00:00, run_after=2026-03-08 11:00:00+00:00
[2026-03-08T07:58:35.440+0700] {processor.py:208} INFO - Processing /opt/airflow/dags/dag_scraping_twitter.py took 0.139 seconds
[2026-03-08T07:59:05.505+0700] {processor.py:186} INFO - Started process (PID=57571) to work on /opt/airflow/dags/dag_scraping_twitter.py
[2026-03-08T07:59:05.506+0700] {processor.py:914} INFO - Processing file /opt/airflow/dags/dag_scraping_twitter.py for tasks to queue
[2026-03-08T07:59:05.508+0700] {logging_mixin.py:190} INFO - [2026-03-08T07:59:05.508+0700] {dagbag.py:587} INFO - Filling up the DagBag from /opt/airflow/dags/dag_scraping_twitter.py
[2026-03-08T07:59:05.528+0700] {processor.py:925} INFO - DAG(s) 'dag_scraping_twitter' retrieved from /opt/airflow/dags/dag_scraping_twitter.py
[2026-03-08T07:59:05.556+0700] {logging_mixin.py:190} INFO - [2026-03-08T07:59:05.556+0700] {dag.py:3211} INFO - Sync 1 DAGs
[2026-03-08T07:59:05.580+0700] {logging_mixin.py:190} INFO - [2026-03-08T07:59:05.580+0700] {dag.py:4138} INFO - Setting next_dagrun for dag_scraping_twitter to 2026-03-07 23:00:00+00:00, run_after=2026-03-08 11:00:00+00:00
[2026-03-08T07:59:05.604+0700] {processor.py:208} INFO - Processing /opt/airflow/dags/dag_scraping_twitter.py took 0.106 seconds
[2026-03-08T07:59:36.053+0700] {processor.py:186} INFO - Started process (PID=57599) to work on /opt/airflow/dags/dag_scraping_twitter.py
[2026-03-08T07:59:36.054+0700] {processor.py:914} INFO - Processing file /opt/airflow/dags/dag_scraping_twitter.py for tasks to queue
[2026-03-08T07:59:36.056+0700] {logging_mixin.py:190} INFO - [2026-03-08T07:59:36.056+0700] {dagbag.py:587} INFO - Filling up the DagBag from /opt/airflow/dags/dag_scraping_twitter.py
[2026-03-08T07:59:36.075+0700] {processor.py:925} INFO - DAG(s) 'dag_scraping_twitter' retrieved from /opt/airflow/dags/dag_scraping_twitter.py
[2026-03-08T07:59:36.102+0700] {logging_mixin.py:190} INFO - [2026-03-08T07:59:36.101+0700] {dag.py:3211} INFO - Sync 1 DAGs
[2026-03-08T07:59:36.125+0700] {logging_mixin.py:190} INFO - [2026-03-08T07:59:36.125+0700] {dag.py:4138} INFO - Setting next_dagrun for dag_scraping_twitter to 2026-03-07 23:00:00+00:00, run_after=2026-03-08 11:00:00+00:00
[2026-03-08T07:59:36.150+0700] {processor.py:208} INFO - Processing /opt/airflow/dags/dag_scraping_twitter.py took 0.105 seconds
[2026-03-08T08:00:07.141+0700] {processor.py:186} INFO - Started process (PID=57633) to work on /opt/airflow/dags/dag_scraping_twitter.py
[2026-03-08T08:00:07.142+0700] {processor.py:914} INFO - Processing file /opt/airflow/dags/dag_scraping_twitter.py for tasks to queue
[2026-03-08T08:00:07.146+0700] {logging_mixin.py:190} INFO - [2026-03-08T08:00:07.145+0700] {dagbag.py:587} INFO - Filling up the DagBag from /opt/airflow/dags/dag_scraping_twitter.py
[2026-03-08T08:00:07.164+0700] {processor.py:925} INFO - DAG(s) 'dag_scraping_twitter' retrieved from /opt/airflow/dags/dag_scraping_twitter.py
[2026-03-08T08:00:07.190+0700] {logging_mixin.py:190} INFO - [2026-03-08T08:00:07.190+0700] {dag.py:3211} INFO - Sync 1 DAGs
[2026-03-08T08:00:07.213+0700] {logging_mixin.py:190} INFO - [2026-03-08T08:00:07.212+0700] {dag.py:4138} INFO - Setting next_dagrun for dag_scraping_twitter to 2026-03-07 23:00:00+00:00, run_after=2026-03-08 11:00:00+00:00
[2026-03-08T08:00:07.237+0700] {processor.py:208} INFO - Processing /opt/airflow/dags/dag_scraping_twitter.py took 0.102 seconds
[2026-03-08T08:00:37.319+0700] {processor.py:186} INFO - Started process (PID=57661) to work on /opt/airflow/dags/dag_scraping_twitter.py
[2026-03-08T08:00:37.320+0700] {processor.py:914} INFO - Processing file /opt/airflow/dags/dag_scraping_twitter.py for tasks to queue
[2026-03-08T08:00:37.322+0700] {logging_mixin.py:190} INFO - [2026-03-08T08:00:37.322+0700] {dagbag.py:587} INFO - Filling up the DagBag from /opt/airflow/dags/dag_scraping_twitter.py
[2026-03-08T08:00:37.341+0700] {processor.py:925} INFO - DAG(s) 'dag_scraping_twitter' retrieved from /opt/airflow/dags/dag_scraping_twitter.py
[2026-03-08T08:00:37.368+0700] {logging_mixin.py:190} INFO - [2026-03-08T08:00:37.368+0700] {dag.py:3211} INFO - Sync 1 DAGs
[2026-03-08T08:00:37.394+0700] {logging_mixin.py:190} INFO - [2026-03-08T08:00:37.394+0700] {dag.py:4138} INFO - Setting next_dagrun for dag_scraping_twitter to 2026-03-07 23:00:00+00:00, run_after=2026-03-08 11:00:00+00:00
[2026-03-08T08:00:37.417+0700] {processor.py:208} INFO - Processing /opt/airflow/dags/dag_scraping_twitter.py took 0.106 seconds
[2026-03-08T08:01:08.336+0700] {processor.py:186} INFO - Started process (PID=57689) to work on /opt/airflow/dags/dag_scraping_twitter.py
[2026-03-08T08:01:08.337+0700] {processor.py:914} INFO - Processing file /opt/airflow/dags/dag_scraping_twitter.py for tasks to queue
[2026-03-08T08:01:08.339+0700] {logging_mixin.py:190} INFO - [2026-03-08T08:01:08.339+0700] {dagbag.py:587} INFO - Filling up the DagBag from /opt/airflow/dags/dag_scraping_twitter.py
[2026-03-08T08:01:08.361+0700] {processor.py:925} INFO - DAG(s) 'dag_scraping_twitter' retrieved from /opt/airflow/dags/dag_scraping_twitter.py
[2026-03-08T08:01:08.389+0700] {logging_mixin.py:190} INFO - [2026-03-08T08:01:08.389+0700] {dag.py:3211} INFO - Sync 1 DAGs
[2026-03-08T08:01:08.414+0700] {logging_mixin.py:190} INFO - [2026-03-08T08:01:08.414+0700] {dag.py:4138} INFO - Setting next_dagrun for dag_scraping_twitter to 2026-03-07 23:00:00+00:00, run_after=2026-03-08 11:00:00+00:00
[2026-03-08T08:01:08.437+0700] {processor.py:208} INFO - Processing /opt/airflow/dags/dag_scraping_twitter.py took 0.109 seconds
[2026-03-08T08:01:38.521+0700] {processor.py:186} INFO - Started process (PID=57717) to work on /opt/airflow/dags/dag_scraping_twitter.py
[2026-03-08T08:01:38.522+0700] {processor.py:914} INFO - Processing file /opt/airflow/dags/dag_scraping_twitter.py for tasks to queue
[2026-03-08T08:01:38.524+0700] {logging_mixin.py:190} INFO - [2026-03-08T08:01:38.524+0700] {dagbag.py:587} INFO - Filling up the DagBag from /opt/airflow/dags/dag_scraping_twitter.py
[2026-03-08T08:01:38.544+0700] {processor.py:925} INFO - DAG(s) 'dag_scraping_twitter' retrieved from /opt/airflow/dags/dag_scraping_twitter.py
[2026-03-08T08:01:38.570+0700] {logging_mixin.py:190} INFO - [2026-03-08T08:01:38.570+0700] {dag.py:3211} INFO - Sync 1 DAGs
[2026-03-08T08:01:38.593+0700] {logging_mixin.py:190} INFO - [2026-03-08T08:01:38.593+0700] {dag.py:4138} INFO - Setting next_dagrun for dag_scraping_twitter to 2026-03-07 23:00:00+00:00, run_after=2026-03-08 11:00:00+00:00
[2026-03-08T08:01:38.616+0700] {processor.py:208} INFO - Processing /opt/airflow/dags/dag_scraping_twitter.py took 0.102 seconds
[2026-03-08T08:02:09.247+0700] {processor.py:186} INFO - Started process (PID=57745) to work on /opt/airflow/dags/dag_scraping_twitter.py
[2026-03-08T08:02:09.248+0700] {processor.py:914} INFO - Processing file /opt/airflow/dags/dag_scraping_twitter.py for tasks to queue
[2026-03-08T08:02:09.251+0700] {logging_mixin.py:190} INFO - [2026-03-08T08:02:09.251+0700] {dagbag.py:587} INFO - Filling up the DagBag from /opt/airflow/dags/dag_scraping_twitter.py
[2026-03-08T08:02:09.271+0700] {processor.py:925} INFO - DAG(s) 'dag_scraping_twitter' retrieved from /opt/airflow/dags/dag_scraping_twitter.py
[2026-03-08T08:02:09.298+0700] {logging_mixin.py:190} INFO - [2026-03-08T08:02:09.297+0700] {dag.py:3211} INFO - Sync 1 DAGs
[2026-03-08T08:02:09.327+0700] {logging_mixin.py:190} INFO - [2026-03-08T08:02:09.327+0700] {dag.py:4138} INFO - Setting next_dagrun for dag_scraping_twitter to 2026-03-07 23:00:00+00:00, run_after=2026-03-08 11:00:00+00:00
[2026-03-08T08:02:09.350+0700] {processor.py:208} INFO - Processing /opt/airflow/dags/dag_scraping_twitter.py took 0.109 seconds
[2026-03-08T08:02:40.318+0700] {processor.py:186} INFO - Started process (PID=57779) to work on /opt/airflow/dags/dag_scraping_twitter.py
[2026-03-08T08:02:40.319+0700] {processor.py:914} INFO - Processing file /opt/airflow/dags/dag_scraping_twitter.py for tasks to queue
[2026-03-08T08:02:40.322+0700] {logging_mixin.py:190} INFO - [2026-03-08T08:02:40.321+0700] {dagbag.py:587} INFO - Filling up the DagBag from /opt/airflow/dags/dag_scraping_twitter.py
[2026-03-08T08:02:40.341+0700] {processor.py:925} INFO - DAG(s) 'dag_scraping_twitter' retrieved from /opt/airflow/dags/dag_scraping_twitter.py
[2026-03-08T08:02:40.368+0700] {logging_mixin.py:190} INFO - [2026-03-08T08:02:40.367+0700] {dag.py:3211} INFO - Sync 1 DAGs
[2026-03-08T08:02:40.391+0700] {logging_mixin.py:190} INFO - [2026-03-08T08:02:40.391+0700] {dag.py:4138} INFO - Setting next_dagrun for dag_scraping_twitter to 2026-03-07 23:00:00+00:00, run_after=2026-03-08 11:00:00+00:00
[2026-03-08T08:02:40.415+0700] {processor.py:208} INFO - Processing /opt/airflow/dags/dag_scraping_twitter.py took 0.104 seconds
[2026-03-08T08:03:11.425+0700] {processor.py:186} INFO - Started process (PID=57807) to work on /opt/airflow/dags/dag_scraping_twitter.py
[2026-03-08T08:03:11.426+0700] {processor.py:914} INFO - Processing file /opt/airflow/dags/dag_scraping_twitter.py for tasks to queue
[2026-03-08T08:03:11.429+0700] {logging_mixin.py:190} INFO - [2026-03-08T08:03:11.428+0700] {dagbag.py:587} INFO - Filling up the DagBag from /opt/airflow/dags/dag_scraping_twitter.py
[2026-03-08T08:03:11.452+0700] {processor.py:925} INFO - DAG(s) 'dag_scraping_twitter' retrieved from /opt/airflow/dags/dag_scraping_twitter.py
[2026-03-08T08:03:11.480+0700] {logging_mixin.py:190} INFO - [2026-03-08T08:03:11.480+0700] {dag.py:3211} INFO - Sync 1 DAGs
[2026-03-08T08:03:11.507+0700] {logging_mixin.py:190} INFO - [2026-03-08T08:03:11.507+0700] {dag.py:4138} INFO - Setting next_dagrun for dag_scraping_twitter to 2026-03-07 23:00:00+00:00, run_after=2026-03-08 11:00:00+00:00
[2026-03-08T08:03:11.535+0700] {processor.py:208} INFO - Processing /opt/airflow/dags/dag_scraping_twitter.py took 0.117 seconds
[2026-03-08T08:03:41.590+0700] {processor.py:186} INFO - Started process (PID=57835) to work on /opt/airflow/dags/dag_scraping_twitter.py
[2026-03-08T08:03:41.591+0700] {processor.py:914} INFO - Processing file /opt/airflow/dags/dag_scraping_twitter.py for tasks to queue
[2026-03-08T08:03:41.594+0700] {logging_mixin.py:190} INFO - [2026-03-08T08:03:41.594+0700] {dagbag.py:587} INFO - Filling up the DagBag from /opt/airflow/dags/dag_scraping_twitter.py
[2026-03-08T08:03:41.613+0700] {processor.py:925} INFO - DAG(s) 'dag_scraping_twitter' retrieved from /opt/airflow/dags/dag_scraping_twitter.py
[2026-03-08T08:03:41.639+0700] {logging_mixin.py:190} INFO - [2026-03-08T08:03:41.639+0700] {dag.py:3211} INFO - Sync 1 DAGs
[2026-03-08T08:03:41.663+0700] {logging_mixin.py:190} INFO - [2026-03-08T08:03:41.663+0700] {dag.py:4138} INFO - Setting next_dagrun for dag_scraping_twitter to 2026-03-07 23:00:00+00:00, run_after=2026-03-08 11:00:00+00:00
[2026-03-08T08:03:41.687+0700] {processor.py:208} INFO - Processing /opt/airflow/dags/dag_scraping_twitter.py took 0.103 seconds
[2026-03-08T08:04:11.780+0700] {processor.py:186} INFO - Started process (PID=57863) to work on /opt/airflow/dags/dag_scraping_twitter.py
[2026-03-08T08:04:11.781+0700] {processor.py:914} INFO - Processing file /opt/airflow/dags/dag_scraping_twitter.py for tasks to queue
[2026-03-08T08:04:11.784+0700] {logging_mixin.py:190} INFO - [2026-03-08T08:04:11.783+0700] {dagbag.py:587} INFO - Filling up the DagBag from /opt/airflow/dags/dag_scraping_twitter.py
[2026-03-08T08:04:11.804+0700] {processor.py:925} INFO - DAG(s) 'dag_scraping_twitter' retrieved from /opt/airflow/dags/dag_scraping_twitter.py
[2026-03-08T08:04:11.830+0700] {logging_mixin.py:190} INFO - [2026-03-08T08:04:11.830+0700] {dag.py:3211} INFO - Sync 1 DAGs
[2026-03-08T08:04:11.854+0700] {logging_mixin.py:190} INFO - [2026-03-08T08:04:11.853+0700] {dag.py:4138} INFO - Setting next_dagrun for dag_scraping_twitter to 2026-03-07 23:00:00+00:00, run_after=2026-03-08 11:00:00+00:00
[2026-03-08T08:04:11.877+0700] {processor.py:208} INFO - Processing /opt/airflow/dags/dag_scraping_twitter.py took 0.104 seconds
[2026-03-08T08:04:42.912+0700] {processor.py:186} INFO - Started process (PID=57891) to work on /opt/airflow/dags/dag_scraping_twitter.py
[2026-03-08T08:04:42.914+0700] {processor.py:914} INFO - Processing file /opt/airflow/dags/dag_scraping_twitter.py for tasks to queue
[2026-03-08T08:04:42.916+0700] {logging_mixin.py:190} INFO - [2026-03-08T08:04:42.916+0700] {dagbag.py:587} INFO - Filling up the DagBag from /opt/airflow/dags/dag_scraping_twitter.py
[2026-03-08T08:04:42.940+0700] {processor.py:925} INFO - DAG(s) 'dag_scraping_twitter' retrieved from /opt/airflow/dags/dag_scraping_twitter.py
[2026-03-08T08:04:42.979+0700] {logging_mixin.py:190} INFO - [2026-03-08T08:04:42.979+0700] {dag.py:3211} INFO - Sync 1 DAGs
[2026-03-08T08:04:43.006+0700] {logging_mixin.py:190} INFO - [2026-03-08T08:04:43.006+0700] {dag.py:4138} INFO - Setting next_dagrun for dag_scraping_twitter to 2026-03-07 23:00:00+00:00, run_after=2026-03-08 11:00:00+00:00
[2026-03-08T08:04:43.033+0700] {processor.py:208} INFO - Processing /opt/airflow/dags/dag_scraping_twitter.py took 0.129 seconds
[2026-03-08T08:05:13.984+0700] {processor.py:186} INFO - Started process (PID=57925) to work on /opt/airflow/dags/dag_scraping_twitter.py
[2026-03-08T08:05:13.985+0700] {processor.py:914} INFO - Processing file /opt/airflow/dags/dag_scraping_twitter.py for tasks to queue
[2026-03-08T08:05:13.988+0700] {logging_mixin.py:190} INFO - [2026-03-08T08:05:13.987+0700] {dagbag.py:587} INFO - Filling up the DagBag from /opt/airflow/dags/dag_scraping_twitter.py
[2026-03-08T08:05:14.008+0700] {processor.py:925} INFO - DAG(s) 'dag_scraping_twitter' retrieved from /opt/airflow/dags/dag_scraping_twitter.py
[2026-03-08T08:05:14.033+0700] {logging_mixin.py:190} INFO - [2026-03-08T08:05:14.033+0700] {dag.py:3211} INFO - Sync 1 DAGs
[2026-03-08T08:05:14.059+0700] {logging_mixin.py:190} INFO - [2026-03-08T08:05:14.059+0700] {dag.py:4138} INFO - Setting next_dagrun for dag_scraping_twitter to 2026-03-07 23:00:00+00:00, run_after=2026-03-08 11:00:00+00:00
[2026-03-08T08:05:14.083+0700] {processor.py:208} INFO - Processing /opt/airflow/dags/dag_scraping_twitter.py took 0.105 seconds
[2026-03-08T08:05:45.032+0700] {processor.py:186} INFO - Started process (PID=57953) to work on /opt/airflow/dags/dag_scraping_twitter.py
[2026-03-08T08:05:45.033+0700] {processor.py:914} INFO - Processing file /opt/airflow/dags/dag_scraping_twitter.py for tasks to queue
[2026-03-08T08:05:45.037+0700] {logging_mixin.py:190} INFO - [2026-03-08T08:05:45.036+0700] {dagbag.py:587} INFO - Filling up the DagBag from /opt/airflow/dags/dag_scraping_twitter.py
[2026-03-08T08:05:45.064+0700] {processor.py:925} INFO - DAG(s) 'dag_scraping_twitter' retrieved from /opt/airflow/dags/dag_scraping_twitter.py
[2026-03-08T08:05:45.096+0700] {logging_mixin.py:190} INFO - [2026-03-08T08:05:45.096+0700] {dag.py:3211} INFO - Sync 1 DAGs
[2026-03-08T08:05:45.124+0700] {logging_mixin.py:190} INFO - [2026-03-08T08:05:45.124+0700] {dag.py:4138} INFO - Setting next_dagrun for dag_scraping_twitter to 2026-03-07 23:00:00+00:00, run_after=2026-03-08 11:00:00+00:00
[2026-03-08T08:05:45.151+0700] {processor.py:208} INFO - Processing /opt/airflow/dags/dag_scraping_twitter.py took 0.128 seconds
[2026-03-08T08:06:16.074+0700] {processor.py:186} INFO - Started process (PID=57981) to work on /opt/airflow/dags/dag_scraping_twitter.py
[2026-03-08T08:06:16.075+0700] {processor.py:914} INFO - Processing file /opt/airflow/dags/dag_scraping_twitter.py for tasks to queue
[2026-03-08T08:06:16.078+0700] {logging_mixin.py:190} INFO - [2026-03-08T08:06:16.078+0700] {dagbag.py:587} INFO - Filling up the DagBag from /opt/airflow/dags/dag_scraping_twitter.py
[2026-03-08T08:06:16.098+0700] {processor.py:925} INFO - DAG(s) 'dag_scraping_twitter' retrieved from /opt/airflow/dags/dag_scraping_twitter.py
[2026-03-08T08:06:16.125+0700] {logging_mixin.py:190} INFO - [2026-03-08T08:06:16.125+0700] {dag.py:3211} INFO - Sync 1 DAGs
[2026-03-08T08:06:16.149+0700] {logging_mixin.py:190} INFO - [2026-03-08T08:06:16.148+0700] {dag.py:4138} INFO - Setting next_dagrun for dag_scraping_twitter to 2026-03-07 23:00:00+00:00, run_after=2026-03-08 11:00:00+00:00
[2026-03-08T08:06:16.173+0700] {processor.py:208} INFO - Processing /opt/airflow/dags/dag_scraping_twitter.py took 0.105 seconds
[2026-03-08T08:06:46.414+0700] {processor.py:186} INFO - Started process (PID=58009) to work on /opt/airflow/dags/dag_scraping_twitter.py
[2026-03-08T08:06:46.415+0700] {processor.py:914} INFO - Processing file /opt/airflow/dags/dag_scraping_twitter.py for tasks to queue
[2026-03-08T08:06:46.419+0700] {logging_mixin.py:190} INFO - [2026-03-08T08:06:46.418+0700] {dagbag.py:587} INFO - Filling up the DagBag from /opt/airflow/dags/dag_scraping_twitter.py
[2026-03-08T08:06:46.444+0700] {processor.py:925} INFO - DAG(s) 'dag_scraping_twitter' retrieved from /opt/airflow/dags/dag_scraping_twitter.py
[2026-03-08T08:06:46.475+0700] {logging_mixin.py:190} INFO - [2026-03-08T08:06:46.475+0700] {dag.py:3211} INFO - Sync 1 DAGs
[2026-03-08T08:06:46.505+0700] {logging_mixin.py:190} INFO - [2026-03-08T08:06:46.505+0700] {dag.py:4138} INFO - Setting next_dagrun for dag_scraping_twitter to 2026-03-07 23:00:00+00:00, run_after=2026-03-08 11:00:00+00:00
[2026-03-08T08:06:46.532+0700] {processor.py:208} INFO - Processing /opt/airflow/dags/dag_scraping_twitter.py took 0.127 seconds
[2026-03-08T08:07:16.695+0700] {processor.py:186} INFO - Started process (PID=58037) to work on /opt/airflow/dags/dag_scraping_twitter.py
[2026-03-08T08:07:16.696+0700] {processor.py:914} INFO - Processing file /opt/airflow/dags/dag_scraping_twitter.py for tasks to queue
[2026-03-08T08:07:16.699+0700] {logging_mixin.py:190} INFO - [2026-03-08T08:07:16.698+0700] {dagbag.py:587} INFO - Filling up the DagBag from /opt/airflow/dags/dag_scraping_twitter.py
[2026-03-08T08:07:16.717+0700] {processor.py:925} INFO - DAG(s) 'dag_scraping_twitter' retrieved from /opt/airflow/dags/dag_scraping_twitter.py
[2026-03-08T08:07:16.743+0700] {logging_mixin.py:190} INFO - [2026-03-08T08:07:16.743+0700] {dag.py:3211} INFO - Sync 1 DAGs
[2026-03-08T08:07:16.766+0700] {logging_mixin.py:190} INFO - [2026-03-08T08:07:16.766+0700] {dag.py:4138} INFO - Setting next_dagrun for dag_scraping_twitter to 2026-03-07 23:00:00+00:00, run_after=2026-03-08 11:00:00+00:00
[2026-03-08T08:07:16.789+0700] {processor.py:208} INFO - Processing /opt/airflow/dags/dag_scraping_twitter.py took 0.101 seconds
[2026-03-08T08:07:47.607+0700] {processor.py:186} INFO - Started process (PID=58065) to work on /opt/airflow/dags/dag_scraping_twitter.py
[2026-03-08T08:07:47.608+0700] {processor.py:914} INFO - Processing file /opt/airflow/dags/dag_scraping_twitter.py for tasks to queue
[2026-03-08T08:07:47.610+0700] {logging_mixin.py:190} INFO - [2026-03-08T08:07:47.610+0700] {dagbag.py:587} INFO - Filling up the DagBag from /opt/airflow/dags/dag_scraping_twitter.py
[2026-03-08T08:07:47.631+0700] {processor.py:925} INFO - DAG(s) 'dag_scraping_twitter' retrieved from /opt/airflow/dags/dag_scraping_twitter.py
[2026-03-08T08:07:47.657+0700] {logging_mixin.py:190} INFO - [2026-03-08T08:07:47.656+0700] {dag.py:3211} INFO - Sync 1 DAGs
[2026-03-08T08:07:47.681+0700] {logging_mixin.py:190} INFO - [2026-03-08T08:07:47.681+0700] {dag.py:4138} INFO - Setting next_dagrun for dag_scraping_twitter to 2026-03-07 23:00:00+00:00, run_after=2026-03-08 11:00:00+00:00
[2026-03-08T08:07:47.705+0700] {processor.py:208} INFO - Processing /opt/airflow/dags/dag_scraping_twitter.py took 0.105 seconds
[2026-03-08T08:08:18.645+0700] {processor.py:186} INFO - Started process (PID=58099) to work on /opt/airflow/dags/dag_scraping_twitter.py
[2026-03-08T08:08:18.646+0700] {processor.py:914} INFO - Processing file /opt/airflow/dags/dag_scraping_twitter.py for tasks to queue
[2026-03-08T08:08:18.649+0700] {logging_mixin.py:190} INFO - [2026-03-08T08:08:18.649+0700] {dagbag.py:587} INFO - Filling up the DagBag from /opt/airflow/dags/dag_scraping_twitter.py
[2026-03-08T08:08:18.670+0700] {processor.py:925} INFO - DAG(s) 'dag_scraping_twitter' retrieved from /opt/airflow/dags/dag_scraping_twitter.py
[2026-03-08T08:08:18.697+0700] {logging_mixin.py:190} INFO - [2026-03-08T08:08:18.697+0700] {dag.py:3211} INFO - Sync 1 DAGs
[2026-03-08T08:08:18.722+0700] {logging_mixin.py:190} INFO - [2026-03-08T08:08:18.722+0700] {dag.py:4138} INFO - Setting next_dagrun for dag_scraping_twitter to 2026-03-07 23:00:00+00:00, run_after=2026-03-08 11:00:00+00:00
[2026-03-08T08:08:18.747+0700] {processor.py:208} INFO - Processing /opt/airflow/dags/dag_scraping_twitter.py took 0.108 seconds
[2026-03-08T08:08:49.750+0700] {processor.py:186} INFO - Started process (PID=58127) to work on /opt/airflow/dags/dag_scraping_twitter.py
[2026-03-08T08:08:49.752+0700] {processor.py:914} INFO - Processing file /opt/airflow/dags/dag_scraping_twitter.py for tasks to queue
[2026-03-08T08:08:49.755+0700] {logging_mixin.py:190} INFO - [2026-03-08T08:08:49.755+0700] {dagbag.py:587} INFO - Filling up the DagBag from /opt/airflow/dags/dag_scraping_twitter.py
[2026-03-08T08:08:49.775+0700] {processor.py:925} INFO - DAG(s) 'dag_scraping_twitter' retrieved from /opt/airflow/dags/dag_scraping_twitter.py
[2026-03-08T08:08:49.800+0700] {logging_mixin.py:190} INFO - [2026-03-08T08:08:49.800+0700] {dag.py:3211} INFO - Sync 1 DAGs
[2026-03-08T08:08:49.823+0700] {logging_mixin.py:190} INFO - [2026-03-08T08:08:49.823+0700] {dag.py:4138} INFO - Setting next_dagrun for dag_scraping_twitter to 2026-03-07 23:00:00+00:00, run_after=2026-03-08 11:00:00+00:00
[2026-03-08T08:08:49.849+0700] {processor.py:208} INFO - Processing /opt/airflow/dags/dag_scraping_twitter.py took 0.107 seconds
[2026-03-08T08:09:19.952+0700] {processor.py:186} INFO - Started process (PID=58155) to work on /opt/airflow/dags/dag_scraping_twitter.py
[2026-03-08T08:09:19.953+0700] {processor.py:914} INFO - Processing file /opt/airflow/dags/dag_scraping_twitter.py for tasks to queue
[2026-03-08T08:09:19.955+0700] {logging_mixin.py:190} INFO - [2026-03-08T08:09:19.955+0700] {dagbag.py:587} INFO - Filling up the DagBag from /opt/airflow/dags/dag_scraping_twitter.py
[2026-03-08T08:09:19.977+0700] {processor.py:925} INFO - DAG(s) 'dag_scraping_twitter' retrieved from /opt/airflow/dags/dag_scraping_twitter.py
[2026-03-08T08:09:20.006+0700] {logging_mixin.py:190} INFO - [2026-03-08T08:09:20.006+0700] {dag.py:3211} INFO - Sync 1 DAGs
[2026-03-08T08:09:20.031+0700] {logging_mixin.py:190} INFO - [2026-03-08T08:09:20.031+0700] {dag.py:4138} INFO - Setting next_dagrun for dag_scraping_twitter to 2026-03-07 23:00:00+00:00, run_after=2026-03-08 11:00:00+00:00
[2026-03-08T08:09:20.055+0700] {processor.py:208} INFO - Processing /opt/airflow/dags/dag_scraping_twitter.py took 0.110 seconds
[2026-03-08T08:09:50.182+0700] {processor.py:186} INFO - Started process (PID=58183) to work on /opt/airflow/dags/dag_scraping_twitter.py
[2026-03-08T08:09:50.183+0700] {processor.py:914} INFO - Processing file /opt/airflow/dags/dag_scraping_twitter.py for tasks to queue
[2026-03-08T08:09:50.186+0700] {logging_mixin.py:190} INFO - [2026-03-08T08:09:50.185+0700] {dagbag.py:587} INFO - Filling up the DagBag from /opt/airflow/dags/dag_scraping_twitter.py
[2026-03-08T08:09:50.207+0700] {processor.py:925} INFO - DAG(s) 'dag_scraping_twitter' retrieved from /opt/airflow/dags/dag_scraping_twitter.py
[2026-03-08T08:09:50.237+0700] {logging_mixin.py:190} INFO - [2026-03-08T08:09:50.237+0700] {dag.py:3211} INFO - Sync 1 DAGs
[2026-03-08T08:09:50.260+0700] {logging_mixin.py:190} INFO - [2026-03-08T08:09:50.260+0700] {dag.py:4138} INFO - Setting next_dagrun for dag_scraping_twitter to 2026-03-07 23:00:00+00:00, run_after=2026-03-08 11:00:00+00:00
[2026-03-08T08:09:50.284+0700] {processor.py:208} INFO - Processing /opt/airflow/dags/dag_scraping_twitter.py took 0.111 seconds
[2026-03-08T08:10:21.294+0700] {processor.py:186} INFO - Started process (PID=58217) to work on /opt/airflow/dags/dag_scraping_twitter.py
[2026-03-08T08:10:21.296+0700] {processor.py:914} INFO - Processing file /opt/airflow/dags/dag_scraping_twitter.py for tasks to queue
[2026-03-08T08:10:21.299+0700] {logging_mixin.py:190} INFO - [2026-03-08T08:10:21.298+0700] {dagbag.py:587} INFO - Filling up the DagBag from /opt/airflow/dags/dag_scraping_twitter.py
[2026-03-08T08:10:21.319+0700] {processor.py:925} INFO - DAG(s) 'dag_scraping_twitter' retrieved from /opt/airflow/dags/dag_scraping_twitter.py
[2026-03-08T08:10:21.345+0700] {logging_mixin.py:190} INFO - [2026-03-08T08:10:21.345+0700] {dag.py:3211} INFO - Sync 1 DAGs
[2026-03-08T08:10:21.370+0700] {logging_mixin.py:190} INFO - [2026-03-08T08:10:21.370+0700] {dag.py:4138} INFO - Setting next_dagrun for dag_scraping_twitter to 2026-03-07 23:00:00+00:00, run_after=2026-03-08 11:00:00+00:00
[2026-03-08T08:10:21.394+0700] {processor.py:208} INFO - Processing /opt/airflow/dags/dag_scraping_twitter.py took 0.106 seconds
[2026-03-08T08:10:52.357+0700] {processor.py:186} INFO - Started process (PID=58245) to work on /opt/airflow/dags/dag_scraping_twitter.py
[2026-03-08T08:10:52.359+0700] {processor.py:914} INFO - Processing file /opt/airflow/dags/dag_scraping_twitter.py for tasks to queue
[2026-03-08T08:10:52.361+0700] {logging_mixin.py:190} INFO - [2026-03-08T08:10:52.361+0700] {dagbag.py:587} INFO - Filling up the DagBag from /opt/airflow/dags/dag_scraping_twitter.py
[2026-03-08T08:10:52.380+0700] {processor.py:925} INFO - DAG(s) 'dag_scraping_twitter' retrieved from /opt/airflow/dags/dag_scraping_twitter.py
[2026-03-08T08:10:52.406+0700] {logging_mixin.py:190} INFO - [2026-03-08T08:10:52.406+0700] {dag.py:3211} INFO - Sync 1 DAGs
[2026-03-08T08:10:52.431+0700] {logging_mixin.py:190} INFO - [2026-03-08T08:10:52.430+0700] {dag.py:4138} INFO - Setting next_dagrun for dag_scraping_twitter to 2026-03-07 23:00:00+00:00, run_after=2026-03-08 11:00:00+00:00
[2026-03-08T08:10:52.454+0700] {processor.py:208} INFO - Processing /opt/airflow/dags/dag_scraping_twitter.py took 0.105 seconds
[2026-03-08T08:11:23.457+0700] {processor.py:186} INFO - Started process (PID=58273) to work on /opt/airflow/dags/dag_scraping_twitter.py
[2026-03-08T08:11:23.458+0700] {processor.py:914} INFO - Processing file /opt/airflow/dags/dag_scraping_twitter.py for tasks to queue
[2026-03-08T08:11:23.460+0700] {logging_mixin.py:190} INFO - [2026-03-08T08:11:23.460+0700] {dagbag.py:587} INFO - Filling up the DagBag from /opt/airflow/dags/dag_scraping_twitter.py
[2026-03-08T08:11:23.481+0700] {processor.py:925} INFO - DAG(s) 'dag_scraping_twitter' retrieved from /opt/airflow/dags/dag_scraping_twitter.py
[2026-03-08T08:11:23.507+0700] {logging_mixin.py:190} INFO - [2026-03-08T08:11:23.507+0700] {dag.py:3211} INFO - Sync 1 DAGs
[2026-03-08T08:11:23.533+0700] {logging_mixin.py:190} INFO - [2026-03-08T08:11:23.533+0700] {dag.py:4138} INFO - Setting next_dagrun for dag_scraping_twitter to 2026-03-07 23:00:00+00:00, run_after=2026-03-08 11:00:00+00:00
[2026-03-08T08:11:23.559+0700] {processor.py:208} INFO - Processing /opt/airflow/dags/dag_scraping_twitter.py took 0.110 seconds
[2026-03-08T08:11:54.537+0700] {processor.py:186} INFO - Started process (PID=58301) to work on /opt/airflow/dags/dag_scraping_twitter.py
[2026-03-08T08:11:54.538+0700] {processor.py:914} INFO - Processing file /opt/airflow/dags/dag_scraping_twitter.py for tasks to queue
[2026-03-08T08:11:54.541+0700] {logging_mixin.py:190} INFO - [2026-03-08T08:11:54.540+0700] {dagbag.py:587} INFO - Filling up the DagBag from /opt/airflow/dags/dag_scraping_twitter.py
[2026-03-08T08:11:54.560+0700] {processor.py:925} INFO - DAG(s) 'dag_scraping_twitter' retrieved from /opt/airflow/dags/dag_scraping_twitter.py
[2026-03-08T08:11:54.585+0700] {logging_mixin.py:190} INFO - [2026-03-08T08:11:54.585+0700] {dag.py:3211} INFO - Sync 1 DAGs
[2026-03-08T08:11:54.611+0700] {logging_mixin.py:190} INFO - [2026-03-08T08:11:54.611+0700] {dag.py:4138} INFO - Setting next_dagrun for dag_scraping_twitter to 2026-03-07 23:00:00+00:00, run_after=2026-03-08 11:00:00+00:00
[2026-03-08T08:11:54.634+0700] {processor.py:208} INFO - Processing /opt/airflow/dags/dag_scraping_twitter.py took 0.103 seconds
[2026-03-08T08:12:25.606+0700] {processor.py:186} INFO - Started process (PID=58329) to work on /opt/airflow/dags/dag_scraping_twitter.py
[2026-03-08T08:12:25.607+0700] {processor.py:914} INFO - Processing file /opt/airflow/dags/dag_scraping_twitter.py for tasks to queue
[2026-03-08T08:12:25.611+0700] {logging_mixin.py:190} INFO - [2026-03-08T08:12:25.610+0700] {dagbag.py:587} INFO - Filling up the DagBag from /opt/airflow/dags/dag_scraping_twitter.py
[2026-03-08T08:12:25.629+0700] {processor.py:925} INFO - DAG(s) 'dag_scraping_twitter' retrieved from /opt/airflow/dags/dag_scraping_twitter.py
[2026-03-08T08:12:25.656+0700] {logging_mixin.py:190} INFO - [2026-03-08T08:12:25.656+0700] {dag.py:3211} INFO - Sync 1 DAGs
[2026-03-08T08:12:25.681+0700] {logging_mixin.py:190} INFO - [2026-03-08T08:12:25.681+0700] {dag.py:4138} INFO - Setting next_dagrun for dag_scraping_twitter to 2026-03-07 23:00:00+00:00, run_after=2026-03-08 11:00:00+00:00
[2026-03-08T08:12:25.705+0700] {processor.py:208} INFO - Processing /opt/airflow/dags/dag_scraping_twitter.py took 0.106 seconds
[2026-03-08T08:12:55.825+0700] {processor.py:186} INFO - Started process (PID=58363) to work on /opt/airflow/dags/dag_scraping_twitter.py
[2026-03-08T08:12:55.827+0700] {processor.py:914} INFO - Processing file /opt/airflow/dags/dag_scraping_twitter.py for tasks to queue
[2026-03-08T08:12:55.829+0700] {logging_mixin.py:190} INFO - [2026-03-08T08:12:55.829+0700] {dagbag.py:587} INFO - Filling up the DagBag from /opt/airflow/dags/dag_scraping_twitter.py
[2026-03-08T08:12:55.847+0700] {processor.py:925} INFO - DAG(s) 'dag_scraping_twitter' retrieved from /opt/airflow/dags/dag_scraping_twitter.py
[2026-03-08T08:12:55.874+0700] {logging_mixin.py:190} INFO - [2026-03-08T08:12:55.874+0700] {dag.py:3211} INFO - Sync 1 DAGs
[2026-03-08T08:12:55.897+0700] {logging_mixin.py:190} INFO - [2026-03-08T08:12:55.897+0700] {dag.py:4138} INFO - Setting next_dagrun for dag_scraping_twitter to 2026-03-07 23:00:00+00:00, run_after=2026-03-08 11:00:00+00:00
[2026-03-08T08:12:55.922+0700] {processor.py:208} INFO - Processing /opt/airflow/dags/dag_scraping_twitter.py took 0.103 seconds
[2026-03-08T08:13:26.952+0700] {processor.py:186} INFO - Started process (PID=58391) to work on /opt/airflow/dags/dag_scraping_twitter.py
[2026-03-08T08:13:26.953+0700] {processor.py:914} INFO - Processing file /opt/airflow/dags/dag_scraping_twitter.py for tasks to queue
[2026-03-08T08:13:26.955+0700] {logging_mixin.py:190} INFO - [2026-03-08T08:13:26.955+0700] {dagbag.py:587} INFO - Filling up the DagBag from /opt/airflow/dags/dag_scraping_twitter.py
[2026-03-08T08:13:26.976+0700] {processor.py:925} INFO - DAG(s) 'dag_scraping_twitter' retrieved from /opt/airflow/dags/dag_scraping_twitter.py
[2026-03-08T08:13:27.008+0700] {logging_mixin.py:190} INFO - [2026-03-08T08:13:27.007+0700] {dag.py:3211} INFO - Sync 1 DAGs
[2026-03-08T08:13:27.033+0700] {logging_mixin.py:190} INFO - [2026-03-08T08:13:27.032+0700] {dag.py:4138} INFO - Setting next_dagrun for dag_scraping_twitter to 2026-03-07 23:00:00+00:00, run_after=2026-03-08 11:00:00+00:00
[2026-03-08T08:13:27.056+0700] {processor.py:208} INFO - Processing /opt/airflow/dags/dag_scraping_twitter.py took 0.111 seconds
[2026-03-08T08:13:57.116+0700] {processor.py:186} INFO - Started process (PID=58419) to work on /opt/airflow/dags/dag_scraping_twitter.py
[2026-03-08T08:13:57.117+0700] {processor.py:914} INFO - Processing file /opt/airflow/dags/dag_scraping_twitter.py for tasks to queue
[2026-03-08T08:13:57.120+0700] {logging_mixin.py:190} INFO - [2026-03-08T08:13:57.119+0700] {dagbag.py:587} INFO - Filling up the DagBag from /opt/airflow/dags/dag_scraping_twitter.py
[2026-03-08T08:13:57.139+0700] {processor.py:925} INFO - DAG(s) 'dag_scraping_twitter' retrieved from /opt/airflow/dags/dag_scraping_twitter.py
[2026-03-08T08:13:57.165+0700] {logging_mixin.py:190} INFO - [2026-03-08T08:13:57.165+0700] {dag.py:3211} INFO - Sync 1 DAGs
[2026-03-08T08:13:57.188+0700] {logging_mixin.py:190} INFO - [2026-03-08T08:13:57.188+0700] {dag.py:4138} INFO - Setting next_dagrun for dag_scraping_twitter to 2026-03-07 23:00:00+00:00, run_after=2026-03-08 11:00:00+00:00
[2026-03-08T08:13:57.212+0700] {processor.py:208} INFO - Processing /opt/airflow/dags/dag_scraping_twitter.py took 0.103 seconds
[2026-03-08T08:14:28.211+0700] {processor.py:186} INFO - Started process (PID=58447) to work on /opt/airflow/dags/dag_scraping_twitter.py
[2026-03-08T08:14:28.212+0700] {processor.py:914} INFO - Processing file /opt/airflow/dags/dag_scraping_twitter.py for tasks to queue
[2026-03-08T08:14:28.216+0700] {logging_mixin.py:190} INFO - [2026-03-08T08:14:28.215+0700] {dagbag.py:587} INFO - Filling up the DagBag from /opt/airflow/dags/dag_scraping_twitter.py
[2026-03-08T08:14:28.237+0700] {processor.py:925} INFO - DAG(s) 'dag_scraping_twitter' retrieved from /opt/airflow/dags/dag_scraping_twitter.py
[2026-03-08T08:14:28.265+0700] {logging_mixin.py:190} INFO - [2026-03-08T08:14:28.265+0700] {dag.py:3211} INFO - Sync 1 DAGs
[2026-03-08T08:14:28.290+0700] {logging_mixin.py:190} INFO - [2026-03-08T08:14:28.290+0700] {dag.py:4138} INFO - Setting next_dagrun for dag_scraping_twitter to 2026-03-07 23:00:00+00:00, run_after=2026-03-08 11:00:00+00:00
[2026-03-08T08:14:28.314+0700] {processor.py:208} INFO - Processing /opt/airflow/dags/dag_scraping_twitter.py took 0.109 seconds
[2026-03-08T08:14:59.355+0700] {processor.py:186} INFO - Started process (PID=58475) to work on /opt/airflow/dags/dag_scraping_twitter.py
[2026-03-08T08:14:59.357+0700] {processor.py:914} INFO - Processing file /opt/airflow/dags/dag_scraping_twitter.py for tasks to queue
[2026-03-08T08:14:59.359+0700] {logging_mixin.py:190} INFO - [2026-03-08T08:14:59.359+0700] {dagbag.py:587} INFO - Filling up the DagBag from /opt/airflow/dags/dag_scraping_twitter.py
[2026-03-08T08:14:59.378+0700] {processor.py:925} INFO - DAG(s) 'dag_scraping_twitter' retrieved from /opt/airflow/dags/dag_scraping_twitter.py
[2026-03-08T08:14:59.403+0700] {logging_mixin.py:190} INFO - [2026-03-08T08:14:59.403+0700] {dag.py:3211} INFO - Sync 1 DAGs
[2026-03-08T08:14:59.427+0700] {logging_mixin.py:190} INFO - [2026-03-08T08:14:59.427+0700] {dag.py:4138} INFO - Setting next_dagrun for dag_scraping_twitter to 2026-03-07 23:00:00+00:00, run_after=2026-03-08 11:00:00+00:00
[2026-03-08T08:14:59.452+0700] {processor.py:208} INFO - Processing /opt/airflow/dags/dag_scraping_twitter.py took 0.104 seconds
[2026-03-08T08:15:30.448+0700] {processor.py:186} INFO - Started process (PID=58509) to work on /opt/airflow/dags/dag_scraping_twitter.py
[2026-03-08T08:15:30.450+0700] {processor.py:914} INFO - Processing file /opt/airflow/dags/dag_scraping_twitter.py for tasks to queue
[2026-03-08T08:15:30.452+0700] {logging_mixin.py:190} INFO - [2026-03-08T08:15:30.452+0700] {dagbag.py:587} INFO - Filling up the DagBag from /opt/airflow/dags/dag_scraping_twitter.py
[2026-03-08T08:15:30.472+0700] {processor.py:925} INFO - DAG(s) 'dag_scraping_twitter' retrieved from /opt/airflow/dags/dag_scraping_twitter.py
[2026-03-08T08:15:30.505+0700] {logging_mixin.py:190} INFO - [2026-03-08T08:15:30.504+0700] {dag.py:3211} INFO - Sync 1 DAGs
[2026-03-08T08:15:30.528+0700] {logging_mixin.py:190} INFO - [2026-03-08T08:15:30.528+0700] {dag.py:4138} INFO - Setting next_dagrun for dag_scraping_twitter to 2026-03-07 23:00:00+00:00, run_after=2026-03-08 11:00:00+00:00
[2026-03-08T08:15:30.555+0700] {processor.py:208} INFO - Processing /opt/airflow/dags/dag_scraping_twitter.py took 0.113 seconds
[2026-03-08T08:16:01.175+0700] {processor.py:186} INFO - Started process (PID=58537) to work on /opt/airflow/dags/dag_scraping_twitter.py
[2026-03-08T08:16:01.177+0700] {processor.py:914} INFO - Processing file /opt/airflow/dags/dag_scraping_twitter.py for tasks to queue
[2026-03-08T08:16:01.180+0700] {logging_mixin.py:190} INFO - [2026-03-08T08:16:01.179+0700] {dagbag.py:587} INFO - Filling up the DagBag from /opt/airflow/dags/dag_scraping_twitter.py
[2026-03-08T08:16:01.201+0700] {processor.py:925} INFO - DAG(s) 'dag_scraping_twitter' retrieved from /opt/airflow/dags/dag_scraping_twitter.py
[2026-03-08T08:16:01.228+0700] {logging_mixin.py:190} INFO - [2026-03-08T08:16:01.228+0700] {dag.py:3211} INFO - Sync 1 DAGs
[2026-03-08T08:16:01.253+0700] {logging_mixin.py:190} INFO - [2026-03-08T08:16:01.253+0700] {dag.py:4138} INFO - Setting next_dagrun for dag_scraping_twitter to 2026-03-07 23:00:00+00:00, run_after=2026-03-08 11:00:00+00:00
[2026-03-08T08:16:01.277+0700] {processor.py:208} INFO - Processing /opt/airflow/dags/dag_scraping_twitter.py took 0.108 seconds
[2026-03-08T08:16:31.765+0700] {processor.py:186} INFO - Started process (PID=58565) to work on /opt/airflow/dags/dag_scraping_twitter.py
[2026-03-08T08:16:31.767+0700] {processor.py:914} INFO - Processing file /opt/airflow/dags/dag_scraping_twitter.py for tasks to queue
[2026-03-08T08:16:31.771+0700] {logging_mixin.py:190} INFO - [2026-03-08T08:16:31.771+0700] {dagbag.py:587} INFO - Filling up the DagBag from /opt/airflow/dags/dag_scraping_twitter.py
[2026-03-08T08:16:31.791+0700] {processor.py:925} INFO - DAG(s) 'dag_scraping_twitter' retrieved from /opt/airflow/dags/dag_scraping_twitter.py
[2026-03-08T08:16:31.820+0700] {logging_mixin.py:190} INFO - [2026-03-08T08:16:31.820+0700] {dag.py:3211} INFO - Sync 1 DAGs
[2026-03-08T08:16:31.843+0700] {logging_mixin.py:190} INFO - [2026-03-08T08:16:31.843+0700] {dag.py:4138} INFO - Setting next_dagrun for dag_scraping_twitter to 2026-03-07 23:00:00+00:00, run_after=2026-03-08 11:00:00+00:00
[2026-03-08T08:16:31.867+0700] {processor.py:208} INFO - Processing /opt/airflow/dags/dag_scraping_twitter.py took 0.109 seconds
[2026-03-08T08:17:02.348+0700] {processor.py:186} INFO - Started process (PID=58593) to work on /opt/airflow/dags/dag_scraping_twitter.py
[2026-03-08T08:17:02.349+0700] {processor.py:914} INFO - Processing file /opt/airflow/dags/dag_scraping_twitter.py for tasks to queue
[2026-03-08T08:17:02.352+0700] {logging_mixin.py:190} INFO - [2026-03-08T08:17:02.351+0700] {dagbag.py:587} INFO - Filling up the DagBag from /opt/airflow/dags/dag_scraping_twitter.py
[2026-03-08T08:17:02.372+0700] {processor.py:925} INFO - DAG(s) 'dag_scraping_twitter' retrieved from /opt/airflow/dags/dag_scraping_twitter.py
[2026-03-08T08:17:02.398+0700] {logging_mixin.py:190} INFO - [2026-03-08T08:17:02.398+0700] {dag.py:3211} INFO - Sync 1 DAGs
[2026-03-08T08:17:02.420+0700] {logging_mixin.py:190} INFO - [2026-03-08T08:17:02.420+0700] {dag.py:4138} INFO - Setting next_dagrun for dag_scraping_twitter to 2026-03-07 23:00:00+00:00, run_after=2026-03-08 11:00:00+00:00
[2026-03-08T08:17:02.445+0700] {processor.py:208} INFO - Processing /opt/airflow/dags/dag_scraping_twitter.py took 0.106 seconds
[2026-03-08T08:17:33.461+0700] {processor.py:186} INFO - Started process (PID=58621) to work on /opt/airflow/dags/dag_scraping_twitter.py
[2026-03-08T08:17:33.462+0700] {processor.py:914} INFO - Processing file /opt/airflow/dags/dag_scraping_twitter.py for tasks to queue
[2026-03-08T08:17:33.464+0700] {logging_mixin.py:190} INFO - [2026-03-08T08:17:33.464+0700] {dagbag.py:587} INFO - Filling up the DagBag from /opt/airflow/dags/dag_scraping_twitter.py
[2026-03-08T08:17:33.484+0700] {processor.py:925} INFO - DAG(s) 'dag_scraping_twitter' retrieved from /opt/airflow/dags/dag_scraping_twitter.py
[2026-03-08T08:17:33.510+0700] {logging_mixin.py:190} INFO - [2026-03-08T08:17:33.510+0700] {dag.py:3211} INFO - Sync 1 DAGs
[2026-03-08T08:17:33.535+0700] {logging_mixin.py:190} INFO - [2026-03-08T08:17:33.535+0700] {dag.py:4138} INFO - Setting next_dagrun for dag_scraping_twitter to 2026-03-07 23:00:00+00:00, run_after=2026-03-08 11:00:00+00:00
[2026-03-08T08:17:33.558+0700] {processor.py:208} INFO - Processing /opt/airflow/dags/dag_scraping_twitter.py took 0.105 seconds
[2026-03-08T08:18:03.616+0700] {processor.py:186} INFO - Started process (PID=58655) to work on /opt/airflow/dags/dag_scraping_twitter.py
[2026-03-08T08:18:03.617+0700] {processor.py:914} INFO - Processing file /opt/airflow/dags/dag_scraping_twitter.py for tasks to queue
[2026-03-08T08:18:03.620+0700] {logging_mixin.py:190} INFO - [2026-03-08T08:18:03.620+0700] {dagbag.py:587} INFO - Filling up the DagBag from /opt/airflow/dags/dag_scraping_twitter.py
[2026-03-08T08:18:03.642+0700] {processor.py:925} INFO - DAG(s) 'dag_scraping_twitter' retrieved from /opt/airflow/dags/dag_scraping_twitter.py
[2026-03-08T08:18:03.668+0700] {logging_mixin.py:190} INFO - [2026-03-08T08:18:03.668+0700] {dag.py:3211} INFO - Sync 1 DAGs
[2026-03-08T08:18:03.691+0700] {logging_mixin.py:190} INFO - [2026-03-08T08:18:03.691+0700] {dag.py:4138} INFO - Setting next_dagrun for dag_scraping_twitter to 2026-03-07 23:00:00+00:00, run_after=2026-03-08 11:00:00+00:00
[2026-03-08T08:18:03.716+0700] {processor.py:208} INFO - Processing /opt/airflow/dags/dag_scraping_twitter.py took 0.108 seconds
[2026-03-08T08:18:33.784+0700] {processor.py:186} INFO - Started process (PID=58683) to work on /opt/airflow/dags/dag_scraping_twitter.py
[2026-03-08T08:18:33.785+0700] {processor.py:914} INFO - Processing file /opt/airflow/dags/dag_scraping_twitter.py for tasks to queue
[2026-03-08T08:18:33.788+0700] {logging_mixin.py:190} INFO - [2026-03-08T08:18:33.788+0700] {dagbag.py:587} INFO - Filling up the DagBag from /opt/airflow/dags/dag_scraping_twitter.py
[2026-03-08T08:18:33.806+0700] {processor.py:925} INFO - DAG(s) 'dag_scraping_twitter' retrieved from /opt/airflow/dags/dag_scraping_twitter.py
[2026-03-08T08:18:33.832+0700] {logging_mixin.py:190} INFO - [2026-03-08T08:18:33.832+0700] {dag.py:3211} INFO - Sync 1 DAGs
[2026-03-08T08:18:33.856+0700] {logging_mixin.py:190} INFO - [2026-03-08T08:18:33.856+0700] {dag.py:4138} INFO - Setting next_dagrun for dag_scraping_twitter to 2026-03-07 23:00:00+00:00, run_after=2026-03-08 11:00:00+00:00
[2026-03-08T08:18:33.882+0700] {processor.py:208} INFO - Processing /opt/airflow/dags/dag_scraping_twitter.py took 0.104 seconds
[2026-03-08T08:19:04.797+0700] {processor.py:186} INFO - Started process (PID=58711) to work on /opt/airflow/dags/dag_scraping_twitter.py
[2026-03-08T08:19:04.798+0700] {processor.py:914} INFO - Processing file /opt/airflow/dags/dag_scraping_twitter.py for tasks to queue
[2026-03-08T08:19:04.802+0700] {logging_mixin.py:190} INFO - [2026-03-08T08:19:04.801+0700] {dagbag.py:587} INFO - Filling up the DagBag from /opt/airflow/dags/dag_scraping_twitter.py
[2026-03-08T08:19:04.823+0700] {processor.py:925} INFO - DAG(s) 'dag_scraping_twitter' retrieved from /opt/airflow/dags/dag_scraping_twitter.py
[2026-03-08T08:19:04.848+0700] {logging_mixin.py:190} INFO - [2026-03-08T08:19:04.848+0700] {dag.py:3211} INFO - Sync 1 DAGs
[2026-03-08T08:19:04.873+0700] {logging_mixin.py:190} INFO - [2026-03-08T08:19:04.873+0700] {dag.py:4138} INFO - Setting next_dagrun for dag_scraping_twitter to 2026-03-07 23:00:00+00:00, run_after=2026-03-08 11:00:00+00:00
[2026-03-08T08:19:04.898+0700] {processor.py:208} INFO - Processing /opt/airflow/dags/dag_scraping_twitter.py took 0.108 seconds
[2026-03-08T08:19:34.950+0700] {processor.py:186} INFO - Started process (PID=58739) to work on /opt/airflow/dags/dag_scraping_twitter.py
[2026-03-08T08:19:34.951+0700] {processor.py:914} INFO - Processing file /opt/airflow/dags/dag_scraping_twitter.py for tasks to queue
[2026-03-08T08:19:34.954+0700] {logging_mixin.py:190} INFO - [2026-03-08T08:19:34.953+0700] {dagbag.py:587} INFO - Filling up the DagBag from /opt/airflow/dags/dag_scraping_twitter.py
[2026-03-08T08:19:34.974+0700] {processor.py:925} INFO - DAG(s) 'dag_scraping_twitter' retrieved from /opt/airflow/dags/dag_scraping_twitter.py
[2026-03-08T08:19:35.000+0700] {logging_mixin.py:190} INFO - [2026-03-08T08:19:35.000+0700] {dag.py:3211} INFO - Sync 1 DAGs
[2026-03-08T08:19:35.024+0700] {logging_mixin.py:190} INFO - [2026-03-08T08:19:35.023+0700] {dag.py:4138} INFO - Setting next_dagrun for dag_scraping_twitter to 2026-03-07 23:00:00+00:00, run_after=2026-03-08 11:00:00+00:00
[2026-03-08T08:19:35.050+0700] {processor.py:208} INFO - Processing /opt/airflow/dags/dag_scraping_twitter.py took 0.108 seconds
[2026-03-08T08:20:06.046+0700] {processor.py:186} INFO - Started process (PID=58767) to work on /opt/airflow/dags/dag_scraping_twitter.py
[2026-03-08T08:20:06.047+0700] {processor.py:914} INFO - Processing file /opt/airflow/dags/dag_scraping_twitter.py for tasks to queue
[2026-03-08T08:20:06.049+0700] {logging_mixin.py:190} INFO - [2026-03-08T08:20:06.049+0700] {dagbag.py:587} INFO - Filling up the DagBag from /opt/airflow/dags/dag_scraping_twitter.py
[2026-03-08T08:20:06.069+0700] {processor.py:925} INFO - DAG(s) 'dag_scraping_twitter' retrieved from /opt/airflow/dags/dag_scraping_twitter.py
[2026-03-08T08:20:06.096+0700] {logging_mixin.py:190} INFO - [2026-03-08T08:20:06.095+0700] {dag.py:3211} INFO - Sync 1 DAGs
[2026-03-08T08:20:06.120+0700] {logging_mixin.py:190} INFO - [2026-03-08T08:20:06.119+0700] {dag.py:4138} INFO - Setting next_dagrun for dag_scraping_twitter to 2026-03-07 23:00:00+00:00, run_after=2026-03-08 11:00:00+00:00
[2026-03-08T08:20:06.143+0700] {processor.py:208} INFO - Processing /opt/airflow/dags/dag_scraping_twitter.py took 0.104 seconds
[2026-03-08T08:20:37.053+0700] {processor.py:186} INFO - Started process (PID=58795) to work on /opt/airflow/dags/dag_scraping_twitter.py
[2026-03-08T08:20:37.054+0700] {processor.py:914} INFO - Processing file /opt/airflow/dags/dag_scraping_twitter.py for tasks to queue
[2026-03-08T08:20:37.057+0700] {logging_mixin.py:190} INFO - [2026-03-08T08:20:37.057+0700] {dagbag.py:587} INFO - Filling up the DagBag from /opt/airflow/dags/dag_scraping_twitter.py
[2026-03-08T08:20:37.076+0700] {processor.py:925} INFO - DAG(s) 'dag_scraping_twitter' retrieved from /opt/airflow/dags/dag_scraping_twitter.py
[2026-03-08T08:20:37.108+0700] {logging_mixin.py:190} INFO - [2026-03-08T08:20:37.108+0700] {dag.py:3211} INFO - Sync 1 DAGs
[2026-03-08T08:20:37.134+0700] {logging_mixin.py:190} INFO - [2026-03-08T08:20:37.133+0700] {dag.py:4138} INFO - Setting next_dagrun for dag_scraping_twitter to 2026-03-07 23:00:00+00:00, run_after=2026-03-08 11:00:00+00:00
[2026-03-08T08:20:37.159+0700] {processor.py:208} INFO - Processing /opt/airflow/dags/dag_scraping_twitter.py took 0.113 seconds
[2026-03-08T08:21:07.221+0700] {processor.py:186} INFO - Started process (PID=58829) to work on /opt/airflow/dags/dag_scraping_twitter.py
[2026-03-08T08:21:07.222+0700] {processor.py:914} INFO - Processing file /opt/airflow/dags/dag_scraping_twitter.py for tasks to queue
[2026-03-08T08:21:07.224+0700] {logging_mixin.py:190} INFO - [2026-03-08T08:21:07.224+0700] {dagbag.py:587} INFO - Filling up the DagBag from /opt/airflow/dags/dag_scraping_twitter.py
[2026-03-08T08:21:07.247+0700] {processor.py:925} INFO - DAG(s) 'dag_scraping_twitter' retrieved from /opt/airflow/dags/dag_scraping_twitter.py
[2026-03-08T08:21:07.274+0700] {logging_mixin.py:190} INFO - [2026-03-08T08:21:07.274+0700] {dag.py:3211} INFO - Sync 1 DAGs
[2026-03-08T08:21:07.296+0700] {logging_mixin.py:190} INFO - [2026-03-08T08:21:07.296+0700] {dag.py:4138} INFO - Setting next_dagrun for dag_scraping_twitter to 2026-03-07 23:00:00+00:00, run_after=2026-03-08 11:00:00+00:00
[2026-03-08T08:21:07.320+0700] {processor.py:208} INFO - Processing /opt/airflow/dags/dag_scraping_twitter.py took 0.107 seconds
[2026-03-08T08:21:38.259+0700] {processor.py:186} INFO - Started process (PID=58857) to work on /opt/airflow/dags/dag_scraping_twitter.py
[2026-03-08T08:21:38.261+0700] {processor.py:914} INFO - Processing file /opt/airflow/dags/dag_scraping_twitter.py for tasks to queue
[2026-03-08T08:21:38.263+0700] {logging_mixin.py:190} INFO - [2026-03-08T08:21:38.263+0700] {dagbag.py:587} INFO - Filling up the DagBag from /opt/airflow/dags/dag_scraping_twitter.py
[2026-03-08T08:21:38.283+0700] {processor.py:925} INFO - DAG(s) 'dag_scraping_twitter' retrieved from /opt/airflow/dags/dag_scraping_twitter.py
[2026-03-08T08:21:38.311+0700] {logging_mixin.py:190} INFO - [2026-03-08T08:21:38.311+0700] {dag.py:3211} INFO - Sync 1 DAGs
[2026-03-08T08:21:38.336+0700] {logging_mixin.py:190} INFO - [2026-03-08T08:21:38.336+0700] {dag.py:4138} INFO - Setting next_dagrun for dag_scraping_twitter to 2026-03-07 23:00:00+00:00, run_after=2026-03-08 11:00:00+00:00
[2026-03-08T08:21:38.361+0700] {processor.py:208} INFO - Processing /opt/airflow/dags/dag_scraping_twitter.py took 0.109 seconds
[2026-03-08T08:22:09.314+0700] {processor.py:186} INFO - Started process (PID=58886) to work on /opt/airflow/dags/dag_scraping_twitter.py
[2026-03-08T08:22:09.316+0700] {processor.py:914} INFO - Processing file /opt/airflow/dags/dag_scraping_twitter.py for tasks to queue
[2026-03-08T08:22:09.319+0700] {logging_mixin.py:190} INFO - [2026-03-08T08:22:09.318+0700] {dagbag.py:587} INFO - Filling up the DagBag from /opt/airflow/dags/dag_scraping_twitter.py
[2026-03-08T08:22:09.339+0700] {processor.py:925} INFO - DAG(s) 'dag_scraping_twitter' retrieved from /opt/airflow/dags/dag_scraping_twitter.py
[2026-03-08T08:22:09.367+0700] {logging_mixin.py:190} INFO - [2026-03-08T08:22:09.367+0700] {dag.py:3211} INFO - Sync 1 DAGs
[2026-03-08T08:22:09.391+0700] {logging_mixin.py:190} INFO - [2026-03-08T08:22:09.390+0700] {dag.py:4138} INFO - Setting next_dagrun for dag_scraping_twitter to 2026-03-07 23:00:00+00:00, run_after=2026-03-08 11:00:00+00:00
[2026-03-08T08:22:09.414+0700] {processor.py:208} INFO - Processing /opt/airflow/dags/dag_scraping_twitter.py took 0.106 seconds
[2026-03-08T08:22:40.394+0700] {processor.py:186} INFO - Started process (PID=58914) to work on /opt/airflow/dags/dag_scraping_twitter.py
[2026-03-08T08:22:40.396+0700] {processor.py:914} INFO - Processing file /opt/airflow/dags/dag_scraping_twitter.py for tasks to queue
[2026-03-08T08:22:40.400+0700] {logging_mixin.py:190} INFO - [2026-03-08T08:22:40.400+0700] {dagbag.py:587} INFO - Filling up the DagBag from /opt/airflow/dags/dag_scraping_twitter.py
[2026-03-08T08:22:40.421+0700] {processor.py:925} INFO - DAG(s) 'dag_scraping_twitter' retrieved from /opt/airflow/dags/dag_scraping_twitter.py
[2026-03-08T08:22:40.446+0700] {logging_mixin.py:190} INFO - [2026-03-08T08:22:40.446+0700] {dag.py:3211} INFO - Sync 1 DAGs
[2026-03-08T08:22:40.470+0700] {logging_mixin.py:190} INFO - [2026-03-08T08:22:40.470+0700] {dag.py:4138} INFO - Setting next_dagrun for dag_scraping_twitter to 2026-03-07 23:00:00+00:00, run_after=2026-03-08 11:00:00+00:00
[2026-03-08T08:22:40.494+0700] {processor.py:208} INFO - Processing /opt/airflow/dags/dag_scraping_twitter.py took 0.107 seconds
[2026-03-08T08:23:11.129+0700] {processor.py:186} INFO - Started process (PID=58948) to work on /opt/airflow/dags/dag_scraping_twitter.py
[2026-03-08T08:23:11.130+0700] {processor.py:914} INFO - Processing file /opt/airflow/dags/dag_scraping_twitter.py for tasks to queue
[2026-03-08T08:23:11.132+0700] {logging_mixin.py:190} INFO - [2026-03-08T08:23:11.132+0700] {dagbag.py:587} INFO - Filling up the DagBag from /opt/airflow/dags/dag_scraping_twitter.py
[2026-03-08T08:23:11.151+0700] {processor.py:925} INFO - DAG(s) 'dag_scraping_twitter' retrieved from /opt/airflow/dags/dag_scraping_twitter.py
[2026-03-08T08:23:11.177+0700] {logging_mixin.py:190} INFO - [2026-03-08T08:23:11.177+0700] {dag.py:3211} INFO - Sync 1 DAGs
[2026-03-08T08:23:11.200+0700] {logging_mixin.py:190} INFO - [2026-03-08T08:23:11.200+0700] {dag.py:4138} INFO - Setting next_dagrun for dag_scraping_twitter to 2026-03-07 23:00:00+00:00, run_after=2026-03-08 11:00:00+00:00
[2026-03-08T08:23:11.224+0700] {processor.py:208} INFO - Processing /opt/airflow/dags/dag_scraping_twitter.py took 0.102 seconds
[2026-03-08T08:23:41.423+0700] {processor.py:186} INFO - Started process (PID=58976) to work on /opt/airflow/dags/dag_scraping_twitter.py
[2026-03-08T08:23:41.425+0700] {processor.py:914} INFO - Processing file /opt/airflow/dags/dag_scraping_twitter.py for tasks to queue
[2026-03-08T08:23:41.427+0700] {logging_mixin.py:190} INFO - [2026-03-08T08:23:41.427+0700] {dagbag.py:587} INFO - Filling up the DagBag from /opt/airflow/dags/dag_scraping_twitter.py
[2026-03-08T08:23:41.453+0700] {processor.py:925} INFO - DAG(s) 'dag_scraping_twitter' retrieved from /opt/airflow/dags/dag_scraping_twitter.py
[2026-03-08T08:23:41.483+0700] {logging_mixin.py:190} INFO - [2026-03-08T08:23:41.483+0700] {dag.py:3211} INFO - Sync 1 DAGs
[2026-03-08T08:23:41.508+0700] {logging_mixin.py:190} INFO - [2026-03-08T08:23:41.508+0700] {dag.py:4138} INFO - Setting next_dagrun for dag_scraping_twitter to 2026-03-07 23:00:00+00:00, run_after=2026-03-08 11:00:00+00:00
[2026-03-08T08:23:41.531+0700] {processor.py:208} INFO - Processing /opt/airflow/dags/dag_scraping_twitter.py took 0.114 seconds
[2026-03-08T08:24:11.583+0700] {processor.py:186} INFO - Started process (PID=59004) to work on /opt/airflow/dags/dag_scraping_twitter.py
[2026-03-08T08:24:11.584+0700] {processor.py:914} INFO - Processing file /opt/airflow/dags/dag_scraping_twitter.py for tasks to queue
[2026-03-08T08:24:11.587+0700] {logging_mixin.py:190} INFO - [2026-03-08T08:24:11.586+0700] {dagbag.py:587} INFO - Filling up the DagBag from /opt/airflow/dags/dag_scraping_twitter.py
[2026-03-08T08:24:11.605+0700] {processor.py:925} INFO - DAG(s) 'dag_scraping_twitter' retrieved from /opt/airflow/dags/dag_scraping_twitter.py
[2026-03-08T08:24:11.630+0700] {logging_mixin.py:190} INFO - [2026-03-08T08:24:11.629+0700] {dag.py:3211} INFO - Sync 1 DAGs
[2026-03-08T08:24:11.653+0700] {logging_mixin.py:190} INFO - [2026-03-08T08:24:11.653+0700] {dag.py:4138} INFO - Setting next_dagrun for dag_scraping_twitter to 2026-03-07 23:00:00+00:00, run_after=2026-03-08 11:00:00+00:00
[2026-03-08T08:24:11.677+0700] {processor.py:208} INFO - Processing /opt/airflow/dags/dag_scraping_twitter.py took 0.100 seconds
[2026-03-08T08:24:41.808+0700] {processor.py:186} INFO - Started process (PID=59032) to work on /opt/airflow/dags/dag_scraping_twitter.py
[2026-03-08T08:24:41.809+0700] {processor.py:914} INFO - Processing file /opt/airflow/dags/dag_scraping_twitter.py for tasks to queue
[2026-03-08T08:24:41.812+0700] {logging_mixin.py:190} INFO - [2026-03-08T08:24:41.812+0700] {dagbag.py:587} INFO - Filling up the DagBag from /opt/airflow/dags/dag_scraping_twitter.py
[2026-03-08T08:24:41.833+0700] {processor.py:925} INFO - DAG(s) 'dag_scraping_twitter' retrieved from /opt/airflow/dags/dag_scraping_twitter.py
[2026-03-08T08:24:41.858+0700] {logging_mixin.py:190} INFO - [2026-03-08T08:24:41.858+0700] {dag.py:3211} INFO - Sync 1 DAGs
[2026-03-08T08:24:41.889+0700] {logging_mixin.py:190} INFO - [2026-03-08T08:24:41.888+0700] {dag.py:4138} INFO - Setting next_dagrun for dag_scraping_twitter to 2026-03-07 23:00:00+00:00, run_after=2026-03-08 11:00:00+00:00
[2026-03-08T08:24:41.914+0700] {processor.py:208} INFO - Processing /opt/airflow/dags/dag_scraping_twitter.py took 0.114 seconds
[2026-03-08T08:25:12.255+0700] {processor.py:186} INFO - Started process (PID=59060) to work on /opt/airflow/dags/dag_scraping_twitter.py
[2026-03-08T08:25:12.256+0700] {processor.py:914} INFO - Processing file /opt/airflow/dags/dag_scraping_twitter.py for tasks to queue
[2026-03-08T08:25:12.258+0700] {logging_mixin.py:190} INFO - [2026-03-08T08:25:12.258+0700] {dagbag.py:587} INFO - Filling up the DagBag from /opt/airflow/dags/dag_scraping_twitter.py
[2026-03-08T08:25:12.277+0700] {processor.py:925} INFO - DAG(s) 'dag_scraping_twitter' retrieved from /opt/airflow/dags/dag_scraping_twitter.py
[2026-03-08T08:25:12.304+0700] {logging_mixin.py:190} INFO - [2026-03-08T08:25:12.304+0700] {dag.py:3211} INFO - Sync 1 DAGs
[2026-03-08T08:25:12.326+0700] {logging_mixin.py:190} INFO - [2026-03-08T08:25:12.326+0700] {dag.py:4138} INFO - Setting next_dagrun for dag_scraping_twitter to 2026-03-07 23:00:00+00:00, run_after=2026-03-08 11:00:00+00:00
[2026-03-08T08:25:12.352+0700] {processor.py:208} INFO - Processing /opt/airflow/dags/dag_scraping_twitter.py took 0.105 seconds
[2026-03-08T08:25:43.301+0700] {processor.py:186} INFO - Started process (PID=59088) to work on /opt/airflow/dags/dag_scraping_twitter.py
[2026-03-08T08:25:43.302+0700] {processor.py:914} INFO - Processing file /opt/airflow/dags/dag_scraping_twitter.py for tasks to queue
[2026-03-08T08:25:43.304+0700] {logging_mixin.py:190} INFO - [2026-03-08T08:25:43.304+0700] {dagbag.py:587} INFO - Filling up the DagBag from /opt/airflow/dags/dag_scraping_twitter.py
[2026-03-08T08:25:43.325+0700] {processor.py:925} INFO - DAG(s) 'dag_scraping_twitter' retrieved from /opt/airflow/dags/dag_scraping_twitter.py
[2026-03-08T08:25:43.352+0700] {logging_mixin.py:190} INFO - [2026-03-08T08:25:43.352+0700] {dag.py:3211} INFO - Sync 1 DAGs
[2026-03-08T08:25:43.377+0700] {logging_mixin.py:190} INFO - [2026-03-08T08:25:43.377+0700] {dag.py:4138} INFO - Setting next_dagrun for dag_scraping_twitter to 2026-03-07 23:00:00+00:00, run_after=2026-03-08 11:00:00+00:00
[2026-03-08T08:25:43.401+0700] {processor.py:208} INFO - Processing /opt/airflow/dags/dag_scraping_twitter.py took 0.106 seconds
[2026-03-08T08:26:13.530+0700] {processor.py:186} INFO - Started process (PID=59116) to work on /opt/airflow/dags/dag_scraping_twitter.py
[2026-03-08T08:26:13.531+0700] {processor.py:914} INFO - Processing file /opt/airflow/dags/dag_scraping_twitter.py for tasks to queue
[2026-03-08T08:26:13.533+0700] {logging_mixin.py:190} INFO - [2026-03-08T08:26:13.533+0700] {dagbag.py:587} INFO - Filling up the DagBag from /opt/airflow/dags/dag_scraping_twitter.py
[2026-03-08T08:26:13.554+0700] {processor.py:925} INFO - DAG(s) 'dag_scraping_twitter' retrieved from /opt/airflow/dags/dag_scraping_twitter.py
[2026-03-08T08:26:13.580+0700] {logging_mixin.py:190} INFO - [2026-03-08T08:26:13.580+0700] {dag.py:3211} INFO - Sync 1 DAGs
[2026-03-08T08:26:13.604+0700] {logging_mixin.py:190} INFO - [2026-03-08T08:26:13.604+0700] {dag.py:4138} INFO - Setting next_dagrun for dag_scraping_twitter to 2026-03-07 23:00:00+00:00, run_after=2026-03-08 11:00:00+00:00
[2026-03-08T08:26:13.628+0700] {processor.py:208} INFO - Processing /opt/airflow/dags/dag_scraping_twitter.py took 0.106 seconds
[2026-03-08T08:26:44.576+0700] {processor.py:186} INFO - Started process (PID=59150) to work on /opt/airflow/dags/dag_scraping_twitter.py
[2026-03-08T08:26:44.578+0700] {processor.py:914} INFO - Processing file /opt/airflow/dags/dag_scraping_twitter.py for tasks to queue
[2026-03-08T08:26:44.581+0700] {logging_mixin.py:190} INFO - [2026-03-08T08:26:44.580+0700] {dagbag.py:587} INFO - Filling up the DagBag from /opt/airflow/dags/dag_scraping_twitter.py
[2026-03-08T08:26:44.600+0700] {processor.py:925} INFO - DAG(s) 'dag_scraping_twitter' retrieved from /opt/airflow/dags/dag_scraping_twitter.py
[2026-03-08T08:26:44.628+0700] {logging_mixin.py:190} INFO - [2026-03-08T08:26:44.628+0700] {dag.py:3211} INFO - Sync 1 DAGs
[2026-03-08T08:26:44.652+0700] {logging_mixin.py:190} INFO - [2026-03-08T08:26:44.652+0700] {dag.py:4138} INFO - Setting next_dagrun for dag_scraping_twitter to 2026-03-07 23:00:00+00:00, run_after=2026-03-08 11:00:00+00:00
[2026-03-08T08:26:44.677+0700] {processor.py:208} INFO - Processing /opt/airflow/dags/dag_scraping_twitter.py took 0.107 seconds
[2026-03-08T08:27:14.744+0700] {processor.py:186} INFO - Started process (PID=59178) to work on /opt/airflow/dags/dag_scraping_twitter.py
[2026-03-08T08:27:14.745+0700] {processor.py:914} INFO - Processing file /opt/airflow/dags/dag_scraping_twitter.py for tasks to queue
[2026-03-08T08:27:14.747+0700] {logging_mixin.py:190} INFO - [2026-03-08T08:27:14.747+0700] {dagbag.py:587} INFO - Filling up the DagBag from /opt/airflow/dags/dag_scraping_twitter.py
[2026-03-08T08:27:14.769+0700] {processor.py:925} INFO - DAG(s) 'dag_scraping_twitter' retrieved from /opt/airflow/dags/dag_scraping_twitter.py
[2026-03-08T08:27:14.795+0700] {logging_mixin.py:190} INFO - [2026-03-08T08:27:14.795+0700] {dag.py:3211} INFO - Sync 1 DAGs
[2026-03-08T08:27:14.819+0700] {logging_mixin.py:190} INFO - [2026-03-08T08:27:14.819+0700] {dag.py:4138} INFO - Setting next_dagrun for dag_scraping_twitter to 2026-03-07 23:00:00+00:00, run_after=2026-03-08 11:00:00+00:00
[2026-03-08T08:27:14.842+0700] {processor.py:208} INFO - Processing /opt/airflow/dags/dag_scraping_twitter.py took 0.105 seconds
[2026-03-08T08:27:45.726+0700] {processor.py:186} INFO - Started process (PID=59206) to work on /opt/airflow/dags/dag_scraping_twitter.py
[2026-03-08T08:27:45.727+0700] {processor.py:914} INFO - Processing file /opt/airflow/dags/dag_scraping_twitter.py for tasks to queue
[2026-03-08T08:27:45.729+0700] {logging_mixin.py:190} INFO - [2026-03-08T08:27:45.729+0700] {dagbag.py:587} INFO - Filling up the DagBag from /opt/airflow/dags/dag_scraping_twitter.py
[2026-03-08T08:27:45.748+0700] {processor.py:925} INFO - DAG(s) 'dag_scraping_twitter' retrieved from /opt/airflow/dags/dag_scraping_twitter.py
[2026-03-08T08:27:45.774+0700] {logging_mixin.py:190} INFO - [2026-03-08T08:27:45.774+0700] {dag.py:3211} INFO - Sync 1 DAGs
[2026-03-08T08:27:45.798+0700] {logging_mixin.py:190} INFO - [2026-03-08T08:27:45.798+0700] {dag.py:4138} INFO - Setting next_dagrun for dag_scraping_twitter to 2026-03-07 23:00:00+00:00, run_after=2026-03-08 11:00:00+00:00
[2026-03-08T08:27:45.821+0700] {processor.py:208} INFO - Processing /opt/airflow/dags/dag_scraping_twitter.py took 0.103 seconds
[2026-03-08T08:28:16.860+0700] {processor.py:186} INFO - Started process (PID=59234) to work on /opt/airflow/dags/dag_scraping_twitter.py
[2026-03-08T08:28:16.861+0700] {processor.py:914} INFO - Processing file /opt/airflow/dags/dag_scraping_twitter.py for tasks to queue
[2026-03-08T08:28:16.863+0700] {logging_mixin.py:190} INFO - [2026-03-08T08:28:16.863+0700] {dagbag.py:587} INFO - Filling up the DagBag from /opt/airflow/dags/dag_scraping_twitter.py
[2026-03-08T08:28:16.882+0700] {processor.py:925} INFO - DAG(s) 'dag_scraping_twitter' retrieved from /opt/airflow/dags/dag_scraping_twitter.py
[2026-03-08T08:28:16.910+0700] {logging_mixin.py:190} INFO - [2026-03-08T08:28:16.910+0700] {dag.py:3211} INFO - Sync 1 DAGs
[2026-03-08T08:28:16.934+0700] {logging_mixin.py:190} INFO - [2026-03-08T08:28:16.934+0700] {dag.py:4138} INFO - Setting next_dagrun for dag_scraping_twitter to 2026-03-07 23:00:00+00:00, run_after=2026-03-08 11:00:00+00:00
[2026-03-08T08:28:16.962+0700] {processor.py:208} INFO - Processing /opt/airflow/dags/dag_scraping_twitter.py took 0.109 seconds
[2026-03-08T08:28:47.008+0700] {processor.py:186} INFO - Started process (PID=59262) to work on /opt/airflow/dags/dag_scraping_twitter.py
[2026-03-08T08:28:47.010+0700] {processor.py:914} INFO - Processing file /opt/airflow/dags/dag_scraping_twitter.py for tasks to queue
[2026-03-08T08:28:47.013+0700] {logging_mixin.py:190} INFO - [2026-03-08T08:28:47.012+0700] {dagbag.py:587} INFO - Filling up the DagBag from /opt/airflow/dags/dag_scraping_twitter.py
[2026-03-08T08:28:47.036+0700] {processor.py:925} INFO - DAG(s) 'dag_scraping_twitter' retrieved from /opt/airflow/dags/dag_scraping_twitter.py
[2026-03-08T08:28:47.061+0700] {logging_mixin.py:190} INFO - [2026-03-08T08:28:47.061+0700] {dag.py:3211} INFO - Sync 1 DAGs
[2026-03-08T08:28:47.085+0700] {logging_mixin.py:190} INFO - [2026-03-08T08:28:47.085+0700] {dag.py:4138} INFO - Setting next_dagrun for dag_scraping_twitter to 2026-03-07 23:00:00+00:00, run_after=2026-03-08 11:00:00+00:00
[2026-03-08T08:28:47.107+0700] {processor.py:208} INFO - Processing /opt/airflow/dags/dag_scraping_twitter.py took 0.106 seconds
[2026-03-08T08:29:17.219+0700] {processor.py:186} INFO - Started process (PID=59293) to work on /opt/airflow/dags/dag_scraping_twitter.py
[2026-03-08T08:29:17.220+0700] {processor.py:914} INFO - Processing file /opt/airflow/dags/dag_scraping_twitter.py for tasks to queue
[2026-03-08T08:29:17.224+0700] {logging_mixin.py:190} INFO - [2026-03-08T08:29:17.223+0700] {dagbag.py:587} INFO - Filling up the DagBag from /opt/airflow/dags/dag_scraping_twitter.py
[2026-03-08T08:29:17.243+0700] {processor.py:925} INFO - DAG(s) 'dag_scraping_twitter' retrieved from /opt/airflow/dags/dag_scraping_twitter.py
[2026-03-08T08:29:17.272+0700] {logging_mixin.py:190} INFO - [2026-03-08T08:29:17.272+0700] {dag.py:3211} INFO - Sync 1 DAGs
[2026-03-08T08:29:17.299+0700] {logging_mixin.py:190} INFO - [2026-03-08T08:29:17.299+0700] {dag.py:4138} INFO - Setting next_dagrun for dag_scraping_twitter to 2026-03-07 23:00:00+00:00, run_after=2026-03-08 11:00:00+00:00
[2026-03-08T08:29:17.319+0700] {processor.py:208} INFO - Processing /opt/airflow/dags/dag_scraping_twitter.py took 0.106 seconds
[2026-03-08T08:29:47.590+0700] {processor.py:186} INFO - Started process (PID=59324) to work on /opt/airflow/dags/dag_scraping_twitter.py
[2026-03-08T08:29:47.592+0700] {processor.py:914} INFO - Processing file /opt/airflow/dags/dag_scraping_twitter.py for tasks to queue
[2026-03-08T08:29:47.594+0700] {logging_mixin.py:190} INFO - [2026-03-08T08:29:47.594+0700] {dagbag.py:587} INFO - Filling up the DagBag from /opt/airflow/dags/dag_scraping_twitter.py
[2026-03-08T08:29:47.613+0700] {processor.py:925} INFO - DAG(s) 'dag_scraping_twitter' retrieved from /opt/airflow/dags/dag_scraping_twitter.py
[2026-03-08T08:29:47.639+0700] {logging_mixin.py:190} INFO - [2026-03-08T08:29:47.639+0700] {dag.py:3211} INFO - Sync 1 DAGs
[2026-03-08T08:29:47.663+0700] {logging_mixin.py:190} INFO - [2026-03-08T08:29:47.663+0700] {dag.py:4138} INFO - Setting next_dagrun for dag_scraping_twitter to 2026-03-07 23:00:00+00:00, run_after=2026-03-08 11:00:00+00:00
[2026-03-08T08:29:47.688+0700] {processor.py:208} INFO - Processing /opt/airflow/dags/dag_scraping_twitter.py took 0.104 seconds
[2026-03-08T08:30:17.748+0700] {processor.py:186} INFO - Started process (PID=59352) to work on /opt/airflow/dags/dag_scraping_twitter.py
[2026-03-08T08:30:17.750+0700] {processor.py:914} INFO - Processing file /opt/airflow/dags/dag_scraping_twitter.py for tasks to queue
[2026-03-08T08:30:17.752+0700] {logging_mixin.py:190} INFO - [2026-03-08T08:30:17.752+0700] {dagbag.py:587} INFO - Filling up the DagBag from /opt/airflow/dags/dag_scraping_twitter.py
[2026-03-08T08:30:17.772+0700] {processor.py:925} INFO - DAG(s) 'dag_scraping_twitter' retrieved from /opt/airflow/dags/dag_scraping_twitter.py
[2026-03-08T08:30:17.797+0700] {logging_mixin.py:190} INFO - [2026-03-08T08:30:17.797+0700] {dag.py:3211} INFO - Sync 1 DAGs
[2026-03-08T08:30:17.821+0700] {logging_mixin.py:190} INFO - [2026-03-08T08:30:17.821+0700] {dag.py:4138} INFO - Setting next_dagrun for dag_scraping_twitter to 2026-03-07 23:00:00+00:00, run_after=2026-03-08 11:00:00+00:00
[2026-03-08T08:30:17.846+0700] {processor.py:208} INFO - Processing /opt/airflow/dags/dag_scraping_twitter.py took 0.104 seconds
[2026-03-08T08:30:48.455+0700] {processor.py:186} INFO - Started process (PID=59381) to work on /opt/airflow/dags/dag_scraping_twitter.py
[2026-03-08T08:30:48.456+0700] {processor.py:914} INFO - Processing file /opt/airflow/dags/dag_scraping_twitter.py for tasks to queue
[2026-03-08T08:30:48.459+0700] {logging_mixin.py:190} INFO - [2026-03-08T08:30:48.459+0700] {dagbag.py:587} INFO - Filling up the DagBag from /opt/airflow/dags/dag_scraping_twitter.py
[2026-03-08T08:30:48.478+0700] {processor.py:925} INFO - DAG(s) 'dag_scraping_twitter' retrieved from /opt/airflow/dags/dag_scraping_twitter.py
[2026-03-08T08:30:48.505+0700] {logging_mixin.py:190} INFO - [2026-03-08T08:30:48.505+0700] {dag.py:3211} INFO - Sync 1 DAGs
[2026-03-08T08:30:48.531+0700] {logging_mixin.py:190} INFO - [2026-03-08T08:30:48.531+0700] {dag.py:4138} INFO - Setting next_dagrun for dag_scraping_twitter to 2026-03-07 23:00:00+00:00, run_after=2026-03-08 11:00:00+00:00
[2026-03-08T08:30:48.555+0700] {processor.py:208} INFO - Processing /opt/airflow/dags/dag_scraping_twitter.py took 0.108 seconds
[2026-03-08T08:31:19.471+0700] {processor.py:186} INFO - Started process (PID=59409) to work on /opt/airflow/dags/dag_scraping_twitter.py
[2026-03-08T08:31:19.472+0700] {processor.py:914} INFO - Processing file /opt/airflow/dags/dag_scraping_twitter.py for tasks to queue
[2026-03-08T08:31:19.474+0700] {logging_mixin.py:190} INFO - [2026-03-08T08:31:19.474+0700] {dagbag.py:587} INFO - Filling up the DagBag from /opt/airflow/dags/dag_scraping_twitter.py
[2026-03-08T08:31:19.493+0700] {processor.py:925} INFO - DAG(s) 'dag_scraping_twitter' retrieved from /opt/airflow/dags/dag_scraping_twitter.py
[2026-03-08T08:31:19.522+0700] {logging_mixin.py:190} INFO - [2026-03-08T08:31:19.521+0700] {dag.py:3211} INFO - Sync 1 DAGs
[2026-03-08T08:31:19.548+0700] {logging_mixin.py:190} INFO - [2026-03-08T08:31:19.548+0700] {dag.py:4138} INFO - Setting next_dagrun for dag_scraping_twitter to 2026-03-07 23:00:00+00:00, run_after=2026-03-08 11:00:00+00:00
[2026-03-08T08:31:19.571+0700] {processor.py:208} INFO - Processing /opt/airflow/dags/dag_scraping_twitter.py took 0.109 seconds
[2026-03-08T08:31:50.613+0700] {processor.py:186} INFO - Started process (PID=59443) to work on /opt/airflow/dags/dag_scraping_twitter.py
[2026-03-08T08:31:50.614+0700] {processor.py:914} INFO - Processing file /opt/airflow/dags/dag_scraping_twitter.py for tasks to queue
[2026-03-08T08:31:50.617+0700] {logging_mixin.py:190} INFO - [2026-03-08T08:31:50.616+0700] {dagbag.py:587} INFO - Filling up the DagBag from /opt/airflow/dags/dag_scraping_twitter.py
[2026-03-08T08:31:50.636+0700] {processor.py:925} INFO - DAG(s) 'dag_scraping_twitter' retrieved from /opt/airflow/dags/dag_scraping_twitter.py
[2026-03-08T08:31:50.662+0700] {logging_mixin.py:190} INFO - [2026-03-08T08:31:50.662+0700] {dag.py:3211} INFO - Sync 1 DAGs
[2026-03-08T08:31:50.685+0700] {logging_mixin.py:190} INFO - [2026-03-08T08:31:50.685+0700] {dag.py:4138} INFO - Setting next_dagrun for dag_scraping_twitter to 2026-03-07 23:00:00+00:00, run_after=2026-03-08 11:00:00+00:00
[2026-03-08T08:31:50.708+0700] {processor.py:208} INFO - Processing /opt/airflow/dags/dag_scraping_twitter.py took 0.102 seconds
[2026-03-08T08:32:21.258+0700] {processor.py:186} INFO - Started process (PID=59471) to work on /opt/airflow/dags/dag_scraping_twitter.py
[2026-03-08T08:32:21.259+0700] {processor.py:914} INFO - Processing file /opt/airflow/dags/dag_scraping_twitter.py for tasks to queue
[2026-03-08T08:32:21.261+0700] {logging_mixin.py:190} INFO - [2026-03-08T08:32:21.261+0700] {dagbag.py:587} INFO - Filling up the DagBag from /opt/airflow/dags/dag_scraping_twitter.py
[2026-03-08T08:32:21.281+0700] {processor.py:925} INFO - DAG(s) 'dag_scraping_twitter' retrieved from /opt/airflow/dags/dag_scraping_twitter.py
[2026-03-08T08:32:21.309+0700] {logging_mixin.py:190} INFO - [2026-03-08T08:32:21.309+0700] {dag.py:3211} INFO - Sync 1 DAGs
[2026-03-08T08:32:21.333+0700] {logging_mixin.py:190} INFO - [2026-03-08T08:32:21.333+0700] {dag.py:4138} INFO - Setting next_dagrun for dag_scraping_twitter to 2026-03-07 23:00:00+00:00, run_after=2026-03-08 11:00:00+00:00
[2026-03-08T08:32:21.357+0700] {processor.py:208} INFO - Processing /opt/airflow/dags/dag_scraping_twitter.py took 0.105 seconds
[2026-03-08T08:32:52.242+0700] {processor.py:186} INFO - Started process (PID=59499) to work on /opt/airflow/dags/dag_scraping_twitter.py
[2026-03-08T08:32:52.243+0700] {processor.py:914} INFO - Processing file /opt/airflow/dags/dag_scraping_twitter.py for tasks to queue
[2026-03-08T08:32:52.246+0700] {logging_mixin.py:190} INFO - [2026-03-08T08:32:52.246+0700] {dagbag.py:587} INFO - Filling up the DagBag from /opt/airflow/dags/dag_scraping_twitter.py
[2026-03-08T08:32:52.267+0700] {processor.py:925} INFO - DAG(s) 'dag_scraping_twitter' retrieved from /opt/airflow/dags/dag_scraping_twitter.py
[2026-03-08T08:32:52.297+0700] {logging_mixin.py:190} INFO - [2026-03-08T08:32:52.296+0700] {dag.py:3211} INFO - Sync 1 DAGs
[2026-03-08T08:32:52.327+0700] {logging_mixin.py:190} INFO - [2026-03-08T08:32:52.326+0700] {dag.py:4138} INFO - Setting next_dagrun for dag_scraping_twitter to 2026-03-07 23:00:00+00:00, run_after=2026-03-08 11:00:00+00:00
[2026-03-08T08:32:52.350+0700] {processor.py:208} INFO - Processing /opt/airflow/dags/dag_scraping_twitter.py took 0.115 seconds
[2026-03-08T08:33:23.387+0700] {processor.py:186} INFO - Started process (PID=59527) to work on /opt/airflow/dags/dag_scraping_twitter.py
[2026-03-08T08:33:23.389+0700] {processor.py:914} INFO - Processing file /opt/airflow/dags/dag_scraping_twitter.py for tasks to queue
[2026-03-08T08:33:23.392+0700] {logging_mixin.py:190} INFO - [2026-03-08T08:33:23.391+0700] {dagbag.py:587} INFO - Filling up the DagBag from /opt/airflow/dags/dag_scraping_twitter.py
[2026-03-08T08:33:23.410+0700] {processor.py:925} INFO - DAG(s) 'dag_scraping_twitter' retrieved from /opt/airflow/dags/dag_scraping_twitter.py
[2026-03-08T08:33:23.436+0700] {logging_mixin.py:190} INFO - [2026-03-08T08:33:23.436+0700] {dag.py:3211} INFO - Sync 1 DAGs
[2026-03-08T08:33:23.459+0700] {logging_mixin.py:190} INFO - [2026-03-08T08:33:23.459+0700] {dag.py:4138} INFO - Setting next_dagrun for dag_scraping_twitter to 2026-03-07 23:00:00+00:00, run_after=2026-03-08 11:00:00+00:00
[2026-03-08T08:33:23.486+0700] {processor.py:208} INFO - Processing /opt/airflow/dags/dag_scraping_twitter.py took 0.105 seconds
[2026-03-08T08:33:54.518+0700] {processor.py:186} INFO - Started process (PID=59555) to work on /opt/airflow/dags/dag_scraping_twitter.py
[2026-03-08T08:33:54.520+0700] {processor.py:914} INFO - Processing file /opt/airflow/dags/dag_scraping_twitter.py for tasks to queue
[2026-03-08T08:33:54.522+0700] {logging_mixin.py:190} INFO - [2026-03-08T08:33:54.522+0700] {dagbag.py:587} INFO - Filling up the DagBag from /opt/airflow/dags/dag_scraping_twitter.py
[2026-03-08T08:33:54.541+0700] {processor.py:925} INFO - DAG(s) 'dag_scraping_twitter' retrieved from /opt/airflow/dags/dag_scraping_twitter.py
[2026-03-08T08:33:54.568+0700] {logging_mixin.py:190} INFO - [2026-03-08T08:33:54.568+0700] {dag.py:3211} INFO - Sync 1 DAGs
[2026-03-08T08:33:54.593+0700] {logging_mixin.py:190} INFO - [2026-03-08T08:33:54.593+0700] {dag.py:4138} INFO - Setting next_dagrun for dag_scraping_twitter to 2026-03-07 23:00:00+00:00, run_after=2026-03-08 11:00:00+00:00
[2026-03-08T08:33:54.618+0700] {processor.py:208} INFO - Processing /opt/airflow/dags/dag_scraping_twitter.py took 0.107 seconds
[2026-03-08T08:34:25.571+0700] {processor.py:186} INFO - Started process (PID=59590) to work on /opt/airflow/dags/dag_scraping_twitter.py
[2026-03-08T08:34:25.572+0700] {processor.py:914} INFO - Processing file /opt/airflow/dags/dag_scraping_twitter.py for tasks to queue
[2026-03-08T08:34:25.575+0700] {logging_mixin.py:190} INFO - [2026-03-08T08:34:25.575+0700] {dagbag.py:587} INFO - Filling up the DagBag from /opt/airflow/dags/dag_scraping_twitter.py
[2026-03-08T08:34:25.597+0700] {processor.py:925} INFO - DAG(s) 'dag_scraping_twitter' retrieved from /opt/airflow/dags/dag_scraping_twitter.py
[2026-03-08T08:34:25.624+0700] {logging_mixin.py:190} INFO - [2026-03-08T08:34:25.624+0700] {dag.py:3211} INFO - Sync 1 DAGs
[2026-03-08T08:34:25.647+0700] {logging_mixin.py:190} INFO - [2026-03-08T08:34:25.647+0700] {dag.py:4138} INFO - Setting next_dagrun for dag_scraping_twitter to 2026-03-07 23:00:00+00:00, run_after=2026-03-08 11:00:00+00:00
[2026-03-08T08:34:25.670+0700] {processor.py:208} INFO - Processing /opt/airflow/dags/dag_scraping_twitter.py took 0.108 seconds
[2026-03-08T08:34:56.640+0700] {processor.py:186} INFO - Started process (PID=59618) to work on /opt/airflow/dags/dag_scraping_twitter.py
[2026-03-08T08:34:56.641+0700] {processor.py:914} INFO - Processing file /opt/airflow/dags/dag_scraping_twitter.py for tasks to queue
[2026-03-08T08:34:56.644+0700] {logging_mixin.py:190} INFO - [2026-03-08T08:34:56.644+0700] {dagbag.py:587} INFO - Filling up the DagBag from /opt/airflow/dags/dag_scraping_twitter.py
[2026-03-08T08:34:56.664+0700] {processor.py:925} INFO - DAG(s) 'dag_scraping_twitter' retrieved from /opt/airflow/dags/dag_scraping_twitter.py
[2026-03-08T08:34:56.689+0700] {logging_mixin.py:190} INFO - [2026-03-08T08:34:56.689+0700] {dag.py:3211} INFO - Sync 1 DAGs
[2026-03-08T08:34:56.712+0700] {logging_mixin.py:190} INFO - [2026-03-08T08:34:56.712+0700] {dag.py:4138} INFO - Setting next_dagrun for dag_scraping_twitter to 2026-03-07 23:00:00+00:00, run_after=2026-03-08 11:00:00+00:00
[2026-03-08T08:34:56.736+0700] {processor.py:208} INFO - Processing /opt/airflow/dags/dag_scraping_twitter.py took 0.101 seconds
[2026-03-08T08:35:26.793+0700] {processor.py:186} INFO - Started process (PID=59646) to work on /opt/airflow/dags/dag_scraping_twitter.py
[2026-03-08T08:35:26.795+0700] {processor.py:914} INFO - Processing file /opt/airflow/dags/dag_scraping_twitter.py for tasks to queue
[2026-03-08T08:35:26.798+0700] {logging_mixin.py:190} INFO - [2026-03-08T08:35:26.798+0700] {dagbag.py:587} INFO - Filling up the DagBag from /opt/airflow/dags/dag_scraping_twitter.py
[2026-03-08T08:35:26.820+0700] {processor.py:925} INFO - DAG(s) 'dag_scraping_twitter' retrieved from /opt/airflow/dags/dag_scraping_twitter.py
[2026-03-08T08:35:26.849+0700] {logging_mixin.py:190} INFO - [2026-03-08T08:35:26.849+0700] {dag.py:3211} INFO - Sync 1 DAGs
[2026-03-08T08:35:26.878+0700] {logging_mixin.py:190} INFO - [2026-03-08T08:35:26.877+0700] {dag.py:4138} INFO - Setting next_dagrun for dag_scraping_twitter to 2026-03-07 23:00:00+00:00, run_after=2026-03-08 11:00:00+00:00
[2026-03-08T08:35:26.901+0700] {processor.py:208} INFO - Processing /opt/airflow/dags/dag_scraping_twitter.py took 0.119 seconds
[2026-03-08T08:35:57.005+0700] {processor.py:186} INFO - Started process (PID=59675) to work on /opt/airflow/dags/dag_scraping_twitter.py
[2026-03-08T08:35:57.006+0700] {processor.py:914} INFO - Processing file /opt/airflow/dags/dag_scraping_twitter.py for tasks to queue
[2026-03-08T08:35:57.009+0700] {logging_mixin.py:190} INFO - [2026-03-08T08:35:57.009+0700] {dagbag.py:587} INFO - Filling up the DagBag from /opt/airflow/dags/dag_scraping_twitter.py
[2026-03-08T08:35:57.031+0700] {processor.py:925} INFO - DAG(s) 'dag_scraping_twitter' retrieved from /opt/airflow/dags/dag_scraping_twitter.py
[2026-03-08T08:35:57.058+0700] {logging_mixin.py:190} INFO - [2026-03-08T08:35:57.058+0700] {dag.py:3211} INFO - Sync 1 DAGs
[2026-03-08T08:35:57.088+0700] {logging_mixin.py:190} INFO - [2026-03-08T08:35:57.087+0700] {dag.py:4138} INFO - Setting next_dagrun for dag_scraping_twitter to 2026-03-07 23:00:00+00:00, run_after=2026-03-08 11:00:00+00:00
[2026-03-08T08:35:57.111+0700] {processor.py:208} INFO - Processing /opt/airflow/dags/dag_scraping_twitter.py took 0.113 seconds
[2026-03-08T08:36:28.055+0700] {processor.py:186} INFO - Started process (PID=59703) to work on /opt/airflow/dags/dag_scraping_twitter.py
[2026-03-08T08:36:28.056+0700] {processor.py:914} INFO - Processing file /opt/airflow/dags/dag_scraping_twitter.py for tasks to queue
[2026-03-08T08:36:28.059+0700] {logging_mixin.py:190} INFO - [2026-03-08T08:36:28.059+0700] {dagbag.py:587} INFO - Filling up the DagBag from /opt/airflow/dags/dag_scraping_twitter.py
[2026-03-08T08:36:28.078+0700] {processor.py:925} INFO - DAG(s) 'dag_scraping_twitter' retrieved from /opt/airflow/dags/dag_scraping_twitter.py
[2026-03-08T08:36:28.105+0700] {logging_mixin.py:190} INFO - [2026-03-08T08:36:28.105+0700] {dag.py:3211} INFO - Sync 1 DAGs
[2026-03-08T08:36:28.129+0700] {logging_mixin.py:190} INFO - [2026-03-08T08:36:28.129+0700] {dag.py:4138} INFO - Setting next_dagrun for dag_scraping_twitter to 2026-03-07 23:00:00+00:00, run_after=2026-03-08 11:00:00+00:00
[2026-03-08T08:36:28.153+0700] {processor.py:208} INFO - Processing /opt/airflow/dags/dag_scraping_twitter.py took 0.104 seconds
[2026-03-08T08:36:59.180+0700] {processor.py:186} INFO - Started process (PID=59737) to work on /opt/airflow/dags/dag_scraping_twitter.py
[2026-03-08T08:36:59.181+0700] {processor.py:914} INFO - Processing file /opt/airflow/dags/dag_scraping_twitter.py for tasks to queue
[2026-03-08T08:36:59.184+0700] {logging_mixin.py:190} INFO - [2026-03-08T08:36:59.184+0700] {dagbag.py:587} INFO - Filling up the DagBag from /opt/airflow/dags/dag_scraping_twitter.py
[2026-03-08T08:36:59.205+0700] {processor.py:925} INFO - DAG(s) 'dag_scraping_twitter' retrieved from /opt/airflow/dags/dag_scraping_twitter.py
[2026-03-08T08:36:59.230+0700] {logging_mixin.py:190} INFO - [2026-03-08T08:36:59.230+0700] {dag.py:3211} INFO - Sync 1 DAGs
[2026-03-08T08:36:59.254+0700] {logging_mixin.py:190} INFO - [2026-03-08T08:36:59.254+0700] {dag.py:4138} INFO - Setting next_dagrun for dag_scraping_twitter to 2026-03-07 23:00:00+00:00, run_after=2026-03-08 11:00:00+00:00
[2026-03-08T08:36:59.280+0700] {processor.py:208} INFO - Processing /opt/airflow/dags/dag_scraping_twitter.py took 0.109 seconds
[2026-03-08T08:37:29.946+0700] {processor.py:186} INFO - Started process (PID=59765) to work on /opt/airflow/dags/dag_scraping_twitter.py
[2026-03-08T08:37:29.948+0700] {processor.py:914} INFO - Processing file /opt/airflow/dags/dag_scraping_twitter.py for tasks to queue
[2026-03-08T08:37:29.954+0700] {logging_mixin.py:190} INFO - [2026-03-08T08:37:29.954+0700] {dagbag.py:587} INFO - Filling up the DagBag from /opt/airflow/dags/dag_scraping_twitter.py
[2026-03-08T08:37:29.973+0700] {processor.py:925} INFO - DAG(s) 'dag_scraping_twitter' retrieved from /opt/airflow/dags/dag_scraping_twitter.py
[2026-03-08T08:37:30.000+0700] {logging_mixin.py:190} INFO - [2026-03-08T08:37:29.999+0700] {dag.py:3211} INFO - Sync 1 DAGs
[2026-03-08T08:37:30.026+0700] {logging_mixin.py:190} INFO - [2026-03-08T08:37:30.025+0700] {dag.py:4138} INFO - Setting next_dagrun for dag_scraping_twitter to 2026-03-07 23:00:00+00:00, run_after=2026-03-08 11:00:00+00:00
[2026-03-08T08:37:30.050+0700] {processor.py:208} INFO - Processing /opt/airflow/dags/dag_scraping_twitter.py took 0.112 seconds
[2026-03-08T08:38:00.949+0700] {processor.py:186} INFO - Started process (PID=59793) to work on /opt/airflow/dags/dag_scraping_twitter.py
[2026-03-08T08:38:00.950+0700] {processor.py:914} INFO - Processing file /opt/airflow/dags/dag_scraping_twitter.py for tasks to queue
[2026-03-08T08:38:00.953+0700] {logging_mixin.py:190} INFO - [2026-03-08T08:38:00.953+0700] {dagbag.py:587} INFO - Filling up the DagBag from /opt/airflow/dags/dag_scraping_twitter.py
[2026-03-08T08:38:00.973+0700] {processor.py:925} INFO - DAG(s) 'dag_scraping_twitter' retrieved from /opt/airflow/dags/dag_scraping_twitter.py
[2026-03-08T08:38:00.999+0700] {logging_mixin.py:190} INFO - [2026-03-08T08:38:00.998+0700] {dag.py:3211} INFO - Sync 1 DAGs
[2026-03-08T08:38:01.021+0700] {logging_mixin.py:190} INFO - [2026-03-08T08:38:01.021+0700] {dag.py:4138} INFO - Setting next_dagrun for dag_scraping_twitter to 2026-03-07 23:00:00+00:00, run_after=2026-03-08 11:00:00+00:00
[2026-03-08T08:38:01.048+0700] {processor.py:208} INFO - Processing /opt/airflow/dags/dag_scraping_twitter.py took 0.105 seconds
[2026-03-08T08:38:32.049+0700] {processor.py:186} INFO - Started process (PID=59821) to work on /opt/airflow/dags/dag_scraping_twitter.py
[2026-03-08T08:38:32.051+0700] {processor.py:914} INFO - Processing file /opt/airflow/dags/dag_scraping_twitter.py for tasks to queue
[2026-03-08T08:38:32.053+0700] {logging_mixin.py:190} INFO - [2026-03-08T08:38:32.053+0700] {dagbag.py:587} INFO - Filling up the DagBag from /opt/airflow/dags/dag_scraping_twitter.py
[2026-03-08T08:38:32.072+0700] {processor.py:925} INFO - DAG(s) 'dag_scraping_twitter' retrieved from /opt/airflow/dags/dag_scraping_twitter.py
[2026-03-08T08:38:32.099+0700] {logging_mixin.py:190} INFO - [2026-03-08T08:38:32.098+0700] {dag.py:3211} INFO - Sync 1 DAGs
[2026-03-08T08:38:32.121+0700] {logging_mixin.py:190} INFO - [2026-03-08T08:38:32.121+0700] {dag.py:4138} INFO - Setting next_dagrun for dag_scraping_twitter to 2026-03-07 23:00:00+00:00, run_after=2026-03-08 11:00:00+00:00
[2026-03-08T08:38:32.145+0700] {processor.py:208} INFO - Processing /opt/airflow/dags/dag_scraping_twitter.py took 0.102 seconds
[2026-03-08T08:39:03.098+0700] {processor.py:186} INFO - Started process (PID=59855) to work on /opt/airflow/dags/dag_scraping_twitter.py
[2026-03-08T08:39:03.099+0700] {processor.py:914} INFO - Processing file /opt/airflow/dags/dag_scraping_twitter.py for tasks to queue
[2026-03-08T08:39:03.102+0700] {logging_mixin.py:190} INFO - [2026-03-08T08:39:03.102+0700] {dagbag.py:587} INFO - Filling up the DagBag from /opt/airflow/dags/dag_scraping_twitter.py
[2026-03-08T08:39:03.121+0700] {processor.py:925} INFO - DAG(s) 'dag_scraping_twitter' retrieved from /opt/airflow/dags/dag_scraping_twitter.py
[2026-03-08T08:39:03.149+0700] {logging_mixin.py:190} INFO - [2026-03-08T08:39:03.149+0700] {dag.py:3211} INFO - Sync 1 DAGs
[2026-03-08T08:39:03.175+0700] {logging_mixin.py:190} INFO - [2026-03-08T08:39:03.174+0700] {dag.py:4138} INFO - Setting next_dagrun for dag_scraping_twitter to 2026-03-07 23:00:00+00:00, run_after=2026-03-08 11:00:00+00:00
[2026-03-08T08:39:03.197+0700] {processor.py:208} INFO - Processing /opt/airflow/dags/dag_scraping_twitter.py took 0.106 seconds
[2026-03-08T08:39:33.263+0700] {processor.py:186} INFO - Started process (PID=59883) to work on /opt/airflow/dags/dag_scraping_twitter.py
[2026-03-08T08:39:33.264+0700] {processor.py:914} INFO - Processing file /opt/airflow/dags/dag_scraping_twitter.py for tasks to queue
[2026-03-08T08:39:33.267+0700] {logging_mixin.py:190} INFO - [2026-03-08T08:39:33.266+0700] {dagbag.py:587} INFO - Filling up the DagBag from /opt/airflow/dags/dag_scraping_twitter.py
[2026-03-08T08:39:33.286+0700] {processor.py:925} INFO - DAG(s) 'dag_scraping_twitter' retrieved from /opt/airflow/dags/dag_scraping_twitter.py
[2026-03-08T08:39:33.314+0700] {logging_mixin.py:190} INFO - [2026-03-08T08:39:33.314+0700] {dag.py:3211} INFO - Sync 1 DAGs
[2026-03-08T08:39:33.339+0700] {logging_mixin.py:190} INFO - [2026-03-08T08:39:33.339+0700] {dag.py:4138} INFO - Setting next_dagrun for dag_scraping_twitter to 2026-03-07 23:00:00+00:00, run_after=2026-03-08 11:00:00+00:00
[2026-03-08T08:39:33.363+0700] {processor.py:208} INFO - Processing /opt/airflow/dags/dag_scraping_twitter.py took 0.108 seconds
[2026-03-08T08:40:03.480+0700] {processor.py:186} INFO - Started process (PID=59911) to work on /opt/airflow/dags/dag_scraping_twitter.py
[2026-03-08T08:40:03.481+0700] {processor.py:914} INFO - Processing file /opt/airflow/dags/dag_scraping_twitter.py for tasks to queue
[2026-03-08T08:40:03.484+0700] {logging_mixin.py:190} INFO - [2026-03-08T08:40:03.484+0700] {dagbag.py:587} INFO - Filling up the DagBag from /opt/airflow/dags/dag_scraping_twitter.py
[2026-03-08T08:40:03.506+0700] {processor.py:925} INFO - DAG(s) 'dag_scraping_twitter' retrieved from /opt/airflow/dags/dag_scraping_twitter.py
[2026-03-08T08:40:03.534+0700] {logging_mixin.py:190} INFO - [2026-03-08T08:40:03.533+0700] {dag.py:3211} INFO - Sync 1 DAGs
[2026-03-08T08:40:03.558+0700] {logging_mixin.py:190} INFO - [2026-03-08T08:40:03.558+0700] {dag.py:4138} INFO - Setting next_dagrun for dag_scraping_twitter to 2026-03-07 23:00:00+00:00, run_after=2026-03-08 11:00:00+00:00
[2026-03-08T08:40:03.581+0700] {processor.py:208} INFO - Processing /opt/airflow/dags/dag_scraping_twitter.py took 0.109 seconds
[2026-03-08T08:40:34.525+0700] {processor.py:186} INFO - Started process (PID=59939) to work on /opt/airflow/dags/dag_scraping_twitter.py
[2026-03-08T08:40:34.527+0700] {processor.py:914} INFO - Processing file /opt/airflow/dags/dag_scraping_twitter.py for tasks to queue
[2026-03-08T08:40:34.532+0700] {logging_mixin.py:190} INFO - [2026-03-08T08:40:34.531+0700] {dagbag.py:587} INFO - Filling up the DagBag from /opt/airflow/dags/dag_scraping_twitter.py
[2026-03-08T08:40:34.555+0700] {processor.py:925} INFO - DAG(s) 'dag_scraping_twitter' retrieved from /opt/airflow/dags/dag_scraping_twitter.py
[2026-03-08T08:40:34.588+0700] {logging_mixin.py:190} INFO - [2026-03-08T08:40:34.588+0700] {dag.py:3211} INFO - Sync 1 DAGs
[2026-03-08T08:40:34.617+0700] {logging_mixin.py:190} INFO - [2026-03-08T08:40:34.617+0700] {dag.py:4138} INFO - Setting next_dagrun for dag_scraping_twitter to 2026-03-07 23:00:00+00:00, run_after=2026-03-08 11:00:00+00:00
[2026-03-08T08:40:34.639+0700] {processor.py:208} INFO - Processing /opt/airflow/dags/dag_scraping_twitter.py took 0.127 seconds
[2026-03-08T08:41:05.599+0700] {processor.py:186} INFO - Started process (PID=59967) to work on /opt/airflow/dags/dag_scraping_twitter.py
[2026-03-08T08:41:05.600+0700] {processor.py:914} INFO - Processing file /opt/airflow/dags/dag_scraping_twitter.py for tasks to queue
[2026-03-08T08:41:05.604+0700] {logging_mixin.py:190} INFO - [2026-03-08T08:41:05.604+0700] {dagbag.py:587} INFO - Filling up the DagBag from /opt/airflow/dags/dag_scraping_twitter.py
[2026-03-08T08:41:05.623+0700] {processor.py:925} INFO - DAG(s) 'dag_scraping_twitter' retrieved from /opt/airflow/dags/dag_scraping_twitter.py
[2026-03-08T08:41:05.649+0700] {logging_mixin.py:190} INFO - [2026-03-08T08:41:05.649+0700] {dag.py:3211} INFO - Sync 1 DAGs
[2026-03-08T08:41:05.673+0700] {logging_mixin.py:190} INFO - [2026-03-08T08:41:05.673+0700] {dag.py:4138} INFO - Setting next_dagrun for dag_scraping_twitter to 2026-03-07 23:00:00+00:00, run_after=2026-03-08 11:00:00+00:00
[2026-03-08T08:41:05.696+0700] {processor.py:208} INFO - Processing /opt/airflow/dags/dag_scraping_twitter.py took 0.103 seconds
[2026-03-08T08:41:36.703+0700] {processor.py:186} INFO - Started process (PID=59995) to work on /opt/airflow/dags/dag_scraping_twitter.py
[2026-03-08T08:41:36.705+0700] {processor.py:914} INFO - Processing file /opt/airflow/dags/dag_scraping_twitter.py for tasks to queue
[2026-03-08T08:41:36.708+0700] {logging_mixin.py:190} INFO - [2026-03-08T08:41:36.707+0700] {dagbag.py:587} INFO - Filling up the DagBag from /opt/airflow/dags/dag_scraping_twitter.py
[2026-03-08T08:41:36.726+0700] {processor.py:925} INFO - DAG(s) 'dag_scraping_twitter' retrieved from /opt/airflow/dags/dag_scraping_twitter.py
[2026-03-08T08:41:36.753+0700] {logging_mixin.py:190} INFO - [2026-03-08T08:41:36.752+0700] {dag.py:3211} INFO - Sync 1 DAGs
[2026-03-08T08:41:36.776+0700] {logging_mixin.py:190} INFO - [2026-03-08T08:41:36.776+0700] {dag.py:4138} INFO - Setting next_dagrun for dag_scraping_twitter to 2026-03-07 23:00:00+00:00, run_after=2026-03-08 11:00:00+00:00
[2026-03-08T08:41:36.799+0700] {processor.py:208} INFO - Processing /opt/airflow/dags/dag_scraping_twitter.py took 0.105 seconds
[2026-03-08T08:42:07.831+0700] {processor.py:186} INFO - Started process (PID=60029) to work on /opt/airflow/dags/dag_scraping_twitter.py
[2026-03-08T08:42:07.832+0700] {processor.py:914} INFO - Processing file /opt/airflow/dags/dag_scraping_twitter.py for tasks to queue
[2026-03-08T08:42:07.835+0700] {logging_mixin.py:190} INFO - [2026-03-08T08:42:07.834+0700] {dagbag.py:587} INFO - Filling up the DagBag from /opt/airflow/dags/dag_scraping_twitter.py
[2026-03-08T08:42:07.856+0700] {processor.py:925} INFO - DAG(s) 'dag_scraping_twitter' retrieved from /opt/airflow/dags/dag_scraping_twitter.py
[2026-03-08T08:42:07.884+0700] {logging_mixin.py:190} INFO - [2026-03-08T08:42:07.884+0700] {dag.py:3211} INFO - Sync 1 DAGs
[2026-03-08T08:42:07.909+0700] {logging_mixin.py:190} INFO - [2026-03-08T08:42:07.909+0700] {dag.py:4138} INFO - Setting next_dagrun for dag_scraping_twitter to 2026-03-07 23:00:00+00:00, run_after=2026-03-08 11:00:00+00:00
[2026-03-08T08:42:07.932+0700] {processor.py:208} INFO - Processing /opt/airflow/dags/dag_scraping_twitter.py took 0.108 seconds
[2026-03-08T08:42:38.239+0700] {processor.py:186} INFO - Started process (PID=60057) to work on /opt/airflow/dags/dag_scraping_twitter.py
[2026-03-08T08:42:38.240+0700] {processor.py:914} INFO - Processing file /opt/airflow/dags/dag_scraping_twitter.py for tasks to queue
[2026-03-08T08:42:38.243+0700] {logging_mixin.py:190} INFO - [2026-03-08T08:42:38.242+0700] {dagbag.py:587} INFO - Filling up the DagBag from /opt/airflow/dags/dag_scraping_twitter.py
[2026-03-08T08:42:38.262+0700] {processor.py:925} INFO - DAG(s) 'dag_scraping_twitter' retrieved from /opt/airflow/dags/dag_scraping_twitter.py
[2026-03-08T08:42:38.290+0700] {logging_mixin.py:190} INFO - [2026-03-08T08:42:38.290+0700] {dag.py:3211} INFO - Sync 1 DAGs
[2026-03-08T08:42:38.314+0700] {logging_mixin.py:190} INFO - [2026-03-08T08:42:38.314+0700] {dag.py:4138} INFO - Setting next_dagrun for dag_scraping_twitter to 2026-03-07 23:00:00+00:00, run_after=2026-03-08 11:00:00+00:00
[2026-03-08T08:42:38.339+0700] {processor.py:208} INFO - Processing /opt/airflow/dags/dag_scraping_twitter.py took 0.105 seconds
[2026-03-08T08:43:09.302+0700] {processor.py:186} INFO - Started process (PID=60086) to work on /opt/airflow/dags/dag_scraping_twitter.py
[2026-03-08T08:43:09.303+0700] {processor.py:914} INFO - Processing file /opt/airflow/dags/dag_scraping_twitter.py for tasks to queue
[2026-03-08T08:43:09.306+0700] {logging_mixin.py:190} INFO - [2026-03-08T08:43:09.306+0700] {dagbag.py:587} INFO - Filling up the DagBag from /opt/airflow/dags/dag_scraping_twitter.py
[2026-03-08T08:43:09.325+0700] {processor.py:925} INFO - DAG(s) 'dag_scraping_twitter' retrieved from /opt/airflow/dags/dag_scraping_twitter.py
[2026-03-08T08:43:09.351+0700] {logging_mixin.py:190} INFO - [2026-03-08T08:43:09.350+0700] {dag.py:3211} INFO - Sync 1 DAGs
[2026-03-08T08:43:09.374+0700] {logging_mixin.py:190} INFO - [2026-03-08T08:43:09.374+0700] {dag.py:4138} INFO - Setting next_dagrun for dag_scraping_twitter to 2026-03-07 23:00:00+00:00, run_after=2026-03-08 11:00:00+00:00
[2026-03-08T08:43:09.399+0700] {processor.py:208} INFO - Processing /opt/airflow/dags/dag_scraping_twitter.py took 0.104 seconds
[2026-03-08T08:43:39.562+0700] {processor.py:186} INFO - Started process (PID=60114) to work on /opt/airflow/dags/dag_scraping_twitter.py
[2026-03-08T08:43:39.563+0700] {processor.py:914} INFO - Processing file /opt/airflow/dags/dag_scraping_twitter.py for tasks to queue
[2026-03-08T08:43:39.566+0700] {logging_mixin.py:190} INFO - [2026-03-08T08:43:39.566+0700] {dagbag.py:587} INFO - Filling up the DagBag from /opt/airflow/dags/dag_scraping_twitter.py
[2026-03-08T08:43:39.586+0700] {processor.py:925} INFO - DAG(s) 'dag_scraping_twitter' retrieved from /opt/airflow/dags/dag_scraping_twitter.py
[2026-03-08T08:43:39.614+0700] {logging_mixin.py:190} INFO - [2026-03-08T08:43:39.614+0700] {dag.py:3211} INFO - Sync 1 DAGs
[2026-03-08T08:43:39.637+0700] {logging_mixin.py:190} INFO - [2026-03-08T08:43:39.637+0700] {dag.py:4138} INFO - Setting next_dagrun for dag_scraping_twitter to 2026-03-07 23:00:00+00:00, run_after=2026-03-08 11:00:00+00:00
[2026-03-08T08:43:39.662+0700] {processor.py:208} INFO - Processing /opt/airflow/dags/dag_scraping_twitter.py took 0.106 seconds
[2026-03-08T08:44:10.235+0700] {processor.py:186} INFO - Started process (PID=60142) to work on /opt/airflow/dags/dag_scraping_twitter.py
[2026-03-08T08:44:10.236+0700] {processor.py:914} INFO - Processing file /opt/airflow/dags/dag_scraping_twitter.py for tasks to queue
[2026-03-08T08:44:10.238+0700] {logging_mixin.py:190} INFO - [2026-03-08T08:44:10.238+0700] {dagbag.py:587} INFO - Filling up the DagBag from /opt/airflow/dags/dag_scraping_twitter.py
[2026-03-08T08:44:10.261+0700] {processor.py:925} INFO - DAG(s) 'dag_scraping_twitter' retrieved from /opt/airflow/dags/dag_scraping_twitter.py
[2026-03-08T08:44:10.287+0700] {logging_mixin.py:190} INFO - [2026-03-08T08:44:10.287+0700] {dag.py:3211} INFO - Sync 1 DAGs
[2026-03-08T08:44:10.311+0700] {logging_mixin.py:190} INFO - [2026-03-08T08:44:10.310+0700] {dag.py:4138} INFO - Setting next_dagrun for dag_scraping_twitter to 2026-03-07 23:00:00+00:00, run_after=2026-03-08 11:00:00+00:00
[2026-03-08T08:44:10.337+0700] {processor.py:208} INFO - Processing /opt/airflow/dags/dag_scraping_twitter.py took 0.109 seconds
[2026-03-08T08:44:40.504+0700] {processor.py:186} INFO - Started process (PID=60176) to work on /opt/airflow/dags/dag_scraping_twitter.py
[2026-03-08T08:44:40.505+0700] {processor.py:914} INFO - Processing file /opt/airflow/dags/dag_scraping_twitter.py for tasks to queue
[2026-03-08T08:44:40.508+0700] {logging_mixin.py:190} INFO - [2026-03-08T08:44:40.507+0700] {dagbag.py:587} INFO - Filling up the DagBag from /opt/airflow/dags/dag_scraping_twitter.py
[2026-03-08T08:44:40.527+0700] {processor.py:925} INFO - DAG(s) 'dag_scraping_twitter' retrieved from /opt/airflow/dags/dag_scraping_twitter.py
[2026-03-08T08:44:40.553+0700] {logging_mixin.py:190} INFO - [2026-03-08T08:44:40.552+0700] {dag.py:3211} INFO - Sync 1 DAGs
[2026-03-08T08:44:40.577+0700] {logging_mixin.py:190} INFO - [2026-03-08T08:44:40.577+0700] {dag.py:4138} INFO - Setting next_dagrun for dag_scraping_twitter to 2026-03-07 23:00:00+00:00, run_after=2026-03-08 11:00:00+00:00
[2026-03-08T08:44:40.600+0700] {processor.py:208} INFO - Processing /opt/airflow/dags/dag_scraping_twitter.py took 0.104 seconds
[2026-03-08T08:45:11.566+0700] {processor.py:186} INFO - Started process (PID=60204) to work on /opt/airflow/dags/dag_scraping_twitter.py
[2026-03-08T08:45:11.567+0700] {processor.py:914} INFO - Processing file /opt/airflow/dags/dag_scraping_twitter.py for tasks to queue
[2026-03-08T08:45:11.570+0700] {logging_mixin.py:190} INFO - [2026-03-08T08:45:11.569+0700] {dagbag.py:587} INFO - Filling up the DagBag from /opt/airflow/dags/dag_scraping_twitter.py
[2026-03-08T08:45:11.589+0700] {processor.py:925} INFO - DAG(s) 'dag_scraping_twitter' retrieved from /opt/airflow/dags/dag_scraping_twitter.py
[2026-03-08T08:45:11.615+0700] {logging_mixin.py:190} INFO - [2026-03-08T08:45:11.615+0700] {dag.py:3211} INFO - Sync 1 DAGs
[2026-03-08T08:45:11.641+0700] {logging_mixin.py:190} INFO - [2026-03-08T08:45:11.641+0700] {dag.py:4138} INFO - Setting next_dagrun for dag_scraping_twitter to 2026-03-07 23:00:00+00:00, run_after=2026-03-08 11:00:00+00:00
[2026-03-08T08:45:11.663+0700] {processor.py:208} INFO - Processing /opt/airflow/dags/dag_scraping_twitter.py took 0.104 seconds
[2026-03-08T08:45:41.735+0700] {processor.py:186} INFO - Started process (PID=60232) to work on /opt/airflow/dags/dag_scraping_twitter.py
[2026-03-08T08:45:41.736+0700] {processor.py:914} INFO - Processing file /opt/airflow/dags/dag_scraping_twitter.py for tasks to queue
[2026-03-08T08:45:41.738+0700] {logging_mixin.py:190} INFO - [2026-03-08T08:45:41.738+0700] {dagbag.py:587} INFO - Filling up the DagBag from /opt/airflow/dags/dag_scraping_twitter.py
[2026-03-08T08:45:41.758+0700] {processor.py:925} INFO - DAG(s) 'dag_scraping_twitter' retrieved from /opt/airflow/dags/dag_scraping_twitter.py
[2026-03-08T08:45:41.784+0700] {logging_mixin.py:190} INFO - [2026-03-08T08:45:41.784+0700] {dag.py:3211} INFO - Sync 1 DAGs
[2026-03-08T08:45:41.808+0700] {logging_mixin.py:190} INFO - [2026-03-08T08:45:41.808+0700] {dag.py:4138} INFO - Setting next_dagrun for dag_scraping_twitter to 2026-03-07 23:00:00+00:00, run_after=2026-03-08 11:00:00+00:00
[2026-03-08T08:45:41.835+0700] {processor.py:208} INFO - Processing /opt/airflow/dags/dag_scraping_twitter.py took 0.108 seconds
[2026-03-08T08:46:12.718+0700] {processor.py:186} INFO - Started process (PID=60260) to work on /opt/airflow/dags/dag_scraping_twitter.py
[2026-03-08T08:46:12.719+0700] {processor.py:914} INFO - Processing file /opt/airflow/dags/dag_scraping_twitter.py for tasks to queue
[2026-03-08T08:46:12.721+0700] {logging_mixin.py:190} INFO - [2026-03-08T08:46:12.721+0700] {dagbag.py:587} INFO - Filling up the DagBag from /opt/airflow/dags/dag_scraping_twitter.py
[2026-03-08T08:46:12.740+0700] {processor.py:925} INFO - DAG(s) 'dag_scraping_twitter' retrieved from /opt/airflow/dags/dag_scraping_twitter.py
[2026-03-08T08:46:12.767+0700] {logging_mixin.py:190} INFO - [2026-03-08T08:46:12.766+0700] {dag.py:3211} INFO - Sync 1 DAGs
[2026-03-08T08:46:12.791+0700] {logging_mixin.py:190} INFO - [2026-03-08T08:46:12.791+0700] {dag.py:4138} INFO - Setting next_dagrun for dag_scraping_twitter to 2026-03-07 23:00:00+00:00, run_after=2026-03-08 11:00:00+00:00
[2026-03-08T08:46:12.815+0700] {processor.py:208} INFO - Processing /opt/airflow/dags/dag_scraping_twitter.py took 0.103 seconds
[2026-03-08T08:46:42.901+0700] {processor.py:186} INFO - Started process (PID=60288) to work on /opt/airflow/dags/dag_scraping_twitter.py
[2026-03-08T08:46:42.902+0700] {processor.py:914} INFO - Processing file /opt/airflow/dags/dag_scraping_twitter.py for tasks to queue
[2026-03-08T08:46:42.904+0700] {logging_mixin.py:190} INFO - [2026-03-08T08:46:42.904+0700] {dagbag.py:587} INFO - Filling up the DagBag from /opt/airflow/dags/dag_scraping_twitter.py
[2026-03-08T08:46:42.928+0700] {processor.py:925} INFO - DAG(s) 'dag_scraping_twitter' retrieved from /opt/airflow/dags/dag_scraping_twitter.py
[2026-03-08T08:46:42.955+0700] {logging_mixin.py:190} INFO - [2026-03-08T08:46:42.955+0700] {dag.py:3211} INFO - Sync 1 DAGs
[2026-03-08T08:46:42.981+0700] {logging_mixin.py:190} INFO - [2026-03-08T08:46:42.981+0700] {dag.py:4138} INFO - Setting next_dagrun for dag_scraping_twitter to 2026-03-07 23:00:00+00:00, run_after=2026-03-08 11:00:00+00:00
[2026-03-08T08:46:43.008+0700] {processor.py:208} INFO - Processing /opt/airflow/dags/dag_scraping_twitter.py took 0.114 seconds
[2026-03-08T08:47:13.967+0700] {processor.py:186} INFO - Started process (PID=60322) to work on /opt/airflow/dags/dag_scraping_twitter.py
[2026-03-08T08:47:13.968+0700] {processor.py:914} INFO - Processing file /opt/airflow/dags/dag_scraping_twitter.py for tasks to queue
[2026-03-08T08:47:13.972+0700] {logging_mixin.py:190} INFO - [2026-03-08T08:47:13.971+0700] {dagbag.py:587} INFO - Filling up the DagBag from /opt/airflow/dags/dag_scraping_twitter.py
[2026-03-08T08:47:13.992+0700] {processor.py:925} INFO - DAG(s) 'dag_scraping_twitter' retrieved from /opt/airflow/dags/dag_scraping_twitter.py
[2026-03-08T08:47:14.017+0700] {logging_mixin.py:190} INFO - [2026-03-08T08:47:14.017+0700] {dag.py:3211} INFO - Sync 1 DAGs
[2026-03-08T08:47:14.042+0700] {logging_mixin.py:190} INFO - [2026-03-08T08:47:14.042+0700] {dag.py:4138} INFO - Setting next_dagrun for dag_scraping_twitter to 2026-03-07 23:00:00+00:00, run_after=2026-03-08 11:00:00+00:00
[2026-03-08T08:47:14.067+0700] {processor.py:208} INFO - Processing /opt/airflow/dags/dag_scraping_twitter.py took 0.107 seconds
[2026-03-08T08:47:45.096+0700] {processor.py:186} INFO - Started process (PID=60350) to work on /opt/airflow/dags/dag_scraping_twitter.py
[2026-03-08T08:47:45.097+0700] {processor.py:914} INFO - Processing file /opt/airflow/dags/dag_scraping_twitter.py for tasks to queue
[2026-03-08T08:47:45.100+0700] {logging_mixin.py:190} INFO - [2026-03-08T08:47:45.099+0700] {dagbag.py:587} INFO - Filling up the DagBag from /opt/airflow/dags/dag_scraping_twitter.py
[2026-03-08T08:47:45.121+0700] {processor.py:925} INFO - DAG(s) 'dag_scraping_twitter' retrieved from /opt/airflow/dags/dag_scraping_twitter.py
[2026-03-08T08:47:45.147+0700] {logging_mixin.py:190} INFO - [2026-03-08T08:47:45.147+0700] {dag.py:3211} INFO - Sync 1 DAGs
[2026-03-08T08:47:45.170+0700] {logging_mixin.py:190} INFO - [2026-03-08T08:47:45.170+0700] {dag.py:4138} INFO - Setting next_dagrun for dag_scraping_twitter to 2026-03-07 23:00:00+00:00, run_after=2026-03-08 11:00:00+00:00
[2026-03-08T08:47:45.194+0700] {processor.py:208} INFO - Processing /opt/airflow/dags/dag_scraping_twitter.py took 0.107 seconds
[2026-03-08T08:48:16.104+0700] {processor.py:186} INFO - Started process (PID=60378) to work on /opt/airflow/dags/dag_scraping_twitter.py
[2026-03-08T08:48:16.106+0700] {processor.py:914} INFO - Processing file /opt/airflow/dags/dag_scraping_twitter.py for tasks to queue
[2026-03-08T08:48:16.108+0700] {logging_mixin.py:190} INFO - [2026-03-08T08:48:16.108+0700] {dagbag.py:587} INFO - Filling up the DagBag from /opt/airflow/dags/dag_scraping_twitter.py
[2026-03-08T08:48:16.128+0700] {processor.py:925} INFO - DAG(s) 'dag_scraping_twitter' retrieved from /opt/airflow/dags/dag_scraping_twitter.py
[2026-03-08T08:48:16.157+0700] {logging_mixin.py:190} INFO - [2026-03-08T08:48:16.157+0700] {dag.py:3211} INFO - Sync 1 DAGs
[2026-03-08T08:48:16.184+0700] {logging_mixin.py:190} INFO - [2026-03-08T08:48:16.183+0700] {dag.py:4138} INFO - Setting next_dagrun for dag_scraping_twitter to 2026-03-07 23:00:00+00:00, run_after=2026-03-08 11:00:00+00:00
[2026-03-08T08:48:16.208+0700] {processor.py:208} INFO - Processing /opt/airflow/dags/dag_scraping_twitter.py took 0.112 seconds
[2026-03-08T08:48:46.588+0700] {processor.py:186} INFO - Started process (PID=60407) to work on /opt/airflow/dags/dag_scraping_twitter.py
[2026-03-08T08:48:46.589+0700] {processor.py:914} INFO - Processing file /opt/airflow/dags/dag_scraping_twitter.py for tasks to queue
[2026-03-08T08:48:46.592+0700] {logging_mixin.py:190} INFO - [2026-03-08T08:48:46.592+0700] {dagbag.py:587} INFO - Filling up the DagBag from /opt/airflow/dags/dag_scraping_twitter.py
[2026-03-08T08:48:46.612+0700] {processor.py:925} INFO - DAG(s) 'dag_scraping_twitter' retrieved from /opt/airflow/dags/dag_scraping_twitter.py
[2026-03-08T08:48:46.639+0700] {logging_mixin.py:190} INFO - [2026-03-08T08:48:46.639+0700] {dag.py:3211} INFO - Sync 1 DAGs
[2026-03-08T08:48:46.662+0700] {logging_mixin.py:190} INFO - [2026-03-08T08:48:46.662+0700] {dag.py:4138} INFO - Setting next_dagrun for dag_scraping_twitter to 2026-03-07 23:00:00+00:00, run_after=2026-03-08 11:00:00+00:00
[2026-03-08T08:48:46.686+0700] {processor.py:208} INFO - Processing /opt/airflow/dags/dag_scraping_twitter.py took 0.104 seconds
[2026-03-08T08:49:17.641+0700] {processor.py:186} INFO - Started process (PID=60435) to work on /opt/airflow/dags/dag_scraping_twitter.py
[2026-03-08T08:49:17.642+0700] {processor.py:914} INFO - Processing file /opt/airflow/dags/dag_scraping_twitter.py for tasks to queue
[2026-03-08T08:49:17.646+0700] {logging_mixin.py:190} INFO - [2026-03-08T08:49:17.645+0700] {dagbag.py:587} INFO - Filling up the DagBag from /opt/airflow/dags/dag_scraping_twitter.py
[2026-03-08T08:49:17.665+0700] {processor.py:925} INFO - DAG(s) 'dag_scraping_twitter' retrieved from /opt/airflow/dags/dag_scraping_twitter.py
[2026-03-08T08:49:17.691+0700] {logging_mixin.py:190} INFO - [2026-03-08T08:49:17.690+0700] {dag.py:3211} INFO - Sync 1 DAGs
[2026-03-08T08:49:17.714+0700] {logging_mixin.py:190} INFO - [2026-03-08T08:49:17.714+0700] {dag.py:4138} INFO - Setting next_dagrun for dag_scraping_twitter to 2026-03-07 23:00:00+00:00, run_after=2026-03-08 11:00:00+00:00
[2026-03-08T08:49:17.741+0700] {processor.py:208} INFO - Processing /opt/airflow/dags/dag_scraping_twitter.py took 0.107 seconds
[2026-03-08T08:49:47.829+0700] {processor.py:186} INFO - Started process (PID=60463) to work on /opt/airflow/dags/dag_scraping_twitter.py
[2026-03-08T08:49:47.830+0700] {processor.py:914} INFO - Processing file /opt/airflow/dags/dag_scraping_twitter.py for tasks to queue
[2026-03-08T08:49:47.832+0700] {logging_mixin.py:190} INFO - [2026-03-08T08:49:47.832+0700] {dagbag.py:587} INFO - Filling up the DagBag from /opt/airflow/dags/dag_scraping_twitter.py
[2026-03-08T08:49:47.852+0700] {processor.py:925} INFO - DAG(s) 'dag_scraping_twitter' retrieved from /opt/airflow/dags/dag_scraping_twitter.py
[2026-03-08T08:49:47.878+0700] {logging_mixin.py:190} INFO - [2026-03-08T08:49:47.878+0700] {dag.py:3211} INFO - Sync 1 DAGs
[2026-03-08T08:49:47.901+0700] {logging_mixin.py:190} INFO - [2026-03-08T08:49:47.901+0700] {dag.py:4138} INFO - Setting next_dagrun for dag_scraping_twitter to 2026-03-07 23:00:00+00:00, run_after=2026-03-08 11:00:00+00:00
[2026-03-08T08:49:47.925+0700] {processor.py:208} INFO - Processing /opt/airflow/dags/dag_scraping_twitter.py took 0.105 seconds
[2026-03-08T08:50:18.935+0700] {processor.py:186} INFO - Started process (PID=60497) to work on /opt/airflow/dags/dag_scraping_twitter.py
[2026-03-08T08:50:18.937+0700] {processor.py:914} INFO - Processing file /opt/airflow/dags/dag_scraping_twitter.py for tasks to queue
[2026-03-08T08:50:18.939+0700] {logging_mixin.py:190} INFO - [2026-03-08T08:50:18.939+0700] {dagbag.py:587} INFO - Filling up the DagBag from /opt/airflow/dags/dag_scraping_twitter.py
[2026-03-08T08:50:18.961+0700] {processor.py:925} INFO - DAG(s) 'dag_scraping_twitter' retrieved from /opt/airflow/dags/dag_scraping_twitter.py
[2026-03-08T08:50:18.987+0700] {logging_mixin.py:190} INFO - [2026-03-08T08:50:18.987+0700] {dag.py:3211} INFO - Sync 1 DAGs
[2026-03-08T08:50:19.013+0700] {logging_mixin.py:190} INFO - [2026-03-08T08:50:19.012+0700] {dag.py:4138} INFO - Setting next_dagrun for dag_scraping_twitter to 2026-03-07 23:00:00+00:00, run_after=2026-03-08 11:00:00+00:00
[2026-03-08T08:50:19.036+0700] {processor.py:208} INFO - Processing /opt/airflow/dags/dag_scraping_twitter.py took 0.108 seconds
[2026-03-08T08:50:49.936+0700] {processor.py:186} INFO - Started process (PID=60525) to work on /opt/airflow/dags/dag_scraping_twitter.py
[2026-03-08T08:50:49.937+0700] {processor.py:914} INFO - Processing file /opt/airflow/dags/dag_scraping_twitter.py for tasks to queue
[2026-03-08T08:50:49.940+0700] {logging_mixin.py:190} INFO - [2026-03-08T08:50:49.940+0700] {dagbag.py:587} INFO - Filling up the DagBag from /opt/airflow/dags/dag_scraping_twitter.py
[2026-03-08T08:50:49.958+0700] {processor.py:925} INFO - DAG(s) 'dag_scraping_twitter' retrieved from /opt/airflow/dags/dag_scraping_twitter.py
[2026-03-08T08:50:49.985+0700] {logging_mixin.py:190} INFO - [2026-03-08T08:50:49.985+0700] {dag.py:3211} INFO - Sync 1 DAGs
[2026-03-08T08:50:50.010+0700] {logging_mixin.py:190} INFO - [2026-03-08T08:50:50.010+0700] {dag.py:4138} INFO - Setting next_dagrun for dag_scraping_twitter to 2026-03-07 23:00:00+00:00, run_after=2026-03-08 11:00:00+00:00
[2026-03-08T08:50:50.033+0700] {processor.py:208} INFO - Processing /opt/airflow/dags/dag_scraping_twitter.py took 0.103 seconds
[2026-03-08T08:51:20.661+0700] {processor.py:186} INFO - Started process (PID=60553) to work on /opt/airflow/dags/dag_scraping_twitter.py
[2026-03-08T08:51:20.663+0700] {processor.py:914} INFO - Processing file /opt/airflow/dags/dag_scraping_twitter.py for tasks to queue
[2026-03-08T08:51:20.665+0700] {logging_mixin.py:190} INFO - [2026-03-08T08:51:20.665+0700] {dagbag.py:587} INFO - Filling up the DagBag from /opt/airflow/dags/dag_scraping_twitter.py
[2026-03-08T08:51:20.686+0700] {processor.py:925} INFO - DAG(s) 'dag_scraping_twitter' retrieved from /opt/airflow/dags/dag_scraping_twitter.py
[2026-03-08T08:51:20.715+0700] {logging_mixin.py:190} INFO - [2026-03-08T08:51:20.715+0700] {dag.py:3211} INFO - Sync 1 DAGs
[2026-03-08T08:51:20.739+0700] {logging_mixin.py:190} INFO - [2026-03-08T08:51:20.739+0700] {dag.py:4138} INFO - Setting next_dagrun for dag_scraping_twitter to 2026-03-07 23:00:00+00:00, run_after=2026-03-08 11:00:00+00:00
[2026-03-08T08:51:20.763+0700] {processor.py:208} INFO - Processing /opt/airflow/dags/dag_scraping_twitter.py took 0.108 seconds
[2026-03-08T08:51:51.276+0700] {processor.py:186} INFO - Started process (PID=60581) to work on /opt/airflow/dags/dag_scraping_twitter.py
[2026-03-08T08:51:51.278+0700] {processor.py:914} INFO - Processing file /opt/airflow/dags/dag_scraping_twitter.py for tasks to queue
[2026-03-08T08:51:51.280+0700] {logging_mixin.py:190} INFO - [2026-03-08T08:51:51.280+0700] {dagbag.py:587} INFO - Filling up the DagBag from /opt/airflow/dags/dag_scraping_twitter.py
[2026-03-08T08:51:51.302+0700] {processor.py:925} INFO - DAG(s) 'dag_scraping_twitter' retrieved from /opt/airflow/dags/dag_scraping_twitter.py
[2026-03-08T08:51:51.330+0700] {logging_mixin.py:190} INFO - [2026-03-08T08:51:51.330+0700] {dag.py:3211} INFO - Sync 1 DAGs
[2026-03-08T08:51:51.353+0700] {logging_mixin.py:190} INFO - [2026-03-08T08:51:51.353+0700] {dag.py:4138} INFO - Setting next_dagrun for dag_scraping_twitter to 2026-03-07 23:00:00+00:00, run_after=2026-03-08 11:00:00+00:00
[2026-03-08T08:51:51.377+0700] {processor.py:208} INFO - Processing /opt/airflow/dags/dag_scraping_twitter.py took 0.107 seconds
[2026-03-08T08:52:22.426+0700] {processor.py:186} INFO - Started process (PID=60615) to work on /opt/airflow/dags/dag_scraping_twitter.py
[2026-03-08T08:52:22.427+0700] {processor.py:914} INFO - Processing file /opt/airflow/dags/dag_scraping_twitter.py for tasks to queue
[2026-03-08T08:52:22.430+0700] {logging_mixin.py:190} INFO - [2026-03-08T08:52:22.430+0700] {dagbag.py:587} INFO - Filling up the DagBag from /opt/airflow/dags/dag_scraping_twitter.py
[2026-03-08T08:52:22.451+0700] {processor.py:925} INFO - DAG(s) 'dag_scraping_twitter' retrieved from /opt/airflow/dags/dag_scraping_twitter.py
[2026-03-08T08:52:22.480+0700] {logging_mixin.py:190} INFO - [2026-03-08T08:52:22.480+0700] {dag.py:3211} INFO - Sync 1 DAGs
[2026-03-08T08:52:22.503+0700] {logging_mixin.py:190} INFO - [2026-03-08T08:52:22.503+0700] {dag.py:4138} INFO - Setting next_dagrun for dag_scraping_twitter to 2026-03-07 23:00:00+00:00, run_after=2026-03-08 11:00:00+00:00
[2026-03-08T08:52:22.527+0700] {processor.py:208} INFO - Processing /opt/airflow/dags/dag_scraping_twitter.py took 0.107 seconds
[2026-03-08T08:52:52.611+0700] {processor.py:186} INFO - Started process (PID=60643) to work on /opt/airflow/dags/dag_scraping_twitter.py
[2026-03-08T08:52:52.612+0700] {processor.py:914} INFO - Processing file /opt/airflow/dags/dag_scraping_twitter.py for tasks to queue
[2026-03-08T08:52:52.616+0700] {logging_mixin.py:190} INFO - [2026-03-08T08:52:52.615+0700] {dagbag.py:587} INFO - Filling up the DagBag from /opt/airflow/dags/dag_scraping_twitter.py
[2026-03-08T08:52:52.635+0700] {processor.py:925} INFO - DAG(s) 'dag_scraping_twitter' retrieved from /opt/airflow/dags/dag_scraping_twitter.py
[2026-03-08T08:52:52.663+0700] {logging_mixin.py:190} INFO - [2026-03-08T08:52:52.663+0700] {dag.py:3211} INFO - Sync 1 DAGs
[2026-03-08T08:52:52.689+0700] {logging_mixin.py:190} INFO - [2026-03-08T08:52:52.689+0700] {dag.py:4138} INFO - Setting next_dagrun for dag_scraping_twitter to 2026-03-07 23:00:00+00:00, run_after=2026-03-08 11:00:00+00:00
[2026-03-08T08:52:52.716+0700] {processor.py:208} INFO - Processing /opt/airflow/dags/dag_scraping_twitter.py took 0.113 seconds
[2026-03-08T08:53:23.679+0700] {processor.py:186} INFO - Started process (PID=60671) to work on /opt/airflow/dags/dag_scraping_twitter.py
[2026-03-08T08:53:23.680+0700] {processor.py:914} INFO - Processing file /opt/airflow/dags/dag_scraping_twitter.py for tasks to queue
[2026-03-08T08:53:23.682+0700] {logging_mixin.py:190} INFO - [2026-03-08T08:53:23.682+0700] {dagbag.py:587} INFO - Filling up the DagBag from /opt/airflow/dags/dag_scraping_twitter.py
[2026-03-08T08:53:23.701+0700] {processor.py:925} INFO - DAG(s) 'dag_scraping_twitter' retrieved from /opt/airflow/dags/dag_scraping_twitter.py
[2026-03-08T08:53:23.727+0700] {logging_mixin.py:190} INFO - [2026-03-08T08:53:23.727+0700] {dag.py:3211} INFO - Sync 1 DAGs
[2026-03-08T08:53:23.751+0700] {logging_mixin.py:190} INFO - [2026-03-08T08:53:23.750+0700] {dag.py:4138} INFO - Setting next_dagrun for dag_scraping_twitter to 2026-03-07 23:00:00+00:00, run_after=2026-03-08 11:00:00+00:00
[2026-03-08T08:53:23.774+0700] {processor.py:208} INFO - Processing /opt/airflow/dags/dag_scraping_twitter.py took 0.102 seconds
[2026-03-08T08:53:54.688+0700] {processor.py:186} INFO - Started process (PID=60699) to work on /opt/airflow/dags/dag_scraping_twitter.py
[2026-03-08T08:53:54.689+0700] {processor.py:914} INFO - Processing file /opt/airflow/dags/dag_scraping_twitter.py for tasks to queue
[2026-03-08T08:53:54.692+0700] {logging_mixin.py:190} INFO - [2026-03-08T08:53:54.691+0700] {dagbag.py:587} INFO - Filling up the DagBag from /opt/airflow/dags/dag_scraping_twitter.py
[2026-03-08T08:53:54.715+0700] {processor.py:925} INFO - DAG(s) 'dag_scraping_twitter' retrieved from /opt/airflow/dags/dag_scraping_twitter.py
[2026-03-08T08:53:54.742+0700] {logging_mixin.py:190} INFO - [2026-03-08T08:53:54.741+0700] {dag.py:3211} INFO - Sync 1 DAGs
[2026-03-08T08:53:54.765+0700] {logging_mixin.py:190} INFO - [2026-03-08T08:53:54.765+0700] {dag.py:4138} INFO - Setting next_dagrun for dag_scraping_twitter to 2026-03-07 23:00:00+00:00, run_after=2026-03-08 11:00:00+00:00
[2026-03-08T08:53:54.790+0700] {processor.py:208} INFO - Processing /opt/airflow/dags/dag_scraping_twitter.py took 0.109 seconds
[2026-03-08T08:54:24.873+0700] {processor.py:186} INFO - Started process (PID=60727) to work on /opt/airflow/dags/dag_scraping_twitter.py
[2026-03-08T08:54:24.874+0700] {processor.py:914} INFO - Processing file /opt/airflow/dags/dag_scraping_twitter.py for tasks to queue
[2026-03-08T08:54:24.876+0700] {logging_mixin.py:190} INFO - [2026-03-08T08:54:24.876+0700] {dagbag.py:587} INFO - Filling up the DagBag from /opt/airflow/dags/dag_scraping_twitter.py
[2026-03-08T08:54:24.895+0700] {processor.py:925} INFO - DAG(s) 'dag_scraping_twitter' retrieved from /opt/airflow/dags/dag_scraping_twitter.py
[2026-03-08T08:54:24.923+0700] {logging_mixin.py:190} INFO - [2026-03-08T08:54:24.923+0700] {dag.py:3211} INFO - Sync 1 DAGs
[2026-03-08T08:54:24.946+0700] {logging_mixin.py:190} INFO - [2026-03-08T08:54:24.946+0700] {dag.py:4138} INFO - Setting next_dagrun for dag_scraping_twitter to 2026-03-07 23:00:00+00:00, run_after=2026-03-08 11:00:00+00:00
[2026-03-08T08:54:24.969+0700] {processor.py:208} INFO - Processing /opt/airflow/dags/dag_scraping_twitter.py took 0.104 seconds
[2026-03-08T08:54:55.045+0700] {processor.py:186} INFO - Started process (PID=60755) to work on /opt/airflow/dags/dag_scraping_twitter.py
[2026-03-08T08:54:55.046+0700] {processor.py:914} INFO - Processing file /opt/airflow/dags/dag_scraping_twitter.py for tasks to queue
[2026-03-08T08:54:55.049+0700] {logging_mixin.py:190} INFO - [2026-03-08T08:54:55.049+0700] {dagbag.py:587} INFO - Filling up the DagBag from /opt/airflow/dags/dag_scraping_twitter.py
[2026-03-08T08:54:55.069+0700] {processor.py:925} INFO - DAG(s) 'dag_scraping_twitter' retrieved from /opt/airflow/dags/dag_scraping_twitter.py
[2026-03-08T08:54:55.095+0700] {logging_mixin.py:190} INFO - [2026-03-08T08:54:55.095+0700] {dag.py:3211} INFO - Sync 1 DAGs
[2026-03-08T08:54:55.118+0700] {logging_mixin.py:190} INFO - [2026-03-08T08:54:55.118+0700] {dag.py:4138} INFO - Setting next_dagrun for dag_scraping_twitter to 2026-03-07 23:00:00+00:00, run_after=2026-03-08 11:00:00+00:00
[2026-03-08T08:54:55.144+0700] {processor.py:208} INFO - Processing /opt/airflow/dags/dag_scraping_twitter.py took 0.107 seconds
[2026-03-08T08:55:26.037+0700] {processor.py:186} INFO - Started process (PID=60789) to work on /opt/airflow/dags/dag_scraping_twitter.py
[2026-03-08T08:55:26.038+0700] {processor.py:914} INFO - Processing file /opt/airflow/dags/dag_scraping_twitter.py for tasks to queue
[2026-03-08T08:55:26.041+0700] {logging_mixin.py:190} INFO - [2026-03-08T08:55:26.041+0700] {dagbag.py:587} INFO - Filling up the DagBag from /opt/airflow/dags/dag_scraping_twitter.py
[2026-03-08T08:55:26.063+0700] {processor.py:925} INFO - DAG(s) 'dag_scraping_twitter' retrieved from /opt/airflow/dags/dag_scraping_twitter.py
[2026-03-08T08:55:26.095+0700] {logging_mixin.py:190} INFO - [2026-03-08T08:55:26.095+0700] {dag.py:3211} INFO - Sync 1 DAGs
[2026-03-08T08:55:26.124+0700] {logging_mixin.py:190} INFO - [2026-03-08T08:55:26.123+0700] {dag.py:4138} INFO - Setting next_dagrun for dag_scraping_twitter to 2026-03-07 23:00:00+00:00, run_after=2026-03-08 11:00:00+00:00
[2026-03-08T08:55:26.152+0700] {processor.py:208} INFO - Processing /opt/airflow/dags/dag_scraping_twitter.py took 0.122 seconds
[2026-03-08T08:55:57.090+0700] {processor.py:186} INFO - Started process (PID=60817) to work on /opt/airflow/dags/dag_scraping_twitter.py
[2026-03-08T08:55:57.091+0700] {processor.py:914} INFO - Processing file /opt/airflow/dags/dag_scraping_twitter.py for tasks to queue
[2026-03-08T08:55:57.094+0700] {logging_mixin.py:190} INFO - [2026-03-08T08:55:57.094+0700] {dagbag.py:587} INFO - Filling up the DagBag from /opt/airflow/dags/dag_scraping_twitter.py
[2026-03-08T08:55:57.118+0700] {processor.py:925} INFO - DAG(s) 'dag_scraping_twitter' retrieved from /opt/airflow/dags/dag_scraping_twitter.py
[2026-03-08T08:55:57.148+0700] {logging_mixin.py:190} INFO - [2026-03-08T08:55:57.148+0700] {dag.py:3211} INFO - Sync 1 DAGs
[2026-03-08T08:55:57.175+0700] {logging_mixin.py:190} INFO - [2026-03-08T08:55:57.175+0700] {dag.py:4138} INFO - Setting next_dagrun for dag_scraping_twitter to 2026-03-07 23:00:00+00:00, run_after=2026-03-08 11:00:00+00:00
[2026-03-08T08:55:57.199+0700] {processor.py:208} INFO - Processing /opt/airflow/dags/dag_scraping_twitter.py took 0.118 seconds
[2026-03-08T08:56:27.295+0700] {processor.py:186} INFO - Started process (PID=60845) to work on /opt/airflow/dags/dag_scraping_twitter.py
[2026-03-08T08:56:27.296+0700] {processor.py:914} INFO - Processing file /opt/airflow/dags/dag_scraping_twitter.py for tasks to queue
[2026-03-08T08:56:27.299+0700] {logging_mixin.py:190} INFO - [2026-03-08T08:56:27.298+0700] {dagbag.py:587} INFO - Filling up the DagBag from /opt/airflow/dags/dag_scraping_twitter.py
[2026-03-08T08:56:27.326+0700] {processor.py:925} INFO - DAG(s) 'dag_scraping_twitter' retrieved from /opt/airflow/dags/dag_scraping_twitter.py
[2026-03-08T08:56:27.363+0700] {logging_mixin.py:190} INFO - [2026-03-08T08:56:27.363+0700] {dag.py:3211} INFO - Sync 1 DAGs
[2026-03-08T08:56:27.393+0700] {logging_mixin.py:190} INFO - [2026-03-08T08:56:27.393+0700] {dag.py:4138} INFO - Setting next_dagrun for dag_scraping_twitter to 2026-03-07 23:00:00+00:00, run_after=2026-03-08 11:00:00+00:00
[2026-03-08T08:56:27.419+0700] {processor.py:208} INFO - Processing /opt/airflow/dags/dag_scraping_twitter.py took 0.132 seconds
[2026-03-08T08:56:58.378+0700] {processor.py:186} INFO - Started process (PID=60873) to work on /opt/airflow/dags/dag_scraping_twitter.py
[2026-03-08T08:56:58.379+0700] {processor.py:914} INFO - Processing file /opt/airflow/dags/dag_scraping_twitter.py for tasks to queue
[2026-03-08T08:56:58.382+0700] {logging_mixin.py:190} INFO - [2026-03-08T08:56:58.382+0700] {dagbag.py:587} INFO - Filling up the DagBag from /opt/airflow/dags/dag_scraping_twitter.py
[2026-03-08T08:56:58.401+0700] {processor.py:925} INFO - DAG(s) 'dag_scraping_twitter' retrieved from /opt/airflow/dags/dag_scraping_twitter.py
[2026-03-08T08:56:58.426+0700] {logging_mixin.py:190} INFO - [2026-03-08T08:56:58.426+0700] {dag.py:3211} INFO - Sync 1 DAGs
[2026-03-08T08:56:58.449+0700] {logging_mixin.py:190} INFO - [2026-03-08T08:56:58.448+0700] {dag.py:4138} INFO - Setting next_dagrun for dag_scraping_twitter to 2026-03-07 23:00:00+00:00, run_after=2026-03-08 11:00:00+00:00
[2026-03-08T08:56:58.472+0700] {processor.py:208} INFO - Processing /opt/airflow/dags/dag_scraping_twitter.py took 0.102 seconds
[2026-03-08T08:57:28.657+0700] {processor.py:186} INFO - Started process (PID=60901) to work on /opt/airflow/dags/dag_scraping_twitter.py
[2026-03-08T08:57:28.658+0700] {processor.py:914} INFO - Processing file /opt/airflow/dags/dag_scraping_twitter.py for tasks to queue
[2026-03-08T08:57:28.660+0700] {logging_mixin.py:190} INFO - [2026-03-08T08:57:28.660+0700] {dagbag.py:587} INFO - Filling up the DagBag from /opt/airflow/dags/dag_scraping_twitter.py
[2026-03-08T08:57:28.679+0700] {processor.py:925} INFO - DAG(s) 'dag_scraping_twitter' retrieved from /opt/airflow/dags/dag_scraping_twitter.py
[2026-03-08T08:57:28.707+0700] {logging_mixin.py:190} INFO - [2026-03-08T08:57:28.706+0700] {dag.py:3211} INFO - Sync 1 DAGs
[2026-03-08T08:57:28.730+0700] {logging_mixin.py:190} INFO - [2026-03-08T08:57:28.730+0700] {dag.py:4138} INFO - Setting next_dagrun for dag_scraping_twitter to 2026-03-07 23:00:00+00:00, run_after=2026-03-08 11:00:00+00:00
[2026-03-08T08:57:28.753+0700] {processor.py:208} INFO - Processing /opt/airflow/dags/dag_scraping_twitter.py took 0.103 seconds
[2026-03-08T08:57:59.664+0700] {processor.py:186} INFO - Started process (PID=60935) to work on /opt/airflow/dags/dag_scraping_twitter.py
[2026-03-08T08:57:59.666+0700] {processor.py:914} INFO - Processing file /opt/airflow/dags/dag_scraping_twitter.py for tasks to queue
[2026-03-08T08:57:59.668+0700] {logging_mixin.py:190} INFO - [2026-03-08T08:57:59.668+0700] {dagbag.py:587} INFO - Filling up the DagBag from /opt/airflow/dags/dag_scraping_twitter.py
[2026-03-08T08:57:59.690+0700] {processor.py:925} INFO - DAG(s) 'dag_scraping_twitter' retrieved from /opt/airflow/dags/dag_scraping_twitter.py
[2026-03-08T08:57:59.716+0700] {logging_mixin.py:190} INFO - [2026-03-08T08:57:59.716+0700] {dag.py:3211} INFO - Sync 1 DAGs
[2026-03-08T08:57:59.739+0700] {logging_mixin.py:190} INFO - [2026-03-08T08:57:59.739+0700] {dag.py:4138} INFO - Setting next_dagrun for dag_scraping_twitter to 2026-03-07 23:00:00+00:00, run_after=2026-03-08 11:00:00+00:00
[2026-03-08T08:57:59.766+0700] {processor.py:208} INFO - Processing /opt/airflow/dags/dag_scraping_twitter.py took 0.108 seconds
[2026-03-08T08:58:30.303+0700] {processor.py:186} INFO - Started process (PID=60963) to work on /opt/airflow/dags/dag_scraping_twitter.py
[2026-03-08T08:58:30.304+0700] {processor.py:914} INFO - Processing file /opt/airflow/dags/dag_scraping_twitter.py for tasks to queue
[2026-03-08T08:58:30.308+0700] {logging_mixin.py:190} INFO - [2026-03-08T08:58:30.308+0700] {dagbag.py:587} INFO - Filling up the DagBag from /opt/airflow/dags/dag_scraping_twitter.py
[2026-03-08T08:58:30.334+0700] {processor.py:925} INFO - DAG(s) 'dag_scraping_twitter' retrieved from /opt/airflow/dags/dag_scraping_twitter.py
[2026-03-08T08:58:30.368+0700] {logging_mixin.py:190} INFO - [2026-03-08T08:58:30.368+0700] {dag.py:3211} INFO - Sync 1 DAGs
[2026-03-08T08:58:30.400+0700] {logging_mixin.py:190} INFO - [2026-03-08T08:58:30.399+0700] {dag.py:4138} INFO - Setting next_dagrun for dag_scraping_twitter to 2026-03-07 23:00:00+00:00, run_after=2026-03-08 11:00:00+00:00
[2026-03-08T08:58:30.427+0700] {processor.py:208} INFO - Processing /opt/airflow/dags/dag_scraping_twitter.py took 0.133 seconds
[2026-03-08T08:59:01.457+0700] {processor.py:186} INFO - Started process (PID=60991) to work on /opt/airflow/dags/dag_scraping_twitter.py
[2026-03-08T08:59:01.458+0700] {processor.py:914} INFO - Processing file /opt/airflow/dags/dag_scraping_twitter.py for tasks to queue
[2026-03-08T08:59:01.463+0700] {logging_mixin.py:190} INFO - [2026-03-08T08:59:01.462+0700] {dagbag.py:587} INFO - Filling up the DagBag from /opt/airflow/dags/dag_scraping_twitter.py
[2026-03-08T08:59:01.482+0700] {processor.py:925} INFO - DAG(s) 'dag_scraping_twitter' retrieved from /opt/airflow/dags/dag_scraping_twitter.py
[2026-03-08T08:59:01.509+0700] {logging_mixin.py:190} INFO - [2026-03-08T08:59:01.509+0700] {dag.py:3211} INFO - Sync 1 DAGs
[2026-03-08T08:59:01.532+0700] {logging_mixin.py:190} INFO - [2026-03-08T08:59:01.532+0700] {dag.py:4138} INFO - Setting next_dagrun for dag_scraping_twitter to 2026-03-07 23:00:00+00:00, run_after=2026-03-08 11:00:00+00:00
[2026-03-08T08:59:01.558+0700] {processor.py:208} INFO - Processing /opt/airflow/dags/dag_scraping_twitter.py took 0.108 seconds
[2026-03-08T08:59:31.624+0700] {processor.py:186} INFO - Started process (PID=61019) to work on /opt/airflow/dags/dag_scraping_twitter.py
[2026-03-08T08:59:31.625+0700] {processor.py:914} INFO - Processing file /opt/airflow/dags/dag_scraping_twitter.py for tasks to queue
[2026-03-08T08:59:31.628+0700] {logging_mixin.py:190} INFO - [2026-03-08T08:59:31.627+0700] {dagbag.py:587} INFO - Filling up the DagBag from /opt/airflow/dags/dag_scraping_twitter.py
[2026-03-08T08:59:31.647+0700] {processor.py:925} INFO - DAG(s) 'dag_scraping_twitter' retrieved from /opt/airflow/dags/dag_scraping_twitter.py
[2026-03-08T08:59:31.673+0700] {logging_mixin.py:190} INFO - [2026-03-08T08:59:31.673+0700] {dag.py:3211} INFO - Sync 1 DAGs
[2026-03-08T08:59:31.696+0700] {logging_mixin.py:190} INFO - [2026-03-08T08:59:31.696+0700] {dag.py:4138} INFO - Setting next_dagrun for dag_scraping_twitter to 2026-03-07 23:00:00+00:00, run_after=2026-03-08 11:00:00+00:00
[2026-03-08T08:59:31.719+0700] {processor.py:208} INFO - Processing /opt/airflow/dags/dag_scraping_twitter.py took 0.102 seconds
[2026-03-08T09:00:01.862+0700] {processor.py:186} INFO - Started process (PID=61047) to work on /opt/airflow/dags/dag_scraping_twitter.py
[2026-03-08T09:00:01.863+0700] {processor.py:914} INFO - Processing file /opt/airflow/dags/dag_scraping_twitter.py for tasks to queue
[2026-03-08T09:00:01.866+0700] {logging_mixin.py:190} INFO - [2026-03-08T09:00:01.865+0700] {dagbag.py:587} INFO - Filling up the DagBag from /opt/airflow/dags/dag_scraping_twitter.py
[2026-03-08T09:00:01.885+0700] {processor.py:925} INFO - DAG(s) 'dag_scraping_twitter' retrieved from /opt/airflow/dags/dag_scraping_twitter.py
[2026-03-08T09:00:01.911+0700] {logging_mixin.py:190} INFO - [2026-03-08T09:00:01.911+0700] {dag.py:3211} INFO - Sync 1 DAGs
[2026-03-08T09:00:01.934+0700] {logging_mixin.py:190} INFO - [2026-03-08T09:00:01.933+0700] {dag.py:4138} INFO - Setting next_dagrun for dag_scraping_twitter to 2026-03-07 23:00:00+00:00, run_after=2026-03-08 11:00:00+00:00
[2026-03-08T09:00:01.959+0700] {processor.py:208} INFO - Processing /opt/airflow/dags/dag_scraping_twitter.py took 0.104 seconds
[2026-03-08T09:00:32.902+0700] {processor.py:186} INFO - Started process (PID=61081) to work on /opt/airflow/dags/dag_scraping_twitter.py
[2026-03-08T09:00:32.903+0700] {processor.py:914} INFO - Processing file /opt/airflow/dags/dag_scraping_twitter.py for tasks to queue
[2026-03-08T09:00:32.906+0700] {logging_mixin.py:190} INFO - [2026-03-08T09:00:32.906+0700] {dagbag.py:587} INFO - Filling up the DagBag from /opt/airflow/dags/dag_scraping_twitter.py
[2026-03-08T09:00:32.925+0700] {processor.py:925} INFO - DAG(s) 'dag_scraping_twitter' retrieved from /opt/airflow/dags/dag_scraping_twitter.py
[2026-03-08T09:00:32.951+0700] {logging_mixin.py:190} INFO - [2026-03-08T09:00:32.951+0700] {dag.py:3211} INFO - Sync 1 DAGs
[2026-03-08T09:00:32.979+0700] {logging_mixin.py:190} INFO - [2026-03-08T09:00:32.978+0700] {dag.py:4138} INFO - Setting next_dagrun for dag_scraping_twitter to 2026-03-07 23:00:00+00:00, run_after=2026-03-08 11:00:00+00:00
[2026-03-08T09:00:33.003+0700] {processor.py:208} INFO - Processing /opt/airflow/dags/dag_scraping_twitter.py took 0.108 seconds
[2026-03-08T09:01:03.952+0700] {processor.py:186} INFO - Started process (PID=61109) to work on /opt/airflow/dags/dag_scraping_twitter.py
[2026-03-08T09:01:03.953+0700] {processor.py:914} INFO - Processing file /opt/airflow/dags/dag_scraping_twitter.py for tasks to queue
[2026-03-08T09:01:03.956+0700] {logging_mixin.py:190} INFO - [2026-03-08T09:01:03.955+0700] {dagbag.py:587} INFO - Filling up the DagBag from /opt/airflow/dags/dag_scraping_twitter.py
[2026-03-08T09:01:03.975+0700] {processor.py:925} INFO - DAG(s) 'dag_scraping_twitter' retrieved from /opt/airflow/dags/dag_scraping_twitter.py
[2026-03-08T09:01:04.004+0700] {logging_mixin.py:190} INFO - [2026-03-08T09:01:04.003+0700] {dag.py:3211} INFO - Sync 1 DAGs
[2026-03-08T09:01:04.029+0700] {logging_mixin.py:190} INFO - [2026-03-08T09:01:04.029+0700] {dag.py:4138} INFO - Setting next_dagrun for dag_scraping_twitter to 2026-03-07 23:00:00+00:00, run_after=2026-03-08 11:00:00+00:00
[2026-03-08T09:01:04.053+0700] {processor.py:208} INFO - Processing /opt/airflow/dags/dag_scraping_twitter.py took 0.110 seconds
[2026-03-08T09:01:34.999+0700] {processor.py:186} INFO - Started process (PID=61137) to work on /opt/airflow/dags/dag_scraping_twitter.py
[2026-03-08T09:01:35.001+0700] {processor.py:914} INFO - Processing file /opt/airflow/dags/dag_scraping_twitter.py for tasks to queue
[2026-03-08T09:01:35.003+0700] {logging_mixin.py:190} INFO - [2026-03-08T09:01:35.003+0700] {dagbag.py:587} INFO - Filling up the DagBag from /opt/airflow/dags/dag_scraping_twitter.py
[2026-03-08T09:01:35.022+0700] {processor.py:925} INFO - DAG(s) 'dag_scraping_twitter' retrieved from /opt/airflow/dags/dag_scraping_twitter.py
[2026-03-08T09:01:35.049+0700] {logging_mixin.py:190} INFO - [2026-03-08T09:01:35.048+0700] {dag.py:3211} INFO - Sync 1 DAGs
[2026-03-08T09:01:35.072+0700] {logging_mixin.py:190} INFO - [2026-03-08T09:01:35.072+0700] {dag.py:4138} INFO - Setting next_dagrun for dag_scraping_twitter to 2026-03-07 23:00:00+00:00, run_after=2026-03-08 11:00:00+00:00
[2026-03-08T09:01:35.096+0700] {processor.py:208} INFO - Processing /opt/airflow/dags/dag_scraping_twitter.py took 0.104 seconds
[2026-03-08T09:02:06.051+0700] {processor.py:186} INFO - Started process (PID=61165) to work on /opt/airflow/dags/dag_scraping_twitter.py
[2026-03-08T09:02:06.053+0700] {processor.py:914} INFO - Processing file /opt/airflow/dags/dag_scraping_twitter.py for tasks to queue
[2026-03-08T09:02:06.057+0700] {logging_mixin.py:190} INFO - [2026-03-08T09:02:06.056+0700] {dagbag.py:587} INFO - Filling up the DagBag from /opt/airflow/dags/dag_scraping_twitter.py
[2026-03-08T09:02:06.078+0700] {processor.py:925} INFO - DAG(s) 'dag_scraping_twitter' retrieved from /opt/airflow/dags/dag_scraping_twitter.py
[2026-03-08T09:02:06.104+0700] {logging_mixin.py:190} INFO - [2026-03-08T09:02:06.103+0700] {dag.py:3211} INFO - Sync 1 DAGs
[2026-03-08T09:02:06.126+0700] {logging_mixin.py:190} INFO - [2026-03-08T09:02:06.126+0700] {dag.py:4138} INFO - Setting next_dagrun for dag_scraping_twitter to 2026-03-07 23:00:00+00:00, run_after=2026-03-08 11:00:00+00:00
[2026-03-08T09:02:06.150+0700] {processor.py:208} INFO - Processing /opt/airflow/dags/dag_scraping_twitter.py took 0.109 seconds
[2026-03-08T09:02:36.229+0700] {processor.py:186} INFO - Started process (PID=61193) to work on /opt/airflow/dags/dag_scraping_twitter.py
[2026-03-08T09:02:36.231+0700] {processor.py:914} INFO - Processing file /opt/airflow/dags/dag_scraping_twitter.py for tasks to queue
[2026-03-08T09:02:36.234+0700] {logging_mixin.py:190} INFO - [2026-03-08T09:02:36.233+0700] {dagbag.py:587} INFO - Filling up the DagBag from /opt/airflow/dags/dag_scraping_twitter.py
[2026-03-08T09:02:36.254+0700] {processor.py:925} INFO - DAG(s) 'dag_scraping_twitter' retrieved from /opt/airflow/dags/dag_scraping_twitter.py
[2026-03-08T09:02:36.282+0700] {logging_mixin.py:190} INFO - [2026-03-08T09:02:36.282+0700] {dag.py:3211} INFO - Sync 1 DAGs
[2026-03-08T09:02:36.305+0700] {logging_mixin.py:190} INFO - [2026-03-08T09:02:36.305+0700] {dag.py:4138} INFO - Setting next_dagrun for dag_scraping_twitter to 2026-03-07 23:00:00+00:00, run_after=2026-03-08 11:00:00+00:00
[2026-03-08T09:02:36.328+0700] {processor.py:208} INFO - Processing /opt/airflow/dags/dag_scraping_twitter.py took 0.105 seconds
[2026-03-08T09:03:07.370+0700] {processor.py:186} INFO - Started process (PID=61227) to work on /opt/airflow/dags/dag_scraping_twitter.py
[2026-03-08T09:03:07.371+0700] {processor.py:914} INFO - Processing file /opt/airflow/dags/dag_scraping_twitter.py for tasks to queue
[2026-03-08T09:03:07.375+0700] {logging_mixin.py:190} INFO - [2026-03-08T09:03:07.374+0700] {dagbag.py:587} INFO - Filling up the DagBag from /opt/airflow/dags/dag_scraping_twitter.py
[2026-03-08T09:03:07.394+0700] {processor.py:925} INFO - DAG(s) 'dag_scraping_twitter' retrieved from /opt/airflow/dags/dag_scraping_twitter.py
[2026-03-08T09:03:07.420+0700] {logging_mixin.py:190} INFO - [2026-03-08T09:03:07.420+0700] {dag.py:3211} INFO - Sync 1 DAGs
[2026-03-08T09:03:07.446+0700] {logging_mixin.py:190} INFO - [2026-03-08T09:03:07.446+0700] {dag.py:4138} INFO - Setting next_dagrun for dag_scraping_twitter to 2026-03-07 23:00:00+00:00, run_after=2026-03-08 11:00:00+00:00
[2026-03-08T09:03:07.481+0700] {processor.py:208} INFO - Processing /opt/airflow/dags/dag_scraping_twitter.py took 0.116 seconds
[2026-03-08T09:03:38.493+0700] {processor.py:186} INFO - Started process (PID=61255) to work on /opt/airflow/dags/dag_scraping_twitter.py
[2026-03-08T09:03:38.495+0700] {processor.py:914} INFO - Processing file /opt/airflow/dags/dag_scraping_twitter.py for tasks to queue
[2026-03-08T09:03:38.497+0700] {logging_mixin.py:190} INFO - [2026-03-08T09:03:38.497+0700] {dagbag.py:587} INFO - Filling up the DagBag from /opt/airflow/dags/dag_scraping_twitter.py
[2026-03-08T09:03:38.516+0700] {processor.py:925} INFO - DAG(s) 'dag_scraping_twitter' retrieved from /opt/airflow/dags/dag_scraping_twitter.py
[2026-03-08T09:03:38.541+0700] {logging_mixin.py:190} INFO - [2026-03-08T09:03:38.541+0700] {dag.py:3211} INFO - Sync 1 DAGs
[2026-03-08T09:03:38.565+0700] {logging_mixin.py:190} INFO - [2026-03-08T09:03:38.565+0700] {dag.py:4138} INFO - Setting next_dagrun for dag_scraping_twitter to 2026-03-07 23:00:00+00:00, run_after=2026-03-08 11:00:00+00:00
[2026-03-08T09:03:38.588+0700] {processor.py:208} INFO - Processing /opt/airflow/dags/dag_scraping_twitter.py took 0.102 seconds
[2026-03-08T09:04:09.524+0700] {processor.py:186} INFO - Started process (PID=61283) to work on /opt/airflow/dags/dag_scraping_twitter.py
[2026-03-08T09:04:09.526+0700] {processor.py:914} INFO - Processing file /opt/airflow/dags/dag_scraping_twitter.py for tasks to queue
[2026-03-08T09:04:09.528+0700] {logging_mixin.py:190} INFO - [2026-03-08T09:04:09.528+0700] {dagbag.py:587} INFO - Filling up the DagBag from /opt/airflow/dags/dag_scraping_twitter.py
[2026-03-08T09:04:09.547+0700] {processor.py:925} INFO - DAG(s) 'dag_scraping_twitter' retrieved from /opt/airflow/dags/dag_scraping_twitter.py
[2026-03-08T09:04:09.573+0700] {logging_mixin.py:190} INFO - [2026-03-08T09:04:09.573+0700] {dag.py:3211} INFO - Sync 1 DAGs
[2026-03-08T09:04:09.597+0700] {logging_mixin.py:190} INFO - [2026-03-08T09:04:09.596+0700] {dag.py:4138} INFO - Setting next_dagrun for dag_scraping_twitter to 2026-03-07 23:00:00+00:00, run_after=2026-03-08 11:00:00+00:00
[2026-03-08T09:04:09.622+0700] {processor.py:208} INFO - Processing /opt/airflow/dags/dag_scraping_twitter.py took 0.105 seconds
[2026-03-08T09:04:39.958+0700] {processor.py:186} INFO - Started process (PID=61311) to work on /opt/airflow/dags/dag_scraping_twitter.py
[2026-03-08T09:04:39.959+0700] {processor.py:914} INFO - Processing file /opt/airflow/dags/dag_scraping_twitter.py for tasks to queue
[2026-03-08T09:04:39.963+0700] {logging_mixin.py:190} INFO - [2026-03-08T09:04:39.962+0700] {dagbag.py:587} INFO - Filling up the DagBag from /opt/airflow/dags/dag_scraping_twitter.py
[2026-03-08T09:04:39.982+0700] {processor.py:925} INFO - DAG(s) 'dag_scraping_twitter' retrieved from /opt/airflow/dags/dag_scraping_twitter.py
[2026-03-08T09:04:39.245+0700] {logging_mixin.py:190} INFO - [2026-03-08T09:04:39.245+0700] {dag.py:3211} INFO - Sync 1 DAGs
[2026-03-08T09:04:39.273+0700] {logging_mixin.py:190} INFO - [2026-03-08T09:04:39.273+0700] {dag.py:4138} INFO - Setting next_dagrun for dag_scraping_twitter to 2026-03-07 23:00:00+00:00, run_after=2026-03-08 11:00:00+00:00
[2026-03-08T09:04:39.296+0700] {processor.py:208} INFO - Processing /opt/airflow/dags/dag_scraping_twitter.py took 0.111 seconds
[2026-03-08T09:05:09.364+0700] {processor.py:186} INFO - Started process (PID=61339) to work on /opt/airflow/dags/dag_scraping_twitter.py
[2026-03-08T09:05:09.366+0700] {processor.py:914} INFO - Processing file /opt/airflow/dags/dag_scraping_twitter.py for tasks to queue
[2026-03-08T09:05:09.368+0700] {logging_mixin.py:190} INFO - [2026-03-08T09:05:09.367+0700] {dagbag.py:587} INFO - Filling up the DagBag from /opt/airflow/dags/dag_scraping_twitter.py
[2026-03-08T09:05:09.387+0700] {processor.py:925} INFO - DAG(s) 'dag_scraping_twitter' retrieved from /opt/airflow/dags/dag_scraping_twitter.py
[2026-03-08T09:05:09.414+0700] {logging_mixin.py:190} INFO - [2026-03-08T09:05:09.414+0700] {dag.py:3211} INFO - Sync 1 DAGs
[2026-03-08T09:05:09.440+0700] {logging_mixin.py:190} INFO - [2026-03-08T09:05:09.440+0700] {dag.py:4138} INFO - Setting next_dagrun for dag_scraping_twitter to 2026-03-07 23:00:00+00:00, run_after=2026-03-08 11:00:00+00:00
[2026-03-08T09:05:09.465+0700] {processor.py:208} INFO - Processing /opt/airflow/dags/dag_scraping_twitter.py took 0.108 seconds
[2026-03-08T09:05:40.050+0700] {processor.py:186} INFO - Started process (PID=61374) to work on /opt/airflow/dags/dag_scraping_twitter.py
[2026-03-08T09:05:40.052+0700] {processor.py:914} INFO - Processing file /opt/airflow/dags/dag_scraping_twitter.py for tasks to queue
[2026-03-08T09:05:40.054+0700] {logging_mixin.py:190} INFO - [2026-03-08T09:05:40.054+0700] {dagbag.py:587} INFO - Filling up the DagBag from /opt/airflow/dags/dag_scraping_twitter.py
[2026-03-08T09:05:40.074+0700] {processor.py:925} INFO - DAG(s) 'dag_scraping_twitter' retrieved from /opt/airflow/dags/dag_scraping_twitter.py
[2026-03-08T09:05:40.102+0700] {logging_mixin.py:190} INFO - [2026-03-08T09:05:40.102+0700] {dag.py:3211} INFO - Sync 1 DAGs
[2026-03-08T09:05:40.125+0700] {logging_mixin.py:190} INFO - [2026-03-08T09:05:40.125+0700] {dag.py:4138} INFO - Setting next_dagrun for dag_scraping_twitter to 2026-03-07 23:00:00+00:00, run_after=2026-03-08 11:00:00+00:00
[2026-03-08T09:05:40.149+0700] {processor.py:208} INFO - Processing /opt/airflow/dags/dag_scraping_twitter.py took 0.106 seconds
[2026-03-08T09:06:11.106+0700] {processor.py:186} INFO - Started process (PID=61402) to work on /opt/airflow/dags/dag_scraping_twitter.py
[2026-03-08T09:06:11.107+0700] {processor.py:914} INFO - Processing file /opt/airflow/dags/dag_scraping_twitter.py for tasks to queue
[2026-03-08T09:06:11.110+0700] {logging_mixin.py:190} INFO - [2026-03-08T09:06:11.109+0700] {dagbag.py:587} INFO - Filling up the DagBag from /opt/airflow/dags/dag_scraping_twitter.py
[2026-03-08T09:06:11.135+0700] {processor.py:925} INFO - DAG(s) 'dag_scraping_twitter' retrieved from /opt/airflow/dags/dag_scraping_twitter.py
[2026-03-08T09:06:11.162+0700] {logging_mixin.py:190} INFO - [2026-03-08T09:06:11.162+0700] {dag.py:3211} INFO - Sync 1 DAGs
[2026-03-08T09:06:11.186+0700] {logging_mixin.py:190} INFO - [2026-03-08T09:06:11.186+0700] {dag.py:4138} INFO - Setting next_dagrun for dag_scraping_twitter to 2026-03-07 23:00:00+00:00, run_after=2026-03-08 11:00:00+00:00
[2026-03-08T09:06:11.210+0700] {processor.py:208} INFO - Processing /opt/airflow/dags/dag_scraping_twitter.py took 0.112 seconds
[2026-03-08T09:06:41.410+0700] {processor.py:186} INFO - Started process (PID=61430) to work on /opt/airflow/dags/dag_scraping_twitter.py
[2026-03-08T09:06:41.412+0700] {processor.py:914} INFO - Processing file /opt/airflow/dags/dag_scraping_twitter.py for tasks to queue
[2026-03-08T09:06:41.416+0700] {logging_mixin.py:190} INFO - [2026-03-08T09:06:41.415+0700] {dagbag.py:587} INFO - Filling up the DagBag from /opt/airflow/dags/dag_scraping_twitter.py
[2026-03-08T09:06:41.437+0700] {processor.py:925} INFO - DAG(s) 'dag_scraping_twitter' retrieved from /opt/airflow/dags/dag_scraping_twitter.py
[2026-03-08T09:06:41.465+0700] {logging_mixin.py:190} INFO - [2026-03-08T09:06:41.465+0700] {dag.py:3211} INFO - Sync 1 DAGs
[2026-03-08T09:06:41.490+0700] {logging_mixin.py:190} INFO - [2026-03-08T09:06:41.490+0700] {dag.py:4138} INFO - Setting next_dagrun for dag_scraping_twitter to 2026-03-07 23:00:00+00:00, run_after=2026-03-08 11:00:00+00:00
[2026-03-08T09:06:41.515+0700] {processor.py:208} INFO - Processing /opt/airflow/dags/dag_scraping_twitter.py took 0.114 seconds
[2026-03-08T09:07:12.467+0700] {processor.py:186} INFO - Started process (PID=61458) to work on /opt/airflow/dags/dag_scraping_twitter.py
[2026-03-08T09:07:12.468+0700] {processor.py:914} INFO - Processing file /opt/airflow/dags/dag_scraping_twitter.py for tasks to queue
[2026-03-08T09:07:12.471+0700] {logging_mixin.py:190} INFO - [2026-03-08T09:07:12.471+0700] {dagbag.py:587} INFO - Filling up the DagBag from /opt/airflow/dags/dag_scraping_twitter.py
[2026-03-08T09:07:12.490+0700] {processor.py:925} INFO - DAG(s) 'dag_scraping_twitter' retrieved from /opt/airflow/dags/dag_scraping_twitter.py
[2026-03-08T09:07:12.516+0700] {logging_mixin.py:190} INFO - [2026-03-08T09:07:12.516+0700] {dag.py:3211} INFO - Sync 1 DAGs
[2026-03-08T09:07:12.539+0700] {logging_mixin.py:190} INFO - [2026-03-08T09:07:12.539+0700] {dag.py:4138} INFO - Setting next_dagrun for dag_scraping_twitter to 2026-03-07 23:00:00+00:00, run_after=2026-03-08 11:00:00+00:00
[2026-03-08T09:07:12.564+0700] {processor.py:208} INFO - Processing /opt/airflow/dags/dag_scraping_twitter.py took 0.103 seconds
[2026-03-08T09:07:42.616+0700] {processor.py:186} INFO - Started process (PID=61486) to work on /opt/airflow/dags/dag_scraping_twitter.py
[2026-03-08T09:07:42.617+0700] {processor.py:914} INFO - Processing file /opt/airflow/dags/dag_scraping_twitter.py for tasks to queue
[2026-03-08T09:07:42.620+0700] {logging_mixin.py:190} INFO - [2026-03-08T09:07:42.619+0700] {dagbag.py:587} INFO - Filling up the DagBag from /opt/airflow/dags/dag_scraping_twitter.py
[2026-03-08T09:07:42.641+0700] {processor.py:925} INFO - DAG(s) 'dag_scraping_twitter' retrieved from /opt/airflow/dags/dag_scraping_twitter.py
[2026-03-08T09:07:42.668+0700] {logging_mixin.py:190} INFO - [2026-03-08T09:07:42.668+0700] {dag.py:3211} INFO - Sync 1 DAGs
[2026-03-08T09:07:42.690+0700] {logging_mixin.py:190} INFO - [2026-03-08T09:07:42.690+0700] {dag.py:4138} INFO - Setting next_dagrun for dag_scraping_twitter to 2026-03-07 23:00:00+00:00, run_after=2026-03-08 11:00:00+00:00
[2026-03-08T09:07:42.712+0700] {processor.py:208} INFO - Processing /opt/airflow/dags/dag_scraping_twitter.py took 0.104 seconds
[2026-03-08T09:08:12.791+0700] {processor.py:186} INFO - Started process (PID=61514) to work on /opt/airflow/dags/dag_scraping_twitter.py
[2026-03-08T09:08:12.793+0700] {processor.py:914} INFO - Processing file /opt/airflow/dags/dag_scraping_twitter.py for tasks to queue
[2026-03-08T09:08:12.795+0700] {logging_mixin.py:190} INFO - [2026-03-08T09:08:12.795+0700] {dagbag.py:587} INFO - Filling up the DagBag from /opt/airflow/dags/dag_scraping_twitter.py
[2026-03-08T09:08:12.816+0700] {processor.py:925} INFO - DAG(s) 'dag_scraping_twitter' retrieved from /opt/airflow/dags/dag_scraping_twitter.py
[2026-03-08T09:08:12.843+0700] {logging_mixin.py:190} INFO - [2026-03-08T09:08:12.843+0700] {dag.py:3211} INFO - Sync 1 DAGs
[2026-03-08T09:08:12.864+0700] {logging_mixin.py:190} INFO - [2026-03-08T09:08:12.864+0700] {dag.py:4138} INFO - Setting next_dagrun for dag_scraping_twitter to 2026-03-07 23:00:00+00:00, run_after=2026-03-08 11:00:00+00:00
[2026-03-08T09:08:12.887+0700] {processor.py:208} INFO - Processing /opt/airflow/dags/dag_scraping_twitter.py took 0.102 seconds
[2026-03-08T09:08:43.042+0700] {processor.py:186} INFO - Started process (PID=61548) to work on /opt/airflow/dags/dag_scraping_twitter.py
[2026-03-08T09:08:43.045+0700] {processor.py:914} INFO - Processing file /opt/airflow/dags/dag_scraping_twitter.py for tasks to queue
[2026-03-08T09:08:43.049+0700] {logging_mixin.py:190} INFO - [2026-03-08T09:08:43.048+0700] {dagbag.py:587} INFO - Filling up the DagBag from /opt/airflow/dags/dag_scraping_twitter.py
[2026-03-08T09:08:43.077+0700] {processor.py:925} INFO - DAG(s) 'dag_scraping_twitter' retrieved from /opt/airflow/dags/dag_scraping_twitter.py
[2026-03-08T09:08:43.105+0700] {logging_mixin.py:190} INFO - [2026-03-08T09:08:43.105+0700] {dag.py:3211} INFO - Sync 1 DAGs
[2026-03-08T09:08:43.128+0700] {logging_mixin.py:190} INFO - [2026-03-08T09:08:43.127+0700] {dag.py:4138} INFO - Setting next_dagrun for dag_scraping_twitter to 2026-03-07 23:00:00+00:00, run_after=2026-03-08 11:00:00+00:00
[2026-03-08T09:08:43.150+0700] {processor.py:208} INFO - Processing /opt/airflow/dags/dag_scraping_twitter.py took 0.117 seconds
[2026-03-08T09:09:13.417+0700] {processor.py:186} INFO - Started process (PID=61576) to work on /opt/airflow/dags/dag_scraping_twitter.py
[2026-03-08T09:09:13.418+0700] {processor.py:914} INFO - Processing file /opt/airflow/dags/dag_scraping_twitter.py for tasks to queue
[2026-03-08T09:09:13.421+0700] {logging_mixin.py:190} INFO - [2026-03-08T09:09:13.421+0700] {dagbag.py:587} INFO - Filling up the DagBag from /opt/airflow/dags/dag_scraping_twitter.py
[2026-03-08T09:09:13.442+0700] {processor.py:925} INFO - DAG(s) 'dag_scraping_twitter' retrieved from /opt/airflow/dags/dag_scraping_twitter.py
[2026-03-08T09:09:13.470+0700] {logging_mixin.py:190} INFO - [2026-03-08T09:09:13.470+0700] {dag.py:3211} INFO - Sync 1 DAGs
[2026-03-08T09:09:13.494+0700] {logging_mixin.py:190} INFO - [2026-03-08T09:09:13.494+0700] {dag.py:4138} INFO - Setting next_dagrun for dag_scraping_twitter to 2026-03-07 23:00:00+00:00, run_after=2026-03-08 11:00:00+00:00
[2026-03-08T09:09:13.518+0700] {processor.py:208} INFO - Processing /opt/airflow/dags/dag_scraping_twitter.py took 0.107 seconds
[2026-03-08T09:09:43.739+0700] {processor.py:186} INFO - Started process (PID=61604) to work on /opt/airflow/dags/dag_scraping_twitter.py
[2026-03-08T09:09:43.741+0700] {processor.py:914} INFO - Processing file /opt/airflow/dags/dag_scraping_twitter.py for tasks to queue
[2026-03-08T09:09:43.745+0700] {logging_mixin.py:190} INFO - [2026-03-08T09:09:43.744+0700] {dagbag.py:587} INFO - Filling up the DagBag from /opt/airflow/dags/dag_scraping_twitter.py
[2026-03-08T09:09:43.767+0700] {processor.py:925} INFO - DAG(s) 'dag_scraping_twitter' retrieved from /opt/airflow/dags/dag_scraping_twitter.py
[2026-03-08T09:09:43.797+0700] {logging_mixin.py:190} INFO - [2026-03-08T09:09:43.797+0700] {dag.py:3211} INFO - Sync 1 DAGs
[2026-03-08T09:09:43.828+0700] {logging_mixin.py:190} INFO - [2026-03-08T09:09:43.827+0700] {dag.py:4138} INFO - Setting next_dagrun for dag_scraping_twitter to 2026-03-07 23:00:00+00:00, run_after=2026-03-08 11:00:00+00:00
[2026-03-08T09:09:43.851+0700] {processor.py:208} INFO - Processing /opt/airflow/dags/dag_scraping_twitter.py took 0.122 seconds
[2026-03-08T09:10:13.988+0700] {processor.py:186} INFO - Started process (PID=61632) to work on /opt/airflow/dags/dag_scraping_twitter.py
[2026-03-08T09:10:13.989+0700] {processor.py:914} INFO - Processing file /opt/airflow/dags/dag_scraping_twitter.py for tasks to queue
[2026-03-08T09:10:13.992+0700] {logging_mixin.py:190} INFO - [2026-03-08T09:10:13.991+0700] {dagbag.py:587} INFO - Filling up the DagBag from /opt/airflow/dags/dag_scraping_twitter.py
[2026-03-08T09:10:14.010+0700] {processor.py:925} INFO - DAG(s) 'dag_scraping_twitter' retrieved from /opt/airflow/dags/dag_scraping_twitter.py
[2026-03-08T09:10:14.036+0700] {logging_mixin.py:190} INFO - [2026-03-08T09:10:14.035+0700] {dag.py:3211} INFO - Sync 1 DAGs
[2026-03-08T09:10:14.060+0700] {logging_mixin.py:190} INFO - [2026-03-08T09:10:14.060+0700] {dag.py:4138} INFO - Setting next_dagrun for dag_scraping_twitter to 2026-03-07 23:00:00+00:00, run_after=2026-03-08 11:00:00+00:00
[2026-03-08T09:10:14.085+0700] {processor.py:208} INFO - Processing /opt/airflow/dags/dag_scraping_twitter.py took 0.103 seconds
[2026-03-08T09:10:44.180+0700] {processor.py:186} INFO - Started process (PID=61660) to work on /opt/airflow/dags/dag_scraping_twitter.py
[2026-03-08T09:10:44.181+0700] {processor.py:914} INFO - Processing file /opt/airflow/dags/dag_scraping_twitter.py for tasks to queue
[2026-03-08T09:10:44.184+0700] {logging_mixin.py:190} INFO - [2026-03-08T09:10:44.184+0700] {dagbag.py:587} INFO - Filling up the DagBag from /opt/airflow/dags/dag_scraping_twitter.py
[2026-03-08T09:10:44.207+0700] {processor.py:925} INFO - DAG(s) 'dag_scraping_twitter' retrieved from /opt/airflow/dags/dag_scraping_twitter.py
[2026-03-08T09:10:44.234+0700] {logging_mixin.py:190} INFO - [2026-03-08T09:10:44.234+0700] {dag.py:3211} INFO - Sync 1 DAGs
[2026-03-08T09:10:44.260+0700] {logging_mixin.py:190} INFO - [2026-03-08T09:10:44.260+0700] {dag.py:4138} INFO - Setting next_dagrun for dag_scraping_twitter to 2026-03-07 23:00:00+00:00, run_after=2026-03-08 11:00:00+00:00
[2026-03-08T09:10:44.283+0700] {processor.py:208} INFO - Processing /opt/airflow/dags/dag_scraping_twitter.py took 0.112 seconds
[2026-03-08T09:11:15.290+0700] {processor.py:186} INFO - Started process (PID=61688) to work on /opt/airflow/dags/dag_scraping_twitter.py
[2026-03-08T09:11:15.291+0700] {processor.py:914} INFO - Processing file /opt/airflow/dags/dag_scraping_twitter.py for tasks to queue
[2026-03-08T09:11:15.294+0700] {logging_mixin.py:190} INFO - [2026-03-08T09:11:15.294+0700] {dagbag.py:587} INFO - Filling up the DagBag from /opt/airflow/dags/dag_scraping_twitter.py
[2026-03-08T09:11:15.313+0700] {processor.py:925} INFO - DAG(s) 'dag_scraping_twitter' retrieved from /opt/airflow/dags/dag_scraping_twitter.py
[2026-03-08T09:11:15.338+0700] {logging_mixin.py:190} INFO - [2026-03-08T09:11:15.338+0700] {dag.py:3211} INFO - Sync 1 DAGs
[2026-03-08T09:11:15.366+0700] {logging_mixin.py:190} INFO - [2026-03-08T09:11:15.366+0700] {dag.py:4138} INFO - Setting next_dagrun for dag_scraping_twitter to 2026-03-07 23:00:00+00:00, run_after=2026-03-08 11:00:00+00:00
[2026-03-08T09:11:15.390+0700] {processor.py:208} INFO - Processing /opt/airflow/dags/dag_scraping_twitter.py took 0.106 seconds
[2026-03-08T09:11:45.483+0700] {processor.py:186} INFO - Started process (PID=61722) to work on /opt/airflow/dags/dag_scraping_twitter.py
[2026-03-08T09:11:45.484+0700] {processor.py:914} INFO - Processing file /opt/airflow/dags/dag_scraping_twitter.py for tasks to queue
[2026-03-08T09:11:45.487+0700] {logging_mixin.py:190} INFO - [2026-03-08T09:11:45.487+0700] {dagbag.py:587} INFO - Filling up the DagBag from /opt/airflow/dags/dag_scraping_twitter.py
[2026-03-08T09:11:45.506+0700] {processor.py:925} INFO - DAG(s) 'dag_scraping_twitter' retrieved from /opt/airflow/dags/dag_scraping_twitter.py
[2026-03-08T09:11:45.532+0700] {logging_mixin.py:190} INFO - [2026-03-08T09:11:45.532+0700] {dag.py:3211} INFO - Sync 1 DAGs
[2026-03-08T09:11:45.557+0700] {logging_mixin.py:190} INFO - [2026-03-08T09:11:45.557+0700] {dag.py:4138} INFO - Setting next_dagrun for dag_scraping_twitter to 2026-03-07 23:00:00+00:00, run_after=2026-03-08 11:00:00+00:00
[2026-03-08T09:11:45.581+0700] {processor.py:208} INFO - Processing /opt/airflow/dags/dag_scraping_twitter.py took 0.105 seconds
[2026-03-08T09:12:16.479+0700] {processor.py:186} INFO - Started process (PID=61750) to work on /opt/airflow/dags/dag_scraping_twitter.py
[2026-03-08T09:12:16.480+0700] {processor.py:914} INFO - Processing file /opt/airflow/dags/dag_scraping_twitter.py for tasks to queue
[2026-03-08T09:12:16.482+0700] {logging_mixin.py:190} INFO - [2026-03-08T09:12:16.482+0700] {dagbag.py:587} INFO - Filling up the DagBag from /opt/airflow/dags/dag_scraping_twitter.py
[2026-03-08T09:12:16.501+0700] {processor.py:925} INFO - DAG(s) 'dag_scraping_twitter' retrieved from /opt/airflow/dags/dag_scraping_twitter.py
[2026-03-08T09:12:16.529+0700] {logging_mixin.py:190} INFO - [2026-03-08T09:12:16.529+0700] {dag.py:3211} INFO - Sync 1 DAGs
[2026-03-08T09:12:16.554+0700] {logging_mixin.py:190} INFO - [2026-03-08T09:12:16.553+0700] {dag.py:4138} INFO - Setting next_dagrun for dag_scraping_twitter to 2026-03-07 23:00:00+00:00, run_after=2026-03-08 11:00:00+00:00
[2026-03-08T09:12:16.578+0700] {processor.py:208} INFO - Processing /opt/airflow/dags/dag_scraping_twitter.py took 0.106 seconds
[2026-03-08T09:12:46.646+0700] {processor.py:186} INFO - Started process (PID=61778) to work on /opt/airflow/dags/dag_scraping_twitter.py
[2026-03-08T09:12:46.647+0700] {processor.py:914} INFO - Processing file /opt/airflow/dags/dag_scraping_twitter.py for tasks to queue
[2026-03-08T09:12:46.650+0700] {logging_mixin.py:190} INFO - [2026-03-08T09:12:46.649+0700] {dagbag.py:587} INFO - Filling up the DagBag from /opt/airflow/dags/dag_scraping_twitter.py
[2026-03-08T09:12:46.671+0700] {processor.py:925} INFO - DAG(s) 'dag_scraping_twitter' retrieved from /opt/airflow/dags/dag_scraping_twitter.py
[2026-03-08T09:12:46.698+0700] {logging_mixin.py:190} INFO - [2026-03-08T09:12:46.698+0700] {dag.py:3211} INFO - Sync 1 DAGs
[2026-03-08T09:12:46.721+0700] {logging_mixin.py:190} INFO - [2026-03-08T09:12:46.721+0700] {dag.py:4138} INFO - Setting next_dagrun for dag_scraping_twitter to 2026-03-07 23:00:00+00:00, run_after=2026-03-08 11:00:00+00:00
[2026-03-08T09:12:46.745+0700] {processor.py:208} INFO - Processing /opt/airflow/dags/dag_scraping_twitter.py took 0.106 seconds
[2026-03-08T09:13:17.240+0700] {processor.py:186} INFO - Started process (PID=61806) to work on /opt/airflow/dags/dag_scraping_twitter.py
[2026-03-08T09:13:17.241+0700] {processor.py:914} INFO - Processing file /opt/airflow/dags/dag_scraping_twitter.py for tasks to queue
[2026-03-08T09:13:17.245+0700] {logging_mixin.py:190} INFO - [2026-03-08T09:13:17.245+0700] {dagbag.py:587} INFO - Filling up the DagBag from /opt/airflow/dags/dag_scraping_twitter.py
[2026-03-08T09:13:17.264+0700] {processor.py:925} INFO - DAG(s) 'dag_scraping_twitter' retrieved from /opt/airflow/dags/dag_scraping_twitter.py
[2026-03-08T09:13:17.290+0700] {logging_mixin.py:190} INFO - [2026-03-08T09:13:17.290+0700] {dag.py:3211} INFO - Sync 1 DAGs
[2026-03-08T09:13:17.316+0700] {logging_mixin.py:190} INFO - [2026-03-08T09:13:17.316+0700] {dag.py:4138} INFO - Setting next_dagrun for dag_scraping_twitter to 2026-03-07 23:00:00+00:00, run_after=2026-03-08 11:00:00+00:00
[2026-03-08T09:13:17.342+0700] {processor.py:208} INFO - Processing /opt/airflow/dags/dag_scraping_twitter.py took 0.108 seconds
[2026-03-08T09:13:47.417+0700] {processor.py:186} INFO - Started process (PID=61834) to work on /opt/airflow/dags/dag_scraping_twitter.py
[2026-03-08T09:13:47.418+0700] {processor.py:914} INFO - Processing file /opt/airflow/dags/dag_scraping_twitter.py for tasks to queue
[2026-03-08T09:13:47.422+0700] {logging_mixin.py:190} INFO - [2026-03-08T09:13:47.421+0700] {dagbag.py:587} INFO - Filling up the DagBag from /opt/airflow/dags/dag_scraping_twitter.py
[2026-03-08T09:13:47.443+0700] {processor.py:925} INFO - DAG(s) 'dag_scraping_twitter' retrieved from /opt/airflow/dags/dag_scraping_twitter.py
[2026-03-08T09:13:47.476+0700] {logging_mixin.py:190} INFO - [2026-03-08T09:13:47.476+0700] {dag.py:3211} INFO - Sync 1 DAGs
[2026-03-08T09:13:47.500+0700] {logging_mixin.py:190} INFO - [2026-03-08T09:13:47.500+0700] {dag.py:4138} INFO - Setting next_dagrun for dag_scraping_twitter to 2026-03-07 23:00:00+00:00, run_after=2026-03-08 11:00:00+00:00
[2026-03-08T09:13:47.524+0700] {processor.py:208} INFO - Processing /opt/airflow/dags/dag_scraping_twitter.py took 0.113 seconds
[2026-03-08T09:14:18.409+0700] {processor.py:186} INFO - Started process (PID=61868) to work on /opt/airflow/dags/dag_scraping_twitter.py
[2026-03-08T09:14:18.411+0700] {processor.py:914} INFO - Processing file /opt/airflow/dags/dag_scraping_twitter.py for tasks to queue
[2026-03-08T09:14:18.413+0700] {logging_mixin.py:190} INFO - [2026-03-08T09:14:18.413+0700] {dagbag.py:587} INFO - Filling up the DagBag from /opt/airflow/dags/dag_scraping_twitter.py
[2026-03-08T09:14:18.434+0700] {processor.py:925} INFO - DAG(s) 'dag_scraping_twitter' retrieved from /opt/airflow/dags/dag_scraping_twitter.py
[2026-03-08T09:14:18.462+0700] {logging_mixin.py:190} INFO - [2026-03-08T09:14:18.462+0700] {dag.py:3211} INFO - Sync 1 DAGs
[2026-03-08T09:14:18.485+0700] {logging_mixin.py:190} INFO - [2026-03-08T09:14:18.485+0700] {dag.py:4138} INFO - Setting next_dagrun for dag_scraping_twitter to 2026-03-07 23:00:00+00:00, run_after=2026-03-08 11:00:00+00:00
[2026-03-08T09:14:18.511+0700] {processor.py:208} INFO - Processing /opt/airflow/dags/dag_scraping_twitter.py took 0.109 seconds
[2026-03-08T09:14:48.752+0700] {processor.py:186} INFO - Started process (PID=61896) to work on /opt/airflow/dags/dag_scraping_twitter.py
[2026-03-08T09:14:48.754+0700] {processor.py:914} INFO - Processing file /opt/airflow/dags/dag_scraping_twitter.py for tasks to queue
[2026-03-08T09:14:48.756+0700] {logging_mixin.py:190} INFO - [2026-03-08T09:14:48.756+0700] {dagbag.py:587} INFO - Filling up the DagBag from /opt/airflow/dags/dag_scraping_twitter.py
[2026-03-08T09:14:48.779+0700] {processor.py:925} INFO - DAG(s) 'dag_scraping_twitter' retrieved from /opt/airflow/dags/dag_scraping_twitter.py
[2026-03-08T09:14:48.804+0700] {logging_mixin.py:190} INFO - [2026-03-08T09:14:48.804+0700] {dag.py:3211} INFO - Sync 1 DAGs
[2026-03-08T09:14:48.833+0700] {logging_mixin.py:190} INFO - [2026-03-08T09:14:48.833+0700] {dag.py:4138} INFO - Setting next_dagrun for dag_scraping_twitter to 2026-03-07 23:00:00+00:00, run_after=2026-03-08 11:00:00+00:00
[2026-03-08T09:14:48.856+0700] {processor.py:208} INFO - Processing /opt/airflow/dags/dag_scraping_twitter.py took 0.112 seconds
[2026-03-08T09:15:19.763+0700] {processor.py:186} INFO - Started process (PID=61924) to work on /opt/airflow/dags/dag_scraping_twitter.py
[2026-03-08T09:15:19.765+0700] {processor.py:914} INFO - Processing file /opt/airflow/dags/dag_scraping_twitter.py for tasks to queue
[2026-03-08T09:15:19.770+0700] {logging_mixin.py:190} INFO - [2026-03-08T09:15:19.770+0700] {dagbag.py:587} INFO - Filling up the DagBag from /opt/airflow/dags/dag_scraping_twitter.py
[2026-03-08T09:15:19.790+0700] {processor.py:925} INFO - DAG(s) 'dag_scraping_twitter' retrieved from /opt/airflow/dags/dag_scraping_twitter.py
[2026-03-08T09:15:19.816+0700] {logging_mixin.py:190} INFO - [2026-03-08T09:15:19.816+0700] {dag.py:3211} INFO - Sync 1 DAGs
[2026-03-08T09:15:19.840+0700] {logging_mixin.py:190} INFO - [2026-03-08T09:15:19.840+0700] {dag.py:4138} INFO - Setting next_dagrun for dag_scraping_twitter to 2026-03-07 23:00:00+00:00, run_after=2026-03-08 11:00:00+00:00
[2026-03-08T09:15:19.863+0700] {processor.py:208} INFO - Processing /opt/airflow/dags/dag_scraping_twitter.py took 0.106 seconds
[2026-03-08T09:15:50.006+0700] {processor.py:186} INFO - Started process (PID=61952) to work on /opt/airflow/dags/dag_scraping_twitter.py
[2026-03-08T09:15:50.007+0700] {processor.py:914} INFO - Processing file /opt/airflow/dags/dag_scraping_twitter.py for tasks to queue
[2026-03-08T09:15:50.010+0700] {logging_mixin.py:190} INFO - [2026-03-08T09:15:50.010+0700] {dagbag.py:587} INFO - Filling up the DagBag from /opt/airflow/dags/dag_scraping_twitter.py
[2026-03-08T09:15:50.029+0700] {processor.py:925} INFO - DAG(s) 'dag_scraping_twitter' retrieved from /opt/airflow/dags/dag_scraping_twitter.py
[2026-03-08T09:15:50.057+0700] {logging_mixin.py:190} INFO - [2026-03-08T09:15:50.056+0700] {dag.py:3211} INFO - Sync 1 DAGs
[2026-03-08T09:15:50.082+0700] {logging_mixin.py:190} INFO - [2026-03-08T09:15:50.082+0700] {dag.py:4138} INFO - Setting next_dagrun for dag_scraping_twitter to 2026-03-07 23:00:00+00:00, run_after=2026-03-08 11:00:00+00:00
[2026-03-08T09:15:50.106+0700] {processor.py:208} INFO - Processing /opt/airflow/dags/dag_scraping_twitter.py took 0.106 seconds
[2026-03-08T09:16:21.075+0700] {processor.py:186} INFO - Started process (PID=61980) to work on /opt/airflow/dags/dag_scraping_twitter.py
[2026-03-08T09:16:21.076+0700] {processor.py:914} INFO - Processing file /opt/airflow/dags/dag_scraping_twitter.py for tasks to queue
[2026-03-08T09:16:21.078+0700] {logging_mixin.py:190} INFO - [2026-03-08T09:16:21.078+0700] {dagbag.py:587} INFO - Filling up the DagBag from /opt/airflow/dags/dag_scraping_twitter.py
[2026-03-08T09:16:21.098+0700] {processor.py:925} INFO - DAG(s) 'dag_scraping_twitter' retrieved from /opt/airflow/dags/dag_scraping_twitter.py
[2026-03-08T09:16:21.124+0700] {logging_mixin.py:190} INFO - [2026-03-08T09:16:21.124+0700] {dag.py:3211} INFO - Sync 1 DAGs
[2026-03-08T09:16:21.147+0700] {logging_mixin.py:190} INFO - [2026-03-08T09:16:21.147+0700] {dag.py:4138} INFO - Setting next_dagrun for dag_scraping_twitter to 2026-03-07 23:00:00+00:00, run_after=2026-03-08 11:00:00+00:00
[2026-03-08T09:16:21.170+0700] {processor.py:208} INFO - Processing /opt/airflow/dags/dag_scraping_twitter.py took 0.102 seconds
[2026-03-08T09:16:52.210+0700] {processor.py:186} INFO - Started process (PID=62008) to work on /opt/airflow/dags/dag_scraping_twitter.py
[2026-03-08T09:16:52.211+0700] {processor.py:914} INFO - Processing file /opt/airflow/dags/dag_scraping_twitter.py for tasks to queue
[2026-03-08T09:16:52.213+0700] {logging_mixin.py:190} INFO - [2026-03-08T09:16:52.213+0700] {dagbag.py:587} INFO - Filling up the DagBag from /opt/airflow/dags/dag_scraping_twitter.py
[2026-03-08T09:16:52.233+0700] {processor.py:925} INFO - DAG(s) 'dag_scraping_twitter' retrieved from /opt/airflow/dags/dag_scraping_twitter.py
[2026-03-08T09:16:52.260+0700] {logging_mixin.py:190} INFO - [2026-03-08T09:16:52.260+0700] {dag.py:3211} INFO - Sync 1 DAGs
[2026-03-08T09:16:52.284+0700] {logging_mixin.py:190} INFO - [2026-03-08T09:16:52.283+0700] {dag.py:4138} INFO - Setting next_dagrun for dag_scraping_twitter to 2026-03-07 23:00:00+00:00, run_after=2026-03-08 11:00:00+00:00
[2026-03-08T09:16:52.310+0700] {processor.py:208} INFO - Processing /opt/airflow/dags/dag_scraping_twitter.py took 0.107 seconds
[2026-03-08T09:17:22.372+0700] {processor.py:186} INFO - Started process (PID=62042) to work on /opt/airflow/dags/dag_scraping_twitter.py
[2026-03-08T09:17:22.373+0700] {processor.py:914} INFO - Processing file /opt/airflow/dags/dag_scraping_twitter.py for tasks to queue
[2026-03-08T09:17:22.375+0700] {logging_mixin.py:190} INFO - [2026-03-08T09:17:22.375+0700] {dagbag.py:587} INFO - Filling up the DagBag from /opt/airflow/dags/dag_scraping_twitter.py
[2026-03-08T09:17:22.395+0700] {processor.py:925} INFO - DAG(s) 'dag_scraping_twitter' retrieved from /opt/airflow/dags/dag_scraping_twitter.py
[2026-03-08T09:17:22.423+0700] {logging_mixin.py:190} INFO - [2026-03-08T09:17:22.423+0700] {dag.py:3211} INFO - Sync 1 DAGs
[2026-03-08T09:17:22.447+0700] {logging_mixin.py:190} INFO - [2026-03-08T09:17:22.446+0700] {dag.py:4138} INFO - Setting next_dagrun for dag_scraping_twitter to 2026-03-07 23:00:00+00:00, run_after=2026-03-08 11:00:00+00:00
[2026-03-08T09:17:22.469+0700] {processor.py:208} INFO - Processing /opt/airflow/dags/dag_scraping_twitter.py took 0.104 seconds
[2026-03-08T09:17:52.579+0700] {processor.py:186} INFO - Started process (PID=62070) to work on /opt/airflow/dags/dag_scraping_twitter.py
[2026-03-08T09:17:52.580+0700] {processor.py:914} INFO - Processing file /opt/airflow/dags/dag_scraping_twitter.py for tasks to queue
[2026-03-08T09:17:52.583+0700] {logging_mixin.py:190} INFO - [2026-03-08T09:17:52.583+0700] {dagbag.py:587} INFO - Filling up the DagBag from /opt/airflow/dags/dag_scraping_twitter.py
[2026-03-08T09:17:52.602+0700] {processor.py:925} INFO - DAG(s) 'dag_scraping_twitter' retrieved from /opt/airflow/dags/dag_scraping_twitter.py
[2026-03-08T09:17:52.628+0700] {logging_mixin.py:190} INFO - [2026-03-08T09:17:52.628+0700] {dag.py:3211} INFO - Sync 1 DAGs
[2026-03-08T09:17:52.652+0700] {logging_mixin.py:190} INFO - [2026-03-08T09:17:52.652+0700] {dag.py:4138} INFO - Setting next_dagrun for dag_scraping_twitter to 2026-03-07 23:00:00+00:00, run_after=2026-03-08 11:00:00+00:00
[2026-03-08T09:17:52.677+0700] {processor.py:208} INFO - Processing /opt/airflow/dags/dag_scraping_twitter.py took 0.104 seconds
[2026-03-08T09:18:22.801+0700] {processor.py:186} INFO - Started process (PID=62098) to work on /opt/airflow/dags/dag_scraping_twitter.py
[2026-03-08T09:18:22.802+0700] {processor.py:914} INFO - Processing file /opt/airflow/dags/dag_scraping_twitter.py for tasks to queue
[2026-03-08T09:18:22.805+0700] {logging_mixin.py:190} INFO - [2026-03-08T09:18:22.805+0700] {dagbag.py:587} INFO - Filling up the DagBag from /opt/airflow/dags/dag_scraping_twitter.py
[2026-03-08T09:18:22.824+0700] {processor.py:925} INFO - DAG(s) 'dag_scraping_twitter' retrieved from /opt/airflow/dags/dag_scraping_twitter.py
[2026-03-08T09:18:22.852+0700] {logging_mixin.py:190} INFO - [2026-03-08T09:18:22.852+0700] {dag.py:3211} INFO - Sync 1 DAGs
[2026-03-08T09:18:22.875+0700] {logging_mixin.py:190} INFO - [2026-03-08T09:18:22.874+0700] {dag.py:4138} INFO - Setting next_dagrun for dag_scraping_twitter to 2026-03-07 23:00:00+00:00, run_after=2026-03-08 11:00:00+00:00
[2026-03-08T09:18:22.897+0700] {processor.py:208} INFO - Processing /opt/airflow/dags/dag_scraping_twitter.py took 0.105 seconds
[2026-03-08T09:18:53.813+0700] {processor.py:186} INFO - Started process (PID=62126) to work on /opt/airflow/dags/dag_scraping_twitter.py
[2026-03-08T09:18:53.814+0700] {processor.py:914} INFO - Processing file /opt/airflow/dags/dag_scraping_twitter.py for tasks to queue
[2026-03-08T09:18:53.818+0700] {logging_mixin.py:190} INFO - [2026-03-08T09:18:53.818+0700] {dagbag.py:587} INFO - Filling up the DagBag from /opt/airflow/dags/dag_scraping_twitter.py
[2026-03-08T09:18:53.840+0700] {processor.py:925} INFO - DAG(s) 'dag_scraping_twitter' retrieved from /opt/airflow/dags/dag_scraping_twitter.py
[2026-03-08T09:18:53.866+0700] {logging_mixin.py:190} INFO - [2026-03-08T09:18:53.866+0700] {dag.py:3211} INFO - Sync 1 DAGs
[2026-03-08T09:18:53.889+0700] {logging_mixin.py:190} INFO - [2026-03-08T09:18:53.889+0700] {dag.py:4138} INFO - Setting next_dagrun for dag_scraping_twitter to 2026-03-07 23:00:00+00:00, run_after=2026-03-08 11:00:00+00:00
[2026-03-08T09:18:53.913+0700] {processor.py:208} INFO - Processing /opt/airflow/dags/dag_scraping_twitter.py took 0.107 seconds
[2026-03-08T09:19:24.841+0700] {processor.py:186} INFO - Started process (PID=62154) to work on /opt/airflow/dags/dag_scraping_twitter.py
[2026-03-08T09:19:24.842+0700] {processor.py:914} INFO - Processing file /opt/airflow/dags/dag_scraping_twitter.py for tasks to queue
[2026-03-08T09:19:24.844+0700] {logging_mixin.py:190} INFO - [2026-03-08T09:19:24.844+0700] {dagbag.py:587} INFO - Filling up the DagBag from /opt/airflow/dags/dag_scraping_twitter.py
[2026-03-08T09:19:24.869+0700] {processor.py:925} INFO - DAG(s) 'dag_scraping_twitter' retrieved from /opt/airflow/dags/dag_scraping_twitter.py
[2026-03-08T09:19:24.894+0700] {logging_mixin.py:190} INFO - [2026-03-08T09:19:24.894+0700] {dag.py:3211} INFO - Sync 1 DAGs
[2026-03-08T09:19:24.916+0700] {logging_mixin.py:190} INFO - [2026-03-08T09:19:24.916+0700] {dag.py:4138} INFO - Setting next_dagrun for dag_scraping_twitter to 2026-03-07 23:00:00+00:00, run_after=2026-03-08 11:00:00+00:00
[2026-03-08T09:19:24.939+0700] {processor.py:208} INFO - Processing /opt/airflow/dags/dag_scraping_twitter.py took 0.105 seconds
[2026-03-08T09:19:55.301+0700] {processor.py:186} INFO - Started process (PID=62188) to work on /opt/airflow/dags/dag_scraping_twitter.py
[2026-03-08T09:19:55.302+0700] {processor.py:914} INFO - Processing file /opt/airflow/dags/dag_scraping_twitter.py for tasks to queue
[2026-03-08T09:19:55.305+0700] {logging_mixin.py:190} INFO - [2026-03-08T09:19:55.305+0700] {dagbag.py:587} INFO - Filling up the DagBag from /opt/airflow/dags/dag_scraping_twitter.py
[2026-03-08T09:19:55.324+0700] {processor.py:925} INFO - DAG(s) 'dag_scraping_twitter' retrieved from /opt/airflow/dags/dag_scraping_twitter.py
[2026-03-08T09:19:55.350+0700] {logging_mixin.py:190} INFO - [2026-03-08T09:19:55.349+0700] {dag.py:3211} INFO - Sync 1 DAGs
[2026-03-08T09:19:55.374+0700] {logging_mixin.py:190} INFO - [2026-03-08T09:19:55.373+0700] {dag.py:4138} INFO - Setting next_dagrun for dag_scraping_twitter to 2026-03-07 23:00:00+00:00, run_after=2026-03-08 11:00:00+00:00
[2026-03-08T09:19:55.399+0700] {processor.py:208} INFO - Processing /opt/airflow/dags/dag_scraping_twitter.py took 0.104 seconds
[2026-03-08T09:20:25.572+0700] {processor.py:186} INFO - Started process (PID=62216) to work on /opt/airflow/dags/dag_scraping_twitter.py
[2026-03-08T09:20:25.573+0700] {processor.py:914} INFO - Processing file /opt/airflow/dags/dag_scraping_twitter.py for tasks to queue
[2026-03-08T09:20:25.576+0700] {logging_mixin.py:190} INFO - [2026-03-08T09:20:25.575+0700] {dagbag.py:587} INFO - Filling up the DagBag from /opt/airflow/dags/dag_scraping_twitter.py
[2026-03-08T09:20:25.597+0700] {processor.py:925} INFO - DAG(s) 'dag_scraping_twitter' retrieved from /opt/airflow/dags/dag_scraping_twitter.py
[2026-03-08T09:20:25.624+0700] {logging_mixin.py:190} INFO - [2026-03-08T09:20:25.623+0700] {dag.py:3211} INFO - Sync 1 DAGs
[2026-03-08T09:20:25.647+0700] {logging_mixin.py:190} INFO - [2026-03-08T09:20:25.647+0700] {dag.py:4138} INFO - Setting next_dagrun for dag_scraping_twitter to 2026-03-07 23:00:00+00:00, run_after=2026-03-08 11:00:00+00:00
[2026-03-08T09:20:25.672+0700] {processor.py:208} INFO - Processing /opt/airflow/dags/dag_scraping_twitter.py took 0.109 seconds
[2026-03-08T09:20:56.219+0700] {processor.py:186} INFO - Started process (PID=62244) to work on /opt/airflow/dags/dag_scraping_twitter.py
[2026-03-08T09:20:56.220+0700] {processor.py:914} INFO - Processing file /opt/airflow/dags/dag_scraping_twitter.py for tasks to queue
[2026-03-08T09:20:56.223+0700] {logging_mixin.py:190} INFO - [2026-03-08T09:20:56.222+0700] {dagbag.py:587} INFO - Filling up the DagBag from /opt/airflow/dags/dag_scraping_twitter.py
[2026-03-08T09:20:56.242+0700] {processor.py:925} INFO - DAG(s) 'dag_scraping_twitter' retrieved from /opt/airflow/dags/dag_scraping_twitter.py
[2026-03-08T09:20:56.270+0700] {logging_mixin.py:190} INFO - [2026-03-08T09:20:56.270+0700] {dag.py:3211} INFO - Sync 1 DAGs
[2026-03-08T09:20:56.293+0700] {logging_mixin.py:190} INFO - [2026-03-08T09:20:56.293+0700] {dag.py:4138} INFO - Setting next_dagrun for dag_scraping_twitter to 2026-03-07 23:00:00+00:00, run_after=2026-03-08 11:00:00+00:00
[2026-03-08T09:20:56.316+0700] {processor.py:208} INFO - Processing /opt/airflow/dags/dag_scraping_twitter.py took 0.103 seconds
[2026-03-08T09:21:26.460+0700] {processor.py:186} INFO - Started process (PID=62272) to work on /opt/airflow/dags/dag_scraping_twitter.py
[2026-03-08T09:21:26.461+0700] {processor.py:914} INFO - Processing file /opt/airflow/dags/dag_scraping_twitter.py for tasks to queue
[2026-03-08T09:21:26.464+0700] {logging_mixin.py:190} INFO - [2026-03-08T09:21:26.464+0700] {dagbag.py:587} INFO - Filling up the DagBag from /opt/airflow/dags/dag_scraping_twitter.py
[2026-03-08T09:21:26.483+0700] {processor.py:925} INFO - DAG(s) 'dag_scraping_twitter' retrieved from /opt/airflow/dags/dag_scraping_twitter.py
[2026-03-08T09:21:26.510+0700] {logging_mixin.py:190} INFO - [2026-03-08T09:21:26.510+0700] {dag.py:3211} INFO - Sync 1 DAGs
[2026-03-08T09:21:26.534+0700] {logging_mixin.py:190} INFO - [2026-03-08T09:21:26.534+0700] {dag.py:4138} INFO - Setting next_dagrun for dag_scraping_twitter to 2026-03-07 23:00:00+00:00, run_after=2026-03-08 11:00:00+00:00
[2026-03-08T09:21:26.558+0700] {processor.py:208} INFO - Processing /opt/airflow/dags/dag_scraping_twitter.py took 0.105 seconds
[2026-03-08T09:21:57.464+0700] {processor.py:186} INFO - Started process (PID=62300) to work on /opt/airflow/dags/dag_scraping_twitter.py
[2026-03-08T09:21:57.465+0700] {processor.py:914} INFO - Processing file /opt/airflow/dags/dag_scraping_twitter.py for tasks to queue
[2026-03-08T09:21:57.467+0700] {logging_mixin.py:190} INFO - [2026-03-08T09:21:57.467+0700] {dagbag.py:587} INFO - Filling up the DagBag from /opt/airflow/dags/dag_scraping_twitter.py
[2026-03-08T09:21:57.487+0700] {processor.py:925} INFO - DAG(s) 'dag_scraping_twitter' retrieved from /opt/airflow/dags/dag_scraping_twitter.py
[2026-03-08T09:21:57.514+0700] {logging_mixin.py:190} INFO - [2026-03-08T09:21:57.513+0700] {dag.py:3211} INFO - Sync 1 DAGs
[2026-03-08T09:21:57.537+0700] {logging_mixin.py:190} INFO - [2026-03-08T09:21:57.537+0700] {dag.py:4138} INFO - Setting next_dagrun for dag_scraping_twitter to 2026-03-07 23:00:00+00:00, run_after=2026-03-08 11:00:00+00:00
[2026-03-08T09:21:57.562+0700] {processor.py:208} INFO - Processing /opt/airflow/dags/dag_scraping_twitter.py took 0.105 seconds
[2026-03-08T09:22:28.412+0700] {processor.py:186} INFO - Started process (PID=62334) to work on /opt/airflow/dags/dag_scraping_twitter.py
[2026-03-08T09:22:28.413+0700] {processor.py:914} INFO - Processing file /opt/airflow/dags/dag_scraping_twitter.py for tasks to queue
[2026-03-08T09:22:28.416+0700] {logging_mixin.py:190} INFO - [2026-03-08T09:22:28.415+0700] {dagbag.py:587} INFO - Filling up the DagBag from /opt/airflow/dags/dag_scraping_twitter.py
[2026-03-08T09:22:28.434+0700] {processor.py:925} INFO - DAG(s) 'dag_scraping_twitter' retrieved from /opt/airflow/dags/dag_scraping_twitter.py
[2026-03-08T09:22:28.460+0700] {logging_mixin.py:190} INFO - [2026-03-08T09:22:28.460+0700] {dag.py:3211} INFO - Sync 1 DAGs
[2026-03-08T09:22:28.487+0700] {logging_mixin.py:190} INFO - [2026-03-08T09:22:28.487+0700] {dag.py:4138} INFO - Setting next_dagrun for dag_scraping_twitter to 2026-03-07 23:00:00+00:00, run_after=2026-03-08 11:00:00+00:00
[2026-03-08T09:22:28.514+0700] {processor.py:208} INFO - Processing /opt/airflow/dags/dag_scraping_twitter.py took 0.108 seconds
[2026-03-08T09:22:58.589+0700] {processor.py:186} INFO - Started process (PID=62362) to work on /opt/airflow/dags/dag_scraping_twitter.py
[2026-03-08T09:22:58.590+0700] {processor.py:914} INFO - Processing file /opt/airflow/dags/dag_scraping_twitter.py for tasks to queue
[2026-03-08T09:22:58.593+0700] {logging_mixin.py:190} INFO - [2026-03-08T09:22:58.592+0700] {dagbag.py:587} INFO - Filling up the DagBag from /opt/airflow/dags/dag_scraping_twitter.py
[2026-03-08T09:22:58.615+0700] {processor.py:925} INFO - DAG(s) 'dag_scraping_twitter' retrieved from /opt/airflow/dags/dag_scraping_twitter.py
[2026-03-08T09:22:58.640+0700] {logging_mixin.py:190} INFO - [2026-03-08T09:22:58.640+0700] {dag.py:3211} INFO - Sync 1 DAGs
[2026-03-08T09:22:58.663+0700] {logging_mixin.py:190} INFO - [2026-03-08T09:22:58.663+0700] {dag.py:4138} INFO - Setting next_dagrun for dag_scraping_twitter to 2026-03-07 23:00:00+00:00, run_after=2026-03-08 11:00:00+00:00
[2026-03-08T09:22:58.689+0700] {processor.py:208} INFO - Processing /opt/airflow/dags/dag_scraping_twitter.py took 0.107 seconds
[2026-03-08T09:23:29.577+0700] {processor.py:186} INFO - Started process (PID=62390) to work on /opt/airflow/dags/dag_scraping_twitter.py
[2026-03-08T09:23:29.578+0700] {processor.py:914} INFO - Processing file /opt/airflow/dags/dag_scraping_twitter.py for tasks to queue
[2026-03-08T09:23:29.581+0700] {logging_mixin.py:190} INFO - [2026-03-08T09:23:29.580+0700] {dagbag.py:587} INFO - Filling up the DagBag from /opt/airflow/dags/dag_scraping_twitter.py
[2026-03-08T09:23:29.602+0700] {processor.py:925} INFO - DAG(s) 'dag_scraping_twitter' retrieved from /opt/airflow/dags/dag_scraping_twitter.py
[2026-03-08T09:23:29.628+0700] {logging_mixin.py:190} INFO - [2026-03-08T09:23:29.627+0700] {dag.py:3211} INFO - Sync 1 DAGs
[2026-03-08T09:23:29.651+0700] {logging_mixin.py:190} INFO - [2026-03-08T09:23:29.651+0700] {dag.py:4138} INFO - Setting next_dagrun for dag_scraping_twitter to 2026-03-07 23:00:00+00:00, run_after=2026-03-08 11:00:00+00:00
[2026-03-08T09:23:29.676+0700] {processor.py:208} INFO - Processing /opt/airflow/dags/dag_scraping_twitter.py took 0.105 seconds
[2026-03-08T09:24:00.567+0700] {processor.py:186} INFO - Started process (PID=62418) to work on /opt/airflow/dags/dag_scraping_twitter.py
[2026-03-08T09:24:00.568+0700] {processor.py:914} INFO - Processing file /opt/airflow/dags/dag_scraping_twitter.py for tasks to queue
[2026-03-08T09:24:00.570+0700] {logging_mixin.py:190} INFO - [2026-03-08T09:24:00.570+0700] {dagbag.py:587} INFO - Filling up the DagBag from /opt/airflow/dags/dag_scraping_twitter.py
[2026-03-08T09:24:00.591+0700] {processor.py:925} INFO - DAG(s) 'dag_scraping_twitter' retrieved from /opt/airflow/dags/dag_scraping_twitter.py
[2026-03-08T09:24:00.619+0700] {logging_mixin.py:190} INFO - [2026-03-08T09:24:00.619+0700] {dag.py:3211} INFO - Sync 1 DAGs
[2026-03-08T09:24:00.642+0700] {logging_mixin.py:190} INFO - [2026-03-08T09:24:00.642+0700] {dag.py:4138} INFO - Setting next_dagrun for dag_scraping_twitter to 2026-03-07 23:00:00+00:00, run_after=2026-03-08 11:00:00+00:00
[2026-03-08T09:24:00.665+0700] {processor.py:208} INFO - Processing /opt/airflow/dags/dag_scraping_twitter.py took 0.105 seconds
[2026-03-08T09:24:31.603+0700] {processor.py:186} INFO - Started process (PID=62446) to work on /opt/airflow/dags/dag_scraping_twitter.py
[2026-03-08T09:24:31.604+0700] {processor.py:914} INFO - Processing file /opt/airflow/dags/dag_scraping_twitter.py for tasks to queue
[2026-03-08T09:24:31.607+0700] {logging_mixin.py:190} INFO - [2026-03-08T09:24:31.607+0700] {dagbag.py:587} INFO - Filling up the DagBag from /opt/airflow/dags/dag_scraping_twitter.py
[2026-03-08T09:24:31.626+0700] {processor.py:925} INFO - DAG(s) 'dag_scraping_twitter' retrieved from /opt/airflow/dags/dag_scraping_twitter.py
[2026-03-08T09:24:31.654+0700] {logging_mixin.py:190} INFO - [2026-03-08T09:24:31.654+0700] {dag.py:3211} INFO - Sync 1 DAGs
[2026-03-08T09:24:31.680+0700] {logging_mixin.py:190} INFO - [2026-03-08T09:24:31.680+0700] {dag.py:4138} INFO - Setting next_dagrun for dag_scraping_twitter to 2026-03-07 23:00:00+00:00, run_after=2026-03-08 11:00:00+00:00
[2026-03-08T09:24:31.705+0700] {processor.py:208} INFO - Processing /opt/airflow/dags/dag_scraping_twitter.py took 0.109 seconds
[2026-03-08T09:25:02.054+0700] {processor.py:186} INFO - Started process (PID=62474) to work on /opt/airflow/dags/dag_scraping_twitter.py
[2026-03-08T09:25:02.055+0700] {processor.py:914} INFO - Processing file /opt/airflow/dags/dag_scraping_twitter.py for tasks to queue
[2026-03-08T09:25:02.058+0700] {logging_mixin.py:190} INFO - [2026-03-08T09:25:02.057+0700] {dagbag.py:587} INFO - Filling up the DagBag from /opt/airflow/dags/dag_scraping_twitter.py
[2026-03-08T09:25:02.078+0700] {processor.py:925} INFO - DAG(s) 'dag_scraping_twitter' retrieved from /opt/airflow/dags/dag_scraping_twitter.py
[2026-03-08T09:25:02.104+0700] {logging_mixin.py:190} INFO - [2026-03-08T09:25:02.103+0700] {dag.py:3211} INFO - Sync 1 DAGs
[2026-03-08T09:25:02.126+0700] {logging_mixin.py:190} INFO - [2026-03-08T09:25:02.126+0700] {dag.py:4138} INFO - Setting next_dagrun for dag_scraping_twitter to 2026-03-07 23:00:00+00:00, run_after=2026-03-08 11:00:00+00:00
[2026-03-08T09:25:02.152+0700] {processor.py:208} INFO - Processing /opt/airflow/dags/dag_scraping_twitter.py took 0.104 seconds
[2026-03-08T09:25:33.084+0700] {processor.py:186} INFO - Started process (PID=62510) to work on /opt/airflow/dags/dag_scraping_twitter.py
[2026-03-08T09:25:33.085+0700] {processor.py:914} INFO - Processing file /opt/airflow/dags/dag_scraping_twitter.py for tasks to queue
[2026-03-08T09:25:33.088+0700] {logging_mixin.py:190} INFO - [2026-03-08T09:25:33.087+0700] {dagbag.py:587} INFO - Filling up the DagBag from /opt/airflow/dags/dag_scraping_twitter.py
[2026-03-08T09:25:33.109+0700] {processor.py:925} INFO - DAG(s) 'dag_scraping_twitter' retrieved from /opt/airflow/dags/dag_scraping_twitter.py
[2026-03-08T09:25:33.137+0700] {logging_mixin.py:190} INFO - [2026-03-08T09:25:33.137+0700] {dag.py:3211} INFO - Sync 1 DAGs
[2026-03-08T09:25:33.161+0700] {logging_mixin.py:190} INFO - [2026-03-08T09:25:33.161+0700] {dag.py:4138} INFO - Setting next_dagrun for dag_scraping_twitter to 2026-03-07 23:00:00+00:00, run_after=2026-03-08 11:00:00+00:00
[2026-03-08T09:25:33.183+0700] {processor.py:208} INFO - Processing /opt/airflow/dags/dag_scraping_twitter.py took 0.106 seconds
[2026-03-08T09:26:03.258+0700] {processor.py:186} INFO - Started process (PID=62538) to work on /opt/airflow/dags/dag_scraping_twitter.py
[2026-03-08T09:26:03.259+0700] {processor.py:914} INFO - Processing file /opt/airflow/dags/dag_scraping_twitter.py for tasks to queue
[2026-03-08T09:26:03.262+0700] {logging_mixin.py:190} INFO - [2026-03-08T09:26:03.262+0700] {dagbag.py:587} INFO - Filling up the DagBag from /opt/airflow/dags/dag_scraping_twitter.py
[2026-03-08T09:26:03.280+0700] {processor.py:925} INFO - DAG(s) 'dag_scraping_twitter' retrieved from /opt/airflow/dags/dag_scraping_twitter.py
[2026-03-08T09:26:03.307+0700] {logging_mixin.py:190} INFO - [2026-03-08T09:26:03.307+0700] {dag.py:3211} INFO - Sync 1 DAGs
[2026-03-08T09:26:03.332+0700] {logging_mixin.py:190} INFO - [2026-03-08T09:26:03.332+0700] {dag.py:4138} INFO - Setting next_dagrun for dag_scraping_twitter to 2026-03-07 23:00:00+00:00, run_after=2026-03-08 11:00:00+00:00
[2026-03-08T09:26:03.355+0700] {processor.py:208} INFO - Processing /opt/airflow/dags/dag_scraping_twitter.py took 0.104 seconds
[2026-03-08T09:26:34.254+0700] {processor.py:186} INFO - Started process (PID=62566) to work on /opt/airflow/dags/dag_scraping_twitter.py
[2026-03-08T09:26:34.255+0700] {processor.py:914} INFO - Processing file /opt/airflow/dags/dag_scraping_twitter.py for tasks to queue
[2026-03-08T09:26:34.257+0700] {logging_mixin.py:190} INFO - [2026-03-08T09:26:34.257+0700] {dagbag.py:587} INFO - Filling up the DagBag from /opt/airflow/dags/dag_scraping_twitter.py
[2026-03-08T09:26:34.277+0700] {processor.py:925} INFO - DAG(s) 'dag_scraping_twitter' retrieved from /opt/airflow/dags/dag_scraping_twitter.py
[2026-03-08T09:26:34.304+0700] {logging_mixin.py:190} INFO - [2026-03-08T09:26:34.304+0700] {dag.py:3211} INFO - Sync 1 DAGs
[2026-03-08T09:26:34.328+0700] {logging_mixin.py:190} INFO - [2026-03-08T09:26:34.328+0700] {dag.py:4138} INFO - Setting next_dagrun for dag_scraping_twitter to 2026-03-07 23:00:00+00:00, run_after=2026-03-08 11:00:00+00:00
[2026-03-08T09:26:34.351+0700] {processor.py:208} INFO - Processing /opt/airflow/dags/dag_scraping_twitter.py took 0.104 seconds
[2026-03-08T09:27:04.522+0700] {processor.py:186} INFO - Started process (PID=62594) to work on /opt/airflow/dags/dag_scraping_twitter.py
[2026-03-08T09:27:04.523+0700] {processor.py:914} INFO - Processing file /opt/airflow/dags/dag_scraping_twitter.py for tasks to queue
[2026-03-08T09:27:04.526+0700] {logging_mixin.py:190} INFO - [2026-03-08T09:27:04.525+0700] {dagbag.py:587} INFO - Filling up the DagBag from /opt/airflow/dags/dag_scraping_twitter.py
[2026-03-08T09:27:04.544+0700] {processor.py:925} INFO - DAG(s) 'dag_scraping_twitter' retrieved from /opt/airflow/dags/dag_scraping_twitter.py
[2026-03-08T09:27:04.570+0700] {logging_mixin.py:190} INFO - [2026-03-08T09:27:04.570+0700] {dag.py:3211} INFO - Sync 1 DAGs
[2026-03-08T09:27:04.595+0700] {logging_mixin.py:190} INFO - [2026-03-08T09:27:04.595+0700] {dag.py:4138} INFO - Setting next_dagrun for dag_scraping_twitter to 2026-03-07 23:00:00+00:00, run_after=2026-03-08 11:00:00+00:00
[2026-03-08T09:27:04.620+0700] {processor.py:208} INFO - Processing /opt/airflow/dags/dag_scraping_twitter.py took 0.106 seconds
[2026-03-08T09:27:35.116+0700] {processor.py:186} INFO - Started process (PID=62628) to work on /opt/airflow/dags/dag_scraping_twitter.py
[2026-03-08T09:27:35.117+0700] {processor.py:914} INFO - Processing file /opt/airflow/dags/dag_scraping_twitter.py for tasks to queue
[2026-03-08T09:27:35.119+0700] {logging_mixin.py:190} INFO - [2026-03-08T09:27:35.119+0700] {dagbag.py:587} INFO - Filling up the DagBag from /opt/airflow/dags/dag_scraping_twitter.py
[2026-03-08T09:27:35.139+0700] {processor.py:925} INFO - DAG(s) 'dag_scraping_twitter' retrieved from /opt/airflow/dags/dag_scraping_twitter.py
[2026-03-08T09:27:35.167+0700] {logging_mixin.py:190} INFO - [2026-03-08T09:27:35.166+0700] {dag.py:3211} INFO - Sync 1 DAGs
[2026-03-08T09:27:35.190+0700] {logging_mixin.py:190} INFO - [2026-03-08T09:27:35.190+0700] {dag.py:4138} INFO - Setting next_dagrun for dag_scraping_twitter to 2026-03-07 23:00:00+00:00, run_after=2026-03-08 11:00:00+00:00
[2026-03-08T09:27:35.214+0700] {processor.py:208} INFO - Processing /opt/airflow/dags/dag_scraping_twitter.py took 0.105 seconds
[2026-03-08T09:28:06.230+0700] {processor.py:186} INFO - Started process (PID=62656) to work on /opt/airflow/dags/dag_scraping_twitter.py
[2026-03-08T09:28:06.232+0700] {processor.py:914} INFO - Processing file /opt/airflow/dags/dag_scraping_twitter.py for tasks to queue
[2026-03-08T09:28:06.237+0700] {logging_mixin.py:190} INFO - [2026-03-08T09:28:06.236+0700] {dagbag.py:587} INFO - Filling up the DagBag from /opt/airflow/dags/dag_scraping_twitter.py
[2026-03-08T09:28:06.269+0700] {processor.py:925} INFO - DAG(s) 'dag_scraping_twitter' retrieved from /opt/airflow/dags/dag_scraping_twitter.py
[2026-03-08T09:28:06.307+0700] {logging_mixin.py:190} INFO - [2026-03-08T09:28:06.307+0700] {dag.py:3211} INFO - Sync 1 DAGs
[2026-03-08T09:28:06.336+0700] {logging_mixin.py:190} INFO - [2026-03-08T09:28:06.336+0700] {dag.py:4138} INFO - Setting next_dagrun for dag_scraping_twitter to 2026-03-07 23:00:00+00:00, run_after=2026-03-08 11:00:00+00:00
[2026-03-08T09:28:06.355+0700] {processor.py:208} INFO - Processing /opt/airflow/dags/dag_scraping_twitter.py took 0.134 seconds
[2026-03-08T09:28:36.400+0700] {processor.py:186} INFO - Started process (PID=62684) to work on /opt/airflow/dags/dag_scraping_twitter.py
[2026-03-08T09:28:36.402+0700] {processor.py:914} INFO - Processing file /opt/airflow/dags/dag_scraping_twitter.py for tasks to queue
[2026-03-08T09:28:36.405+0700] {logging_mixin.py:190} INFO - [2026-03-08T09:28:36.405+0700] {dagbag.py:587} INFO - Filling up the DagBag from /opt/airflow/dags/dag_scraping_twitter.py
[2026-03-08T09:28:36.423+0700] {processor.py:925} INFO - DAG(s) 'dag_scraping_twitter' retrieved from /opt/airflow/dags/dag_scraping_twitter.py
[2026-03-08T09:28:36.448+0700] {logging_mixin.py:190} INFO - [2026-03-08T09:28:36.448+0700] {dag.py:3211} INFO - Sync 1 DAGs
[2026-03-08T09:28:36.473+0700] {logging_mixin.py:190} INFO - [2026-03-08T09:28:36.473+0700] {dag.py:4138} INFO - Setting next_dagrun for dag_scraping_twitter to 2026-03-07 23:00:00+00:00, run_after=2026-03-08 11:00:00+00:00
[2026-03-08T09:28:36.496+0700] {processor.py:208} INFO - Processing /opt/airflow/dags/dag_scraping_twitter.py took 0.101 seconds
[2026-03-08T09:29:07.532+0700] {processor.py:186} INFO - Started process (PID=62712) to work on /opt/airflow/dags/dag_scraping_twitter.py
[2026-03-08T09:29:07.533+0700] {processor.py:914} INFO - Processing file /opt/airflow/dags/dag_scraping_twitter.py for tasks to queue
[2026-03-08T09:29:07.536+0700] {logging_mixin.py:190} INFO - [2026-03-08T09:29:07.535+0700] {dagbag.py:587} INFO - Filling up the DagBag from /opt/airflow/dags/dag_scraping_twitter.py
[2026-03-08T09:29:07.555+0700] {processor.py:925} INFO - DAG(s) 'dag_scraping_twitter' retrieved from /opt/airflow/dags/dag_scraping_twitter.py
[2026-03-08T09:29:07.583+0700] {logging_mixin.py:190} INFO - [2026-03-08T09:29:07.582+0700] {dag.py:3211} INFO - Sync 1 DAGs
[2026-03-08T09:29:07.609+0700] {logging_mixin.py:190} INFO - [2026-03-08T09:29:07.608+0700] {dag.py:4138} INFO - Setting next_dagrun for dag_scraping_twitter to 2026-03-07 23:00:00+00:00, run_after=2026-03-08 11:00:00+00:00
[2026-03-08T09:29:07.633+0700] {processor.py:208} INFO - Processing /opt/airflow/dags/dag_scraping_twitter.py took 0.109 seconds
[2026-03-08T09:29:38.679+0700] {processor.py:186} INFO - Started process (PID=62740) to work on /opt/airflow/dags/dag_scraping_twitter.py
[2026-03-08T09:29:38.680+0700] {processor.py:914} INFO - Processing file /opt/airflow/dags/dag_scraping_twitter.py for tasks to queue
[2026-03-08T09:29:38.683+0700] {logging_mixin.py:190} INFO - [2026-03-08T09:29:38.683+0700] {dagbag.py:587} INFO - Filling up the DagBag from /opt/airflow/dags/dag_scraping_twitter.py
[2026-03-08T09:29:38.705+0700] {processor.py:925} INFO - DAG(s) 'dag_scraping_twitter' retrieved from /opt/airflow/dags/dag_scraping_twitter.py
[2026-03-08T09:29:38.732+0700] {logging_mixin.py:190} INFO - [2026-03-08T09:29:38.732+0700] {dag.py:3211} INFO - Sync 1 DAGs
[2026-03-08T09:29:38.755+0700] {logging_mixin.py:190} INFO - [2026-03-08T09:29:38.755+0700] {dag.py:4138} INFO - Setting next_dagrun for dag_scraping_twitter to 2026-03-07 23:00:00+00:00, run_after=2026-03-08 11:00:00+00:00
[2026-03-08T09:29:38.778+0700] {processor.py:208} INFO - Processing /opt/airflow/dags/dag_scraping_twitter.py took 0.105 seconds
[2026-03-08T09:30:09.727+0700] {processor.py:186} INFO - Started process (PID=62774) to work on /opt/airflow/dags/dag_scraping_twitter.py
[2026-03-08T09:30:09.728+0700] {processor.py:914} INFO - Processing file /opt/airflow/dags/dag_scraping_twitter.py for tasks to queue
[2026-03-08T09:30:09.732+0700] {logging_mixin.py:190} INFO - [2026-03-08T09:30:09.731+0700] {dagbag.py:587} INFO - Filling up the DagBag from /opt/airflow/dags/dag_scraping_twitter.py
[2026-03-08T09:30:09.751+0700] {processor.py:925} INFO - DAG(s) 'dag_scraping_twitter' retrieved from /opt/airflow/dags/dag_scraping_twitter.py
[2026-03-08T09:30:09.777+0700] {logging_mixin.py:190} INFO - [2026-03-08T09:30:09.776+0700] {dag.py:3211} INFO - Sync 1 DAGs
[2026-03-08T09:30:09.804+0700] {logging_mixin.py:190} INFO - [2026-03-08T09:30:09.803+0700] {dag.py:4138} INFO - Setting next_dagrun for dag_scraping_twitter to 2026-03-07 23:00:00+00:00, run_after=2026-03-08 11:00:00+00:00
[2026-03-08T09:30:09.827+0700] {processor.py:208} INFO - Processing /opt/airflow/dags/dag_scraping_twitter.py took 0.107 seconds
[2026-03-08T09:30:40.721+0700] {processor.py:186} INFO - Started process (PID=62802) to work on /opt/airflow/dags/dag_scraping_twitter.py
[2026-03-08T09:30:40.722+0700] {processor.py:914} INFO - Processing file /opt/airflow/dags/dag_scraping_twitter.py for tasks to queue
[2026-03-08T09:30:40.724+0700] {logging_mixin.py:190} INFO - [2026-03-08T09:30:40.724+0700] {dagbag.py:587} INFO - Filling up the DagBag from /opt/airflow/dags/dag_scraping_twitter.py
[2026-03-08T09:30:40.746+0700] {processor.py:925} INFO - DAG(s) 'dag_scraping_twitter' retrieved from /opt/airflow/dags/dag_scraping_twitter.py
[2026-03-08T09:30:40.773+0700] {logging_mixin.py:190} INFO - [2026-03-08T09:30:40.773+0700] {dag.py:3211} INFO - Sync 1 DAGs
[2026-03-08T09:30:40.799+0700] {logging_mixin.py:190} INFO - [2026-03-08T09:30:40.798+0700] {dag.py:4138} INFO - Setting next_dagrun for dag_scraping_twitter to 2026-03-07 23:00:00+00:00, run_after=2026-03-08 11:00:00+00:00
[2026-03-08T09:30:40.825+0700] {processor.py:208} INFO - Processing /opt/airflow/dags/dag_scraping_twitter.py took 0.111 seconds
[2026-03-08T09:31:11.762+0700] {processor.py:186} INFO - Started process (PID=62830) to work on /opt/airflow/dags/dag_scraping_twitter.py
[2026-03-08T09:31:11.763+0700] {processor.py:914} INFO - Processing file /opt/airflow/dags/dag_scraping_twitter.py for tasks to queue
[2026-03-08T09:31:11.765+0700] {logging_mixin.py:190} INFO - [2026-03-08T09:31:11.765+0700] {dagbag.py:587} INFO - Filling up the DagBag from /opt/airflow/dags/dag_scraping_twitter.py
[2026-03-08T09:31:11.787+0700] {processor.py:925} INFO - DAG(s) 'dag_scraping_twitter' retrieved from /opt/airflow/dags/dag_scraping_twitter.py
[2026-03-08T09:31:11.814+0700] {logging_mixin.py:190} INFO - [2026-03-08T09:31:11.814+0700] {dag.py:3211} INFO - Sync 1 DAGs
[2026-03-08T09:31:11.837+0700] {logging_mixin.py:190} INFO - [2026-03-08T09:31:11.837+0700] {dag.py:4138} INFO - Setting next_dagrun for dag_scraping_twitter to 2026-03-07 23:00:00+00:00, run_after=2026-03-08 11:00:00+00:00
[2026-03-08T09:31:11.861+0700] {processor.py:208} INFO - Processing /opt/airflow/dags/dag_scraping_twitter.py took 0.105 seconds
[2026-03-08T09:31:42.844+0700] {processor.py:186} INFO - Started process (PID=62858) to work on /opt/airflow/dags/dag_scraping_twitter.py
[2026-03-08T09:31:42.845+0700] {processor.py:914} INFO - Processing file /opt/airflow/dags/dag_scraping_twitter.py for tasks to queue
[2026-03-08T09:31:42.848+0700] {logging_mixin.py:190} INFO - [2026-03-08T09:31:42.848+0700] {dagbag.py:587} INFO - Filling up the DagBag from /opt/airflow/dags/dag_scraping_twitter.py
[2026-03-08T09:31:42.871+0700] {processor.py:925} INFO - DAG(s) 'dag_scraping_twitter' retrieved from /opt/airflow/dags/dag_scraping_twitter.py
[2026-03-08T09:31:42.897+0700] {logging_mixin.py:190} INFO - [2026-03-08T09:31:42.897+0700] {dag.py:3211} INFO - Sync 1 DAGs
[2026-03-08T09:31:42.925+0700] {logging_mixin.py:190} INFO - [2026-03-08T09:31:42.925+0700] {dag.py:4138} INFO - Setting next_dagrun for dag_scraping_twitter to 2026-03-07 23:00:00+00:00, run_after=2026-03-08 11:00:00+00:00
[2026-03-08T09:31:42.951+0700] {processor.py:208} INFO - Processing /opt/airflow/dags/dag_scraping_twitter.py took 0.114 seconds
[2026-03-08T09:32:13.836+0700] {processor.py:186} INFO - Started process (PID=62886) to work on /opt/airflow/dags/dag_scraping_twitter.py
[2026-03-08T09:32:13.837+0700] {processor.py:914} INFO - Processing file /opt/airflow/dags/dag_scraping_twitter.py for tasks to queue
[2026-03-08T09:32:13.841+0700] {logging_mixin.py:190} INFO - [2026-03-08T09:32:13.840+0700] {dagbag.py:587} INFO - Filling up the DagBag from /opt/airflow/dags/dag_scraping_twitter.py
[2026-03-08T09:32:13.863+0700] {processor.py:925} INFO - DAG(s) 'dag_scraping_twitter' retrieved from /opt/airflow/dags/dag_scraping_twitter.py
[2026-03-08T09:32:13.891+0700] {logging_mixin.py:190} INFO - [2026-03-08T09:32:13.890+0700] {dag.py:3211} INFO - Sync 1 DAGs
[2026-03-08T09:32:13.915+0700] {logging_mixin.py:190} INFO - [2026-03-08T09:32:13.915+0700] {dag.py:4138} INFO - Setting next_dagrun for dag_scraping_twitter to 2026-03-07 23:00:00+00:00, run_after=2026-03-08 11:00:00+00:00
[2026-03-08T09:32:13.939+0700] {processor.py:208} INFO - Processing /opt/airflow/dags/dag_scraping_twitter.py took 0.109 seconds
[2026-03-08T09:32:44.938+0700] {processor.py:186} INFO - Started process (PID=62920) to work on /opt/airflow/dags/dag_scraping_twitter.py
[2026-03-08T09:32:44.939+0700] {processor.py:914} INFO - Processing file /opt/airflow/dags/dag_scraping_twitter.py for tasks to queue
[2026-03-08T09:32:44.942+0700] {logging_mixin.py:190} INFO - [2026-03-08T09:32:44.941+0700] {dagbag.py:587} INFO - Filling up the DagBag from /opt/airflow/dags/dag_scraping_twitter.py
[2026-03-08T09:32:44.961+0700] {processor.py:925} INFO - DAG(s) 'dag_scraping_twitter' retrieved from /opt/airflow/dags/dag_scraping_twitter.py
[2026-03-08T09:32:44.986+0700] {logging_mixin.py:190} INFO - [2026-03-08T09:32:44.986+0700] {dag.py:3211} INFO - Sync 1 DAGs
[2026-03-08T09:32:45.011+0700] {logging_mixin.py:190} INFO - [2026-03-08T09:32:45.010+0700] {dag.py:4138} INFO - Setting next_dagrun for dag_scraping_twitter to 2026-03-07 23:00:00+00:00, run_after=2026-03-08 11:00:00+00:00
[2026-03-08T09:32:45.035+0700] {processor.py:208} INFO - Processing /opt/airflow/dags/dag_scraping_twitter.py took 0.105 seconds
[2026-03-08T09:33:16.059+0700] {processor.py:186} INFO - Started process (PID=62948) to work on /opt/airflow/dags/dag_scraping_twitter.py
[2026-03-08T09:33:16.060+0700] {processor.py:914} INFO - Processing file /opt/airflow/dags/dag_scraping_twitter.py for tasks to queue
[2026-03-08T09:33:16.062+0700] {logging_mixin.py:190} INFO - [2026-03-08T09:33:16.062+0700] {dagbag.py:587} INFO - Filling up the DagBag from /opt/airflow/dags/dag_scraping_twitter.py
[2026-03-08T09:33:16.084+0700] {processor.py:925} INFO - DAG(s) 'dag_scraping_twitter' retrieved from /opt/airflow/dags/dag_scraping_twitter.py
[2026-03-08T09:33:16.110+0700] {logging_mixin.py:190} INFO - [2026-03-08T09:33:16.109+0700] {dag.py:3211} INFO - Sync 1 DAGs
[2026-03-08T09:33:16.133+0700] {logging_mixin.py:190} INFO - [2026-03-08T09:33:16.133+0700] {dag.py:4138} INFO - Setting next_dagrun for dag_scraping_twitter to 2026-03-07 23:00:00+00:00, run_after=2026-03-08 11:00:00+00:00
[2026-03-08T09:33:16.159+0700] {processor.py:208} INFO - Processing /opt/airflow/dags/dag_scraping_twitter.py took 0.107 seconds
[2026-03-08T09:33:46.710+0700] {processor.py:186} INFO - Started process (PID=62976) to work on /opt/airflow/dags/dag_scraping_twitter.py
[2026-03-08T09:33:46.712+0700] {processor.py:914} INFO - Processing file /opt/airflow/dags/dag_scraping_twitter.py for tasks to queue
[2026-03-08T09:33:46.716+0700] {logging_mixin.py:190} INFO - [2026-03-08T09:33:46.716+0700] {dagbag.py:587} INFO - Filling up the DagBag from /opt/airflow/dags/dag_scraping_twitter.py
[2026-03-08T09:33:46.750+0700] {processor.py:925} INFO - DAG(s) 'dag_scraping_twitter' retrieved from /opt/airflow/dags/dag_scraping_twitter.py
[2026-03-08T09:33:46.782+0700] {logging_mixin.py:190} INFO - [2026-03-08T09:33:46.782+0700] {dag.py:3211} INFO - Sync 1 DAGs
[2026-03-08T09:33:46.807+0700] {logging_mixin.py:190} INFO - [2026-03-08T09:33:46.806+0700] {dag.py:4138} INFO - Setting next_dagrun for dag_scraping_twitter to 2026-03-07 23:00:00+00:00, run_after=2026-03-08 11:00:00+00:00
[2026-03-08T09:33:46.830+0700] {processor.py:208} INFO - Processing /opt/airflow/dags/dag_scraping_twitter.py took 0.129 seconds
[2026-03-08T09:34:17.129+0700] {processor.py:186} INFO - Started process (PID=63004) to work on /opt/airflow/dags/dag_scraping_twitter.py
[2026-03-08T09:34:17.131+0700] {processor.py:914} INFO - Processing file /opt/airflow/dags/dag_scraping_twitter.py for tasks to queue
[2026-03-08T09:34:17.134+0700] {logging_mixin.py:190} INFO - [2026-03-08T09:34:17.134+0700] {dagbag.py:587} INFO - Filling up the DagBag from /opt/airflow/dags/dag_scraping_twitter.py
[2026-03-08T09:34:17.154+0700] {processor.py:925} INFO - DAG(s) 'dag_scraping_twitter' retrieved from /opt/airflow/dags/dag_scraping_twitter.py
[2026-03-08T09:34:17.180+0700] {logging_mixin.py:190} INFO - [2026-03-08T09:34:17.180+0700] {dag.py:3211} INFO - Sync 1 DAGs
[2026-03-08T09:34:17.204+0700] {logging_mixin.py:190} INFO - [2026-03-08T09:34:17.204+0700] {dag.py:4138} INFO - Setting next_dagrun for dag_scraping_twitter to 2026-03-07 23:00:00+00:00, run_after=2026-03-08 11:00:00+00:00
[2026-03-08T09:34:17.226+0700] {processor.py:208} INFO - Processing /opt/airflow/dags/dag_scraping_twitter.py took 0.104 seconds
[2026-03-08T09:34:47.349+0700] {processor.py:186} INFO - Started process (PID=63032) to work on /opt/airflow/dags/dag_scraping_twitter.py
[2026-03-08T09:34:47.350+0700] {processor.py:914} INFO - Processing file /opt/airflow/dags/dag_scraping_twitter.py for tasks to queue
[2026-03-08T09:34:47.354+0700] {logging_mixin.py:190} INFO - [2026-03-08T09:34:47.353+0700] {dagbag.py:587} INFO - Filling up the DagBag from /opt/airflow/dags/dag_scraping_twitter.py
[2026-03-08T09:34:47.384+0700] {processor.py:925} INFO - DAG(s) 'dag_scraping_twitter' retrieved from /opt/airflow/dags/dag_scraping_twitter.py
[2026-03-08T09:34:47.418+0700] {logging_mixin.py:190} INFO - [2026-03-08T09:34:47.418+0700] {dag.py:3211} INFO - Sync 1 DAGs
[2026-03-08T09:34:47.449+0700] {logging_mixin.py:190} INFO - [2026-03-08T09:34:47.449+0700] {dag.py:4138} INFO - Setting next_dagrun for dag_scraping_twitter to 2026-03-07 23:00:00+00:00, run_after=2026-03-08 11:00:00+00:00
[2026-03-08T09:34:47.477+0700] {processor.py:208} INFO - Processing /opt/airflow/dags/dag_scraping_twitter.py took 0.138 seconds
[2026-03-08T09:35:18.362+0700] {processor.py:186} INFO - Started process (PID=63066) to work on /opt/airflow/dags/dag_scraping_twitter.py
[2026-03-08T09:35:18.364+0700] {processor.py:914} INFO - Processing file /opt/airflow/dags/dag_scraping_twitter.py for tasks to queue
[2026-03-08T09:35:18.367+0700] {logging_mixin.py:190} INFO - [2026-03-08T09:35:18.367+0700] {dagbag.py:587} INFO - Filling up the DagBag from /opt/airflow/dags/dag_scraping_twitter.py
[2026-03-08T09:35:18.393+0700] {processor.py:925} INFO - DAG(s) 'dag_scraping_twitter' retrieved from /opt/airflow/dags/dag_scraping_twitter.py
[2026-03-08T09:35:18.427+0700] {logging_mixin.py:190} INFO - [2026-03-08T09:35:18.427+0700] {dag.py:3211} INFO - Sync 1 DAGs
[2026-03-08T09:35:18.455+0700] {logging_mixin.py:190} INFO - [2026-03-08T09:35:18.454+0700] {dag.py:4138} INFO - Setting next_dagrun for dag_scraping_twitter to 2026-03-07 23:00:00+00:00, run_after=2026-03-08 11:00:00+00:00
[2026-03-08T09:35:18.481+0700] {processor.py:208} INFO - Processing /opt/airflow/dags/dag_scraping_twitter.py took 0.130 seconds
[2026-03-08T09:35:49.510+0700] {processor.py:186} INFO - Started process (PID=63094) to work on /opt/airflow/dags/dag_scraping_twitter.py
[2026-03-08T09:35:49.513+0700] {processor.py:914} INFO - Processing file /opt/airflow/dags/dag_scraping_twitter.py for tasks to queue
[2026-03-08T09:35:49.516+0700] {logging_mixin.py:190} INFO - [2026-03-08T09:35:49.516+0700] {dagbag.py:587} INFO - Filling up the DagBag from /opt/airflow/dags/dag_scraping_twitter.py
[2026-03-08T09:35:49.540+0700] {processor.py:925} INFO - DAG(s) 'dag_scraping_twitter' retrieved from /opt/airflow/dags/dag_scraping_twitter.py
[2026-03-08T09:35:49.570+0700] {logging_mixin.py:190} INFO - [2026-03-08T09:35:49.570+0700] {dag.py:3211} INFO - Sync 1 DAGs
[2026-03-08T09:35:49.598+0700] {logging_mixin.py:190} INFO - [2026-03-08T09:35:49.598+0700] {dag.py:4138} INFO - Setting next_dagrun for dag_scraping_twitter to 2026-03-07 23:00:00+00:00, run_after=2026-03-08 11:00:00+00:00
[2026-03-08T09:35:49.623+0700] {processor.py:208} INFO - Processing /opt/airflow/dags/dag_scraping_twitter.py took 0.119 seconds
[2026-03-08T09:36:19.724+0700] {processor.py:186} INFO - Started process (PID=63121) to work on /opt/airflow/dags/dag_scraping_twitter.py
[2026-03-08T09:36:19.727+0700] {processor.py:914} INFO - Processing file /opt/airflow/dags/dag_scraping_twitter.py for tasks to queue
[2026-03-08T09:36:19.730+0700] {logging_mixin.py:190} INFO - [2026-03-08T09:36:19.730+0700] {dagbag.py:587} INFO - Filling up the DagBag from /opt/airflow/dags/dag_scraping_twitter.py
[2026-03-08T09:36:19.756+0700] {processor.py:925} INFO - DAG(s) 'dag_scraping_twitter' retrieved from /opt/airflow/dags/dag_scraping_twitter.py
[2026-03-08T09:36:19.791+0700] {logging_mixin.py:190} INFO - [2026-03-08T09:36:19.791+0700] {dag.py:3211} INFO - Sync 1 DAGs
[2026-03-08T09:36:19.820+0700] {logging_mixin.py:190} INFO - [2026-03-08T09:36:19.820+0700] {dag.py:4138} INFO - Setting next_dagrun for dag_scraping_twitter to 2026-03-07 23:00:00+00:00, run_after=2026-03-08 11:00:00+00:00
[2026-03-08T09:36:19.844+0700] {processor.py:208} INFO - Processing /opt/airflow/dags/dag_scraping_twitter.py took 0.133 seconds
[2026-03-08T09:36:50.689+0700] {processor.py:186} INFO - Started process (PID=63150) to work on /opt/airflow/dags/dag_scraping_twitter.py
[2026-03-08T09:36:50.691+0700] {processor.py:914} INFO - Processing file /opt/airflow/dags/dag_scraping_twitter.py for tasks to queue
[2026-03-08T09:36:50.694+0700] {logging_mixin.py:190} INFO - [2026-03-08T09:36:50.694+0700] {dagbag.py:587} INFO - Filling up the DagBag from /opt/airflow/dags/dag_scraping_twitter.py
[2026-03-08T09:36:50.725+0700] {processor.py:925} INFO - DAG(s) 'dag_scraping_twitter' retrieved from /opt/airflow/dags/dag_scraping_twitter.py
[2026-03-08T09:36:50.763+0700] {logging_mixin.py:190} INFO - [2026-03-08T09:36:50.763+0700] {dag.py:3211} INFO - Sync 1 DAGs
[2026-03-08T09:36:50.795+0700] {logging_mixin.py:190} INFO - [2026-03-08T09:36:50.794+0700] {dag.py:4138} INFO - Setting next_dagrun for dag_scraping_twitter to 2026-03-07 23:00:00+00:00, run_after=2026-03-08 11:00:00+00:00
[2026-03-08T09:36:50.821+0700] {processor.py:208} INFO - Processing /opt/airflow/dags/dag_scraping_twitter.py took 0.142 seconds
[2026-03-08T09:37:21.559+0700] {processor.py:186} INFO - Started process (PID=63184) to work on /opt/airflow/dags/dag_scraping_twitter.py
[2026-03-08T09:37:21.561+0700] {processor.py:914} INFO - Processing file /opt/airflow/dags/dag_scraping_twitter.py for tasks to queue
[2026-03-08T09:37:21.563+0700] {logging_mixin.py:190} INFO - [2026-03-08T09:37:21.563+0700] {dagbag.py:587} INFO - Filling up the DagBag from /opt/airflow/dags/dag_scraping_twitter.py
[2026-03-08T09:37:21.586+0700] {processor.py:925} INFO - DAG(s) 'dag_scraping_twitter' retrieved from /opt/airflow/dags/dag_scraping_twitter.py
[2026-03-08T09:37:21.613+0700] {logging_mixin.py:190} INFO - [2026-03-08T09:37:21.613+0700] {dag.py:3211} INFO - Sync 1 DAGs
[2026-03-08T09:37:21.641+0700] {logging_mixin.py:190} INFO - [2026-03-08T09:37:21.641+0700] {dag.py:4138} INFO - Setting next_dagrun for dag_scraping_twitter to 2026-03-07 23:00:00+00:00, run_after=2026-03-08 11:00:00+00:00
[2026-03-08T09:37:21.664+0700] {processor.py:208} INFO - Processing /opt/airflow/dags/dag_scraping_twitter.py took 0.114 seconds
[2026-03-08T09:37:52.709+0700] {processor.py:186} INFO - Started process (PID=63212) to work on /opt/airflow/dags/dag_scraping_twitter.py
[2026-03-08T09:37:52.711+0700] {processor.py:914} INFO - Processing file /opt/airflow/dags/dag_scraping_twitter.py for tasks to queue
[2026-03-08T09:37:52.718+0700] {logging_mixin.py:190} INFO - [2026-03-08T09:37:52.718+0700] {dagbag.py:587} INFO - Filling up the DagBag from /opt/airflow/dags/dag_scraping_twitter.py
[2026-03-08T09:37:52.750+0700] {processor.py:925} INFO - DAG(s) 'dag_scraping_twitter' retrieved from /opt/airflow/dags/dag_scraping_twitter.py
[2026-03-08T09:37:52.799+0700] {logging_mixin.py:190} INFO - [2026-03-08T09:37:52.799+0700] {dag.py:3211} INFO - Sync 1 DAGs
[2026-03-08T09:37:52.834+0700] {logging_mixin.py:190} INFO - [2026-03-08T09:37:52.834+0700] {dag.py:4138} INFO - Setting next_dagrun for dag_scraping_twitter to 2026-03-07 23:00:00+00:00, run_after=2026-03-08 11:00:00+00:00
[2026-03-08T09:37:52.862+0700] {processor.py:208} INFO - Processing /opt/airflow/dags/dag_scraping_twitter.py took 0.162 seconds
[2026-03-08T09:38:23.653+0700] {processor.py:186} INFO - Started process (PID=63241) to work on /opt/airflow/dags/dag_scraping_twitter.py
[2026-03-08T09:38:23.658+0700] {processor.py:914} INFO - Processing file /opt/airflow/dags/dag_scraping_twitter.py for tasks to queue
[2026-03-08T09:38:23.662+0700] {logging_mixin.py:190} INFO - [2026-03-08T09:38:23.661+0700] {dagbag.py:587} INFO - Filling up the DagBag from /opt/airflow/dags/dag_scraping_twitter.py
[2026-03-08T09:38:23.706+0700] {processor.py:925} INFO - DAG(s) 'dag_scraping_twitter' retrieved from /opt/airflow/dags/dag_scraping_twitter.py
[2026-03-08T09:38:23.775+0700] {logging_mixin.py:190} INFO - [2026-03-08T09:38:23.775+0700] {dag.py:3211} INFO - Sync 1 DAGs
[2026-03-08T09:38:23.828+0700] {logging_mixin.py:190} INFO - [2026-03-08T09:38:23.828+0700] {dag.py:4138} INFO - Setting next_dagrun for dag_scraping_twitter to 2026-03-07 23:00:00+00:00, run_after=2026-03-08 11:00:00+00:00
[2026-03-08T09:38:23.858+0700] {processor.py:208} INFO - Processing /opt/airflow/dags/dag_scraping_twitter.py took 0.217 seconds
[2026-03-08T09:38:54.891+0700] {processor.py:186} INFO - Started process (PID=63269) to work on /opt/airflow/dags/dag_scraping_twitter.py
[2026-03-08T09:38:54.892+0700] {processor.py:914} INFO - Processing file /opt/airflow/dags/dag_scraping_twitter.py for tasks to queue
[2026-03-08T09:38:54.895+0700] {logging_mixin.py:190} INFO - [2026-03-08T09:38:54.895+0700] {dagbag.py:587} INFO - Filling up the DagBag from /opt/airflow/dags/dag_scraping_twitter.py
[2026-03-08T09:38:54.918+0700] {processor.py:925} INFO - DAG(s) 'dag_scraping_twitter' retrieved from /opt/airflow/dags/dag_scraping_twitter.py
[2026-03-08T09:38:54.948+0700] {logging_mixin.py:190} INFO - [2026-03-08T09:38:54.948+0700] {dag.py:3211} INFO - Sync 1 DAGs
[2026-03-08T09:38:54.979+0700] {logging_mixin.py:190} INFO - [2026-03-08T09:38:54.978+0700] {dag.py:4138} INFO - Setting next_dagrun for dag_scraping_twitter to 2026-03-07 23:00:00+00:00, run_after=2026-03-08 11:00:00+00:00
[2026-03-08T09:38:55.006+0700] {processor.py:208} INFO - Processing /opt/airflow/dags/dag_scraping_twitter.py took 0.124 seconds
[2026-03-08T09:39:25.081+0700] {processor.py:186} INFO - Started process (PID=63297) to work on /opt/airflow/dags/dag_scraping_twitter.py
[2026-03-08T09:39:25.082+0700] {processor.py:914} INFO - Processing file /opt/airflow/dags/dag_scraping_twitter.py for tasks to queue
[2026-03-08T09:39:25.086+0700] {logging_mixin.py:190} INFO - [2026-03-08T09:39:25.085+0700] {dagbag.py:587} INFO - Filling up the DagBag from /opt/airflow/dags/dag_scraping_twitter.py
[2026-03-08T09:39:25.115+0700] {processor.py:925} INFO - DAG(s) 'dag_scraping_twitter' retrieved from /opt/airflow/dags/dag_scraping_twitter.py
[2026-03-08T09:39:25.162+0700] {logging_mixin.py:190} INFO - [2026-03-08T09:39:25.162+0700] {dag.py:3211} INFO - Sync 1 DAGs
[2026-03-08T09:39:25.197+0700] {logging_mixin.py:190} INFO - [2026-03-08T09:39:25.197+0700] {dag.py:4138} INFO - Setting next_dagrun for dag_scraping_twitter to 2026-03-07 23:00:00+00:00, run_after=2026-03-08 11:00:00+00:00
[2026-03-08T09:39:25.228+0700] {processor.py:208} INFO - Processing /opt/airflow/dags/dag_scraping_twitter.py took 0.159 seconds
[2026-03-08T09:39:55.326+0700] {processor.py:186} INFO - Started process (PID=63325) to work on /opt/airflow/dags/dag_scraping_twitter.py
[2026-03-08T09:39:55.328+0700] {processor.py:914} INFO - Processing file /opt/airflow/dags/dag_scraping_twitter.py for tasks to queue
[2026-03-08T09:39:55.332+0700] {logging_mixin.py:190} INFO - [2026-03-08T09:39:55.331+0700] {dagbag.py:587} INFO - Filling up the DagBag from /opt/airflow/dags/dag_scraping_twitter.py
[2026-03-08T09:39:55.361+0700] {processor.py:925} INFO - DAG(s) 'dag_scraping_twitter' retrieved from /opt/airflow/dags/dag_scraping_twitter.py
[2026-03-08T09:39:55.396+0700] {logging_mixin.py:190} INFO - [2026-03-08T09:39:55.396+0700] {dag.py:3211} INFO - Sync 1 DAGs
[2026-03-08T09:39:55.425+0700] {logging_mixin.py:190} INFO - [2026-03-08T09:39:55.425+0700] {dag.py:4138} INFO - Setting next_dagrun for dag_scraping_twitter to 2026-03-07 23:00:00+00:00, run_after=2026-03-08 11:00:00+00:00
[2026-03-08T09:39:55.452+0700] {processor.py:208} INFO - Processing /opt/airflow/dags/dag_scraping_twitter.py took 0.137 seconds
[2026-03-08T09:40:25.986+0700] {processor.py:186} INFO - Started process (PID=63359) to work on /opt/airflow/dags/dag_scraping_twitter.py
[2026-03-08T09:40:25.987+0700] {processor.py:914} INFO - Processing file /opt/airflow/dags/dag_scraping_twitter.py for tasks to queue
[2026-03-08T09:40:25.990+0700] {logging_mixin.py:190} INFO - [2026-03-08T09:40:25.990+0700] {dagbag.py:587} INFO - Filling up the DagBag from /opt/airflow/dags/dag_scraping_twitter.py
[2026-03-08T09:40:26.017+0700] {processor.py:925} INFO - DAG(s) 'dag_scraping_twitter' retrieved from /opt/airflow/dags/dag_scraping_twitter.py
[2026-03-08T09:40:26.044+0700] {logging_mixin.py:190} INFO - [2026-03-08T09:40:26.044+0700] {dag.py:3211} INFO - Sync 1 DAGs
[2026-03-08T09:40:26.071+0700] {logging_mixin.py:190} INFO - [2026-03-08T09:40:26.070+0700] {dag.py:4138} INFO - Setting next_dagrun for dag_scraping_twitter to 2026-03-07 23:00:00+00:00, run_after=2026-03-08 11:00:00+00:00
[2026-03-08T09:40:26.093+0700] {processor.py:208} INFO - Processing /opt/airflow/dags/dag_scraping_twitter.py took 0.114 seconds
[2026-03-08T09:40:57.082+0700] {processor.py:186} INFO - Started process (PID=63387) to work on /opt/airflow/dags/dag_scraping_twitter.py
[2026-03-08T09:40:57.084+0700] {processor.py:914} INFO - Processing file /opt/airflow/dags/dag_scraping_twitter.py for tasks to queue
[2026-03-08T09:40:57.088+0700] {logging_mixin.py:190} INFO - [2026-03-08T09:40:57.088+0700] {dagbag.py:587} INFO - Filling up the DagBag from /opt/airflow/dags/dag_scraping_twitter.py
[2026-03-08T09:40:57.117+0700] {processor.py:925} INFO - DAG(s) 'dag_scraping_twitter' retrieved from /opt/airflow/dags/dag_scraping_twitter.py
[2026-03-08T09:40:57.161+0700] {logging_mixin.py:190} INFO - [2026-03-08T09:40:57.160+0700] {dag.py:3211} INFO - Sync 1 DAGs
[2026-03-08T09:40:57.198+0700] {logging_mixin.py:190} INFO - [2026-03-08T09:40:57.198+0700] {dag.py:4138} INFO - Setting next_dagrun for dag_scraping_twitter to 2026-03-07 23:00:00+00:00, run_after=2026-03-08 11:00:00+00:00
[2026-03-08T09:40:57.244+0700] {processor.py:208} INFO - Processing /opt/airflow/dags/dag_scraping_twitter.py took 0.172 seconds
[2026-03-08T09:41:28.003+0700] {processor.py:186} INFO - Started process (PID=63416) to work on /opt/airflow/dags/dag_scraping_twitter.py
[2026-03-08T09:41:28.005+0700] {processor.py:914} INFO - Processing file /opt/airflow/dags/dag_scraping_twitter.py for tasks to queue
[2026-03-08T09:41:28.008+0700] {logging_mixin.py:190} INFO - [2026-03-08T09:41:28.008+0700] {dagbag.py:587} INFO - Filling up the DagBag from /opt/airflow/dags/dag_scraping_twitter.py
[2026-03-08T09:41:28.031+0700] {processor.py:925} INFO - DAG(s) 'dag_scraping_twitter' retrieved from /opt/airflow/dags/dag_scraping_twitter.py
[2026-03-08T09:41:28.059+0700] {logging_mixin.py:190} INFO - [2026-03-08T09:41:28.059+0700] {dag.py:3211} INFO - Sync 1 DAGs
[2026-03-08T09:41:28.083+0700] {logging_mixin.py:190} INFO - [2026-03-08T09:41:28.083+0700] {dag.py:4138} INFO - Setting next_dagrun for dag_scraping_twitter to 2026-03-07 23:00:00+00:00, run_after=2026-03-08 11:00:00+00:00
[2026-03-08T09:41:28.106+0700] {processor.py:208} INFO - Processing /opt/airflow/dags/dag_scraping_twitter.py took 0.110 seconds
[2026-03-08T09:41:58.880+0700] {processor.py:186} INFO - Started process (PID=63444) to work on /opt/airflow/dags/dag_scraping_twitter.py
[2026-03-08T09:41:58.884+0700] {processor.py:914} INFO - Processing file /opt/airflow/dags/dag_scraping_twitter.py for tasks to queue
[2026-03-08T09:41:58.889+0700] {logging_mixin.py:190} INFO - [2026-03-08T09:41:58.888+0700] {dagbag.py:587} INFO - Filling up the DagBag from /opt/airflow/dags/dag_scraping_twitter.py
[2026-03-08T09:41:58.916+0700] {processor.py:925} INFO - DAG(s) 'dag_scraping_twitter' retrieved from /opt/airflow/dags/dag_scraping_twitter.py
[2026-03-08T09:41:58.950+0700] {logging_mixin.py:190} INFO - [2026-03-08T09:41:58.950+0700] {dag.py:3211} INFO - Sync 1 DAGs
[2026-03-08T09:41:58.987+0700] {logging_mixin.py:190} INFO - [2026-03-08T09:41:58.986+0700] {dag.py:4138} INFO - Setting next_dagrun for dag_scraping_twitter to 2026-03-07 23:00:00+00:00, run_after=2026-03-08 11:00:00+00:00
[2026-03-08T09:41:59.009+0700] {processor.py:208} INFO - Processing /opt/airflow/dags/dag_scraping_twitter.py took 0.138 seconds
[2026-03-08T09:42:30.028+0700] {processor.py:186} INFO - Started process (PID=63478) to work on /opt/airflow/dags/dag_scraping_twitter.py
[2026-03-08T09:42:30.029+0700] {processor.py:914} INFO - Processing file /opt/airflow/dags/dag_scraping_twitter.py for tasks to queue
[2026-03-08T09:42:30.032+0700] {logging_mixin.py:190} INFO - [2026-03-08T09:42:30.032+0700] {dagbag.py:587} INFO - Filling up the DagBag from /opt/airflow/dags/dag_scraping_twitter.py
[2026-03-08T09:42:30.060+0700] {processor.py:925} INFO - DAG(s) 'dag_scraping_twitter' retrieved from /opt/airflow/dags/dag_scraping_twitter.py
[2026-03-08T09:42:30.088+0700] {logging_mixin.py:190} INFO - [2026-03-08T09:42:30.087+0700] {dag.py:3211} INFO - Sync 1 DAGs
[2026-03-08T09:42:30.121+0700] {logging_mixin.py:190} INFO - [2026-03-08T09:42:30.120+0700] {dag.py:4138} INFO - Setting next_dagrun for dag_scraping_twitter to 2026-03-07 23:00:00+00:00, run_after=2026-03-08 11:00:00+00:00
[2026-03-08T09:42:30.143+0700] {processor.py:208} INFO - Processing /opt/airflow/dags/dag_scraping_twitter.py took 0.126 seconds
[2026-03-08T09:43:01.162+0700] {processor.py:186} INFO - Started process (PID=63506) to work on /opt/airflow/dags/dag_scraping_twitter.py
[2026-03-08T09:43:01.164+0700] {processor.py:914} INFO - Processing file /opt/airflow/dags/dag_scraping_twitter.py for tasks to queue
[2026-03-08T09:43:01.167+0700] {logging_mixin.py:190} INFO - [2026-03-08T09:43:01.167+0700] {dagbag.py:587} INFO - Filling up the DagBag from /opt/airflow/dags/dag_scraping_twitter.py
[2026-03-08T09:43:01.191+0700] {processor.py:925} INFO - DAG(s) 'dag_scraping_twitter' retrieved from /opt/airflow/dags/dag_scraping_twitter.py
[2026-03-08T09:43:01.225+0700] {logging_mixin.py:190} INFO - [2026-03-08T09:43:01.224+0700] {dag.py:3211} INFO - Sync 1 DAGs
[2026-03-08T09:43:01.252+0700] {logging_mixin.py:190} INFO - [2026-03-08T09:43:01.251+0700] {dag.py:4138} INFO - Setting next_dagrun for dag_scraping_twitter to 2026-03-07 23:00:00+00:00, run_after=2026-03-08 11:00:00+00:00
[2026-03-08T09:43:01.275+0700] {processor.py:208} INFO - Processing /opt/airflow/dags/dag_scraping_twitter.py took 0.122 seconds
[2026-03-08T09:43:32.289+0700] {processor.py:186} INFO - Started process (PID=63534) to work on /opt/airflow/dags/dag_scraping_twitter.py
[2026-03-08T09:43:32.290+0700] {processor.py:914} INFO - Processing file /opt/airflow/dags/dag_scraping_twitter.py for tasks to queue
[2026-03-08T09:43:32.294+0700] {logging_mixin.py:190} INFO - [2026-03-08T09:43:32.294+0700] {dagbag.py:587} INFO - Filling up the DagBag from /opt/airflow/dags/dag_scraping_twitter.py
[2026-03-08T09:43:32.317+0700] {processor.py:925} INFO - DAG(s) 'dag_scraping_twitter' retrieved from /opt/airflow/dags/dag_scraping_twitter.py
[2026-03-08T09:43:32.348+0700] {logging_mixin.py:190} INFO - [2026-03-08T09:43:32.348+0700] {dag.py:3211} INFO - Sync 1 DAGs
[2026-03-08T09:43:32.378+0700] {logging_mixin.py:190} INFO - [2026-03-08T09:43:32.378+0700] {dag.py:4138} INFO - Setting next_dagrun for dag_scraping_twitter to 2026-03-07 23:00:00+00:00, run_after=2026-03-08 11:00:00+00:00
[2026-03-08T09:43:32.398+0700] {processor.py:208} INFO - Processing /opt/airflow/dags/dag_scraping_twitter.py took 0.116 seconds
[2026-03-08T09:44:03.377+0700] {processor.py:186} INFO - Started process (PID=63562) to work on /opt/airflow/dags/dag_scraping_twitter.py
[2026-03-08T09:44:03.379+0700] {processor.py:914} INFO - Processing file /opt/airflow/dags/dag_scraping_twitter.py for tasks to queue
[2026-03-08T09:44:03.381+0700] {logging_mixin.py:190} INFO - [2026-03-08T09:44:03.381+0700] {dagbag.py:587} INFO - Filling up the DagBag from /opt/airflow/dags/dag_scraping_twitter.py
[2026-03-08T09:44:03.405+0700] {processor.py:925} INFO - DAG(s) 'dag_scraping_twitter' retrieved from /opt/airflow/dags/dag_scraping_twitter.py
[2026-03-08T09:44:03.432+0700] {logging_mixin.py:190} INFO - [2026-03-08T09:44:03.432+0700] {dag.py:3211} INFO - Sync 1 DAGs
[2026-03-08T09:44:03.459+0700] {logging_mixin.py:190} INFO - [2026-03-08T09:44:03.459+0700] {dag.py:4138} INFO - Setting next_dagrun for dag_scraping_twitter to 2026-03-07 23:00:00+00:00, run_after=2026-03-08 11:00:00+00:00
[2026-03-08T09:44:03.481+0700] {processor.py:208} INFO - Processing /opt/airflow/dags/dag_scraping_twitter.py took 0.113 seconds
[2026-03-08T09:44:34.418+0700] {processor.py:186} INFO - Started process (PID=63596) to work on /opt/airflow/dags/dag_scraping_twitter.py
[2026-03-08T09:44:34.420+0700] {processor.py:914} INFO - Processing file /opt/airflow/dags/dag_scraping_twitter.py for tasks to queue
[2026-03-08T09:44:34.424+0700] {logging_mixin.py:190} INFO - [2026-03-08T09:44:34.423+0700] {dagbag.py:587} INFO - Filling up the DagBag from /opt/airflow/dags/dag_scraping_twitter.py
[2026-03-08T09:44:34.454+0700] {processor.py:925} INFO - DAG(s) 'dag_scraping_twitter' retrieved from /opt/airflow/dags/dag_scraping_twitter.py
[2026-03-08T09:44:34.485+0700] {logging_mixin.py:190} INFO - [2026-03-08T09:44:34.485+0700] {dag.py:3211} INFO - Sync 1 DAGs
[2026-03-08T09:44:34.516+0700] {logging_mixin.py:190} INFO - [2026-03-08T09:44:34.516+0700] {dag.py:4138} INFO - Setting next_dagrun for dag_scraping_twitter to 2026-03-07 23:00:00+00:00, run_after=2026-03-08 11:00:00+00:00
[2026-03-08T09:44:34.539+0700] {processor.py:208} INFO - Processing /opt/airflow/dags/dag_scraping_twitter.py took 0.130 seconds
[2026-03-08T09:45:05.306+0700] {processor.py:186} INFO - Started process (PID=63624) to work on /opt/airflow/dags/dag_scraping_twitter.py
[2026-03-08T09:45:05.307+0700] {processor.py:914} INFO - Processing file /opt/airflow/dags/dag_scraping_twitter.py for tasks to queue
[2026-03-08T09:45:05.311+0700] {logging_mixin.py:190} INFO - [2026-03-08T09:45:05.311+0700] {dagbag.py:587} INFO - Filling up the DagBag from /opt/airflow/dags/dag_scraping_twitter.py
[2026-03-08T09:45:05.343+0700] {processor.py:925} INFO - DAG(s) 'dag_scraping_twitter' retrieved from /opt/airflow/dags/dag_scraping_twitter.py
[2026-03-08T09:45:05.380+0700] {logging_mixin.py:190} INFO - [2026-03-08T09:45:05.380+0700] {dag.py:3211} INFO - Sync 1 DAGs
[2026-03-08T09:45:05.415+0700] {logging_mixin.py:190} INFO - [2026-03-08T09:45:05.415+0700] {dag.py:4138} INFO - Setting next_dagrun for dag_scraping_twitter to 2026-03-07 23:00:00+00:00, run_after=2026-03-08 11:00:00+00:00
[2026-03-08T09:45:05.440+0700] {processor.py:208} INFO - Processing /opt/airflow/dags/dag_scraping_twitter.py took 0.142 seconds
[2026-03-08T09:45:35.638+0700] {processor.py:186} INFO - Started process (PID=63651) to work on /opt/airflow/dags/dag_scraping_twitter.py
[2026-03-08T09:45:35.639+0700] {processor.py:914} INFO - Processing file /opt/airflow/dags/dag_scraping_twitter.py for tasks to queue
[2026-03-08T09:45:35.642+0700] {logging_mixin.py:190} INFO - [2026-03-08T09:45:35.641+0700] {dagbag.py:587} INFO - Filling up the DagBag from /opt/airflow/dags/dag_scraping_twitter.py
[2026-03-08T09:45:35.664+0700] {processor.py:925} INFO - DAG(s) 'dag_scraping_twitter' retrieved from /opt/airflow/dags/dag_scraping_twitter.py
[2026-03-08T09:45:35.695+0700] {logging_mixin.py:190} INFO - [2026-03-08T09:45:35.695+0700] {dag.py:3211} INFO - Sync 1 DAGs
[2026-03-08T09:45:35.722+0700] {logging_mixin.py:190} INFO - [2026-03-08T09:45:35.722+0700] {dag.py:4138} INFO - Setting next_dagrun for dag_scraping_twitter to 2026-03-07 23:00:00+00:00, run_after=2026-03-08 11:00:00+00:00
[2026-03-08T09:45:35.751+0700] {processor.py:208} INFO - Processing /opt/airflow/dags/dag_scraping_twitter.py took 0.121 seconds
[2026-03-08T09:46:06.712+0700] {processor.py:186} INFO - Started process (PID=63679) to work on /opt/airflow/dags/dag_scraping_twitter.py
[2026-03-08T09:46:06.714+0700] {processor.py:914} INFO - Processing file /opt/airflow/dags/dag_scraping_twitter.py for tasks to queue
[2026-03-08T09:46:06.718+0700] {logging_mixin.py:190} INFO - [2026-03-08T09:46:06.717+0700] {dagbag.py:587} INFO - Filling up the DagBag from /opt/airflow/dags/dag_scraping_twitter.py
[2026-03-08T09:46:06.743+0700] {processor.py:925} INFO - DAG(s) 'dag_scraping_twitter' retrieved from /opt/airflow/dags/dag_scraping_twitter.py
[2026-03-08T09:46:06.774+0700] {logging_mixin.py:190} INFO - [2026-03-08T09:46:06.774+0700] {dag.py:3211} INFO - Sync 1 DAGs
[2026-03-08T09:46:06.805+0700] {logging_mixin.py:190} INFO - [2026-03-08T09:46:06.804+0700] {dag.py:4138} INFO - Setting next_dagrun for dag_scraping_twitter to 2026-03-07 23:00:00+00:00, run_after=2026-03-08 11:00:00+00:00
[2026-03-08T09:46:06.827+0700] {processor.py:208} INFO - Processing /opt/airflow/dags/dag_scraping_twitter.py took 0.124 seconds
[2026-03-08T09:46:36.990+0700] {processor.py:186} INFO - Started process (PID=63708) to work on /opt/airflow/dags/dag_scraping_twitter.py
[2026-03-08T09:46:36.996+0700] {processor.py:914} INFO - Processing file /opt/airflow/dags/dag_scraping_twitter.py for tasks to queue
[2026-03-08T09:46:36.999+0700] {logging_mixin.py:190} INFO - [2026-03-08T09:46:36.999+0700] {dagbag.py:587} INFO - Filling up the DagBag from /opt/airflow/dags/dag_scraping_twitter.py
[2026-03-08T09:46:37.030+0700] {processor.py:925} INFO - DAG(s) 'dag_scraping_twitter' retrieved from /opt/airflow/dags/dag_scraping_twitter.py
[2026-03-08T09:46:37.057+0700] {logging_mixin.py:190} INFO - [2026-03-08T09:46:37.057+0700] {dag.py:3211} INFO - Sync 1 DAGs
[2026-03-08T09:46:37.086+0700] {logging_mixin.py:190} INFO - [2026-03-08T09:46:37.085+0700] {dag.py:4138} INFO - Setting next_dagrun for dag_scraping_twitter to 2026-03-07 23:00:00+00:00, run_after=2026-03-08 11:00:00+00:00
[2026-03-08T09:46:37.111+0700] {processor.py:208} INFO - Processing /opt/airflow/dags/dag_scraping_twitter.py took 0.131 seconds
[2026-03-08T09:47:07.492+0700] {processor.py:186} INFO - Started process (PID=63742) to work on /opt/airflow/dags/dag_scraping_twitter.py
[2026-03-08T09:47:07.493+0700] {processor.py:914} INFO - Processing file /opt/airflow/dags/dag_scraping_twitter.py for tasks to queue
[2026-03-08T09:47:07.499+0700] {logging_mixin.py:190} INFO - [2026-03-08T09:47:07.499+0700] {dagbag.py:587} INFO - Filling up the DagBag from /opt/airflow/dags/dag_scraping_twitter.py
[2026-03-08T09:47:07.535+0700] {processor.py:925} INFO - DAG(s) 'dag_scraping_twitter' retrieved from /opt/airflow/dags/dag_scraping_twitter.py
[2026-03-08T09:47:07.568+0700] {logging_mixin.py:190} INFO - [2026-03-08T09:47:07.567+0700] {dag.py:3211} INFO - Sync 1 DAGs
[2026-03-08T09:47:07.599+0700] {logging_mixin.py:190} INFO - [2026-03-08T09:47:07.599+0700] {dag.py:4138} INFO - Setting next_dagrun for dag_scraping_twitter to 2026-03-07 23:00:00+00:00, run_after=2026-03-08 11:00:00+00:00
[2026-03-08T09:47:07.630+0700] {processor.py:208} INFO - Processing /opt/airflow/dags/dag_scraping_twitter.py took 0.154 seconds
[2026-03-08T09:47:38.583+0700] {processor.py:186} INFO - Started process (PID=63770) to work on /opt/airflow/dags/dag_scraping_twitter.py
[2026-03-08T09:47:38.585+0700] {processor.py:914} INFO - Processing file /opt/airflow/dags/dag_scraping_twitter.py for tasks to queue
[2026-03-08T09:47:38.590+0700] {logging_mixin.py:190} INFO - [2026-03-08T09:47:38.589+0700] {dagbag.py:587} INFO - Filling up the DagBag from /opt/airflow/dags/dag_scraping_twitter.py
[2026-03-08T09:47:38.626+0700] {processor.py:925} INFO - DAG(s) 'dag_scraping_twitter' retrieved from /opt/airflow/dags/dag_scraping_twitter.py
[2026-03-08T09:47:38.660+0700] {logging_mixin.py:190} INFO - [2026-03-08T09:47:38.660+0700] {dag.py:3211} INFO - Sync 1 DAGs
[2026-03-08T09:47:38.690+0700] {logging_mixin.py:190} INFO - [2026-03-08T09:47:38.690+0700] {dag.py:4138} INFO - Setting next_dagrun for dag_scraping_twitter to 2026-03-07 23:00:00+00:00, run_after=2026-03-08 11:00:00+00:00
[2026-03-08T09:47:38.714+0700] {processor.py:208} INFO - Processing /opt/airflow/dags/dag_scraping_twitter.py took 0.141 seconds
[2026-03-08T09:48:09.686+0700] {processor.py:186} INFO - Started process (PID=63798) to work on /opt/airflow/dags/dag_scraping_twitter.py
[2026-03-08T09:48:09.688+0700] {processor.py:914} INFO - Processing file /opt/airflow/dags/dag_scraping_twitter.py for tasks to queue
[2026-03-08T09:48:09.690+0700] {logging_mixin.py:190} INFO - [2026-03-08T09:48:09.690+0700] {dagbag.py:587} INFO - Filling up the DagBag from /opt/airflow/dags/dag_scraping_twitter.py
[2026-03-08T09:48:09.718+0700] {processor.py:925} INFO - DAG(s) 'dag_scraping_twitter' retrieved from /opt/airflow/dags/dag_scraping_twitter.py
[2026-03-08T09:48:09.749+0700] {logging_mixin.py:190} INFO - [2026-03-08T09:48:09.748+0700] {dag.py:3211} INFO - Sync 1 DAGs
[2026-03-08T09:48:09.775+0700] {logging_mixin.py:190} INFO - [2026-03-08T09:48:09.774+0700] {dag.py:4138} INFO - Setting next_dagrun for dag_scraping_twitter to 2026-03-07 23:00:00+00:00, run_after=2026-03-08 11:00:00+00:00
[2026-03-08T09:48:09.801+0700] {processor.py:208} INFO - Processing /opt/airflow/dags/dag_scraping_twitter.py took 0.123 seconds
[2026-03-08T09:48:39.986+0700] {processor.py:186} INFO - Started process (PID=63826) to work on /opt/airflow/dags/dag_scraping_twitter.py
[2026-03-08T09:48:39.987+0700] {processor.py:914} INFO - Processing file /opt/airflow/dags/dag_scraping_twitter.py for tasks to queue
[2026-03-08T09:48:39.990+0700] {logging_mixin.py:190} INFO - [2026-03-08T09:48:39.990+0700] {dagbag.py:587} INFO - Filling up the DagBag from /opt/airflow/dags/dag_scraping_twitter.py
[2026-03-08T09:48:40.015+0700] {processor.py:925} INFO - DAG(s) 'dag_scraping_twitter' retrieved from /opt/airflow/dags/dag_scraping_twitter.py
[2026-03-08T09:48:40.046+0700] {logging_mixin.py:190} INFO - [2026-03-08T09:48:40.045+0700] {dag.py:3211} INFO - Sync 1 DAGs
[2026-03-08T09:48:40.072+0700] {logging_mixin.py:190} INFO - [2026-03-08T09:48:40.072+0700] {dag.py:4138} INFO - Setting next_dagrun for dag_scraping_twitter to 2026-03-07 23:00:00+00:00, run_after=2026-03-08 11:00:00+00:00
[2026-03-08T09:48:40.095+0700] {processor.py:208} INFO - Processing /opt/airflow/dags/dag_scraping_twitter.py took 0.121 seconds
[2026-03-08T09:49:10.991+0700] {processor.py:186} INFO - Started process (PID=63854) to work on /opt/airflow/dags/dag_scraping_twitter.py
[2026-03-08T09:49:10.992+0700] {processor.py:914} INFO - Processing file /opt/airflow/dags/dag_scraping_twitter.py for tasks to queue
[2026-03-08T09:49:10.996+0700] {logging_mixin.py:190} INFO - [2026-03-08T09:49:10.995+0700] {dagbag.py:587} INFO - Filling up the DagBag from /opt/airflow/dags/dag_scraping_twitter.py
[2026-03-08T09:49:11.023+0700] {processor.py:925} INFO - DAG(s) 'dag_scraping_twitter' retrieved from /opt/airflow/dags/dag_scraping_twitter.py
[2026-03-08T09:49:11.053+0700] {logging_mixin.py:190} INFO - [2026-03-08T09:49:11.052+0700] {dag.py:3211} INFO - Sync 1 DAGs
[2026-03-08T09:49:11.082+0700] {logging_mixin.py:190} INFO - [2026-03-08T09:49:11.081+0700] {dag.py:4138} INFO - Setting next_dagrun for dag_scraping_twitter to 2026-03-07 23:00:00+00:00, run_after=2026-03-08 11:00:00+00:00
[2026-03-08T09:49:11.109+0700] {processor.py:208} INFO - Processing /opt/airflow/dags/dag_scraping_twitter.py took 0.127 seconds
[2026-03-08T09:49:41.240+0700] {processor.py:186} INFO - Started process (PID=63888) to work on /opt/airflow/dags/dag_scraping_twitter.py
[2026-03-08T09:49:41.242+0700] {processor.py:914} INFO - Processing file /opt/airflow/dags/dag_scraping_twitter.py for tasks to queue
[2026-03-08T09:49:41.245+0700] {logging_mixin.py:190} INFO - [2026-03-08T09:49:41.245+0700] {dagbag.py:587} INFO - Filling up the DagBag from /opt/airflow/dags/dag_scraping_twitter.py
[2026-03-08T09:49:41.269+0700] {processor.py:925} INFO - DAG(s) 'dag_scraping_twitter' retrieved from /opt/airflow/dags/dag_scraping_twitter.py
[2026-03-08T09:49:41.296+0700] {logging_mixin.py:190} INFO - [2026-03-08T09:49:41.296+0700] {dag.py:3211} INFO - Sync 1 DAGs
[2026-03-08T09:49:41.323+0700] {logging_mixin.py:190} INFO - [2026-03-08T09:49:41.322+0700] {dag.py:4138} INFO - Setting next_dagrun for dag_scraping_twitter to 2026-03-07 23:00:00+00:00, run_after=2026-03-08 11:00:00+00:00
[2026-03-08T09:49:41.347+0700] {processor.py:208} INFO - Processing /opt/airflow/dags/dag_scraping_twitter.py took 0.115 seconds
[2026-03-08T09:50:12.221+0700] {processor.py:186} INFO - Started process (PID=63916) to work on /opt/airflow/dags/dag_scraping_twitter.py
[2026-03-08T09:50:12.223+0700] {processor.py:914} INFO - Processing file /opt/airflow/dags/dag_scraping_twitter.py for tasks to queue
[2026-03-08T09:50:12.227+0700] {logging_mixin.py:190} INFO - [2026-03-08T09:50:12.226+0700] {dagbag.py:587} INFO - Filling up the DagBag from /opt/airflow/dags/dag_scraping_twitter.py
[2026-03-08T09:50:12.256+0700] {processor.py:925} INFO - DAG(s) 'dag_scraping_twitter' retrieved from /opt/airflow/dags/dag_scraping_twitter.py
[2026-03-08T09:50:12.298+0700] {logging_mixin.py:190} INFO - [2026-03-08T09:50:12.298+0700] {dag.py:3211} INFO - Sync 1 DAGs
[2026-03-08T09:50:12.335+0700] {logging_mixin.py:190} INFO - [2026-03-08T09:50:12.334+0700] {dag.py:4138} INFO - Setting next_dagrun for dag_scraping_twitter to 2026-03-07 23:00:00+00:00, run_after=2026-03-08 11:00:00+00:00
[2026-03-08T09:50:12.364+0700] {processor.py:208} INFO - Processing /opt/airflow/dags/dag_scraping_twitter.py took 0.152 seconds
[2026-03-08T09:50:43.276+0700] {processor.py:186} INFO - Started process (PID=63945) to work on /opt/airflow/dags/dag_scraping_twitter.py
[2026-03-08T09:50:43.280+0700] {processor.py:914} INFO - Processing file /opt/airflow/dags/dag_scraping_twitter.py for tasks to queue
[2026-03-08T09:50:43.283+0700] {logging_mixin.py:190} INFO - [2026-03-08T09:50:43.282+0700] {dagbag.py:587} INFO - Filling up the DagBag from /opt/airflow/dags/dag_scraping_twitter.py
[2026-03-08T09:50:43.311+0700] {processor.py:925} INFO - DAG(s) 'dag_scraping_twitter' retrieved from /opt/airflow/dags/dag_scraping_twitter.py
[2026-03-08T09:50:43.345+0700] {logging_mixin.py:190} INFO - [2026-03-08T09:50:43.345+0700] {dag.py:3211} INFO - Sync 1 DAGs
[2026-03-08T09:50:43.376+0700] {logging_mixin.py:190} INFO - [2026-03-08T09:50:43.376+0700] {dag.py:4138} INFO - Setting next_dagrun for dag_scraping_twitter to 2026-03-07 23:00:00+00:00, run_after=2026-03-08 11:00:00+00:00
[2026-03-08T09:50:43.403+0700] {processor.py:208} INFO - Processing /opt/airflow/dags/dag_scraping_twitter.py took 0.138 seconds
[2026-03-08T09:51:14.433+0700] {processor.py:186} INFO - Started process (PID=63974) to work on /opt/airflow/dags/dag_scraping_twitter.py
[2026-03-08T09:51:14.435+0700] {processor.py:914} INFO - Processing file /opt/airflow/dags/dag_scraping_twitter.py for tasks to queue
[2026-03-08T09:51:14.439+0700] {logging_mixin.py:190} INFO - [2026-03-08T09:51:14.438+0700] {dagbag.py:587} INFO - Filling up the DagBag from /opt/airflow/dags/dag_scraping_twitter.py
[2026-03-08T09:51:14.464+0700] {processor.py:925} INFO - DAG(s) 'dag_scraping_twitter' retrieved from /opt/airflow/dags/dag_scraping_twitter.py
[2026-03-08T09:51:14.493+0700] {logging_mixin.py:190} INFO - [2026-03-08T09:51:14.493+0700] {dag.py:3211} INFO - Sync 1 DAGs
[2026-03-08T09:51:14.518+0700] {logging_mixin.py:190} INFO - [2026-03-08T09:51:14.518+0700] {dag.py:4138} INFO - Setting next_dagrun for dag_scraping_twitter to 2026-03-07 23:00:00+00:00, run_after=2026-03-08 11:00:00+00:00
[2026-03-08T09:51:14.541+0700] {processor.py:208} INFO - Processing /opt/airflow/dags/dag_scraping_twitter.py took 0.115 seconds
[2026-03-08T09:51:44.863+0700] {processor.py:186} INFO - Started process (PID=64002) to work on /opt/airflow/dags/dag_scraping_twitter.py
[2026-03-08T09:51:44.865+0700] {processor.py:914} INFO - Processing file /opt/airflow/dags/dag_scraping_twitter.py for tasks to queue
[2026-03-08T09:51:44.868+0700] {logging_mixin.py:190} INFO - [2026-03-08T09:51:44.867+0700] {dagbag.py:587} INFO - Filling up the DagBag from /opt/airflow/dags/dag_scraping_twitter.py
[2026-03-08T09:51:44.890+0700] {processor.py:925} INFO - DAG(s) 'dag_scraping_twitter' retrieved from /opt/airflow/dags/dag_scraping_twitter.py
[2026-03-08T09:51:44.921+0700] {logging_mixin.py:190} INFO - [2026-03-08T09:51:44.921+0700] {dag.py:3211} INFO - Sync 1 DAGs
[2026-03-08T09:51:44.944+0700] {logging_mixin.py:190} INFO - [2026-03-08T09:51:44.944+0700] {dag.py:4138} INFO - Setting next_dagrun for dag_scraping_twitter to 2026-03-07 23:00:00+00:00, run_after=2026-03-08 11:00:00+00:00
[2026-03-08T09:51:44.966+0700] {processor.py:208} INFO - Processing /opt/airflow/dags/dag_scraping_twitter.py took 0.114 seconds
[2026-03-08T09:52:15.840+0700] {processor.py:186} INFO - Started process (PID=64036) to work on /opt/airflow/dags/dag_scraping_twitter.py
[2026-03-08T09:52:15.841+0700] {processor.py:914} INFO - Processing file /opt/airflow/dags/dag_scraping_twitter.py for tasks to queue
[2026-03-08T09:52:15.844+0700] {logging_mixin.py:190} INFO - [2026-03-08T09:52:15.844+0700] {dagbag.py:587} INFO - Filling up the DagBag from /opt/airflow/dags/dag_scraping_twitter.py
[2026-03-08T09:52:15.871+0700] {processor.py:925} INFO - DAG(s) 'dag_scraping_twitter' retrieved from /opt/airflow/dags/dag_scraping_twitter.py
[2026-03-08T09:52:15.900+0700] {logging_mixin.py:190} INFO - [2026-03-08T09:52:15.900+0700] {dag.py:3211} INFO - Sync 1 DAGs
[2026-03-08T09:52:15.927+0700] {logging_mixin.py:190} INFO - [2026-03-08T09:52:15.927+0700] {dag.py:4138} INFO - Setting next_dagrun for dag_scraping_twitter to 2026-03-07 23:00:00+00:00, run_after=2026-03-08 11:00:00+00:00
[2026-03-08T09:52:15.951+0700] {processor.py:208} INFO - Processing /opt/airflow/dags/dag_scraping_twitter.py took 0.120 seconds
[2026-03-08T09:54:46.930+0700] {processor.py:186} INFO - Started process (PID=64058) to work on /opt/airflow/dags/dag_scraping_twitter.py
[2026-03-08T09:54:46.931+0700] {processor.py:914} INFO - Processing file /opt/airflow/dags/dag_scraping_twitter.py for tasks to queue
[2026-03-08T09:54:46.935+0700] {logging_mixin.py:190} INFO - [2026-03-08T09:54:46.935+0700] {dagbag.py:587} INFO - Filling up the DagBag from /opt/airflow/dags/dag_scraping_twitter.py
[2026-03-08T09:54:46.968+0700] {processor.py:925} INFO - DAG(s) 'dag_scraping_twitter' retrieved from /opt/airflow/dags/dag_scraping_twitter.py
[2026-03-08T09:54:47.014+0700] {logging_mixin.py:190} INFO - [2026-03-08T09:54:47.014+0700] {dag.py:3211} INFO - Sync 1 DAGs
[2026-03-08T09:54:47.049+0700] {logging_mixin.py:190} INFO - [2026-03-08T09:54:47.049+0700] {dag.py:4138} INFO - Setting next_dagrun for dag_scraping_twitter to 2026-03-07 23:00:00+00:00, run_after=2026-03-08 11:00:00+00:00
[2026-03-08T09:54:47.080+0700] {processor.py:208} INFO - Processing /opt/airflow/dags/dag_scraping_twitter.py took 0.183 seconds
[2026-03-08T09:55:17.896+0700] {processor.py:186} INFO - Started process (PID=64086) to work on /opt/airflow/dags/dag_scraping_twitter.py
[2026-03-08T09:55:17.897+0700] {processor.py:914} INFO - Processing file /opt/airflow/dags/dag_scraping_twitter.py for tasks to queue
[2026-03-08T09:55:17.901+0700] {logging_mixin.py:190} INFO - [2026-03-08T09:55:17.901+0700] {dagbag.py:587} INFO - Filling up the DagBag from /opt/airflow/dags/dag_scraping_twitter.py
[2026-03-08T09:55:17.931+0700] {processor.py:925} INFO - DAG(s) 'dag_scraping_twitter' retrieved from /opt/airflow/dags/dag_scraping_twitter.py
[2026-03-08T09:55:17.960+0700] {logging_mixin.py:190} INFO - [2026-03-08T09:55:17.960+0700] {dag.py:3211} INFO - Sync 1 DAGs
[2026-03-08T09:55:17.988+0700] {logging_mixin.py:190} INFO - [2026-03-08T09:55:17.987+0700] {dag.py:4138} INFO - Setting next_dagrun for dag_scraping_twitter to 2026-03-07 23:00:00+00:00, run_after=2026-03-08 11:00:00+00:00
[2026-03-08T09:55:18.012+0700] {processor.py:208} INFO - Processing /opt/airflow/dags/dag_scraping_twitter.py took 0.126 seconds
[2026-03-08T09:55:48.646+0700] {processor.py:186} INFO - Started process (PID=64114) to work on /opt/airflow/dags/dag_scraping_twitter.py
[2026-03-08T09:55:48.648+0700] {processor.py:914} INFO - Processing file /opt/airflow/dags/dag_scraping_twitter.py for tasks to queue
[2026-03-08T09:55:48.651+0700] {logging_mixin.py:190} INFO - [2026-03-08T09:55:48.651+0700] {dagbag.py:587} INFO - Filling up the DagBag from /opt/airflow/dags/dag_scraping_twitter.py
[2026-03-08T09:55:48.682+0700] {processor.py:925} INFO - DAG(s) 'dag_scraping_twitter' retrieved from /opt/airflow/dags/dag_scraping_twitter.py
[2026-03-08T09:55:48.720+0700] {logging_mixin.py:190} INFO - [2026-03-08T09:55:48.720+0700] {dag.py:3211} INFO - Sync 1 DAGs
[2026-03-08T09:55:48.756+0700] {logging_mixin.py:190} INFO - [2026-03-08T09:55:48.756+0700] {dag.py:4138} INFO - Setting next_dagrun for dag_scraping_twitter to 2026-03-07 23:00:00+00:00, run_after=2026-03-08 11:00:00+00:00
[2026-03-08T09:55:48.785+0700] {processor.py:208} INFO - Processing /opt/airflow/dags/dag_scraping_twitter.py took 0.149 seconds
[2026-03-08T09:56:18.878+0700] {processor.py:186} INFO - Started process (PID=64142) to work on /opt/airflow/dags/dag_scraping_twitter.py
[2026-03-08T09:56:18.880+0700] {processor.py:914} INFO - Processing file /opt/airflow/dags/dag_scraping_twitter.py for tasks to queue
[2026-03-08T09:56:18.885+0700] {logging_mixin.py:190} INFO - [2026-03-08T09:56:18.884+0700] {dagbag.py:587} INFO - Filling up the DagBag from /opt/airflow/dags/dag_scraping_twitter.py
[2026-03-08T09:56:18.916+0700] {processor.py:925} INFO - DAG(s) 'dag_scraping_twitter' retrieved from /opt/airflow/dags/dag_scraping_twitter.py
[2026-03-08T09:56:18.963+0700] {logging_mixin.py:190} INFO - [2026-03-08T09:56:18.963+0700] {dag.py:3211} INFO - Sync 1 DAGs
[2026-03-08T09:56:18.991+0700] {logging_mixin.py:190} INFO - [2026-03-08T09:56:18.991+0700] {dag.py:4138} INFO - Setting next_dagrun for dag_scraping_twitter to 2026-03-07 23:00:00+00:00, run_after=2026-03-08 11:00:00+00:00
[2026-03-08T09:56:19.014+0700] {processor.py:208} INFO - Processing /opt/airflow/dags/dag_scraping_twitter.py took 0.146 seconds
[2026-03-08T09:56:49.708+0700] {processor.py:186} INFO - Started process (PID=64170) to work on /opt/airflow/dags/dag_scraping_twitter.py
[2026-03-08T09:56:49.710+0700] {processor.py:914} INFO - Processing file /opt/airflow/dags/dag_scraping_twitter.py for tasks to queue
[2026-03-08T09:56:49.715+0700] {logging_mixin.py:190} INFO - [2026-03-08T09:56:49.714+0700] {dagbag.py:587} INFO - Filling up the DagBag from /opt/airflow/dags/dag_scraping_twitter.py
[2026-03-08T09:56:49.748+0700] {processor.py:925} INFO - DAG(s) 'dag_scraping_twitter' retrieved from /opt/airflow/dags/dag_scraping_twitter.py
[2026-03-08T09:56:49.790+0700] {logging_mixin.py:190} INFO - [2026-03-08T09:56:49.790+0700] {dag.py:3211} INFO - Sync 1 DAGs
[2026-03-08T09:56:49.825+0700] {logging_mixin.py:190} INFO - [2026-03-08T09:56:49.825+0700] {dag.py:4138} INFO - Setting next_dagrun for dag_scraping_twitter to 2026-03-07 23:00:00+00:00, run_after=2026-03-08 11:00:00+00:00
[2026-03-08T09:56:49.855+0700] {processor.py:208} INFO - Processing /opt/airflow/dags/dag_scraping_twitter.py took 0.158 seconds
[2026-03-08T09:57:20.692+0700] {processor.py:186} INFO - Started process (PID=64204) to work on /opt/airflow/dags/dag_scraping_twitter.py
[2026-03-08T09:57:20.695+0700] {processor.py:914} INFO - Processing file /opt/airflow/dags/dag_scraping_twitter.py for tasks to queue
[2026-03-08T09:57:20.699+0700] {logging_mixin.py:190} INFO - [2026-03-08T09:57:20.698+0700] {dagbag.py:587} INFO - Filling up the DagBag from /opt/airflow/dags/dag_scraping_twitter.py
[2026-03-08T09:57:20.727+0700] {processor.py:925} INFO - DAG(s) 'dag_scraping_twitter' retrieved from /opt/airflow/dags/dag_scraping_twitter.py
[2026-03-08T09:57:20.762+0700] {logging_mixin.py:190} INFO - [2026-03-08T09:57:20.762+0700] {dag.py:3211} INFO - Sync 1 DAGs
[2026-03-08T09:57:20.795+0700] {logging_mixin.py:190} INFO - [2026-03-08T09:57:20.795+0700] {dag.py:4138} INFO - Setting next_dagrun for dag_scraping_twitter to 2026-03-07 23:00:00+00:00, run_after=2026-03-08 11:00:00+00:00
[2026-03-08T09:57:20.824+0700] {processor.py:208} INFO - Processing /opt/airflow/dags/dag_scraping_twitter.py took 0.142 seconds
[2026-03-08T09:57:50.935+0700] {processor.py:186} INFO - Started process (PID=64232) to work on /opt/airflow/dags/dag_scraping_twitter.py
[2026-03-08T09:57:50.937+0700] {processor.py:914} INFO - Processing file /opt/airflow/dags/dag_scraping_twitter.py for tasks to queue
[2026-03-08T09:57:50.941+0700] {logging_mixin.py:190} INFO - [2026-03-08T09:57:50.940+0700] {dagbag.py:587} INFO - Filling up the DagBag from /opt/airflow/dags/dag_scraping_twitter.py
[2026-03-08T09:57:50.969+0700] {processor.py:925} INFO - DAG(s) 'dag_scraping_twitter' retrieved from /opt/airflow/dags/dag_scraping_twitter.py
[2026-03-08T09:57:51.006+0700] {logging_mixin.py:190} INFO - [2026-03-08T09:57:51.005+0700] {dag.py:3211} INFO - Sync 1 DAGs
[2026-03-08T09:57:51.040+0700] {logging_mixin.py:190} INFO - [2026-03-08T09:57:51.040+0700] {dag.py:4138} INFO - Setting next_dagrun for dag_scraping_twitter to 2026-03-07 23:00:00+00:00, run_after=2026-03-08 11:00:00+00:00
[2026-03-08T09:57:51.066+0700] {processor.py:208} INFO - Processing /opt/airflow/dags/dag_scraping_twitter.py took 0.142 seconds
[2026-03-08T09:58:21.304+0700] {processor.py:186} INFO - Started process (PID=64260) to work on /opt/airflow/dags/dag_scraping_twitter.py
[2026-03-08T09:58:21.305+0700] {processor.py:914} INFO - Processing file /opt/airflow/dags/dag_scraping_twitter.py for tasks to queue
[2026-03-08T09:58:21.308+0700] {logging_mixin.py:190} INFO - [2026-03-08T09:58:21.308+0700] {dagbag.py:587} INFO - Filling up the DagBag from /opt/airflow/dags/dag_scraping_twitter.py
[2026-03-08T09:58:21.335+0700] {processor.py:925} INFO - DAG(s) 'dag_scraping_twitter' retrieved from /opt/airflow/dags/dag_scraping_twitter.py
[2026-03-08T09:58:21.369+0700] {logging_mixin.py:190} INFO - [2026-03-08T09:58:21.369+0700] {dag.py:3211} INFO - Sync 1 DAGs
[2026-03-08T09:58:21.401+0700] {logging_mixin.py:190} INFO - [2026-03-08T09:58:21.400+0700] {dag.py:4138} INFO - Setting next_dagrun for dag_scraping_twitter to 2026-03-07 23:00:00+00:00, run_after=2026-03-08 11:00:00+00:00
[2026-03-08T09:58:21.424+0700] {processor.py:208} INFO - Processing /opt/airflow/dags/dag_scraping_twitter.py took 0.129 seconds
[2026-03-08T09:58:51.865+0700] {processor.py:186} INFO - Started process (PID=64288) to work on /opt/airflow/dags/dag_scraping_twitter.py
[2026-03-08T09:58:51.867+0700] {processor.py:914} INFO - Processing file /opt/airflow/dags/dag_scraping_twitter.py for tasks to queue
[2026-03-08T09:58:51.870+0700] {logging_mixin.py:190} INFO - [2026-03-08T09:58:51.869+0700] {dagbag.py:587} INFO - Filling up the DagBag from /opt/airflow/dags/dag_scraping_twitter.py
[2026-03-08T09:58:51.895+0700] {processor.py:925} INFO - DAG(s) 'dag_scraping_twitter' retrieved from /opt/airflow/dags/dag_scraping_twitter.py
[2026-03-08T09:58:51.932+0700] {logging_mixin.py:190} INFO - [2026-03-08T09:58:51.931+0700] {dag.py:3211} INFO - Sync 1 DAGs
[2026-03-08T09:58:51.959+0700] {logging_mixin.py:190} INFO - [2026-03-08T09:58:51.959+0700] {dag.py:4138} INFO - Setting next_dagrun for dag_scraping_twitter to 2026-03-07 23:00:00+00:00, run_after=2026-03-08 11:00:00+00:00
[2026-03-08T09:58:51.983+0700] {processor.py:208} INFO - Processing /opt/airflow/dags/dag_scraping_twitter.py took 0.131 seconds
[2026-03-08T09:59:22.565+0700] {processor.py:186} INFO - Started process (PID=64316) to work on /opt/airflow/dags/dag_scraping_twitter.py
[2026-03-08T09:59:22.567+0700] {processor.py:914} INFO - Processing file /opt/airflow/dags/dag_scraping_twitter.py for tasks to queue
[2026-03-08T09:59:22.570+0700] {logging_mixin.py:190} INFO - [2026-03-08T09:59:22.570+0700] {dagbag.py:587} INFO - Filling up the DagBag from /opt/airflow/dags/dag_scraping_twitter.py
[2026-03-08T09:59:22.598+0700] {processor.py:925} INFO - DAG(s) 'dag_scraping_twitter' retrieved from /opt/airflow/dags/dag_scraping_twitter.py
[2026-03-08T09:59:22.629+0700] {logging_mixin.py:190} INFO - [2026-03-08T09:59:22.629+0700] {dag.py:3211} INFO - Sync 1 DAGs
[2026-03-08T09:59:22.662+0700] {logging_mixin.py:190} INFO - [2026-03-08T09:59:22.662+0700] {dag.py:4138} INFO - Setting next_dagrun for dag_scraping_twitter to 2026-03-07 23:00:00+00:00, run_after=2026-03-08 11:00:00+00:00
[2026-03-08T09:59:22.687+0700] {processor.py:208} INFO - Processing /opt/airflow/dags/dag_scraping_twitter.py took 0.129 seconds
[2026-03-08T09:59:52.846+0700] {processor.py:186} INFO - Started process (PID=64344) to work on /opt/airflow/dags/dag_scraping_twitter.py
[2026-03-08T09:59:52.848+0700] {processor.py:914} INFO - Processing file /opt/airflow/dags/dag_scraping_twitter.py for tasks to queue
[2026-03-08T09:59:52.851+0700] {logging_mixin.py:190} INFO - [2026-03-08T09:59:52.850+0700] {dagbag.py:587} INFO - Filling up the DagBag from /opt/airflow/dags/dag_scraping_twitter.py
[2026-03-08T09:59:52.876+0700] {processor.py:925} INFO - DAG(s) 'dag_scraping_twitter' retrieved from /opt/airflow/dags/dag_scraping_twitter.py
[2026-03-08T09:59:52.907+0700] {logging_mixin.py:190} INFO - [2026-03-08T09:59:52.907+0700] {dag.py:3211} INFO - Sync 1 DAGs
[2026-03-08T09:59:52.938+0700] {logging_mixin.py:190} INFO - [2026-03-08T09:59:52.938+0700] {dag.py:4138} INFO - Setting next_dagrun for dag_scraping_twitter to 2026-03-07 23:00:00+00:00, run_after=2026-03-08 11:00:00+00:00
[2026-03-08T09:59:52.964+0700] {processor.py:208} INFO - Processing /opt/airflow/dags/dag_scraping_twitter.py took 0.127 seconds
[2026-03-08T10:00:23.281+0700] {processor.py:186} INFO - Started process (PID=64378) to work on /opt/airflow/dags/dag_scraping_twitter.py
[2026-03-08T10:00:23.283+0700] {processor.py:914} INFO - Processing file /opt/airflow/dags/dag_scraping_twitter.py for tasks to queue
[2026-03-08T10:00:23.288+0700] {logging_mixin.py:190} INFO - [2026-03-08T10:00:23.287+0700] {dagbag.py:587} INFO - Filling up the DagBag from /opt/airflow/dags/dag_scraping_twitter.py
[2026-03-08T10:00:23.330+0700] {processor.py:925} INFO - DAG(s) 'dag_scraping_twitter' retrieved from /opt/airflow/dags/dag_scraping_twitter.py
[2026-03-08T10:00:23.377+0700] {logging_mixin.py:190} INFO - [2026-03-08T10:00:23.377+0700] {dag.py:3211} INFO - Sync 1 DAGs
[2026-03-08T10:00:23.409+0700] {logging_mixin.py:190} INFO - [2026-03-08T10:00:23.409+0700] {dag.py:4138} INFO - Setting next_dagrun for dag_scraping_twitter to 2026-03-07 23:00:00+00:00, run_after=2026-03-08 11:00:00+00:00
[2026-03-08T10:00:23.440+0700] {processor.py:208} INFO - Processing /opt/airflow/dags/dag_scraping_twitter.py took 0.172 seconds
[2026-03-08T10:00:53.536+0700] {processor.py:186} INFO - Started process (PID=64406) to work on /opt/airflow/dags/dag_scraping_twitter.py
[2026-03-08T10:00:53.539+0700] {processor.py:914} INFO - Processing file /opt/airflow/dags/dag_scraping_twitter.py for tasks to queue
[2026-03-08T10:00:53.543+0700] {logging_mixin.py:190} INFO - [2026-03-08T10:00:53.543+0700] {dagbag.py:587} INFO - Filling up the DagBag from /opt/airflow/dags/dag_scraping_twitter.py
[2026-03-08T10:00:53.580+0700] {processor.py:925} INFO - DAG(s) 'dag_scraping_twitter' retrieved from /opt/airflow/dags/dag_scraping_twitter.py
[2026-03-08T10:00:53.622+0700] {logging_mixin.py:190} INFO - [2026-03-08T10:00:53.621+0700] {dag.py:3211} INFO - Sync 1 DAGs
[2026-03-08T10:00:53.656+0700] {logging_mixin.py:190} INFO - [2026-03-08T10:00:53.656+0700] {dag.py:4138} INFO - Setting next_dagrun for dag_scraping_twitter to 2026-03-07 23:00:00+00:00, run_after=2026-03-08 11:00:00+00:00
[2026-03-08T10:00:53.695+0700] {processor.py:208} INFO - Processing /opt/airflow/dags/dag_scraping_twitter.py took 0.170 seconds
[2026-03-08T10:01:24.304+0700] {processor.py:186} INFO - Started process (PID=64434) to work on /opt/airflow/dags/dag_scraping_twitter.py
[2026-03-08T10:01:24.305+0700] {processor.py:914} INFO - Processing file /opt/airflow/dags/dag_scraping_twitter.py for tasks to queue
[2026-03-08T10:01:24.309+0700] {logging_mixin.py:190} INFO - [2026-03-08T10:01:24.309+0700] {dagbag.py:587} INFO - Filling up the DagBag from /opt/airflow/dags/dag_scraping_twitter.py
[2026-03-08T10:01:24.333+0700] {processor.py:925} INFO - DAG(s) 'dag_scraping_twitter' retrieved from /opt/airflow/dags/dag_scraping_twitter.py
[2026-03-08T10:01:24.361+0700] {logging_mixin.py:190} INFO - [2026-03-08T10:01:24.361+0700] {dag.py:3211} INFO - Sync 1 DAGs
[2026-03-08T10:01:24.386+0700] {logging_mixin.py:190} INFO - [2026-03-08T10:01:24.386+0700] {dag.py:4138} INFO - Setting next_dagrun for dag_scraping_twitter to 2026-03-07 23:00:00+00:00, run_after=2026-03-08 11:00:00+00:00
[2026-03-08T10:01:24.407+0700] {processor.py:208} INFO - Processing /opt/airflow/dags/dag_scraping_twitter.py took 0.112 seconds
[2026-03-08T10:01:55.319+0700] {processor.py:186} INFO - Started process (PID=64462) to work on /opt/airflow/dags/dag_scraping_twitter.py
[2026-03-08T10:01:55.321+0700] {processor.py:914} INFO - Processing file /opt/airflow/dags/dag_scraping_twitter.py for tasks to queue
[2026-03-08T10:01:55.326+0700] {logging_mixin.py:190} INFO - [2026-03-08T10:01:55.325+0700] {dagbag.py:587} INFO - Filling up the DagBag from /opt/airflow/dags/dag_scraping_twitter.py
[2026-03-08T10:01:55.357+0700] {processor.py:925} INFO - DAG(s) 'dag_scraping_twitter' retrieved from /opt/airflow/dags/dag_scraping_twitter.py
[2026-03-08T10:01:55.390+0700] {logging_mixin.py:190} INFO - [2026-03-08T10:01:55.389+0700] {dag.py:3211} INFO - Sync 1 DAGs
[2026-03-08T10:01:55.425+0700] {logging_mixin.py:190} INFO - [2026-03-08T10:01:55.425+0700] {dag.py:4138} INFO - Setting next_dagrun for dag_scraping_twitter to 2026-03-07 23:00:00+00:00, run_after=2026-03-08 11:00:00+00:00
[2026-03-08T10:01:55.452+0700] {processor.py:208} INFO - Processing /opt/airflow/dags/dag_scraping_twitter.py took 0.142 seconds
[2026-03-08T10:02:25.572+0700] {processor.py:186} INFO - Started process (PID=64489) to work on /opt/airflow/dags/dag_scraping_twitter.py
[2026-03-08T10:02:25.573+0700] {processor.py:914} INFO - Processing file /opt/airflow/dags/dag_scraping_twitter.py for tasks to queue
[2026-03-08T10:02:25.575+0700] {logging_mixin.py:190} INFO - [2026-03-08T10:02:25.575+0700] {dagbag.py:587} INFO - Filling up the DagBag from /opt/airflow/dags/dag_scraping_twitter.py
[2026-03-08T10:02:25.600+0700] {processor.py:925} INFO - DAG(s) 'dag_scraping_twitter' retrieved from /opt/airflow/dags/dag_scraping_twitter.py
[2026-03-08T10:02:25.631+0700] {logging_mixin.py:190} INFO - [2026-03-08T10:02:25.631+0700] {dag.py:3211} INFO - Sync 1 DAGs
[2026-03-08T10:02:25.660+0700] {logging_mixin.py:190} INFO - [2026-03-08T10:02:25.660+0700] {dag.py:4138} INFO - Setting next_dagrun for dag_scraping_twitter to 2026-03-07 23:00:00+00:00, run_after=2026-03-08 11:00:00+00:00
[2026-03-08T10:02:25.684+0700] {processor.py:208} INFO - Processing /opt/airflow/dags/dag_scraping_twitter.py took 0.121 seconds
[2026-03-08T10:02:56.575+0700] {processor.py:186} INFO - Started process (PID=64517) to work on /opt/airflow/dags/dag_scraping_twitter.py
[2026-03-08T10:02:56.579+0700] {processor.py:914} INFO - Processing file /opt/airflow/dags/dag_scraping_twitter.py for tasks to queue
[2026-03-08T10:02:56.585+0700] {logging_mixin.py:190} INFO - [2026-03-08T10:02:56.584+0700] {dagbag.py:587} INFO - Filling up the DagBag from /opt/airflow/dags/dag_scraping_twitter.py
[2026-03-08T10:02:56.608+0700] {processor.py:925} INFO - DAG(s) 'dag_scraping_twitter' retrieved from /opt/airflow/dags/dag_scraping_twitter.py
[2026-03-08T10:02:56.643+0700] {logging_mixin.py:190} INFO - [2026-03-08T10:02:56.642+0700] {dag.py:3211} INFO - Sync 1 DAGs
[2026-03-08T10:02:56.677+0700] {logging_mixin.py:190} INFO - [2026-03-08T10:02:56.677+0700] {dag.py:4138} INFO - Setting next_dagrun for dag_scraping_twitter to 2026-03-07 23:00:00+00:00, run_after=2026-03-08 11:00:00+00:00
[2026-03-08T10:02:56.701+0700] {processor.py:208} INFO - Processing /opt/airflow/dags/dag_scraping_twitter.py took 0.133 seconds
[2026-03-08T10:03:27.766+0700] {processor.py:186} INFO - Started process (PID=64545) to work on /opt/airflow/dags/dag_scraping_twitter.py
[2026-03-08T10:03:27.768+0700] {processor.py:914} INFO - Processing file /opt/airflow/dags/dag_scraping_twitter.py for tasks to queue
[2026-03-08T10:03:27.772+0700] {logging_mixin.py:190} INFO - [2026-03-08T10:03:27.772+0700] {dagbag.py:587} INFO - Filling up the DagBag from /opt/airflow/dags/dag_scraping_twitter.py
[2026-03-08T10:03:27.802+0700] {processor.py:925} INFO - DAG(s) 'dag_scraping_twitter' retrieved from /opt/airflow/dags/dag_scraping_twitter.py
[2026-03-08T10:03:27.841+0700] {logging_mixin.py:190} INFO - [2026-03-08T10:03:27.841+0700] {dag.py:3211} INFO - Sync 1 DAGs
[2026-03-08T10:03:27.880+0700] {logging_mixin.py:190} INFO - [2026-03-08T10:03:27.880+0700] {dag.py:4138} INFO - Setting next_dagrun for dag_scraping_twitter to 2026-03-07 23:00:00+00:00, run_after=2026-03-08 11:00:00+00:00
[2026-03-08T10:03:27.907+0700] {processor.py:208} INFO - Processing /opt/airflow/dags/dag_scraping_twitter.py took 0.156 seconds
[2026-03-08T10:03:58.672+0700] {processor.py:186} INFO - Started process (PID=64579) to work on /opt/airflow/dags/dag_scraping_twitter.py
[2026-03-08T10:03:58.674+0700] {processor.py:914} INFO - Processing file /opt/airflow/dags/dag_scraping_twitter.py for tasks to queue
[2026-03-08T10:03:58.681+0700] {logging_mixin.py:190} INFO - [2026-03-08T10:03:58.680+0700] {dagbag.py:587} INFO - Filling up the DagBag from /opt/airflow/dags/dag_scraping_twitter.py
[2026-03-08T10:03:58.713+0700] {processor.py:925} INFO - DAG(s) 'dag_scraping_twitter' retrieved from /opt/airflow/dags/dag_scraping_twitter.py
[2026-03-08T10:03:58.754+0700] {logging_mixin.py:190} INFO - [2026-03-08T10:03:58.754+0700] {dag.py:3211} INFO - Sync 1 DAGs
[2026-03-08T10:03:58.802+0700] {logging_mixin.py:190} INFO - [2026-03-08T10:03:58.802+0700] {dag.py:4138} INFO - Setting next_dagrun for dag_scraping_twitter to 2026-03-07 23:00:00+00:00, run_after=2026-03-08 11:00:00+00:00
[2026-03-08T10:03:58.837+0700] {processor.py:208} INFO - Processing /opt/airflow/dags/dag_scraping_twitter.py took 0.178 seconds
[2026-03-08T10:04:29.192+0700] {processor.py:186} INFO - Started process (PID=64608) to work on /opt/airflow/dags/dag_scraping_twitter.py
[2026-03-08T10:04:29.194+0700] {processor.py:914} INFO - Processing file /opt/airflow/dags/dag_scraping_twitter.py for tasks to queue
[2026-03-08T10:04:29.198+0700] {logging_mixin.py:190} INFO - [2026-03-08T10:04:29.198+0700] {dagbag.py:587} INFO - Filling up the DagBag from /opt/airflow/dags/dag_scraping_twitter.py
[2026-03-08T10:04:29.223+0700] {processor.py:925} INFO - DAG(s) 'dag_scraping_twitter' retrieved from /opt/airflow/dags/dag_scraping_twitter.py
[2026-03-08T10:04:29.253+0700] {logging_mixin.py:190} INFO - [2026-03-08T10:04:29.252+0700] {dag.py:3211} INFO - Sync 1 DAGs
[2026-03-08T10:04:29.279+0700] {logging_mixin.py:190} INFO - [2026-03-08T10:04:29.278+0700] {dag.py:4138} INFO - Setting next_dagrun for dag_scraping_twitter to 2026-03-07 23:00:00+00:00, run_after=2026-03-08 11:00:00+00:00
[2026-03-08T10:04:29.304+0700] {processor.py:208} INFO - Processing /opt/airflow/dags/dag_scraping_twitter.py took 0.119 seconds
[2026-03-08T10:04:59.470+0700] {processor.py:186} INFO - Started process (PID=64636) to work on /opt/airflow/dags/dag_scraping_twitter.py
[2026-03-08T10:04:59.471+0700] {processor.py:914} INFO - Processing file /opt/airflow/dags/dag_scraping_twitter.py for tasks to queue
[2026-03-08T10:04:59.474+0700] {logging_mixin.py:190} INFO - [2026-03-08T10:04:59.473+0700] {dagbag.py:587} INFO - Filling up the DagBag from /opt/airflow/dags/dag_scraping_twitter.py
[2026-03-08T10:04:59.501+0700] {processor.py:925} INFO - DAG(s) 'dag_scraping_twitter' retrieved from /opt/airflow/dags/dag_scraping_twitter.py
[2026-03-08T10:04:59.537+0700] {logging_mixin.py:190} INFO - [2026-03-08T10:04:59.537+0700] {dag.py:3211} INFO - Sync 1 DAGs
[2026-03-08T10:04:59.569+0700] {logging_mixin.py:190} INFO - [2026-03-08T10:04:59.568+0700] {dag.py:4138} INFO - Setting next_dagrun for dag_scraping_twitter to 2026-03-07 23:00:00+00:00, run_after=2026-03-08 11:00:00+00:00
[2026-03-08T10:04:59.598+0700] {processor.py:208} INFO - Processing /opt/airflow/dags/dag_scraping_twitter.py took 0.137 seconds
[2026-03-08T10:05:29.824+0700] {processor.py:186} INFO - Started process (PID=64664) to work on /opt/airflow/dags/dag_scraping_twitter.py
[2026-03-08T10:05:29.826+0700] {processor.py:914} INFO - Processing file /opt/airflow/dags/dag_scraping_twitter.py for tasks to queue
[2026-03-08T10:05:29.828+0700] {logging_mixin.py:190} INFO - [2026-03-08T10:05:29.828+0700] {dagbag.py:587} INFO - Filling up the DagBag from /opt/airflow/dags/dag_scraping_twitter.py
[2026-03-08T10:05:29.856+0700] {processor.py:925} INFO - DAG(s) 'dag_scraping_twitter' retrieved from /opt/airflow/dags/dag_scraping_twitter.py
[2026-03-08T10:05:29.892+0700] {logging_mixin.py:190} INFO - [2026-03-08T10:05:29.892+0700] {dag.py:3211} INFO - Sync 1 DAGs
[2026-03-08T10:05:29.921+0700] {logging_mixin.py:190} INFO - [2026-03-08T10:05:29.921+0700] {dag.py:4138} INFO - Setting next_dagrun for dag_scraping_twitter to 2026-03-07 23:00:00+00:00, run_after=2026-03-08 11:00:00+00:00
[2026-03-08T10:05:29.944+0700] {processor.py:208} INFO - Processing /opt/airflow/dags/dag_scraping_twitter.py took 0.127 seconds
[2026-03-08T10:06:00.628+0700] {processor.py:186} INFO - Started process (PID=64692) to work on /opt/airflow/dags/dag_scraping_twitter.py
[2026-03-08T10:06:00.630+0700] {processor.py:914} INFO - Processing file /opt/airflow/dags/dag_scraping_twitter.py for tasks to queue
[2026-03-08T10:06:00.633+0700] {logging_mixin.py:190} INFO - [2026-03-08T10:06:00.633+0700] {dagbag.py:587} INFO - Filling up the DagBag from /opt/airflow/dags/dag_scraping_twitter.py
[2026-03-08T10:06:00.663+0700] {processor.py:925} INFO - DAG(s) 'dag_scraping_twitter' retrieved from /opt/airflow/dags/dag_scraping_twitter.py
[2026-03-08T10:06:00.701+0700] {logging_mixin.py:190} INFO - [2026-03-08T10:06:00.701+0700] {dag.py:3211} INFO - Sync 1 DAGs
[2026-03-08T10:06:00.741+0700] {logging_mixin.py:190} INFO - [2026-03-08T10:06:00.741+0700] {dag.py:4138} INFO - Setting next_dagrun for dag_scraping_twitter to 2026-03-07 23:00:00+00:00, run_after=2026-03-08 11:00:00+00:00
[2026-03-08T10:06:00.774+0700] {processor.py:208} INFO - Processing /opt/airflow/dags/dag_scraping_twitter.py took 0.155 seconds
[2026-03-08T10:06:31.168+0700] {processor.py:186} INFO - Started process (PID=64726) to work on /opt/airflow/dags/dag_scraping_twitter.py
[2026-03-08T10:06:31.169+0700] {processor.py:914} INFO - Processing file /opt/airflow/dags/dag_scraping_twitter.py for tasks to queue
[2026-03-08T10:06:31.173+0700] {logging_mixin.py:190} INFO - [2026-03-08T10:06:31.172+0700] {dagbag.py:587} INFO - Filling up the DagBag from /opt/airflow/dags/dag_scraping_twitter.py
[2026-03-08T10:06:31.200+0700] {processor.py:925} INFO - DAG(s) 'dag_scraping_twitter' retrieved from /opt/airflow/dags/dag_scraping_twitter.py
[2026-03-08T10:06:31.230+0700] {logging_mixin.py:190} INFO - [2026-03-08T10:06:31.230+0700] {dag.py:3211} INFO - Sync 1 DAGs
[2026-03-08T10:06:31.258+0700] {logging_mixin.py:190} INFO - [2026-03-08T10:06:31.258+0700] {dag.py:4138} INFO - Setting next_dagrun for dag_scraping_twitter to 2026-03-07 23:00:00+00:00, run_after=2026-03-08 11:00:00+00:00
[2026-03-08T10:06:31.280+0700] {processor.py:208} INFO - Processing /opt/airflow/dags/dag_scraping_twitter.py took 0.121 seconds
[2026-03-08T10:07:01.429+0700] {processor.py:186} INFO - Started process (PID=64754) to work on /opt/airflow/dags/dag_scraping_twitter.py
[2026-03-08T10:07:01.430+0700] {processor.py:914} INFO - Processing file /opt/airflow/dags/dag_scraping_twitter.py for tasks to queue
[2026-03-08T10:07:01.433+0700] {logging_mixin.py:190} INFO - [2026-03-08T10:07:01.432+0700] {dagbag.py:587} INFO - Filling up the DagBag from /opt/airflow/dags/dag_scraping_twitter.py
[2026-03-08T10:07:01.462+0700] {processor.py:925} INFO - DAG(s) 'dag_scraping_twitter' retrieved from /opt/airflow/dags/dag_scraping_twitter.py
[2026-03-08T10:07:01.493+0700] {logging_mixin.py:190} INFO - [2026-03-08T10:07:01.493+0700] {dag.py:3211} INFO - Sync 1 DAGs
[2026-03-08T10:07:01.527+0700] {logging_mixin.py:190} INFO - [2026-03-08T10:07:01.526+0700] {dag.py:4138} INFO - Setting next_dagrun for dag_scraping_twitter to 2026-03-07 23:00:00+00:00, run_after=2026-03-08 11:00:00+00:00
[2026-03-08T10:07:01.550+0700] {processor.py:208} INFO - Processing /opt/airflow/dags/dag_scraping_twitter.py took 0.130 seconds
[2026-03-08T10:07:32.557+0700] {processor.py:186} INFO - Started process (PID=64783) to work on /opt/airflow/dags/dag_scraping_twitter.py
[2026-03-08T10:07:32.558+0700] {processor.py:914} INFO - Processing file /opt/airflow/dags/dag_scraping_twitter.py for tasks to queue
[2026-03-08T10:07:32.561+0700] {logging_mixin.py:190} INFO - [2026-03-08T10:07:32.561+0700] {dagbag.py:587} INFO - Filling up the DagBag from /opt/airflow/dags/dag_scraping_twitter.py
[2026-03-08T10:07:32.587+0700] {processor.py:925} INFO - DAG(s) 'dag_scraping_twitter' retrieved from /opt/airflow/dags/dag_scraping_twitter.py
[2026-03-08T10:07:32.616+0700] {logging_mixin.py:190} INFO - [2026-03-08T10:07:32.616+0700] {dag.py:3211} INFO - Sync 1 DAGs
[2026-03-08T10:07:32.645+0700] {logging_mixin.py:190} INFO - [2026-03-08T10:07:32.644+0700] {dag.py:4138} INFO - Setting next_dagrun for dag_scraping_twitter to 2026-03-07 23:00:00+00:00, run_after=2026-03-08 11:00:00+00:00
[2026-03-08T10:07:32.667+0700] {processor.py:208} INFO - Processing /opt/airflow/dags/dag_scraping_twitter.py took 0.119 seconds
[2026-03-08T10:08:02.882+0700] {processor.py:186} INFO - Started process (PID=64811) to work on /opt/airflow/dags/dag_scraping_twitter.py
[2026-03-08T10:08:02.883+0700] {processor.py:914} INFO - Processing file /opt/airflow/dags/dag_scraping_twitter.py for tasks to queue
[2026-03-08T10:08:02.886+0700] {logging_mixin.py:190} INFO - [2026-03-08T10:08:02.885+0700] {dagbag.py:587} INFO - Filling up the DagBag from /opt/airflow/dags/dag_scraping_twitter.py
[2026-03-08T10:08:02.909+0700] {processor.py:925} INFO - DAG(s) 'dag_scraping_twitter' retrieved from /opt/airflow/dags/dag_scraping_twitter.py
[2026-03-08T10:08:02.940+0700] {logging_mixin.py:190} INFO - [2026-03-08T10:08:02.940+0700] {dag.py:3211} INFO - Sync 1 DAGs
[2026-03-08T10:08:02.970+0700] {logging_mixin.py:190} INFO - [2026-03-08T10:08:02.970+0700] {dag.py:4138} INFO - Setting next_dagrun for dag_scraping_twitter to 2026-03-07 23:00:00+00:00, run_after=2026-03-08 11:00:00+00:00
[2026-03-08T10:08:02.993+0700] {processor.py:208} INFO - Processing /opt/airflow/dags/dag_scraping_twitter.py took 0.117 seconds
[2026-03-08T10:08:34.013+0700] {processor.py:186} INFO - Started process (PID=64839) to work on /opt/airflow/dags/dag_scraping_twitter.py
[2026-03-08T10:08:34.014+0700] {processor.py:914} INFO - Processing file /opt/airflow/dags/dag_scraping_twitter.py for tasks to queue
[2026-03-08T10:08:34.018+0700] {logging_mixin.py:190} INFO - [2026-03-08T10:08:34.017+0700] {dagbag.py:587} INFO - Filling up the DagBag from /opt/airflow/dags/dag_scraping_twitter.py
[2026-03-08T10:08:34.041+0700] {processor.py:925} INFO - DAG(s) 'dag_scraping_twitter' retrieved from /opt/airflow/dags/dag_scraping_twitter.py
[2026-03-08T10:08:34.071+0700] {logging_mixin.py:190} INFO - [2026-03-08T10:08:34.071+0700] {dag.py:3211} INFO - Sync 1 DAGs
[2026-03-08T10:08:34.110+0700] {logging_mixin.py:190} INFO - [2026-03-08T10:08:34.110+0700] {dag.py:4138} INFO - Setting next_dagrun for dag_scraping_twitter to 2026-03-07 23:00:00+00:00, run_after=2026-03-08 11:00:00+00:00
[2026-03-08T10:08:35.505+0700] {processor.py:208} INFO - Processing /opt/airflow/dags/dag_scraping_twitter.py took 1.501 seconds
[2026-03-08T10:09:05.756+0700] {processor.py:186} INFO - Started process (PID=64873) to work on /opt/airflow/dags/dag_scraping_twitter.py
[2026-03-08T10:09:05.758+0700] {processor.py:914} INFO - Processing file /opt/airflow/dags/dag_scraping_twitter.py for tasks to queue
[2026-03-08T10:09:05.760+0700] {logging_mixin.py:190} INFO - [2026-03-08T10:09:05.760+0700] {dagbag.py:587} INFO - Filling up the DagBag from /opt/airflow/dags/dag_scraping_twitter.py
[2026-03-08T10:09:05.786+0700] {processor.py:925} INFO - DAG(s) 'dag_scraping_twitter' retrieved from /opt/airflow/dags/dag_scraping_twitter.py
[2026-03-08T10:09:05.821+0700] {logging_mixin.py:190} INFO - [2026-03-08T10:09:05.820+0700] {dag.py:3211} INFO - Sync 1 DAGs
[2026-03-08T10:09:05.851+0700] {logging_mixin.py:190} INFO - [2026-03-08T10:09:05.850+0700] {dag.py:4138} INFO - Setting next_dagrun for dag_scraping_twitter to 2026-03-07 23:00:00+00:00, run_after=2026-03-08 11:00:00+00:00
[2026-03-08T10:09:05.873+0700] {processor.py:208} INFO - Processing /opt/airflow/dags/dag_scraping_twitter.py took 0.125 seconds
[2026-03-08T10:09:35.948+0700] {processor.py:186} INFO - Started process (PID=64902) to work on /opt/airflow/dags/dag_scraping_twitter.py
[2026-03-08T10:09:35.949+0700] {processor.py:914} INFO - Processing file /opt/airflow/dags/dag_scraping_twitter.py for tasks to queue
[2026-03-08T10:09:35.952+0700] {logging_mixin.py:190} INFO - [2026-03-08T10:09:35.952+0700] {dagbag.py:587} INFO - Filling up the DagBag from /opt/airflow/dags/dag_scraping_twitter.py
[2026-03-08T10:09:35.977+0700] {processor.py:925} INFO - DAG(s) 'dag_scraping_twitter' retrieved from /opt/airflow/dags/dag_scraping_twitter.py
[2026-03-08T10:09:36.007+0700] {logging_mixin.py:190} INFO - [2026-03-08T10:09:36.006+0700] {dag.py:3211} INFO - Sync 1 DAGs
[2026-03-08T10:09:36.033+0700] {logging_mixin.py:190} INFO - [2026-03-08T10:09:36.033+0700] {dag.py:4138} INFO - Setting next_dagrun for dag_scraping_twitter to 2026-03-07 23:00:00+00:00, run_after=2026-03-08 11:00:00+00:00
[2026-03-08T10:09:36.056+0700] {processor.py:208} INFO - Processing /opt/airflow/dags/dag_scraping_twitter.py took 0.116 seconds
[2026-03-08T10:10:07.092+0700] {processor.py:186} INFO - Started process (PID=64930) to work on /opt/airflow/dags/dag_scraping_twitter.py
[2026-03-08T10:10:07.093+0700] {processor.py:914} INFO - Processing file /opt/airflow/dags/dag_scraping_twitter.py for tasks to queue
[2026-03-08T10:10:07.096+0700] {logging_mixin.py:190} INFO - [2026-03-08T10:10:07.096+0700] {dagbag.py:587} INFO - Filling up the DagBag from /opt/airflow/dags/dag_scraping_twitter.py
[2026-03-08T10:10:07.117+0700] {processor.py:925} INFO - DAG(s) 'dag_scraping_twitter' retrieved from /opt/airflow/dags/dag_scraping_twitter.py
[2026-03-08T10:10:07.143+0700] {logging_mixin.py:190} INFO - [2026-03-08T10:10:07.143+0700] {dag.py:3211} INFO - Sync 1 DAGs
[2026-03-08T10:10:07.174+0700] {logging_mixin.py:190} INFO - [2026-03-08T10:10:07.174+0700] {dag.py:4138} INFO - Setting next_dagrun for dag_scraping_twitter to 2026-03-07 23:00:00+00:00, run_after=2026-03-08 11:00:00+00:00
[2026-03-08T10:10:07.199+0700] {processor.py:208} INFO - Processing /opt/airflow/dags/dag_scraping_twitter.py took 0.114 seconds
[2026-03-08T10:10:37.500+0700] {processor.py:186} INFO - Started process (PID=64958) to work on /opt/airflow/dags/dag_scraping_twitter.py
[2026-03-08T10:10:37.501+0700] {processor.py:914} INFO - Processing file /opt/airflow/dags/dag_scraping_twitter.py for tasks to queue
[2026-03-08T10:10:37.505+0700] {logging_mixin.py:190} INFO - [2026-03-08T10:10:37.504+0700] {dagbag.py:587} INFO - Filling up the DagBag from /opt/airflow/dags/dag_scraping_twitter.py
[2026-03-08T10:10:37.531+0700] {processor.py:925} INFO - DAG(s) 'dag_scraping_twitter' retrieved from /opt/airflow/dags/dag_scraping_twitter.py
[2026-03-08T10:10:37.563+0700] {logging_mixin.py:190} INFO - [2026-03-08T10:10:37.562+0700] {dag.py:3211} INFO - Sync 1 DAGs
[2026-03-08T10:10:37.589+0700] {logging_mixin.py:190} INFO - [2026-03-08T10:10:37.588+0700] {dag.py:4138} INFO - Setting next_dagrun for dag_scraping_twitter to 2026-03-07 23:00:00+00:00, run_after=2026-03-08 11:00:00+00:00
[2026-03-08T10:10:37.613+0700] {processor.py:208} INFO - Processing /opt/airflow/dags/dag_scraping_twitter.py took 0.121 seconds
[2026-03-08T10:11:08.580+0700] {processor.py:186} INFO - Started process (PID=64986) to work on /opt/airflow/dags/dag_scraping_twitter.py
[2026-03-08T10:11:08.582+0700] {processor.py:914} INFO - Processing file /opt/airflow/dags/dag_scraping_twitter.py for tasks to queue
[2026-03-08T10:11:08.584+0700] {logging_mixin.py:190} INFO - [2026-03-08T10:11:08.584+0700] {dagbag.py:587} INFO - Filling up the DagBag from /opt/airflow/dags/dag_scraping_twitter.py
[2026-03-08T10:11:08.607+0700] {processor.py:925} INFO - DAG(s) 'dag_scraping_twitter' retrieved from /opt/airflow/dags/dag_scraping_twitter.py
[2026-03-08T10:11:08.637+0700] {logging_mixin.py:190} INFO - [2026-03-08T10:11:08.637+0700] {dag.py:3211} INFO - Sync 1 DAGs
[2026-03-08T10:11:08.662+0700] {logging_mixin.py:190} INFO - [2026-03-08T10:11:08.662+0700] {dag.py:4138} INFO - Setting next_dagrun for dag_scraping_twitter to 2026-03-07 23:00:00+00:00, run_after=2026-03-08 11:00:00+00:00
[2026-03-08T10:11:09.052+0700] {processor.py:208} INFO - Processing /opt/airflow/dags/dag_scraping_twitter.py took 0.484 seconds
[2026-03-08T10:11:39.266+0700] {processor.py:186} INFO - Started process (PID=65014) to work on /opt/airflow/dags/dag_scraping_twitter.py
[2026-03-08T10:11:39.268+0700] {processor.py:914} INFO - Processing file /opt/airflow/dags/dag_scraping_twitter.py for tasks to queue
[2026-03-08T10:11:39.274+0700] {logging_mixin.py:190} INFO - [2026-03-08T10:11:39.273+0700] {dagbag.py:587} INFO - Filling up the DagBag from /opt/airflow/dags/dag_scraping_twitter.py
[2026-03-08T10:11:39.307+0700] {processor.py:925} INFO - DAG(s) 'dag_scraping_twitter' retrieved from /opt/airflow/dags/dag_scraping_twitter.py
[2026-03-08T10:11:39.339+0700] {logging_mixin.py:190} INFO - [2026-03-08T10:11:39.338+0700] {dag.py:3211} INFO - Sync 1 DAGs
[2026-03-08T10:11:39.367+0700] {logging_mixin.py:190} INFO - [2026-03-08T10:11:39.366+0700] {dag.py:4138} INFO - Setting next_dagrun for dag_scraping_twitter to 2026-03-07 23:00:00+00:00, run_after=2026-03-08 11:00:00+00:00
[2026-03-08T10:11:39.387+0700] {processor.py:208} INFO - Processing /opt/airflow/dags/dag_scraping_twitter.py took 0.129 seconds
[2026-03-08T10:12:10.382+0700] {processor.py:186} INFO - Started process (PID=65048) to work on /opt/airflow/dags/dag_scraping_twitter.py
[2026-03-08T10:12:10.383+0700] {processor.py:914} INFO - Processing file /opt/airflow/dags/dag_scraping_twitter.py for tasks to queue
[2026-03-08T10:12:10.386+0700] {logging_mixin.py:190} INFO - [2026-03-08T10:12:10.386+0700] {dagbag.py:587} INFO - Filling up the DagBag from /opt/airflow/dags/dag_scraping_twitter.py
[2026-03-08T10:12:10.414+0700] {processor.py:925} INFO - DAG(s) 'dag_scraping_twitter' retrieved from /opt/airflow/dags/dag_scraping_twitter.py
[2026-03-08T10:12:10.447+0700] {logging_mixin.py:190} INFO - [2026-03-08T10:12:10.447+0700] {dag.py:3211} INFO - Sync 1 DAGs
[2026-03-08T10:12:10.477+0700] {logging_mixin.py:190} INFO - [2026-03-08T10:12:10.477+0700] {dag.py:4138} INFO - Setting next_dagrun for dag_scraping_twitter to 2026-03-07 23:00:00+00:00, run_after=2026-03-08 11:00:00+00:00
[2026-03-08T10:12:10.505+0700] {processor.py:208} INFO - Processing /opt/airflow/dags/dag_scraping_twitter.py took 0.134 seconds
[2026-03-08T10:12:40.584+0700] {processor.py:186} INFO - Started process (PID=65076) to work on /opt/airflow/dags/dag_scraping_twitter.py
[2026-03-08T10:12:40.586+0700] {processor.py:914} INFO - Processing file /opt/airflow/dags/dag_scraping_twitter.py for tasks to queue
[2026-03-08T10:12:40.590+0700] {logging_mixin.py:190} INFO - [2026-03-08T10:12:40.590+0700] {dagbag.py:587} INFO - Filling up the DagBag from /opt/airflow/dags/dag_scraping_twitter.py
[2026-03-08T10:12:40.624+0700] {processor.py:925} INFO - DAG(s) 'dag_scraping_twitter' retrieved from /opt/airflow/dags/dag_scraping_twitter.py
[2026-03-08T10:12:40.655+0700] {logging_mixin.py:190} INFO - [2026-03-08T10:12:40.655+0700] {dag.py:3211} INFO - Sync 1 DAGs
[2026-03-08T10:12:40.688+0700] {logging_mixin.py:190} INFO - [2026-03-08T10:12:40.688+0700] {dag.py:4138} INFO - Setting next_dagrun for dag_scraping_twitter to 2026-03-07 23:00:00+00:00, run_after=2026-03-08 11:00:00+00:00
[2026-03-08T10:12:40.712+0700] {processor.py:208} INFO - Processing /opt/airflow/dags/dag_scraping_twitter.py took 0.135 seconds
[2026-03-08T10:13:11.711+0700] {processor.py:186} INFO - Started process (PID=65104) to work on /opt/airflow/dags/dag_scraping_twitter.py
[2026-03-08T10:13:11.712+0700] {processor.py:914} INFO - Processing file /opt/airflow/dags/dag_scraping_twitter.py for tasks to queue
[2026-03-08T10:13:11.716+0700] {logging_mixin.py:190} INFO - [2026-03-08T10:13:11.715+0700] {dagbag.py:587} INFO - Filling up the DagBag from /opt/airflow/dags/dag_scraping_twitter.py
[2026-03-08T10:13:11.741+0700] {processor.py:925} INFO - DAG(s) 'dag_scraping_twitter' retrieved from /opt/airflow/dags/dag_scraping_twitter.py
[2026-03-08T10:13:11.776+0700] {logging_mixin.py:190} INFO - [2026-03-08T10:13:11.775+0700] {dag.py:3211} INFO - Sync 1 DAGs
[2026-03-08T10:13:11.809+0700] {logging_mixin.py:190} INFO - [2026-03-08T10:13:11.808+0700] {dag.py:4138} INFO - Setting next_dagrun for dag_scraping_twitter to 2026-03-07 23:00:00+00:00, run_after=2026-03-08 11:00:00+00:00
[2026-03-08T10:13:11.837+0700] {processor.py:208} INFO - Processing /opt/airflow/dags/dag_scraping_twitter.py took 0.136 seconds
[2026-03-08T10:13:42.876+0700] {processor.py:186} INFO - Started process (PID=65132) to work on /opt/airflow/dags/dag_scraping_twitter.py
[2026-03-08T10:13:42.878+0700] {processor.py:914} INFO - Processing file /opt/airflow/dags/dag_scraping_twitter.py for tasks to queue
[2026-03-08T10:13:42.881+0700] {logging_mixin.py:190} INFO - [2026-03-08T10:13:42.881+0700] {dagbag.py:587} INFO - Filling up the DagBag from /opt/airflow/dags/dag_scraping_twitter.py
[2026-03-08T10:13:42.911+0700] {processor.py:925} INFO - DAG(s) 'dag_scraping_twitter' retrieved from /opt/airflow/dags/dag_scraping_twitter.py
[2026-03-08T10:13:42.945+0700] {logging_mixin.py:190} INFO - [2026-03-08T10:13:42.945+0700] {dag.py:3211} INFO - Sync 1 DAGs
[2026-03-08T10:13:42.980+0700] {logging_mixin.py:190} INFO - [2026-03-08T10:13:42.980+0700] {dag.py:4138} INFO - Setting next_dagrun for dag_scraping_twitter to 2026-03-07 23:00:00+00:00, run_after=2026-03-08 11:00:00+00:00
[2026-03-08T10:13:43.008+0700] {processor.py:208} INFO - Processing /opt/airflow/dags/dag_scraping_twitter.py took 0.143 seconds
[2026-03-08T10:14:13.193+0700] {processor.py:186} INFO - Started process (PID=65166) to work on /opt/airflow/dags/dag_scraping_twitter.py
[2026-03-08T10:14:13.195+0700] {processor.py:914} INFO - Processing file /opt/airflow/dags/dag_scraping_twitter.py for tasks to queue
[2026-03-08T10:14:13.198+0700] {logging_mixin.py:190} INFO - [2026-03-08T10:14:13.197+0700] {dagbag.py:587} INFO - Filling up the DagBag from /opt/airflow/dags/dag_scraping_twitter.py
[2026-03-08T10:14:13.224+0700] {processor.py:925} INFO - DAG(s) 'dag_scraping_twitter' retrieved from /opt/airflow/dags/dag_scraping_twitter.py
[2026-03-08T10:14:13.255+0700] {logging_mixin.py:190} INFO - [2026-03-08T10:14:13.254+0700] {dag.py:3211} INFO - Sync 1 DAGs
[2026-03-08T10:14:13.284+0700] {logging_mixin.py:190} INFO - [2026-03-08T10:14:13.284+0700] {dag.py:4138} INFO - Setting next_dagrun for dag_scraping_twitter to 2026-03-07 23:00:00+00:00, run_after=2026-03-08 11:00:00+00:00
[2026-03-08T10:14:13.306+0700] {processor.py:208} INFO - Processing /opt/airflow/dags/dag_scraping_twitter.py took 0.121 seconds
[2026-03-08T10:14:44.352+0700] {processor.py:186} INFO - Started process (PID=65194) to work on /opt/airflow/dags/dag_scraping_twitter.py
[2026-03-08T10:14:44.354+0700] {processor.py:914} INFO - Processing file /opt/airflow/dags/dag_scraping_twitter.py for tasks to queue
[2026-03-08T10:14:44.357+0700] {logging_mixin.py:190} INFO - [2026-03-08T10:14:44.357+0700] {dagbag.py:587} INFO - Filling up the DagBag from /opt/airflow/dags/dag_scraping_twitter.py
[2026-03-08T10:14:44.385+0700] {processor.py:925} INFO - DAG(s) 'dag_scraping_twitter' retrieved from /opt/airflow/dags/dag_scraping_twitter.py
[2026-03-08T10:14:44.429+0700] {logging_mixin.py:190} INFO - [2026-03-08T10:14:44.428+0700] {dag.py:3211} INFO - Sync 1 DAGs
[2026-03-08T10:14:44.477+0700] {logging_mixin.py:190} INFO - [2026-03-08T10:14:44.476+0700] {dag.py:4138} INFO - Setting next_dagrun for dag_scraping_twitter to 2026-03-07 23:00:00+00:00, run_after=2026-03-08 11:00:00+00:00
[2026-03-08T10:14:44.513+0700] {processor.py:208} INFO - Processing /opt/airflow/dags/dag_scraping_twitter.py took 0.169 seconds
[2026-03-08T10:15:15.428+0700] {processor.py:186} INFO - Started process (PID=65222) to work on /opt/airflow/dags/dag_scraping_twitter.py
[2026-03-08T10:15:15.430+0700] {processor.py:914} INFO - Processing file /opt/airflow/dags/dag_scraping_twitter.py for tasks to queue
[2026-03-08T10:15:15.433+0700] {logging_mixin.py:190} INFO - [2026-03-08T10:15:15.433+0700] {dagbag.py:587} INFO - Filling up the DagBag from /opt/airflow/dags/dag_scraping_twitter.py
[2026-03-08T10:15:15.454+0700] {processor.py:925} INFO - DAG(s) 'dag_scraping_twitter' retrieved from /opt/airflow/dags/dag_scraping_twitter.py
[2026-03-08T10:15:15.490+0700] {logging_mixin.py:190} INFO - [2026-03-08T10:15:15.490+0700] {dag.py:3211} INFO - Sync 1 DAGs
[2026-03-08T10:15:15.520+0700] {logging_mixin.py:190} INFO - [2026-03-08T10:15:15.520+0700] {dag.py:4138} INFO - Setting next_dagrun for dag_scraping_twitter to 2026-03-07 23:00:00+00:00, run_after=2026-03-08 11:00:00+00:00
[2026-03-08T10:15:15.541+0700] {processor.py:208} INFO - Processing /opt/airflow/dags/dag_scraping_twitter.py took 0.126 seconds
[2026-03-08T10:15:45.637+0700] {processor.py:186} INFO - Started process (PID=65250) to work on /opt/airflow/dags/dag_scraping_twitter.py
[2026-03-08T10:15:45.639+0700] {processor.py:914} INFO - Processing file /opt/airflow/dags/dag_scraping_twitter.py for tasks to queue
[2026-03-08T10:15:45.649+0700] {logging_mixin.py:190} INFO - [2026-03-08T10:15:45.648+0700] {dagbag.py:587} INFO - Filling up the DagBag from /opt/airflow/dags/dag_scraping_twitter.py
[2026-03-08T10:15:45.676+0700] {processor.py:925} INFO - DAG(s) 'dag_scraping_twitter' retrieved from /opt/airflow/dags/dag_scraping_twitter.py
[2026-03-08T10:15:45.706+0700] {logging_mixin.py:190} INFO - [2026-03-08T10:15:45.706+0700] {dag.py:3211} INFO - Sync 1 DAGs
[2026-03-08T10:15:45.735+0700] {logging_mixin.py:190} INFO - [2026-03-08T10:15:45.735+0700] {dag.py:4138} INFO - Setting next_dagrun for dag_scraping_twitter to 2026-03-07 23:00:00+00:00, run_after=2026-03-08 11:00:00+00:00
[2026-03-08T10:15:45.757+0700] {processor.py:208} INFO - Processing /opt/airflow/dags/dag_scraping_twitter.py took 0.130 seconds
[2026-03-08T10:16:15.983+0700] {processor.py:186} INFO - Started process (PID=65278) to work on /opt/airflow/dags/dag_scraping_twitter.py
[2026-03-08T10:16:15.984+0700] {processor.py:914} INFO - Processing file /opt/airflow/dags/dag_scraping_twitter.py for tasks to queue
[2026-03-08T10:16:15.987+0700] {logging_mixin.py:190} INFO - [2026-03-08T10:16:15.987+0700] {dagbag.py:587} INFO - Filling up the DagBag from /opt/airflow/dags/dag_scraping_twitter.py
[2026-03-08T10:16:16.013+0700] {processor.py:925} INFO - DAG(s) 'dag_scraping_twitter' retrieved from /opt/airflow/dags/dag_scraping_twitter.py
[2026-03-08T10:16:16.045+0700] {logging_mixin.py:190} INFO - [2026-03-08T10:16:16.045+0700] {dag.py:3211} INFO - Sync 1 DAGs
[2026-03-08T10:16:16.074+0700] {logging_mixin.py:190} INFO - [2026-03-08T10:16:16.074+0700] {dag.py:4138} INFO - Setting next_dagrun for dag_scraping_twitter to 2026-03-07 23:00:00+00:00, run_after=2026-03-08 11:00:00+00:00
[2026-03-08T10:16:16.096+0700] {processor.py:208} INFO - Processing /opt/airflow/dags/dag_scraping_twitter.py took 0.122 seconds
[2026-03-08T10:16:46.707+0700] {processor.py:186} INFO - Started process (PID=65307) to work on /opt/airflow/dags/dag_scraping_twitter.py
[2026-03-08T10:16:46.708+0700] {processor.py:914} INFO - Processing file /opt/airflow/dags/dag_scraping_twitter.py for tasks to queue
[2026-03-08T10:16:46.712+0700] {logging_mixin.py:190} INFO - [2026-03-08T10:16:46.712+0700] {dagbag.py:587} INFO - Filling up the DagBag from /opt/airflow/dags/dag_scraping_twitter.py
[2026-03-08T10:16:46.737+0700] {processor.py:925} INFO - DAG(s) 'dag_scraping_twitter' retrieved from /opt/airflow/dags/dag_scraping_twitter.py
[2026-03-08T10:16:46.768+0700] {logging_mixin.py:190} INFO - [2026-03-08T10:16:46.768+0700] {dag.py:3211} INFO - Sync 1 DAGs
[2026-03-08T10:16:46.801+0700] {logging_mixin.py:190} INFO - [2026-03-08T10:16:46.801+0700] {dag.py:4138} INFO - Setting next_dagrun for dag_scraping_twitter to 2026-03-07 23:00:00+00:00, run_after=2026-03-08 11:00:00+00:00
[2026-03-08T10:16:47.112+0700] {processor.py:208} INFO - Processing /opt/airflow/dags/dag_scraping_twitter.py took 0.414 seconds
[2026-03-08T10:17:17.228+0700] {processor.py:186} INFO - Started process (PID=65341) to work on /opt/airflow/dags/dag_scraping_twitter.py
[2026-03-08T10:17:17.231+0700] {processor.py:914} INFO - Processing file /opt/airflow/dags/dag_scraping_twitter.py for tasks to queue
[2026-03-08T10:17:17.237+0700] {logging_mixin.py:190} INFO - [2026-03-08T10:17:17.236+0700] {dagbag.py:587} INFO - Filling up the DagBag from /opt/airflow/dags/dag_scraping_twitter.py
[2026-03-08T10:17:17.269+0700] {processor.py:925} INFO - DAG(s) 'dag_scraping_twitter' retrieved from /opt/airflow/dags/dag_scraping_twitter.py
[2026-03-08T10:17:17.305+0700] {logging_mixin.py:190} INFO - [2026-03-08T10:17:17.305+0700] {dag.py:3211} INFO - Sync 1 DAGs
[2026-03-08T10:17:17.345+0700] {logging_mixin.py:190} INFO - [2026-03-08T10:17:17.344+0700] {dag.py:4138} INFO - Setting next_dagrun for dag_scraping_twitter to 2026-03-07 23:00:00+00:00, run_after=2026-03-08 11:00:00+00:00
[2026-03-08T10:17:17.369+0700] {processor.py:208} INFO - Processing /opt/airflow/dags/dag_scraping_twitter.py took 0.151 seconds
[2026-03-08T10:17:48.081+0700] {processor.py:186} INFO - Started process (PID=65369) to work on /opt/airflow/dags/dag_scraping_twitter.py
[2026-03-08T10:17:48.082+0700] {processor.py:914} INFO - Processing file /opt/airflow/dags/dag_scraping_twitter.py for tasks to queue
[2026-03-08T10:17:48.085+0700] {logging_mixin.py:190} INFO - [2026-03-08T10:17:48.084+0700] {dagbag.py:587} INFO - Filling up the DagBag from /opt/airflow/dags/dag_scraping_twitter.py
[2026-03-08T10:17:48.114+0700] {processor.py:925} INFO - DAG(s) 'dag_scraping_twitter' retrieved from /opt/airflow/dags/dag_scraping_twitter.py
[2026-03-08T10:17:48.151+0700] {logging_mixin.py:190} INFO - [2026-03-08T10:17:48.151+0700] {dag.py:3211} INFO - Sync 1 DAGs
[2026-03-08T10:17:48.184+0700] {logging_mixin.py:190} INFO - [2026-03-08T10:17:48.184+0700] {dag.py:4138} INFO - Setting next_dagrun for dag_scraping_twitter to 2026-03-07 23:00:00+00:00, run_after=2026-03-08 11:00:00+00:00
[2026-03-08T10:17:48.207+0700] {processor.py:208} INFO - Processing /opt/airflow/dags/dag_scraping_twitter.py took 0.135 seconds
[2026-03-08T10:18:18.829+0700] {processor.py:186} INFO - Started process (PID=65397) to work on /opt/airflow/dags/dag_scraping_twitter.py
[2026-03-08T10:18:18.831+0700] {processor.py:914} INFO - Processing file /opt/airflow/dags/dag_scraping_twitter.py for tasks to queue
[2026-03-08T10:18:18.834+0700] {logging_mixin.py:190} INFO - [2026-03-08T10:18:18.833+0700] {dagbag.py:587} INFO - Filling up the DagBag from /opt/airflow/dags/dag_scraping_twitter.py
[2026-03-08T10:18:18.858+0700] {processor.py:925} INFO - DAG(s) 'dag_scraping_twitter' retrieved from /opt/airflow/dags/dag_scraping_twitter.py
[2026-03-08T10:18:18.891+0700] {logging_mixin.py:190} INFO - [2026-03-08T10:18:18.890+0700] {dag.py:3211} INFO - Sync 1 DAGs
[2026-03-08T10:18:18.922+0700] {logging_mixin.py:190} INFO - [2026-03-08T10:18:18.921+0700] {dag.py:4138} INFO - Setting next_dagrun for dag_scraping_twitter to 2026-03-07 23:00:00+00:00, run_after=2026-03-08 11:00:00+00:00
[2026-03-08T10:18:18.941+0700] {processor.py:208} INFO - Processing /opt/airflow/dags/dag_scraping_twitter.py took 0.120 seconds
[2026-03-08T10:18:49.075+0700] {processor.py:186} INFO - Started process (PID=65425) to work on /opt/airflow/dags/dag_scraping_twitter.py
[2026-03-08T10:18:49.076+0700] {processor.py:914} INFO - Processing file /opt/airflow/dags/dag_scraping_twitter.py for tasks to queue
[2026-03-08T10:18:49.079+0700] {logging_mixin.py:190} INFO - [2026-03-08T10:18:49.079+0700] {dagbag.py:587} INFO - Filling up the DagBag from /opt/airflow/dags/dag_scraping_twitter.py
[2026-03-08T10:18:49.105+0700] {processor.py:925} INFO - DAG(s) 'dag_scraping_twitter' retrieved from /opt/airflow/dags/dag_scraping_twitter.py
[2026-03-08T10:18:49.134+0700] {logging_mixin.py:190} INFO - [2026-03-08T10:18:49.134+0700] {dag.py:3211} INFO - Sync 1 DAGs
[2026-03-08T10:18:49.161+0700] {logging_mixin.py:190} INFO - [2026-03-08T10:18:49.161+0700] {dag.py:4138} INFO - Setting next_dagrun for dag_scraping_twitter to 2026-03-07 23:00:00+00:00, run_after=2026-03-08 11:00:00+00:00
[2026-03-08T10:18:49.186+0700] {processor.py:208} INFO - Processing /opt/airflow/dags/dag_scraping_twitter.py took 0.119 seconds
[2026-03-08T10:19:20.214+0700] {processor.py:186} INFO - Started process (PID=65453) to work on /opt/airflow/dags/dag_scraping_twitter.py
[2026-03-08T10:19:20.216+0700] {processor.py:914} INFO - Processing file /opt/airflow/dags/dag_scraping_twitter.py for tasks to queue
[2026-03-08T10:19:20.220+0700] {logging_mixin.py:190} INFO - [2026-03-08T10:19:20.219+0700] {dagbag.py:587} INFO - Filling up the DagBag from /opt/airflow/dags/dag_scraping_twitter.py
[2026-03-08T10:19:20.243+0700] {processor.py:925} INFO - DAG(s) 'dag_scraping_twitter' retrieved from /opt/airflow/dags/dag_scraping_twitter.py
[2026-03-08T10:19:20.275+0700] {logging_mixin.py:190} INFO - [2026-03-08T10:19:20.275+0700] {dag.py:3211} INFO - Sync 1 DAGs
[2026-03-08T10:19:20.304+0700] {logging_mixin.py:190} INFO - [2026-03-08T10:19:20.304+0700] {dag.py:4138} INFO - Setting next_dagrun for dag_scraping_twitter to 2026-03-07 23:00:00+00:00, run_after=2026-03-08 11:00:00+00:00
[2026-03-08T10:19:20.327+0700] {processor.py:208} INFO - Processing /opt/airflow/dags/dag_scraping_twitter.py took 0.122 seconds
[2026-03-08T10:19:50.438+0700] {processor.py:186} INFO - Started process (PID=65487) to work on /opt/airflow/dags/dag_scraping_twitter.py
[2026-03-08T10:19:50.440+0700] {processor.py:914} INFO - Processing file /opt/airflow/dags/dag_scraping_twitter.py for tasks to queue
[2026-03-08T10:19:50.443+0700] {logging_mixin.py:190} INFO - [2026-03-08T10:19:50.442+0700] {dagbag.py:587} INFO - Filling up the DagBag from /opt/airflow/dags/dag_scraping_twitter.py
[2026-03-08T10:19:50.469+0700] {processor.py:925} INFO - DAG(s) 'dag_scraping_twitter' retrieved from /opt/airflow/dags/dag_scraping_twitter.py
[2026-03-08T10:19:50.500+0700] {logging_mixin.py:190} INFO - [2026-03-08T10:19:50.500+0700] {dag.py:3211} INFO - Sync 1 DAGs
[2026-03-08T10:19:50.530+0700] {logging_mixin.py:190} INFO - [2026-03-08T10:19:50.530+0700] {dag.py:4138} INFO - Setting next_dagrun for dag_scraping_twitter to 2026-03-07 23:00:00+00:00, run_after=2026-03-08 11:00:00+00:00
[2026-03-08T10:19:50.554+0700] {processor.py:208} INFO - Processing /opt/airflow/dags/dag_scraping_twitter.py took 0.123 seconds
[2026-03-08T10:20:21.414+0700] {processor.py:186} INFO - Started process (PID=65515) to work on /opt/airflow/dags/dag_scraping_twitter.py
[2026-03-08T10:20:21.417+0700] {processor.py:914} INFO - Processing file /opt/airflow/dags/dag_scraping_twitter.py for tasks to queue
[2026-03-08T10:20:21.422+0700] {logging_mixin.py:190} INFO - [2026-03-08T10:20:21.422+0700] {dagbag.py:587} INFO - Filling up the DagBag from /opt/airflow/dags/dag_scraping_twitter.py
[2026-03-08T10:20:21.448+0700] {processor.py:925} INFO - DAG(s) 'dag_scraping_twitter' retrieved from /opt/airflow/dags/dag_scraping_twitter.py
[2026-03-08T10:20:21.484+0700] {logging_mixin.py:190} INFO - [2026-03-08T10:20:21.484+0700] {dag.py:3211} INFO - Sync 1 DAGs
[2026-03-08T10:20:21.518+0700] {logging_mixin.py:190} INFO - [2026-03-08T10:20:21.518+0700] {dag.py:4138} INFO - Setting next_dagrun for dag_scraping_twitter to 2026-03-07 23:00:00+00:00, run_after=2026-03-08 11:00:00+00:00
[2026-03-08T10:20:21.544+0700] {processor.py:208} INFO - Processing /opt/airflow/dags/dag_scraping_twitter.py took 0.140 seconds
[2026-03-08T10:20:51.738+0700] {processor.py:186} INFO - Started process (PID=65543) to work on /opt/airflow/dags/dag_scraping_twitter.py
[2026-03-08T10:20:51.740+0700] {processor.py:914} INFO - Processing file /opt/airflow/dags/dag_scraping_twitter.py for tasks to queue
[2026-03-08T10:20:51.742+0700] {logging_mixin.py:190} INFO - [2026-03-08T10:20:51.742+0700] {dagbag.py:587} INFO - Filling up the DagBag from /opt/airflow/dags/dag_scraping_twitter.py
[2026-03-08T10:20:51.773+0700] {processor.py:925} INFO - DAG(s) 'dag_scraping_twitter' retrieved from /opt/airflow/dags/dag_scraping_twitter.py
[2026-03-08T10:20:51.812+0700] {logging_mixin.py:190} INFO - [2026-03-08T10:20:51.811+0700] {dag.py:3211} INFO - Sync 1 DAGs
[2026-03-08T10:20:51.843+0700] {logging_mixin.py:190} INFO - [2026-03-08T10:20:51.843+0700] {dag.py:4138} INFO - Setting next_dagrun for dag_scraping_twitter to 2026-03-07 23:00:00+00:00, run_after=2026-03-08 11:00:00+00:00
[2026-03-08T10:20:51.874+0700] {processor.py:208} INFO - Processing /opt/airflow/dags/dag_scraping_twitter.py took 0.144 seconds
[2026-03-08T10:21:22.697+0700] {processor.py:186} INFO - Started process (PID=65571) to work on /opt/airflow/dags/dag_scraping_twitter.py
[2026-03-08T10:21:22.699+0700] {processor.py:914} INFO - Processing file /opt/airflow/dags/dag_scraping_twitter.py for tasks to queue
[2026-03-08T10:21:22.703+0700] {logging_mixin.py:190} INFO - [2026-03-08T10:21:22.703+0700] {dagbag.py:587} INFO - Filling up the DagBag from /opt/airflow/dags/dag_scraping_twitter.py
[2026-03-08T10:21:22.731+0700] {processor.py:925} INFO - DAG(s) 'dag_scraping_twitter' retrieved from /opt/airflow/dags/dag_scraping_twitter.py
[2026-03-08T10:21:22.765+0700] {logging_mixin.py:190} INFO - [2026-03-08T10:21:22.765+0700] {dag.py:3211} INFO - Sync 1 DAGs
[2026-03-08T10:21:22.794+0700] {logging_mixin.py:190} INFO - [2026-03-08T10:21:22.794+0700] {dag.py:4138} INFO - Setting next_dagrun for dag_scraping_twitter to 2026-03-07 23:00:00+00:00, run_after=2026-03-08 11:00:00+00:00
[2026-03-08T10:21:22.818+0700] {processor.py:208} INFO - Processing /opt/airflow/dags/dag_scraping_twitter.py took 0.129 seconds
[2026-03-08T10:21:53.642+0700] {processor.py:186} INFO - Started process (PID=65599) to work on /opt/airflow/dags/dag_scraping_twitter.py
[2026-03-08T10:21:53.644+0700] {processor.py:914} INFO - Processing file /opt/airflow/dags/dag_scraping_twitter.py for tasks to queue
[2026-03-08T10:21:53.647+0700] {logging_mixin.py:190} INFO - [2026-03-08T10:21:53.647+0700] {dagbag.py:587} INFO - Filling up the DagBag from /opt/airflow/dags/dag_scraping_twitter.py
[2026-03-08T10:21:53.676+0700] {processor.py:925} INFO - DAG(s) 'dag_scraping_twitter' retrieved from /opt/airflow/dags/dag_scraping_twitter.py
[2026-03-08T10:21:53.711+0700] {logging_mixin.py:190} INFO - [2026-03-08T10:21:53.711+0700] {dag.py:3211} INFO - Sync 1 DAGs
[2026-03-08T10:21:53.744+0700] {logging_mixin.py:190} INFO - [2026-03-08T10:21:53.744+0700] {dag.py:4138} INFO - Setting next_dagrun for dag_scraping_twitter to 2026-03-07 23:00:00+00:00, run_after=2026-03-08 11:00:00+00:00
[2026-03-08T10:21:53.773+0700] {processor.py:208} INFO - Processing /opt/airflow/dags/dag_scraping_twitter.py took 0.140 seconds
[2026-03-08T10:22:23.859+0700] {processor.py:186} INFO - Started process (PID=65627) to work on /opt/airflow/dags/dag_scraping_twitter.py
[2026-03-08T10:22:23.860+0700] {processor.py:914} INFO - Processing file /opt/airflow/dags/dag_scraping_twitter.py for tasks to queue
[2026-03-08T10:22:23.864+0700] {logging_mixin.py:190} INFO - [2026-03-08T10:22:23.863+0700] {dagbag.py:587} INFO - Filling up the DagBag from /opt/airflow/dags/dag_scraping_twitter.py
[2026-03-08T10:22:23.893+0700] {processor.py:925} INFO - DAG(s) 'dag_scraping_twitter' retrieved from /opt/airflow/dags/dag_scraping_twitter.py
[2026-03-08T10:22:23.927+0700] {logging_mixin.py:190} INFO - [2026-03-08T10:22:23.926+0700] {dag.py:3211} INFO - Sync 1 DAGs
[2026-03-08T10:22:23.959+0700] {logging_mixin.py:190} INFO - [2026-03-08T10:22:23.958+0700] {dag.py:4138} INFO - Setting next_dagrun for dag_scraping_twitter to 2026-03-07 23:00:00+00:00, run_after=2026-03-08 11:00:00+00:00
[2026-03-08T10:22:24.228+0700] {processor.py:208} INFO - Processing /opt/airflow/dags/dag_scraping_twitter.py took 0.376 seconds
[2026-03-08T10:22:54.760+0700] {processor.py:186} INFO - Started process (PID=65661) to work on /opt/airflow/dags/dag_scraping_twitter.py
[2026-03-08T10:22:54.762+0700] {processor.py:914} INFO - Processing file /opt/airflow/dags/dag_scraping_twitter.py for tasks to queue
[2026-03-08T10:22:54.765+0700] {logging_mixin.py:190} INFO - [2026-03-08T10:22:54.764+0700] {dagbag.py:587} INFO - Filling up the DagBag from /opt/airflow/dags/dag_scraping_twitter.py
[2026-03-08T10:22:54.791+0700] {processor.py:925} INFO - DAG(s) 'dag_scraping_twitter' retrieved from /opt/airflow/dags/dag_scraping_twitter.py
[2026-03-08T10:22:54.827+0700] {logging_mixin.py:190} INFO - [2026-03-08T10:22:54.827+0700] {dag.py:3211} INFO - Sync 1 DAGs
[2026-03-08T10:22:54.863+0700] {logging_mixin.py:190} INFO - [2026-03-08T10:22:54.863+0700] {dag.py:4138} INFO - Setting next_dagrun for dag_scraping_twitter to 2026-03-07 23:00:00+00:00, run_after=2026-03-08 11:00:00+00:00
[2026-03-08T10:22:54.892+0700] {processor.py:208} INFO - Processing /opt/airflow/dags/dag_scraping_twitter.py took 0.143 seconds
[2026-03-08T10:23:25.811+0700] {processor.py:186} INFO - Started process (PID=65689) to work on /opt/airflow/dags/dag_scraping_twitter.py
[2026-03-08T10:23:25.813+0700] {processor.py:914} INFO - Processing file /opt/airflow/dags/dag_scraping_twitter.py for tasks to queue
[2026-03-08T10:23:25.816+0700] {logging_mixin.py:190} INFO - [2026-03-08T10:23:25.815+0700] {dagbag.py:587} INFO - Filling up the DagBag from /opt/airflow/dags/dag_scraping_twitter.py
[2026-03-08T10:23:25.848+0700] {processor.py:925} INFO - DAG(s) 'dag_scraping_twitter' retrieved from /opt/airflow/dags/dag_scraping_twitter.py
[2026-03-08T10:23:25.883+0700] {logging_mixin.py:190} INFO - [2026-03-08T10:23:25.883+0700] {dag.py:3211} INFO - Sync 1 DAGs
[2026-03-08T10:23:25.927+0700] {logging_mixin.py:190} INFO - [2026-03-08T10:23:25.927+0700] {dag.py:4138} INFO - Setting next_dagrun for dag_scraping_twitter to 2026-03-07 23:00:00+00:00, run_after=2026-03-08 11:00:00+00:00
[2026-03-08T10:23:25.961+0700] {processor.py:208} INFO - Processing /opt/airflow/dags/dag_scraping_twitter.py took 0.162 seconds
[2026-03-08T10:23:56.267+0700] {processor.py:186} INFO - Started process (PID=65717) to work on /opt/airflow/dags/dag_scraping_twitter.py
[2026-03-08T10:23:56.268+0700] {processor.py:914} INFO - Processing file /opt/airflow/dags/dag_scraping_twitter.py for tasks to queue
[2026-03-08T10:23:56.272+0700] {logging_mixin.py:190} INFO - [2026-03-08T10:23:56.272+0700] {dagbag.py:587} INFO - Filling up the DagBag from /opt/airflow/dags/dag_scraping_twitter.py
[2026-03-08T10:23:56.295+0700] {processor.py:925} INFO - DAG(s) 'dag_scraping_twitter' retrieved from /opt/airflow/dags/dag_scraping_twitter.py
[2026-03-08T10:23:56.328+0700] {logging_mixin.py:190} INFO - [2026-03-08T10:23:56.328+0700] {dag.py:3211} INFO - Sync 1 DAGs
[2026-03-08T10:23:56.364+0700] {logging_mixin.py:190} INFO - [2026-03-08T10:23:56.364+0700] {dag.py:4138} INFO - Setting next_dagrun for dag_scraping_twitter to 2026-03-07 23:00:00+00:00, run_after=2026-03-08 11:00:00+00:00
[2026-03-08T10:23:56.389+0700] {processor.py:208} INFO - Processing /opt/airflow/dags/dag_scraping_twitter.py took 0.132 seconds
[2026-03-08T10:24:26.440+0700] {processor.py:186} INFO - Started process (PID=65745) to work on /opt/airflow/dags/dag_scraping_twitter.py
[2026-03-08T10:24:26.442+0700] {processor.py:914} INFO - Processing file /opt/airflow/dags/dag_scraping_twitter.py for tasks to queue
[2026-03-08T10:24:26.445+0700] {logging_mixin.py:190} INFO - [2026-03-08T10:24:26.445+0700] {dagbag.py:587} INFO - Filling up the DagBag from /opt/airflow/dags/dag_scraping_twitter.py
[2026-03-08T10:24:26.469+0700] {processor.py:925} INFO - DAG(s) 'dag_scraping_twitter' retrieved from /opt/airflow/dags/dag_scraping_twitter.py
[2026-03-08T10:24:26.498+0700] {logging_mixin.py:190} INFO - [2026-03-08T10:24:26.498+0700] {dag.py:3211} INFO - Sync 1 DAGs
[2026-03-08T10:24:26.525+0700] {logging_mixin.py:190} INFO - [2026-03-08T10:24:26.524+0700] {dag.py:4138} INFO - Setting next_dagrun for dag_scraping_twitter to 2026-03-07 23:00:00+00:00, run_after=2026-03-08 11:00:00+00:00
[2026-03-08T10:24:26.547+0700] {processor.py:208} INFO - Processing /opt/airflow/dags/dag_scraping_twitter.py took 0.115 seconds
[2026-03-08T10:24:57.452+0700] {processor.py:186} INFO - Started process (PID=65773) to work on /opt/airflow/dags/dag_scraping_twitter.py
[2026-03-08T10:24:57.454+0700] {processor.py:914} INFO - Processing file /opt/airflow/dags/dag_scraping_twitter.py for tasks to queue
[2026-03-08T10:24:57.456+0700] {logging_mixin.py:190} INFO - [2026-03-08T10:24:57.456+0700] {dagbag.py:587} INFO - Filling up the DagBag from /opt/airflow/dags/dag_scraping_twitter.py
[2026-03-08T10:24:57.483+0700] {processor.py:925} INFO - DAG(s) 'dag_scraping_twitter' retrieved from /opt/airflow/dags/dag_scraping_twitter.py
[2026-03-08T10:24:57.515+0700] {logging_mixin.py:190} INFO - [2026-03-08T10:24:57.514+0700] {dag.py:3211} INFO - Sync 1 DAGs
[2026-03-08T10:24:57.547+0700] {logging_mixin.py:190} INFO - [2026-03-08T10:24:57.546+0700] {dag.py:4138} INFO - Setting next_dagrun for dag_scraping_twitter to 2026-03-07 23:00:00+00:00, run_after=2026-03-08 11:00:00+00:00
[2026-03-08T10:24:57.823+0700] {processor.py:208} INFO - Processing /opt/airflow/dags/dag_scraping_twitter.py took 0.379 seconds
[2026-03-08T10:25:28.661+0700] {processor.py:186} INFO - Started process (PID=65807) to work on /opt/airflow/dags/dag_scraping_twitter.py
[2026-03-08T10:25:28.663+0700] {processor.py:914} INFO - Processing file /opt/airflow/dags/dag_scraping_twitter.py for tasks to queue
[2026-03-08T10:25:28.666+0700] {logging_mixin.py:190} INFO - [2026-03-08T10:25:28.665+0700] {dagbag.py:587} INFO - Filling up the DagBag from /opt/airflow/dags/dag_scraping_twitter.py
[2026-03-08T10:25:28.690+0700] {processor.py:925} INFO - DAG(s) 'dag_scraping_twitter' retrieved from /opt/airflow/dags/dag_scraping_twitter.py
[2026-03-08T10:25:28.724+0700] {logging_mixin.py:190} INFO - [2026-03-08T10:25:28.724+0700] {dag.py:3211} INFO - Sync 1 DAGs
[2026-03-08T10:25:28.753+0700] {logging_mixin.py:190} INFO - [2026-03-08T10:25:28.753+0700] {dag.py:4138} INFO - Setting next_dagrun for dag_scraping_twitter to 2026-03-07 23:00:00+00:00, run_after=2026-03-08 11:00:00+00:00
[2026-03-08T10:25:28.775+0700] {processor.py:208} INFO - Processing /opt/airflow/dags/dag_scraping_twitter.py took 0.123 seconds
[2026-03-08T10:25:59.742+0700] {processor.py:186} INFO - Started process (PID=65835) to work on /opt/airflow/dags/dag_scraping_twitter.py
[2026-03-08T10:25:59.743+0700] {processor.py:914} INFO - Processing file /opt/airflow/dags/dag_scraping_twitter.py for tasks to queue
[2026-03-08T10:25:59.750+0700] {logging_mixin.py:190} INFO - [2026-03-08T10:25:59.749+0700] {dagbag.py:587} INFO - Filling up the DagBag from /opt/airflow/dags/dag_scraping_twitter.py
[2026-03-08T10:25:59.773+0700] {processor.py:925} INFO - DAG(s) 'dag_scraping_twitter' retrieved from /opt/airflow/dags/dag_scraping_twitter.py
[2026-03-08T10:25:59.801+0700] {logging_mixin.py:190} INFO - [2026-03-08T10:25:59.801+0700] {dag.py:3211} INFO - Sync 1 DAGs
[2026-03-08T10:25:59.827+0700] {logging_mixin.py:190} INFO - [2026-03-08T10:25:59.827+0700] {dag.py:4138} INFO - Setting next_dagrun for dag_scraping_twitter to 2026-03-07 23:00:00+00:00, run_after=2026-03-08 11:00:00+00:00
[2026-03-08T10:25:59.849+0700] {processor.py:208} INFO - Processing /opt/airflow/dags/dag_scraping_twitter.py took 0.114 seconds
[2026-03-08T10:26:30.256+0700] {processor.py:186} INFO - Started process (PID=65863) to work on /opt/airflow/dags/dag_scraping_twitter.py
[2026-03-08T10:26:30.257+0700] {processor.py:914} INFO - Processing file /opt/airflow/dags/dag_scraping_twitter.py for tasks to queue
[2026-03-08T10:26:30.259+0700] {logging_mixin.py:190} INFO - [2026-03-08T10:26:30.259+0700] {dagbag.py:587} INFO - Filling up the DagBag from /opt/airflow/dags/dag_scraping_twitter.py
[2026-03-08T10:26:30.285+0700] {processor.py:925} INFO - DAG(s) 'dag_scraping_twitter' retrieved from /opt/airflow/dags/dag_scraping_twitter.py
[2026-03-08T10:26:30.314+0700] {logging_mixin.py:190} INFO - [2026-03-08T10:26:30.313+0700] {dag.py:3211} INFO - Sync 1 DAGs
[2026-03-08T10:26:30.342+0700] {logging_mixin.py:190} INFO - [2026-03-08T10:26:30.341+0700] {dag.py:4138} INFO - Setting next_dagrun for dag_scraping_twitter to 2026-03-07 23:00:00+00:00, run_after=2026-03-08 11:00:00+00:00
[2026-03-08T10:26:30.367+0700] {processor.py:208} INFO - Processing /opt/airflow/dags/dag_scraping_twitter.py took 0.120 seconds
[2026-03-08T10:42:25.573+0700] {processor.py:186} INFO - Started process (PID=65880) to work on /opt/airflow/dags/dag_scraping_twitter.py
[2026-03-08T10:42:25.630+0700] {processor.py:914} INFO - Processing file /opt/airflow/dags/dag_scraping_twitter.py for tasks to queue
[2026-03-08T10:42:25.660+0700] {logging_mixin.py:190} INFO - [2026-03-08T10:42:25.659+0700] {dagbag.py:587} INFO - Filling up the DagBag from /opt/airflow/dags/dag_scraping_twitter.py
[2026-03-08T10:42:26.007+0700] {processor.py:925} INFO - DAG(s) 'dag_scraping_twitter' retrieved from /opt/airflow/dags/dag_scraping_twitter.py
[2026-03-08T10:42:26.228+0700] {logging_mixin.py:190} INFO - [2026-03-08T10:42:26.227+0700] {dag.py:3211} INFO - Sync 1 DAGs
[2026-03-08T10:42:26.415+0700] {logging_mixin.py:190} INFO - [2026-03-08T10:42:26.415+0700] {dag.py:4138} INFO - Setting next_dagrun for dag_scraping_twitter to 2026-03-07 23:00:00+00:00, run_after=2026-03-08 11:00:00+00:00
[2026-03-08T10:42:26.509+0700] {processor.py:208} INFO - Processing /opt/airflow/dags/dag_scraping_twitter.py took 0.967 seconds
[2026-03-08T10:42:57.498+0700] {processor.py:186} INFO - Started process (PID=65914) to work on /opt/airflow/dags/dag_scraping_twitter.py
[2026-03-08T10:42:57.500+0700] {processor.py:914} INFO - Processing file /opt/airflow/dags/dag_scraping_twitter.py for tasks to queue
[2026-03-08T10:42:57.502+0700] {logging_mixin.py:190} INFO - [2026-03-08T10:42:57.502+0700] {dagbag.py:587} INFO - Filling up the DagBag from /opt/airflow/dags/dag_scraping_twitter.py
[2026-03-08T10:42:57.525+0700] {processor.py:925} INFO - DAG(s) 'dag_scraping_twitter' retrieved from /opt/airflow/dags/dag_scraping_twitter.py
[2026-03-08T10:42:57.558+0700] {logging_mixin.py:190} INFO - [2026-03-08T10:42:57.558+0700] {dag.py:3211} INFO - Sync 1 DAGs
[2026-03-08T10:42:57.588+0700] {logging_mixin.py:190} INFO - [2026-03-08T10:42:57.588+0700] {dag.py:4138} INFO - Setting next_dagrun for dag_scraping_twitter to 2026-03-07 23:00:00+00:00, run_after=2026-03-08 11:00:00+00:00
[2026-03-08T10:42:57.614+0700] {processor.py:208} INFO - Processing /opt/airflow/dags/dag_scraping_twitter.py took 0.124 seconds
[2026-03-08T10:43:27.926+0700] {processor.py:186} INFO - Started process (PID=65942) to work on /opt/airflow/dags/dag_scraping_twitter.py
[2026-03-08T10:43:27.928+0700] {processor.py:914} INFO - Processing file /opt/airflow/dags/dag_scraping_twitter.py for tasks to queue
[2026-03-08T10:43:27.930+0700] {logging_mixin.py:190} INFO - [2026-03-08T10:43:27.930+0700] {dagbag.py:587} INFO - Filling up the DagBag from /opt/airflow/dags/dag_scraping_twitter.py
[2026-03-08T10:43:27.952+0700] {processor.py:925} INFO - DAG(s) 'dag_scraping_twitter' retrieved from /opt/airflow/dags/dag_scraping_twitter.py
[2026-03-08T10:43:27.986+0700] {logging_mixin.py:190} INFO - [2026-03-08T10:43:27.986+0700] {dag.py:3211} INFO - Sync 1 DAGs
[2026-03-08T10:43:28.014+0700] {logging_mixin.py:190} INFO - [2026-03-08T10:43:28.014+0700] {dag.py:4138} INFO - Setting next_dagrun for dag_scraping_twitter to 2026-03-07 23:00:00+00:00, run_after=2026-03-08 11:00:00+00:00
[2026-03-08T10:43:28.306+0700] {processor.py:208} INFO - Processing /opt/airflow/dags/dag_scraping_twitter.py took 0.387 seconds
[2026-03-08T10:43:58.826+0700] {processor.py:186} INFO - Started process (PID=65972) to work on /opt/airflow/dags/dag_scraping_twitter.py
[2026-03-08T10:43:58.828+0700] {processor.py:914} INFO - Processing file /opt/airflow/dags/dag_scraping_twitter.py for tasks to queue
[2026-03-08T10:43:58.833+0700] {logging_mixin.py:190} INFO - [2026-03-08T10:43:58.831+0700] {dagbag.py:587} INFO - Filling up the DagBag from /opt/airflow/dags/dag_scraping_twitter.py
[2026-03-08T10:43:58.859+0700] {processor.py:925} INFO - DAG(s) 'dag_scraping_twitter' retrieved from /opt/airflow/dags/dag_scraping_twitter.py
[2026-03-08T10:43:58.901+0700] {logging_mixin.py:190} INFO - [2026-03-08T10:43:58.901+0700] {dag.py:3211} INFO - Sync 1 DAGs
[2026-03-08T10:43:58.938+0700] {logging_mixin.py:190} INFO - [2026-03-08T10:43:58.938+0700] {dag.py:4138} INFO - Setting next_dagrun for dag_scraping_twitter to 2026-03-07 23:00:00+00:00, run_after=2026-03-08 11:00:00+00:00
[2026-03-08T10:43:58.965+0700] {processor.py:208} INFO - Processing /opt/airflow/dags/dag_scraping_twitter.py took 0.154 seconds
[2026-03-08T10:44:29.028+0700] {processor.py:186} INFO - Started process (PID=66000) to work on /opt/airflow/dags/dag_scraping_twitter.py
[2026-03-08T10:44:29.029+0700] {processor.py:914} INFO - Processing file /opt/airflow/dags/dag_scraping_twitter.py for tasks to queue
[2026-03-08T10:44:29.032+0700] {logging_mixin.py:190} INFO - [2026-03-08T10:44:29.031+0700] {dagbag.py:587} INFO - Filling up the DagBag from /opt/airflow/dags/dag_scraping_twitter.py
[2026-03-08T10:44:29.051+0700] {processor.py:925} INFO - DAG(s) 'dag_scraping_twitter' retrieved from /opt/airflow/dags/dag_scraping_twitter.py
[2026-03-08T10:44:29.079+0700] {logging_mixin.py:190} INFO - [2026-03-08T10:44:29.079+0700] {dag.py:3211} INFO - Sync 1 DAGs
[2026-03-08T10:44:29.107+0700] {logging_mixin.py:190} INFO - [2026-03-08T10:44:29.106+0700] {dag.py:4138} INFO - Setting next_dagrun for dag_scraping_twitter to 2026-03-07 23:00:00+00:00, run_after=2026-03-08 11:00:00+00:00
[2026-03-08T10:44:29.131+0700] {processor.py:208} INFO - Processing /opt/airflow/dags/dag_scraping_twitter.py took 0.109 seconds
[2026-03-08T10:44:59.414+0700] {processor.py:186} INFO - Started process (PID=66028) to work on /opt/airflow/dags/dag_scraping_twitter.py
[2026-03-08T10:44:59.415+0700] {processor.py:914} INFO - Processing file /opt/airflow/dags/dag_scraping_twitter.py for tasks to queue
[2026-03-08T10:44:59.419+0700] {logging_mixin.py:190} INFO - [2026-03-08T10:44:59.418+0700] {dagbag.py:587} INFO - Filling up the DagBag from /opt/airflow/dags/dag_scraping_twitter.py
[2026-03-08T10:44:59.441+0700] {processor.py:925} INFO - DAG(s) 'dag_scraping_twitter' retrieved from /opt/airflow/dags/dag_scraping_twitter.py
[2026-03-08T10:44:59.476+0700] {logging_mixin.py:190} INFO - [2026-03-08T10:44:59.476+0700] {dag.py:3211} INFO - Sync 1 DAGs
[2026-03-08T10:44:59.510+0700] {logging_mixin.py:190} INFO - [2026-03-08T10:44:59.510+0700] {dag.py:4138} INFO - Setting next_dagrun for dag_scraping_twitter to 2026-03-07 23:00:00+00:00, run_after=2026-03-08 11:00:00+00:00
[2026-03-08T10:44:59.540+0700] {processor.py:208} INFO - Processing /opt/airflow/dags/dag_scraping_twitter.py took 0.132 seconds
[2026-03-08T10:45:29.925+0700] {processor.py:186} INFO - Started process (PID=66056) to work on /opt/airflow/dags/dag_scraping_twitter.py
[2026-03-08T10:45:29.926+0700] {processor.py:914} INFO - Processing file /opt/airflow/dags/dag_scraping_twitter.py for tasks to queue
[2026-03-08T10:45:29.929+0700] {logging_mixin.py:190} INFO - [2026-03-08T10:45:29.928+0700] {dagbag.py:587} INFO - Filling up the DagBag from /opt/airflow/dags/dag_scraping_twitter.py
[2026-03-08T10:45:29.957+0700] {processor.py:925} INFO - DAG(s) 'dag_scraping_twitter' retrieved from /opt/airflow/dags/dag_scraping_twitter.py
[2026-03-08T10:45:29.990+0700] {logging_mixin.py:190} INFO - [2026-03-08T10:45:29.990+0700] {dag.py:3211} INFO - Sync 1 DAGs
[2026-03-08T10:45:30.025+0700] {logging_mixin.py:190} INFO - [2026-03-08T10:45:30.024+0700] {dag.py:4138} INFO - Setting next_dagrun for dag_scraping_twitter to 2026-03-07 23:00:00+00:00, run_after=2026-03-08 11:00:00+00:00
[2026-03-08T10:45:30.057+0700] {processor.py:208} INFO - Processing /opt/airflow/dags/dag_scraping_twitter.py took 0.142 seconds
[2026-03-08T10:46:00.213+0700] {processor.py:186} INFO - Started process (PID=66090) to work on /opt/airflow/dags/dag_scraping_twitter.py
[2026-03-08T10:46:00.215+0700] {processor.py:914} INFO - Processing file /opt/airflow/dags/dag_scraping_twitter.py for tasks to queue
[2026-03-08T10:46:00.220+0700] {logging_mixin.py:190} INFO - [2026-03-08T10:46:00.220+0700] {dagbag.py:587} INFO - Filling up the DagBag from /opt/airflow/dags/dag_scraping_twitter.py
[2026-03-08T10:46:00.251+0700] {processor.py:925} INFO - DAG(s) 'dag_scraping_twitter' retrieved from /opt/airflow/dags/dag_scraping_twitter.py
[2026-03-08T10:46:00.300+0700] {logging_mixin.py:190} INFO - [2026-03-08T10:46:00.299+0700] {dag.py:3211} INFO - Sync 1 DAGs
[2026-03-08T10:46:00.328+0700] {logging_mixin.py:190} INFO - [2026-03-08T10:46:00.327+0700] {dag.py:4138} INFO - Setting next_dagrun for dag_scraping_twitter to 2026-03-07 23:00:00+00:00, run_after=2026-03-08 11:00:00+00:00
[2026-03-08T10:46:00.350+0700] {processor.py:208} INFO - Processing /opt/airflow/dags/dag_scraping_twitter.py took 0.156 seconds
[2026-03-08T10:46:30.971+0700] {processor.py:186} INFO - Started process (PID=66118) to work on /opt/airflow/dags/dag_scraping_twitter.py
[2026-03-08T10:46:30.972+0700] {processor.py:914} INFO - Processing file /opt/airflow/dags/dag_scraping_twitter.py for tasks to queue
[2026-03-08T10:46:30.974+0700] {logging_mixin.py:190} INFO - [2026-03-08T10:46:30.974+0700] {dagbag.py:587} INFO - Filling up the DagBag from /opt/airflow/dags/dag_scraping_twitter.py
[2026-03-08T10:46:30.995+0700] {processor.py:925} INFO - DAG(s) 'dag_scraping_twitter' retrieved from /opt/airflow/dags/dag_scraping_twitter.py
[2026-03-08T10:46:31.025+0700] {logging_mixin.py:190} INFO - [2026-03-08T10:46:31.025+0700] {dag.py:3211} INFO - Sync 1 DAGs
[2026-03-08T10:46:31.225+0700] {logging_mixin.py:190} INFO - [2026-03-08T10:46:31.224+0700] {dag.py:4138} INFO - Setting next_dagrun for dag_scraping_twitter to 2026-03-07 23:00:00+00:00, run_after=2026-03-08 11:00:00+00:00
[2026-03-08T10:46:31.247+0700] {processor.py:208} INFO - Processing /opt/airflow/dags/dag_scraping_twitter.py took 0.282 seconds
[2026-03-08T10:47:01.352+0700] {processor.py:186} INFO - Started process (PID=66146) to work on /opt/airflow/dags/dag_scraping_twitter.py
[2026-03-08T10:47:01.353+0700] {processor.py:914} INFO - Processing file /opt/airflow/dags/dag_scraping_twitter.py for tasks to queue
[2026-03-08T10:47:01.356+0700] {logging_mixin.py:190} INFO - [2026-03-08T10:47:01.355+0700] {dagbag.py:587} INFO - Filling up the DagBag from /opt/airflow/dags/dag_scraping_twitter.py
[2026-03-08T10:47:01.383+0700] {processor.py:925} INFO - DAG(s) 'dag_scraping_twitter' retrieved from /opt/airflow/dags/dag_scraping_twitter.py
[2026-03-08T10:47:01.423+0700] {logging_mixin.py:190} INFO - [2026-03-08T10:47:01.422+0700] {dag.py:3211} INFO - Sync 1 DAGs
[2026-03-08T10:47:01.462+0700] {logging_mixin.py:190} INFO - [2026-03-08T10:47:01.462+0700] {dag.py:4138} INFO - Setting next_dagrun for dag_scraping_twitter to 2026-03-07 23:00:00+00:00, run_after=2026-03-08 11:00:00+00:00
[2026-03-08T10:47:01.495+0700] {processor.py:208} INFO - Processing /opt/airflow/dags/dag_scraping_twitter.py took 0.153 seconds
[2026-03-08T10:47:32.157+0700] {processor.py:186} INFO - Started process (PID=66174) to work on /opt/airflow/dags/dag_scraping_twitter.py
[2026-03-08T10:47:32.159+0700] {processor.py:914} INFO - Processing file /opt/airflow/dags/dag_scraping_twitter.py for tasks to queue
[2026-03-08T10:47:32.163+0700] {logging_mixin.py:190} INFO - [2026-03-08T10:47:32.162+0700] {dagbag.py:587} INFO - Filling up the DagBag from /opt/airflow/dags/dag_scraping_twitter.py
[2026-03-08T10:47:32.196+0700] {processor.py:925} INFO - DAG(s) 'dag_scraping_twitter' retrieved from /opt/airflow/dags/dag_scraping_twitter.py
[2026-03-08T10:47:32.239+0700] {logging_mixin.py:190} INFO - [2026-03-08T10:47:32.239+0700] {dag.py:3211} INFO - Sync 1 DAGs
[2026-03-08T10:47:32.276+0700] {logging_mixin.py:190} INFO - [2026-03-08T10:47:32.275+0700] {dag.py:4138} INFO - Setting next_dagrun for dag_scraping_twitter to 2026-03-07 23:00:00+00:00, run_after=2026-03-08 11:00:00+00:00
[2026-03-08T10:47:32.309+0700] {processor.py:208} INFO - Processing /opt/airflow/dags/dag_scraping_twitter.py took 0.163 seconds
[2026-03-08T10:48:02.461+0700] {processor.py:186} INFO - Started process (PID=66203) to work on /opt/airflow/dags/dag_scraping_twitter.py
[2026-03-08T10:48:02.462+0700] {processor.py:914} INFO - Processing file /opt/airflow/dags/dag_scraping_twitter.py for tasks to queue
[2026-03-08T10:48:02.466+0700] {logging_mixin.py:190} INFO - [2026-03-08T10:48:02.465+0700] {dagbag.py:587} INFO - Filling up the DagBag from /opt/airflow/dags/dag_scraping_twitter.py
[2026-03-08T10:48:02.491+0700] {processor.py:925} INFO - DAG(s) 'dag_scraping_twitter' retrieved from /opt/airflow/dags/dag_scraping_twitter.py
[2026-03-08T10:48:02.521+0700] {logging_mixin.py:190} INFO - [2026-03-08T10:48:02.521+0700] {dag.py:3211} INFO - Sync 1 DAGs
[2026-03-08T10:48:02.548+0700] {logging_mixin.py:190} INFO - [2026-03-08T10:48:02.548+0700] {dag.py:4138} INFO - Setting next_dagrun for dag_scraping_twitter to 2026-03-07 23:00:00+00:00, run_after=2026-03-08 11:00:00+00:00
[2026-03-08T10:48:02.573+0700] {processor.py:208} INFO - Processing /opt/airflow/dags/dag_scraping_twitter.py took 0.120 seconds
[2026-03-08T10:48:33.140+0700] {processor.py:186} INFO - Started process (PID=66231) to work on /opt/airflow/dags/dag_scraping_twitter.py
[2026-03-08T10:48:33.141+0700] {processor.py:914} INFO - Processing file /opt/airflow/dags/dag_scraping_twitter.py for tasks to queue
[2026-03-08T10:48:33.146+0700] {logging_mixin.py:190} INFO - [2026-03-08T10:48:33.145+0700] {dagbag.py:587} INFO - Filling up the DagBag from /opt/airflow/dags/dag_scraping_twitter.py
[2026-03-08T10:48:33.172+0700] {processor.py:925} INFO - DAG(s) 'dag_scraping_twitter' retrieved from /opt/airflow/dags/dag_scraping_twitter.py
[2026-03-08T10:48:33.206+0700] {logging_mixin.py:190} INFO - [2026-03-08T10:48:33.206+0700] {dag.py:3211} INFO - Sync 1 DAGs
[2026-03-08T10:48:33.233+0700] {logging_mixin.py:190} INFO - [2026-03-08T10:48:33.233+0700] {dag.py:4138} INFO - Setting next_dagrun for dag_scraping_twitter to 2026-03-07 23:00:00+00:00, run_after=2026-03-08 11:00:00+00:00
[2026-03-08T10:48:33.259+0700] {processor.py:208} INFO - Processing /opt/airflow/dags/dag_scraping_twitter.py took 0.129 seconds
[2026-03-08T10:49:03.455+0700] {processor.py:186} INFO - Started process (PID=66259) to work on /opt/airflow/dags/dag_scraping_twitter.py
[2026-03-08T10:49:03.456+0700] {processor.py:914} INFO - Processing file /opt/airflow/dags/dag_scraping_twitter.py for tasks to queue
[2026-03-08T10:49:03.459+0700] {logging_mixin.py:190} INFO - [2026-03-08T10:49:03.459+0700] {dagbag.py:587} INFO - Filling up the DagBag from /opt/airflow/dags/dag_scraping_twitter.py
[2026-03-08T10:49:03.483+0700] {processor.py:925} INFO - DAG(s) 'dag_scraping_twitter' retrieved from /opt/airflow/dags/dag_scraping_twitter.py
[2026-03-08T10:49:03.515+0700] {logging_mixin.py:190} INFO - [2026-03-08T10:49:03.515+0700] {dag.py:3211} INFO - Sync 1 DAGs
[2026-03-08T10:49:03.549+0700] {logging_mixin.py:190} INFO - [2026-03-08T10:49:03.549+0700] {dag.py:4138} INFO - Setting next_dagrun for dag_scraping_twitter to 2026-03-07 23:00:00+00:00, run_after=2026-03-08 11:00:00+00:00
[2026-03-08T10:49:03.865+0700] {processor.py:208} INFO - Processing /opt/airflow/dags/dag_scraping_twitter.py took 0.417 seconds
[2026-03-08T10:49:33.927+0700] {processor.py:186} INFO - Started process (PID=66287) to work on /opt/airflow/dags/dag_scraping_twitter.py
[2026-03-08T10:49:33.928+0700] {processor.py:914} INFO - Processing file /opt/airflow/dags/dag_scraping_twitter.py for tasks to queue
[2026-03-08T10:49:33.932+0700] {logging_mixin.py:190} INFO - [2026-03-08T10:49:33.931+0700] {dagbag.py:587} INFO - Filling up the DagBag from /opt/airflow/dags/dag_scraping_twitter.py
[2026-03-08T10:49:33.954+0700] {processor.py:925} INFO - DAG(s) 'dag_scraping_twitter' retrieved from /opt/airflow/dags/dag_scraping_twitter.py
[2026-03-08T10:49:33.985+0700] {logging_mixin.py:190} INFO - [2026-03-08T10:49:33.984+0700] {dag.py:3211} INFO - Sync 1 DAGs
[2026-03-08T10:49:34.181+0700] {logging_mixin.py:190} INFO - [2026-03-08T10:49:34.181+0700] {dag.py:4138} INFO - Setting next_dagrun for dag_scraping_twitter to 2026-03-07 23:00:00+00:00, run_after=2026-03-08 11:00:00+00:00
[2026-03-08T10:49:34.205+0700] {processor.py:208} INFO - Processing /opt/airflow/dags/dag_scraping_twitter.py took 0.285 seconds
[2026-03-08T10:50:04.341+0700] {processor.py:186} INFO - Started process (PID=66321) to work on /opt/airflow/dags/dag_scraping_twitter.py
[2026-03-08T10:50:04.342+0700] {processor.py:914} INFO - Processing file /opt/airflow/dags/dag_scraping_twitter.py for tasks to queue
[2026-03-08T10:50:04.346+0700] {logging_mixin.py:190} INFO - [2026-03-08T10:50:04.346+0700] {dagbag.py:587} INFO - Filling up the DagBag from /opt/airflow/dags/dag_scraping_twitter.py
[2026-03-08T10:50:04.378+0700] {processor.py:925} INFO - DAG(s) 'dag_scraping_twitter' retrieved from /opt/airflow/dags/dag_scraping_twitter.py
[2026-03-08T10:50:04.423+0700] {logging_mixin.py:190} INFO - [2026-03-08T10:50:04.423+0700] {dag.py:3211} INFO - Sync 1 DAGs
[2026-03-08T10:50:04.457+0700] {logging_mixin.py:190} INFO - [2026-03-08T10:50:04.457+0700] {dag.py:4138} INFO - Setting next_dagrun for dag_scraping_twitter to 2026-03-07 23:00:00+00:00, run_after=2026-03-08 11:00:00+00:00
[2026-03-08T10:50:04.489+0700] {processor.py:208} INFO - Processing /opt/airflow/dags/dag_scraping_twitter.py took 0.158 seconds
[2026-03-08T10:50:35.211+0700] {processor.py:186} INFO - Started process (PID=66349) to work on /opt/airflow/dags/dag_scraping_twitter.py
[2026-03-08T10:50:35.213+0700] {processor.py:914} INFO - Processing file /opt/airflow/dags/dag_scraping_twitter.py for tasks to queue
[2026-03-08T10:50:35.216+0700] {logging_mixin.py:190} INFO - [2026-03-08T10:50:35.216+0700] {dagbag.py:587} INFO - Filling up the DagBag from /opt/airflow/dags/dag_scraping_twitter.py
[2026-03-08T10:50:35.239+0700] {processor.py:925} INFO - DAG(s) 'dag_scraping_twitter' retrieved from /opt/airflow/dags/dag_scraping_twitter.py
[2026-03-08T10:50:35.276+0700] {logging_mixin.py:190} INFO - [2026-03-08T10:50:35.276+0700] {dag.py:3211} INFO - Sync 1 DAGs
[2026-03-08T10:50:35.302+0700] {logging_mixin.py:190} INFO - [2026-03-08T10:50:35.302+0700] {dag.py:4138} INFO - Setting next_dagrun for dag_scraping_twitter to 2026-03-07 23:00:00+00:00, run_after=2026-03-08 11:00:00+00:00
[2026-03-08T10:50:35.328+0700] {processor.py:208} INFO - Processing /opt/airflow/dags/dag_scraping_twitter.py took 0.125 seconds
[2026-03-08T10:51:05.447+0700] {processor.py:186} INFO - Started process (PID=66378) to work on /opt/airflow/dags/dag_scraping_twitter.py
[2026-03-08T10:51:05.449+0700] {processor.py:914} INFO - Processing file /opt/airflow/dags/dag_scraping_twitter.py for tasks to queue
[2026-03-08T10:51:05.452+0700] {logging_mixin.py:190} INFO - [2026-03-08T10:51:05.451+0700] {dagbag.py:587} INFO - Filling up the DagBag from /opt/airflow/dags/dag_scraping_twitter.py
[2026-03-08T10:51:05.476+0700] {processor.py:925} INFO - DAG(s) 'dag_scraping_twitter' retrieved from /opt/airflow/dags/dag_scraping_twitter.py
[2026-03-08T10:51:05.508+0700] {logging_mixin.py:190} INFO - [2026-03-08T10:51:05.508+0700] {dag.py:3211} INFO - Sync 1 DAGs
[2026-03-08T10:51:05.537+0700] {logging_mixin.py:190} INFO - [2026-03-08T10:51:05.537+0700] {dag.py:4138} INFO - Setting next_dagrun for dag_scraping_twitter to 2026-03-07 23:00:00+00:00, run_after=2026-03-08 11:00:00+00:00
[2026-03-08T10:51:05.566+0700] {processor.py:208} INFO - Processing /opt/airflow/dags/dag_scraping_twitter.py took 0.127 seconds
[2026-03-08T10:51:35.627+0700] {processor.py:186} INFO - Started process (PID=66406) to work on /opt/airflow/dags/dag_scraping_twitter.py
[2026-03-08T10:51:35.629+0700] {processor.py:914} INFO - Processing file /opt/airflow/dags/dag_scraping_twitter.py for tasks to queue
[2026-03-08T10:51:35.632+0700] {logging_mixin.py:190} INFO - [2026-03-08T10:51:35.632+0700] {dagbag.py:587} INFO - Filling up the DagBag from /opt/airflow/dags/dag_scraping_twitter.py
[2026-03-08T10:51:35.660+0700] {processor.py:925} INFO - DAG(s) 'dag_scraping_twitter' retrieved from /opt/airflow/dags/dag_scraping_twitter.py
[2026-03-08T10:51:35.688+0700] {logging_mixin.py:190} INFO - [2026-03-08T10:51:35.688+0700] {dag.py:3211} INFO - Sync 1 DAGs
[2026-03-08T10:51:35.718+0700] {logging_mixin.py:190} INFO - [2026-03-08T10:51:35.718+0700] {dag.py:4138} INFO - Setting next_dagrun for dag_scraping_twitter to 2026-03-07 23:00:00+00:00, run_after=2026-03-08 11:00:00+00:00
[2026-03-08T10:51:35.753+0700] {processor.py:208} INFO - Processing /opt/airflow/dags/dag_scraping_twitter.py took 0.133 seconds
[2026-03-08T10:52:05.909+0700] {processor.py:186} INFO - Started process (PID=66434) to work on /opt/airflow/dags/dag_scraping_twitter.py
[2026-03-08T10:52:05.910+0700] {processor.py:914} INFO - Processing file /opt/airflow/dags/dag_scraping_twitter.py for tasks to queue
[2026-03-08T10:52:05.917+0700] {logging_mixin.py:190} INFO - [2026-03-08T10:52:05.917+0700] {dagbag.py:587} INFO - Filling up the DagBag from /opt/airflow/dags/dag_scraping_twitter.py
[2026-03-08T10:52:05.946+0700] {processor.py:925} INFO - DAG(s) 'dag_scraping_twitter' retrieved from /opt/airflow/dags/dag_scraping_twitter.py
[2026-03-08T10:52:05.978+0700] {logging_mixin.py:190} INFO - [2026-03-08T10:52:05.978+0700] {dag.py:3211} INFO - Sync 1 DAGs
[2026-03-08T10:52:06.199+0700] {logging_mixin.py:190} INFO - [2026-03-08T10:52:06.199+0700] {dag.py:4138} INFO - Setting next_dagrun for dag_scraping_twitter to 2026-03-07 23:00:00+00:00, run_after=2026-03-08 11:00:00+00:00
[2026-03-08T10:52:06.224+0700] {processor.py:208} INFO - Processing /opt/airflow/dags/dag_scraping_twitter.py took 0.322 seconds
[2026-03-08T10:52:36.321+0700] {processor.py:186} INFO - Started process (PID=66462) to work on /opt/airflow/dags/dag_scraping_twitter.py
[2026-03-08T10:52:36.323+0700] {processor.py:914} INFO - Processing file /opt/airflow/dags/dag_scraping_twitter.py for tasks to queue
[2026-03-08T10:52:36.325+0700] {logging_mixin.py:190} INFO - [2026-03-08T10:52:36.325+0700] {dagbag.py:587} INFO - Filling up the DagBag from /opt/airflow/dags/dag_scraping_twitter.py
[2026-03-08T10:52:36.347+0700] {processor.py:925} INFO - DAG(s) 'dag_scraping_twitter' retrieved from /opt/airflow/dags/dag_scraping_twitter.py
[2026-03-08T10:52:36.376+0700] {logging_mixin.py:190} INFO - [2026-03-08T10:52:36.375+0700] {dag.py:3211} INFO - Sync 1 DAGs
[2026-03-08T10:52:36.403+0700] {logging_mixin.py:190} INFO - [2026-03-08T10:52:36.403+0700] {dag.py:4138} INFO - Setting next_dagrun for dag_scraping_twitter to 2026-03-07 23:00:00+00:00, run_after=2026-03-08 11:00:00+00:00
[2026-03-08T10:52:36.427+0700] {processor.py:208} INFO - Processing /opt/airflow/dags/dag_scraping_twitter.py took 0.114 seconds
[2026-03-08T10:53:06.717+0700] {processor.py:186} INFO - Started process (PID=66490) to work on /opt/airflow/dags/dag_scraping_twitter.py
[2026-03-08T10:53:06.718+0700] {processor.py:914} INFO - Processing file /opt/airflow/dags/dag_scraping_twitter.py for tasks to queue
[2026-03-08T10:53:06.720+0700] {logging_mixin.py:190} INFO - [2026-03-08T10:53:06.720+0700] {dagbag.py:587} INFO - Filling up the DagBag from /opt/airflow/dags/dag_scraping_twitter.py
[2026-03-08T10:53:06.743+0700] {processor.py:925} INFO - DAG(s) 'dag_scraping_twitter' retrieved from /opt/airflow/dags/dag_scraping_twitter.py
[2026-03-08T10:53:06.771+0700] {logging_mixin.py:190} INFO - [2026-03-08T10:53:06.770+0700] {dag.py:3211} INFO - Sync 1 DAGs
[2026-03-08T10:53:06.799+0700] {logging_mixin.py:190} INFO - [2026-03-08T10:53:06.798+0700] {dag.py:4138} INFO - Setting next_dagrun for dag_scraping_twitter to 2026-03-07 23:00:00+00:00, run_after=2026-03-08 11:00:00+00:00
[2026-03-08T10:53:06.825+0700] {processor.py:208} INFO - Processing /opt/airflow/dags/dag_scraping_twitter.py took 0.115 seconds
[2026-03-08T10:53:36.952+0700] {processor.py:186} INFO - Started process (PID=66524) to work on /opt/airflow/dags/dag_scraping_twitter.py
[2026-03-08T10:53:36.953+0700] {processor.py:914} INFO - Processing file /opt/airflow/dags/dag_scraping_twitter.py for tasks to queue
[2026-03-08T10:53:36.956+0700] {logging_mixin.py:190} INFO - [2026-03-08T10:53:36.955+0700] {dagbag.py:587} INFO - Filling up the DagBag from /opt/airflow/dags/dag_scraping_twitter.py
[2026-03-08T10:53:36.979+0700] {processor.py:925} INFO - DAG(s) 'dag_scraping_twitter' retrieved from /opt/airflow/dags/dag_scraping_twitter.py
[2026-03-08T10:53:37.011+0700] {logging_mixin.py:190} INFO - [2026-03-08T10:53:37.010+0700] {dag.py:3211} INFO - Sync 1 DAGs
[2026-03-08T10:53:37.046+0700] {logging_mixin.py:190} INFO - [2026-03-08T10:53:37.046+0700] {dag.py:4138} INFO - Setting next_dagrun for dag_scraping_twitter to 2026-03-07 23:00:00+00:00, run_after=2026-03-08 11:00:00+00:00
[2026-03-08T10:53:37.077+0700] {processor.py:208} INFO - Processing /opt/airflow/dags/dag_scraping_twitter.py took 0.132 seconds
[2026-03-08T10:54:07.673+0700] {processor.py:186} INFO - Started process (PID=66552) to work on /opt/airflow/dags/dag_scraping_twitter.py
[2026-03-08T10:54:07.674+0700] {processor.py:914} INFO - Processing file /opt/airflow/dags/dag_scraping_twitter.py for tasks to queue
[2026-03-08T10:54:07.677+0700] {logging_mixin.py:190} INFO - [2026-03-08T10:54:07.676+0700] {dagbag.py:587} INFO - Filling up the DagBag from /opt/airflow/dags/dag_scraping_twitter.py
[2026-03-08T10:54:07.697+0700] {processor.py:925} INFO - DAG(s) 'dag_scraping_twitter' retrieved from /opt/airflow/dags/dag_scraping_twitter.py
[2026-03-08T10:54:07.724+0700] {logging_mixin.py:190} INFO - [2026-03-08T10:54:07.723+0700] {dag.py:3211} INFO - Sync 1 DAGs
[2026-03-08T10:54:07.747+0700] {logging_mixin.py:190} INFO - [2026-03-08T10:54:07.747+0700] {dag.py:4138} INFO - Setting next_dagrun for dag_scraping_twitter to 2026-03-07 23:00:00+00:00, run_after=2026-03-08 11:00:00+00:00
[2026-03-08T10:54:07.772+0700] {processor.py:208} INFO - Processing /opt/airflow/dags/dag_scraping_twitter.py took 0.106 seconds
[2026-03-08T10:54:37.979+0700] {processor.py:186} INFO - Started process (PID=66580) to work on /opt/airflow/dags/dag_scraping_twitter.py
[2026-03-08T10:54:37.980+0700] {processor.py:914} INFO - Processing file /opt/airflow/dags/dag_scraping_twitter.py for tasks to queue
[2026-03-08T10:54:37.983+0700] {logging_mixin.py:190} INFO - [2026-03-08T10:54:37.983+0700] {dagbag.py:587} INFO - Filling up the DagBag from /opt/airflow/dags/dag_scraping_twitter.py
[2026-03-08T10:54:38.009+0700] {processor.py:925} INFO - DAG(s) 'dag_scraping_twitter' retrieved from /opt/airflow/dags/dag_scraping_twitter.py
[2026-03-08T10:54:38.038+0700] {logging_mixin.py:190} INFO - [2026-03-08T10:54:38.038+0700] {dag.py:3211} INFO - Sync 1 DAGs
[2026-03-08T10:54:38.067+0700] {logging_mixin.py:190} INFO - [2026-03-08T10:54:38.067+0700] {dag.py:4138} INFO - Setting next_dagrun for dag_scraping_twitter to 2026-03-07 23:00:00+00:00, run_after=2026-03-08 11:00:00+00:00
[2026-03-08T10:54:38.292+0700] {processor.py:208} INFO - Processing /opt/airflow/dags/dag_scraping_twitter.py took 0.319 seconds
[2026-03-08T10:55:09.236+0700] {processor.py:186} INFO - Started process (PID=66608) to work on /opt/airflow/dags/dag_scraping_twitter.py
[2026-03-08T10:55:09.237+0700] {processor.py:914} INFO - Processing file /opt/airflow/dags/dag_scraping_twitter.py for tasks to queue
[2026-03-08T10:55:09.240+0700] {logging_mixin.py:190} INFO - [2026-03-08T10:55:09.240+0700] {dagbag.py:587} INFO - Filling up the DagBag from /opt/airflow/dags/dag_scraping_twitter.py
[2026-03-08T10:55:09.264+0700] {processor.py:925} INFO - DAG(s) 'dag_scraping_twitter' retrieved from /opt/airflow/dags/dag_scraping_twitter.py
[2026-03-08T10:55:09.298+0700] {logging_mixin.py:190} INFO - [2026-03-08T10:55:09.298+0700] {dag.py:3211} INFO - Sync 1 DAGs
[2026-03-08T10:55:09.499+0700] {logging_mixin.py:190} INFO - [2026-03-08T10:55:09.499+0700] {dag.py:4138} INFO - Setting next_dagrun for dag_scraping_twitter to 2026-03-07 23:00:00+00:00, run_after=2026-03-08 11:00:00+00:00
[2026-03-08T10:55:09.524+0700] {processor.py:208} INFO - Processing /opt/airflow/dags/dag_scraping_twitter.py took 0.296 seconds
[2026-03-08T10:55:40.036+0700] {processor.py:186} INFO - Started process (PID=66636) to work on /opt/airflow/dags/dag_scraping_twitter.py
[2026-03-08T10:55:40.037+0700] {processor.py:914} INFO - Processing file /opt/airflow/dags/dag_scraping_twitter.py for tasks to queue
[2026-03-08T10:55:40.041+0700] {logging_mixin.py:190} INFO - [2026-03-08T10:55:40.041+0700] {dagbag.py:587} INFO - Filling up the DagBag from /opt/airflow/dags/dag_scraping_twitter.py
[2026-03-08T10:55:40.067+0700] {processor.py:925} INFO - DAG(s) 'dag_scraping_twitter' retrieved from /opt/airflow/dags/dag_scraping_twitter.py
[2026-03-08T10:55:40.096+0700] {logging_mixin.py:190} INFO - [2026-03-08T10:55:40.095+0700] {dag.py:3211} INFO - Sync 1 DAGs
[2026-03-08T10:55:40.120+0700] {logging_mixin.py:190} INFO - [2026-03-08T10:55:40.120+0700] {dag.py:4138} INFO - Setting next_dagrun for dag_scraping_twitter to 2026-03-07 23:00:00+00:00, run_after=2026-03-08 11:00:00+00:00
[2026-03-08T10:55:40.148+0700] {processor.py:208} INFO - Processing /opt/airflow/dags/dag_scraping_twitter.py took 0.119 seconds
[2026-03-08T10:56:10.210+0700] {processor.py:186} INFO - Started process (PID=66670) to work on /opt/airflow/dags/dag_scraping_twitter.py
[2026-03-08T10:56:10.211+0700] {processor.py:914} INFO - Processing file /opt/airflow/dags/dag_scraping_twitter.py for tasks to queue
[2026-03-08T10:56:10.214+0700] {logging_mixin.py:190} INFO - [2026-03-08T10:56:10.214+0700] {dagbag.py:587} INFO - Filling up the DagBag from /opt/airflow/dags/dag_scraping_twitter.py
[2026-03-08T10:56:10.235+0700] {processor.py:925} INFO - DAG(s) 'dag_scraping_twitter' retrieved from /opt/airflow/dags/dag_scraping_twitter.py
[2026-03-08T10:56:10.263+0700] {logging_mixin.py:190} INFO - [2026-03-08T10:56:10.263+0700] {dag.py:3211} INFO - Sync 1 DAGs
[2026-03-08T10:56:10.290+0700] {logging_mixin.py:190} INFO - [2026-03-08T10:56:10.289+0700] {dag.py:4138} INFO - Setting next_dagrun for dag_scraping_twitter to 2026-03-07 23:00:00+00:00, run_after=2026-03-08 11:00:00+00:00
[2026-03-08T10:56:10.317+0700] {processor.py:208} INFO - Processing /opt/airflow/dags/dag_scraping_twitter.py took 0.113 seconds
[2026-03-08T10:56:40.395+0700] {processor.py:186} INFO - Started process (PID=66698) to work on /opt/airflow/dags/dag_scraping_twitter.py
[2026-03-08T10:56:40.396+0700] {processor.py:914} INFO - Processing file /opt/airflow/dags/dag_scraping_twitter.py for tasks to queue
[2026-03-08T10:56:40.403+0700] {logging_mixin.py:190} INFO - [2026-03-08T10:56:40.402+0700] {dagbag.py:587} INFO - Filling up the DagBag from /opt/airflow/dags/dag_scraping_twitter.py
[2026-03-08T10:56:40.438+0700] {processor.py:925} INFO - DAG(s) 'dag_scraping_twitter' retrieved from /opt/airflow/dags/dag_scraping_twitter.py
[2026-03-08T10:56:40.481+0700] {logging_mixin.py:190} INFO - [2026-03-08T10:56:40.481+0700] {dag.py:3211} INFO - Sync 1 DAGs
[2026-03-08T10:56:40.517+0700] {logging_mixin.py:190} INFO - [2026-03-08T10:56:40.516+0700] {dag.py:4138} INFO - Setting next_dagrun for dag_scraping_twitter to 2026-03-07 23:00:00+00:00, run_after=2026-03-08 11:00:00+00:00
[2026-03-08T10:56:40.548+0700] {processor.py:208} INFO - Processing /opt/airflow/dags/dag_scraping_twitter.py took 0.163 seconds
[2026-03-08T10:57:10.709+0700] {processor.py:186} INFO - Started process (PID=66726) to work on /opt/airflow/dags/dag_scraping_twitter.py
[2026-03-08T10:57:10.711+0700] {processor.py:914} INFO - Processing file /opt/airflow/dags/dag_scraping_twitter.py for tasks to queue
[2026-03-08T10:57:10.713+0700] {logging_mixin.py:190} INFO - [2026-03-08T10:57:10.713+0700] {dagbag.py:587} INFO - Filling up the DagBag from /opt/airflow/dags/dag_scraping_twitter.py
[2026-03-08T10:57:10.735+0700] {processor.py:925} INFO - DAG(s) 'dag_scraping_twitter' retrieved from /opt/airflow/dags/dag_scraping_twitter.py
[2026-03-08T10:57:10.763+0700] {logging_mixin.py:190} INFO - [2026-03-08T10:57:10.762+0700] {dag.py:3211} INFO - Sync 1 DAGs
[2026-03-08T10:57:10.789+0700] {logging_mixin.py:190} INFO - [2026-03-08T10:57:10.789+0700] {dag.py:4138} INFO - Setting next_dagrun for dag_scraping_twitter to 2026-03-07 23:00:00+00:00, run_after=2026-03-08 11:00:00+00:00
[2026-03-08T10:57:10.816+0700] {processor.py:208} INFO - Processing /opt/airflow/dags/dag_scraping_twitter.py took 0.116 seconds
[2026-03-08T10:57:40.918+0700] {processor.py:186} INFO - Started process (PID=66754) to work on /opt/airflow/dags/dag_scraping_twitter.py
[2026-03-08T10:57:40.921+0700] {processor.py:914} INFO - Processing file /opt/airflow/dags/dag_scraping_twitter.py for tasks to queue
[2026-03-08T10:57:40.924+0700] {logging_mixin.py:190} INFO - [2026-03-08T10:57:40.923+0700] {dagbag.py:587} INFO - Filling up the DagBag from /opt/airflow/dags/dag_scraping_twitter.py
[2026-03-08T10:57:40.960+0700] {processor.py:925} INFO - DAG(s) 'dag_scraping_twitter' retrieved from /opt/airflow/dags/dag_scraping_twitter.py
[2026-03-08T10:57:40.995+0700] {logging_mixin.py:190} INFO - [2026-03-08T10:57:40.995+0700] {dag.py:3211} INFO - Sync 1 DAGs
[2026-03-08T10:57:41.288+0700] {logging_mixin.py:190} INFO - [2026-03-08T10:57:41.287+0700] {dag.py:4138} INFO - Setting next_dagrun for dag_scraping_twitter to 2026-03-07 23:00:00+00:00, run_after=2026-03-08 11:00:00+00:00
[2026-03-08T10:57:41.314+0700] {processor.py:208} INFO - Processing /opt/airflow/dags/dag_scraping_twitter.py took 0.405 seconds
[2026-03-08T10:58:11.601+0700] {processor.py:186} INFO - Started process (PID=66782) to work on /opt/airflow/dags/dag_scraping_twitter.py
[2026-03-08T10:58:11.602+0700] {processor.py:914} INFO - Processing file /opt/airflow/dags/dag_scraping_twitter.py for tasks to queue
[2026-03-08T10:58:11.604+0700] {logging_mixin.py:190} INFO - [2026-03-08T10:58:11.604+0700] {dagbag.py:587} INFO - Filling up the DagBag from /opt/airflow/dags/dag_scraping_twitter.py
[2026-03-08T10:58:11.626+0700] {processor.py:925} INFO - DAG(s) 'dag_scraping_twitter' retrieved from /opt/airflow/dags/dag_scraping_twitter.py
[2026-03-08T10:58:11.653+0700] {logging_mixin.py:190} INFO - [2026-03-08T10:58:11.653+0700] {dag.py:3211} INFO - Sync 1 DAGs
[2026-03-08T10:58:11.682+0700] {logging_mixin.py:190} INFO - [2026-03-08T10:58:11.682+0700] {dag.py:4138} INFO - Setting next_dagrun for dag_scraping_twitter to 2026-03-07 23:00:00+00:00, run_after=2026-03-08 11:00:00+00:00
[2026-03-08T10:58:11.708+0700] {processor.py:208} INFO - Processing /opt/airflow/dags/dag_scraping_twitter.py took 0.116 seconds
[2026-03-08T10:58:41.782+0700] {processor.py:186} INFO - Started process (PID=66810) to work on /opt/airflow/dags/dag_scraping_twitter.py
[2026-03-08T10:58:41.783+0700] {processor.py:914} INFO - Processing file /opt/airflow/dags/dag_scraping_twitter.py for tasks to queue
[2026-03-08T10:58:41.786+0700] {logging_mixin.py:190} INFO - [2026-03-08T10:58:41.786+0700] {dagbag.py:587} INFO - Filling up the DagBag from /opt/airflow/dags/dag_scraping_twitter.py
[2026-03-08T10:58:41.806+0700] {processor.py:925} INFO - DAG(s) 'dag_scraping_twitter' retrieved from /opt/airflow/dags/dag_scraping_twitter.py
[2026-03-08T10:58:41.834+0700] {logging_mixin.py:190} INFO - [2026-03-08T10:58:41.834+0700] {dag.py:3211} INFO - Sync 1 DAGs
[2026-03-08T10:58:41.860+0700] {logging_mixin.py:190} INFO - [2026-03-08T10:58:41.860+0700] {dag.py:4138} INFO - Setting next_dagrun for dag_scraping_twitter to 2026-03-07 23:00:00+00:00, run_after=2026-03-08 11:00:00+00:00
[2026-03-08T10:58:41.887+0700] {processor.py:208} INFO - Processing /opt/airflow/dags/dag_scraping_twitter.py took 0.112 seconds
[2026-03-08T10:59:12.424+0700] {processor.py:186} INFO - Started process (PID=66838) to work on /opt/airflow/dags/dag_scraping_twitter.py
[2026-03-08T10:59:12.425+0700] {processor.py:914} INFO - Processing file /opt/airflow/dags/dag_scraping_twitter.py for tasks to queue
[2026-03-08T10:59:12.428+0700] {logging_mixin.py:190} INFO - [2026-03-08T10:59:12.427+0700] {dagbag.py:587} INFO - Filling up the DagBag from /opt/airflow/dags/dag_scraping_twitter.py
[2026-03-08T10:59:12.448+0700] {processor.py:925} INFO - DAG(s) 'dag_scraping_twitter' retrieved from /opt/airflow/dags/dag_scraping_twitter.py
[2026-03-08T10:59:12.475+0700] {logging_mixin.py:190} INFO - [2026-03-08T10:59:12.474+0700] {dag.py:3211} INFO - Sync 1 DAGs
[2026-03-08T10:59:12.500+0700] {logging_mixin.py:190} INFO - [2026-03-08T10:59:12.500+0700] {dag.py:4138} INFO - Setting next_dagrun for dag_scraping_twitter to 2026-03-07 23:00:00+00:00, run_after=2026-03-08 11:00:00+00:00
[2026-03-08T10:59:12.526+0700] {processor.py:208} INFO - Processing /opt/airflow/dags/dag_scraping_twitter.py took 0.109 seconds
[2026-03-08T10:59:42.614+0700] {processor.py:186} INFO - Started process (PID=66866) to work on /opt/airflow/dags/dag_scraping_twitter.py
[2026-03-08T10:59:42.615+0700] {processor.py:914} INFO - Processing file /opt/airflow/dags/dag_scraping_twitter.py for tasks to queue
[2026-03-08T10:59:42.618+0700] {logging_mixin.py:190} INFO - [2026-03-08T10:59:42.617+0700] {dagbag.py:587} INFO - Filling up the DagBag from /opt/airflow/dags/dag_scraping_twitter.py
[2026-03-08T10:59:42.637+0700] {processor.py:925} INFO - DAG(s) 'dag_scraping_twitter' retrieved from /opt/airflow/dags/dag_scraping_twitter.py
[2026-03-08T10:59:42.664+0700] {logging_mixin.py:190} INFO - [2026-03-08T10:59:42.664+0700] {dag.py:3211} INFO - Sync 1 DAGs
[2026-03-08T10:59:42.690+0700] {logging_mixin.py:190} INFO - [2026-03-08T10:59:42.690+0700] {dag.py:4138} INFO - Setting next_dagrun for dag_scraping_twitter to 2026-03-07 23:00:00+00:00, run_after=2026-03-08 11:00:00+00:00
[2026-03-08T10:59:42.715+0700] {processor.py:208} INFO - Processing /opt/airflow/dags/dag_scraping_twitter.py took 0.107 seconds
[2026-03-08T11:00:12.831+0700] {processor.py:186} INFO - Started process (PID=66894) to work on /opt/airflow/dags/dag_scraping_twitter.py
[2026-03-08T11:00:12.833+0700] {processor.py:914} INFO - Processing file /opt/airflow/dags/dag_scraping_twitter.py for tasks to queue
[2026-03-08T11:00:12.836+0700] {logging_mixin.py:190} INFO - [2026-03-08T11:00:12.836+0700] {dagbag.py:587} INFO - Filling up the DagBag from /opt/airflow/dags/dag_scraping_twitter.py
[2026-03-08T11:00:12.868+0700] {processor.py:925} INFO - DAG(s) 'dag_scraping_twitter' retrieved from /opt/airflow/dags/dag_scraping_twitter.py
[2026-03-08T11:00:12.914+0700] {logging_mixin.py:190} INFO - [2026-03-08T11:00:12.913+0700] {dag.py:3211} INFO - Sync 1 DAGs
[2026-03-08T11:00:12.956+0700] {logging_mixin.py:190} INFO - [2026-03-08T11:00:12.956+0700] {dag.py:4138} INFO - Setting next_dagrun for dag_scraping_twitter to 2026-03-07 23:00:00+00:00, run_after=2026-03-08 11:00:00+00:00
[2026-03-08T11:00:13.213+0700] {processor.py:208} INFO - Processing /opt/airflow/dags/dag_scraping_twitter.py took 0.391 seconds
[2026-03-08T11:00:43.867+0700] {processor.py:186} INFO - Started process (PID=66929) to work on /opt/airflow/dags/dag_scraping_twitter.py
[2026-03-08T11:00:43.868+0700] {processor.py:914} INFO - Processing file /opt/airflow/dags/dag_scraping_twitter.py for tasks to queue
[2026-03-08T11:00:43.872+0700] {logging_mixin.py:190} INFO - [2026-03-08T11:00:43.871+0700] {dagbag.py:587} INFO - Filling up the DagBag from /opt/airflow/dags/dag_scraping_twitter.py
[2026-03-08T11:00:43.895+0700] {processor.py:925} INFO - DAG(s) 'dag_scraping_twitter' retrieved from /opt/airflow/dags/dag_scraping_twitter.py
[2026-03-08T11:00:43.923+0700] {logging_mixin.py:190} INFO - [2026-03-08T11:00:43.922+0700] {dag.py:3211} INFO - Sync 1 DAGs
[2026-03-08T11:00:44.110+0700] {logging_mixin.py:190} INFO - [2026-03-08T11:00:44.110+0700] {dag.py:4138} INFO - Setting next_dagrun for dag_scraping_twitter to 2026-03-07 23:00:00+00:00, run_after=2026-03-08 11:00:00+00:00
[2026-03-08T11:00:44.134+0700] {processor.py:208} INFO - Processing /opt/airflow/dags/dag_scraping_twitter.py took 0.274 seconds
[2026-03-08T11:01:14.997+0700] {processor.py:186} INFO - Started process (PID=66957) to work on /opt/airflow/dags/dag_scraping_twitter.py
[2026-03-08T11:01:14.998+0700] {processor.py:914} INFO - Processing file /opt/airflow/dags/dag_scraping_twitter.py for tasks to queue
[2026-03-08T11:01:15.003+0700] {logging_mixin.py:190} INFO - [2026-03-08T11:01:15.002+0700] {dagbag.py:587} INFO - Filling up the DagBag from /opt/airflow/dags/dag_scraping_twitter.py
[2026-03-08T11:01:15.039+0700] {processor.py:925} INFO - DAG(s) 'dag_scraping_twitter' retrieved from /opt/airflow/dags/dag_scraping_twitter.py
[2026-03-08T11:01:15.073+0700] {logging_mixin.py:190} INFO - [2026-03-08T11:01:15.073+0700] {dag.py:3211} INFO - Sync 1 DAGs
[2026-03-08T11:01:15.115+0700] {logging_mixin.py:190} INFO - [2026-03-08T11:01:15.114+0700] {dag.py:4138} INFO - Setting next_dagrun for dag_scraping_twitter to 2026-03-07 23:00:00+00:00, run_after=2026-03-08 11:00:00+00:00
[2026-03-08T11:01:15.148+0700] {processor.py:208} INFO - Processing /opt/airflow/dags/dag_scraping_twitter.py took 0.162 seconds
[2026-03-08T11:01:45.211+0700] {processor.py:186} INFO - Started process (PID=66985) to work on /opt/airflow/dags/dag_scraping_twitter.py
[2026-03-08T11:01:45.212+0700] {processor.py:914} INFO - Processing file /opt/airflow/dags/dag_scraping_twitter.py for tasks to queue
[2026-03-08T11:01:45.215+0700] {logging_mixin.py:190} INFO - [2026-03-08T11:01:45.215+0700] {dagbag.py:587} INFO - Filling up the DagBag from /opt/airflow/dags/dag_scraping_twitter.py
[2026-03-08T11:01:45.236+0700] {processor.py:925} INFO - DAG(s) 'dag_scraping_twitter' retrieved from /opt/airflow/dags/dag_scraping_twitter.py
[2026-03-08T11:01:45.265+0700] {logging_mixin.py:190} INFO - [2026-03-08T11:01:45.265+0700] {dag.py:3211} INFO - Sync 1 DAGs
[2026-03-08T11:01:45.291+0700] {logging_mixin.py:190} INFO - [2026-03-08T11:01:45.291+0700] {dag.py:4138} INFO - Setting next_dagrun for dag_scraping_twitter to 2026-03-07 23:00:00+00:00, run_after=2026-03-08 11:00:00+00:00
[2026-03-08T11:01:45.316+0700] {processor.py:208} INFO - Processing /opt/airflow/dags/dag_scraping_twitter.py took 0.112 seconds
[2026-03-08T11:02:16.166+0700] {processor.py:186} INFO - Started process (PID=67014) to work on /opt/airflow/dags/dag_scraping_twitter.py
[2026-03-08T11:02:16.167+0700] {processor.py:914} INFO - Processing file /opt/airflow/dags/dag_scraping_twitter.py for tasks to queue
[2026-03-08T11:02:16.170+0700] {logging_mixin.py:190} INFO - [2026-03-08T11:02:16.169+0700] {dagbag.py:587} INFO - Filling up the DagBag from /opt/airflow/dags/dag_scraping_twitter.py
[2026-03-08T11:02:16.189+0700] {processor.py:925} INFO - DAG(s) 'dag_scraping_twitter' retrieved from /opt/airflow/dags/dag_scraping_twitter.py
[2026-03-08T11:02:16.216+0700] {logging_mixin.py:190} INFO - [2026-03-08T11:02:16.216+0700] {dag.py:3211} INFO - Sync 1 DAGs
[2026-03-08T11:02:16.246+0700] {logging_mixin.py:190} INFO - [2026-03-08T11:02:16.246+0700] {dag.py:4138} INFO - Setting next_dagrun for dag_scraping_twitter to 2026-03-07 23:00:00+00:00, run_after=2026-03-08 11:00:00+00:00
[2026-03-08T11:02:16.270+0700] {processor.py:208} INFO - Processing /opt/airflow/dags/dag_scraping_twitter.py took 0.110 seconds
[2026-03-08T11:02:47.086+0700] {processor.py:186} INFO - Started process (PID=67042) to work on /opt/airflow/dags/dag_scraping_twitter.py
[2026-03-08T11:02:47.087+0700] {processor.py:914} INFO - Processing file /opt/airflow/dags/dag_scraping_twitter.py for tasks to queue
[2026-03-08T11:02:47.091+0700] {logging_mixin.py:190} INFO - [2026-03-08T11:02:47.090+0700] {dagbag.py:587} INFO - Filling up the DagBag from /opt/airflow/dags/dag_scraping_twitter.py
[2026-03-08T11:02:47.110+0700] {processor.py:925} INFO - DAG(s) 'dag_scraping_twitter' retrieved from /opt/airflow/dags/dag_scraping_twitter.py
[2026-03-08T11:02:47.136+0700] {logging_mixin.py:190} INFO - [2026-03-08T11:02:47.136+0700] {dag.py:3211} INFO - Sync 1 DAGs
[2026-03-08T11:02:46.573+0700] {logging_mixin.py:190} INFO - [2026-03-08T11:02:46.573+0700] {dag.py:4138} INFO - Setting next_dagrun for dag_scraping_twitter to 2026-03-07 23:00:00+00:00, run_after=2026-03-08 11:00:00+00:00
[2026-03-08T11:02:46.089+0700] {processor.py:208} INFO - Processing /opt/airflow/dags/dag_scraping_twitter.py took 0.270 seconds
[2026-03-08T11:03:16.210+0700] {processor.py:186} INFO - Started process (PID=67070) to work on /opt/airflow/dags/dag_scraping_twitter.py
[2026-03-08T11:03:16.211+0700] {processor.py:914} INFO - Processing file /opt/airflow/dags/dag_scraping_twitter.py for tasks to queue
[2026-03-08T11:03:16.214+0700] {logging_mixin.py:190} INFO - [2026-03-08T11:03:16.214+0700] {dagbag.py:587} INFO - Filling up the DagBag from /opt/airflow/dags/dag_scraping_twitter.py
[2026-03-08T11:03:16.232+0700] {processor.py:925} INFO - DAG(s) 'dag_scraping_twitter' retrieved from /opt/airflow/dags/dag_scraping_twitter.py
[2026-03-08T11:03:16.257+0700] {logging_mixin.py:190} INFO - [2026-03-08T11:03:16.256+0700] {dag.py:3211} INFO - Sync 1 DAGs
[2026-03-08T11:03:16.439+0700] {logging_mixin.py:190} INFO - [2026-03-08T11:03:16.439+0700] {dag.py:4138} INFO - Setting next_dagrun for dag_scraping_twitter to 2026-03-07 23:00:00+00:00, run_after=2026-03-08 11:00:00+00:00
[2026-03-08T11:03:16.462+0700] {processor.py:208} INFO - Processing /opt/airflow/dags/dag_scraping_twitter.py took 0.260 seconds
[2026-03-08T11:03:46.777+0700] {processor.py:186} INFO - Started process (PID=67098) to work on /opt/airflow/dags/dag_scraping_twitter.py
[2026-03-08T11:03:46.778+0700] {processor.py:914} INFO - Processing file /opt/airflow/dags/dag_scraping_twitter.py for tasks to queue
[2026-03-08T11:03:46.781+0700] {logging_mixin.py:190} INFO - [2026-03-08T11:03:46.781+0700] {dagbag.py:587} INFO - Filling up the DagBag from /opt/airflow/dags/dag_scraping_twitter.py
[2026-03-08T11:03:46.802+0700] {processor.py:925} INFO - DAG(s) 'dag_scraping_twitter' retrieved from /opt/airflow/dags/dag_scraping_twitter.py
[2026-03-08T11:03:46.830+0700] {logging_mixin.py:190} INFO - [2026-03-08T11:03:46.829+0700] {dag.py:3211} INFO - Sync 1 DAGs
[2026-03-08T11:03:46.860+0700] {logging_mixin.py:190} INFO - [2026-03-08T11:03:46.859+0700] {dag.py:4138} INFO - Setting next_dagrun for dag_scraping_twitter to 2026-03-07 23:00:00+00:00, run_after=2026-03-08 11:00:00+00:00
[2026-03-08T11:03:46.886+0700] {processor.py:208} INFO - Processing /opt/airflow/dags/dag_scraping_twitter.py took 0.121 seconds
[2026-03-08T11:04:17.118+0700] {processor.py:186} INFO - Started process (PID=67126) to work on /opt/airflow/dags/dag_scraping_twitter.py
[2026-03-08T11:04:17.119+0700] {processor.py:914} INFO - Processing file /opt/airflow/dags/dag_scraping_twitter.py for tasks to queue
[2026-03-08T11:04:17.121+0700] {logging_mixin.py:190} INFO - [2026-03-08T11:04:17.121+0700] {dagbag.py:587} INFO - Filling up the DagBag from /opt/airflow/dags/dag_scraping_twitter.py
[2026-03-08T11:04:17.143+0700] {processor.py:925} INFO - DAG(s) 'dag_scraping_twitter' retrieved from /opt/airflow/dags/dag_scraping_twitter.py
[2026-03-08T11:04:17.173+0700] {logging_mixin.py:190} INFO - [2026-03-08T11:04:17.172+0700] {dag.py:3211} INFO - Sync 1 DAGs
[2026-03-08T11:04:17.205+0700] {logging_mixin.py:190} INFO - [2026-03-08T11:04:17.204+0700] {dag.py:4138} INFO - Setting next_dagrun for dag_scraping_twitter to 2026-03-07 23:00:00+00:00, run_after=2026-03-08 11:00:00+00:00
[2026-03-08T11:04:17.233+0700] {processor.py:208} INFO - Processing /opt/airflow/dags/dag_scraping_twitter.py took 0.122 seconds
[2026-03-08T11:04:47.361+0700] {processor.py:186} INFO - Started process (PID=67154) to work on /opt/airflow/dags/dag_scraping_twitter.py
[2026-03-08T11:04:47.362+0700] {processor.py:914} INFO - Processing file /opt/airflow/dags/dag_scraping_twitter.py for tasks to queue
[2026-03-08T11:04:47.366+0700] {logging_mixin.py:190} INFO - [2026-03-08T11:04:47.365+0700] {dagbag.py:587} INFO - Filling up the DagBag from /opt/airflow/dags/dag_scraping_twitter.py
[2026-03-08T11:04:47.394+0700] {processor.py:925} INFO - DAG(s) 'dag_scraping_twitter' retrieved from /opt/airflow/dags/dag_scraping_twitter.py
[2026-03-08T11:04:47.422+0700] {logging_mixin.py:190} INFO - [2026-03-08T11:04:47.422+0700] {dag.py:3211} INFO - Sync 1 DAGs
[2026-03-08T11:04:47.452+0700] {logging_mixin.py:190} INFO - [2026-03-08T11:04:47.452+0700] {dag.py:4138} INFO - Setting next_dagrun for dag_scraping_twitter to 2026-03-07 23:00:00+00:00, run_after=2026-03-08 11:00:00+00:00
[2026-03-08T11:04:47.478+0700] {processor.py:208} INFO - Processing /opt/airflow/dags/dag_scraping_twitter.py took 0.123 seconds
[2026-03-08T11:05:17.715+0700] {processor.py:186} INFO - Started process (PID=67188) to work on /opt/airflow/dags/dag_scraping_twitter.py
[2026-03-08T11:05:17.716+0700] {processor.py:914} INFO - Processing file /opt/airflow/dags/dag_scraping_twitter.py for tasks to queue
[2026-03-08T11:05:17.719+0700] {logging_mixin.py:190} INFO - [2026-03-08T11:05:17.718+0700] {dagbag.py:587} INFO - Filling up the DagBag from /opt/airflow/dags/dag_scraping_twitter.py
[2026-03-08T11:05:17.759+0700] {processor.py:925} INFO - DAG(s) 'dag_scraping_twitter' retrieved from /opt/airflow/dags/dag_scraping_twitter.py
[2026-03-08T11:05:17.798+0700] {logging_mixin.py:190} INFO - [2026-03-08T11:05:17.798+0700] {dag.py:3211} INFO - Sync 1 DAGs
[2026-03-08T11:05:17.855+0700] {logging_mixin.py:190} INFO - [2026-03-08T11:05:17.854+0700] {dag.py:4138} INFO - Setting next_dagrun for dag_scraping_twitter to 2026-03-07 23:00:00+00:00, run_after=2026-03-08 11:00:00+00:00
[2026-03-08T11:05:17.894+0700] {processor.py:208} INFO - Processing /opt/airflow/dags/dag_scraping_twitter.py took 0.187 seconds
[2026-03-08T11:05:48.467+0700] {processor.py:186} INFO - Started process (PID=67216) to work on /opt/airflow/dags/dag_scraping_twitter.py
[2026-03-08T11:05:48.468+0700] {processor.py:914} INFO - Processing file /opt/airflow/dags/dag_scraping_twitter.py for tasks to queue
[2026-03-08T11:05:48.471+0700] {logging_mixin.py:190} INFO - [2026-03-08T11:05:48.471+0700] {dagbag.py:587} INFO - Filling up the DagBag from /opt/airflow/dags/dag_scraping_twitter.py
[2026-03-08T11:05:48.491+0700] {processor.py:925} INFO - DAG(s) 'dag_scraping_twitter' retrieved from /opt/airflow/dags/dag_scraping_twitter.py
[2026-03-08T11:05:48.518+0700] {logging_mixin.py:190} INFO - [2026-03-08T11:05:48.517+0700] {dag.py:3211} INFO - Sync 1 DAGs
[2026-03-08T11:05:48.546+0700] {logging_mixin.py:190} INFO - [2026-03-08T11:05:48.545+0700] {dag.py:4138} INFO - Setting next_dagrun for dag_scraping_twitter to 2026-03-07 23:00:00+00:00, run_after=2026-03-08 11:00:00+00:00
[2026-03-08T11:05:48.749+0700] {processor.py:208} INFO - Processing /opt/airflow/dags/dag_scraping_twitter.py took 0.291 seconds
[2026-03-08T11:06:19.773+0700] {processor.py:186} INFO - Started process (PID=67244) to work on /opt/airflow/dags/dag_scraping_twitter.py
[2026-03-08T11:06:19.774+0700] {processor.py:914} INFO - Processing file /opt/airflow/dags/dag_scraping_twitter.py for tasks to queue
[2026-03-08T11:06:19.777+0700] {logging_mixin.py:190} INFO - [2026-03-08T11:06:19.776+0700] {dagbag.py:587} INFO - Filling up the DagBag from /opt/airflow/dags/dag_scraping_twitter.py
[2026-03-08T11:06:19.800+0700] {processor.py:925} INFO - DAG(s) 'dag_scraping_twitter' retrieved from /opt/airflow/dags/dag_scraping_twitter.py
[2026-03-08T11:06:19.832+0700] {logging_mixin.py:190} INFO - [2026-03-08T11:06:19.832+0700] {dag.py:3211} INFO - Sync 1 DAGs
[2026-03-08T11:06:20.043+0700] {logging_mixin.py:190} INFO - [2026-03-08T11:06:20.042+0700] {dag.py:4138} INFO - Setting next_dagrun for dag_scraping_twitter to 2026-03-07 23:00:00+00:00, run_after=2026-03-08 11:00:00+00:00
[2026-03-08T11:06:20.067+0700] {processor.py:208} INFO - Processing /opt/airflow/dags/dag_scraping_twitter.py took 0.302 seconds
[2026-03-08T11:06:50.163+0700] {processor.py:186} INFO - Started process (PID=67272) to work on /opt/airflow/dags/dag_scraping_twitter.py
[2026-03-08T11:06:50.164+0700] {processor.py:914} INFO - Processing file /opt/airflow/dags/dag_scraping_twitter.py for tasks to queue
[2026-03-08T11:06:50.167+0700] {logging_mixin.py:190} INFO - [2026-03-08T11:06:50.166+0700] {dagbag.py:587} INFO - Filling up the DagBag from /opt/airflow/dags/dag_scraping_twitter.py
[2026-03-08T11:06:50.191+0700] {processor.py:925} INFO - DAG(s) 'dag_scraping_twitter' retrieved from /opt/airflow/dags/dag_scraping_twitter.py
[2026-03-08T11:06:50.232+0700] {logging_mixin.py:190} INFO - [2026-03-08T11:06:50.232+0700] {dag.py:3211} INFO - Sync 1 DAGs
[2026-03-08T11:06:50.275+0700] {logging_mixin.py:190} INFO - [2026-03-08T11:06:50.275+0700] {dag.py:4138} INFO - Setting next_dagrun for dag_scraping_twitter to 2026-03-07 23:00:00+00:00, run_after=2026-03-08 11:00:00+00:00
[2026-03-08T11:06:50.309+0700] {processor.py:208} INFO - Processing /opt/airflow/dags/dag_scraping_twitter.py took 0.154 seconds
[2026-03-08T11:07:20.606+0700] {processor.py:186} INFO - Started process (PID=67300) to work on /opt/airflow/dags/dag_scraping_twitter.py
[2026-03-08T11:07:20.607+0700] {processor.py:914} INFO - Processing file /opt/airflow/dags/dag_scraping_twitter.py for tasks to queue
[2026-03-08T11:07:20.612+0700] {logging_mixin.py:190} INFO - [2026-03-08T11:07:20.611+0700] {dagbag.py:587} INFO - Filling up the DagBag from /opt/airflow/dags/dag_scraping_twitter.py
[2026-03-08T11:07:20.649+0700] {processor.py:925} INFO - DAG(s) 'dag_scraping_twitter' retrieved from /opt/airflow/dags/dag_scraping_twitter.py
[2026-03-08T11:07:20.687+0700] {logging_mixin.py:190} INFO - [2026-03-08T11:07:20.687+0700] {dag.py:3211} INFO - Sync 1 DAGs
[2026-03-08T11:07:20.727+0700] {logging_mixin.py:190} INFO - [2026-03-08T11:07:20.727+0700] {dag.py:4138} INFO - Setting next_dagrun for dag_scraping_twitter to 2026-03-07 23:00:00+00:00, run_after=2026-03-08 11:00:00+00:00
[2026-03-08T11:07:20.770+0700] {processor.py:208} INFO - Processing /opt/airflow/dags/dag_scraping_twitter.py took 0.173 seconds
[2026-03-08T11:07:51.420+0700] {processor.py:186} INFO - Started process (PID=67328) to work on /opt/airflow/dags/dag_scraping_twitter.py
[2026-03-08T11:07:51.421+0700] {processor.py:914} INFO - Processing file /opt/airflow/dags/dag_scraping_twitter.py for tasks to queue
[2026-03-08T11:07:51.424+0700] {logging_mixin.py:190} INFO - [2026-03-08T11:07:51.424+0700] {dagbag.py:587} INFO - Filling up the DagBag from /opt/airflow/dags/dag_scraping_twitter.py
[2026-03-08T11:07:51.443+0700] {processor.py:925} INFO - DAG(s) 'dag_scraping_twitter' retrieved from /opt/airflow/dags/dag_scraping_twitter.py
[2026-03-08T11:07:51.471+0700] {logging_mixin.py:190} INFO - [2026-03-08T11:07:51.471+0700] {dag.py:3211} INFO - Sync 1 DAGs
[2026-03-08T11:07:51.497+0700] {logging_mixin.py:190} INFO - [2026-03-08T11:07:51.497+0700] {dag.py:4138} INFO - Setting next_dagrun for dag_scraping_twitter to 2026-03-07 23:00:00+00:00, run_after=2026-03-08 11:00:00+00:00
[2026-03-08T11:07:51.522+0700] {processor.py:208} INFO - Processing /opt/airflow/dags/dag_scraping_twitter.py took 0.109 seconds
[2026-03-08T11:08:21.809+0700] {processor.py:186} INFO - Started process (PID=67362) to work on /opt/airflow/dags/dag_scraping_twitter.py
[2026-03-08T11:08:21.810+0700] {processor.py:914} INFO - Processing file /opt/airflow/dags/dag_scraping_twitter.py for tasks to queue
[2026-03-08T11:08:21.814+0700] {logging_mixin.py:190} INFO - [2026-03-08T11:08:21.813+0700] {dagbag.py:587} INFO - Filling up the DagBag from /opt/airflow/dags/dag_scraping_twitter.py
[2026-03-08T11:08:21.845+0700] {processor.py:925} INFO - DAG(s) 'dag_scraping_twitter' retrieved from /opt/airflow/dags/dag_scraping_twitter.py
[2026-03-08T11:08:21.878+0700] {logging_mixin.py:190} INFO - [2026-03-08T11:08:21.878+0700] {dag.py:3211} INFO - Sync 1 DAGs
[2026-03-08T11:08:21.908+0700] {logging_mixin.py:190} INFO - [2026-03-08T11:08:21.907+0700] {dag.py:4138} INFO - Setting next_dagrun for dag_scraping_twitter to 2026-03-07 23:00:00+00:00, run_after=2026-03-08 11:00:00+00:00
[2026-03-08T11:08:22.104+0700] {processor.py:208} INFO - Processing /opt/airflow/dags/dag_scraping_twitter.py took 0.301 seconds
[2026-03-08T11:08:52.642+0700] {processor.py:186} INFO - Started process (PID=67390) to work on /opt/airflow/dags/dag_scraping_twitter.py
[2026-03-08T11:08:52.643+0700] {processor.py:914} INFO - Processing file /opt/airflow/dags/dag_scraping_twitter.py for tasks to queue
[2026-03-08T11:08:52.645+0700] {logging_mixin.py:190} INFO - [2026-03-08T11:08:52.645+0700] {dagbag.py:587} INFO - Filling up the DagBag from /opt/airflow/dags/dag_scraping_twitter.py
[2026-03-08T11:08:52.672+0700] {processor.py:925} INFO - DAG(s) 'dag_scraping_twitter' retrieved from /opt/airflow/dags/dag_scraping_twitter.py
[2026-03-08T11:08:52.703+0700] {logging_mixin.py:190} INFO - [2026-03-08T11:08:52.703+0700] {dag.py:3211} INFO - Sync 1 DAGs
[2026-03-08T11:08:52.948+0700] {logging_mixin.py:190} INFO - [2026-03-08T11:08:52.948+0700] {dag.py:4138} INFO - Setting next_dagrun for dag_scraping_twitter to 2026-03-07 23:00:00+00:00, run_after=2026-03-08 11:00:00+00:00
[2026-03-08T11:08:52.971+0700] {processor.py:208} INFO - Processing /opt/airflow/dags/dag_scraping_twitter.py took 0.337 seconds
[2026-03-08T11:09:23.257+0700] {processor.py:186} INFO - Started process (PID=67418) to work on /opt/airflow/dags/dag_scraping_twitter.py
[2026-03-08T11:09:23.258+0700] {processor.py:914} INFO - Processing file /opt/airflow/dags/dag_scraping_twitter.py for tasks to queue
[2026-03-08T11:09:23.261+0700] {logging_mixin.py:190} INFO - [2026-03-08T11:09:23.260+0700] {dagbag.py:587} INFO - Filling up the DagBag from /opt/airflow/dags/dag_scraping_twitter.py
[2026-03-08T11:09:23.280+0700] {processor.py:925} INFO - DAG(s) 'dag_scraping_twitter' retrieved from /opt/airflow/dags/dag_scraping_twitter.py
[2026-03-08T11:09:23.308+0700] {logging_mixin.py:190} INFO - [2026-03-08T11:09:23.308+0700] {dag.py:3211} INFO - Sync 1 DAGs
[2026-03-08T11:09:23.487+0700] {logging_mixin.py:190} INFO - [2026-03-08T11:09:23.487+0700] {dag.py:4138} INFO - Setting next_dagrun for dag_scraping_twitter to 2026-03-07 23:00:00+00:00, run_after=2026-03-08 11:00:00+00:00
[2026-03-08T11:09:23.511+0700] {processor.py:208} INFO - Processing /opt/airflow/dags/dag_scraping_twitter.py took 0.262 seconds
[2026-03-08T11:09:53.623+0700] {processor.py:186} INFO - Started process (PID=67446) to work on /opt/airflow/dags/dag_scraping_twitter.py
[2026-03-08T11:09:53.624+0700] {processor.py:914} INFO - Processing file /opt/airflow/dags/dag_scraping_twitter.py for tasks to queue
[2026-03-08T11:09:53.626+0700] {logging_mixin.py:190} INFO - [2026-03-08T11:09:53.626+0700] {dagbag.py:587} INFO - Filling up the DagBag from /opt/airflow/dags/dag_scraping_twitter.py
[2026-03-08T11:09:53.647+0700] {processor.py:925} INFO - DAG(s) 'dag_scraping_twitter' retrieved from /opt/airflow/dags/dag_scraping_twitter.py
[2026-03-08T11:09:53.673+0700] {logging_mixin.py:190} INFO - [2026-03-08T11:09:53.672+0700] {dag.py:3211} INFO - Sync 1 DAGs
[2026-03-08T11:09:53.703+0700] {logging_mixin.py:190} INFO - [2026-03-08T11:09:53.703+0700] {dag.py:4138} INFO - Setting next_dagrun for dag_scraping_twitter to 2026-03-07 23:00:00+00:00, run_after=2026-03-08 11:00:00+00:00
[2026-03-08T11:09:53.733+0700] {processor.py:208} INFO - Processing /opt/airflow/dags/dag_scraping_twitter.py took 0.116 seconds
[2026-03-08T11:10:24.566+0700] {processor.py:186} INFO - Started process (PID=67475) to work on /opt/airflow/dags/dag_scraping_twitter.py
[2026-03-08T11:10:24.568+0700] {processor.py:914} INFO - Processing file /opt/airflow/dags/dag_scraping_twitter.py for tasks to queue
[2026-03-08T11:10:24.570+0700] {logging_mixin.py:190} INFO - [2026-03-08T11:10:24.570+0700] {dagbag.py:587} INFO - Filling up the DagBag from /opt/airflow/dags/dag_scraping_twitter.py
[2026-03-08T11:10:24.592+0700] {processor.py:925} INFO - DAG(s) 'dag_scraping_twitter' retrieved from /opt/airflow/dags/dag_scraping_twitter.py
[2026-03-08T11:10:24.625+0700] {logging_mixin.py:190} INFO - [2026-03-08T11:10:24.625+0700] {dag.py:3211} INFO - Sync 1 DAGs
[2026-03-08T11:10:24.656+0700] {logging_mixin.py:190} INFO - [2026-03-08T11:10:24.656+0700] {dag.py:4138} INFO - Setting next_dagrun for dag_scraping_twitter to 2026-03-07 23:00:00+00:00, run_after=2026-03-08 11:00:00+00:00
[2026-03-08T11:10:24.686+0700] {processor.py:208} INFO - Processing /opt/airflow/dags/dag_scraping_twitter.py took 0.127 seconds
[2026-03-08T11:10:55.161+0700] {processor.py:186} INFO - Started process (PID=67503) to work on /opt/airflow/dags/dag_scraping_twitter.py
[2026-03-08T11:10:55.163+0700] {processor.py:914} INFO - Processing file /opt/airflow/dags/dag_scraping_twitter.py for tasks to queue
[2026-03-08T11:10:55.166+0700] {logging_mixin.py:190} INFO - [2026-03-08T11:10:55.166+0700] {dagbag.py:587} INFO - Filling up the DagBag from /opt/airflow/dags/dag_scraping_twitter.py
[2026-03-08T11:10:55.196+0700] {processor.py:925} INFO - DAG(s) 'dag_scraping_twitter' retrieved from /opt/airflow/dags/dag_scraping_twitter.py
[2026-03-08T11:10:55.233+0700] {logging_mixin.py:190} INFO - [2026-03-08T11:10:55.233+0700] {dag.py:3211} INFO - Sync 1 DAGs
[2026-03-08T11:10:55.267+0700] {logging_mixin.py:190} INFO - [2026-03-08T11:10:55.267+0700] {dag.py:4138} INFO - Setting next_dagrun for dag_scraping_twitter to 2026-03-07 23:00:00+00:00, run_after=2026-03-08 11:00:00+00:00
[2026-03-08T11:10:55.292+0700] {processor.py:208} INFO - Processing /opt/airflow/dags/dag_scraping_twitter.py took 0.138 seconds
[2026-03-08T11:11:26.288+0700] {processor.py:186} INFO - Started process (PID=67532) to work on /opt/airflow/dags/dag_scraping_twitter.py
[2026-03-08T11:11:26.289+0700] {processor.py:914} INFO - Processing file /opt/airflow/dags/dag_scraping_twitter.py for tasks to queue
[2026-03-08T11:11:26.293+0700] {logging_mixin.py:190} INFO - [2026-03-08T11:11:26.292+0700] {dagbag.py:587} INFO - Filling up the DagBag from /opt/airflow/dags/dag_scraping_twitter.py
[2026-03-08T11:11:26.318+0700] {processor.py:925} INFO - DAG(s) 'dag_scraping_twitter' retrieved from /opt/airflow/dags/dag_scraping_twitter.py
[2026-03-08T11:11:26.348+0700] {logging_mixin.py:190} INFO - [2026-03-08T11:11:26.347+0700] {dag.py:3211} INFO - Sync 1 DAGs
[2026-03-08T11:11:26.376+0700] {logging_mixin.py:190} INFO - [2026-03-08T11:11:26.376+0700] {dag.py:4138} INFO - Setting next_dagrun for dag_scraping_twitter to 2026-03-07 23:00:00+00:00, run_after=2026-03-08 11:00:00+00:00
[2026-03-08T11:11:26.574+0700] {processor.py:208} INFO - Processing /opt/airflow/dags/dag_scraping_twitter.py took 0.297 seconds
[2026-03-08T11:11:57.147+0700] {processor.py:186} INFO - Started process (PID=67566) to work on /opt/airflow/dags/dag_scraping_twitter.py
[2026-03-08T11:11:57.148+0700] {processor.py:914} INFO - Processing file /opt/airflow/dags/dag_scraping_twitter.py for tasks to queue
[2026-03-08T11:11:57.153+0700] {logging_mixin.py:190} INFO - [2026-03-08T11:11:57.153+0700] {dagbag.py:587} INFO - Filling up the DagBag from /opt/airflow/dags/dag_scraping_twitter.py
[2026-03-08T11:11:57.184+0700] {processor.py:925} INFO - DAG(s) 'dag_scraping_twitter' retrieved from /opt/airflow/dags/dag_scraping_twitter.py
[2026-03-08T11:11:57.215+0700] {logging_mixin.py:190} INFO - [2026-03-08T11:11:57.214+0700] {dag.py:3211} INFO - Sync 1 DAGs
[2026-03-08T11:11:57.468+0700] {logging_mixin.py:190} INFO - [2026-03-08T11:11:57.467+0700] {dag.py:4138} INFO - Setting next_dagrun for dag_scraping_twitter to 2026-03-07 23:00:00+00:00, run_after=2026-03-08 11:00:00+00:00
[2026-03-08T11:11:57.497+0700] {processor.py:208} INFO - Processing /opt/airflow/dags/dag_scraping_twitter.py took 0.358 seconds
[2026-03-08T13:22:19.920+0700] {processor.py:186} INFO - Started process (PID=67588) to work on /opt/airflow/dags/dag_scraping_twitter.py
[2026-03-08T13:22:19.923+0700] {processor.py:914} INFO - Processing file /opt/airflow/dags/dag_scraping_twitter.py for tasks to queue
[2026-03-08T13:22:19.929+0700] {logging_mixin.py:190} INFO - [2026-03-08T13:22:19.928+0700] {dagbag.py:587} INFO - Filling up the DagBag from /opt/airflow/dags/dag_scraping_twitter.py
[2026-03-08T13:22:20.161+0700] {processor.py:925} INFO - DAG(s) 'dag_scraping_twitter' retrieved from /opt/airflow/dags/dag_scraping_twitter.py
[2026-03-08T13:22:20.325+0700] {logging_mixin.py:190} INFO - [2026-03-08T13:22:20.324+0700] {dag.py:3211} INFO - Sync 1 DAGs
[2026-03-08T13:22:20.995+0700] {logging_mixin.py:190} INFO - [2026-03-08T13:22:20.994+0700] {dag.py:4138} INFO - Setting next_dagrun for dag_scraping_twitter to 2026-03-07 23:00:00+00:00, run_after=2026-03-08 11:00:00+00:00
[2026-03-08T13:22:21.068+0700] {processor.py:208} INFO - Processing /opt/airflow/dags/dag_scraping_twitter.py took 1.166 seconds
[2026-03-08T14:26:26.432+0700] {processor.py:186} INFO - Started process (PID=67608) to work on /opt/airflow/dags/dag_scraping_twitter.py
[2026-03-08T14:26:26.443+0700] {processor.py:914} INFO - Processing file /opt/airflow/dags/dag_scraping_twitter.py for tasks to queue
[2026-03-08T14:26:26.461+0700] {logging_mixin.py:190} INFO - [2026-03-08T14:26:26.460+0700] {dagbag.py:587} INFO - Filling up the DagBag from /opt/airflow/dags/dag_scraping_twitter.py
[2026-03-08T14:26:26.865+0700] {processor.py:925} INFO - DAG(s) 'dag_scraping_twitter' retrieved from /opt/airflow/dags/dag_scraping_twitter.py
[2026-03-08T14:26:26.987+0700] {logging_mixin.py:190} INFO - [2026-03-08T14:26:26.976+0700] {dag.py:3211} INFO - Sync 1 DAGs
[2026-03-08T14:26:27.097+0700] {logging_mixin.py:190} INFO - [2026-03-08T14:26:27.097+0700] {dag.py:4138} INFO - Setting next_dagrun for dag_scraping_twitter to 2026-03-07 23:00:00+00:00, run_after=2026-03-08 11:00:00+00:00
[2026-03-08T14:26:27.178+0700] {processor.py:208} INFO - Processing /opt/airflow/dags/dag_scraping_twitter.py took 0.775 seconds
[2026-03-08T14:26:57.523+0700] {processor.py:186} INFO - Started process (PID=67664) to work on /opt/airflow/dags/dag_scraping_twitter.py
[2026-03-08T14:26:57.525+0700] {processor.py:914} INFO - Processing file /opt/airflow/dags/dag_scraping_twitter.py for tasks to queue
[2026-03-08T14:26:57.530+0700] {logging_mixin.py:190} INFO - [2026-03-08T14:26:57.529+0700] {dagbag.py:587} INFO - Filling up the DagBag from /opt/airflow/dags/dag_scraping_twitter.py
[2026-03-08T14:26:57.565+0700] {processor.py:925} INFO - DAG(s) 'dag_scraping_twitter' retrieved from /opt/airflow/dags/dag_scraping_twitter.py
[2026-03-08T14:26:57.614+0700] {logging_mixin.py:190} INFO - [2026-03-08T14:26:57.614+0700] {dag.py:3211} INFO - Sync 1 DAGs
[2026-03-08T14:26:57.680+0700] {logging_mixin.py:190} INFO - [2026-03-08T14:26:57.680+0700] {dag.py:4138} INFO - Setting next_dagrun for dag_scraping_twitter to 2026-03-07 23:00:00+00:00, run_after=2026-03-08 11:00:00+00:00
[2026-03-08T14:26:57.710+0700] {processor.py:208} INFO - Processing /opt/airflow/dags/dag_scraping_twitter.py took 0.200 seconds
[2026-03-08T14:27:28.395+0700] {processor.py:186} INFO - Started process (PID=67692) to work on /opt/airflow/dags/dag_scraping_twitter.py
[2026-03-08T14:27:28.397+0700] {processor.py:914} INFO - Processing file /opt/airflow/dags/dag_scraping_twitter.py for tasks to queue
[2026-03-08T14:27:28.401+0700] {logging_mixin.py:190} INFO - [2026-03-08T14:27:28.400+0700] {dagbag.py:587} INFO - Filling up the DagBag from /opt/airflow/dags/dag_scraping_twitter.py
[2026-03-08T14:27:28.424+0700] {processor.py:925} INFO - DAG(s) 'dag_scraping_twitter' retrieved from /opt/airflow/dags/dag_scraping_twitter.py
[2026-03-08T14:27:28.456+0700] {logging_mixin.py:190} INFO - [2026-03-08T14:27:28.456+0700] {dag.py:3211} INFO - Sync 1 DAGs
[2026-03-08T14:27:28.483+0700] {logging_mixin.py:190} INFO - [2026-03-08T14:27:28.482+0700] {dag.py:4138} INFO - Setting next_dagrun for dag_scraping_twitter to 2026-03-07 23:00:00+00:00, run_after=2026-03-08 11:00:00+00:00
[2026-03-08T14:27:28.506+0700] {processor.py:208} INFO - Processing /opt/airflow/dags/dag_scraping_twitter.py took 0.119 seconds
[2026-03-08T14:27:58.723+0700] {processor.py:186} INFO - Started process (PID=67726) to work on /opt/airflow/dags/dag_scraping_twitter.py
[2026-03-08T14:27:58.725+0700] {processor.py:914} INFO - Processing file /opt/airflow/dags/dag_scraping_twitter.py for tasks to queue
[2026-03-08T14:27:58.731+0700] {logging_mixin.py:190} INFO - [2026-03-08T14:27:58.730+0700] {dagbag.py:587} INFO - Filling up the DagBag from /opt/airflow/dags/dag_scraping_twitter.py
[2026-03-08T14:27:58.758+0700] {processor.py:925} INFO - DAG(s) 'dag_scraping_twitter' retrieved from /opt/airflow/dags/dag_scraping_twitter.py
[2026-03-08T14:27:58.801+0700] {logging_mixin.py:190} INFO - [2026-03-08T14:27:58.801+0700] {dag.py:3211} INFO - Sync 1 DAGs
[2026-03-08T14:27:58.828+0700] {logging_mixin.py:190} INFO - [2026-03-08T14:27:58.828+0700] {dag.py:4138} INFO - Setting next_dagrun for dag_scraping_twitter to 2026-03-07 23:00:00+00:00, run_after=2026-03-08 11:00:00+00:00
[2026-03-08T14:27:58.862+0700] {processor.py:208} INFO - Processing /opt/airflow/dags/dag_scraping_twitter.py took 0.153 seconds
[2026-03-08T14:28:29.725+0700] {processor.py:186} INFO - Started process (PID=67754) to work on /opt/airflow/dags/dag_scraping_twitter.py
[2026-03-08T14:28:29.726+0700] {processor.py:914} INFO - Processing file /opt/airflow/dags/dag_scraping_twitter.py for tasks to queue
[2026-03-08T14:28:29.729+0700] {logging_mixin.py:190} INFO - [2026-03-08T14:28:29.729+0700] {dagbag.py:587} INFO - Filling up the DagBag from /opt/airflow/dags/dag_scraping_twitter.py
[2026-03-08T14:28:29.754+0700] {processor.py:925} INFO - DAG(s) 'dag_scraping_twitter' retrieved from /opt/airflow/dags/dag_scraping_twitter.py
[2026-03-08T14:28:29.784+0700] {logging_mixin.py:190} INFO - [2026-03-08T14:28:29.784+0700] {dag.py:3211} INFO - Sync 1 DAGs
[2026-03-08T14:28:29.997+0700] {logging_mixin.py:190} INFO - [2026-03-08T14:28:29.997+0700] {dag.py:4138} INFO - Setting next_dagrun for dag_scraping_twitter to 2026-03-07 23:00:00+00:00, run_after=2026-03-08 11:00:00+00:00
[2026-03-08T14:28:30.020+0700] {processor.py:208} INFO - Processing /opt/airflow/dags/dag_scraping_twitter.py took 0.301 seconds
[2026-03-08T14:29:00.458+0700] {processor.py:186} INFO - Started process (PID=67782) to work on /opt/airflow/dags/dag_scraping_twitter.py
[2026-03-08T14:29:00.459+0700] {processor.py:914} INFO - Processing file /opt/airflow/dags/dag_scraping_twitter.py for tasks to queue
[2026-03-08T14:29:00.462+0700] {logging_mixin.py:190} INFO - [2026-03-08T14:29:00.461+0700] {dagbag.py:587} INFO - Filling up the DagBag from /opt/airflow/dags/dag_scraping_twitter.py
[2026-03-08T14:29:00.483+0700] {processor.py:925} INFO - DAG(s) 'dag_scraping_twitter' retrieved from /opt/airflow/dags/dag_scraping_twitter.py
[2026-03-08T14:29:00.510+0700] {logging_mixin.py:190} INFO - [2026-03-08T14:29:00.510+0700] {dag.py:3211} INFO - Sync 1 DAGs
[2026-03-08T14:29:00.680+0700] {logging_mixin.py:190} INFO - [2026-03-08T14:29:00.679+0700] {dag.py:4138} INFO - Setting next_dagrun for dag_scraping_twitter to 2026-03-07 23:00:00+00:00, run_after=2026-03-08 11:00:00+00:00
[2026-03-08T14:29:00.704+0700] {processor.py:208} INFO - Processing /opt/airflow/dags/dag_scraping_twitter.py took 0.254 seconds
[2026-03-08T14:29:31.318+0700] {processor.py:186} INFO - Started process (PID=67810) to work on /opt/airflow/dags/dag_scraping_twitter.py
[2026-03-08T14:29:31.319+0700] {processor.py:914} INFO - Processing file /opt/airflow/dags/dag_scraping_twitter.py for tasks to queue
[2026-03-08T14:29:31.321+0700] {logging_mixin.py:190} INFO - [2026-03-08T14:29:31.321+0700] {dagbag.py:587} INFO - Filling up the DagBag from /opt/airflow/dags/dag_scraping_twitter.py
[2026-03-08T14:29:31.343+0700] {processor.py:925} INFO - DAG(s) 'dag_scraping_twitter' retrieved from /opt/airflow/dags/dag_scraping_twitter.py
[2026-03-08T14:29:31.372+0700] {logging_mixin.py:190} INFO - [2026-03-08T14:29:31.372+0700] {dag.py:3211} INFO - Sync 1 DAGs
[2026-03-08T14:29:31.395+0700] {logging_mixin.py:190} INFO - [2026-03-08T14:29:31.395+0700] {dag.py:4138} INFO - Setting next_dagrun for dag_scraping_twitter to 2026-03-07 23:00:00+00:00, run_after=2026-03-08 11:00:00+00:00
[2026-03-08T14:29:31.419+0700] {processor.py:208} INFO - Processing /opt/airflow/dags/dag_scraping_twitter.py took 0.108 seconds
[2026-03-08T14:30:01.757+0700] {processor.py:186} INFO - Started process (PID=67838) to work on /opt/airflow/dags/dag_scraping_twitter.py
[2026-03-08T14:30:01.758+0700] {processor.py:914} INFO - Processing file /opt/airflow/dags/dag_scraping_twitter.py for tasks to queue
[2026-03-08T14:30:01.761+0700] {logging_mixin.py:190} INFO - [2026-03-08T14:30:01.761+0700] {dagbag.py:587} INFO - Filling up the DagBag from /opt/airflow/dags/dag_scraping_twitter.py
[2026-03-08T14:30:01.787+0700] {processor.py:925} INFO - DAG(s) 'dag_scraping_twitter' retrieved from /opt/airflow/dags/dag_scraping_twitter.py
[2026-03-08T14:30:01.818+0700] {logging_mixin.py:190} INFO - [2026-03-08T14:30:01.818+0700] {dag.py:3211} INFO - Sync 1 DAGs
[2026-03-08T14:30:01.842+0700] {logging_mixin.py:190} INFO - [2026-03-08T14:30:01.842+0700] {dag.py:4138} INFO - Setting next_dagrun for dag_scraping_twitter to 2026-03-07 23:00:00+00:00, run_after=2026-03-08 11:00:00+00:00
[2026-03-08T14:30:01.865+0700] {processor.py:208} INFO - Processing /opt/airflow/dags/dag_scraping_twitter.py took 0.115 seconds
[2026-03-08T14:30:32.882+0700] {processor.py:186} INFO - Started process (PID=67866) to work on /opt/airflow/dags/dag_scraping_twitter.py
[2026-03-08T14:30:32.883+0700] {processor.py:914} INFO - Processing file /opt/airflow/dags/dag_scraping_twitter.py for tasks to queue
[2026-03-08T14:30:32.886+0700] {logging_mixin.py:190} INFO - [2026-03-08T14:30:32.886+0700] {dagbag.py:587} INFO - Filling up the DagBag from /opt/airflow/dags/dag_scraping_twitter.py
[2026-03-08T14:30:32.906+0700] {processor.py:925} INFO - DAG(s) 'dag_scraping_twitter' retrieved from /opt/airflow/dags/dag_scraping_twitter.py
[2026-03-08T14:30:32.937+0700] {logging_mixin.py:190} INFO - [2026-03-08T14:30:32.937+0700] {dag.py:3211} INFO - Sync 1 DAGs
[2026-03-08T14:30:32.960+0700] {logging_mixin.py:190} INFO - [2026-03-08T14:30:32.959+0700] {dag.py:4138} INFO - Setting next_dagrun for dag_scraping_twitter to 2026-03-07 23:00:00+00:00, run_after=2026-03-08 11:00:00+00:00
[2026-03-08T14:30:32.982+0700] {processor.py:208} INFO - Processing /opt/airflow/dags/dag_scraping_twitter.py took 0.108 seconds
[2026-03-08T14:31:03.337+0700] {processor.py:186} INFO - Started process (PID=67900) to work on /opt/airflow/dags/dag_scraping_twitter.py
[2026-03-08T14:31:03.338+0700] {processor.py:914} INFO - Processing file /opt/airflow/dags/dag_scraping_twitter.py for tasks to queue
[2026-03-08T14:31:03.342+0700] {logging_mixin.py:190} INFO - [2026-03-08T14:31:03.341+0700] {dagbag.py:587} INFO - Filling up the DagBag from /opt/airflow/dags/dag_scraping_twitter.py
[2026-03-08T14:31:03.368+0700] {processor.py:925} INFO - DAG(s) 'dag_scraping_twitter' retrieved from /opt/airflow/dags/dag_scraping_twitter.py
[2026-03-08T14:31:03.394+0700] {logging_mixin.py:190} INFO - [2026-03-08T14:31:03.394+0700] {dag.py:3211} INFO - Sync 1 DAGs
[2026-03-08T14:31:03.418+0700] {logging_mixin.py:190} INFO - [2026-03-08T14:31:03.418+0700] {dag.py:4138} INFO - Setting next_dagrun for dag_scraping_twitter to 2026-03-07 23:00:00+00:00, run_after=2026-03-08 11:00:00+00:00
[2026-03-08T14:31:03.588+0700] {processor.py:208} INFO - Processing /opt/airflow/dags/dag_scraping_twitter.py took 0.257 seconds
[2026-03-08T14:31:34.503+0700] {processor.py:186} INFO - Started process (PID=67928) to work on /opt/airflow/dags/dag_scraping_twitter.py
[2026-03-08T14:31:34.505+0700] {processor.py:914} INFO - Processing file /opt/airflow/dags/dag_scraping_twitter.py for tasks to queue
[2026-03-08T14:31:34.508+0700] {logging_mixin.py:190} INFO - [2026-03-08T14:31:34.507+0700] {dagbag.py:587} INFO - Filling up the DagBag from /opt/airflow/dags/dag_scraping_twitter.py
[2026-03-08T14:31:34.532+0700] {processor.py:925} INFO - DAG(s) 'dag_scraping_twitter' retrieved from /opt/airflow/dags/dag_scraping_twitter.py
[2026-03-08T14:31:34.564+0700] {logging_mixin.py:190} INFO - [2026-03-08T14:31:34.564+0700] {dag.py:3211} INFO - Sync 1 DAGs
[2026-03-08T14:31:34.756+0700] {logging_mixin.py:190} INFO - [2026-03-08T14:31:34.755+0700] {dag.py:4138} INFO - Setting next_dagrun for dag_scraping_twitter to 2026-03-07 23:00:00+00:00, run_after=2026-03-08 11:00:00+00:00
[2026-03-08T14:31:34.777+0700] {processor.py:208} INFO - Processing /opt/airflow/dags/dag_scraping_twitter.py took 0.283 seconds
[2026-03-08T14:32:05.531+0700] {processor.py:186} INFO - Started process (PID=67956) to work on /opt/airflow/dags/dag_scraping_twitter.py
[2026-03-08T14:32:05.532+0700] {processor.py:914} INFO - Processing file /opt/airflow/dags/dag_scraping_twitter.py for tasks to queue
[2026-03-08T14:32:05.535+0700] {logging_mixin.py:190} INFO - [2026-03-08T14:32:05.535+0700] {dagbag.py:587} INFO - Filling up the DagBag from /opt/airflow/dags/dag_scraping_twitter.py
[2026-03-08T14:32:05.557+0700] {processor.py:925} INFO - DAG(s) 'dag_scraping_twitter' retrieved from /opt/airflow/dags/dag_scraping_twitter.py
[2026-03-08T14:32:05.584+0700] {logging_mixin.py:190} INFO - [2026-03-08T14:32:05.583+0700] {dag.py:3211} INFO - Sync 1 DAGs
[2026-03-08T14:32:05.607+0700] {logging_mixin.py:190} INFO - [2026-03-08T14:32:05.606+0700] {dag.py:4138} INFO - Setting next_dagrun for dag_scraping_twitter to 2026-03-07 23:00:00+00:00, run_after=2026-03-08 11:00:00+00:00
[2026-03-08T14:32:05.628+0700] {processor.py:208} INFO - Processing /opt/airflow/dags/dag_scraping_twitter.py took 0.107 seconds
[2026-03-08T14:32:35.787+0700] {processor.py:186} INFO - Started process (PID=67984) to work on /opt/airflow/dags/dag_scraping_twitter.py
[2026-03-08T14:32:35.788+0700] {processor.py:914} INFO - Processing file /opt/airflow/dags/dag_scraping_twitter.py for tasks to queue
[2026-03-08T14:32:35.791+0700] {logging_mixin.py:190} INFO - [2026-03-08T14:32:35.790+0700] {dagbag.py:587} INFO - Filling up the DagBag from /opt/airflow/dags/dag_scraping_twitter.py
[2026-03-08T14:32:35.811+0700] {processor.py:925} INFO - DAG(s) 'dag_scraping_twitter' retrieved from /opt/airflow/dags/dag_scraping_twitter.py
[2026-03-08T14:32:35.836+0700] {logging_mixin.py:190} INFO - [2026-03-08T14:32:35.836+0700] {dag.py:3211} INFO - Sync 1 DAGs
[2026-03-08T14:32:35.863+0700] {logging_mixin.py:190} INFO - [2026-03-08T14:32:35.863+0700] {dag.py:4138} INFO - Setting next_dagrun for dag_scraping_twitter to 2026-03-07 23:00:00+00:00, run_after=2026-03-08 11:00:00+00:00
[2026-03-08T14:32:35.887+0700] {processor.py:208} INFO - Processing /opt/airflow/dags/dag_scraping_twitter.py took 0.109 seconds
[2026-03-08T14:33:06.068+0700] {processor.py:186} INFO - Started process (PID=68012) to work on /opt/airflow/dags/dag_scraping_twitter.py
[2026-03-08T14:33:06.069+0700] {processor.py:914} INFO - Processing file /opt/airflow/dags/dag_scraping_twitter.py for tasks to queue
[2026-03-08T14:33:06.072+0700] {logging_mixin.py:190} INFO - [2026-03-08T14:33:06.072+0700] {dagbag.py:587} INFO - Filling up the DagBag from /opt/airflow/dags/dag_scraping_twitter.py
[2026-03-08T14:33:06.091+0700] {processor.py:925} INFO - DAG(s) 'dag_scraping_twitter' retrieved from /opt/airflow/dags/dag_scraping_twitter.py
[2026-03-08T14:33:06.117+0700] {logging_mixin.py:190} INFO - [2026-03-08T14:33:06.116+0700] {dag.py:3211} INFO - Sync 1 DAGs
[2026-03-08T14:33:06.139+0700] {logging_mixin.py:190} INFO - [2026-03-08T14:33:06.139+0700] {dag.py:4138} INFO - Setting next_dagrun for dag_scraping_twitter to 2026-03-07 23:00:00+00:00, run_after=2026-03-08 11:00:00+00:00
[2026-03-08T14:33:06.164+0700] {processor.py:208} INFO - Processing /opt/airflow/dags/dag_scraping_twitter.py took 0.102 seconds
[2026-03-08T14:33:36.590+0700] {processor.py:186} INFO - Started process (PID=68040) to work on /opt/airflow/dags/dag_scraping_twitter.py
[2026-03-08T14:33:36.592+0700] {processor.py:914} INFO - Processing file /opt/airflow/dags/dag_scraping_twitter.py for tasks to queue
[2026-03-08T14:33:36.594+0700] {logging_mixin.py:190} INFO - [2026-03-08T14:33:36.594+0700] {dagbag.py:587} INFO - Filling up the DagBag from /opt/airflow/dags/dag_scraping_twitter.py
[2026-03-08T14:33:36.619+0700] {processor.py:925} INFO - DAG(s) 'dag_scraping_twitter' retrieved from /opt/airflow/dags/dag_scraping_twitter.py
[2026-03-08T14:33:36.646+0700] {logging_mixin.py:190} INFO - [2026-03-08T14:33:36.645+0700] {dag.py:3211} INFO - Sync 1 DAGs
[2026-03-08T14:33:36.668+0700] {logging_mixin.py:190} INFO - [2026-03-08T14:33:36.668+0700] {dag.py:4138} INFO - Setting next_dagrun for dag_scraping_twitter to 2026-03-07 23:00:00+00:00, run_after=2026-03-08 11:00:00+00:00
[2026-03-08T14:33:36.870+0700] {processor.py:208} INFO - Processing /opt/airflow/dags/dag_scraping_twitter.py took 0.287 seconds
[2026-03-08T14:34:07.197+0700] {processor.py:186} INFO - Started process (PID=68074) to work on /opt/airflow/dags/dag_scraping_twitter.py
[2026-03-08T14:34:07.198+0700] {processor.py:914} INFO - Processing file /opt/airflow/dags/dag_scraping_twitter.py for tasks to queue
[2026-03-08T14:34:07.201+0700] {logging_mixin.py:190} INFO - [2026-03-08T14:34:07.201+0700] {dagbag.py:587} INFO - Filling up the DagBag from /opt/airflow/dags/dag_scraping_twitter.py
[2026-03-08T14:34:07.222+0700] {processor.py:925} INFO - DAG(s) 'dag_scraping_twitter' retrieved from /opt/airflow/dags/dag_scraping_twitter.py
[2026-03-08T14:34:07.249+0700] {logging_mixin.py:190} INFO - [2026-03-08T14:34:07.249+0700] {dag.py:3211} INFO - Sync 1 DAGs
[2026-03-08T14:34:07.427+0700] {logging_mixin.py:190} INFO - [2026-03-08T14:34:07.426+0700] {dag.py:4138} INFO - Setting next_dagrun for dag_scraping_twitter to 2026-03-07 23:00:00+00:00, run_after=2026-03-08 11:00:00+00:00
[2026-03-08T14:34:07.450+0700] {processor.py:208} INFO - Processing /opt/airflow/dags/dag_scraping_twitter.py took 0.259 seconds
[2026-03-08T14:34:37.847+0700] {processor.py:186} INFO - Started process (PID=68102) to work on /opt/airflow/dags/dag_scraping_twitter.py
[2026-03-08T14:34:37.848+0700] {processor.py:914} INFO - Processing file /opt/airflow/dags/dag_scraping_twitter.py for tasks to queue
[2026-03-08T14:34:37.850+0700] {logging_mixin.py:190} INFO - [2026-03-08T14:34:37.850+0700] {dagbag.py:587} INFO - Filling up the DagBag from /opt/airflow/dags/dag_scraping_twitter.py
[2026-03-08T14:34:37.870+0700] {processor.py:925} INFO - DAG(s) 'dag_scraping_twitter' retrieved from /opt/airflow/dags/dag_scraping_twitter.py
[2026-03-08T14:34:37.897+0700] {logging_mixin.py:190} INFO - [2026-03-08T14:34:37.897+0700] {dag.py:3211} INFO - Sync 1 DAGs
[2026-03-08T14:34:38.096+0700] {logging_mixin.py:190} INFO - [2026-03-08T14:34:38.095+0700] {dag.py:4138} INFO - Setting next_dagrun for dag_scraping_twitter to 2026-03-07 23:00:00+00:00, run_after=2026-03-08 11:00:00+00:00
[2026-03-08T14:34:38.117+0700] {processor.py:208} INFO - Processing /opt/airflow/dags/dag_scraping_twitter.py took 0.277 seconds
[2026-03-08T14:35:08.886+0700] {processor.py:186} INFO - Started process (PID=68130) to work on /opt/airflow/dags/dag_scraping_twitter.py
[2026-03-08T14:35:08.887+0700] {processor.py:914} INFO - Processing file /opt/airflow/dags/dag_scraping_twitter.py for tasks to queue
[2026-03-08T14:35:08.890+0700] {logging_mixin.py:190} INFO - [2026-03-08T14:35:08.889+0700] {dagbag.py:587} INFO - Filling up the DagBag from /opt/airflow/dags/dag_scraping_twitter.py
[2026-03-08T14:35:08.909+0700] {processor.py:925} INFO - DAG(s) 'dag_scraping_twitter' retrieved from /opt/airflow/dags/dag_scraping_twitter.py
[2026-03-08T14:35:08.937+0700] {logging_mixin.py:190} INFO - [2026-03-08T14:35:08.937+0700] {dag.py:3211} INFO - Sync 1 DAGs
[2026-03-08T14:35:08.959+0700] {logging_mixin.py:190} INFO - [2026-03-08T14:35:08.959+0700] {dag.py:4138} INFO - Setting next_dagrun for dag_scraping_twitter to 2026-03-07 23:00:00+00:00, run_after=2026-03-08 11:00:00+00:00
[2026-03-08T14:35:08.986+0700] {processor.py:208} INFO - Processing /opt/airflow/dags/dag_scraping_twitter.py took 0.106 seconds
[2026-03-08T14:35:39.282+0700] {processor.py:186} INFO - Started process (PID=68158) to work on /opt/airflow/dags/dag_scraping_twitter.py
[2026-03-08T14:35:39.283+0700] {processor.py:914} INFO - Processing file /opt/airflow/dags/dag_scraping_twitter.py for tasks to queue
[2026-03-08T14:35:39.286+0700] {logging_mixin.py:190} INFO - [2026-03-08T14:35:39.286+0700] {dagbag.py:587} INFO - Filling up the DagBag from /opt/airflow/dags/dag_scraping_twitter.py
[2026-03-08T14:35:39.305+0700] {processor.py:925} INFO - DAG(s) 'dag_scraping_twitter' retrieved from /opt/airflow/dags/dag_scraping_twitter.py
[2026-03-08T14:35:39.331+0700] {logging_mixin.py:190} INFO - [2026-03-08T14:35:39.331+0700] {dag.py:3211} INFO - Sync 1 DAGs
[2026-03-08T14:35:39.354+0700] {logging_mixin.py:190} INFO - [2026-03-08T14:35:39.354+0700] {dag.py:4138} INFO - Setting next_dagrun for dag_scraping_twitter to 2026-03-07 23:00:00+00:00, run_after=2026-03-08 11:00:00+00:00
[2026-03-08T14:35:39.379+0700] {processor.py:208} INFO - Processing /opt/airflow/dags/dag_scraping_twitter.py took 0.104 seconds
[2026-03-08T14:36:09.551+0700] {processor.py:186} INFO - Started process (PID=68186) to work on /opt/airflow/dags/dag_scraping_twitter.py
[2026-03-08T14:36:09.553+0700] {processor.py:914} INFO - Processing file /opt/airflow/dags/dag_scraping_twitter.py for tasks to queue
[2026-03-08T14:36:09.556+0700] {logging_mixin.py:190} INFO - [2026-03-08T14:36:09.556+0700] {dagbag.py:587} INFO - Filling up the DagBag from /opt/airflow/dags/dag_scraping_twitter.py
[2026-03-08T14:36:09.575+0700] {processor.py:925} INFO - DAG(s) 'dag_scraping_twitter' retrieved from /opt/airflow/dags/dag_scraping_twitter.py
[2026-03-08T14:36:09.602+0700] {logging_mixin.py:190} INFO - [2026-03-08T14:36:09.602+0700] {dag.py:3211} INFO - Sync 1 DAGs
[2026-03-08T14:36:09.625+0700] {logging_mixin.py:190} INFO - [2026-03-08T14:36:09.625+0700] {dag.py:4138} INFO - Setting next_dagrun for dag_scraping_twitter to 2026-03-07 23:00:00+00:00, run_after=2026-03-08 11:00:00+00:00
[2026-03-08T14:36:09.652+0700] {processor.py:208} INFO - Processing /opt/airflow/dags/dag_scraping_twitter.py took 0.109 seconds
[2026-03-08T14:36:40.313+0700] {processor.py:186} INFO - Started process (PID=68215) to work on /opt/airflow/dags/dag_scraping_twitter.py
[2026-03-08T14:36:40.314+0700] {processor.py:914} INFO - Processing file /opt/airflow/dags/dag_scraping_twitter.py for tasks to queue
[2026-03-08T14:36:40.317+0700] {logging_mixin.py:190} INFO - [2026-03-08T14:36:40.317+0700] {dagbag.py:587} INFO - Filling up the DagBag from /opt/airflow/dags/dag_scraping_twitter.py
[2026-03-08T14:36:40.338+0700] {processor.py:925} INFO - DAG(s) 'dag_scraping_twitter' retrieved from /opt/airflow/dags/dag_scraping_twitter.py
[2026-03-08T14:36:40.366+0700] {logging_mixin.py:190} INFO - [2026-03-08T14:36:40.365+0700] {dag.py:3211} INFO - Sync 1 DAGs
[2026-03-08T14:36:40.545+0700] {logging_mixin.py:190} INFO - [2026-03-08T14:36:40.545+0700] {dag.py:4138} INFO - Setting next_dagrun for dag_scraping_twitter to 2026-03-07 23:00:00+00:00, run_after=2026-03-08 11:00:00+00:00
[2026-03-08T14:36:40.567+0700] {processor.py:208} INFO - Processing /opt/airflow/dags/dag_scraping_twitter.py took 0.260 seconds
[2026-03-08T14:37:10.718+0700] {processor.py:186} INFO - Started process (PID=68243) to work on /opt/airflow/dags/dag_scraping_twitter.py
[2026-03-08T14:37:10.719+0700] {processor.py:914} INFO - Processing file /opt/airflow/dags/dag_scraping_twitter.py for tasks to queue
[2026-03-08T14:37:10.722+0700] {logging_mixin.py:190} INFO - [2026-03-08T14:37:10.722+0700] {dagbag.py:587} INFO - Filling up the DagBag from /opt/airflow/dags/dag_scraping_twitter.py
[2026-03-08T14:37:10.744+0700] {processor.py:925} INFO - DAG(s) 'dag_scraping_twitter' retrieved from /opt/airflow/dags/dag_scraping_twitter.py
[2026-03-08T14:37:10.775+0700] {logging_mixin.py:190} INFO - [2026-03-08T14:37:10.775+0700] {dag.py:3211} INFO - Sync 1 DAGs
[2026-03-08T14:37:11.007+0700] {logging_mixin.py:190} INFO - [2026-03-08T14:37:11.007+0700] {dag.py:4138} INFO - Setting next_dagrun for dag_scraping_twitter to 2026-03-07 23:00:00+00:00, run_after=2026-03-08 11:00:00+00:00
[2026-03-08T14:37:11.031+0700] {processor.py:208} INFO - Processing /opt/airflow/dags/dag_scraping_twitter.py took 0.320 seconds
[2026-03-08T14:37:41.414+0700] {processor.py:186} INFO - Started process (PID=68277) to work on /opt/airflow/dags/dag_scraping_twitter.py
[2026-03-08T14:37:41.417+0700] {processor.py:914} INFO - Processing file /opt/airflow/dags/dag_scraping_twitter.py for tasks to queue
[2026-03-08T14:37:41.420+0700] {logging_mixin.py:190} INFO - [2026-03-08T14:37:41.419+0700] {dagbag.py:587} INFO - Filling up the DagBag from /opt/airflow/dags/dag_scraping_twitter.py
[2026-03-08T14:37:41.438+0700] {processor.py:925} INFO - DAG(s) 'dag_scraping_twitter' retrieved from /opt/airflow/dags/dag_scraping_twitter.py
[2026-03-08T14:37:41.625+0700] {logging_mixin.py:190} INFO - [2026-03-08T14:37:41.624+0700] {dag.py:3211} INFO - Sync 1 DAGs
[2026-03-08T14:37:41.645+0700] {logging_mixin.py:190} INFO - [2026-03-08T14:37:41.645+0700] {dag.py:4138} INFO - Setting next_dagrun for dag_scraping_twitter to 2026-03-07 23:00:00+00:00, run_after=2026-03-08 11:00:00+00:00
[2026-03-08T14:37:41.669+0700] {processor.py:208} INFO - Processing /opt/airflow/dags/dag_scraping_twitter.py took 0.265 seconds
[2026-03-08T14:38:11.874+0700] {processor.py:186} INFO - Started process (PID=68306) to work on /opt/airflow/dags/dag_scraping_twitter.py
[2026-03-08T14:38:11.875+0700] {processor.py:914} INFO - Processing file /opt/airflow/dags/dag_scraping_twitter.py for tasks to queue
[2026-03-08T14:38:11.879+0700] {logging_mixin.py:190} INFO - [2026-03-08T14:38:11.879+0700] {dagbag.py:587} INFO - Filling up the DagBag from /opt/airflow/dags/dag_scraping_twitter.py
[2026-03-08T14:38:11.903+0700] {processor.py:925} INFO - DAG(s) 'dag_scraping_twitter' retrieved from /opt/airflow/dags/dag_scraping_twitter.py
[2026-03-08T14:38:11.930+0700] {logging_mixin.py:190} INFO - [2026-03-08T14:38:11.930+0700] {dag.py:3211} INFO - Sync 1 DAGs
[2026-03-08T14:38:11.956+0700] {logging_mixin.py:190} INFO - [2026-03-08T14:38:11.955+0700] {dag.py:4138} INFO - Setting next_dagrun for dag_scraping_twitter to 2026-03-07 23:00:00+00:00, run_after=2026-03-08 11:00:00+00:00
[2026-03-08T14:38:11.982+0700] {processor.py:208} INFO - Processing /opt/airflow/dags/dag_scraping_twitter.py took 0.114 seconds
[2026-03-08T14:38:42.594+0700] {processor.py:186} INFO - Started process (PID=68334) to work on /opt/airflow/dags/dag_scraping_twitter.py
[2026-03-08T14:38:42.595+0700] {processor.py:914} INFO - Processing file /opt/airflow/dags/dag_scraping_twitter.py for tasks to queue
[2026-03-08T14:38:42.598+0700] {logging_mixin.py:190} INFO - [2026-03-08T14:38:42.597+0700] {dagbag.py:587} INFO - Filling up the DagBag from /opt/airflow/dags/dag_scraping_twitter.py
[2026-03-08T14:38:42.617+0700] {processor.py:925} INFO - DAG(s) 'dag_scraping_twitter' retrieved from /opt/airflow/dags/dag_scraping_twitter.py
[2026-03-08T14:38:42.644+0700] {logging_mixin.py:190} INFO - [2026-03-08T14:38:42.644+0700] {dag.py:3211} INFO - Sync 1 DAGs
[2026-03-08T14:38:42.667+0700] {logging_mixin.py:190} INFO - [2026-03-08T14:38:42.667+0700] {dag.py:4138} INFO - Setting next_dagrun for dag_scraping_twitter to 2026-03-07 23:00:00+00:00, run_after=2026-03-08 11:00:00+00:00
[2026-03-08T14:38:42.692+0700] {processor.py:208} INFO - Processing /opt/airflow/dags/dag_scraping_twitter.py took 0.105 seconds
[2026-03-08T14:39:12.853+0700] {processor.py:186} INFO - Started process (PID=68362) to work on /opt/airflow/dags/dag_scraping_twitter.py
[2026-03-08T14:39:12.854+0700] {processor.py:914} INFO - Processing file /opt/airflow/dags/dag_scraping_twitter.py for tasks to queue
[2026-03-08T14:39:12.857+0700] {logging_mixin.py:190} INFO - [2026-03-08T14:39:12.856+0700] {dagbag.py:587} INFO - Filling up the DagBag from /opt/airflow/dags/dag_scraping_twitter.py
[2026-03-08T14:39:12.878+0700] {processor.py:925} INFO - DAG(s) 'dag_scraping_twitter' retrieved from /opt/airflow/dags/dag_scraping_twitter.py
[2026-03-08T14:39:12.903+0700] {logging_mixin.py:190} INFO - [2026-03-08T14:39:12.903+0700] {dag.py:3211} INFO - Sync 1 DAGs
[2026-03-08T14:39:12.929+0700] {logging_mixin.py:190} INFO - [2026-03-08T14:39:12.928+0700] {dag.py:4138} INFO - Setting next_dagrun for dag_scraping_twitter to 2026-03-07 23:00:00+00:00, run_after=2026-03-08 11:00:00+00:00
[2026-03-08T14:39:13.110+0700] {processor.py:208} INFO - Processing /opt/airflow/dags/dag_scraping_twitter.py took 0.264 seconds
[2026-03-08T14:39:43.574+0700] {processor.py:186} INFO - Started process (PID=68390) to work on /opt/airflow/dags/dag_scraping_twitter.py
[2026-03-08T14:39:43.576+0700] {processor.py:914} INFO - Processing file /opt/airflow/dags/dag_scraping_twitter.py for tasks to queue
[2026-03-08T14:39:43.579+0700] {logging_mixin.py:190} INFO - [2026-03-08T14:39:43.578+0700] {dagbag.py:587} INFO - Filling up the DagBag from /opt/airflow/dags/dag_scraping_twitter.py
[2026-03-08T14:39:43.599+0700] {processor.py:925} INFO - DAG(s) 'dag_scraping_twitter' retrieved from /opt/airflow/dags/dag_scraping_twitter.py
[2026-03-08T14:39:43.627+0700] {logging_mixin.py:190} INFO - [2026-03-08T14:39:43.627+0700] {dag.py:3211} INFO - Sync 1 DAGs
[2026-03-08T14:39:43.800+0700] {logging_mixin.py:190} INFO - [2026-03-08T14:39:43.800+0700] {dag.py:4138} INFO - Setting next_dagrun for dag_scraping_twitter to 2026-03-07 23:00:00+00:00, run_after=2026-03-08 11:00:00+00:00
[2026-03-08T14:39:43.824+0700] {processor.py:208} INFO - Processing /opt/airflow/dags/dag_scraping_twitter.py took 0.258 seconds
[2026-03-08T14:40:14.033+0700] {processor.py:186} INFO - Started process (PID=68418) to work on /opt/airflow/dags/dag_scraping_twitter.py
[2026-03-08T14:40:14.034+0700] {processor.py:914} INFO - Processing file /opt/airflow/dags/dag_scraping_twitter.py for tasks to queue
[2026-03-08T14:40:14.037+0700] {logging_mixin.py:190} INFO - [2026-03-08T14:40:14.036+0700] {dagbag.py:587} INFO - Filling up the DagBag from /opt/airflow/dags/dag_scraping_twitter.py
[2026-03-08T14:40:14.056+0700] {processor.py:925} INFO - DAG(s) 'dag_scraping_twitter' retrieved from /opt/airflow/dags/dag_scraping_twitter.py
[2026-03-08T14:40:14.083+0700] {logging_mixin.py:190} INFO - [2026-03-08T14:40:14.083+0700] {dag.py:3211} INFO - Sync 1 DAGs
[2026-03-08T14:40:14.283+0700] {logging_mixin.py:190} INFO - [2026-03-08T14:40:14.283+0700] {dag.py:4138} INFO - Setting next_dagrun for dag_scraping_twitter to 2026-03-07 23:00:00+00:00, run_after=2026-03-08 11:00:00+00:00
[2026-03-08T14:40:14.306+0700] {processor.py:208} INFO - Processing /opt/airflow/dags/dag_scraping_twitter.py took 0.279 seconds
[2026-03-08T14:40:44.745+0700] {processor.py:186} INFO - Started process (PID=68446) to work on /opt/airflow/dags/dag_scraping_twitter.py
[2026-03-08T14:40:44.746+0700] {processor.py:914} INFO - Processing file /opt/airflow/dags/dag_scraping_twitter.py for tasks to queue
[2026-03-08T14:40:44.750+0700] {logging_mixin.py:190} INFO - [2026-03-08T14:40:44.750+0700] {dagbag.py:587} INFO - Filling up the DagBag from /opt/airflow/dags/dag_scraping_twitter.py
[2026-03-08T14:40:44.771+0700] {processor.py:925} INFO - DAG(s) 'dag_scraping_twitter' retrieved from /opt/airflow/dags/dag_scraping_twitter.py
[2026-03-08T14:40:44.266+0700] {logging_mixin.py:190} INFO - [2026-03-08T14:40:44.266+0700] {dag.py:3211} INFO - Sync 1 DAGs
[2026-03-08T14:40:44.292+0700] {logging_mixin.py:190} INFO - [2026-03-08T14:40:44.292+0700] {dag.py:4138} INFO - Setting next_dagrun for dag_scraping_twitter to 2026-03-07 23:00:00+00:00, run_after=2026-03-08 11:00:00+00:00
[2026-03-08T14:40:44.317+0700] {processor.py:208} INFO - Processing /opt/airflow/dags/dag_scraping_twitter.py took 0.115 seconds
[2026-03-08T14:41:14.850+0700] {processor.py:186} INFO - Started process (PID=68480) to work on /opt/airflow/dags/dag_scraping_twitter.py
[2026-03-08T14:41:14.851+0700] {processor.py:914} INFO - Processing file /opt/airflow/dags/dag_scraping_twitter.py for tasks to queue
[2026-03-08T14:41:14.854+0700] {logging_mixin.py:190} INFO - [2026-03-08T14:41:14.853+0700] {dagbag.py:587} INFO - Filling up the DagBag from /opt/airflow/dags/dag_scraping_twitter.py
[2026-03-08T14:41:14.872+0700] {processor.py:925} INFO - DAG(s) 'dag_scraping_twitter' retrieved from /opt/airflow/dags/dag_scraping_twitter.py
[2026-03-08T14:41:14.899+0700] {logging_mixin.py:190} INFO - [2026-03-08T14:41:14.898+0700] {dag.py:3211} INFO - Sync 1 DAGs
[2026-03-08T14:41:14.926+0700] {logging_mixin.py:190} INFO - [2026-03-08T14:41:14.926+0700] {dag.py:4138} INFO - Setting next_dagrun for dag_scraping_twitter to 2026-03-07 23:00:00+00:00, run_after=2026-03-08 11:00:00+00:00
[2026-03-08T14:41:14.951+0700] {processor.py:208} INFO - Processing /opt/airflow/dags/dag_scraping_twitter.py took 0.108 seconds
[2026-03-08T14:41:45.992+0700] {processor.py:186} INFO - Started process (PID=68508) to work on /opt/airflow/dags/dag_scraping_twitter.py
[2026-03-08T14:41:45.993+0700] {processor.py:914} INFO - Processing file /opt/airflow/dags/dag_scraping_twitter.py for tasks to queue
[2026-03-08T14:41:45.996+0700] {logging_mixin.py:190} INFO - [2026-03-08T14:41:45.995+0700] {dagbag.py:587} INFO - Filling up the DagBag from /opt/airflow/dags/dag_scraping_twitter.py
[2026-03-08T14:41:46.016+0700] {processor.py:925} INFO - DAG(s) 'dag_scraping_twitter' retrieved from /opt/airflow/dags/dag_scraping_twitter.py
[2026-03-08T14:41:46.044+0700] {logging_mixin.py:190} INFO - [2026-03-08T14:41:46.044+0700] {dag.py:3211} INFO - Sync 1 DAGs
[2026-03-08T14:41:46.070+0700] {logging_mixin.py:190} INFO - [2026-03-08T14:41:46.069+0700] {dag.py:4138} INFO - Setting next_dagrun for dag_scraping_twitter to 2026-03-07 23:00:00+00:00, run_after=2026-03-08 11:00:00+00:00
[2026-03-08T14:41:46.099+0700] {processor.py:208} INFO - Processing /opt/airflow/dags/dag_scraping_twitter.py took 0.112 seconds
[2026-03-08T14:42:16.324+0700] {processor.py:186} INFO - Started process (PID=68536) to work on /opt/airflow/dags/dag_scraping_twitter.py
[2026-03-08T14:42:16.325+0700] {processor.py:914} INFO - Processing file /opt/airflow/dags/dag_scraping_twitter.py for tasks to queue
[2026-03-08T14:42:16.328+0700] {logging_mixin.py:190} INFO - [2026-03-08T14:42:16.327+0700] {dagbag.py:587} INFO - Filling up the DagBag from /opt/airflow/dags/dag_scraping_twitter.py
[2026-03-08T14:42:16.348+0700] {processor.py:925} INFO - DAG(s) 'dag_scraping_twitter' retrieved from /opt/airflow/dags/dag_scraping_twitter.py
[2026-03-08T14:42:16.376+0700] {logging_mixin.py:190} INFO - [2026-03-08T14:42:16.375+0700] {dag.py:3211} INFO - Sync 1 DAGs
[2026-03-08T14:42:16.577+0700] {logging_mixin.py:190} INFO - [2026-03-08T14:42:16.577+0700] {dag.py:4138} INFO - Setting next_dagrun for dag_scraping_twitter to 2026-03-07 23:00:00+00:00, run_after=2026-03-08 11:00:00+00:00
[2026-03-08T14:42:16.599+0700] {processor.py:208} INFO - Processing /opt/airflow/dags/dag_scraping_twitter.py took 0.288 seconds
[2026-03-08T14:42:46.932+0700] {processor.py:186} INFO - Started process (PID=68564) to work on /opt/airflow/dags/dag_scraping_twitter.py
[2026-03-08T14:42:46.933+0700] {processor.py:914} INFO - Processing file /opt/airflow/dags/dag_scraping_twitter.py for tasks to queue
[2026-03-08T14:42:46.936+0700] {logging_mixin.py:190} INFO - [2026-03-08T14:42:46.936+0700] {dagbag.py:587} INFO - Filling up the DagBag from /opt/airflow/dags/dag_scraping_twitter.py
[2026-03-08T14:42:46.957+0700] {processor.py:925} INFO - DAG(s) 'dag_scraping_twitter' retrieved from /opt/airflow/dags/dag_scraping_twitter.py
[2026-03-08T14:42:46.985+0700] {logging_mixin.py:190} INFO - [2026-03-08T14:42:46.985+0700] {dag.py:3211} INFO - Sync 1 DAGs
[2026-03-08T14:42:47.177+0700] {logging_mixin.py:190} INFO - [2026-03-08T14:42:47.177+0700] {dag.py:4138} INFO - Setting next_dagrun for dag_scraping_twitter to 2026-03-07 23:00:00+00:00, run_after=2026-03-08 11:00:00+00:00
[2026-03-08T14:42:47.203+0700] {processor.py:208} INFO - Processing /opt/airflow/dags/dag_scraping_twitter.py took 0.277 seconds
[2026-03-08T14:43:17.622+0700] {processor.py:186} INFO - Started process (PID=68592) to work on /opt/airflow/dags/dag_scraping_twitter.py
[2026-03-08T14:43:17.624+0700] {processor.py:914} INFO - Processing file /opt/airflow/dags/dag_scraping_twitter.py for tasks to queue
[2026-03-08T14:43:17.626+0700] {logging_mixin.py:190} INFO - [2026-03-08T14:43:17.626+0700] {dagbag.py:587} INFO - Filling up the DagBag from /opt/airflow/dags/dag_scraping_twitter.py
[2026-03-08T14:43:17.649+0700] {processor.py:925} INFO - DAG(s) 'dag_scraping_twitter' retrieved from /opt/airflow/dags/dag_scraping_twitter.py
[2026-03-08T14:43:17.834+0700] {logging_mixin.py:190} INFO - [2026-03-08T14:43:17.833+0700] {dag.py:3211} INFO - Sync 1 DAGs
[2026-03-08T14:43:17.855+0700] {logging_mixin.py:190} INFO - [2026-03-08T14:43:17.854+0700] {dag.py:4138} INFO - Setting next_dagrun for dag_scraping_twitter to 2026-03-07 23:00:00+00:00, run_after=2026-03-08 11:00:00+00:00
[2026-03-08T14:43:17.878+0700] {processor.py:208} INFO - Processing /opt/airflow/dags/dag_scraping_twitter.py took 0.271 seconds
[2026-03-08T14:43:48.169+0700] {processor.py:186} INFO - Started process (PID=68620) to work on /opt/airflow/dags/dag_scraping_twitter.py
[2026-03-08T14:43:48.170+0700] {processor.py:914} INFO - Processing file /opt/airflow/dags/dag_scraping_twitter.py for tasks to queue
[2026-03-08T14:43:48.173+0700] {logging_mixin.py:190} INFO - [2026-03-08T14:43:48.172+0700] {dagbag.py:587} INFO - Filling up the DagBag from /opt/airflow/dags/dag_scraping_twitter.py
[2026-03-08T14:43:48.200+0700] {processor.py:925} INFO - DAG(s) 'dag_scraping_twitter' retrieved from /opt/airflow/dags/dag_scraping_twitter.py
[2026-03-08T14:43:48.230+0700] {logging_mixin.py:190} INFO - [2026-03-08T14:43:48.230+0700] {dag.py:3211} INFO - Sync 1 DAGs
[2026-03-08T14:43:48.258+0700] {logging_mixin.py:190} INFO - [2026-03-08T14:43:48.258+0700] {dag.py:4138} INFO - Setting next_dagrun for dag_scraping_twitter to 2026-03-07 23:00:00+00:00, run_after=2026-03-08 11:00:00+00:00
[2026-03-08T14:43:48.281+0700] {processor.py:208} INFO - Processing /opt/airflow/dags/dag_scraping_twitter.py took 0.119 seconds
[2026-03-08T14:44:18.477+0700] {processor.py:186} INFO - Started process (PID=68648) to work on /opt/airflow/dags/dag_scraping_twitter.py
[2026-03-08T14:44:18.478+0700] {processor.py:914} INFO - Processing file /opt/airflow/dags/dag_scraping_twitter.py for tasks to queue
[2026-03-08T14:44:18.481+0700] {logging_mixin.py:190} INFO - [2026-03-08T14:44:18.480+0700] {dagbag.py:587} INFO - Filling up the DagBag from /opt/airflow/dags/dag_scraping_twitter.py
[2026-03-08T14:44:18.502+0700] {processor.py:925} INFO - DAG(s) 'dag_scraping_twitter' retrieved from /opt/airflow/dags/dag_scraping_twitter.py
[2026-03-08T14:44:18.529+0700] {logging_mixin.py:190} INFO - [2026-03-08T14:44:18.529+0700] {dag.py:3211} INFO - Sync 1 DAGs
[2026-03-08T14:44:18.554+0700] {logging_mixin.py:190} INFO - [2026-03-08T14:44:18.554+0700] {dag.py:4138} INFO - Setting next_dagrun for dag_scraping_twitter to 2026-03-07 23:00:00+00:00, run_after=2026-03-08 11:00:00+00:00
[2026-03-08T14:44:18.579+0700] {processor.py:208} INFO - Processing /opt/airflow/dags/dag_scraping_twitter.py took 0.109 seconds
[2026-03-08T14:44:49.205+0700] {processor.py:186} INFO - Started process (PID=68682) to work on /opt/airflow/dags/dag_scraping_twitter.py
[2026-03-08T14:44:49.206+0700] {processor.py:914} INFO - Processing file /opt/airflow/dags/dag_scraping_twitter.py for tasks to queue
[2026-03-08T14:44:49.209+0700] {logging_mixin.py:190} INFO - [2026-03-08T14:44:49.208+0700] {dagbag.py:587} INFO - Filling up the DagBag from /opt/airflow/dags/dag_scraping_twitter.py
[2026-03-08T14:44:49.228+0700] {processor.py:925} INFO - DAG(s) 'dag_scraping_twitter' retrieved from /opt/airflow/dags/dag_scraping_twitter.py
[2026-03-08T14:44:49.255+0700] {logging_mixin.py:190} INFO - [2026-03-08T14:44:49.255+0700] {dag.py:3211} INFO - Sync 1 DAGs
[2026-03-08T14:44:49.280+0700] {logging_mixin.py:190} INFO - [2026-03-08T14:44:49.279+0700] {dag.py:4138} INFO - Setting next_dagrun for dag_scraping_twitter to 2026-03-07 23:00:00+00:00, run_after=2026-03-08 11:00:00+00:00
[2026-03-08T14:44:49.451+0700] {processor.py:208} INFO - Processing /opt/airflow/dags/dag_scraping_twitter.py took 0.252 seconds
[2026-03-08T14:45:19.524+0700] {processor.py:186} INFO - Started process (PID=68710) to work on /opt/airflow/dags/dag_scraping_twitter.py
[2026-03-08T14:45:19.525+0700] {processor.py:914} INFO - Processing file /opt/airflow/dags/dag_scraping_twitter.py for tasks to queue
[2026-03-08T14:45:19.528+0700] {logging_mixin.py:190} INFO - [2026-03-08T14:45:19.528+0700] {dagbag.py:587} INFO - Filling up the DagBag from /opt/airflow/dags/dag_scraping_twitter.py
[2026-03-08T14:45:19.546+0700] {processor.py:925} INFO - DAG(s) 'dag_scraping_twitter' retrieved from /opt/airflow/dags/dag_scraping_twitter.py
[2026-03-08T14:45:19.574+0700] {logging_mixin.py:190} INFO - [2026-03-08T14:45:19.574+0700] {dag.py:3211} INFO - Sync 1 DAGs
[2026-03-08T14:45:19.755+0700] {logging_mixin.py:190} INFO - [2026-03-08T14:45:19.755+0700] {dag.py:4138} INFO - Setting next_dagrun for dag_scraping_twitter to 2026-03-07 23:00:00+00:00, run_after=2026-03-08 11:00:00+00:00
[2026-03-08T14:45:19.777+0700] {processor.py:208} INFO - Processing /opt/airflow/dags/dag_scraping_twitter.py took 0.259 seconds
[2026-03-08T14:45:49.995+0700] {processor.py:186} INFO - Started process (PID=68738) to work on /opt/airflow/dags/dag_scraping_twitter.py
[2026-03-08T14:45:49.997+0700] {processor.py:914} INFO - Processing file /opt/airflow/dags/dag_scraping_twitter.py for tasks to queue
[2026-03-08T14:45:50.003+0700] {logging_mixin.py:190} INFO - [2026-03-08T14:45:50.003+0700] {dagbag.py:587} INFO - Filling up the DagBag from /opt/airflow/dags/dag_scraping_twitter.py
[2026-03-08T14:45:50.025+0700] {processor.py:925} INFO - DAG(s) 'dag_scraping_twitter' retrieved from /opt/airflow/dags/dag_scraping_twitter.py
[2026-03-08T14:45:50.052+0700] {logging_mixin.py:190} INFO - [2026-03-08T14:45:50.052+0700] {dag.py:3211} INFO - Sync 1 DAGs
[2026-03-08T14:45:50.243+0700] {logging_mixin.py:190} INFO - [2026-03-08T14:45:50.242+0700] {dag.py:4138} INFO - Setting next_dagrun for dag_scraping_twitter to 2026-03-07 23:00:00+00:00, run_after=2026-03-08 11:00:00+00:00
[2026-03-08T14:45:50.265+0700] {processor.py:208} INFO - Processing /opt/airflow/dags/dag_scraping_twitter.py took 0.279 seconds
[2026-03-08T14:46:20.483+0700] {processor.py:186} INFO - Started process (PID=68766) to work on /opt/airflow/dags/dag_scraping_twitter.py
[2026-03-08T14:46:20.484+0700] {processor.py:914} INFO - Processing file /opt/airflow/dags/dag_scraping_twitter.py for tasks to queue
[2026-03-08T14:46:20.487+0700] {logging_mixin.py:190} INFO - [2026-03-08T14:46:20.487+0700] {dagbag.py:587} INFO - Filling up the DagBag from /opt/airflow/dags/dag_scraping_twitter.py
[2026-03-08T14:46:20.514+0700] {processor.py:925} INFO - DAG(s) 'dag_scraping_twitter' retrieved from /opt/airflow/dags/dag_scraping_twitter.py
[2026-03-08T14:46:20.546+0700] {logging_mixin.py:190} INFO - [2026-03-08T14:46:20.546+0700] {dag.py:3211} INFO - Sync 1 DAGs
[2026-03-08T14:46:20.577+0700] {logging_mixin.py:190} INFO - [2026-03-08T14:46:20.577+0700] {dag.py:4138} INFO - Setting next_dagrun for dag_scraping_twitter to 2026-03-07 23:00:00+00:00, run_after=2026-03-08 11:00:00+00:00
[2026-03-08T14:46:20.606+0700] {processor.py:208} INFO - Processing /opt/airflow/dags/dag_scraping_twitter.py took 0.131 seconds
[2026-03-08T14:46:51.504+0700] {processor.py:186} INFO - Started process (PID=68794) to work on /opt/airflow/dags/dag_scraping_twitter.py
[2026-03-08T14:46:51.505+0700] {processor.py:914} INFO - Processing file /opt/airflow/dags/dag_scraping_twitter.py for tasks to queue
[2026-03-08T14:46:51.507+0700] {logging_mixin.py:190} INFO - [2026-03-08T14:46:51.507+0700] {dagbag.py:587} INFO - Filling up the DagBag from /opt/airflow/dags/dag_scraping_twitter.py
[2026-03-08T14:46:51.529+0700] {processor.py:925} INFO - DAG(s) 'dag_scraping_twitter' retrieved from /opt/airflow/dags/dag_scraping_twitter.py
[2026-03-08T14:46:51.558+0700] {logging_mixin.py:190} INFO - [2026-03-08T14:46:51.558+0700] {dag.py:3211} INFO - Sync 1 DAGs
[2026-03-08T14:46:51.583+0700] {logging_mixin.py:190} INFO - [2026-03-08T14:46:51.583+0700] {dag.py:4138} INFO - Setting next_dagrun for dag_scraping_twitter to 2026-03-07 23:00:00+00:00, run_after=2026-03-08 11:00:00+00:00
[2026-03-08T14:46:51.610+0700] {processor.py:208} INFO - Processing /opt/airflow/dags/dag_scraping_twitter.py took 0.114 seconds
[2026-03-08T14:47:22.615+0700] {processor.py:186} INFO - Started process (PID=68828) to work on /opt/airflow/dags/dag_scraping_twitter.py
[2026-03-08T14:47:22.620+0700] {processor.py:914} INFO - Processing file /opt/airflow/dags/dag_scraping_twitter.py for tasks to queue
[2026-03-08T14:47:22.645+0700] {logging_mixin.py:190} INFO - [2026-03-08T14:47:22.641+0700] {dagbag.py:587} INFO - Filling up the DagBag from /opt/airflow/dags/dag_scraping_twitter.py
[2026-03-08T14:47:22.737+0700] {processor.py:925} INFO - DAG(s) 'dag_scraping_twitter' retrieved from /opt/airflow/dags/dag_scraping_twitter.py
