[2026-02-01T10:38:55.402+0000] {processor.py:186} INFO - Started process (PID=164) to work on /opt/airflow/dags/dag_scraping_daily.py
[2026-02-01T10:38:55.404+0000] {processor.py:914} INFO - Processing file /opt/airflow/dags/dag_scraping_daily.py for tasks to queue
[2026-02-01T10:38:55.408+0000] {logging_mixin.py:190} INFO - [2026-02-01T10:38:55.407+0000] {dagbag.py:587} INFO - Filling up the DagBag from /opt/airflow/dags/dag_scraping_daily.py
[2026-02-01T10:38:57.026+0000] {processor.py:925} INFO - DAG(s) 'dag_scraping_daily' retrieved from /opt/airflow/dags/dag_scraping_daily.py
[2026-02-01T10:38:57.221+0000] {logging_mixin.py:190} INFO - [2026-02-01T10:38:57.220+0000] {override.py:1858} INFO - Created Permission View: can delete on DAG:dag_scraping_daily
[2026-02-01T10:38:57.234+0000] {logging_mixin.py:190} INFO - [2026-02-01T10:38:57.234+0000] {override.py:1858} INFO - Created Permission View: can edit on DAG:dag_scraping_daily
[2026-02-01T10:38:57.243+0000] {logging_mixin.py:190} INFO - [2026-02-01T10:38:57.243+0000] {override.py:1858} INFO - Created Permission View: can read on DAG:dag_scraping_daily
[2026-02-01T10:38:57.244+0000] {logging_mixin.py:190} INFO - [2026-02-01T10:38:57.244+0000] {dag.py:3211} INFO - Sync 1 DAGs
[2026-02-01T10:38:57.257+0000] {logging_mixin.py:190} INFO - [2026-02-01T10:38:57.257+0000] {dag.py:3234} INFO - Creating ORM DAG for dag_scraping_daily
[2026-02-01T10:38:57.266+0000] {logging_mixin.py:190} INFO - [2026-02-01T10:38:57.266+0000] {dag.py:4138} INFO - Setting next_dagrun for dag_scraping_daily to 2026-01-31 06:00:00+00:00, run_after=2026-02-01 06:00:00+00:00
[2026-02-01T10:38:57.291+0000] {processor.py:208} INFO - Processing /opt/airflow/dags/dag_scraping_daily.py took 1.896 seconds
[2026-02-01T10:39:14.424+0000] {processor.py:186} INFO - Started process (PID=170) to work on /opt/airflow/dags/dag_scraping_daily.py
[2026-02-01T10:39:14.425+0000] {processor.py:914} INFO - Processing file /opt/airflow/dags/dag_scraping_daily.py for tasks to queue
[2026-02-01T10:39:14.428+0000] {logging_mixin.py:190} INFO - [2026-02-01T10:39:14.427+0000] {dagbag.py:587} INFO - Filling up the DagBag from /opt/airflow/dags/dag_scraping_daily.py
[2026-02-01T10:39:15.205+0000] {processor.py:925} INFO - DAG(s) 'dag_scraping_daily' retrieved from /opt/airflow/dags/dag_scraping_daily.py
[2026-02-01T10:39:15.216+0000] {logging_mixin.py:190} INFO - [2026-02-01T10:39:15.216+0000] {dag.py:3211} INFO - Sync 1 DAGs
[2026-02-01T10:39:15.241+0000] {logging_mixin.py:190} INFO - [2026-02-01T10:39:15.241+0000] {dag.py:4138} INFO - Setting next_dagrun for dag_scraping_daily to 2026-01-31 06:00:00+00:00, run_after=2026-02-01 06:00:00+00:00
[2026-02-01T10:39:15.268+0000] {processor.py:208} INFO - Processing /opt/airflow/dags/dag_scraping_daily.py took 0.851 seconds
[2026-02-01T10:39:45.475+0000] {processor.py:186} INFO - Started process (PID=176) to work on /opt/airflow/dags/dag_scraping_daily.py
[2026-02-01T10:39:45.476+0000] {processor.py:914} INFO - Processing file /opt/airflow/dags/dag_scraping_daily.py for tasks to queue
[2026-02-01T10:39:45.481+0000] {logging_mixin.py:190} INFO - [2026-02-01T10:39:45.480+0000] {dagbag.py:587} INFO - Filling up the DagBag from /opt/airflow/dags/dag_scraping_daily.py
[2026-02-01T10:39:46.244+0000] {processor.py:925} INFO - DAG(s) 'dag_scraping_daily' retrieved from /opt/airflow/dags/dag_scraping_daily.py
[2026-02-01T10:39:46.272+0000] {logging_mixin.py:190} INFO - [2026-02-01T10:39:46.271+0000] {dag.py:3211} INFO - Sync 1 DAGs
[2026-02-01T10:39:46.301+0000] {logging_mixin.py:190} INFO - [2026-02-01T10:39:46.301+0000] {dag.py:4138} INFO - Setting next_dagrun for dag_scraping_daily to 2026-01-31 06:00:00+00:00, run_after=2026-02-01 06:00:00+00:00
[2026-02-01T10:39:46.332+0000] {processor.py:208} INFO - Processing /opt/airflow/dags/dag_scraping_daily.py took 0.864 seconds
[2026-02-01T10:40:16.557+0000] {processor.py:186} INFO - Started process (PID=182) to work on /opt/airflow/dags/dag_scraping_daily.py
[2026-02-01T10:40:16.558+0000] {processor.py:914} INFO - Processing file /opt/airflow/dags/dag_scraping_daily.py for tasks to queue
[2026-02-01T10:40:16.560+0000] {logging_mixin.py:190} INFO - [2026-02-01T10:40:16.560+0000] {dagbag.py:587} INFO - Filling up the DagBag from /opt/airflow/dags/dag_scraping_daily.py
[2026-02-01T10:40:17.153+0000] {processor.py:925} INFO - DAG(s) 'dag_scraping_daily' retrieved from /opt/airflow/dags/dag_scraping_daily.py
[2026-02-01T10:40:17.174+0000] {logging_mixin.py:190} INFO - [2026-02-01T10:40:17.173+0000] {dag.py:3211} INFO - Sync 1 DAGs
[2026-02-01T10:40:17.201+0000] {logging_mixin.py:190} INFO - [2026-02-01T10:40:17.200+0000] {dag.py:4138} INFO - Setting next_dagrun for dag_scraping_daily to 2026-01-31 06:00:00+00:00, run_after=2026-02-01 06:00:00+00:00
[2026-02-01T10:40:17.227+0000] {processor.py:208} INFO - Processing /opt/airflow/dags/dag_scraping_daily.py took 0.676 seconds
[2026-02-01T10:40:47.371+0000] {processor.py:186} INFO - Started process (PID=196) to work on /opt/airflow/dags/dag_scraping_daily.py
[2026-02-01T10:40:47.373+0000] {processor.py:914} INFO - Processing file /opt/airflow/dags/dag_scraping_daily.py for tasks to queue
[2026-02-01T10:40:47.375+0000] {logging_mixin.py:190} INFO - [2026-02-01T10:40:47.375+0000] {dagbag.py:587} INFO - Filling up the DagBag from /opt/airflow/dags/dag_scraping_daily.py
[2026-02-01T10:40:48.108+0000] {processor.py:925} INFO - DAG(s) 'dag_scraping_daily' retrieved from /opt/airflow/dags/dag_scraping_daily.py
[2026-02-01T10:40:48.130+0000] {logging_mixin.py:190} INFO - [2026-02-01T10:40:48.130+0000] {dag.py:3211} INFO - Sync 1 DAGs
[2026-02-01T10:40:48.154+0000] {logging_mixin.py:190} INFO - [2026-02-01T10:40:48.154+0000] {dag.py:4138} INFO - Setting next_dagrun for dag_scraping_daily to 2026-02-01 06:00:00+00:00, run_after=2026-02-02 06:00:00+00:00
[2026-02-01T10:40:48.174+0000] {processor.py:208} INFO - Processing /opt/airflow/dags/dag_scraping_daily.py took 0.809 seconds
[2026-02-01T10:41:18.429+0000] {processor.py:186} INFO - Started process (PID=202) to work on /opt/airflow/dags/dag_scraping_daily.py
[2026-02-01T10:41:18.430+0000] {processor.py:914} INFO - Processing file /opt/airflow/dags/dag_scraping_daily.py for tasks to queue
[2026-02-01T10:41:18.433+0000] {logging_mixin.py:190} INFO - [2026-02-01T10:41:18.432+0000] {dagbag.py:587} INFO - Filling up the DagBag from /opt/airflow/dags/dag_scraping_daily.py
[2026-02-01T10:41:19.023+0000] {processor.py:925} INFO - DAG(s) 'dag_scraping_daily' retrieved from /opt/airflow/dags/dag_scraping_daily.py
[2026-02-01T10:41:19.049+0000] {logging_mixin.py:190} INFO - [2026-02-01T10:41:19.049+0000] {dag.py:3211} INFO - Sync 1 DAGs
[2026-02-01T10:41:19.068+0000] {logging_mixin.py:190} INFO - [2026-02-01T10:41:19.068+0000] {dag.py:4138} INFO - Setting next_dagrun for dag_scraping_daily to 2026-02-01 06:00:00+00:00, run_after=2026-02-02 06:00:00+00:00
[2026-02-01T10:41:19.090+0000] {processor.py:208} INFO - Processing /opt/airflow/dags/dag_scraping_daily.py took 0.669 seconds
[2026-02-01T10:41:49.343+0000] {processor.py:186} INFO - Started process (PID=208) to work on /opt/airflow/dags/dag_scraping_daily.py
[2026-02-01T10:41:49.344+0000] {processor.py:914} INFO - Processing file /opt/airflow/dags/dag_scraping_daily.py for tasks to queue
[2026-02-01T10:41:49.347+0000] {logging_mixin.py:190} INFO - [2026-02-01T10:41:49.347+0000] {dagbag.py:587} INFO - Filling up the DagBag from /opt/airflow/dags/dag_scraping_daily.py
[2026-02-01T10:41:50.029+0000] {processor.py:925} INFO - DAG(s) 'dag_scraping_daily' retrieved from /opt/airflow/dags/dag_scraping_daily.py
[2026-02-01T10:41:50.048+0000] {logging_mixin.py:190} INFO - [2026-02-01T10:41:50.048+0000] {dag.py:3211} INFO - Sync 1 DAGs
[2026-02-01T10:41:50.070+0000] {logging_mixin.py:190} INFO - [2026-02-01T10:41:50.070+0000] {dag.py:4138} INFO - Setting next_dagrun for dag_scraping_daily to 2026-02-01 06:00:00+00:00, run_after=2026-02-02 06:00:00+00:00
[2026-02-01T10:41:50.092+0000] {processor.py:208} INFO - Processing /opt/airflow/dags/dag_scraping_daily.py took 0.756 seconds
[2026-02-01T10:42:20.222+0000] {processor.py:186} INFO - Started process (PID=214) to work on /opt/airflow/dags/dag_scraping_daily.py
[2026-02-01T10:42:20.223+0000] {processor.py:914} INFO - Processing file /opt/airflow/dags/dag_scraping_daily.py for tasks to queue
[2026-02-01T10:42:20.227+0000] {logging_mixin.py:190} INFO - [2026-02-01T10:42:20.226+0000] {dagbag.py:587} INFO - Filling up the DagBag from /opt/airflow/dags/dag_scraping_daily.py
[2026-02-01T10:42:20.849+0000] {processor.py:925} INFO - DAG(s) 'dag_scraping_daily' retrieved from /opt/airflow/dags/dag_scraping_daily.py
[2026-02-01T10:42:20.870+0000] {logging_mixin.py:190} INFO - [2026-02-01T10:42:20.870+0000] {dag.py:3211} INFO - Sync 1 DAGs
[2026-02-01T10:42:20.894+0000] {logging_mixin.py:190} INFO - [2026-02-01T10:42:20.893+0000] {dag.py:4138} INFO - Setting next_dagrun for dag_scraping_daily to 2026-02-01 06:00:00+00:00, run_after=2026-02-02 06:00:00+00:00
[2026-02-01T10:42:20.913+0000] {processor.py:208} INFO - Processing /opt/airflow/dags/dag_scraping_daily.py took 0.697 seconds
[2026-02-01T10:42:51.068+0000] {processor.py:186} INFO - Started process (PID=220) to work on /opt/airflow/dags/dag_scraping_daily.py
[2026-02-01T10:42:51.069+0000] {processor.py:914} INFO - Processing file /opt/airflow/dags/dag_scraping_daily.py for tasks to queue
[2026-02-01T10:42:51.071+0000] {logging_mixin.py:190} INFO - [2026-02-01T10:42:51.071+0000] {dagbag.py:587} INFO - Filling up the DagBag from /opt/airflow/dags/dag_scraping_daily.py
[2026-02-01T10:42:51.876+0000] {processor.py:925} INFO - DAG(s) 'dag_scraping_daily' retrieved from /opt/airflow/dags/dag_scraping_daily.py
[2026-02-01T10:42:51.926+0000] {logging_mixin.py:190} INFO - [2026-02-01T10:42:51.919+0000] {dag.py:3211} INFO - Sync 1 DAGs
[2026-02-01T10:42:51.990+0000] {logging_mixin.py:190} INFO - [2026-02-01T10:42:51.990+0000] {dag.py:4138} INFO - Setting next_dagrun for dag_scraping_daily to 2026-02-01 06:00:00+00:00, run_after=2026-02-02 06:00:00+00:00
[2026-02-01T10:42:52.033+0000] {processor.py:208} INFO - Processing /opt/airflow/dags/dag_scraping_daily.py took 0.971 seconds
[2026-02-01T10:43:22.439+0000] {processor.py:186} INFO - Started process (PID=226) to work on /opt/airflow/dags/dag_scraping_daily.py
[2026-02-01T10:43:22.441+0000] {processor.py:914} INFO - Processing file /opt/airflow/dags/dag_scraping_daily.py for tasks to queue
[2026-02-01T10:43:22.447+0000] {logging_mixin.py:190} INFO - [2026-02-01T10:43:22.446+0000] {dagbag.py:587} INFO - Filling up the DagBag from /opt/airflow/dags/dag_scraping_daily.py
[2026-02-01T10:43:23.227+0000] {processor.py:925} INFO - DAG(s) 'dag_scraping_daily' retrieved from /opt/airflow/dags/dag_scraping_daily.py
[2026-02-01T10:43:23.251+0000] {logging_mixin.py:190} INFO - [2026-02-01T10:43:23.251+0000] {dag.py:3211} INFO - Sync 1 DAGs
[2026-02-01T10:43:23.285+0000] {logging_mixin.py:190} INFO - [2026-02-01T10:43:23.284+0000] {dag.py:4138} INFO - Setting next_dagrun for dag_scraping_daily to 2026-02-01 06:00:00+00:00, run_after=2026-02-02 06:00:00+00:00
[2026-02-01T10:43:23.327+0000] {processor.py:208} INFO - Processing /opt/airflow/dags/dag_scraping_daily.py took 0.896 seconds
[2026-02-01T10:43:53.541+0000] {processor.py:186} INFO - Started process (PID=232) to work on /opt/airflow/dags/dag_scraping_daily.py
[2026-02-01T10:43:53.544+0000] {processor.py:914} INFO - Processing file /opt/airflow/dags/dag_scraping_daily.py for tasks to queue
[2026-02-01T10:43:53.550+0000] {logging_mixin.py:190} INFO - [2026-02-01T10:43:53.549+0000] {dagbag.py:587} INFO - Filling up the DagBag from /opt/airflow/dags/dag_scraping_daily.py
[2026-02-01T10:43:54.254+0000] {processor.py:925} INFO - DAG(s) 'dag_scraping_daily' retrieved from /opt/airflow/dags/dag_scraping_daily.py
[2026-02-01T10:43:54.287+0000] {logging_mixin.py:190} INFO - [2026-02-01T10:43:54.287+0000] {dag.py:3211} INFO - Sync 1 DAGs
[2026-02-01T10:43:54.320+0000] {logging_mixin.py:190} INFO - [2026-02-01T10:43:54.320+0000] {dag.py:4138} INFO - Setting next_dagrun for dag_scraping_daily to 2026-02-01 06:00:00+00:00, run_after=2026-02-02 06:00:00+00:00
[2026-02-01T10:43:54.353+0000] {processor.py:208} INFO - Processing /opt/airflow/dags/dag_scraping_daily.py took 0.831 seconds
[2026-02-01T10:44:25.424+0000] {processor.py:186} INFO - Started process (PID=242) to work on /opt/airflow/dags/dag_scraping_daily.py
[2026-02-01T10:44:25.426+0000] {processor.py:914} INFO - Processing file /opt/airflow/dags/dag_scraping_daily.py for tasks to queue
[2026-02-01T10:44:25.429+0000] {logging_mixin.py:190} INFO - [2026-02-01T10:44:25.428+0000] {dagbag.py:587} INFO - Filling up the DagBag from /opt/airflow/dags/dag_scraping_daily.py
[2026-02-01T10:44:26.114+0000] {processor.py:925} INFO - DAG(s) 'dag_scraping_daily' retrieved from /opt/airflow/dags/dag_scraping_daily.py
[2026-02-01T10:44:26.138+0000] {logging_mixin.py:190} INFO - [2026-02-01T10:44:26.137+0000] {dag.py:3211} INFO - Sync 1 DAGs
[2026-02-01T10:44:26.159+0000] {logging_mixin.py:190} INFO - [2026-02-01T10:44:26.159+0000] {dag.py:4138} INFO - Setting next_dagrun for dag_scraping_daily to 2026-02-01 06:00:00+00:00, run_after=2026-02-02 06:00:00+00:00
[2026-02-01T10:44:26.178+0000] {processor.py:208} INFO - Processing /opt/airflow/dags/dag_scraping_daily.py took 0.760 seconds
[2026-02-01T10:44:56.284+0000] {processor.py:186} INFO - Started process (PID=248) to work on /opt/airflow/dags/dag_scraping_daily.py
[2026-02-01T10:44:56.285+0000] {processor.py:914} INFO - Processing file /opt/airflow/dags/dag_scraping_daily.py for tasks to queue
[2026-02-01T10:44:56.287+0000] {logging_mixin.py:190} INFO - [2026-02-01T10:44:56.287+0000] {dagbag.py:587} INFO - Filling up the DagBag from /opt/airflow/dags/dag_scraping_daily.py
[2026-02-01T10:44:56.901+0000] {processor.py:925} INFO - DAG(s) 'dag_scraping_daily' retrieved from /opt/airflow/dags/dag_scraping_daily.py
[2026-02-01T10:44:56.920+0000] {logging_mixin.py:190} INFO - [2026-02-01T10:44:56.920+0000] {dag.py:3211} INFO - Sync 1 DAGs
[2026-02-01T10:44:56.942+0000] {logging_mixin.py:190} INFO - [2026-02-01T10:44:56.942+0000] {dag.py:4138} INFO - Setting next_dagrun for dag_scraping_daily to 2026-02-01 06:00:00+00:00, run_after=2026-02-02 06:00:00+00:00
[2026-02-01T10:44:56.963+0000] {processor.py:208} INFO - Processing /opt/airflow/dags/dag_scraping_daily.py took 0.685 seconds
[2026-02-01T10:45:27.301+0000] {processor.py:186} INFO - Started process (PID=254) to work on /opt/airflow/dags/dag_scraping_daily.py
[2026-02-01T10:45:27.302+0000] {processor.py:914} INFO - Processing file /opt/airflow/dags/dag_scraping_daily.py for tasks to queue
[2026-02-01T10:45:27.304+0000] {logging_mixin.py:190} INFO - [2026-02-01T10:45:27.304+0000] {dagbag.py:587} INFO - Filling up the DagBag from /opt/airflow/dags/dag_scraping_daily.py
[2026-02-01T10:45:27.961+0000] {processor.py:925} INFO - DAG(s) 'dag_scraping_daily' retrieved from /opt/airflow/dags/dag_scraping_daily.py
[2026-02-01T10:45:27.983+0000] {logging_mixin.py:190} INFO - [2026-02-01T10:45:27.983+0000] {dag.py:3211} INFO - Sync 1 DAGs
[2026-02-01T10:45:28.008+0000] {logging_mixin.py:190} INFO - [2026-02-01T10:45:28.007+0000] {dag.py:4138} INFO - Setting next_dagrun for dag_scraping_daily to 2026-02-01 06:00:00+00:00, run_after=2026-02-02 06:00:00+00:00
[2026-02-01T10:45:28.028+0000] {processor.py:208} INFO - Processing /opt/airflow/dags/dag_scraping_daily.py took 0.733 seconds
[2026-02-01T10:45:58.977+0000] {processor.py:186} INFO - Started process (PID=260) to work on /opt/airflow/dags/dag_scraping_daily.py
[2026-02-01T10:45:58.980+0000] {processor.py:914} INFO - Processing file /opt/airflow/dags/dag_scraping_daily.py for tasks to queue
[2026-02-01T10:45:58.983+0000] {logging_mixin.py:190} INFO - [2026-02-01T10:45:58.983+0000] {dagbag.py:587} INFO - Filling up the DagBag from /opt/airflow/dags/dag_scraping_daily.py
[2026-02-01T10:45:59.855+0000] {processor.py:925} INFO - DAG(s) 'dag_scraping_daily' retrieved from /opt/airflow/dags/dag_scraping_daily.py
[2026-02-01T10:45:59.883+0000] {logging_mixin.py:190} INFO - [2026-02-01T10:45:59.883+0000] {dag.py:3211} INFO - Sync 1 DAGs
[2026-02-01T10:45:59.904+0000] {logging_mixin.py:190} INFO - [2026-02-01T10:45:59.903+0000] {dag.py:4138} INFO - Setting next_dagrun for dag_scraping_daily to 2026-02-01 06:00:00+00:00, run_after=2026-02-02 06:00:00+00:00
[2026-02-01T10:45:59.926+0000] {processor.py:208} INFO - Processing /opt/airflow/dags/dag_scraping_daily.py took 0.956 seconds
[2026-02-01T10:46:30.075+0000] {processor.py:186} INFO - Started process (PID=266) to work on /opt/airflow/dags/dag_scraping_daily.py
[2026-02-01T10:46:30.077+0000] {processor.py:914} INFO - Processing file /opt/airflow/dags/dag_scraping_daily.py for tasks to queue
[2026-02-01T10:46:30.082+0000] {logging_mixin.py:190} INFO - [2026-02-01T10:46:30.082+0000] {dagbag.py:587} INFO - Filling up the DagBag from /opt/airflow/dags/dag_scraping_daily.py
[2026-02-01T10:46:30.718+0000] {processor.py:925} INFO - DAG(s) 'dag_scraping_daily' retrieved from /opt/airflow/dags/dag_scraping_daily.py
[2026-02-01T10:46:30.739+0000] {logging_mixin.py:190} INFO - [2026-02-01T10:46:30.738+0000] {dag.py:3211} INFO - Sync 1 DAGs
[2026-02-01T10:46:30.760+0000] {logging_mixin.py:190} INFO - [2026-02-01T10:46:30.759+0000] {dag.py:4138} INFO - Setting next_dagrun for dag_scraping_daily to 2026-02-01 06:00:00+00:00, run_after=2026-02-02 06:00:00+00:00
[2026-02-01T10:46:30.781+0000] {processor.py:208} INFO - Processing /opt/airflow/dags/dag_scraping_daily.py took 0.723 seconds
[2026-02-01T10:47:00.881+0000] {processor.py:186} INFO - Started process (PID=272) to work on /opt/airflow/dags/dag_scraping_daily.py
[2026-02-01T10:47:00.883+0000] {processor.py:914} INFO - Processing file /opt/airflow/dags/dag_scraping_daily.py for tasks to queue
[2026-02-01T10:47:00.890+0000] {logging_mixin.py:190} INFO - [2026-02-01T10:47:00.889+0000] {dagbag.py:587} INFO - Filling up the DagBag from /opt/airflow/dags/dag_scraping_daily.py
[2026-02-01T10:47:01.557+0000] {processor.py:925} INFO - DAG(s) 'dag_scraping_daily' retrieved from /opt/airflow/dags/dag_scraping_daily.py
[2026-02-01T10:47:01.576+0000] {logging_mixin.py:190} INFO - [2026-02-01T10:47:01.575+0000] {dag.py:3211} INFO - Sync 1 DAGs
[2026-02-01T10:47:01.595+0000] {logging_mixin.py:190} INFO - [2026-02-01T10:47:01.594+0000] {dag.py:4138} INFO - Setting next_dagrun for dag_scraping_daily to 2026-02-01 06:00:00+00:00, run_after=2026-02-02 06:00:00+00:00
[2026-02-01T10:47:01.618+0000] {processor.py:208} INFO - Processing /opt/airflow/dags/dag_scraping_daily.py took 0.746 seconds
[2026-02-01T10:47:31.723+0000] {processor.py:186} INFO - Started process (PID=278) to work on /opt/airflow/dags/dag_scraping_daily.py
[2026-02-01T10:47:31.724+0000] {processor.py:914} INFO - Processing file /opt/airflow/dags/dag_scraping_daily.py for tasks to queue
[2026-02-01T10:47:31.728+0000] {logging_mixin.py:190} INFO - [2026-02-01T10:47:31.728+0000] {dagbag.py:587} INFO - Filling up the DagBag from /opt/airflow/dags/dag_scraping_daily.py
[2026-02-01T10:47:32.544+0000] {processor.py:925} INFO - DAG(s) 'dag_scraping_daily' retrieved from /opt/airflow/dags/dag_scraping_daily.py
[2026-02-01T10:47:32.573+0000] {logging_mixin.py:190} INFO - [2026-02-01T10:47:32.572+0000] {dag.py:3211} INFO - Sync 1 DAGs
[2026-02-01T10:47:32.597+0000] {logging_mixin.py:190} INFO - [2026-02-01T10:47:32.597+0000] {dag.py:4138} INFO - Setting next_dagrun for dag_scraping_daily to 2026-02-01 06:00:00+00:00, run_after=2026-02-02 06:00:00+00:00
[2026-02-01T10:47:32.618+0000] {processor.py:208} INFO - Processing /opt/airflow/dags/dag_scraping_daily.py took 0.901 seconds
[2026-02-01T17:48:12.588+0700] {processor.py:186} INFO - Started process (PID=164) to work on /opt/airflow/dags/dag_scraping_daily.py
[2026-02-01T17:48:12.589+0700] {processor.py:914} INFO - Processing file /opt/airflow/dags/dag_scraping_daily.py for tasks to queue
[2026-02-01T17:48:12.592+0700] {logging_mixin.py:190} INFO - [2026-02-01T17:48:12.592+0700] {dagbag.py:587} INFO - Filling up the DagBag from /opt/airflow/dags/dag_scraping_daily.py
[2026-02-01T17:48:14.530+0700] {processor.py:925} INFO - DAG(s) 'dag_scraping_daily' retrieved from /opt/airflow/dags/dag_scraping_daily.py
[2026-02-01T17:48:14.789+0700] {logging_mixin.py:190} INFO - [2026-02-01T17:48:14.788+0700] {dag.py:3211} INFO - Sync 1 DAGs
[2026-02-01T17:48:14.813+0700] {logging_mixin.py:190} INFO - [2026-02-01T17:48:14.813+0700] {dag.py:4138} INFO - Setting next_dagrun for dag_scraping_daily to 2026-01-31 23:00:00+00:00, run_after=2026-02-01 23:00:00+00:00
[2026-02-01T17:48:14.846+0700] {processor.py:208} INFO - Processing /opt/airflow/dags/dag_scraping_daily.py took 2.267 seconds
[2026-02-01T17:48:45.559+0700] {processor.py:186} INFO - Started process (PID=170) to work on /opt/airflow/dags/dag_scraping_daily.py
[2026-02-01T17:48:45.560+0700] {processor.py:914} INFO - Processing file /opt/airflow/dags/dag_scraping_daily.py for tasks to queue
[2026-02-01T17:48:45.564+0700] {logging_mixin.py:190} INFO - [2026-02-01T17:48:45.563+0700] {dagbag.py:587} INFO - Filling up the DagBag from /opt/airflow/dags/dag_scraping_daily.py
[2026-02-01T17:48:46.242+0700] {processor.py:925} INFO - DAG(s) 'dag_scraping_daily' retrieved from /opt/airflow/dags/dag_scraping_daily.py
[2026-02-01T17:48:46.269+0700] {logging_mixin.py:190} INFO - [2026-02-01T17:48:46.269+0700] {dag.py:3211} INFO - Sync 1 DAGs
[2026-02-01T17:48:46.299+0700] {logging_mixin.py:190} INFO - [2026-02-01T17:48:46.299+0700] {dag.py:4138} INFO - Setting next_dagrun for dag_scraping_daily to 2026-01-31 23:00:00+00:00, run_after=2026-02-01 23:00:00+00:00
[2026-02-01T17:48:46.329+0700] {processor.py:208} INFO - Processing /opt/airflow/dags/dag_scraping_daily.py took 0.777 seconds
[2026-02-01T17:49:16.548+0700] {processor.py:186} INFO - Started process (PID=180) to work on /opt/airflow/dags/dag_scraping_daily.py
[2026-02-01T17:49:16.550+0700] {processor.py:914} INFO - Processing file /opt/airflow/dags/dag_scraping_daily.py for tasks to queue
[2026-02-01T17:49:16.555+0700] {logging_mixin.py:190} INFO - [2026-02-01T17:49:16.554+0700] {dagbag.py:587} INFO - Filling up the DagBag from /opt/airflow/dags/dag_scraping_daily.py
[2026-02-01T17:49:17.386+0700] {processor.py:925} INFO - DAG(s) 'dag_scraping_daily' retrieved from /opt/airflow/dags/dag_scraping_daily.py
[2026-02-01T17:49:17.418+0700] {logging_mixin.py:190} INFO - [2026-02-01T17:49:17.417+0700] {dag.py:3211} INFO - Sync 1 DAGs
[2026-02-01T17:49:17.454+0700] {logging_mixin.py:190} INFO - [2026-02-01T17:49:17.454+0700] {dag.py:4138} INFO - Setting next_dagrun for dag_scraping_daily to 2026-01-31 23:00:00+00:00, run_after=2026-02-01 23:00:00+00:00
[2026-02-01T17:49:17.484+0700] {processor.py:208} INFO - Processing /opt/airflow/dags/dag_scraping_daily.py took 0.944 seconds
[2026-02-01T17:49:48.368+0700] {processor.py:186} INFO - Started process (PID=186) to work on /opt/airflow/dags/dag_scraping_daily.py
[2026-02-01T17:49:48.370+0700] {processor.py:914} INFO - Processing file /opt/airflow/dags/dag_scraping_daily.py for tasks to queue
[2026-02-01T17:49:48.373+0700] {logging_mixin.py:190} INFO - [2026-02-01T17:49:48.372+0700] {dagbag.py:587} INFO - Filling up the DagBag from /opt/airflow/dags/dag_scraping_daily.py
[2026-02-01T17:49:49.032+0700] {processor.py:925} INFO - DAG(s) 'dag_scraping_daily' retrieved from /opt/airflow/dags/dag_scraping_daily.py
[2026-02-01T17:49:49.054+0700] {logging_mixin.py:190} INFO - [2026-02-01T17:49:49.053+0700] {dag.py:3211} INFO - Sync 1 DAGs
[2026-02-01T17:49:49.074+0700] {logging_mixin.py:190} INFO - [2026-02-01T17:49:49.074+0700] {dag.py:4138} INFO - Setting next_dagrun for dag_scraping_daily to 2026-01-31 23:00:00+00:00, run_after=2026-02-01 23:00:00+00:00
[2026-02-01T17:49:49.097+0700] {processor.py:208} INFO - Processing /opt/airflow/dags/dag_scraping_daily.py took 0.735 seconds
[2026-02-01T17:50:19.167+0700] {processor.py:186} INFO - Started process (PID=192) to work on /opt/airflow/dags/dag_scraping_daily.py
[2026-02-01T17:50:19.169+0700] {processor.py:914} INFO - Processing file /opt/airflow/dags/dag_scraping_daily.py for tasks to queue
[2026-02-01T17:50:19.172+0700] {logging_mixin.py:190} INFO - [2026-02-01T17:50:19.171+0700] {dagbag.py:587} INFO - Filling up the DagBag from /opt/airflow/dags/dag_scraping_daily.py
[2026-02-01T17:50:20.120+0700] {processor.py:925} INFO - DAG(s) 'dag_scraping_daily' retrieved from /opt/airflow/dags/dag_scraping_daily.py
[2026-02-01T17:50:20.147+0700] {logging_mixin.py:190} INFO - [2026-02-01T17:50:20.147+0700] {dag.py:3211} INFO - Sync 1 DAGs
[2026-02-01T17:50:20.176+0700] {logging_mixin.py:190} INFO - [2026-02-01T17:50:20.176+0700] {dag.py:4138} INFO - Setting next_dagrun for dag_scraping_daily to 2026-01-31 23:00:00+00:00, run_after=2026-02-01 23:00:00+00:00
[2026-02-01T17:50:20.203+0700] {processor.py:208} INFO - Processing /opt/airflow/dags/dag_scraping_daily.py took 1.046 seconds
[2026-02-01T17:50:50.433+0700] {processor.py:186} INFO - Started process (PID=198) to work on /opt/airflow/dags/dag_scraping_daily.py
[2026-02-01T17:50:50.437+0700] {processor.py:914} INFO - Processing file /opt/airflow/dags/dag_scraping_daily.py for tasks to queue
[2026-02-01T17:50:50.442+0700] {logging_mixin.py:190} INFO - [2026-02-01T17:50:50.441+0700] {dagbag.py:587} INFO - Filling up the DagBag from /opt/airflow/dags/dag_scraping_daily.py
[2026-02-01T17:50:51.082+0700] {processor.py:925} INFO - DAG(s) 'dag_scraping_daily' retrieved from /opt/airflow/dags/dag_scraping_daily.py
[2026-02-01T17:50:51.102+0700] {logging_mixin.py:190} INFO - [2026-02-01T17:50:51.101+0700] {dag.py:3211} INFO - Sync 1 DAGs
[2026-02-01T17:50:51.125+0700] {logging_mixin.py:190} INFO - [2026-02-01T17:50:51.125+0700] {dag.py:4138} INFO - Setting next_dagrun for dag_scraping_daily to 2026-01-31 23:00:00+00:00, run_after=2026-02-01 23:00:00+00:00
[2026-02-01T17:50:51.147+0700] {processor.py:208} INFO - Processing /opt/airflow/dags/dag_scraping_daily.py took 0.722 seconds
[2026-02-01T17:51:21.198+0700] {processor.py:186} INFO - Started process (PID=204) to work on /opt/airflow/dags/dag_scraping_daily.py
[2026-02-01T17:51:21.199+0700] {processor.py:914} INFO - Processing file /opt/airflow/dags/dag_scraping_daily.py for tasks to queue
[2026-02-01T17:51:21.201+0700] {logging_mixin.py:190} INFO - [2026-02-01T17:51:21.201+0700] {dagbag.py:587} INFO - Filling up the DagBag from /opt/airflow/dags/dag_scraping_daily.py
[2026-02-01T17:51:21.780+0700] {processor.py:925} INFO - DAG(s) 'dag_scraping_daily' retrieved from /opt/airflow/dags/dag_scraping_daily.py
[2026-02-01T17:51:21.800+0700] {logging_mixin.py:190} INFO - [2026-02-01T17:51:21.800+0700] {dag.py:3211} INFO - Sync 1 DAGs
[2026-02-01T17:51:21.820+0700] {logging_mixin.py:190} INFO - [2026-02-01T17:51:21.820+0700] {dag.py:4138} INFO - Setting next_dagrun for dag_scraping_daily to 2026-01-31 23:00:00+00:00, run_after=2026-02-01 23:00:00+00:00
[2026-02-01T17:51:21.843+0700] {processor.py:208} INFO - Processing /opt/airflow/dags/dag_scraping_daily.py took 0.651 seconds
[2026-02-01T17:51:51.922+0700] {processor.py:186} INFO - Started process (PID=210) to work on /opt/airflow/dags/dag_scraping_daily.py
[2026-02-01T17:51:51.923+0700] {processor.py:914} INFO - Processing file /opt/airflow/dags/dag_scraping_daily.py for tasks to queue
[2026-02-01T17:51:51.927+0700] {logging_mixin.py:190} INFO - [2026-02-01T17:51:51.926+0700] {dagbag.py:587} INFO - Filling up the DagBag from /opt/airflow/dags/dag_scraping_daily.py
[2026-02-01T17:51:52.746+0700] {processor.py:925} INFO - DAG(s) 'dag_scraping_daily' retrieved from /opt/airflow/dags/dag_scraping_daily.py
[2026-02-01T17:51:52.774+0700] {logging_mixin.py:190} INFO - [2026-02-01T17:51:52.774+0700] {dag.py:3211} INFO - Sync 1 DAGs
[2026-02-01T17:51:52.808+0700] {logging_mixin.py:190} INFO - [2026-02-01T17:51:52.808+0700] {dag.py:4138} INFO - Setting next_dagrun for dag_scraping_daily to 2026-01-31 23:00:00+00:00, run_after=2026-02-01 23:00:00+00:00
[2026-02-01T17:51:52.835+0700] {processor.py:208} INFO - Processing /opt/airflow/dags/dag_scraping_daily.py took 0.921 seconds
[2026-02-01T17:52:23.280+0700] {processor.py:186} INFO - Started process (PID=216) to work on /opt/airflow/dags/dag_scraping_daily.py
[2026-02-01T17:52:23.281+0700] {processor.py:914} INFO - Processing file /opt/airflow/dags/dag_scraping_daily.py for tasks to queue
[2026-02-01T17:52:23.283+0700] {logging_mixin.py:190} INFO - [2026-02-01T17:52:23.283+0700] {dagbag.py:587} INFO - Filling up the DagBag from /opt/airflow/dags/dag_scraping_daily.py
[2026-02-01T17:52:23.913+0700] {processor.py:925} INFO - DAG(s) 'dag_scraping_daily' retrieved from /opt/airflow/dags/dag_scraping_daily.py
[2026-02-01T17:52:23.960+0700] {logging_mixin.py:190} INFO - [2026-02-01T17:52:23.959+0700] {dag.py:3211} INFO - Sync 1 DAGs
[2026-02-01T17:52:23.999+0700] {logging_mixin.py:190} INFO - [2026-02-01T17:52:23.999+0700] {dag.py:4138} INFO - Setting next_dagrun for dag_scraping_daily to 2026-01-31 23:00:00+00:00, run_after=2026-02-01 23:00:00+00:00
[2026-02-01T17:52:24.019+0700] {processor.py:208} INFO - Processing /opt/airflow/dags/dag_scraping_daily.py took 0.745 seconds
[2026-02-01T17:52:54.617+0700] {processor.py:186} INFO - Started process (PID=222) to work on /opt/airflow/dags/dag_scraping_daily.py
[2026-02-01T17:52:54.618+0700] {processor.py:914} INFO - Processing file /opt/airflow/dags/dag_scraping_daily.py for tasks to queue
[2026-02-01T17:52:54.621+0700] {logging_mixin.py:190} INFO - [2026-02-01T17:52:54.620+0700] {dagbag.py:587} INFO - Filling up the DagBag from /opt/airflow/dags/dag_scraping_daily.py
[2026-02-01T17:52:55.432+0700] {processor.py:925} INFO - DAG(s) 'dag_scraping_daily' retrieved from /opt/airflow/dags/dag_scraping_daily.py
[2026-02-01T17:52:55.453+0700] {logging_mixin.py:190} INFO - [2026-02-01T17:52:55.452+0700] {dag.py:3211} INFO - Sync 1 DAGs
[2026-02-01T17:52:55.473+0700] {logging_mixin.py:190} INFO - [2026-02-01T17:52:55.473+0700] {dag.py:4138} INFO - Setting next_dagrun for dag_scraping_daily to 2026-01-31 23:00:00+00:00, run_after=2026-02-01 23:00:00+00:00
[2026-02-01T17:52:55.495+0700] {processor.py:208} INFO - Processing /opt/airflow/dags/dag_scraping_daily.py took 0.884 seconds
[2026-02-01T17:53:26.047+0700] {processor.py:186} INFO - Started process (PID=228) to work on /opt/airflow/dags/dag_scraping_daily.py
[2026-02-01T17:53:26.049+0700] {processor.py:914} INFO - Processing file /opt/airflow/dags/dag_scraping_daily.py for tasks to queue
[2026-02-01T17:53:26.052+0700] {logging_mixin.py:190} INFO - [2026-02-01T17:53:26.052+0700] {dagbag.py:587} INFO - Filling up the DagBag from /opt/airflow/dags/dag_scraping_daily.py
[2026-02-01T17:53:26.869+0700] {processor.py:925} INFO - DAG(s) 'dag_scraping_daily' retrieved from /opt/airflow/dags/dag_scraping_daily.py
[2026-02-01T17:53:26.897+0700] {logging_mixin.py:190} INFO - [2026-02-01T17:53:26.897+0700] {dag.py:3211} INFO - Sync 1 DAGs
[2026-02-01T17:53:26.929+0700] {logging_mixin.py:190} INFO - [2026-02-01T17:53:26.928+0700] {dag.py:4138} INFO - Setting next_dagrun for dag_scraping_daily to 2026-01-31 23:00:00+00:00, run_after=2026-02-01 23:00:00+00:00
[2026-02-01T17:53:26.955+0700] {processor.py:208} INFO - Processing /opt/airflow/dags/dag_scraping_daily.py took 0.915 seconds
[2026-02-01T17:53:57.445+0700] {processor.py:186} INFO - Started process (PID=234) to work on /opt/airflow/dags/dag_scraping_daily.py
[2026-02-01T17:53:57.446+0700] {processor.py:914} INFO - Processing file /opt/airflow/dags/dag_scraping_daily.py for tasks to queue
[2026-02-01T17:53:57.450+0700] {logging_mixin.py:190} INFO - [2026-02-01T17:53:57.450+0700] {dagbag.py:587} INFO - Filling up the DagBag from /opt/airflow/dags/dag_scraping_daily.py
[2026-02-01T17:53:58.137+0700] {processor.py:925} INFO - DAG(s) 'dag_scraping_daily' retrieved from /opt/airflow/dags/dag_scraping_daily.py
[2026-02-01T17:53:58.159+0700] {logging_mixin.py:190} INFO - [2026-02-01T17:53:58.158+0700] {dag.py:3211} INFO - Sync 1 DAGs
[2026-02-01T17:53:58.181+0700] {logging_mixin.py:190} INFO - [2026-02-01T17:53:58.181+0700] {dag.py:4138} INFO - Setting next_dagrun for dag_scraping_daily to 2026-01-31 23:00:00+00:00, run_after=2026-02-01 23:00:00+00:00
[2026-02-01T17:53:58.203+0700] {processor.py:208} INFO - Processing /opt/airflow/dags/dag_scraping_daily.py took 0.766 seconds
[2026-02-01T17:54:18.594+0700] {processor.py:186} INFO - Started process (PID=240) to work on /opt/airflow/dags/dag_scraping_daily.py
[2026-02-01T17:54:18.597+0700] {processor.py:914} INFO - Processing file /opt/airflow/dags/dag_scraping_daily.py for tasks to queue
[2026-02-01T17:54:18.600+0700] {logging_mixin.py:190} INFO - [2026-02-01T17:54:18.599+0700] {dagbag.py:587} INFO - Filling up the DagBag from /opt/airflow/dags/dag_scraping_daily.py
[2026-02-01T17:54:19.292+0700] {processor.py:925} INFO - DAG(s) 'dag_scraping_daily' retrieved from /opt/airflow/dags/dag_scraping_daily.py
[2026-02-01T17:54:19.550+0700] {logging_mixin.py:190} INFO - [2026-02-01T17:54:19.550+0700] {dag.py:3211} INFO - Sync 1 DAGs
[2026-02-01T17:54:19.583+0700] {logging_mixin.py:190} INFO - [2026-02-01T17:54:19.583+0700] {dag.py:4138} INFO - Setting next_dagrun for dag_scraping_daily to 2026-02-01 05:00:00+00:00, run_after=2026-02-01 17:00:00+00:00
[2026-02-01T17:54:19.613+0700] {processor.py:208} INFO - Processing /opt/airflow/dags/dag_scraping_daily.py took 1.025 seconds
[2026-02-01T17:54:50.639+0700] {processor.py:186} INFO - Started process (PID=246) to work on /opt/airflow/dags/dag_scraping_daily.py
[2026-02-01T17:54:50.640+0700] {processor.py:914} INFO - Processing file /opt/airflow/dags/dag_scraping_daily.py for tasks to queue
[2026-02-01T17:54:50.645+0700] {logging_mixin.py:190} INFO - [2026-02-01T17:54:50.644+0700] {dagbag.py:587} INFO - Filling up the DagBag from /opt/airflow/dags/dag_scraping_daily.py
[2026-02-01T17:54:51.289+0700] {processor.py:925} INFO - DAG(s) 'dag_scraping_daily' retrieved from /opt/airflow/dags/dag_scraping_daily.py
[2026-02-01T17:54:51.310+0700] {logging_mixin.py:190} INFO - [2026-02-01T17:54:51.309+0700] {dag.py:3211} INFO - Sync 1 DAGs
[2026-02-01T17:54:51.335+0700] {logging_mixin.py:190} INFO - [2026-02-01T17:54:51.335+0700] {dag.py:4138} INFO - Setting next_dagrun for dag_scraping_daily to 2026-02-01 05:00:00+00:00, run_after=2026-02-01 17:00:00+00:00
[2026-02-01T17:54:51.358+0700] {processor.py:208} INFO - Processing /opt/airflow/dags/dag_scraping_daily.py took 0.728 seconds
[2026-02-01T17:55:22.213+0700] {processor.py:186} INFO - Started process (PID=252) to work on /opt/airflow/dags/dag_scraping_daily.py
[2026-02-01T17:55:22.215+0700] {processor.py:914} INFO - Processing file /opt/airflow/dags/dag_scraping_daily.py for tasks to queue
[2026-02-01T17:55:22.218+0700] {logging_mixin.py:190} INFO - [2026-02-01T17:55:22.218+0700] {dagbag.py:587} INFO - Filling up the DagBag from /opt/airflow/dags/dag_scraping_daily.py
[2026-02-01T17:55:22.853+0700] {processor.py:925} INFO - DAG(s) 'dag_scraping_daily' retrieved from /opt/airflow/dags/dag_scraping_daily.py
[2026-02-01T17:55:22.877+0700] {logging_mixin.py:190} INFO - [2026-02-01T17:55:22.876+0700] {dag.py:3211} INFO - Sync 1 DAGs
[2026-02-01T17:55:22.904+0700] {logging_mixin.py:190} INFO - [2026-02-01T17:55:22.904+0700] {dag.py:4138} INFO - Setting next_dagrun for dag_scraping_daily to 2026-02-01 05:00:00+00:00, run_after=2026-02-01 17:00:00+00:00
[2026-02-01T17:55:22.924+0700] {processor.py:208} INFO - Processing /opt/airflow/dags/dag_scraping_daily.py took 0.718 seconds
[2026-02-01T17:55:53.292+0700] {processor.py:186} INFO - Started process (PID=258) to work on /opt/airflow/dags/dag_scraping_daily.py
[2026-02-01T17:55:53.294+0700] {processor.py:914} INFO - Processing file /opt/airflow/dags/dag_scraping_daily.py for tasks to queue
[2026-02-01T17:55:53.297+0700] {logging_mixin.py:190} INFO - [2026-02-01T17:55:53.297+0700] {dagbag.py:587} INFO - Filling up the DagBag from /opt/airflow/dags/dag_scraping_daily.py
[2026-02-01T17:55:54.261+0700] {processor.py:925} INFO - DAG(s) 'dag_scraping_daily' retrieved from /opt/airflow/dags/dag_scraping_daily.py
[2026-02-01T17:55:54.303+0700] {logging_mixin.py:190} INFO - [2026-02-01T17:55:54.302+0700] {dag.py:3211} INFO - Sync 1 DAGs
[2026-02-01T17:55:54.331+0700] {logging_mixin.py:190} INFO - [2026-02-01T17:55:54.331+0700] {dag.py:4138} INFO - Setting next_dagrun for dag_scraping_daily to 2026-02-01 05:00:00+00:00, run_after=2026-02-01 17:00:00+00:00
[2026-02-01T17:55:54.360+0700] {processor.py:208} INFO - Processing /opt/airflow/dags/dag_scraping_daily.py took 1.075 seconds
[2026-02-01T17:56:25.180+0700] {processor.py:186} INFO - Started process (PID=264) to work on /opt/airflow/dags/dag_scraping_daily.py
[2026-02-01T17:56:25.181+0700] {processor.py:914} INFO - Processing file /opt/airflow/dags/dag_scraping_daily.py for tasks to queue
[2026-02-01T17:56:25.183+0700] {logging_mixin.py:190} INFO - [2026-02-01T17:56:25.183+0700] {dagbag.py:587} INFO - Filling up the DagBag from /opt/airflow/dags/dag_scraping_daily.py
[2026-02-01T17:56:25.758+0700] {processor.py:925} INFO - DAG(s) 'dag_scraping_daily' retrieved from /opt/airflow/dags/dag_scraping_daily.py
[2026-02-01T17:56:25.786+0700] {logging_mixin.py:190} INFO - [2026-02-01T17:56:25.786+0700] {dag.py:3211} INFO - Sync 1 DAGs
[2026-02-01T17:56:25.811+0700] {logging_mixin.py:190} INFO - [2026-02-01T17:56:25.811+0700] {dag.py:4138} INFO - Setting next_dagrun for dag_scraping_daily to 2026-02-01 05:00:00+00:00, run_after=2026-02-01 17:00:00+00:00
[2026-02-01T17:56:25.833+0700] {processor.py:208} INFO - Processing /opt/airflow/dags/dag_scraping_daily.py took 0.659 seconds
[2026-02-01T17:56:55.884+0700] {processor.py:186} INFO - Started process (PID=270) to work on /opt/airflow/dags/dag_scraping_daily.py
[2026-02-01T17:56:55.885+0700] {processor.py:914} INFO - Processing file /opt/airflow/dags/dag_scraping_daily.py for tasks to queue
[2026-02-01T17:56:55.889+0700] {logging_mixin.py:190} INFO - [2026-02-01T17:56:55.888+0700] {dagbag.py:587} INFO - Filling up the DagBag from /opt/airflow/dags/dag_scraping_daily.py
[2026-02-01T17:56:56.570+0700] {processor.py:925} INFO - DAG(s) 'dag_scraping_daily' retrieved from /opt/airflow/dags/dag_scraping_daily.py
[2026-02-01T17:56:56.594+0700] {logging_mixin.py:190} INFO - [2026-02-01T17:56:56.594+0700] {dag.py:3211} INFO - Sync 1 DAGs
[2026-02-01T17:56:56.617+0700] {logging_mixin.py:190} INFO - [2026-02-01T17:56:56.617+0700] {dag.py:4138} INFO - Setting next_dagrun for dag_scraping_daily to 2026-02-01 05:00:00+00:00, run_after=2026-02-01 17:00:00+00:00
[2026-02-01T17:56:56.644+0700] {processor.py:208} INFO - Processing /opt/airflow/dags/dag_scraping_daily.py took 0.766 seconds
[2026-02-01T17:57:26.712+0700] {processor.py:186} INFO - Started process (PID=276) to work on /opt/airflow/dags/dag_scraping_daily.py
[2026-02-01T17:57:26.713+0700] {processor.py:914} INFO - Processing file /opt/airflow/dags/dag_scraping_daily.py for tasks to queue
[2026-02-01T17:57:26.717+0700] {logging_mixin.py:190} INFO - [2026-02-01T17:57:26.716+0700] {dagbag.py:587} INFO - Filling up the DagBag from /opt/airflow/dags/dag_scraping_daily.py
[2026-02-01T17:57:27.294+0700] {processor.py:925} INFO - DAG(s) 'dag_scraping_daily' retrieved from /opt/airflow/dags/dag_scraping_daily.py
[2026-02-01T17:57:27.317+0700] {logging_mixin.py:190} INFO - [2026-02-01T17:57:27.316+0700] {dag.py:3211} INFO - Sync 1 DAGs
[2026-02-01T17:57:27.337+0700] {logging_mixin.py:190} INFO - [2026-02-01T17:57:27.336+0700] {dag.py:4138} INFO - Setting next_dagrun for dag_scraping_daily to 2026-02-01 05:00:00+00:00, run_after=2026-02-01 17:00:00+00:00
[2026-02-01T17:57:27.361+0700] {processor.py:208} INFO - Processing /opt/airflow/dags/dag_scraping_daily.py took 0.656 seconds
[2026-02-01T17:57:57.551+0700] {processor.py:186} INFO - Started process (PID=282) to work on /opt/airflow/dags/dag_scraping_daily.py
[2026-02-01T17:57:57.553+0700] {processor.py:914} INFO - Processing file /opt/airflow/dags/dag_scraping_daily.py for tasks to queue
[2026-02-01T17:57:57.557+0700] {logging_mixin.py:190} INFO - [2026-02-01T17:57:57.557+0700] {dagbag.py:587} INFO - Filling up the DagBag from /opt/airflow/dags/dag_scraping_daily.py
[2026-02-01T17:57:59.214+0700] {processor.py:925} INFO - DAG(s) 'dag_scraping_daily' retrieved from /opt/airflow/dags/dag_scraping_daily.py
[2026-02-01T17:57:59.250+0700] {logging_mixin.py:190} INFO - [2026-02-01T17:57:59.249+0700] {dag.py:3211} INFO - Sync 1 DAGs
[2026-02-01T17:57:59.304+0700] {logging_mixin.py:190} INFO - [2026-02-01T17:57:59.304+0700] {dag.py:4138} INFO - Setting next_dagrun for dag_scraping_daily to 2026-02-01 05:00:00+00:00, run_after=2026-02-01 17:00:00+00:00
[2026-02-01T17:57:59.345+0700] {processor.py:208} INFO - Processing /opt/airflow/dags/dag_scraping_daily.py took 1.802 seconds
[2026-02-01T17:58:45.156+0700] {processor.py:186} INFO - Started process (PID=164) to work on /opt/airflow/dags/dag_scraping_daily.py
[2026-02-01T17:58:45.157+0700] {processor.py:914} INFO - Processing file /opt/airflow/dags/dag_scraping_daily.py for tasks to queue
[2026-02-01T17:58:45.159+0700] {logging_mixin.py:190} INFO - [2026-02-01T17:58:45.159+0700] {dagbag.py:587} INFO - Filling up the DagBag from /opt/airflow/dags/dag_scraping_daily.py
[2026-02-01T17:58:47.063+0700] {processor.py:925} INFO - DAG(s) 'dag_scraping_daily' retrieved from /opt/airflow/dags/dag_scraping_daily.py
[2026-02-01T17:58:47.108+0700] {logging_mixin.py:190} INFO - [2026-02-01T17:58:47.107+0700] {dag.py:3211} INFO - Sync 1 DAGs
[2026-02-01T17:58:47.141+0700] {logging_mixin.py:190} INFO - [2026-02-01T17:58:47.141+0700] {dag.py:4138} INFO - Setting next_dagrun for dag_scraping_daily to 2026-02-01 05:00:00+00:00, run_after=2026-02-01 17:00:00+00:00
[2026-02-01T17:58:47.164+0700] {processor.py:208} INFO - Processing /opt/airflow/dags/dag_scraping_daily.py took 2.013 seconds
[2026-02-01T17:59:18.130+0700] {processor.py:186} INFO - Started process (PID=170) to work on /opt/airflow/dags/dag_scraping_daily.py
[2026-02-01T17:59:18.131+0700] {processor.py:914} INFO - Processing file /opt/airflow/dags/dag_scraping_daily.py for tasks to queue
[2026-02-01T17:59:18.134+0700] {logging_mixin.py:190} INFO - [2026-02-01T17:59:18.134+0700] {dagbag.py:587} INFO - Filling up the DagBag from /opt/airflow/dags/dag_scraping_daily.py
[2026-02-01T17:59:18.937+0700] {processor.py:925} INFO - DAG(s) 'dag_scraping_daily' retrieved from /opt/airflow/dags/dag_scraping_daily.py
[2026-02-01T17:59:18.976+0700] {logging_mixin.py:190} INFO - [2026-02-01T17:59:18.975+0700] {dag.py:3211} INFO - Sync 1 DAGs
[2026-02-01T17:59:19.006+0700] {logging_mixin.py:190} INFO - [2026-02-01T17:59:19.006+0700] {dag.py:4138} INFO - Setting next_dagrun for dag_scraping_daily to 2026-02-01 05:00:00+00:00, run_after=2026-02-01 17:00:00+00:00
[2026-02-01T17:59:19.029+0700] {processor.py:208} INFO - Processing /opt/airflow/dags/dag_scraping_daily.py took 0.906 seconds
[2026-02-01T17:59:49.257+0700] {processor.py:186} INFO - Started process (PID=176) to work on /opt/airflow/dags/dag_scraping_daily.py
[2026-02-01T17:59:49.258+0700] {processor.py:914} INFO - Processing file /opt/airflow/dags/dag_scraping_daily.py for tasks to queue
[2026-02-01T17:59:49.261+0700] {logging_mixin.py:190} INFO - [2026-02-01T17:59:49.260+0700] {dagbag.py:587} INFO - Filling up the DagBag from /opt/airflow/dags/dag_scraping_daily.py
[2026-02-01T17:59:49.866+0700] {processor.py:925} INFO - DAG(s) 'dag_scraping_daily' retrieved from /opt/airflow/dags/dag_scraping_daily.py
[2026-02-01T17:59:49.887+0700] {logging_mixin.py:190} INFO - [2026-02-01T17:59:49.886+0700] {dag.py:3211} INFO - Sync 1 DAGs
[2026-02-01T17:59:49.908+0700] {logging_mixin.py:190} INFO - [2026-02-01T17:59:49.908+0700] {dag.py:4138} INFO - Setting next_dagrun for dag_scraping_daily to 2026-02-01 05:00:00+00:00, run_after=2026-02-01 17:00:00+00:00
[2026-02-01T17:59:49.927+0700] {processor.py:208} INFO - Processing /opt/airflow/dags/dag_scraping_daily.py took 0.676 seconds
[2026-02-01T18:00:20.006+0700] {processor.py:186} INFO - Started process (PID=182) to work on /opt/airflow/dags/dag_scraping_daily.py
[2026-02-01T18:00:20.007+0700] {processor.py:914} INFO - Processing file /opt/airflow/dags/dag_scraping_daily.py for tasks to queue
[2026-02-01T18:00:20.010+0700] {logging_mixin.py:190} INFO - [2026-02-01T18:00:20.009+0700] {dagbag.py:587} INFO - Filling up the DagBag from /opt/airflow/dags/dag_scraping_daily.py
[2026-02-01T18:00:20.684+0700] {processor.py:925} INFO - DAG(s) 'dag_scraping_daily' retrieved from /opt/airflow/dags/dag_scraping_daily.py
[2026-02-01T18:00:20.730+0700] {logging_mixin.py:190} INFO - [2026-02-01T18:00:20.730+0700] {dag.py:3211} INFO - Sync 1 DAGs
[2026-02-01T18:00:20.773+0700] {logging_mixin.py:190} INFO - [2026-02-01T18:00:20.772+0700] {dag.py:4138} INFO - Setting next_dagrun for dag_scraping_daily to 2026-02-01 05:00:00+00:00, run_after=2026-02-01 17:00:00+00:00
[2026-02-01T18:00:20.801+0700] {processor.py:208} INFO - Processing /opt/airflow/dags/dag_scraping_daily.py took 0.802 seconds
[2026-02-01T18:00:51.830+0700] {processor.py:186} INFO - Started process (PID=188) to work on /opt/airflow/dags/dag_scraping_daily.py
[2026-02-01T18:00:51.831+0700] {processor.py:914} INFO - Processing file /opt/airflow/dags/dag_scraping_daily.py for tasks to queue
[2026-02-01T18:00:51.833+0700] {logging_mixin.py:190} INFO - [2026-02-01T18:00:51.833+0700] {dagbag.py:587} INFO - Filling up the DagBag from /opt/airflow/dags/dag_scraping_daily.py
[2026-02-01T18:00:52.409+0700] {processor.py:925} INFO - DAG(s) 'dag_scraping_daily' retrieved from /opt/airflow/dags/dag_scraping_daily.py
[2026-02-01T18:00:52.429+0700] {logging_mixin.py:190} INFO - [2026-02-01T18:00:52.429+0700] {dag.py:3211} INFO - Sync 1 DAGs
[2026-02-01T18:00:52.449+0700] {logging_mixin.py:190} INFO - [2026-02-01T18:00:52.449+0700] {dag.py:4138} INFO - Setting next_dagrun for dag_scraping_daily to 2026-02-01 05:00:00+00:00, run_after=2026-02-01 17:00:00+00:00
[2026-02-01T18:00:52.472+0700] {processor.py:208} INFO - Processing /opt/airflow/dags/dag_scraping_daily.py took 0.648 seconds
[2026-02-01T18:01:22.754+0700] {processor.py:186} INFO - Started process (PID=194) to work on /opt/airflow/dags/dag_scraping_daily.py
[2026-02-01T18:01:22.755+0700] {processor.py:914} INFO - Processing file /opt/airflow/dags/dag_scraping_daily.py for tasks to queue
[2026-02-01T18:01:22.758+0700] {logging_mixin.py:190} INFO - [2026-02-01T18:01:22.757+0700] {dagbag.py:587} INFO - Filling up the DagBag from /opt/airflow/dags/dag_scraping_daily.py
[2026-02-01T18:01:23.339+0700] {processor.py:925} INFO - DAG(s) 'dag_scraping_daily' retrieved from /opt/airflow/dags/dag_scraping_daily.py
[2026-02-01T18:01:23.359+0700] {logging_mixin.py:190} INFO - [2026-02-01T18:01:23.359+0700] {dag.py:3211} INFO - Sync 1 DAGs
[2026-02-01T18:01:23.380+0700] {logging_mixin.py:190} INFO - [2026-02-01T18:01:23.380+0700] {dag.py:4138} INFO - Setting next_dagrun for dag_scraping_daily to 2026-02-01 05:00:00+00:00, run_after=2026-02-01 17:00:00+00:00
[2026-02-01T18:01:23.400+0700] {processor.py:208} INFO - Processing /opt/airflow/dags/dag_scraping_daily.py took 0.652 seconds
[2026-02-01T18:01:53.939+0700] {processor.py:186} INFO - Started process (PID=200) to work on /opt/airflow/dags/dag_scraping_daily.py
[2026-02-01T18:01:53.941+0700] {processor.py:914} INFO - Processing file /opt/airflow/dags/dag_scraping_daily.py for tasks to queue
[2026-02-01T18:01:53.946+0700] {logging_mixin.py:190} INFO - [2026-02-01T18:01:53.944+0700] {dagbag.py:587} INFO - Filling up the DagBag from /opt/airflow/dags/dag_scraping_daily.py
[2026-02-01T18:01:54.773+0700] {processor.py:925} INFO - DAG(s) 'dag_scraping_daily' retrieved from /opt/airflow/dags/dag_scraping_daily.py
[2026-02-01T18:01:54.802+0700] {logging_mixin.py:190} INFO - [2026-02-01T18:01:54.801+0700] {dag.py:3211} INFO - Sync 1 DAGs
[2026-02-01T18:01:54.829+0700] {logging_mixin.py:190} INFO - [2026-02-01T18:01:54.829+0700] {dag.py:4138} INFO - Setting next_dagrun for dag_scraping_daily to 2026-02-01 05:00:00+00:00, run_after=2026-02-01 17:00:00+00:00
[2026-02-01T18:01:54.887+0700] {processor.py:208} INFO - Processing /opt/airflow/dags/dag_scraping_daily.py took 0.955 seconds
[2026-02-01T18:02:25.839+0700] {processor.py:186} INFO - Started process (PID=206) to work on /opt/airflow/dags/dag_scraping_daily.py
[2026-02-01T18:02:25.840+0700] {processor.py:914} INFO - Processing file /opt/airflow/dags/dag_scraping_daily.py for tasks to queue
[2026-02-01T18:02:25.843+0700] {logging_mixin.py:190} INFO - [2026-02-01T18:02:25.842+0700] {dagbag.py:587} INFO - Filling up the DagBag from /opt/airflow/dags/dag_scraping_daily.py
[2026-02-01T18:02:26.422+0700] {processor.py:925} INFO - DAG(s) 'dag_scraping_daily' retrieved from /opt/airflow/dags/dag_scraping_daily.py
[2026-02-01T18:02:26.442+0700] {logging_mixin.py:190} INFO - [2026-02-01T18:02:26.442+0700] {dag.py:3211} INFO - Sync 1 DAGs
[2026-02-01T18:02:26.463+0700] {logging_mixin.py:190} INFO - [2026-02-01T18:02:26.463+0700] {dag.py:4138} INFO - Setting next_dagrun for dag_scraping_daily to 2026-02-01 05:00:00+00:00, run_after=2026-02-01 17:00:00+00:00
[2026-02-01T18:02:26.484+0700] {processor.py:208} INFO - Processing /opt/airflow/dags/dag_scraping_daily.py took 0.652 seconds
[2026-02-01T18:02:56.753+0700] {processor.py:186} INFO - Started process (PID=212) to work on /opt/airflow/dags/dag_scraping_daily.py
[2026-02-01T18:02:56.754+0700] {processor.py:914} INFO - Processing file /opt/airflow/dags/dag_scraping_daily.py for tasks to queue
[2026-02-01T18:02:56.757+0700] {logging_mixin.py:190} INFO - [2026-02-01T18:02:56.756+0700] {dagbag.py:587} INFO - Filling up the DagBag from /opt/airflow/dags/dag_scraping_daily.py
[2026-02-01T18:02:57.329+0700] {processor.py:925} INFO - DAG(s) 'dag_scraping_daily' retrieved from /opt/airflow/dags/dag_scraping_daily.py
[2026-02-01T18:02:57.351+0700] {logging_mixin.py:190} INFO - [2026-02-01T18:02:57.350+0700] {dag.py:3211} INFO - Sync 1 DAGs
[2026-02-01T18:02:57.371+0700] {logging_mixin.py:190} INFO - [2026-02-01T18:02:57.371+0700] {dag.py:4138} INFO - Setting next_dagrun for dag_scraping_daily to 2026-02-01 05:00:00+00:00, run_after=2026-02-01 17:00:00+00:00
[2026-02-01T18:02:57.394+0700] {processor.py:208} INFO - Processing /opt/airflow/dags/dag_scraping_daily.py took 0.646 seconds
[2026-02-01T18:03:28.365+0700] {processor.py:186} INFO - Started process (PID=218) to work on /opt/airflow/dags/dag_scraping_daily.py
[2026-02-01T18:03:28.366+0700] {processor.py:914} INFO - Processing file /opt/airflow/dags/dag_scraping_daily.py for tasks to queue
[2026-02-01T18:03:28.369+0700] {logging_mixin.py:190} INFO - [2026-02-01T18:03:28.368+0700] {dagbag.py:587} INFO - Filling up the DagBag from /opt/airflow/dags/dag_scraping_daily.py
[2026-02-01T18:03:28.934+0700] {processor.py:925} INFO - DAG(s) 'dag_scraping_daily' retrieved from /opt/airflow/dags/dag_scraping_daily.py
[2026-02-01T18:03:28.954+0700] {logging_mixin.py:190} INFO - [2026-02-01T18:03:28.953+0700] {dag.py:3211} INFO - Sync 1 DAGs
[2026-02-01T18:03:28.974+0700] {logging_mixin.py:190} INFO - [2026-02-01T18:03:28.974+0700] {dag.py:4138} INFO - Setting next_dagrun for dag_scraping_daily to 2026-02-01 05:00:00+00:00, run_after=2026-02-01 17:00:00+00:00
[2026-02-01T18:03:28.996+0700] {processor.py:208} INFO - Processing /opt/airflow/dags/dag_scraping_daily.py took 0.636 seconds
[2026-02-01T18:03:59.104+0700] {processor.py:186} INFO - Started process (PID=224) to work on /opt/airflow/dags/dag_scraping_daily.py
[2026-02-01T18:03:59.105+0700] {processor.py:914} INFO - Processing file /opt/airflow/dags/dag_scraping_daily.py for tasks to queue
[2026-02-01T18:03:59.107+0700] {logging_mixin.py:190} INFO - [2026-02-01T18:03:59.107+0700] {dagbag.py:587} INFO - Filling up the DagBag from /opt/airflow/dags/dag_scraping_daily.py
[2026-02-01T18:03:59.680+0700] {processor.py:925} INFO - DAG(s) 'dag_scraping_daily' retrieved from /opt/airflow/dags/dag_scraping_daily.py
[2026-02-01T18:03:59.702+0700] {logging_mixin.py:190} INFO - [2026-02-01T18:03:59.702+0700] {dag.py:3211} INFO - Sync 1 DAGs
[2026-02-01T18:03:59.725+0700] {logging_mixin.py:190} INFO - [2026-02-01T18:03:59.725+0700] {dag.py:4138} INFO - Setting next_dagrun for dag_scraping_daily to 2026-02-01 05:00:00+00:00, run_after=2026-02-01 17:00:00+00:00
[2026-02-01T18:03:59.746+0700] {processor.py:208} INFO - Processing /opt/airflow/dags/dag_scraping_daily.py took 0.648 seconds
[2026-02-01T18:04:29.861+0700] {processor.py:186} INFO - Started process (PID=230) to work on /opt/airflow/dags/dag_scraping_daily.py
[2026-02-01T18:04:29.862+0700] {processor.py:914} INFO - Processing file /opt/airflow/dags/dag_scraping_daily.py for tasks to queue
[2026-02-01T18:04:29.865+0700] {logging_mixin.py:190} INFO - [2026-02-01T18:04:29.865+0700] {dagbag.py:587} INFO - Filling up the DagBag from /opt/airflow/dags/dag_scraping_daily.py
[2026-02-01T18:04:30.425+0700] {processor.py:925} INFO - DAG(s) 'dag_scraping_daily' retrieved from /opt/airflow/dags/dag_scraping_daily.py
[2026-02-01T18:04:30.445+0700] {logging_mixin.py:190} INFO - [2026-02-01T18:04:30.444+0700] {dag.py:3211} INFO - Sync 1 DAGs
[2026-02-01T18:04:30.476+0700] {logging_mixin.py:190} INFO - [2026-02-01T18:04:30.476+0700] {dag.py:4138} INFO - Setting next_dagrun for dag_scraping_daily to 2026-02-01 05:00:00+00:00, run_after=2026-02-01 17:00:00+00:00
[2026-02-01T18:04:30.509+0700] {processor.py:208} INFO - Processing /opt/airflow/dags/dag_scraping_daily.py took 0.654 seconds
[2026-02-01T18:05:00.953+0700] {processor.py:186} INFO - Started process (PID=236) to work on /opt/airflow/dags/dag_scraping_daily.py
[2026-02-01T18:05:00.955+0700] {processor.py:914} INFO - Processing file /opt/airflow/dags/dag_scraping_daily.py for tasks to queue
[2026-02-01T18:05:00.959+0700] {logging_mixin.py:190} INFO - [2026-02-01T18:05:00.958+0700] {dagbag.py:587} INFO - Filling up the DagBag from /opt/airflow/dags/dag_scraping_daily.py
[2026-02-01T18:05:01.755+0700] {processor.py:925} INFO - DAG(s) 'dag_scraping_daily' retrieved from /opt/airflow/dags/dag_scraping_daily.py
[2026-02-01T18:05:01.778+0700] {logging_mixin.py:190} INFO - [2026-02-01T18:05:01.777+0700] {dag.py:3211} INFO - Sync 1 DAGs
[2026-02-01T18:05:01.801+0700] {logging_mixin.py:190} INFO - [2026-02-01T18:05:01.801+0700] {dag.py:4138} INFO - Setting next_dagrun for dag_scraping_daily to 2026-02-01 05:00:00+00:00, run_after=2026-02-01 17:00:00+00:00
[2026-02-01T18:05:01.828+0700] {processor.py:208} INFO - Processing /opt/airflow/dags/dag_scraping_daily.py took 0.890 seconds
[2026-02-01T18:05:32.083+0700] {processor.py:186} INFO - Started process (PID=242) to work on /opt/airflow/dags/dag_scraping_daily.py
[2026-02-01T18:05:32.085+0700] {processor.py:914} INFO - Processing file /opt/airflow/dags/dag_scraping_daily.py for tasks to queue
[2026-02-01T18:05:32.090+0700] {logging_mixin.py:190} INFO - [2026-02-01T18:05:32.089+0700] {dagbag.py:587} INFO - Filling up the DagBag from /opt/airflow/dags/dag_scraping_daily.py
[2026-02-01T18:05:32.910+0700] {processor.py:925} INFO - DAG(s) 'dag_scraping_daily' retrieved from /opt/airflow/dags/dag_scraping_daily.py
[2026-02-01T18:05:32.938+0700] {logging_mixin.py:190} INFO - [2026-02-01T18:05:32.937+0700] {dag.py:3211} INFO - Sync 1 DAGs
[2026-02-01T18:05:32.963+0700] {logging_mixin.py:190} INFO - [2026-02-01T18:05:32.963+0700] {dag.py:4138} INFO - Setting next_dagrun for dag_scraping_daily to 2026-02-01 05:00:00+00:00, run_after=2026-02-01 17:00:00+00:00
[2026-02-01T18:05:32.988+0700] {processor.py:208} INFO - Processing /opt/airflow/dags/dag_scraping_daily.py took 0.920 seconds
[2026-02-01T18:06:03.392+0700] {processor.py:186} INFO - Started process (PID=248) to work on /opt/airflow/dags/dag_scraping_daily.py
[2026-02-01T18:06:03.393+0700] {processor.py:914} INFO - Processing file /opt/airflow/dags/dag_scraping_daily.py for tasks to queue
[2026-02-01T18:06:03.396+0700] {logging_mixin.py:190} INFO - [2026-02-01T18:06:03.395+0700] {dagbag.py:587} INFO - Filling up the DagBag from /opt/airflow/dags/dag_scraping_daily.py
[2026-02-01T18:06:04.101+0700] {processor.py:925} INFO - DAG(s) 'dag_scraping_daily' retrieved from /opt/airflow/dags/dag_scraping_daily.py
[2026-02-01T18:06:03.450+0700] {logging_mixin.py:190} INFO - [2026-02-01T18:06:03.450+0700] {dag.py:3211} INFO - Sync 1 DAGs
[2026-02-01T18:06:03.471+0700] {logging_mixin.py:190} INFO - [2026-02-01T18:06:03.471+0700] {dag.py:4138} INFO - Setting next_dagrun for dag_scraping_daily to 2026-02-01 05:00:00+00:00, run_after=2026-02-01 17:00:00+00:00
[2026-02-01T18:06:03.495+0700] {processor.py:208} INFO - Processing /opt/airflow/dags/dag_scraping_daily.py took 0.781 seconds
[2026-02-01T18:06:33.916+0700] {processor.py:186} INFO - Started process (PID=254) to work on /opt/airflow/dags/dag_scraping_daily.py
[2026-02-01T18:06:33.917+0700] {processor.py:914} INFO - Processing file /opt/airflow/dags/dag_scraping_daily.py for tasks to queue
[2026-02-01T18:06:33.921+0700] {logging_mixin.py:190} INFO - [2026-02-01T18:06:33.921+0700] {dagbag.py:587} INFO - Filling up the DagBag from /opt/airflow/dags/dag_scraping_daily.py
[2026-02-01T18:06:34.632+0700] {processor.py:925} INFO - DAG(s) 'dag_scraping_daily' retrieved from /opt/airflow/dags/dag_scraping_daily.py
[2026-02-01T18:06:34.655+0700] {logging_mixin.py:190} INFO - [2026-02-01T18:06:34.654+0700] {dag.py:3211} INFO - Sync 1 DAGs
[2026-02-01T18:06:34.678+0700] {logging_mixin.py:190} INFO - [2026-02-01T18:06:34.678+0700] {dag.py:4138} INFO - Setting next_dagrun for dag_scraping_daily to 2026-02-01 05:00:00+00:00, run_after=2026-02-01 17:00:00+00:00
[2026-02-01T18:06:34.702+0700] {processor.py:208} INFO - Processing /opt/airflow/dags/dag_scraping_daily.py took 0.794 seconds
[2026-02-01T18:07:05.262+0700] {processor.py:186} INFO - Started process (PID=260) to work on /opt/airflow/dags/dag_scraping_daily.py
[2026-02-01T18:07:05.264+0700] {processor.py:914} INFO - Processing file /opt/airflow/dags/dag_scraping_daily.py for tasks to queue
[2026-02-01T18:07:05.266+0700] {logging_mixin.py:190} INFO - [2026-02-01T18:07:05.266+0700] {dagbag.py:587} INFO - Filling up the DagBag from /opt/airflow/dags/dag_scraping_daily.py
[2026-02-01T18:07:05.908+0700] {processor.py:925} INFO - DAG(s) 'dag_scraping_daily' retrieved from /opt/airflow/dags/dag_scraping_daily.py
[2026-02-01T18:07:05.931+0700] {logging_mixin.py:190} INFO - [2026-02-01T18:07:05.931+0700] {dag.py:3211} INFO - Sync 1 DAGs
[2026-02-01T18:07:05.951+0700] {logging_mixin.py:190} INFO - [2026-02-01T18:07:05.950+0700] {dag.py:4138} INFO - Setting next_dagrun for dag_scraping_daily to 2026-02-01 05:00:00+00:00, run_after=2026-02-01 17:00:00+00:00
[2026-02-01T18:07:05.974+0700] {processor.py:208} INFO - Processing /opt/airflow/dags/dag_scraping_daily.py took 0.717 seconds
[2026-02-01T18:07:36.399+0700] {processor.py:186} INFO - Started process (PID=266) to work on /opt/airflow/dags/dag_scraping_daily.py
[2026-02-01T18:07:36.400+0700] {processor.py:914} INFO - Processing file /opt/airflow/dags/dag_scraping_daily.py for tasks to queue
[2026-02-01T18:07:36.403+0700] {logging_mixin.py:190} INFO - [2026-02-01T18:07:36.403+0700] {dagbag.py:587} INFO - Filling up the DagBag from /opt/airflow/dags/dag_scraping_daily.py
[2026-02-01T18:07:37.036+0700] {processor.py:925} INFO - DAG(s) 'dag_scraping_daily' retrieved from /opt/airflow/dags/dag_scraping_daily.py
[2026-02-01T18:07:37.058+0700] {logging_mixin.py:190} INFO - [2026-02-01T18:07:37.058+0700] {dag.py:3211} INFO - Sync 1 DAGs
[2026-02-01T18:07:37.080+0700] {logging_mixin.py:190} INFO - [2026-02-01T18:07:37.080+0700] {dag.py:4138} INFO - Setting next_dagrun for dag_scraping_daily to 2026-02-01 05:00:00+00:00, run_after=2026-02-01 17:00:00+00:00
[2026-02-01T18:07:37.102+0700] {processor.py:208} INFO - Processing /opt/airflow/dags/dag_scraping_daily.py took 0.712 seconds
[2026-02-01T18:08:07.634+0700] {processor.py:186} INFO - Started process (PID=272) to work on /opt/airflow/dags/dag_scraping_daily.py
[2026-02-01T18:08:07.636+0700] {processor.py:914} INFO - Processing file /opt/airflow/dags/dag_scraping_daily.py for tasks to queue
[2026-02-01T18:08:07.639+0700] {logging_mixin.py:190} INFO - [2026-02-01T18:08:07.639+0700] {dagbag.py:587} INFO - Filling up the DagBag from /opt/airflow/dags/dag_scraping_daily.py
[2026-02-01T18:08:08.688+0700] {processor.py:925} INFO - DAG(s) 'dag_scraping_daily' retrieved from /opt/airflow/dags/dag_scraping_daily.py
[2026-02-01T18:08:08.720+0700] {logging_mixin.py:190} INFO - [2026-02-01T18:08:08.719+0700] {dag.py:3211} INFO - Sync 1 DAGs
[2026-02-01T18:08:08.746+0700] {logging_mixin.py:190} INFO - [2026-02-01T18:08:08.746+0700] {dag.py:4138} INFO - Setting next_dagrun for dag_scraping_daily to 2026-02-01 05:00:00+00:00, run_after=2026-02-01 17:00:00+00:00
[2026-02-01T18:08:08.777+0700] {processor.py:208} INFO - Processing /opt/airflow/dags/dag_scraping_daily.py took 1.155 seconds
[2026-02-01T18:08:39.555+0700] {processor.py:186} INFO - Started process (PID=278) to work on /opt/airflow/dags/dag_scraping_daily.py
[2026-02-01T18:08:39.556+0700] {processor.py:914} INFO - Processing file /opt/airflow/dags/dag_scraping_daily.py for tasks to queue
[2026-02-01T18:08:39.559+0700] {logging_mixin.py:190} INFO - [2026-02-01T18:08:39.559+0700] {dagbag.py:587} INFO - Filling up the DagBag from /opt/airflow/dags/dag_scraping_daily.py
[2026-02-01T18:08:40.152+0700] {processor.py:925} INFO - DAG(s) 'dag_scraping_daily' retrieved from /opt/airflow/dags/dag_scraping_daily.py
[2026-02-01T18:08:40.173+0700] {logging_mixin.py:190} INFO - [2026-02-01T18:08:40.173+0700] {dag.py:3211} INFO - Sync 1 DAGs
[2026-02-01T18:08:40.195+0700] {logging_mixin.py:190} INFO - [2026-02-01T18:08:40.195+0700] {dag.py:4138} INFO - Setting next_dagrun for dag_scraping_daily to 2026-02-01 05:00:00+00:00, run_after=2026-02-01 17:00:00+00:00
[2026-02-01T18:08:40.225+0700] {processor.py:208} INFO - Processing /opt/airflow/dags/dag_scraping_daily.py took 0.675 seconds
[2026-02-01T18:09:10.311+0700] {processor.py:186} INFO - Started process (PID=284) to work on /opt/airflow/dags/dag_scraping_daily.py
[2026-02-01T18:09:10.312+0700] {processor.py:914} INFO - Processing file /opt/airflow/dags/dag_scraping_daily.py for tasks to queue
[2026-02-01T18:09:10.315+0700] {logging_mixin.py:190} INFO - [2026-02-01T18:09:10.315+0700] {dagbag.py:587} INFO - Filling up the DagBag from /opt/airflow/dags/dag_scraping_daily.py
[2026-02-01T18:09:10.989+0700] {processor.py:925} INFO - DAG(s) 'dag_scraping_daily' retrieved from /opt/airflow/dags/dag_scraping_daily.py
[2026-02-01T18:09:11.017+0700] {logging_mixin.py:190} INFO - [2026-02-01T18:09:11.017+0700] {dag.py:3211} INFO - Sync 1 DAGs
[2026-02-01T18:09:11.039+0700] {logging_mixin.py:190} INFO - [2026-02-01T18:09:11.039+0700] {dag.py:4138} INFO - Setting next_dagrun for dag_scraping_daily to 2026-02-01 05:00:00+00:00, run_after=2026-02-01 17:00:00+00:00
[2026-02-01T18:09:11.061+0700] {processor.py:208} INFO - Processing /opt/airflow/dags/dag_scraping_daily.py took 0.756 seconds
[2026-02-01T18:09:41.919+0700] {processor.py:186} INFO - Started process (PID=290) to work on /opt/airflow/dags/dag_scraping_daily.py
[2026-02-01T18:09:41.920+0700] {processor.py:914} INFO - Processing file /opt/airflow/dags/dag_scraping_daily.py for tasks to queue
[2026-02-01T18:09:41.922+0700] {logging_mixin.py:190} INFO - [2026-02-01T18:09:41.922+0700] {dagbag.py:587} INFO - Filling up the DagBag from /opt/airflow/dags/dag_scraping_daily.py
[2026-02-01T18:09:42.531+0700] {processor.py:925} INFO - DAG(s) 'dag_scraping_daily' retrieved from /opt/airflow/dags/dag_scraping_daily.py
[2026-02-01T18:09:42.552+0700] {logging_mixin.py:190} INFO - [2026-02-01T18:09:42.551+0700] {dag.py:3211} INFO - Sync 1 DAGs
[2026-02-01T18:09:42.573+0700] {logging_mixin.py:190} INFO - [2026-02-01T18:09:42.573+0700] {dag.py:4138} INFO - Setting next_dagrun for dag_scraping_daily to 2026-02-01 05:00:00+00:00, run_after=2026-02-01 17:00:00+00:00
[2026-02-01T18:09:42.595+0700] {processor.py:208} INFO - Processing /opt/airflow/dags/dag_scraping_daily.py took 0.682 seconds
[2026-02-01T18:10:12.899+0700] {processor.py:186} INFO - Started process (PID=296) to work on /opt/airflow/dags/dag_scraping_daily.py
[2026-02-01T18:10:12.900+0700] {processor.py:914} INFO - Processing file /opt/airflow/dags/dag_scraping_daily.py for tasks to queue
[2026-02-01T18:10:12.903+0700] {logging_mixin.py:190} INFO - [2026-02-01T18:10:12.903+0700] {dagbag.py:587} INFO - Filling up the DagBag from /opt/airflow/dags/dag_scraping_daily.py
[2026-02-01T18:10:13.482+0700] {processor.py:925} INFO - DAG(s) 'dag_scraping_daily' retrieved from /opt/airflow/dags/dag_scraping_daily.py
[2026-02-01T18:10:13.503+0700] {logging_mixin.py:190} INFO - [2026-02-01T18:10:13.503+0700] {dag.py:3211} INFO - Sync 1 DAGs
[2026-02-01T18:10:13.523+0700] {logging_mixin.py:190} INFO - [2026-02-01T18:10:13.523+0700] {dag.py:4138} INFO - Setting next_dagrun for dag_scraping_daily to 2026-02-01 05:00:00+00:00, run_after=2026-02-01 17:00:00+00:00
[2026-02-01T18:10:13.545+0700] {processor.py:208} INFO - Processing /opt/airflow/dags/dag_scraping_daily.py took 0.654 seconds
[2026-02-01T18:10:44.333+0700] {processor.py:186} INFO - Started process (PID=302) to work on /opt/airflow/dags/dag_scraping_daily.py
[2026-02-01T18:10:44.334+0700] {processor.py:914} INFO - Processing file /opt/airflow/dags/dag_scraping_daily.py for tasks to queue
[2026-02-01T18:10:44.337+0700] {logging_mixin.py:190} INFO - [2026-02-01T18:10:44.336+0700] {dagbag.py:587} INFO - Filling up the DagBag from /opt/airflow/dags/dag_scraping_daily.py
[2026-02-01T18:10:44.967+0700] {processor.py:925} INFO - DAG(s) 'dag_scraping_daily' retrieved from /opt/airflow/dags/dag_scraping_daily.py
[2026-02-01T18:10:44.987+0700] {logging_mixin.py:190} INFO - [2026-02-01T18:10:44.987+0700] {dag.py:3211} INFO - Sync 1 DAGs
[2026-02-01T18:10:45.007+0700] {logging_mixin.py:190} INFO - [2026-02-01T18:10:45.006+0700] {dag.py:4138} INFO - Setting next_dagrun for dag_scraping_daily to 2026-02-01 05:00:00+00:00, run_after=2026-02-01 17:00:00+00:00
[2026-02-01T18:10:45.028+0700] {processor.py:208} INFO - Processing /opt/airflow/dags/dag_scraping_daily.py took 0.702 seconds
[2026-02-01T18:11:15.114+0700] {processor.py:186} INFO - Started process (PID=308) to work on /opt/airflow/dags/dag_scraping_daily.py
[2026-02-01T18:11:15.115+0700] {processor.py:914} INFO - Processing file /opt/airflow/dags/dag_scraping_daily.py for tasks to queue
[2026-02-01T18:11:15.117+0700] {logging_mixin.py:190} INFO - [2026-02-01T18:11:15.117+0700] {dagbag.py:587} INFO - Filling up the DagBag from /opt/airflow/dags/dag_scraping_daily.py
[2026-02-01T18:11:14.029+0700] {processor.py:925} INFO - DAG(s) 'dag_scraping_daily' retrieved from /opt/airflow/dags/dag_scraping_daily.py
[2026-02-01T18:11:14.052+0700] {logging_mixin.py:190} INFO - [2026-02-01T18:11:14.052+0700] {dag.py:3211} INFO - Sync 1 DAGs
[2026-02-01T18:11:14.078+0700] {logging_mixin.py:190} INFO - [2026-02-01T18:11:14.078+0700] {dag.py:4138} INFO - Setting next_dagrun for dag_scraping_daily to 2026-02-01 05:00:00+00:00, run_after=2026-02-01 17:00:00+00:00
[2026-02-01T18:11:14.104+0700] {processor.py:208} INFO - Processing /opt/airflow/dags/dag_scraping_daily.py took 0.721 seconds
[2026-02-01T18:11:45.143+0700] {processor.py:186} INFO - Started process (PID=314) to work on /opt/airflow/dags/dag_scraping_daily.py
[2026-02-01T18:11:45.145+0700] {processor.py:914} INFO - Processing file /opt/airflow/dags/dag_scraping_daily.py for tasks to queue
[2026-02-01T18:11:45.148+0700] {logging_mixin.py:190} INFO - [2026-02-01T18:11:45.148+0700] {dagbag.py:587} INFO - Filling up the DagBag from /opt/airflow/dags/dag_scraping_daily.py
[2026-02-01T18:11:45.584+0700] {processor.py:925} INFO - DAG(s) 'dag_scraping_daily' retrieved from /opt/airflow/dags/dag_scraping_daily.py
[2026-02-01T18:11:45.610+0700] {logging_mixin.py:190} INFO - [2026-02-01T18:11:45.610+0700] {dag.py:3211} INFO - Sync 1 DAGs
[2026-02-01T18:11:45.637+0700] {logging_mixin.py:190} INFO - [2026-02-01T18:11:45.637+0700] {dag.py:4138} INFO - Setting next_dagrun for dag_scraping_daily to 2026-02-01 05:00:00+00:00, run_after=2026-02-01 17:00:00+00:00
[2026-02-01T18:11:45.661+0700] {processor.py:208} INFO - Processing /opt/airflow/dags/dag_scraping_daily.py took 0.524 seconds
[2026-02-01T18:12:15.752+0700] {processor.py:186} INFO - Started process (PID=320) to work on /opt/airflow/dags/dag_scraping_daily.py
[2026-02-01T18:12:15.754+0700] {processor.py:914} INFO - Processing file /opt/airflow/dags/dag_scraping_daily.py for tasks to queue
[2026-02-01T18:12:15.758+0700] {logging_mixin.py:190} INFO - [2026-02-01T18:12:15.757+0700] {dagbag.py:587} INFO - Filling up the DagBag from /opt/airflow/dags/dag_scraping_daily.py
[2026-02-01T18:12:16.194+0700] {processor.py:925} INFO - DAG(s) 'dag_scraping_daily' retrieved from /opt/airflow/dags/dag_scraping_daily.py
[2026-02-01T18:12:16.222+0700] {logging_mixin.py:190} INFO - [2026-02-01T18:12:16.222+0700] {dag.py:3211} INFO - Sync 1 DAGs
[2026-02-01T18:12:16.250+0700] {logging_mixin.py:190} INFO - [2026-02-01T18:12:16.249+0700] {dag.py:4138} INFO - Setting next_dagrun for dag_scraping_daily to 2026-02-01 05:00:00+00:00, run_after=2026-02-01 17:00:00+00:00
[2026-02-01T18:12:16.270+0700] {processor.py:208} INFO - Processing /opt/airflow/dags/dag_scraping_daily.py took 0.525 seconds
[2026-02-01T18:12:46.668+0700] {processor.py:186} INFO - Started process (PID=326) to work on /opt/airflow/dags/dag_scraping_daily.py
[2026-02-01T18:12:46.669+0700] {processor.py:914} INFO - Processing file /opt/airflow/dags/dag_scraping_daily.py for tasks to queue
[2026-02-01T18:12:46.673+0700] {logging_mixin.py:190} INFO - [2026-02-01T18:12:46.673+0700] {dagbag.py:587} INFO - Filling up the DagBag from /opt/airflow/dags/dag_scraping_daily.py
[2026-02-01T18:12:47.144+0700] {processor.py:925} INFO - DAG(s) 'dag_scraping_daily' retrieved from /opt/airflow/dags/dag_scraping_daily.py
[2026-02-01T18:12:47.171+0700] {logging_mixin.py:190} INFO - [2026-02-01T18:12:47.171+0700] {dag.py:3211} INFO - Sync 1 DAGs
[2026-02-01T18:12:47.194+0700] {logging_mixin.py:190} INFO - [2026-02-01T18:12:47.194+0700] {dag.py:4138} INFO - Setting next_dagrun for dag_scraping_daily to 2026-02-01 05:00:00+00:00, run_after=2026-02-01 17:00:00+00:00
[2026-02-01T18:12:47.221+0700] {processor.py:208} INFO - Processing /opt/airflow/dags/dag_scraping_daily.py took 0.560 seconds
[2026-02-01T18:13:17.503+0700] {processor.py:186} INFO - Started process (PID=332) to work on /opt/airflow/dags/dag_scraping_daily.py
[2026-02-01T18:13:17.504+0700] {processor.py:914} INFO - Processing file /opt/airflow/dags/dag_scraping_daily.py for tasks to queue
[2026-02-01T18:13:17.506+0700] {logging_mixin.py:190} INFO - [2026-02-01T18:13:17.506+0700] {dagbag.py:587} INFO - Filling up the DagBag from /opt/airflow/dags/dag_scraping_daily.py
[2026-02-01T18:13:17.921+0700] {processor.py:925} INFO - DAG(s) 'dag_scraping_daily' retrieved from /opt/airflow/dags/dag_scraping_daily.py
[2026-02-01T18:13:17.946+0700] {logging_mixin.py:190} INFO - [2026-02-01T18:13:17.945+0700] {dag.py:3211} INFO - Sync 1 DAGs
[2026-02-01T18:13:17.968+0700] {logging_mixin.py:190} INFO - [2026-02-01T18:13:17.968+0700] {dag.py:4138} INFO - Setting next_dagrun for dag_scraping_daily to 2026-02-01 05:00:00+00:00, run_after=2026-02-01 17:00:00+00:00
[2026-02-01T18:13:17.991+0700] {processor.py:208} INFO - Processing /opt/airflow/dags/dag_scraping_daily.py took 0.495 seconds
[2026-02-01T18:13:48.405+0700] {processor.py:186} INFO - Started process (PID=338) to work on /opt/airflow/dags/dag_scraping_daily.py
[2026-02-01T18:13:48.406+0700] {processor.py:914} INFO - Processing file /opt/airflow/dags/dag_scraping_daily.py for tasks to queue
[2026-02-01T18:13:48.409+0700] {logging_mixin.py:190} INFO - [2026-02-01T18:13:48.409+0700] {dagbag.py:587} INFO - Filling up the DagBag from /opt/airflow/dags/dag_scraping_daily.py
[2026-02-01T18:13:48.841+0700] {processor.py:925} INFO - DAG(s) 'dag_scraping_daily' retrieved from /opt/airflow/dags/dag_scraping_daily.py
[2026-02-01T18:13:48.865+0700] {logging_mixin.py:190} INFO - [2026-02-01T18:13:48.865+0700] {dag.py:3211} INFO - Sync 1 DAGs
[2026-02-01T18:13:48.890+0700] {logging_mixin.py:190} INFO - [2026-02-01T18:13:48.890+0700] {dag.py:4138} INFO - Setting next_dagrun for dag_scraping_daily to 2026-02-01 05:00:00+00:00, run_after=2026-02-01 17:00:00+00:00
[2026-02-01T18:13:48.913+0700] {processor.py:208} INFO - Processing /opt/airflow/dags/dag_scraping_daily.py took 0.517 seconds
[2026-02-01T18:14:19.783+0700] {processor.py:186} INFO - Started process (PID=344) to work on /opt/airflow/dags/dag_scraping_daily.py
[2026-02-01T18:14:19.784+0700] {processor.py:914} INFO - Processing file /opt/airflow/dags/dag_scraping_daily.py for tasks to queue
[2026-02-01T18:14:19.787+0700] {logging_mixin.py:190} INFO - [2026-02-01T18:14:19.787+0700] {dagbag.py:587} INFO - Filling up the DagBag from /opt/airflow/dags/dag_scraping_daily.py
[2026-02-01T18:14:20.215+0700] {processor.py:925} INFO - DAG(s) 'dag_scraping_daily' retrieved from /opt/airflow/dags/dag_scraping_daily.py
[2026-02-01T18:14:20.242+0700] {logging_mixin.py:190} INFO - [2026-02-01T18:14:20.242+0700] {dag.py:3211} INFO - Sync 1 DAGs
[2026-02-01T18:14:20.267+0700] {logging_mixin.py:190} INFO - [2026-02-01T18:14:20.267+0700] {dag.py:4138} INFO - Setting next_dagrun for dag_scraping_daily to 2026-02-01 05:00:00+00:00, run_after=2026-02-01 17:00:00+00:00
[2026-02-01T18:14:20.289+0700] {processor.py:208} INFO - Processing /opt/airflow/dags/dag_scraping_daily.py took 0.512 seconds
[2026-02-01T18:14:50.732+0700] {processor.py:186} INFO - Started process (PID=350) to work on /opt/airflow/dags/dag_scraping_daily.py
[2026-02-01T18:14:50.733+0700] {processor.py:914} INFO - Processing file /opt/airflow/dags/dag_scraping_daily.py for tasks to queue
[2026-02-01T18:14:50.736+0700] {logging_mixin.py:190} INFO - [2026-02-01T18:14:50.735+0700] {dagbag.py:587} INFO - Filling up the DagBag from /opt/airflow/dags/dag_scraping_daily.py
[2026-02-01T18:14:51.308+0700] {processor.py:925} INFO - DAG(s) 'dag_scraping_daily' retrieved from /opt/airflow/dags/dag_scraping_daily.py
[2026-02-01T18:14:51.337+0700] {logging_mixin.py:190} INFO - [2026-02-01T18:14:51.336+0700] {dag.py:3211} INFO - Sync 1 DAGs
[2026-02-01T18:14:51.372+0700] {logging_mixin.py:190} INFO - [2026-02-01T18:14:51.371+0700] {dag.py:4138} INFO - Setting next_dagrun for dag_scraping_daily to 2026-02-01 05:00:00+00:00, run_after=2026-02-01 17:00:00+00:00
[2026-02-01T18:14:51.397+0700] {processor.py:208} INFO - Processing /opt/airflow/dags/dag_scraping_daily.py took 0.673 seconds
[2026-02-01T18:15:22.129+0700] {processor.py:186} INFO - Started process (PID=356) to work on /opt/airflow/dags/dag_scraping_daily.py
[2026-02-01T18:15:22.132+0700] {processor.py:914} INFO - Processing file /opt/airflow/dags/dag_scraping_daily.py for tasks to queue
[2026-02-01T18:15:22.134+0700] {logging_mixin.py:190} INFO - [2026-02-01T18:15:22.134+0700] {dagbag.py:587} INFO - Filling up the DagBag from /opt/airflow/dags/dag_scraping_daily.py
[2026-02-01T18:15:22.574+0700] {processor.py:925} INFO - DAG(s) 'dag_scraping_daily' retrieved from /opt/airflow/dags/dag_scraping_daily.py
[2026-02-01T18:15:22.599+0700] {logging_mixin.py:190} INFO - [2026-02-01T18:15:22.598+0700] {dag.py:3211} INFO - Sync 1 DAGs
[2026-02-01T18:15:22.622+0700] {logging_mixin.py:190} INFO - [2026-02-01T18:15:22.622+0700] {dag.py:4138} INFO - Setting next_dagrun for dag_scraping_daily to 2026-02-01 05:00:00+00:00, run_after=2026-02-01 17:00:00+00:00
[2026-02-01T18:15:22.651+0700] {processor.py:208} INFO - Processing /opt/airflow/dags/dag_scraping_daily.py took 0.528 seconds
[2026-02-01T18:15:53.086+0700] {processor.py:186} INFO - Started process (PID=362) to work on /opt/airflow/dags/dag_scraping_daily.py
[2026-02-01T18:15:53.087+0700] {processor.py:914} INFO - Processing file /opt/airflow/dags/dag_scraping_daily.py for tasks to queue
[2026-02-01T18:15:53.090+0700] {logging_mixin.py:190} INFO - [2026-02-01T18:15:53.090+0700] {dagbag.py:587} INFO - Filling up the DagBag from /opt/airflow/dags/dag_scraping_daily.py
[2026-02-01T18:15:53.584+0700] {processor.py:925} INFO - DAG(s) 'dag_scraping_daily' retrieved from /opt/airflow/dags/dag_scraping_daily.py
[2026-02-01T18:15:53.610+0700] {logging_mixin.py:190} INFO - [2026-02-01T18:15:53.610+0700] {dag.py:3211} INFO - Sync 1 DAGs
[2026-02-01T18:15:53.639+0700] {logging_mixin.py:190} INFO - [2026-02-01T18:15:53.638+0700] {dag.py:4138} INFO - Setting next_dagrun for dag_scraping_daily to 2026-02-01 05:00:00+00:00, run_after=2026-02-01 17:00:00+00:00
[2026-02-01T18:15:53.663+0700] {processor.py:208} INFO - Processing /opt/airflow/dags/dag_scraping_daily.py took 0.584 seconds
[2026-02-01T18:16:24.240+0700] {processor.py:186} INFO - Started process (PID=368) to work on /opt/airflow/dags/dag_scraping_daily.py
[2026-02-01T18:16:24.242+0700] {processor.py:914} INFO - Processing file /opt/airflow/dags/dag_scraping_daily.py for tasks to queue
[2026-02-01T18:16:24.245+0700] {logging_mixin.py:190} INFO - [2026-02-01T18:16:24.245+0700] {dagbag.py:587} INFO - Filling up the DagBag from /opt/airflow/dags/dag_scraping_daily.py
[2026-02-01T18:16:24.707+0700] {processor.py:925} INFO - DAG(s) 'dag_scraping_daily' retrieved from /opt/airflow/dags/dag_scraping_daily.py
[2026-02-01T18:16:24.742+0700] {logging_mixin.py:190} INFO - [2026-02-01T18:16:24.741+0700] {dag.py:3211} INFO - Sync 1 DAGs
[2026-02-01T18:16:24.766+0700] {logging_mixin.py:190} INFO - [2026-02-01T18:16:24.766+0700] {dag.py:4138} INFO - Setting next_dagrun for dag_scraping_daily to 2026-02-01 05:00:00+00:00, run_after=2026-02-01 17:00:00+00:00
[2026-02-01T18:16:24.791+0700] {processor.py:208} INFO - Processing /opt/airflow/dags/dag_scraping_daily.py took 0.561 seconds
[2026-02-01T18:16:55.355+0700] {processor.py:186} INFO - Started process (PID=374) to work on /opt/airflow/dags/dag_scraping_daily.py
[2026-02-01T18:16:55.356+0700] {processor.py:914} INFO - Processing file /opt/airflow/dags/dag_scraping_daily.py for tasks to queue
[2026-02-01T18:16:55.360+0700] {logging_mixin.py:190} INFO - [2026-02-01T18:16:55.360+0700] {dagbag.py:587} INFO - Filling up the DagBag from /opt/airflow/dags/dag_scraping_daily.py
[2026-02-01T18:16:55.835+0700] {processor.py:925} INFO - DAG(s) 'dag_scraping_daily' retrieved from /opt/airflow/dags/dag_scraping_daily.py
[2026-02-01T18:16:55.864+0700] {logging_mixin.py:190} INFO - [2026-02-01T18:16:55.863+0700] {dag.py:3211} INFO - Sync 1 DAGs
[2026-02-01T18:16:55.887+0700] {logging_mixin.py:190} INFO - [2026-02-01T18:16:55.887+0700] {dag.py:4138} INFO - Setting next_dagrun for dag_scraping_daily to 2026-02-01 05:00:00+00:00, run_after=2026-02-01 17:00:00+00:00
[2026-02-01T18:16:55.912+0700] {processor.py:208} INFO - Processing /opt/airflow/dags/dag_scraping_daily.py took 0.567 seconds
[2026-02-01T18:17:26.739+0700] {processor.py:186} INFO - Started process (PID=380) to work on /opt/airflow/dags/dag_scraping_daily.py
[2026-02-01T18:17:26.741+0700] {processor.py:914} INFO - Processing file /opt/airflow/dags/dag_scraping_daily.py for tasks to queue
[2026-02-01T18:17:26.743+0700] {logging_mixin.py:190} INFO - [2026-02-01T18:17:26.743+0700] {dagbag.py:587} INFO - Filling up the DagBag from /opt/airflow/dags/dag_scraping_daily.py
[2026-02-01T18:17:27.208+0700] {processor.py:925} INFO - DAG(s) 'dag_scraping_daily' retrieved from /opt/airflow/dags/dag_scraping_daily.py
[2026-02-01T18:17:27.239+0700] {logging_mixin.py:190} INFO - [2026-02-01T18:17:27.239+0700] {dag.py:3211} INFO - Sync 1 DAGs
[2026-02-01T18:17:27.267+0700] {logging_mixin.py:190} INFO - [2026-02-01T18:17:27.267+0700] {dag.py:4138} INFO - Setting next_dagrun for dag_scraping_daily to 2026-02-01 05:00:00+00:00, run_after=2026-02-01 17:00:00+00:00
[2026-02-01T18:17:27.293+0700] {processor.py:208} INFO - Processing /opt/airflow/dags/dag_scraping_daily.py took 0.560 seconds
[2026-02-01T18:17:57.636+0700] {processor.py:186} INFO - Started process (PID=386) to work on /opt/airflow/dags/dag_scraping_daily.py
[2026-02-01T18:17:57.637+0700] {processor.py:914} INFO - Processing file /opt/airflow/dags/dag_scraping_daily.py for tasks to queue
[2026-02-01T18:17:57.639+0700] {logging_mixin.py:190} INFO - [2026-02-01T18:17:57.639+0700] {dagbag.py:587} INFO - Filling up the DagBag from /opt/airflow/dags/dag_scraping_daily.py
[2026-02-01T18:17:58.047+0700] {processor.py:925} INFO - DAG(s) 'dag_scraping_daily' retrieved from /opt/airflow/dags/dag_scraping_daily.py
[2026-02-01T18:17:58.073+0700] {logging_mixin.py:190} INFO - [2026-02-01T18:17:58.072+0700] {dag.py:3211} INFO - Sync 1 DAGs
[2026-02-01T18:17:58.098+0700] {logging_mixin.py:190} INFO - [2026-02-01T18:17:58.098+0700] {dag.py:4138} INFO - Setting next_dagrun for dag_scraping_daily to 2026-02-01 05:00:00+00:00, run_after=2026-02-01 17:00:00+00:00
[2026-02-01T18:17:58.119+0700] {processor.py:208} INFO - Processing /opt/airflow/dags/dag_scraping_daily.py took 0.489 seconds
[2026-02-01T18:18:28.506+0700] {processor.py:186} INFO - Started process (PID=392) to work on /opt/airflow/dags/dag_scraping_daily.py
[2026-02-01T18:18:28.507+0700] {processor.py:914} INFO - Processing file /opt/airflow/dags/dag_scraping_daily.py for tasks to queue
[2026-02-01T18:18:28.509+0700] {logging_mixin.py:190} INFO - [2026-02-01T18:18:28.509+0700] {dagbag.py:587} INFO - Filling up the DagBag from /opt/airflow/dags/dag_scraping_daily.py
[2026-02-01T18:18:28.952+0700] {processor.py:925} INFO - DAG(s) 'dag_scraping_daily' retrieved from /opt/airflow/dags/dag_scraping_daily.py
[2026-02-01T18:18:28.977+0700] {logging_mixin.py:190} INFO - [2026-02-01T18:18:28.976+0700] {dag.py:3211} INFO - Sync 1 DAGs
[2026-02-01T18:18:29.002+0700] {logging_mixin.py:190} INFO - [2026-02-01T18:18:29.002+0700] {dag.py:4138} INFO - Setting next_dagrun for dag_scraping_daily to 2026-02-01 05:00:00+00:00, run_after=2026-02-01 17:00:00+00:00
[2026-02-01T18:18:29.024+0700] {processor.py:208} INFO - Processing /opt/airflow/dags/dag_scraping_daily.py took 0.524 seconds
[2026-02-01T18:18:59.955+0700] {processor.py:186} INFO - Started process (PID=398) to work on /opt/airflow/dags/dag_scraping_daily.py
[2026-02-01T18:18:59.956+0700] {processor.py:914} INFO - Processing file /opt/airflow/dags/dag_scraping_daily.py for tasks to queue
[2026-02-01T18:18:59.959+0700] {logging_mixin.py:190} INFO - [2026-02-01T18:18:59.959+0700] {dagbag.py:587} INFO - Filling up the DagBag from /opt/airflow/dags/dag_scraping_daily.py
[2026-02-01T18:19:00.380+0700] {processor.py:925} INFO - DAG(s) 'dag_scraping_daily' retrieved from /opt/airflow/dags/dag_scraping_daily.py
[2026-02-01T18:19:00.404+0700] {logging_mixin.py:190} INFO - [2026-02-01T18:19:00.404+0700] {dag.py:3211} INFO - Sync 1 DAGs
[2026-02-01T18:19:00.428+0700] {logging_mixin.py:190} INFO - [2026-02-01T18:19:00.428+0700] {dag.py:4138} INFO - Setting next_dagrun for dag_scraping_daily to 2026-02-01 05:00:00+00:00, run_after=2026-02-01 17:00:00+00:00
[2026-02-01T18:19:00.451+0700] {processor.py:208} INFO - Processing /opt/airflow/dags/dag_scraping_daily.py took 0.502 seconds
[2026-02-01T18:19:30.661+0700] {processor.py:186} INFO - Started process (PID=404) to work on /opt/airflow/dags/dag_scraping_daily.py
[2026-02-01T18:19:30.662+0700] {processor.py:914} INFO - Processing file /opt/airflow/dags/dag_scraping_daily.py for tasks to queue
[2026-02-01T18:19:30.665+0700] {logging_mixin.py:190} INFO - [2026-02-01T18:19:30.665+0700] {dagbag.py:587} INFO - Filling up the DagBag from /opt/airflow/dags/dag_scraping_daily.py
[2026-02-01T18:19:31.166+0700] {processor.py:925} INFO - DAG(s) 'dag_scraping_daily' retrieved from /opt/airflow/dags/dag_scraping_daily.py
[2026-02-01T18:19:31.215+0700] {logging_mixin.py:190} INFO - [2026-02-01T18:19:31.215+0700] {dag.py:3211} INFO - Sync 1 DAGs
[2026-02-01T18:19:31.245+0700] {logging_mixin.py:190} INFO - [2026-02-01T18:19:31.244+0700] {dag.py:4138} INFO - Setting next_dagrun for dag_scraping_daily to 2026-02-01 05:00:00+00:00, run_after=2026-02-01 17:00:00+00:00
[2026-02-01T18:19:31.264+0700] {processor.py:208} INFO - Processing /opt/airflow/dags/dag_scraping_daily.py took 0.610 seconds
[2026-02-01T18:20:02.195+0700] {processor.py:186} INFO - Started process (PID=410) to work on /opt/airflow/dags/dag_scraping_daily.py
[2026-02-01T18:20:02.196+0700] {processor.py:914} INFO - Processing file /opt/airflow/dags/dag_scraping_daily.py for tasks to queue
[2026-02-01T18:20:02.198+0700] {logging_mixin.py:190} INFO - [2026-02-01T18:20:02.198+0700] {dagbag.py:587} INFO - Filling up the DagBag from /opt/airflow/dags/dag_scraping_daily.py
[2026-02-01T18:20:02.640+0700] {processor.py:925} INFO - DAG(s) 'dag_scraping_daily' retrieved from /opt/airflow/dags/dag_scraping_daily.py
[2026-02-01T18:20:02.669+0700] {logging_mixin.py:190} INFO - [2026-02-01T18:20:02.669+0700] {dag.py:3211} INFO - Sync 1 DAGs
[2026-02-01T18:20:02.700+0700] {logging_mixin.py:190} INFO - [2026-02-01T18:20:02.700+0700] {dag.py:4138} INFO - Setting next_dagrun for dag_scraping_daily to 2026-02-01 05:00:00+00:00, run_after=2026-02-01 17:00:00+00:00
[2026-02-01T18:20:02.726+0700] {processor.py:208} INFO - Processing /opt/airflow/dags/dag_scraping_daily.py took 0.537 seconds
[2026-02-01T18:20:33.007+0700] {processor.py:186} INFO - Started process (PID=416) to work on /opt/airflow/dags/dag_scraping_daily.py
[2026-02-01T18:20:33.008+0700] {processor.py:914} INFO - Processing file /opt/airflow/dags/dag_scraping_daily.py for tasks to queue
[2026-02-01T18:20:33.012+0700] {logging_mixin.py:190} INFO - [2026-02-01T18:20:33.012+0700] {dagbag.py:587} INFO - Filling up the DagBag from /opt/airflow/dags/dag_scraping_daily.py
[2026-02-01T18:20:33.509+0700] {processor.py:925} INFO - DAG(s) 'dag_scraping_daily' retrieved from /opt/airflow/dags/dag_scraping_daily.py
[2026-02-01T18:20:33.537+0700] {logging_mixin.py:190} INFO - [2026-02-01T18:20:33.536+0700] {dag.py:3211} INFO - Sync 1 DAGs
[2026-02-01T18:20:33.566+0700] {logging_mixin.py:190} INFO - [2026-02-01T18:20:33.566+0700] {dag.py:4138} INFO - Setting next_dagrun for dag_scraping_daily to 2026-02-01 05:00:00+00:00, run_after=2026-02-01 17:00:00+00:00
[2026-02-01T18:20:33.593+0700] {processor.py:208} INFO - Processing /opt/airflow/dags/dag_scraping_daily.py took 0.594 seconds
[2026-02-01T18:21:04.416+0700] {processor.py:186} INFO - Started process (PID=422) to work on /opt/airflow/dags/dag_scraping_daily.py
[2026-02-01T18:21:04.418+0700] {processor.py:914} INFO - Processing file /opt/airflow/dags/dag_scraping_daily.py for tasks to queue
[2026-02-01T18:21:04.422+0700] {logging_mixin.py:190} INFO - [2026-02-01T18:21:04.422+0700] {dagbag.py:587} INFO - Filling up the DagBag from /opt/airflow/dags/dag_scraping_daily.py
[2026-02-01T18:21:04.868+0700] {processor.py:925} INFO - DAG(s) 'dag_scraping_daily' retrieved from /opt/airflow/dags/dag_scraping_daily.py
[2026-02-01T18:21:04.895+0700] {logging_mixin.py:190} INFO - [2026-02-01T18:21:04.895+0700] {dag.py:3211} INFO - Sync 1 DAGs
[2026-02-01T18:21:04.919+0700] {logging_mixin.py:190} INFO - [2026-02-01T18:21:04.919+0700] {dag.py:4138} INFO - Setting next_dagrun for dag_scraping_daily to 2026-02-01 05:00:00+00:00, run_after=2026-02-01 17:00:00+00:00
[2026-02-01T18:21:04.944+0700] {processor.py:208} INFO - Processing /opt/airflow/dags/dag_scraping_daily.py took 0.535 seconds
[2026-02-01T18:21:35.210+0700] {processor.py:186} INFO - Started process (PID=428) to work on /opt/airflow/dags/dag_scraping_daily.py
[2026-02-01T18:21:35.211+0700] {processor.py:914} INFO - Processing file /opt/airflow/dags/dag_scraping_daily.py for tasks to queue
[2026-02-01T18:21:35.214+0700] {logging_mixin.py:190} INFO - [2026-02-01T18:21:35.214+0700] {dagbag.py:587} INFO - Filling up the DagBag from /opt/airflow/dags/dag_scraping_daily.py
[2026-02-01T18:21:35.661+0700] {processor.py:925} INFO - DAG(s) 'dag_scraping_daily' retrieved from /opt/airflow/dags/dag_scraping_daily.py
[2026-02-01T18:21:35.687+0700] {logging_mixin.py:190} INFO - [2026-02-01T18:21:35.686+0700] {dag.py:3211} INFO - Sync 1 DAGs
[2026-02-01T18:21:35.709+0700] {logging_mixin.py:190} INFO - [2026-02-01T18:21:35.709+0700] {dag.py:4138} INFO - Setting next_dagrun for dag_scraping_daily to 2026-02-01 05:00:00+00:00, run_after=2026-02-01 17:00:00+00:00
[2026-02-01T18:21:35.735+0700] {processor.py:208} INFO - Processing /opt/airflow/dags/dag_scraping_daily.py took 0.531 seconds
[2026-02-01T18:22:06.429+0700] {processor.py:186} INFO - Started process (PID=434) to work on /opt/airflow/dags/dag_scraping_daily.py
[2026-02-01T18:22:06.431+0700] {processor.py:914} INFO - Processing file /opt/airflow/dags/dag_scraping_daily.py for tasks to queue
[2026-02-01T18:22:06.436+0700] {logging_mixin.py:190} INFO - [2026-02-01T18:22:06.435+0700] {dagbag.py:587} INFO - Filling up the DagBag from /opt/airflow/dags/dag_scraping_daily.py
[2026-02-01T18:22:06.852+0700] {processor.py:925} INFO - DAG(s) 'dag_scraping_daily' retrieved from /opt/airflow/dags/dag_scraping_daily.py
[2026-02-01T18:22:06.875+0700] {logging_mixin.py:190} INFO - [2026-02-01T18:22:06.875+0700] {dag.py:3211} INFO - Sync 1 DAGs
[2026-02-01T18:22:06.899+0700] {logging_mixin.py:190} INFO - [2026-02-01T18:22:06.898+0700] {dag.py:4138} INFO - Setting next_dagrun for dag_scraping_daily to 2026-02-01 05:00:00+00:00, run_after=2026-02-01 17:00:00+00:00
[2026-02-01T18:22:06.920+0700] {processor.py:208} INFO - Processing /opt/airflow/dags/dag_scraping_daily.py took 0.498 seconds
[2026-02-01T18:22:37.579+0700] {processor.py:186} INFO - Started process (PID=440) to work on /opt/airflow/dags/dag_scraping_daily.py
[2026-02-01T18:22:37.580+0700] {processor.py:914} INFO - Processing file /opt/airflow/dags/dag_scraping_daily.py for tasks to queue
[2026-02-01T18:22:37.584+0700] {logging_mixin.py:190} INFO - [2026-02-01T18:22:37.583+0700] {dagbag.py:587} INFO - Filling up the DagBag from /opt/airflow/dags/dag_scraping_daily.py
[2026-02-01T18:22:38.007+0700] {processor.py:925} INFO - DAG(s) 'dag_scraping_daily' retrieved from /opt/airflow/dags/dag_scraping_daily.py
[2026-02-01T18:22:38.033+0700] {logging_mixin.py:190} INFO - [2026-02-01T18:22:38.032+0700] {dag.py:3211} INFO - Sync 1 DAGs
[2026-02-01T18:22:38.058+0700] {logging_mixin.py:190} INFO - [2026-02-01T18:22:38.058+0700] {dag.py:4138} INFO - Setting next_dagrun for dag_scraping_daily to 2026-02-01 05:00:00+00:00, run_after=2026-02-01 17:00:00+00:00
[2026-02-01T18:22:38.081+0700] {processor.py:208} INFO - Processing /opt/airflow/dags/dag_scraping_daily.py took 0.509 seconds
[2026-02-01T18:23:08.558+0700] {processor.py:186} INFO - Started process (PID=446) to work on /opt/airflow/dags/dag_scraping_daily.py
[2026-02-01T18:23:08.559+0700] {processor.py:914} INFO - Processing file /opt/airflow/dags/dag_scraping_daily.py for tasks to queue
[2026-02-01T18:23:08.562+0700] {logging_mixin.py:190} INFO - [2026-02-01T18:23:08.561+0700] {dagbag.py:587} INFO - Filling up the DagBag from /opt/airflow/dags/dag_scraping_daily.py
[2026-02-01T18:23:08.984+0700] {processor.py:925} INFO - DAG(s) 'dag_scraping_daily' retrieved from /opt/airflow/dags/dag_scraping_daily.py
[2026-02-01T18:23:09.008+0700] {logging_mixin.py:190} INFO - [2026-02-01T18:23:09.007+0700] {dag.py:3211} INFO - Sync 1 DAGs
[2026-02-01T18:23:09.030+0700] {logging_mixin.py:190} INFO - [2026-02-01T18:23:09.030+0700] {dag.py:4138} INFO - Setting next_dagrun for dag_scraping_daily to 2026-02-01 05:00:00+00:00, run_after=2026-02-01 17:00:00+00:00
[2026-02-01T18:23:09.054+0700] {processor.py:208} INFO - Processing /opt/airflow/dags/dag_scraping_daily.py took 0.502 seconds
[2026-02-01T18:23:39.766+0700] {processor.py:186} INFO - Started process (PID=452) to work on /opt/airflow/dags/dag_scraping_daily.py
[2026-02-01T18:23:39.767+0700] {processor.py:914} INFO - Processing file /opt/airflow/dags/dag_scraping_daily.py for tasks to queue
[2026-02-01T18:23:39.770+0700] {logging_mixin.py:190} INFO - [2026-02-01T18:23:39.769+0700] {dagbag.py:587} INFO - Filling up the DagBag from /opt/airflow/dags/dag_scraping_daily.py
[2026-02-01T18:23:40.180+0700] {processor.py:925} INFO - DAG(s) 'dag_scraping_daily' retrieved from /opt/airflow/dags/dag_scraping_daily.py
[2026-02-01T18:23:40.205+0700] {logging_mixin.py:190} INFO - [2026-02-01T18:23:40.204+0700] {dag.py:3211} INFO - Sync 1 DAGs
[2026-02-01T18:23:40.229+0700] {logging_mixin.py:190} INFO - [2026-02-01T18:23:40.229+0700] {dag.py:4138} INFO - Setting next_dagrun for dag_scraping_daily to 2026-02-01 05:00:00+00:00, run_after=2026-02-01 17:00:00+00:00
[2026-02-01T18:23:40.255+0700] {processor.py:208} INFO - Processing /opt/airflow/dags/dag_scraping_daily.py took 0.494 seconds
[2026-02-01T18:24:10.664+0700] {processor.py:186} INFO - Started process (PID=458) to work on /opt/airflow/dags/dag_scraping_daily.py
[2026-02-01T18:24:10.665+0700] {processor.py:914} INFO - Processing file /opt/airflow/dags/dag_scraping_daily.py for tasks to queue
[2026-02-01T18:24:10.668+0700] {logging_mixin.py:190} INFO - [2026-02-01T18:24:10.667+0700] {dagbag.py:587} INFO - Filling up the DagBag from /opt/airflow/dags/dag_scraping_daily.py
[2026-02-01T18:24:11.116+0700] {processor.py:925} INFO - DAG(s) 'dag_scraping_daily' retrieved from /opt/airflow/dags/dag_scraping_daily.py
[2026-02-01T18:24:11.163+0700] {logging_mixin.py:190} INFO - [2026-02-01T18:24:11.162+0700] {dag.py:3211} INFO - Sync 1 DAGs
[2026-02-01T18:24:11.214+0700] {logging_mixin.py:190} INFO - [2026-02-01T18:24:11.214+0700] {dag.py:4138} INFO - Setting next_dagrun for dag_scraping_daily to 2026-02-01 05:00:00+00:00, run_after=2026-02-01 17:00:00+00:00
[2026-02-01T18:24:11.250+0700] {processor.py:208} INFO - Processing /opt/airflow/dags/dag_scraping_daily.py took 0.593 seconds
[2026-02-01T18:24:41.407+0700] {processor.py:186} INFO - Started process (PID=464) to work on /opt/airflow/dags/dag_scraping_daily.py
[2026-02-01T18:24:41.408+0700] {processor.py:914} INFO - Processing file /opt/airflow/dags/dag_scraping_daily.py for tasks to queue
[2026-02-01T18:24:41.411+0700] {logging_mixin.py:190} INFO - [2026-02-01T18:24:41.410+0700] {dagbag.py:587} INFO - Filling up the DagBag from /opt/airflow/dags/dag_scraping_daily.py
[2026-02-01T18:24:41.847+0700] {processor.py:925} INFO - DAG(s) 'dag_scraping_daily' retrieved from /opt/airflow/dags/dag_scraping_daily.py
[2026-02-01T18:24:41.874+0700] {logging_mixin.py:190} INFO - [2026-02-01T18:24:41.873+0700] {dag.py:3211} INFO - Sync 1 DAGs
[2026-02-01T18:24:41.897+0700] {logging_mixin.py:190} INFO - [2026-02-01T18:24:41.897+0700] {dag.py:4138} INFO - Setting next_dagrun for dag_scraping_daily to 2026-02-01 05:00:00+00:00, run_after=2026-02-01 17:00:00+00:00
[2026-02-01T18:24:41.921+0700] {processor.py:208} INFO - Processing /opt/airflow/dags/dag_scraping_daily.py took 0.521 seconds
[2026-02-01T18:25:12.246+0700] {processor.py:186} INFO - Started process (PID=470) to work on /opt/airflow/dags/dag_scraping_daily.py
[2026-02-01T18:25:12.247+0700] {processor.py:914} INFO - Processing file /opt/airflow/dags/dag_scraping_daily.py for tasks to queue
[2026-02-01T18:25:12.250+0700] {logging_mixin.py:190} INFO - [2026-02-01T18:25:12.250+0700] {dagbag.py:587} INFO - Filling up the DagBag from /opt/airflow/dags/dag_scraping_daily.py
[2026-02-01T18:25:12.665+0700] {processor.py:925} INFO - DAG(s) 'dag_scraping_daily' retrieved from /opt/airflow/dags/dag_scraping_daily.py
[2026-02-01T18:25:12.690+0700] {logging_mixin.py:190} INFO - [2026-02-01T18:25:12.690+0700] {dag.py:3211} INFO - Sync 1 DAGs
[2026-02-01T18:25:12.714+0700] {logging_mixin.py:190} INFO - [2026-02-01T18:25:12.714+0700] {dag.py:4138} INFO - Setting next_dagrun for dag_scraping_daily to 2026-02-01 05:00:00+00:00, run_after=2026-02-01 17:00:00+00:00
[2026-02-01T18:25:12.739+0700] {processor.py:208} INFO - Processing /opt/airflow/dags/dag_scraping_daily.py took 0.498 seconds
[2026-02-01T18:25:42.982+0700] {processor.py:186} INFO - Started process (PID=476) to work on /opt/airflow/dags/dag_scraping_daily.py
[2026-02-01T18:25:42.984+0700] {processor.py:914} INFO - Processing file /opt/airflow/dags/dag_scraping_daily.py for tasks to queue
[2026-02-01T18:25:42.988+0700] {logging_mixin.py:190} INFO - [2026-02-01T18:25:42.988+0700] {dagbag.py:587} INFO - Filling up the DagBag from /opt/airflow/dags/dag_scraping_daily.py
[2026-02-01T18:25:43.424+0700] {processor.py:925} INFO - DAG(s) 'dag_scraping_daily' retrieved from /opt/airflow/dags/dag_scraping_daily.py
[2026-02-01T18:25:43.451+0700] {logging_mixin.py:190} INFO - [2026-02-01T18:25:43.450+0700] {dag.py:3211} INFO - Sync 1 DAGs
[2026-02-01T18:25:43.474+0700] {logging_mixin.py:190} INFO - [2026-02-01T18:25:43.474+0700] {dag.py:4138} INFO - Setting next_dagrun for dag_scraping_daily to 2026-02-01 05:00:00+00:00, run_after=2026-02-01 17:00:00+00:00
[2026-02-01T18:25:43.501+0700] {processor.py:208} INFO - Processing /opt/airflow/dags/dag_scraping_daily.py took 0.526 seconds
[2026-02-01T18:26:13.880+0700] {processor.py:186} INFO - Started process (PID=482) to work on /opt/airflow/dags/dag_scraping_daily.py
[2026-02-01T18:26:13.882+0700] {processor.py:914} INFO - Processing file /opt/airflow/dags/dag_scraping_daily.py for tasks to queue
[2026-02-01T18:26:13.885+0700] {logging_mixin.py:190} INFO - [2026-02-01T18:26:13.885+0700] {dagbag.py:587} INFO - Filling up the DagBag from /opt/airflow/dags/dag_scraping_daily.py
[2026-02-01T18:26:14.497+0700] {processor.py:925} INFO - DAG(s) 'dag_scraping_daily' retrieved from /opt/airflow/dags/dag_scraping_daily.py
[2026-02-01T18:26:14.535+0700] {logging_mixin.py:190} INFO - [2026-02-01T18:26:14.534+0700] {dag.py:3211} INFO - Sync 1 DAGs
[2026-02-01T18:26:14.571+0700] {logging_mixin.py:190} INFO - [2026-02-01T18:26:14.571+0700] {dag.py:4138} INFO - Setting next_dagrun for dag_scraping_daily to 2026-02-01 05:00:00+00:00, run_after=2026-02-01 17:00:00+00:00
[2026-02-01T18:26:14.603+0700] {processor.py:208} INFO - Processing /opt/airflow/dags/dag_scraping_daily.py took 0.732 seconds
[2026-02-01T18:26:45.040+0700] {processor.py:186} INFO - Started process (PID=488) to work on /opt/airflow/dags/dag_scraping_daily.py
[2026-02-01T18:26:45.042+0700] {processor.py:914} INFO - Processing file /opt/airflow/dags/dag_scraping_daily.py for tasks to queue
[2026-02-01T18:26:45.045+0700] {logging_mixin.py:190} INFO - [2026-02-01T18:26:45.045+0700] {dagbag.py:587} INFO - Filling up the DagBag from /opt/airflow/dags/dag_scraping_daily.py
[2026-02-01T18:26:45.494+0700] {processor.py:925} INFO - DAG(s) 'dag_scraping_daily' retrieved from /opt/airflow/dags/dag_scraping_daily.py
[2026-02-01T18:26:45.517+0700] {logging_mixin.py:190} INFO - [2026-02-01T18:26:45.517+0700] {dag.py:3211} INFO - Sync 1 DAGs
[2026-02-01T18:26:45.540+0700] {logging_mixin.py:190} INFO - [2026-02-01T18:26:45.540+0700] {dag.py:4138} INFO - Setting next_dagrun for dag_scraping_daily to 2026-02-01 05:00:00+00:00, run_after=2026-02-01 17:00:00+00:00
[2026-02-01T18:26:45.565+0700] {processor.py:208} INFO - Processing /opt/airflow/dags/dag_scraping_daily.py took 0.531 seconds
[2026-02-01T18:27:16.494+0700] {processor.py:186} INFO - Started process (PID=494) to work on /opt/airflow/dags/dag_scraping_daily.py
[2026-02-01T18:27:16.496+0700] {processor.py:914} INFO - Processing file /opt/airflow/dags/dag_scraping_daily.py for tasks to queue
[2026-02-01T18:27:16.499+0700] {logging_mixin.py:190} INFO - [2026-02-01T18:27:16.498+0700] {dagbag.py:587} INFO - Filling up the DagBag from /opt/airflow/dags/dag_scraping_daily.py
[2026-02-01T18:27:16.921+0700] {processor.py:925} INFO - DAG(s) 'dag_scraping_daily' retrieved from /opt/airflow/dags/dag_scraping_daily.py
[2026-02-01T18:27:16.945+0700] {logging_mixin.py:190} INFO - [2026-02-01T18:27:16.945+0700] {dag.py:3211} INFO - Sync 1 DAGs
[2026-02-01T18:27:16.970+0700] {logging_mixin.py:190} INFO - [2026-02-01T18:27:16.970+0700] {dag.py:4138} INFO - Setting next_dagrun for dag_scraping_daily to 2026-02-01 05:00:00+00:00, run_after=2026-02-01 17:00:00+00:00
[2026-02-01T18:27:16.995+0700] {processor.py:208} INFO - Processing /opt/airflow/dags/dag_scraping_daily.py took 0.516 seconds
[2026-02-01T18:27:47.264+0700] {processor.py:186} INFO - Started process (PID=500) to work on /opt/airflow/dags/dag_scraping_daily.py
[2026-02-01T18:27:47.265+0700] {processor.py:914} INFO - Processing file /opt/airflow/dags/dag_scraping_daily.py for tasks to queue
[2026-02-01T18:27:47.268+0700] {logging_mixin.py:190} INFO - [2026-02-01T18:27:47.268+0700] {dagbag.py:587} INFO - Filling up the DagBag from /opt/airflow/dags/dag_scraping_daily.py
[2026-02-01T18:27:47.699+0700] {processor.py:925} INFO - DAG(s) 'dag_scraping_daily' retrieved from /opt/airflow/dags/dag_scraping_daily.py
[2026-02-01T18:27:47.724+0700] {logging_mixin.py:190} INFO - [2026-02-01T18:27:47.723+0700] {dag.py:3211} INFO - Sync 1 DAGs
[2026-02-01T18:27:47.748+0700] {logging_mixin.py:190} INFO - [2026-02-01T18:27:47.748+0700] {dag.py:4138} INFO - Setting next_dagrun for dag_scraping_daily to 2026-02-01 05:00:00+00:00, run_after=2026-02-01 17:00:00+00:00
[2026-02-01T18:27:47.771+0700] {processor.py:208} INFO - Processing /opt/airflow/dags/dag_scraping_daily.py took 0.515 seconds
[2026-02-01T18:28:18.166+0700] {processor.py:186} INFO - Started process (PID=506) to work on /opt/airflow/dags/dag_scraping_daily.py
[2026-02-01T18:28:18.167+0700] {processor.py:914} INFO - Processing file /opt/airflow/dags/dag_scraping_daily.py for tasks to queue
[2026-02-01T18:28:18.170+0700] {logging_mixin.py:190} INFO - [2026-02-01T18:28:18.170+0700] {dagbag.py:587} INFO - Filling up the DagBag from /opt/airflow/dags/dag_scraping_daily.py
[2026-02-01T18:28:18.639+0700] {processor.py:925} INFO - DAG(s) 'dag_scraping_daily' retrieved from /opt/airflow/dags/dag_scraping_daily.py
[2026-02-01T18:28:18.663+0700] {logging_mixin.py:190} INFO - [2026-02-01T18:28:18.662+0700] {dag.py:3211} INFO - Sync 1 DAGs
[2026-02-01T18:28:18.687+0700] {logging_mixin.py:190} INFO - [2026-02-01T18:28:18.687+0700] {dag.py:4138} INFO - Setting next_dagrun for dag_scraping_daily to 2026-02-01 05:00:00+00:00, run_after=2026-02-01 17:00:00+00:00
[2026-02-01T18:28:18.709+0700] {processor.py:208} INFO - Processing /opt/airflow/dags/dag_scraping_daily.py took 0.549 seconds
[2026-02-01T18:28:49.562+0700] {processor.py:186} INFO - Started process (PID=512) to work on /opt/airflow/dags/dag_scraping_daily.py
[2026-02-01T18:28:49.563+0700] {processor.py:914} INFO - Processing file /opt/airflow/dags/dag_scraping_daily.py for tasks to queue
[2026-02-01T18:28:49.568+0700] {logging_mixin.py:190} INFO - [2026-02-01T18:28:49.567+0700] {dagbag.py:587} INFO - Filling up the DagBag from /opt/airflow/dags/dag_scraping_daily.py
[2026-02-01T18:28:50.000+0700] {processor.py:925} INFO - DAG(s) 'dag_scraping_daily' retrieved from /opt/airflow/dags/dag_scraping_daily.py
[2026-02-01T18:28:50.026+0700] {logging_mixin.py:190} INFO - [2026-02-01T18:28:50.026+0700] {dag.py:3211} INFO - Sync 1 DAGs
[2026-02-01T18:28:50.051+0700] {logging_mixin.py:190} INFO - [2026-02-01T18:28:50.051+0700] {dag.py:4138} INFO - Setting next_dagrun for dag_scraping_daily to 2026-02-01 05:00:00+00:00, run_after=2026-02-01 17:00:00+00:00
[2026-02-01T18:28:50.078+0700] {processor.py:208} INFO - Processing /opt/airflow/dags/dag_scraping_daily.py took 0.523 seconds
[2026-02-01T18:29:20.483+0700] {processor.py:186} INFO - Started process (PID=518) to work on /opt/airflow/dags/dag_scraping_daily.py
[2026-02-01T18:29:20.485+0700] {processor.py:914} INFO - Processing file /opt/airflow/dags/dag_scraping_daily.py for tasks to queue
[2026-02-01T18:29:20.488+0700] {logging_mixin.py:190} INFO - [2026-02-01T18:29:20.487+0700] {dagbag.py:587} INFO - Filling up the DagBag from /opt/airflow/dags/dag_scraping_daily.py
[2026-02-01T18:29:20.930+0700] {processor.py:925} INFO - DAG(s) 'dag_scraping_daily' retrieved from /opt/airflow/dags/dag_scraping_daily.py
[2026-02-01T18:29:20.962+0700] {logging_mixin.py:190} INFO - [2026-02-01T18:29:20.962+0700] {dag.py:3211} INFO - Sync 1 DAGs
[2026-02-01T18:29:20.992+0700] {logging_mixin.py:190} INFO - [2026-02-01T18:29:20.992+0700] {dag.py:4138} INFO - Setting next_dagrun for dag_scraping_daily to 2026-02-01 05:00:00+00:00, run_after=2026-02-01 17:00:00+00:00
[2026-02-01T18:29:21.015+0700] {processor.py:208} INFO - Processing /opt/airflow/dags/dag_scraping_daily.py took 0.540 seconds
[2026-02-01T18:29:51.820+0700] {processor.py:186} INFO - Started process (PID=524) to work on /opt/airflow/dags/dag_scraping_daily.py
[2026-02-01T18:29:51.822+0700] {processor.py:914} INFO - Processing file /opt/airflow/dags/dag_scraping_daily.py for tasks to queue
[2026-02-01T18:29:51.827+0700] {logging_mixin.py:190} INFO - [2026-02-01T18:29:51.826+0700] {dagbag.py:587} INFO - Filling up the DagBag from /opt/airflow/dags/dag_scraping_daily.py
[2026-02-01T18:29:52.658+0700] {processor.py:925} INFO - DAG(s) 'dag_scraping_daily' retrieved from /opt/airflow/dags/dag_scraping_daily.py
[2026-02-01T18:29:52.707+0700] {logging_mixin.py:190} INFO - [2026-02-01T18:29:52.707+0700] {dag.py:3211} INFO - Sync 1 DAGs
[2026-02-01T18:29:52.738+0700] {logging_mixin.py:190} INFO - [2026-02-01T18:29:52.738+0700] {dag.py:4138} INFO - Setting next_dagrun for dag_scraping_daily to 2026-02-01 05:00:00+00:00, run_after=2026-02-01 17:00:00+00:00
[2026-02-01T18:29:52.761+0700] {processor.py:208} INFO - Processing /opt/airflow/dags/dag_scraping_daily.py took 0.954 seconds
[2026-02-01T18:30:23.473+0700] {processor.py:186} INFO - Started process (PID=530) to work on /opt/airflow/dags/dag_scraping_daily.py
[2026-02-01T18:30:23.474+0700] {processor.py:914} INFO - Processing file /opt/airflow/dags/dag_scraping_daily.py for tasks to queue
[2026-02-01T18:30:23.477+0700] {logging_mixin.py:190} INFO - [2026-02-01T18:30:23.476+0700] {dagbag.py:587} INFO - Filling up the DagBag from /opt/airflow/dags/dag_scraping_daily.py
[2026-02-01T18:30:23.910+0700] {processor.py:925} INFO - DAG(s) 'dag_scraping_daily' retrieved from /opt/airflow/dags/dag_scraping_daily.py
[2026-02-01T18:30:23.940+0700] {logging_mixin.py:190} INFO - [2026-02-01T18:30:23.939+0700] {dag.py:3211} INFO - Sync 1 DAGs
[2026-02-01T18:30:23.964+0700] {logging_mixin.py:190} INFO - [2026-02-01T18:30:23.964+0700] {dag.py:4138} INFO - Setting next_dagrun for dag_scraping_daily to 2026-02-01 05:00:00+00:00, run_after=2026-02-01 17:00:00+00:00
[2026-02-01T18:30:23.991+0700] {processor.py:208} INFO - Processing /opt/airflow/dags/dag_scraping_daily.py took 0.523 seconds
[2026-02-01T18:30:54.610+0700] {processor.py:186} INFO - Started process (PID=536) to work on /opt/airflow/dags/dag_scraping_daily.py
[2026-02-01T18:30:54.614+0700] {processor.py:914} INFO - Processing file /opt/airflow/dags/dag_scraping_daily.py for tasks to queue
[2026-02-01T18:30:54.620+0700] {logging_mixin.py:190} INFO - [2026-02-01T18:30:54.619+0700] {dagbag.py:587} INFO - Filling up the DagBag from /opt/airflow/dags/dag_scraping_daily.py
[2026-02-01T18:30:55.538+0700] {processor.py:925} INFO - DAG(s) 'dag_scraping_daily' retrieved from /opt/airflow/dags/dag_scraping_daily.py
[2026-02-01T18:30:55.637+0700] {logging_mixin.py:190} INFO - [2026-02-01T18:30:55.636+0700] {dag.py:3211} INFO - Sync 1 DAGs
[2026-02-01T18:30:55.739+0700] {logging_mixin.py:190} INFO - [2026-02-01T18:30:55.737+0700] {dag.py:4138} INFO - Setting next_dagrun for dag_scraping_daily to 2026-02-01 05:00:00+00:00, run_after=2026-02-01 17:00:00+00:00
[2026-02-01T18:30:55.807+0700] {processor.py:208} INFO - Processing /opt/airflow/dags/dag_scraping_daily.py took 1.212 seconds
[2026-02-01T18:31:27.000+0700] {processor.py:186} INFO - Started process (PID=167) to work on /opt/airflow/dags/dag_scraping_daily.py
[2026-02-01T18:31:27.001+0700] {processor.py:914} INFO - Processing file /opt/airflow/dags/dag_scraping_daily.py for tasks to queue
[2026-02-01T18:31:27.004+0700] {logging_mixin.py:190} INFO - [2026-02-01T18:31:27.003+0700] {dagbag.py:587} INFO - Filling up the DagBag from /opt/airflow/dags/dag_scraping_daily.py
[2026-02-01T18:31:29.077+0700] {processor.py:925} INFO - DAG(s) 'dag_scraping_daily' retrieved from /opt/airflow/dags/dag_scraping_daily.py
[2026-02-01T18:31:29.141+0700] {logging_mixin.py:190} INFO - [2026-02-01T18:31:29.141+0700] {dag.py:3211} INFO - Sync 1 DAGs
[2026-02-01T18:31:29.178+0700] {logging_mixin.py:190} INFO - [2026-02-01T18:31:29.177+0700] {dag.py:4138} INFO - Setting next_dagrun for dag_scraping_daily to 2026-02-01 05:00:00+00:00, run_after=2026-02-01 17:00:00+00:00
[2026-02-01T18:31:29.206+0700] {processor.py:208} INFO - Processing /opt/airflow/dags/dag_scraping_daily.py took 2.214 seconds
[2026-02-01T18:31:59.382+0700] {processor.py:186} INFO - Started process (PID=177) to work on /opt/airflow/dags/dag_scraping_daily.py
[2026-02-01T18:31:59.385+0700] {processor.py:914} INFO - Processing file /opt/airflow/dags/dag_scraping_daily.py for tasks to queue
[2026-02-01T18:31:59.395+0700] {logging_mixin.py:190} INFO - [2026-02-01T18:31:59.394+0700] {dagbag.py:587} INFO - Filling up the DagBag from /opt/airflow/dags/dag_scraping_daily.py
[2026-02-01T18:32:00.590+0700] {processor.py:925} INFO - DAG(s) 'dag_scraping_daily' retrieved from /opt/airflow/dags/dag_scraping_daily.py
[2026-02-01T18:32:00.615+0700] {logging_mixin.py:190} INFO - [2026-02-01T18:32:00.615+0700] {dag.py:3211} INFO - Sync 1 DAGs
[2026-02-01T18:32:00.642+0700] {logging_mixin.py:190} INFO - [2026-02-01T18:32:00.641+0700] {dag.py:4138} INFO - Setting next_dagrun for dag_scraping_daily to 2026-02-01 05:00:00+00:00, run_after=2026-02-01 17:00:00+00:00
[2026-02-01T18:32:00.706+0700] {processor.py:208} INFO - Processing /opt/airflow/dags/dag_scraping_daily.py took 1.333 seconds
[2026-02-01T18:32:31.200+0700] {processor.py:186} INFO - Started process (PID=190) to work on /opt/airflow/dags/dag_scraping_daily.py
[2026-02-01T18:32:31.201+0700] {processor.py:914} INFO - Processing file /opt/airflow/dags/dag_scraping_daily.py for tasks to queue
[2026-02-01T18:32:31.204+0700] {logging_mixin.py:190} INFO - [2026-02-01T18:32:31.204+0700] {dagbag.py:587} INFO - Filling up the DagBag from /opt/airflow/dags/dag_scraping_daily.py
[2026-02-01T18:32:31.785+0700] {processor.py:925} INFO - DAG(s) 'dag_scraping_daily' retrieved from /opt/airflow/dags/dag_scraping_daily.py
[2026-02-01T18:32:31.803+0700] {logging_mixin.py:190} INFO - [2026-02-01T18:32:31.803+0700] {dag.py:3211} INFO - Sync 1 DAGs
[2026-02-01T18:32:31.823+0700] {logging_mixin.py:190} INFO - [2026-02-01T18:32:31.823+0700] {dag.py:4138} INFO - Setting next_dagrun for dag_scraping_daily to 2026-02-01 05:00:00+00:00, run_after=2026-02-01 17:00:00+00:00
[2026-02-01T18:32:31.845+0700] {processor.py:208} INFO - Processing /opt/airflow/dags/dag_scraping_daily.py took 0.651 seconds
[2026-02-01T18:33:02.174+0700] {processor.py:186} INFO - Started process (PID=203) to work on /opt/airflow/dags/dag_scraping_daily.py
[2026-02-01T18:33:02.176+0700] {processor.py:914} INFO - Processing file /opt/airflow/dags/dag_scraping_daily.py for tasks to queue
[2026-02-01T18:33:02.179+0700] {logging_mixin.py:190} INFO - [2026-02-01T18:33:02.179+0700] {dagbag.py:587} INFO - Filling up the DagBag from /opt/airflow/dags/dag_scraping_daily.py
[2026-02-01T18:33:02.783+0700] {processor.py:925} INFO - DAG(s) 'dag_scraping_daily' retrieved from /opt/airflow/dags/dag_scraping_daily.py
[2026-02-01T18:33:02.803+0700] {logging_mixin.py:190} INFO - [2026-02-01T18:33:02.803+0700] {dag.py:3211} INFO - Sync 1 DAGs
[2026-02-01T18:33:02.823+0700] {logging_mixin.py:190} INFO - [2026-02-01T18:33:02.823+0700] {dag.py:4138} INFO - Setting next_dagrun for dag_scraping_daily to 2026-02-01 05:00:00+00:00, run_after=2026-02-01 17:00:00+00:00
[2026-02-01T18:33:02.846+0700] {processor.py:208} INFO - Processing /opt/airflow/dags/dag_scraping_daily.py took 0.680 seconds
[2026-02-01T18:33:33.071+0700] {processor.py:186} INFO - Started process (PID=216) to work on /opt/airflow/dags/dag_scraping_daily.py
[2026-02-01T18:33:33.073+0700] {processor.py:914} INFO - Processing file /opt/airflow/dags/dag_scraping_daily.py for tasks to queue
[2026-02-01T18:33:33.075+0700] {logging_mixin.py:190} INFO - [2026-02-01T18:33:33.075+0700] {dagbag.py:587} INFO - Filling up the DagBag from /opt/airflow/dags/dag_scraping_daily.py
[2026-02-01T18:33:33.614+0700] {processor.py:925} INFO - DAG(s) 'dag_scraping_daily' retrieved from /opt/airflow/dags/dag_scraping_daily.py
[2026-02-01T18:33:33.632+0700] {logging_mixin.py:190} INFO - [2026-02-01T18:33:33.632+0700] {dag.py:3211} INFO - Sync 1 DAGs
[2026-02-01T18:33:33.651+0700] {logging_mixin.py:190} INFO - [2026-02-01T18:33:33.650+0700] {dag.py:4138} INFO - Setting next_dagrun for dag_scraping_daily to 2026-02-01 05:00:00+00:00, run_after=2026-02-01 17:00:00+00:00
[2026-02-01T18:33:33.672+0700] {processor.py:208} INFO - Processing /opt/airflow/dags/dag_scraping_daily.py took 0.606 seconds
[2026-02-01T18:34:04.220+0700] {processor.py:186} INFO - Started process (PID=229) to work on /opt/airflow/dags/dag_scraping_daily.py
[2026-02-01T18:34:04.222+0700] {processor.py:914} INFO - Processing file /opt/airflow/dags/dag_scraping_daily.py for tasks to queue
[2026-02-01T18:34:04.224+0700] {logging_mixin.py:190} INFO - [2026-02-01T18:34:04.224+0700] {dagbag.py:587} INFO - Filling up the DagBag from /opt/airflow/dags/dag_scraping_daily.py
[2026-02-01T18:34:04.817+0700] {processor.py:925} INFO - DAG(s) 'dag_scraping_daily' retrieved from /opt/airflow/dags/dag_scraping_daily.py
[2026-02-01T18:34:04.845+0700] {logging_mixin.py:190} INFO - [2026-02-01T18:34:04.845+0700] {dag.py:3211} INFO - Sync 1 DAGs
[2026-02-01T18:34:04.874+0700] {logging_mixin.py:190} INFO - [2026-02-01T18:34:04.873+0700] {dag.py:4138} INFO - Setting next_dagrun for dag_scraping_daily to 2026-02-01 05:00:00+00:00, run_after=2026-02-01 17:00:00+00:00
[2026-02-01T18:34:04.898+0700] {processor.py:208} INFO - Processing /opt/airflow/dags/dag_scraping_daily.py took 0.685 seconds
[2026-02-01T18:34:35.214+0700] {processor.py:186} INFO - Started process (PID=242) to work on /opt/airflow/dags/dag_scraping_daily.py
[2026-02-01T18:34:35.216+0700] {processor.py:914} INFO - Processing file /opt/airflow/dags/dag_scraping_daily.py for tasks to queue
[2026-02-01T18:34:35.219+0700] {logging_mixin.py:190} INFO - [2026-02-01T18:34:35.218+0700] {dagbag.py:587} INFO - Filling up the DagBag from /opt/airflow/dags/dag_scraping_daily.py
[2026-02-01T18:34:35.765+0700] {processor.py:925} INFO - DAG(s) 'dag_scraping_daily' retrieved from /opt/airflow/dags/dag_scraping_daily.py
[2026-02-01T18:34:35.786+0700] {logging_mixin.py:190} INFO - [2026-02-01T18:34:35.786+0700] {dag.py:3211} INFO - Sync 1 DAGs
[2026-02-01T18:34:35.805+0700] {logging_mixin.py:190} INFO - [2026-02-01T18:34:35.805+0700] {dag.py:4138} INFO - Setting next_dagrun for dag_scraping_daily to 2026-02-01 05:00:00+00:00, run_after=2026-02-01 17:00:00+00:00
[2026-02-01T18:34:35.825+0700] {processor.py:208} INFO - Processing /opt/airflow/dags/dag_scraping_daily.py took 0.619 seconds
[2026-02-01T18:35:06.155+0700] {processor.py:186} INFO - Started process (PID=255) to work on /opt/airflow/dags/dag_scraping_daily.py
[2026-02-01T18:35:06.156+0700] {processor.py:914} INFO - Processing file /opt/airflow/dags/dag_scraping_daily.py for tasks to queue
[2026-02-01T18:35:06.159+0700] {logging_mixin.py:190} INFO - [2026-02-01T18:35:06.159+0700] {dagbag.py:587} INFO - Filling up the DagBag from /opt/airflow/dags/dag_scraping_daily.py
[2026-02-01T18:35:06.732+0700] {processor.py:925} INFO - DAG(s) 'dag_scraping_daily' retrieved from /opt/airflow/dags/dag_scraping_daily.py
[2026-02-01T18:35:06.753+0700] {logging_mixin.py:190} INFO - [2026-02-01T18:35:06.753+0700] {dag.py:3211} INFO - Sync 1 DAGs
[2026-02-01T18:35:06.774+0700] {logging_mixin.py:190} INFO - [2026-02-01T18:35:06.774+0700] {dag.py:4138} INFO - Setting next_dagrun for dag_scraping_daily to 2026-02-01 05:00:00+00:00, run_after=2026-02-01 17:00:00+00:00
[2026-02-01T18:35:06.796+0700] {processor.py:208} INFO - Processing /opt/airflow/dags/dag_scraping_daily.py took 0.647 seconds
[2026-02-01T18:35:37.215+0700] {processor.py:186} INFO - Started process (PID=280) to work on /opt/airflow/dags/dag_scraping_daily.py
[2026-02-01T18:35:37.217+0700] {processor.py:914} INFO - Processing file /opt/airflow/dags/dag_scraping_daily.py for tasks to queue
[2026-02-01T18:35:37.221+0700] {logging_mixin.py:190} INFO - [2026-02-01T18:35:37.221+0700] {dagbag.py:587} INFO - Filling up the DagBag from /opt/airflow/dags/dag_scraping_daily.py
[2026-02-01T18:35:38.134+0700] {processor.py:925} INFO - DAG(s) 'dag_scraping_daily' retrieved from /opt/airflow/dags/dag_scraping_daily.py
[2026-02-01T18:35:38.157+0700] {logging_mixin.py:190} INFO - [2026-02-01T18:35:38.157+0700] {dag.py:3211} INFO - Sync 1 DAGs
[2026-02-01T18:35:38.196+0700] {logging_mixin.py:190} INFO - [2026-02-01T18:35:38.195+0700] {dag.py:4138} INFO - Setting next_dagrun for dag_scraping_daily to 2026-02-01 05:00:00+00:00, run_after=2026-02-01 17:00:00+00:00
[2026-02-01T18:35:38.222+0700] {processor.py:208} INFO - Processing /opt/airflow/dags/dag_scraping_daily.py took 1.015 seconds
[2026-02-01T18:36:08.767+0700] {processor.py:186} INFO - Started process (PID=293) to work on /opt/airflow/dags/dag_scraping_daily.py
[2026-02-01T18:36:08.769+0700] {processor.py:914} INFO - Processing file /opt/airflow/dags/dag_scraping_daily.py for tasks to queue
[2026-02-01T18:36:08.772+0700] {logging_mixin.py:190} INFO - [2026-02-01T18:36:08.772+0700] {dagbag.py:587} INFO - Filling up the DagBag from /opt/airflow/dags/dag_scraping_daily.py
[2026-02-01T18:36:09.523+0700] {processor.py:925} INFO - DAG(s) 'dag_scraping_daily' retrieved from /opt/airflow/dags/dag_scraping_daily.py
[2026-02-01T18:36:09.562+0700] {logging_mixin.py:190} INFO - [2026-02-01T18:36:09.561+0700] {dag.py:3211} INFO - Sync 1 DAGs
[2026-02-01T18:36:09.606+0700] {logging_mixin.py:190} INFO - [2026-02-01T18:36:09.606+0700] {dag.py:4138} INFO - Setting next_dagrun for dag_scraping_daily to 2026-02-01 05:00:00+00:00, run_after=2026-02-01 17:00:00+00:00
[2026-02-01T18:36:09.640+0700] {processor.py:208} INFO - Processing /opt/airflow/dags/dag_scraping_daily.py took 0.881 seconds
[2026-02-01T18:36:39.774+0700] {processor.py:186} INFO - Started process (PID=306) to work on /opt/airflow/dags/dag_scraping_daily.py
[2026-02-01T18:36:39.776+0700] {processor.py:914} INFO - Processing file /opt/airflow/dags/dag_scraping_daily.py for tasks to queue
[2026-02-01T18:36:39.779+0700] {logging_mixin.py:190} INFO - [2026-02-01T18:36:39.779+0700] {dagbag.py:587} INFO - Filling up the DagBag from /opt/airflow/dags/dag_scraping_daily.py
[2026-02-01T18:36:38.611+0700] {processor.py:925} INFO - DAG(s) 'dag_scraping_daily' retrieved from /opt/airflow/dags/dag_scraping_daily.py
[2026-02-01T18:36:38.637+0700] {logging_mixin.py:190} INFO - [2026-02-01T18:36:38.637+0700] {dag.py:3211} INFO - Sync 1 DAGs
[2026-02-01T18:36:38.666+0700] {logging_mixin.py:190} INFO - [2026-02-01T18:36:38.666+0700] {dag.py:4138} INFO - Setting next_dagrun for dag_scraping_daily to 2026-02-01 05:00:00+00:00, run_after=2026-02-01 17:00:00+00:00
[2026-02-01T18:36:38.691+0700] {processor.py:208} INFO - Processing /opt/airflow/dags/dag_scraping_daily.py took 0.730 seconds
[2026-02-01T18:37:09.442+0700] {processor.py:186} INFO - Started process (PID=319) to work on /opt/airflow/dags/dag_scraping_daily.py
[2026-02-01T18:37:09.443+0700] {processor.py:914} INFO - Processing file /opt/airflow/dags/dag_scraping_daily.py for tasks to queue
[2026-02-01T18:37:09.447+0700] {logging_mixin.py:190} INFO - [2026-02-01T18:37:09.446+0700] {dagbag.py:587} INFO - Filling up the DagBag from /opt/airflow/dags/dag_scraping_daily.py
[2026-02-01T18:37:10.255+0700] {processor.py:925} INFO - DAG(s) 'dag_scraping_daily' retrieved from /opt/airflow/dags/dag_scraping_daily.py
[2026-02-01T18:37:10.286+0700] {logging_mixin.py:190} INFO - [2026-02-01T18:37:10.286+0700] {dag.py:3211} INFO - Sync 1 DAGs
[2026-02-01T18:37:10.316+0700] {logging_mixin.py:190} INFO - [2026-02-01T18:37:10.316+0700] {dag.py:4138} INFO - Setting next_dagrun for dag_scraping_daily to 2026-02-01 05:00:00+00:00, run_after=2026-02-01 17:00:00+00:00
[2026-02-01T18:37:10.344+0700] {processor.py:208} INFO - Processing /opt/airflow/dags/dag_scraping_daily.py took 0.909 seconds
[2026-02-01T18:37:41.152+0700] {processor.py:186} INFO - Started process (PID=332) to work on /opt/airflow/dags/dag_scraping_daily.py
[2026-02-01T18:37:41.154+0700] {processor.py:914} INFO - Processing file /opt/airflow/dags/dag_scraping_daily.py for tasks to queue
[2026-02-01T18:37:41.157+0700] {logging_mixin.py:190} INFO - [2026-02-01T18:37:41.157+0700] {dagbag.py:587} INFO - Filling up the DagBag from /opt/airflow/dags/dag_scraping_daily.py
[2026-02-01T18:37:42.126+0700] {processor.py:925} INFO - DAG(s) 'dag_scraping_daily' retrieved from /opt/airflow/dags/dag_scraping_daily.py
[2026-02-01T18:37:42.156+0700] {logging_mixin.py:190} INFO - [2026-02-01T18:37:42.156+0700] {dag.py:3211} INFO - Sync 1 DAGs
[2026-02-01T18:37:42.184+0700] {logging_mixin.py:190} INFO - [2026-02-01T18:37:42.183+0700] {dag.py:4138} INFO - Setting next_dagrun for dag_scraping_daily to 2026-02-01 05:00:00+00:00, run_after=2026-02-01 17:00:00+00:00
[2026-02-01T18:37:42.215+0700] {processor.py:208} INFO - Processing /opt/airflow/dags/dag_scraping_daily.py took 1.071 seconds
[2026-02-01T18:38:12.673+0700] {processor.py:186} INFO - Started process (PID=345) to work on /opt/airflow/dags/dag_scraping_daily.py
[2026-02-01T18:38:12.674+0700] {processor.py:914} INFO - Processing file /opt/airflow/dags/dag_scraping_daily.py for tasks to queue
[2026-02-01T18:38:12.677+0700] {logging_mixin.py:190} INFO - [2026-02-01T18:38:12.677+0700] {dagbag.py:587} INFO - Filling up the DagBag from /opt/airflow/dags/dag_scraping_daily.py
[2026-02-01T18:38:13.345+0700] {processor.py:925} INFO - DAG(s) 'dag_scraping_daily' retrieved from /opt/airflow/dags/dag_scraping_daily.py
[2026-02-01T18:38:13.367+0700] {logging_mixin.py:190} INFO - [2026-02-01T18:38:13.367+0700] {dag.py:3211} INFO - Sync 1 DAGs
[2026-02-01T18:38:13.387+0700] {logging_mixin.py:190} INFO - [2026-02-01T18:38:13.387+0700] {dag.py:4138} INFO - Setting next_dagrun for dag_scraping_daily to 2026-02-01 05:00:00+00:00, run_after=2026-02-01 17:00:00+00:00
[2026-02-01T18:38:13.410+0700] {processor.py:208} INFO - Processing /opt/airflow/dags/dag_scraping_daily.py took 0.744 seconds
[2026-02-01T18:38:43.503+0700] {processor.py:186} INFO - Started process (PID=358) to work on /opt/airflow/dags/dag_scraping_daily.py
[2026-02-01T18:38:43.504+0700] {processor.py:914} INFO - Processing file /opt/airflow/dags/dag_scraping_daily.py for tasks to queue
[2026-02-01T18:38:43.508+0700] {logging_mixin.py:190} INFO - [2026-02-01T18:38:43.508+0700] {dagbag.py:587} INFO - Filling up the DagBag from /opt/airflow/dags/dag_scraping_daily.py
[2026-02-01T18:38:44.148+0700] {processor.py:925} INFO - DAG(s) 'dag_scraping_daily' retrieved from /opt/airflow/dags/dag_scraping_daily.py
[2026-02-01T18:38:44.173+0700] {logging_mixin.py:190} INFO - [2026-02-01T18:38:44.173+0700] {dag.py:3211} INFO - Sync 1 DAGs
[2026-02-01T18:38:44.195+0700] {logging_mixin.py:190} INFO - [2026-02-01T18:38:44.195+0700] {dag.py:4138} INFO - Setting next_dagrun for dag_scraping_daily to 2026-02-01 05:00:00+00:00, run_after=2026-02-01 17:00:00+00:00
[2026-02-01T18:38:44.219+0700] {processor.py:208} INFO - Processing /opt/airflow/dags/dag_scraping_daily.py took 0.724 seconds
[2026-02-01T18:39:14.784+0700] {processor.py:186} INFO - Started process (PID=371) to work on /opt/airflow/dags/dag_scraping_daily.py
[2026-02-01T18:39:14.786+0700] {processor.py:914} INFO - Processing file /opt/airflow/dags/dag_scraping_daily.py for tasks to queue
[2026-02-01T18:39:14.789+0700] {logging_mixin.py:190} INFO - [2026-02-01T18:39:14.789+0700] {dagbag.py:587} INFO - Filling up the DagBag from /opt/airflow/dags/dag_scraping_daily.py
[2026-02-01T18:39:15.406+0700] {processor.py:925} INFO - DAG(s) 'dag_scraping_daily' retrieved from /opt/airflow/dags/dag_scraping_daily.py
[2026-02-01T18:39:15.425+0700] {logging_mixin.py:190} INFO - [2026-02-01T18:39:15.425+0700] {dag.py:3211} INFO - Sync 1 DAGs
[2026-02-01T18:39:15.444+0700] {logging_mixin.py:190} INFO - [2026-02-01T18:39:15.444+0700] {dag.py:4138} INFO - Setting next_dagrun for dag_scraping_daily to 2026-02-01 05:00:00+00:00, run_after=2026-02-01 17:00:00+00:00
[2026-02-01T18:39:15.465+0700] {processor.py:208} INFO - Processing /opt/airflow/dags/dag_scraping_daily.py took 0.697 seconds
[2026-02-01T18:39:45.667+0700] {processor.py:186} INFO - Started process (PID=389) to work on /opt/airflow/dags/dag_scraping_daily.py
[2026-02-01T18:39:45.668+0700] {processor.py:914} INFO - Processing file /opt/airflow/dags/dag_scraping_daily.py for tasks to queue
[2026-02-01T18:39:45.676+0700] {logging_mixin.py:190} INFO - [2026-02-01T18:39:45.676+0700] {dagbag.py:587} INFO - Filling up the DagBag from /opt/airflow/dags/dag_scraping_daily.py
[2026-02-01T18:39:46.322+0700] {processor.py:925} INFO - DAG(s) 'dag_scraping_daily' retrieved from /opt/airflow/dags/dag_scraping_daily.py
[2026-02-01T18:39:46.342+0700] {logging_mixin.py:190} INFO - [2026-02-01T18:39:46.342+0700] {dag.py:3211} INFO - Sync 1 DAGs
[2026-02-01T18:39:46.363+0700] {logging_mixin.py:190} INFO - [2026-02-01T18:39:46.363+0700] {dag.py:4138} INFO - Setting next_dagrun for dag_scraping_daily to 2026-02-01 05:00:00+00:00, run_after=2026-02-01 17:00:00+00:00
[2026-02-01T18:39:46.387+0700] {processor.py:208} INFO - Processing /opt/airflow/dags/dag_scraping_daily.py took 0.727 seconds
[2026-02-01T18:40:16.633+0700] {processor.py:186} INFO - Started process (PID=402) to work on /opt/airflow/dags/dag_scraping_daily.py
[2026-02-01T18:40:16.634+0700] {processor.py:914} INFO - Processing file /opt/airflow/dags/dag_scraping_daily.py for tasks to queue
[2026-02-01T18:40:16.637+0700] {logging_mixin.py:190} INFO - [2026-02-01T18:40:16.637+0700] {dagbag.py:587} INFO - Filling up the DagBag from /opt/airflow/dags/dag_scraping_daily.py
[2026-02-01T18:40:17.286+0700] {processor.py:925} INFO - DAG(s) 'dag_scraping_daily' retrieved from /opt/airflow/dags/dag_scraping_daily.py
[2026-02-01T18:40:17.308+0700] {logging_mixin.py:190} INFO - [2026-02-01T18:40:17.308+0700] {dag.py:3211} INFO - Sync 1 DAGs
[2026-02-01T18:40:17.330+0700] {logging_mixin.py:190} INFO - [2026-02-01T18:40:17.329+0700] {dag.py:4138} INFO - Setting next_dagrun for dag_scraping_daily to 2026-02-01 05:00:00+00:00, run_after=2026-02-01 17:00:00+00:00
[2026-02-01T18:40:17.355+0700] {processor.py:208} INFO - Processing /opt/airflow/dags/dag_scraping_daily.py took 0.728 seconds
[2026-02-01T18:40:47.642+0700] {processor.py:186} INFO - Started process (PID=427) to work on /opt/airflow/dags/dag_scraping_daily.py
[2026-02-01T18:40:47.643+0700] {processor.py:914} INFO - Processing file /opt/airflow/dags/dag_scraping_daily.py for tasks to queue
[2026-02-01T18:40:47.646+0700] {logging_mixin.py:190} INFO - [2026-02-01T18:40:47.645+0700] {dagbag.py:587} INFO - Filling up the DagBag from /opt/airflow/dags/dag_scraping_daily.py
[2026-02-01T18:40:48.324+0700] {processor.py:925} INFO - DAG(s) 'dag_scraping_daily' retrieved from /opt/airflow/dags/dag_scraping_daily.py
[2026-02-01T18:40:48.344+0700] {logging_mixin.py:190} INFO - [2026-02-01T18:40:48.344+0700] {dag.py:3211} INFO - Sync 1 DAGs
[2026-02-01T18:40:48.382+0700] {logging_mixin.py:190} INFO - [2026-02-01T18:40:48.382+0700] {dag.py:4138} INFO - Setting next_dagrun for dag_scraping_daily to 2026-02-01 05:00:00+00:00, run_after=2026-02-01 17:00:00+00:00
[2026-02-01T18:40:48.406+0700] {processor.py:208} INFO - Processing /opt/airflow/dags/dag_scraping_daily.py took 0.771 seconds
[2026-02-01T18:41:19.095+0700] {processor.py:186} INFO - Started process (PID=440) to work on /opt/airflow/dags/dag_scraping_daily.py
[2026-02-01T18:41:19.096+0700] {processor.py:914} INFO - Processing file /opt/airflow/dags/dag_scraping_daily.py for tasks to queue
[2026-02-01T18:41:19.100+0700] {logging_mixin.py:190} INFO - [2026-02-01T18:41:19.100+0700] {dagbag.py:587} INFO - Filling up the DagBag from /opt/airflow/dags/dag_scraping_daily.py
[2026-02-01T18:41:19.786+0700] {processor.py:925} INFO - DAG(s) 'dag_scraping_daily' retrieved from /opt/airflow/dags/dag_scraping_daily.py
[2026-02-01T18:41:19.806+0700] {logging_mixin.py:190} INFO - [2026-02-01T18:41:19.805+0700] {dag.py:3211} INFO - Sync 1 DAGs
[2026-02-01T18:41:19.826+0700] {logging_mixin.py:190} INFO - [2026-02-01T18:41:19.825+0700] {dag.py:4138} INFO - Setting next_dagrun for dag_scraping_daily to 2026-02-01 05:00:00+00:00, run_after=2026-02-01 17:00:00+00:00
[2026-02-01T18:41:19.847+0700] {processor.py:208} INFO - Processing /opt/airflow/dags/dag_scraping_daily.py took 0.760 seconds
[2026-02-01T18:41:50.013+0700] {processor.py:186} INFO - Started process (PID=453) to work on /opt/airflow/dags/dag_scraping_daily.py
[2026-02-01T18:41:50.015+0700] {processor.py:914} INFO - Processing file /opt/airflow/dags/dag_scraping_daily.py for tasks to queue
[2026-02-01T18:41:50.018+0700] {logging_mixin.py:190} INFO - [2026-02-01T18:41:50.018+0700] {dagbag.py:587} INFO - Filling up the DagBag from /opt/airflow/dags/dag_scraping_daily.py
[2026-02-01T18:41:49.323+0700] {processor.py:925} INFO - DAG(s) 'dag_scraping_daily' retrieved from /opt/airflow/dags/dag_scraping_daily.py
[2026-02-01T18:41:49.351+0700] {logging_mixin.py:190} INFO - [2026-02-01T18:41:49.350+0700] {dag.py:3211} INFO - Sync 1 DAGs
[2026-02-01T18:41:49.376+0700] {logging_mixin.py:190} INFO - [2026-02-01T18:41:49.376+0700] {dag.py:4138} INFO - Setting next_dagrun for dag_scraping_daily to 2026-02-01 05:00:00+00:00, run_after=2026-02-01 17:00:00+00:00
[2026-02-01T18:41:49.399+0700] {processor.py:208} INFO - Processing /opt/airflow/dags/dag_scraping_daily.py took 1.216 seconds
[2026-02-01T18:42:19.839+0700] {processor.py:186} INFO - Started process (PID=466) to work on /opt/airflow/dags/dag_scraping_daily.py
[2026-02-01T18:42:19.840+0700] {processor.py:914} INFO - Processing file /opt/airflow/dags/dag_scraping_daily.py for tasks to queue
[2026-02-01T18:42:19.846+0700] {logging_mixin.py:190} INFO - [2026-02-01T18:42:19.845+0700] {dagbag.py:587} INFO - Filling up the DagBag from /opt/airflow/dags/dag_scraping_daily.py
[2026-02-01T18:42:20.601+0700] {processor.py:925} INFO - DAG(s) 'dag_scraping_daily' retrieved from /opt/airflow/dags/dag_scraping_daily.py
[2026-02-01T18:42:20.630+0700] {logging_mixin.py:190} INFO - [2026-02-01T18:42:20.630+0700] {dag.py:3211} INFO - Sync 1 DAGs
[2026-02-01T18:42:20.657+0700] {logging_mixin.py:190} INFO - [2026-02-01T18:42:20.657+0700] {dag.py:4138} INFO - Setting next_dagrun for dag_scraping_daily to 2026-02-01 05:00:00+00:00, run_after=2026-02-01 17:00:00+00:00
[2026-02-01T18:42:20.683+0700] {processor.py:208} INFO - Processing /opt/airflow/dags/dag_scraping_daily.py took 0.854 seconds
[2026-02-01T18:42:51.299+0700] {processor.py:186} INFO - Started process (PID=479) to work on /opt/airflow/dags/dag_scraping_daily.py
[2026-02-01T18:42:51.300+0700] {processor.py:914} INFO - Processing file /opt/airflow/dags/dag_scraping_daily.py for tasks to queue
[2026-02-01T18:42:51.305+0700] {logging_mixin.py:190} INFO - [2026-02-01T18:42:51.304+0700] {dagbag.py:587} INFO - Filling up the DagBag from /opt/airflow/dags/dag_scraping_daily.py
[2026-02-01T18:42:52.040+0700] {processor.py:925} INFO - DAG(s) 'dag_scraping_daily' retrieved from /opt/airflow/dags/dag_scraping_daily.py
[2026-02-01T18:42:52.072+0700] {logging_mixin.py:190} INFO - [2026-02-01T18:42:52.071+0700] {dag.py:3211} INFO - Sync 1 DAGs
[2026-02-01T18:42:52.108+0700] {logging_mixin.py:190} INFO - [2026-02-01T18:42:52.107+0700] {dag.py:4138} INFO - Setting next_dagrun for dag_scraping_daily to 2026-02-01 05:00:00+00:00, run_after=2026-02-01 17:00:00+00:00
[2026-02-01T18:42:52.144+0700] {processor.py:208} INFO - Processing /opt/airflow/dags/dag_scraping_daily.py took 0.856 seconds
[2026-02-01T18:43:22.455+0700] {processor.py:186} INFO - Started process (PID=492) to work on /opt/airflow/dags/dag_scraping_daily.py
[2026-02-01T18:43:22.456+0700] {processor.py:914} INFO - Processing file /opt/airflow/dags/dag_scraping_daily.py for tasks to queue
[2026-02-01T18:43:22.460+0700] {logging_mixin.py:190} INFO - [2026-02-01T18:43:22.460+0700] {dagbag.py:587} INFO - Filling up the DagBag from /opt/airflow/dags/dag_scraping_daily.py
[2026-02-01T18:43:22.907+0700] {processor.py:925} INFO - DAG(s) 'dag_scraping_daily' retrieved from /opt/airflow/dags/dag_scraping_daily.py
[2026-02-01T18:43:22.932+0700] {logging_mixin.py:190} INFO - [2026-02-01T18:43:22.932+0700] {dag.py:3211} INFO - Sync 1 DAGs
[2026-02-01T18:43:22.972+0700] {logging_mixin.py:190} INFO - [2026-02-01T18:43:22.972+0700] {dag.py:4138} INFO - Setting next_dagrun for dag_scraping_daily to 2026-02-01 05:00:00+00:00, run_after=2026-02-01 17:00:00+00:00
[2026-02-01T18:43:23.007+0700] {processor.py:208} INFO - Processing /opt/airflow/dags/dag_scraping_daily.py took 0.560 seconds
[2026-02-01T18:43:53.584+0700] {processor.py:186} INFO - Started process (PID=505) to work on /opt/airflow/dags/dag_scraping_daily.py
[2026-02-01T18:43:53.585+0700] {processor.py:914} INFO - Processing file /opt/airflow/dags/dag_scraping_daily.py for tasks to queue
[2026-02-01T18:43:53.590+0700] {logging_mixin.py:190} INFO - [2026-02-01T18:43:53.590+0700] {dagbag.py:587} INFO - Filling up the DagBag from /opt/airflow/dags/dag_scraping_daily.py
[2026-02-01T18:43:54.192+0700] {processor.py:925} INFO - DAG(s) 'dag_scraping_daily' retrieved from /opt/airflow/dags/dag_scraping_daily.py
[2026-02-01T18:43:54.215+0700] {logging_mixin.py:190} INFO - [2026-02-01T18:43:54.215+0700] {dag.py:3211} INFO - Sync 1 DAGs
[2026-02-01T18:43:54.238+0700] {logging_mixin.py:190} INFO - [2026-02-01T18:43:54.238+0700] {dag.py:4138} INFO - Setting next_dagrun for dag_scraping_daily to 2026-02-01 05:00:00+00:00, run_after=2026-02-01 17:00:00+00:00
[2026-02-01T18:43:54.262+0700] {processor.py:208} INFO - Processing /opt/airflow/dags/dag_scraping_daily.py took 0.685 seconds
[2026-02-01T18:44:24.908+0700] {processor.py:186} INFO - Started process (PID=518) to work on /opt/airflow/dags/dag_scraping_daily.py
[2026-02-01T18:44:24.911+0700] {processor.py:914} INFO - Processing file /opt/airflow/dags/dag_scraping_daily.py for tasks to queue
[2026-02-01T18:44:24.931+0700] {logging_mixin.py:190} INFO - [2026-02-01T18:44:24.929+0700] {dagbag.py:587} INFO - Filling up the DagBag from /opt/airflow/dags/dag_scraping_daily.py
[2026-02-01T18:44:25.923+0700] {processor.py:925} INFO - DAG(s) 'dag_scraping_daily' retrieved from /opt/airflow/dags/dag_scraping_daily.py
[2026-02-01T18:44:26.017+0700] {logging_mixin.py:190} INFO - [2026-02-01T18:44:26.016+0700] {dag.py:3211} INFO - Sync 1 DAGs
[2026-02-01T18:44:26.082+0700] {logging_mixin.py:190} INFO - [2026-02-01T18:44:26.082+0700] {dag.py:4138} INFO - Setting next_dagrun for dag_scraping_daily to 2026-02-01 05:00:00+00:00, run_after=2026-02-01 17:00:00+00:00
[2026-02-01T18:44:26.115+0700] {processor.py:208} INFO - Processing /opt/airflow/dags/dag_scraping_daily.py took 1.253 seconds
[2026-02-01T18:44:56.674+0700] {processor.py:186} INFO - Started process (PID=531) to work on /opt/airflow/dags/dag_scraping_daily.py
[2026-02-01T18:44:56.676+0700] {processor.py:914} INFO - Processing file /opt/airflow/dags/dag_scraping_daily.py for tasks to queue
[2026-02-01T18:44:56.678+0700] {logging_mixin.py:190} INFO - [2026-02-01T18:44:56.678+0700] {dagbag.py:587} INFO - Filling up the DagBag from /opt/airflow/dags/dag_scraping_daily.py
[2026-02-01T18:44:57.260+0700] {processor.py:925} INFO - DAG(s) 'dag_scraping_daily' retrieved from /opt/airflow/dags/dag_scraping_daily.py
[2026-02-01T18:44:57.319+0700] {logging_mixin.py:190} INFO - [2026-02-01T18:44:57.318+0700] {dag.py:3211} INFO - Sync 1 DAGs
[2026-02-01T18:44:57.389+0700] {logging_mixin.py:190} INFO - [2026-02-01T18:44:57.389+0700] {dag.py:4138} INFO - Setting next_dagrun for dag_scraping_daily to 2026-02-01 05:00:00+00:00, run_after=2026-02-01 17:00:00+00:00
[2026-02-01T18:44:57.441+0700] {processor.py:208} INFO - Processing /opt/airflow/dags/dag_scraping_daily.py took 0.773 seconds
[2026-02-01T18:45:27.823+0700] {processor.py:186} INFO - Started process (PID=547) to work on /opt/airflow/dags/dag_scraping_daily.py
[2026-02-01T18:45:27.829+0700] {processor.py:914} INFO - Processing file /opt/airflow/dags/dag_scraping_daily.py for tasks to queue
[2026-02-01T18:45:27.839+0700] {logging_mixin.py:190} INFO - [2026-02-01T18:45:27.839+0700] {dagbag.py:587} INFO - Filling up the DagBag from /opt/airflow/dags/dag_scraping_daily.py
[2026-02-01T18:45:28.617+0700] {processor.py:925} INFO - DAG(s) 'dag_scraping_daily' retrieved from /opt/airflow/dags/dag_scraping_daily.py
[2026-02-01T18:45:28.652+0700] {logging_mixin.py:190} INFO - [2026-02-01T18:45:28.651+0700] {dag.py:3211} INFO - Sync 1 DAGs
[2026-02-01T18:45:28.678+0700] {logging_mixin.py:190} INFO - [2026-02-01T18:45:28.678+0700] {dag.py:4138} INFO - Setting next_dagrun for dag_scraping_daily to 2026-02-01 05:00:00+00:00, run_after=2026-02-01 17:00:00+00:00
[2026-02-01T18:45:28.696+0700] {processor.py:208} INFO - Processing /opt/airflow/dags/dag_scraping_daily.py took 0.888 seconds
[2026-02-01T18:45:59.546+0700] {processor.py:186} INFO - Started process (PID=559) to work on /opt/airflow/dags/dag_scraping_daily.py
[2026-02-01T18:45:59.563+0700] {processor.py:914} INFO - Processing file /opt/airflow/dags/dag_scraping_daily.py for tasks to queue
[2026-02-01T18:45:59.587+0700] {logging_mixin.py:190} INFO - [2026-02-01T18:45:59.585+0700] {dagbag.py:587} INFO - Filling up the DagBag from /opt/airflow/dags/dag_scraping_daily.py
[2026-02-01T18:46:00.854+0700] {processor.py:925} INFO - DAG(s) 'dag_scraping_daily' retrieved from /opt/airflow/dags/dag_scraping_daily.py
[2026-02-01T18:46:00.884+0700] {logging_mixin.py:190} INFO - [2026-02-01T18:46:00.883+0700] {dag.py:3211} INFO - Sync 1 DAGs
[2026-02-01T18:46:00.909+0700] {logging_mixin.py:190} INFO - [2026-02-01T18:46:00.907+0700] {dag.py:4138} INFO - Setting next_dagrun for dag_scraping_daily to 2026-02-01 05:00:00+00:00, run_after=2026-02-01 17:00:00+00:00
[2026-02-01T18:46:01.010+0700] {processor.py:208} INFO - Processing /opt/airflow/dags/dag_scraping_daily.py took 1.591 seconds
[2026-02-01T18:46:31.107+0700] {processor.py:186} INFO - Started process (PID=571) to work on /opt/airflow/dags/dag_scraping_daily.py
[2026-02-01T18:46:31.115+0700] {processor.py:914} INFO - Processing file /opt/airflow/dags/dag_scraping_daily.py for tasks to queue
[2026-02-01T18:46:31.121+0700] {logging_mixin.py:190} INFO - [2026-02-01T18:46:31.120+0700] {dagbag.py:587} INFO - Filling up the DagBag from /opt/airflow/dags/dag_scraping_daily.py
[2026-02-01T18:46:31.831+0700] {processor.py:925} INFO - DAG(s) 'dag_scraping_daily' retrieved from /opt/airflow/dags/dag_scraping_daily.py
[2026-02-01T18:46:31.857+0700] {logging_mixin.py:190} INFO - [2026-02-01T18:46:31.856+0700] {dag.py:3211} INFO - Sync 1 DAGs
[2026-02-01T18:46:31.885+0700] {logging_mixin.py:190} INFO - [2026-02-01T18:46:31.885+0700] {dag.py:4138} INFO - Setting next_dagrun for dag_scraping_daily to 2026-02-01 05:00:00+00:00, run_after=2026-02-01 17:00:00+00:00
[2026-02-01T18:46:31.912+0700] {processor.py:208} INFO - Processing /opt/airflow/dags/dag_scraping_daily.py took 0.820 seconds
[2026-02-01T18:47:02.277+0700] {processor.py:186} INFO - Started process (PID=583) to work on /opt/airflow/dags/dag_scraping_daily.py
[2026-02-01T18:47:02.284+0700] {processor.py:914} INFO - Processing file /opt/airflow/dags/dag_scraping_daily.py for tasks to queue
[2026-02-01T18:47:02.294+0700] {logging_mixin.py:190} INFO - [2026-02-01T18:47:02.294+0700] {dagbag.py:587} INFO - Filling up the DagBag from /opt/airflow/dags/dag_scraping_daily.py
[2026-02-01T18:47:02.904+0700] {processor.py:925} INFO - DAG(s) 'dag_scraping_daily' retrieved from /opt/airflow/dags/dag_scraping_daily.py
[2026-02-01T18:47:02.945+0700] {logging_mixin.py:190} INFO - [2026-02-01T18:47:02.945+0700] {dag.py:3211} INFO - Sync 1 DAGs
[2026-02-01T18:47:02.971+0700] {logging_mixin.py:190} INFO - [2026-02-01T18:47:02.971+0700] {dag.py:4138} INFO - Setting next_dagrun for dag_scraping_daily to 2026-02-01 05:00:00+00:00, run_after=2026-02-01 17:00:00+00:00
[2026-02-01T18:47:02.991+0700] {processor.py:208} INFO - Processing /opt/airflow/dags/dag_scraping_daily.py took 0.759 seconds
[2026-02-01T18:47:34.367+0700] {processor.py:186} INFO - Started process (PID=594) to work on /opt/airflow/dags/dag_scraping_daily.py
[2026-02-01T18:47:34.399+0700] {processor.py:914} INFO - Processing file /opt/airflow/dags/dag_scraping_daily.py for tasks to queue
[2026-02-01T18:47:34.726+0700] {logging_mixin.py:190} INFO - [2026-02-01T18:47:34.724+0700] {dagbag.py:587} INFO - Filling up the DagBag from /opt/airflow/dags/dag_scraping_daily.py
[2026-02-01T18:47:38.624+0700] {processor.py:925} INFO - DAG(s) 'dag_scraping_daily' retrieved from /opt/airflow/dags/dag_scraping_daily.py
[2026-02-01T18:47:38.685+0700] {logging_mixin.py:190} INFO - [2026-02-01T18:47:38.684+0700] {dag.py:3211} INFO - Sync 1 DAGs
[2026-02-01T18:47:38.775+0700] {logging_mixin.py:190} INFO - [2026-02-01T18:47:38.775+0700] {dag.py:4138} INFO - Setting next_dagrun for dag_scraping_daily to 2026-02-01 05:00:00+00:00, run_after=2026-02-01 17:00:00+00:00
[2026-02-01T18:47:38.849+0700] {processor.py:208} INFO - Processing /opt/airflow/dags/dag_scraping_daily.py took 4.928 seconds
[2026-02-01T18:48:12.445+0700] {processor.py:186} INFO - Started process (PID=604) to work on /opt/airflow/dags/dag_scraping_daily.py
[2026-02-01T18:48:12.447+0700] {processor.py:914} INFO - Processing file /opt/airflow/dags/dag_scraping_daily.py for tasks to queue
[2026-02-01T18:48:13.681+0700] {logging_mixin.py:190} INFO - [2026-02-01T18:48:13.680+0700] {dagbag.py:587} INFO - Filling up the DagBag from /opt/airflow/dags/dag_scraping_daily.py
[2026-02-01T18:48:18.765+0700] {processor.py:925} INFO - DAG(s) 'dag_scraping_daily' retrieved from /opt/airflow/dags/dag_scraping_daily.py
[2026-02-01T18:48:18.845+0700] {logging_mixin.py:190} INFO - [2026-02-01T18:48:18.844+0700] {dag.py:3211} INFO - Sync 1 DAGs
[2026-02-01T18:48:18.942+0700] {logging_mixin.py:190} INFO - [2026-02-01T18:48:18.941+0700] {dag.py:4138} INFO - Setting next_dagrun for dag_scraping_daily to 2026-02-01 05:00:00+00:00, run_after=2026-02-01 17:00:00+00:00
[2026-02-01T18:48:18.975+0700] {processor.py:208} INFO - Processing /opt/airflow/dags/dag_scraping_daily.py took 6.690 seconds
[2026-02-01T18:49:07.597+0700] {processor.py:186} INFO - Started process (PID=167) to work on /opt/airflow/dags/dag_scraping_daily.py
[2026-02-01T18:49:07.598+0700] {processor.py:914} INFO - Processing file /opt/airflow/dags/dag_scraping_daily.py for tasks to queue
[2026-02-01T18:49:07.601+0700] {logging_mixin.py:190} INFO - [2026-02-01T18:49:07.600+0700] {dagbag.py:587} INFO - Filling up the DagBag from /opt/airflow/dags/dag_scraping_daily.py
[2026-02-01T18:49:10.076+0700] {processor.py:925} INFO - DAG(s) 'dag_scraping_daily' retrieved from /opt/airflow/dags/dag_scraping_daily.py
[2026-02-01T18:49:10.107+0700] {logging_mixin.py:190} INFO - [2026-02-01T18:49:10.106+0700] {dag.py:3211} INFO - Sync 1 DAGs
[2026-02-01T18:49:10.144+0700] {logging_mixin.py:190} INFO - [2026-02-01T18:49:10.143+0700] {dag.py:4138} INFO - Setting next_dagrun for dag_scraping_daily to 2026-02-01 05:00:00+00:00, run_after=2026-02-01 17:00:00+00:00
[2026-02-01T18:49:10.180+0700] {processor.py:208} INFO - Processing /opt/airflow/dags/dag_scraping_daily.py took 2.591 seconds
[2026-02-01T18:49:40.868+0700] {processor.py:186} INFO - Started process (PID=179) to work on /opt/airflow/dags/dag_scraping_daily.py
[2026-02-01T18:49:40.870+0700] {processor.py:914} INFO - Processing file /opt/airflow/dags/dag_scraping_daily.py for tasks to queue
[2026-02-01T18:49:40.874+0700] {logging_mixin.py:190} INFO - [2026-02-01T18:49:40.873+0700] {dagbag.py:587} INFO - Filling up the DagBag from /opt/airflow/dags/dag_scraping_daily.py
[2026-02-01T18:49:41.799+0700] {processor.py:925} INFO - DAG(s) 'dag_scraping_daily' retrieved from /opt/airflow/dags/dag_scraping_daily.py
[2026-02-01T18:49:41.852+0700] {logging_mixin.py:190} INFO - [2026-02-01T18:49:41.851+0700] {dag.py:3211} INFO - Sync 1 DAGs
[2026-02-01T18:49:41.891+0700] {logging_mixin.py:190} INFO - [2026-02-01T18:49:41.891+0700] {dag.py:4138} INFO - Setting next_dagrun for dag_scraping_daily to 2026-02-01 05:00:00+00:00, run_after=2026-02-01 17:00:00+00:00
[2026-02-01T18:49:41.914+0700] {processor.py:208} INFO - Processing /opt/airflow/dags/dag_scraping_daily.py took 1.054 seconds
[2026-02-01T18:50:12.961+0700] {processor.py:186} INFO - Started process (PID=207) to work on /opt/airflow/dags/dag_scraping_daily.py
[2026-02-01T18:50:12.963+0700] {processor.py:914} INFO - Processing file /opt/airflow/dags/dag_scraping_daily.py for tasks to queue
[2026-02-01T18:50:12.968+0700] {logging_mixin.py:190} INFO - [2026-02-01T18:50:12.967+0700] {dagbag.py:587} INFO - Filling up the DagBag from /opt/airflow/dags/dag_scraping_daily.py
[2026-02-01T18:50:13.934+0700] {processor.py:925} INFO - DAG(s) 'dag_scraping_daily' retrieved from /opt/airflow/dags/dag_scraping_daily.py
[2026-02-01T18:50:13.994+0700] {logging_mixin.py:190} INFO - [2026-02-01T18:50:13.991+0700] {dag.py:3211} INFO - Sync 1 DAGs
[2026-02-01T18:50:14.035+0700] {logging_mixin.py:190} INFO - [2026-02-01T18:50:14.035+0700] {dag.py:4138} INFO - Setting next_dagrun for dag_scraping_daily to 2026-02-01 05:00:00+00:00, run_after=2026-02-01 17:00:00+00:00
[2026-02-01T18:50:14.068+0700] {processor.py:208} INFO - Processing /opt/airflow/dags/dag_scraping_daily.py took 1.119 seconds
[2026-02-01T18:50:44.534+0700] {processor.py:186} INFO - Started process (PID=254) to work on /opt/airflow/dags/dag_scraping_daily.py
[2026-02-01T18:50:44.535+0700] {processor.py:914} INFO - Processing file /opt/airflow/dags/dag_scraping_daily.py for tasks to queue
[2026-02-01T18:50:44.540+0700] {logging_mixin.py:190} INFO - [2026-02-01T18:50:44.540+0700] {dagbag.py:587} INFO - Filling up the DagBag from /opt/airflow/dags/dag_scraping_daily.py
[2026-02-01T18:50:45.447+0700] {processor.py:925} INFO - DAG(s) 'dag_scraping_daily' retrieved from /opt/airflow/dags/dag_scraping_daily.py
[2026-02-01T18:50:45.474+0700] {logging_mixin.py:190} INFO - [2026-02-01T18:50:45.474+0700] {dag.py:3211} INFO - Sync 1 DAGs
[2026-02-01T18:50:45.504+0700] {logging_mixin.py:190} INFO - [2026-02-01T18:50:45.503+0700] {dag.py:4138} INFO - Setting next_dagrun for dag_scraping_daily to 2026-02-01 05:00:00+00:00, run_after=2026-02-01 17:00:00+00:00
[2026-02-01T18:50:45.534+0700] {processor.py:208} INFO - Processing /opt/airflow/dags/dag_scraping_daily.py took 1.009 seconds
[2026-02-01T18:51:16.300+0700] {processor.py:186} INFO - Started process (PID=288) to work on /opt/airflow/dags/dag_scraping_daily.py
[2026-02-01T18:51:16.301+0700] {processor.py:914} INFO - Processing file /opt/airflow/dags/dag_scraping_daily.py for tasks to queue
[2026-02-01T18:51:16.307+0700] {logging_mixin.py:190} INFO - [2026-02-01T18:51:16.306+0700] {dagbag.py:587} INFO - Filling up the DagBag from /opt/airflow/dags/dag_scraping_daily.py
[2026-02-01T18:51:17.391+0700] {processor.py:925} INFO - DAG(s) 'dag_scraping_daily' retrieved from /opt/airflow/dags/dag_scraping_daily.py
[2026-02-01T18:51:17.452+0700] {logging_mixin.py:190} INFO - [2026-02-01T18:51:17.451+0700] {dag.py:3211} INFO - Sync 1 DAGs
[2026-02-01T18:51:17.491+0700] {logging_mixin.py:190} INFO - [2026-02-01T18:51:17.491+0700] {dag.py:4138} INFO - Setting next_dagrun for dag_scraping_daily to 2026-02-01 05:00:00+00:00, run_after=2026-02-01 17:00:00+00:00
[2026-02-01T18:51:17.532+0700] {processor.py:208} INFO - Processing /opt/airflow/dags/dag_scraping_daily.py took 1.243 seconds
[2026-02-01T18:51:48.220+0700] {processor.py:186} INFO - Started process (PID=363) to work on /opt/airflow/dags/dag_scraping_daily.py
[2026-02-01T18:51:48.221+0700] {processor.py:914} INFO - Processing file /opt/airflow/dags/dag_scraping_daily.py for tasks to queue
[2026-02-01T18:51:48.224+0700] {logging_mixin.py:190} INFO - [2026-02-01T18:51:48.223+0700] {dagbag.py:587} INFO - Filling up the DagBag from /opt/airflow/dags/dag_scraping_daily.py
[2026-02-01T18:51:48.927+0700] {processor.py:925} INFO - DAG(s) 'dag_scraping_daily' retrieved from /opt/airflow/dags/dag_scraping_daily.py
[2026-02-01T18:51:48.946+0700] {logging_mixin.py:190} INFO - [2026-02-01T18:51:48.946+0700] {dag.py:3211} INFO - Sync 1 DAGs
[2026-02-01T18:51:48.966+0700] {logging_mixin.py:190} INFO - [2026-02-01T18:51:48.966+0700] {dag.py:4138} INFO - Setting next_dagrun for dag_scraping_daily to 2026-02-01 05:00:00+00:00, run_after=2026-02-01 17:00:00+00:00
[2026-02-01T18:51:48.992+0700] {processor.py:208} INFO - Processing /opt/airflow/dags/dag_scraping_daily.py took 0.778 seconds
[2026-02-01T18:52:19.800+0700] {processor.py:186} INFO - Started process (PID=375) to work on /opt/airflow/dags/dag_scraping_daily.py
[2026-02-01T18:52:19.801+0700] {processor.py:914} INFO - Processing file /opt/airflow/dags/dag_scraping_daily.py for tasks to queue
[2026-02-01T18:52:19.803+0700] {logging_mixin.py:190} INFO - [2026-02-01T18:52:19.803+0700] {dagbag.py:587} INFO - Filling up the DagBag from /opt/airflow/dags/dag_scraping_daily.py
[2026-02-01T18:52:20.421+0700] {processor.py:925} INFO - DAG(s) 'dag_scraping_daily' retrieved from /opt/airflow/dags/dag_scraping_daily.py
[2026-02-01T18:52:20.445+0700] {logging_mixin.py:190} INFO - [2026-02-01T18:52:20.444+0700] {dag.py:3211} INFO - Sync 1 DAGs
[2026-02-01T18:52:20.468+0700] {logging_mixin.py:190} INFO - [2026-02-01T18:52:20.468+0700] {dag.py:4138} INFO - Setting next_dagrun for dag_scraping_daily to 2026-02-01 05:00:00+00:00, run_after=2026-02-01 17:00:00+00:00
[2026-02-01T18:52:20.493+0700] {processor.py:208} INFO - Processing /opt/airflow/dags/dag_scraping_daily.py took 0.699 seconds
[2026-02-01T18:52:51.427+0700] {processor.py:186} INFO - Started process (PID=387) to work on /opt/airflow/dags/dag_scraping_daily.py
[2026-02-01T18:52:51.429+0700] {processor.py:914} INFO - Processing file /opt/airflow/dags/dag_scraping_daily.py for tasks to queue
[2026-02-01T18:52:51.432+0700] {logging_mixin.py:190} INFO - [2026-02-01T18:52:51.432+0700] {dagbag.py:587} INFO - Filling up the DagBag from /opt/airflow/dags/dag_scraping_daily.py
[2026-02-01T18:52:52.033+0700] {processor.py:925} INFO - DAG(s) 'dag_scraping_daily' retrieved from /opt/airflow/dags/dag_scraping_daily.py
[2026-02-01T18:52:52.054+0700] {logging_mixin.py:190} INFO - [2026-02-01T18:52:52.054+0700] {dag.py:3211} INFO - Sync 1 DAGs
[2026-02-01T18:52:52.074+0700] {logging_mixin.py:190} INFO - [2026-02-01T18:52:52.074+0700] {dag.py:4138} INFO - Setting next_dagrun for dag_scraping_daily to 2026-02-01 05:00:00+00:00, run_after=2026-02-01 17:00:00+00:00
[2026-02-01T18:52:52.094+0700] {processor.py:208} INFO - Processing /opt/airflow/dags/dag_scraping_daily.py took 0.677 seconds
[2026-02-01T18:53:22.834+0700] {processor.py:186} INFO - Started process (PID=399) to work on /opt/airflow/dags/dag_scraping_daily.py
[2026-02-01T18:53:22.835+0700] {processor.py:914} INFO - Processing file /opt/airflow/dags/dag_scraping_daily.py for tasks to queue
[2026-02-01T18:53:22.838+0700] {logging_mixin.py:190} INFO - [2026-02-01T18:53:22.837+0700] {dagbag.py:587} INFO - Filling up the DagBag from /opt/airflow/dags/dag_scraping_daily.py
[2026-02-01T18:53:23.481+0700] {processor.py:925} INFO - DAG(s) 'dag_scraping_daily' retrieved from /opt/airflow/dags/dag_scraping_daily.py
[2026-02-01T18:53:23.501+0700] {logging_mixin.py:190} INFO - [2026-02-01T18:53:23.501+0700] {dag.py:3211} INFO - Sync 1 DAGs
[2026-02-01T18:53:23.523+0700] {logging_mixin.py:190} INFO - [2026-02-01T18:53:23.522+0700] {dag.py:4138} INFO - Setting next_dagrun for dag_scraping_daily to 2026-02-01 05:00:00+00:00, run_after=2026-02-01 17:00:00+00:00
[2026-02-01T18:53:23.545+0700] {processor.py:208} INFO - Processing /opt/airflow/dags/dag_scraping_daily.py took 0.717 seconds
[2026-02-01T18:53:54.201+0700] {processor.py:186} INFO - Started process (PID=411) to work on /opt/airflow/dags/dag_scraping_daily.py
[2026-02-01T18:53:54.203+0700] {processor.py:914} INFO - Processing file /opt/airflow/dags/dag_scraping_daily.py for tasks to queue
[2026-02-01T18:53:54.208+0700] {logging_mixin.py:190} INFO - [2026-02-01T18:53:54.207+0700] {dagbag.py:587} INFO - Filling up the DagBag from /opt/airflow/dags/dag_scraping_daily.py
[2026-02-01T18:53:55.087+0700] {processor.py:925} INFO - DAG(s) 'dag_scraping_daily' retrieved from /opt/airflow/dags/dag_scraping_daily.py
[2026-02-01T18:53:55.111+0700] {logging_mixin.py:190} INFO - [2026-02-01T18:53:55.111+0700] {dag.py:3211} INFO - Sync 1 DAGs
[2026-02-01T18:53:55.138+0700] {logging_mixin.py:190} INFO - [2026-02-01T18:53:55.138+0700] {dag.py:4138} INFO - Setting next_dagrun for dag_scraping_daily to 2026-02-01 05:00:00+00:00, run_after=2026-02-01 17:00:00+00:00
[2026-02-01T18:53:55.161+0700] {processor.py:208} INFO - Processing /opt/airflow/dags/dag_scraping_daily.py took 0.970 seconds
[2026-02-01T18:54:25.986+0700] {processor.py:186} INFO - Started process (PID=423) to work on /opt/airflow/dags/dag_scraping_daily.py
[2026-02-01T18:54:25.987+0700] {processor.py:914} INFO - Processing file /opt/airflow/dags/dag_scraping_daily.py for tasks to queue
[2026-02-01T18:54:25.990+0700] {logging_mixin.py:190} INFO - [2026-02-01T18:54:25.989+0700] {dagbag.py:587} INFO - Filling up the DagBag from /opt/airflow/dags/dag_scraping_daily.py
[2026-02-01T18:54:26.630+0700] {processor.py:925} INFO - DAG(s) 'dag_scraping_daily' retrieved from /opt/airflow/dags/dag_scraping_daily.py
[2026-02-01T18:54:26.651+0700] {logging_mixin.py:190} INFO - [2026-02-01T18:54:26.651+0700] {dag.py:3211} INFO - Sync 1 DAGs
[2026-02-01T18:54:26.670+0700] {logging_mixin.py:190} INFO - [2026-02-01T18:54:26.670+0700] {dag.py:4138} INFO - Setting next_dagrun for dag_scraping_daily to 2026-02-01 05:00:00+00:00, run_after=2026-02-01 17:00:00+00:00
[2026-02-01T18:54:26.692+0700] {processor.py:208} INFO - Processing /opt/airflow/dags/dag_scraping_daily.py took 0.713 seconds
[2026-02-01T18:54:57.653+0700] {processor.py:186} INFO - Started process (PID=435) to work on /opt/airflow/dags/dag_scraping_daily.py
[2026-02-01T18:54:57.654+0700] {processor.py:914} INFO - Processing file /opt/airflow/dags/dag_scraping_daily.py for tasks to queue
[2026-02-01T18:54:57.657+0700] {logging_mixin.py:190} INFO - [2026-02-01T18:54:57.656+0700] {dagbag.py:587} INFO - Filling up the DagBag from /opt/airflow/dags/dag_scraping_daily.py
[2026-02-01T18:54:58.283+0700] {processor.py:925} INFO - DAG(s) 'dag_scraping_daily' retrieved from /opt/airflow/dags/dag_scraping_daily.py
[2026-02-01T18:54:58.302+0700] {logging_mixin.py:190} INFO - [2026-02-01T18:54:58.301+0700] {dag.py:3211} INFO - Sync 1 DAGs
[2026-02-01T18:54:58.320+0700] {logging_mixin.py:190} INFO - [2026-02-01T18:54:58.320+0700] {dag.py:4138} INFO - Setting next_dagrun for dag_scraping_daily to 2026-02-01 05:00:00+00:00, run_after=2026-02-01 17:00:00+00:00
[2026-02-01T18:54:58.342+0700] {processor.py:208} INFO - Processing /opt/airflow/dags/dag_scraping_daily.py took 0.694 seconds
[2026-02-01T18:55:29.290+0700] {processor.py:186} INFO - Started process (PID=447) to work on /opt/airflow/dags/dag_scraping_daily.py
[2026-02-01T18:55:29.291+0700] {processor.py:914} INFO - Processing file /opt/airflow/dags/dag_scraping_daily.py for tasks to queue
[2026-02-01T18:55:29.294+0700] {logging_mixin.py:190} INFO - [2026-02-01T18:55:29.294+0700] {dagbag.py:587} INFO - Filling up the DagBag from /opt/airflow/dags/dag_scraping_daily.py
[2026-02-01T18:55:29.992+0700] {processor.py:925} INFO - DAG(s) 'dag_scraping_daily' retrieved from /opt/airflow/dags/dag_scraping_daily.py
[2026-02-01T18:55:30.012+0700] {logging_mixin.py:190} INFO - [2026-02-01T18:55:30.012+0700] {dag.py:3211} INFO - Sync 1 DAGs
[2026-02-01T18:55:30.036+0700] {logging_mixin.py:190} INFO - [2026-02-01T18:55:30.036+0700] {dag.py:4138} INFO - Setting next_dagrun for dag_scraping_daily to 2026-02-01 05:00:00+00:00, run_after=2026-02-01 17:00:00+00:00
[2026-02-01T18:55:30.057+0700] {processor.py:208} INFO - Processing /opt/airflow/dags/dag_scraping_daily.py took 0.773 seconds
[2026-02-01T18:56:00.812+0700] {processor.py:186} INFO - Started process (PID=459) to work on /opt/airflow/dags/dag_scraping_daily.py
[2026-02-01T18:56:00.813+0700] {processor.py:914} INFO - Processing file /opt/airflow/dags/dag_scraping_daily.py for tasks to queue
[2026-02-01T18:56:00.816+0700] {logging_mixin.py:190} INFO - [2026-02-01T18:56:00.815+0700] {dagbag.py:587} INFO - Filling up the DagBag from /opt/airflow/dags/dag_scraping_daily.py
[2026-02-01T18:56:01.483+0700] {processor.py:925} INFO - DAG(s) 'dag_scraping_daily' retrieved from /opt/airflow/dags/dag_scraping_daily.py
[2026-02-01T18:56:01.506+0700] {logging_mixin.py:190} INFO - [2026-02-01T18:56:01.506+0700] {dag.py:3211} INFO - Sync 1 DAGs
[2026-02-01T18:56:01.529+0700] {logging_mixin.py:190} INFO - [2026-02-01T18:56:01.529+0700] {dag.py:4138} INFO - Setting next_dagrun for dag_scraping_daily to 2026-02-01 05:00:00+00:00, run_after=2026-02-01 17:00:00+00:00
[2026-02-01T18:56:01.550+0700] {processor.py:208} INFO - Processing /opt/airflow/dags/dag_scraping_daily.py took 0.743 seconds
[2026-02-01T18:56:32.368+0700] {processor.py:186} INFO - Started process (PID=471) to work on /opt/airflow/dags/dag_scraping_daily.py
[2026-02-01T18:56:32.370+0700] {processor.py:914} INFO - Processing file /opt/airflow/dags/dag_scraping_daily.py for tasks to queue
[2026-02-01T18:56:32.374+0700] {logging_mixin.py:190} INFO - [2026-02-01T18:56:32.373+0700] {dagbag.py:587} INFO - Filling up the DagBag from /opt/airflow/dags/dag_scraping_daily.py
[2026-02-01T18:56:33.154+0700] {processor.py:925} INFO - DAG(s) 'dag_scraping_daily' retrieved from /opt/airflow/dags/dag_scraping_daily.py
[2026-02-01T18:56:33.181+0700] {logging_mixin.py:190} INFO - [2026-02-01T18:56:33.180+0700] {dag.py:3211} INFO - Sync 1 DAGs
[2026-02-01T18:56:33.205+0700] {logging_mixin.py:190} INFO - [2026-02-01T18:56:33.204+0700] {dag.py:4138} INFO - Setting next_dagrun for dag_scraping_daily to 2026-02-01 05:00:00+00:00, run_after=2026-02-01 17:00:00+00:00
[2026-02-01T18:56:33.227+0700] {processor.py:208} INFO - Processing /opt/airflow/dags/dag_scraping_daily.py took 0.869 seconds
[2026-02-01T18:57:03.910+0700] {processor.py:186} INFO - Started process (PID=483) to work on /opt/airflow/dags/dag_scraping_daily.py
[2026-02-01T18:57:03.911+0700] {processor.py:914} INFO - Processing file /opt/airflow/dags/dag_scraping_daily.py for tasks to queue
[2026-02-01T18:57:03.915+0700] {logging_mixin.py:190} INFO - [2026-02-01T18:57:03.914+0700] {dagbag.py:587} INFO - Filling up the DagBag from /opt/airflow/dags/dag_scraping_daily.py
[2026-02-01T18:57:04.552+0700] {processor.py:925} INFO - DAG(s) 'dag_scraping_daily' retrieved from /opt/airflow/dags/dag_scraping_daily.py
[2026-02-01T18:57:04.576+0700] {logging_mixin.py:190} INFO - [2026-02-01T18:57:04.575+0700] {dag.py:3211} INFO - Sync 1 DAGs
[2026-02-01T18:57:04.596+0700] {logging_mixin.py:190} INFO - [2026-02-01T18:57:04.596+0700] {dag.py:4138} INFO - Setting next_dagrun for dag_scraping_daily to 2026-02-01 05:00:00+00:00, run_after=2026-02-01 17:00:00+00:00
[2026-02-01T18:57:04.618+0700] {processor.py:208} INFO - Processing /opt/airflow/dags/dag_scraping_daily.py took 0.715 seconds
[2026-02-01T18:57:35.359+0700] {processor.py:186} INFO - Started process (PID=495) to work on /opt/airflow/dags/dag_scraping_daily.py
[2026-02-01T18:57:35.361+0700] {processor.py:914} INFO - Processing file /opt/airflow/dags/dag_scraping_daily.py for tasks to queue
[2026-02-01T18:57:35.367+0700] {logging_mixin.py:190} INFO - [2026-02-01T18:57:35.366+0700] {dagbag.py:587} INFO - Filling up the DagBag from /opt/airflow/dags/dag_scraping_daily.py
[2026-02-01T18:57:38.355+0700] {processor.py:925} INFO - DAG(s) 'dag_scraping_daily' retrieved from /opt/airflow/dags/dag_scraping_daily.py
[2026-02-01T18:57:38.414+0700] {logging_mixin.py:190} INFO - [2026-02-01T18:57:38.413+0700] {dag.py:3211} INFO - Sync 1 DAGs
[2026-02-01T18:57:38.473+0700] {logging_mixin.py:190} INFO - [2026-02-01T18:57:38.473+0700] {dag.py:4138} INFO - Setting next_dagrun for dag_scraping_daily to 2026-02-01 05:00:00+00:00, run_after=2026-02-01 17:00:00+00:00
[2026-02-01T18:57:38.511+0700] {processor.py:208} INFO - Processing /opt/airflow/dags/dag_scraping_daily.py took 3.171 seconds
[2026-02-01T18:58:08.995+0700] {processor.py:186} INFO - Started process (PID=507) to work on /opt/airflow/dags/dag_scraping_daily.py
[2026-02-01T18:58:08.997+0700] {processor.py:914} INFO - Processing file /opt/airflow/dags/dag_scraping_daily.py for tasks to queue
[2026-02-01T18:58:09.000+0700] {logging_mixin.py:190} INFO - [2026-02-01T18:58:08.999+0700] {dagbag.py:587} INFO - Filling up the DagBag from /opt/airflow/dags/dag_scraping_daily.py
[2026-02-01T18:58:09.808+0700] {processor.py:925} INFO - DAG(s) 'dag_scraping_daily' retrieved from /opt/airflow/dags/dag_scraping_daily.py
[2026-02-01T18:58:09.880+0700] {logging_mixin.py:190} INFO - [2026-02-01T18:58:09.879+0700] {dag.py:3211} INFO - Sync 1 DAGs
[2026-02-01T18:58:09.925+0700] {logging_mixin.py:190} INFO - [2026-02-01T18:58:09.924+0700] {dag.py:4138} INFO - Setting next_dagrun for dag_scraping_daily to 2026-02-01 05:00:00+00:00, run_after=2026-02-01 17:00:00+00:00
[2026-02-01T18:58:09.957+0700] {processor.py:208} INFO - Processing /opt/airflow/dags/dag_scraping_daily.py took 0.969 seconds
[2026-02-01T18:58:40.696+0700] {processor.py:186} INFO - Started process (PID=519) to work on /opt/airflow/dags/dag_scraping_daily.py
[2026-02-01T18:58:40.720+0700] {processor.py:914} INFO - Processing file /opt/airflow/dags/dag_scraping_daily.py for tasks to queue
[2026-02-01T18:58:40.734+0700] {logging_mixin.py:190} INFO - [2026-02-01T18:58:40.733+0700] {dagbag.py:587} INFO - Filling up the DagBag from /opt/airflow/dags/dag_scraping_daily.py
[2026-02-01T18:58:43.325+0700] {processor.py:925} INFO - DAG(s) 'dag_scraping_daily' retrieved from /opt/airflow/dags/dag_scraping_daily.py
[2026-02-01T18:58:43.375+0700] {logging_mixin.py:190} INFO - [2026-02-01T18:58:43.375+0700] {dag.py:3211} INFO - Sync 1 DAGs
[2026-02-01T18:58:43.402+0700] {logging_mixin.py:190} INFO - [2026-02-01T18:58:43.402+0700] {dag.py:4138} INFO - Setting next_dagrun for dag_scraping_daily to 2026-02-01 05:00:00+00:00, run_after=2026-02-01 17:00:00+00:00
[2026-02-01T18:58:43.426+0700] {processor.py:208} INFO - Processing /opt/airflow/dags/dag_scraping_daily.py took 2.748 seconds
[2026-02-01T18:59:14.112+0700] {processor.py:186} INFO - Started process (PID=531) to work on /opt/airflow/dags/dag_scraping_daily.py
[2026-02-01T18:59:14.117+0700] {processor.py:914} INFO - Processing file /opt/airflow/dags/dag_scraping_daily.py for tasks to queue
[2026-02-01T18:59:14.147+0700] {logging_mixin.py:190} INFO - [2026-02-01T18:59:14.146+0700] {dagbag.py:587} INFO - Filling up the DagBag from /opt/airflow/dags/dag_scraping_daily.py
[2026-02-01T18:59:15.808+0700] {processor.py:925} INFO - DAG(s) 'dag_scraping_daily' retrieved from /opt/airflow/dags/dag_scraping_daily.py
[2026-02-01T18:59:15.861+0700] {logging_mixin.py:190} INFO - [2026-02-01T18:59:15.860+0700] {dag.py:3211} INFO - Sync 1 DAGs
[2026-02-01T18:59:15.888+0700] {logging_mixin.py:190} INFO - [2026-02-01T18:59:15.887+0700] {dag.py:4138} INFO - Setting next_dagrun for dag_scraping_daily to 2026-02-01 05:00:00+00:00, run_after=2026-02-01 17:00:00+00:00
[2026-02-01T18:59:15.925+0700] {processor.py:208} INFO - Processing /opt/airflow/dags/dag_scraping_daily.py took 1.853 seconds
[2026-02-01T18:59:46.368+0700] {processor.py:186} INFO - Started process (PID=543) to work on /opt/airflow/dags/dag_scraping_daily.py
[2026-02-01T18:59:46.371+0700] {processor.py:914} INFO - Processing file /opt/airflow/dags/dag_scraping_daily.py for tasks to queue
[2026-02-01T18:59:46.377+0700] {logging_mixin.py:190} INFO - [2026-02-01T18:59:46.376+0700] {dagbag.py:587} INFO - Filling up the DagBag from /opt/airflow/dags/dag_scraping_daily.py
[2026-02-01T18:59:47.186+0700] {processor.py:925} INFO - DAG(s) 'dag_scraping_daily' retrieved from /opt/airflow/dags/dag_scraping_daily.py
[2026-02-01T18:59:47.290+0700] {logging_mixin.py:190} INFO - [2026-02-01T18:59:47.289+0700] {dag.py:3211} INFO - Sync 1 DAGs
[2026-02-01T18:59:47.335+0700] {logging_mixin.py:190} INFO - [2026-02-01T18:59:47.335+0700] {dag.py:4138} INFO - Setting next_dagrun for dag_scraping_daily to 2026-02-01 05:00:00+00:00, run_after=2026-02-01 17:00:00+00:00
[2026-02-01T18:59:47.364+0700] {processor.py:208} INFO - Processing /opt/airflow/dags/dag_scraping_daily.py took 1.007 seconds
[2026-02-01T19:00:18.032+0700] {processor.py:186} INFO - Started process (PID=555) to work on /opt/airflow/dags/dag_scraping_daily.py
[2026-02-01T19:00:18.034+0700] {processor.py:914} INFO - Processing file /opt/airflow/dags/dag_scraping_daily.py for tasks to queue
[2026-02-01T19:00:18.037+0700] {logging_mixin.py:190} INFO - [2026-02-01T19:00:18.037+0700] {dagbag.py:587} INFO - Filling up the DagBag from /opt/airflow/dags/dag_scraping_daily.py
[2026-02-01T19:00:19.359+0700] {processor.py:925} INFO - DAG(s) 'dag_scraping_daily' retrieved from /opt/airflow/dags/dag_scraping_daily.py
[2026-02-01T19:00:19.445+0700] {logging_mixin.py:190} INFO - [2026-02-01T19:00:19.444+0700] {dag.py:3211} INFO - Sync 1 DAGs
[2026-02-01T19:00:19.508+0700] {logging_mixin.py:190} INFO - [2026-02-01T19:00:19.508+0700] {dag.py:4138} INFO - Setting next_dagrun for dag_scraping_daily to 2026-02-01 05:00:00+00:00, run_after=2026-02-01 17:00:00+00:00
[2026-02-01T19:00:19.538+0700] {processor.py:208} INFO - Processing /opt/airflow/dags/dag_scraping_daily.py took 1.535 seconds
[2026-02-01T19:00:57.565+0700] {processor.py:186} INFO - Started process (PID=567) to work on /opt/airflow/dags/dag_scraping_daily.py
[2026-02-01T19:00:57.568+0700] {processor.py:914} INFO - Processing file /opt/airflow/dags/dag_scraping_daily.py for tasks to queue
[2026-02-01T19:00:57.576+0700] {logging_mixin.py:190} INFO - [2026-02-01T19:00:57.575+0700] {dagbag.py:587} INFO - Filling up the DagBag from /opt/airflow/dags/dag_scraping_daily.py
[2026-02-01T19:01:00.254+0700] {processor.py:925} INFO - DAG(s) 'dag_scraping_daily' retrieved from /opt/airflow/dags/dag_scraping_daily.py
[2026-02-01T19:01:00.807+0700] {logging_mixin.py:190} INFO - [2026-02-01T19:01:00.766+0700] {dag.py:3211} INFO - Sync 1 DAGs
[2026-02-01T19:01:05.094+0700] {logging_mixin.py:190} INFO - [2026-02-01T19:01:05.093+0700] {dag.py:4138} INFO - Setting next_dagrun for dag_scraping_daily to 2026-02-01 05:00:00+00:00, run_after=2026-02-01 17:00:00+00:00
[2026-02-01T19:01:11.931+0700] {processor.py:208} INFO - Processing /opt/airflow/dags/dag_scraping_daily.py took 16.439 seconds
[2026-02-01T19:01:36.125+0700] {processor.py:186} INFO - Started process (PID=579) to work on /opt/airflow/dags/dag_scraping_daily.py
[2026-02-01T19:01:36.138+0700] {processor.py:914} INFO - Processing file /opt/airflow/dags/dag_scraping_daily.py for tasks to queue
[2026-02-01T19:01:36.199+0700] {logging_mixin.py:190} INFO - [2026-02-01T19:01:36.198+0700] {dagbag.py:587} INFO - Filling up the DagBag from /opt/airflow/dags/dag_scraping_daily.py
[2026-02-01T19:01:37.786+0700] {processor.py:925} INFO - DAG(s) 'dag_scraping_daily' retrieved from /opt/airflow/dags/dag_scraping_daily.py
[2026-02-01T19:01:37.832+0700] {logging_mixin.py:190} INFO - [2026-02-01T19:01:37.831+0700] {dag.py:3211} INFO - Sync 1 DAGs
[2026-02-01T19:01:38.000+0700] {logging_mixin.py:190} INFO - [2026-02-01T19:01:37.999+0700] {dag.py:4138} INFO - Setting next_dagrun for dag_scraping_daily to 2026-02-01 05:00:00+00:00, run_after=2026-02-01 17:00:00+00:00
[2026-02-01T19:01:38.043+0700] {processor.py:208} INFO - Processing /opt/airflow/dags/dag_scraping_daily.py took 2.355 seconds
[2026-02-01T19:02:45.910+0700] {processor.py:186} INFO - Started process (PID=167) to work on /opt/airflow/dags/dag_scraping_daily.py
[2026-02-01T19:02:45.914+0700] {processor.py:914} INFO - Processing file /opt/airflow/dags/dag_scraping_daily.py for tasks to queue
[2026-02-01T19:02:45.922+0700] {logging_mixin.py:190} INFO - [2026-02-01T19:02:45.921+0700] {dagbag.py:587} INFO - Filling up the DagBag from /opt/airflow/dags/dag_scraping_daily.py
[2026-02-01T19:02:48.914+0700] {processor.py:925} INFO - DAG(s) 'dag_scraping_daily' retrieved from /opt/airflow/dags/dag_scraping_daily.py
[2026-02-01T19:02:48.958+0700] {logging_mixin.py:190} INFO - [2026-02-01T19:02:48.958+0700] {dag.py:3211} INFO - Sync 1 DAGs
[2026-02-01T19:02:48.985+0700] {logging_mixin.py:190} INFO - [2026-02-01T19:02:48.985+0700] {dag.py:4138} INFO - Setting next_dagrun for dag_scraping_daily to 2026-02-01 05:00:00+00:00, run_after=2026-02-01 17:00:00+00:00
[2026-02-01T19:02:49.008+0700] {processor.py:208} INFO - Processing /opt/airflow/dags/dag_scraping_daily.py took 3.114 seconds
[2026-02-01T19:03:19.561+0700] {processor.py:186} INFO - Started process (PID=179) to work on /opt/airflow/dags/dag_scraping_daily.py
[2026-02-01T19:03:19.563+0700] {processor.py:914} INFO - Processing file /opt/airflow/dags/dag_scraping_daily.py for tasks to queue
[2026-02-01T19:03:19.568+0700] {logging_mixin.py:190} INFO - [2026-02-01T19:03:19.567+0700] {dagbag.py:587} INFO - Filling up the DagBag from /opt/airflow/dags/dag_scraping_daily.py
[2026-02-01T19:03:20.779+0700] {processor.py:925} INFO - DAG(s) 'dag_scraping_daily' retrieved from /opt/airflow/dags/dag_scraping_daily.py
[2026-02-01T19:03:20.813+0700] {logging_mixin.py:190} INFO - [2026-02-01T19:03:20.812+0700] {dag.py:3211} INFO - Sync 1 DAGs
[2026-02-01T19:03:20.845+0700] {logging_mixin.py:190} INFO - [2026-02-01T19:03:20.845+0700] {dag.py:4138} INFO - Setting next_dagrun for dag_scraping_daily to 2026-02-01 05:00:00+00:00, run_after=2026-02-01 17:00:00+00:00
[2026-02-01T19:03:20.876+0700] {processor.py:208} INFO - Processing /opt/airflow/dags/dag_scraping_daily.py took 1.323 seconds
[2026-02-01T19:03:51.530+0700] {processor.py:186} INFO - Started process (PID=191) to work on /opt/airflow/dags/dag_scraping_daily.py
[2026-02-01T19:03:51.531+0700] {processor.py:914} INFO - Processing file /opt/airflow/dags/dag_scraping_daily.py for tasks to queue
[2026-02-01T19:03:51.534+0700] {logging_mixin.py:190} INFO - [2026-02-01T19:03:51.533+0700] {dagbag.py:587} INFO - Filling up the DagBag from /opt/airflow/dags/dag_scraping_daily.py
[2026-02-01T19:03:52.311+0700] {processor.py:925} INFO - DAG(s) 'dag_scraping_daily' retrieved from /opt/airflow/dags/dag_scraping_daily.py
[2026-02-01T19:03:52.332+0700] {logging_mixin.py:190} INFO - [2026-02-01T19:03:52.331+0700] {dag.py:3211} INFO - Sync 1 DAGs
[2026-02-01T19:03:52.357+0700] {logging_mixin.py:190} INFO - [2026-02-01T19:03:52.357+0700] {dag.py:4138} INFO - Setting next_dagrun for dag_scraping_daily to 2026-02-01 05:00:00+00:00, run_after=2026-02-01 17:00:00+00:00
[2026-02-01T19:03:52.376+0700] {processor.py:208} INFO - Processing /opt/airflow/dags/dag_scraping_daily.py took 0.853 seconds
[2026-02-01T19:04:23.010+0700] {processor.py:186} INFO - Started process (PID=203) to work on /opt/airflow/dags/dag_scraping_daily.py
[2026-02-01T19:04:23.011+0700] {processor.py:914} INFO - Processing file /opt/airflow/dags/dag_scraping_daily.py for tasks to queue
[2026-02-01T19:04:23.016+0700] {logging_mixin.py:190} INFO - [2026-02-01T19:04:23.015+0700] {dagbag.py:587} INFO - Filling up the DagBag from /opt/airflow/dags/dag_scraping_daily.py
[2026-02-01T19:04:23.725+0700] {processor.py:925} INFO - DAG(s) 'dag_scraping_daily' retrieved from /opt/airflow/dags/dag_scraping_daily.py
[2026-02-01T19:04:23.747+0700] {logging_mixin.py:190} INFO - [2026-02-01T19:04:23.746+0700] {dag.py:3211} INFO - Sync 1 DAGs
[2026-02-01T19:04:23.771+0700] {logging_mixin.py:190} INFO - [2026-02-01T19:04:23.771+0700] {dag.py:4138} INFO - Setting next_dagrun for dag_scraping_daily to 2026-02-01 05:00:00+00:00, run_after=2026-02-01 17:00:00+00:00
[2026-02-01T19:04:23.814+0700] {processor.py:208} INFO - Processing /opt/airflow/dags/dag_scraping_daily.py took 0.814 seconds
[2026-02-01T19:04:54.718+0700] {processor.py:186} INFO - Started process (PID=215) to work on /opt/airflow/dags/dag_scraping_daily.py
[2026-02-01T19:04:54.728+0700] {processor.py:914} INFO - Processing file /opt/airflow/dags/dag_scraping_daily.py for tasks to queue
[2026-02-01T19:04:54.738+0700] {logging_mixin.py:190} INFO - [2026-02-01T19:04:54.738+0700] {dagbag.py:587} INFO - Filling up the DagBag from /opt/airflow/dags/dag_scraping_daily.py
[2026-02-01T19:04:55.731+0700] {processor.py:925} INFO - DAG(s) 'dag_scraping_daily' retrieved from /opt/airflow/dags/dag_scraping_daily.py
[2026-02-01T19:04:55.750+0700] {logging_mixin.py:190} INFO - [2026-02-01T19:04:55.750+0700] {dag.py:3211} INFO - Sync 1 DAGs
[2026-02-01T19:04:55.780+0700] {logging_mixin.py:190} INFO - [2026-02-01T19:04:55.780+0700] {dag.py:4138} INFO - Setting next_dagrun for dag_scraping_daily to 2026-02-01 05:00:00+00:00, run_after=2026-02-01 17:00:00+00:00
[2026-02-01T19:04:55.818+0700] {processor.py:208} INFO - Processing /opt/airflow/dags/dag_scraping_daily.py took 1.129 seconds
[2026-02-01T19:05:26.507+0700] {processor.py:186} INFO - Started process (PID=231) to work on /opt/airflow/dags/dag_scraping_daily.py
[2026-02-01T19:05:26.509+0700] {processor.py:914} INFO - Processing file /opt/airflow/dags/dag_scraping_daily.py for tasks to queue
[2026-02-01T19:05:26.515+0700] {logging_mixin.py:190} INFO - [2026-02-01T19:05:26.515+0700] {dagbag.py:587} INFO - Filling up the DagBag from /opt/airflow/dags/dag_scraping_daily.py
[2026-02-01T19:05:25.549+0700] {processor.py:925} INFO - DAG(s) 'dag_scraping_daily' retrieved from /opt/airflow/dags/dag_scraping_daily.py
[2026-02-01T19:05:25.583+0700] {logging_mixin.py:190} INFO - [2026-02-01T19:05:25.582+0700] {dag.py:3211} INFO - Sync 1 DAGs
[2026-02-01T19:05:25.609+0700] {logging_mixin.py:190} INFO - [2026-02-01T19:05:25.609+0700] {dag.py:4138} INFO - Setting next_dagrun for dag_scraping_daily to 2026-02-01 05:00:00+00:00, run_after=2026-02-01 17:00:00+00:00
[2026-02-01T19:05:25.632+0700] {processor.py:208} INFO - Processing /opt/airflow/dags/dag_scraping_daily.py took 0.999 seconds
[2026-02-01T19:05:56.222+0700] {processor.py:186} INFO - Started process (PID=290) to work on /opt/airflow/dags/dag_scraping_daily.py
[2026-02-01T19:05:56.223+0700] {processor.py:914} INFO - Processing file /opt/airflow/dags/dag_scraping_daily.py for tasks to queue
[2026-02-01T19:05:56.229+0700] {logging_mixin.py:190} INFO - [2026-02-01T19:05:56.228+0700] {dagbag.py:587} INFO - Filling up the DagBag from /opt/airflow/dags/dag_scraping_daily.py
[2026-02-01T19:05:57.572+0700] {processor.py:925} INFO - DAG(s) 'dag_scraping_daily' retrieved from /opt/airflow/dags/dag_scraping_daily.py
[2026-02-01T19:05:57.604+0700] {logging_mixin.py:190} INFO - [2026-02-01T19:05:57.603+0700] {dag.py:3211} INFO - Sync 1 DAGs
[2026-02-01T19:05:57.644+0700] {logging_mixin.py:190} INFO - [2026-02-01T19:05:57.644+0700] {dag.py:4138} INFO - Setting next_dagrun for dag_scraping_daily to 2026-02-01 05:00:00+00:00, run_after=2026-02-01 17:00:00+00:00
[2026-02-01T19:05:57.683+0700] {processor.py:208} INFO - Processing /opt/airflow/dags/dag_scraping_daily.py took 1.473 seconds
[2026-02-01T19:06:28.193+0700] {processor.py:186} INFO - Started process (PID=324) to work on /opt/airflow/dags/dag_scraping_daily.py
[2026-02-01T19:06:28.202+0700] {processor.py:914} INFO - Processing file /opt/airflow/dags/dag_scraping_daily.py for tasks to queue
[2026-02-01T19:06:28.221+0700] {logging_mixin.py:190} INFO - [2026-02-01T19:06:28.219+0700] {dagbag.py:587} INFO - Filling up the DagBag from /opt/airflow/dags/dag_scraping_daily.py
[2026-02-01T19:06:30.853+0700] {processor.py:925} INFO - DAG(s) 'dag_scraping_daily' retrieved from /opt/airflow/dags/dag_scraping_daily.py
[2026-02-01T19:06:30.886+0700] {logging_mixin.py:190} INFO - [2026-02-01T19:06:30.886+0700] {dag.py:3211} INFO - Sync 1 DAGs
[2026-02-01T19:06:30.918+0700] {logging_mixin.py:190} INFO - [2026-02-01T19:06:30.917+0700] {dag.py:4138} INFO - Setting next_dagrun for dag_scraping_daily to 2026-02-01 05:00:00+00:00, run_after=2026-02-01 17:00:00+00:00
[2026-02-01T19:06:30.943+0700] {processor.py:208} INFO - Processing /opt/airflow/dags/dag_scraping_daily.py took 2.784 seconds
[2026-02-01T19:07:01.576+0700] {processor.py:186} INFO - Started process (PID=552) to work on /opt/airflow/dags/dag_scraping_daily.py
[2026-02-01T19:07:01.578+0700] {processor.py:914} INFO - Processing file /opt/airflow/dags/dag_scraping_daily.py for tasks to queue
[2026-02-01T19:07:01.581+0700] {logging_mixin.py:190} INFO - [2026-02-01T19:07:01.580+0700] {dagbag.py:587} INFO - Filling up the DagBag from /opt/airflow/dags/dag_scraping_daily.py
[2026-02-01T19:07:02.327+0700] {processor.py:925} INFO - DAG(s) 'dag_scraping_daily' retrieved from /opt/airflow/dags/dag_scraping_daily.py
[2026-02-01T19:07:02.355+0700] {logging_mixin.py:190} INFO - [2026-02-01T19:07:02.355+0700] {dag.py:3211} INFO - Sync 1 DAGs
[2026-02-01T19:07:02.384+0700] {logging_mixin.py:190} INFO - [2026-02-01T19:07:02.384+0700] {dag.py:4138} INFO - Setting next_dagrun for dag_scraping_daily to 2026-02-01 05:00:00+00:00, run_after=2026-02-01 17:00:00+00:00
[2026-02-01T19:07:02.412+0700] {processor.py:208} INFO - Processing /opt/airflow/dags/dag_scraping_daily.py took 0.842 seconds
[2026-02-01T19:07:33.036+0700] {processor.py:186} INFO - Started process (PID=678) to work on /opt/airflow/dags/dag_scraping_daily.py
[2026-02-01T19:07:33.038+0700] {processor.py:914} INFO - Processing file /opt/airflow/dags/dag_scraping_daily.py for tasks to queue
[2026-02-01T19:07:33.041+0700] {logging_mixin.py:190} INFO - [2026-02-01T19:07:33.041+0700] {dagbag.py:587} INFO - Filling up the DagBag from /opt/airflow/dags/dag_scraping_daily.py
[2026-02-01T19:07:33.707+0700] {processor.py:925} INFO - DAG(s) 'dag_scraping_daily' retrieved from /opt/airflow/dags/dag_scraping_daily.py
[2026-02-01T19:07:33.729+0700] {logging_mixin.py:190} INFO - [2026-02-01T19:07:33.729+0700] {dag.py:3211} INFO - Sync 1 DAGs
[2026-02-01T19:07:33.754+0700] {logging_mixin.py:190} INFO - [2026-02-01T19:07:33.754+0700] {dag.py:4138} INFO - Setting next_dagrun for dag_scraping_daily to 2026-02-01 05:00:00+00:00, run_after=2026-02-01 17:00:00+00:00
[2026-02-01T19:07:33.774+0700] {processor.py:208} INFO - Processing /opt/airflow/dags/dag_scraping_daily.py took 0.743 seconds
[2026-02-01T19:08:04.509+0700] {processor.py:186} INFO - Started process (PID=690) to work on /opt/airflow/dags/dag_scraping_daily.py
[2026-02-01T19:08:04.511+0700] {processor.py:914} INFO - Processing file /opt/airflow/dags/dag_scraping_daily.py for tasks to queue
[2026-02-01T19:08:04.514+0700] {logging_mixin.py:190} INFO - [2026-02-01T19:08:04.514+0700] {dagbag.py:587} INFO - Filling up the DagBag from /opt/airflow/dags/dag_scraping_daily.py
[2026-02-01T19:08:05.231+0700] {processor.py:925} INFO - DAG(s) 'dag_scraping_daily' retrieved from /opt/airflow/dags/dag_scraping_daily.py
[2026-02-01T19:08:05.256+0700] {logging_mixin.py:190} INFO - [2026-02-01T19:08:05.256+0700] {dag.py:3211} INFO - Sync 1 DAGs
[2026-02-01T19:08:05.279+0700] {logging_mixin.py:190} INFO - [2026-02-01T19:08:05.278+0700] {dag.py:4138} INFO - Setting next_dagrun for dag_scraping_daily to 2026-02-01 05:00:00+00:00, run_after=2026-02-01 17:00:00+00:00
[2026-02-01T19:08:05.300+0700] {processor.py:208} INFO - Processing /opt/airflow/dags/dag_scraping_daily.py took 0.801 seconds
[2026-02-01T19:08:36.109+0700] {processor.py:186} INFO - Started process (PID=702) to work on /opt/airflow/dags/dag_scraping_daily.py
[2026-02-01T19:08:36.110+0700] {processor.py:914} INFO - Processing file /opt/airflow/dags/dag_scraping_daily.py for tasks to queue
[2026-02-01T19:08:36.113+0700] {logging_mixin.py:190} INFO - [2026-02-01T19:08:36.112+0700] {dagbag.py:587} INFO - Filling up the DagBag from /opt/airflow/dags/dag_scraping_daily.py
[2026-02-01T19:08:36.730+0700] {processor.py:925} INFO - DAG(s) 'dag_scraping_daily' retrieved from /opt/airflow/dags/dag_scraping_daily.py
[2026-02-01T19:08:36.752+0700] {logging_mixin.py:190} INFO - [2026-02-01T19:08:36.751+0700] {dag.py:3211} INFO - Sync 1 DAGs
[2026-02-01T19:08:36.771+0700] {logging_mixin.py:190} INFO - [2026-02-01T19:08:36.771+0700] {dag.py:4138} INFO - Setting next_dagrun for dag_scraping_daily to 2026-02-01 05:00:00+00:00, run_after=2026-02-01 17:00:00+00:00
[2026-02-01T19:08:36.790+0700] {processor.py:208} INFO - Processing /opt/airflow/dags/dag_scraping_daily.py took 0.687 seconds
[2026-02-01T19:09:07.570+0700] {processor.py:186} INFO - Started process (PID=714) to work on /opt/airflow/dags/dag_scraping_daily.py
[2026-02-01T19:09:07.571+0700] {processor.py:914} INFO - Processing file /opt/airflow/dags/dag_scraping_daily.py for tasks to queue
[2026-02-01T19:09:07.573+0700] {logging_mixin.py:190} INFO - [2026-02-01T19:09:07.573+0700] {dagbag.py:587} INFO - Filling up the DagBag from /opt/airflow/dags/dag_scraping_daily.py
[2026-02-01T19:09:08.255+0700] {processor.py:925} INFO - DAG(s) 'dag_scraping_daily' retrieved from /opt/airflow/dags/dag_scraping_daily.py
[2026-02-01T19:09:08.281+0700] {logging_mixin.py:190} INFO - [2026-02-01T19:09:08.281+0700] {dag.py:3211} INFO - Sync 1 DAGs
[2026-02-01T19:09:08.303+0700] {logging_mixin.py:190} INFO - [2026-02-01T19:09:08.303+0700] {dag.py:4138} INFO - Setting next_dagrun for dag_scraping_daily to 2026-02-01 05:00:00+00:00, run_after=2026-02-01 17:00:00+00:00
[2026-02-01T19:09:08.321+0700] {processor.py:208} INFO - Processing /opt/airflow/dags/dag_scraping_daily.py took 0.758 seconds
[2026-02-01T19:09:39.075+0700] {processor.py:186} INFO - Started process (PID=726) to work on /opt/airflow/dags/dag_scraping_daily.py
[2026-02-01T19:09:39.076+0700] {processor.py:914} INFO - Processing file /opt/airflow/dags/dag_scraping_daily.py for tasks to queue
[2026-02-01T19:09:39.078+0700] {logging_mixin.py:190} INFO - [2026-02-01T19:09:39.078+0700] {dagbag.py:587} INFO - Filling up the DagBag from /opt/airflow/dags/dag_scraping_daily.py
[2026-02-01T19:09:39.716+0700] {processor.py:925} INFO - DAG(s) 'dag_scraping_daily' retrieved from /opt/airflow/dags/dag_scraping_daily.py
[2026-02-01T19:09:39.736+0700] {logging_mixin.py:190} INFO - [2026-02-01T19:09:39.736+0700] {dag.py:3211} INFO - Sync 1 DAGs
[2026-02-01T19:09:39.755+0700] {logging_mixin.py:190} INFO - [2026-02-01T19:09:39.755+0700] {dag.py:4138} INFO - Setting next_dagrun for dag_scraping_daily to 2026-02-01 05:00:00+00:00, run_after=2026-02-01 17:00:00+00:00
[2026-02-01T19:09:39.774+0700] {processor.py:208} INFO - Processing /opt/airflow/dags/dag_scraping_daily.py took 0.706 seconds
[2026-02-01T19:10:10.724+0700] {processor.py:186} INFO - Started process (PID=738) to work on /opt/airflow/dags/dag_scraping_daily.py
[2026-02-01T19:10:10.725+0700] {processor.py:914} INFO - Processing file /opt/airflow/dags/dag_scraping_daily.py for tasks to queue
[2026-02-01T19:10:10.728+0700] {logging_mixin.py:190} INFO - [2026-02-01T19:10:10.728+0700] {dagbag.py:587} INFO - Filling up the DagBag from /opt/airflow/dags/dag_scraping_daily.py
[2026-02-01T19:10:11.365+0700] {processor.py:925} INFO - DAG(s) 'dag_scraping_daily' retrieved from /opt/airflow/dags/dag_scraping_daily.py
[2026-02-01T19:10:11.387+0700] {logging_mixin.py:190} INFO - [2026-02-01T19:10:11.387+0700] {dag.py:3211} INFO - Sync 1 DAGs
[2026-02-01T19:10:11.408+0700] {logging_mixin.py:190} INFO - [2026-02-01T19:10:11.408+0700] {dag.py:4138} INFO - Setting next_dagrun for dag_scraping_daily to 2026-02-01 05:00:00+00:00, run_after=2026-02-01 17:00:00+00:00
[2026-02-01T19:10:11.430+0700] {processor.py:208} INFO - Processing /opt/airflow/dags/dag_scraping_daily.py took 0.714 seconds
[2026-02-01T19:10:42.363+0700] {processor.py:186} INFO - Started process (PID=750) to work on /opt/airflow/dags/dag_scraping_daily.py
[2026-02-01T19:10:42.364+0700] {processor.py:914} INFO - Processing file /opt/airflow/dags/dag_scraping_daily.py for tasks to queue
[2026-02-01T19:10:42.366+0700] {logging_mixin.py:190} INFO - [2026-02-01T19:10:42.366+0700] {dagbag.py:587} INFO - Filling up the DagBag from /opt/airflow/dags/dag_scraping_daily.py
[2026-02-01T19:10:42.988+0700] {processor.py:925} INFO - DAG(s) 'dag_scraping_daily' retrieved from /opt/airflow/dags/dag_scraping_daily.py
[2026-02-01T19:10:43.007+0700] {logging_mixin.py:190} INFO - [2026-02-01T19:10:43.007+0700] {dag.py:3211} INFO - Sync 1 DAGs
[2026-02-01T19:10:43.028+0700] {logging_mixin.py:190} INFO - [2026-02-01T19:10:43.027+0700] {dag.py:4138} INFO - Setting next_dagrun for dag_scraping_daily to 2026-02-01 05:00:00+00:00, run_after=2026-02-01 17:00:00+00:00
[2026-02-01T19:10:43.050+0700] {processor.py:208} INFO - Processing /opt/airflow/dags/dag_scraping_daily.py took 0.693 seconds
[2026-02-01T19:11:13.820+0700] {processor.py:186} INFO - Started process (PID=762) to work on /opt/airflow/dags/dag_scraping_daily.py
[2026-02-01T19:11:13.821+0700] {processor.py:914} INFO - Processing file /opt/airflow/dags/dag_scraping_daily.py for tasks to queue
[2026-02-01T19:11:13.824+0700] {logging_mixin.py:190} INFO - [2026-02-01T19:11:13.823+0700] {dagbag.py:587} INFO - Filling up the DagBag from /opt/airflow/dags/dag_scraping_daily.py
[2026-02-01T19:11:14.515+0700] {processor.py:925} INFO - DAG(s) 'dag_scraping_daily' retrieved from /opt/airflow/dags/dag_scraping_daily.py
[2026-02-01T19:11:14.534+0700] {logging_mixin.py:190} INFO - [2026-02-01T19:11:14.534+0700] {dag.py:3211} INFO - Sync 1 DAGs
[2026-02-01T19:11:14.556+0700] {logging_mixin.py:190} INFO - [2026-02-01T19:11:14.556+0700] {dag.py:4138} INFO - Setting next_dagrun for dag_scraping_daily to 2026-02-01 05:00:00+00:00, run_after=2026-02-01 17:00:00+00:00
[2026-02-01T19:11:14.577+0700] {processor.py:208} INFO - Processing /opt/airflow/dags/dag_scraping_daily.py took 0.762 seconds
[2026-02-01T19:11:45.291+0700] {processor.py:186} INFO - Started process (PID=774) to work on /opt/airflow/dags/dag_scraping_daily.py
[2026-02-01T19:11:45.292+0700] {processor.py:914} INFO - Processing file /opt/airflow/dags/dag_scraping_daily.py for tasks to queue
[2026-02-01T19:11:45.295+0700] {logging_mixin.py:190} INFO - [2026-02-01T19:11:45.294+0700] {dagbag.py:587} INFO - Filling up the DagBag from /opt/airflow/dags/dag_scraping_daily.py
[2026-02-01T19:11:45.958+0700] {processor.py:925} INFO - DAG(s) 'dag_scraping_daily' retrieved from /opt/airflow/dags/dag_scraping_daily.py
[2026-02-01T19:11:45.977+0700] {logging_mixin.py:190} INFO - [2026-02-01T19:11:45.976+0700] {dag.py:3211} INFO - Sync 1 DAGs
[2026-02-01T19:11:45.997+0700] {logging_mixin.py:190} INFO - [2026-02-01T19:11:45.997+0700] {dag.py:4138} INFO - Setting next_dagrun for dag_scraping_daily to 2026-02-01 05:00:00+00:00, run_after=2026-02-01 17:00:00+00:00
[2026-02-01T19:11:46.017+0700] {processor.py:208} INFO - Processing /opt/airflow/dags/dag_scraping_daily.py took 0.731 seconds
[2026-02-01T19:12:16.916+0700] {processor.py:186} INFO - Started process (PID=786) to work on /opt/airflow/dags/dag_scraping_daily.py
[2026-02-01T19:12:16.917+0700] {processor.py:914} INFO - Processing file /opt/airflow/dags/dag_scraping_daily.py for tasks to queue
[2026-02-01T19:12:16.921+0700] {logging_mixin.py:190} INFO - [2026-02-01T19:12:16.920+0700] {dagbag.py:587} INFO - Filling up the DagBag from /opt/airflow/dags/dag_scraping_daily.py
[2026-02-01T19:12:17.582+0700] {processor.py:925} INFO - DAG(s) 'dag_scraping_daily' retrieved from /opt/airflow/dags/dag_scraping_daily.py
[2026-02-01T19:12:17.648+0700] {logging_mixin.py:190} INFO - [2026-02-01T19:12:17.647+0700] {dag.py:3211} INFO - Sync 1 DAGs
[2026-02-01T19:12:17.698+0700] {logging_mixin.py:190} INFO - [2026-02-01T19:12:17.698+0700] {dag.py:4138} INFO - Setting next_dagrun for dag_scraping_daily to 2026-02-01 05:00:00+00:00, run_after=2026-02-01 17:00:00+00:00
[2026-02-01T19:12:17.726+0700] {processor.py:208} INFO - Processing /opt/airflow/dags/dag_scraping_daily.py took 0.820 seconds
[2026-02-01T19:12:48.577+0700] {processor.py:186} INFO - Started process (PID=798) to work on /opt/airflow/dags/dag_scraping_daily.py
[2026-02-01T19:12:48.578+0700] {processor.py:914} INFO - Processing file /opt/airflow/dags/dag_scraping_daily.py for tasks to queue
[2026-02-01T19:12:48.581+0700] {logging_mixin.py:190} INFO - [2026-02-01T19:12:48.581+0700] {dagbag.py:587} INFO - Filling up the DagBag from /opt/airflow/dags/dag_scraping_daily.py
[2026-02-01T19:12:49.042+0700] {processor.py:925} INFO - DAG(s) 'dag_scraping_daily' retrieved from /opt/airflow/dags/dag_scraping_daily.py
[2026-02-01T19:12:49.066+0700] {logging_mixin.py:190} INFO - [2026-02-01T19:12:49.066+0700] {dag.py:3211} INFO - Sync 1 DAGs
[2026-02-01T19:12:49.090+0700] {logging_mixin.py:190} INFO - [2026-02-01T19:12:49.090+0700] {dag.py:4138} INFO - Setting next_dagrun for dag_scraping_daily to 2026-02-01 05:00:00+00:00, run_after=2026-02-01 17:00:00+00:00
[2026-02-01T19:12:49.111+0700] {processor.py:208} INFO - Processing /opt/airflow/dags/dag_scraping_daily.py took 0.541 seconds
[2026-02-01T19:13:19.991+0700] {processor.py:186} INFO - Started process (PID=810) to work on /opt/airflow/dags/dag_scraping_daily.py
[2026-02-01T19:13:19.993+0700] {processor.py:914} INFO - Processing file /opt/airflow/dags/dag_scraping_daily.py for tasks to queue
[2026-02-01T19:13:20.003+0700] {logging_mixin.py:190} INFO - [2026-02-01T19:13:19.999+0700] {dagbag.py:587} INFO - Filling up the DagBag from /opt/airflow/dags/dag_scraping_daily.py
[2026-02-01T19:13:20.670+0700] {processor.py:925} INFO - DAG(s) 'dag_scraping_daily' retrieved from /opt/airflow/dags/dag_scraping_daily.py
[2026-02-01T19:13:20.701+0700] {logging_mixin.py:190} INFO - [2026-02-01T19:13:20.700+0700] {dag.py:3211} INFO - Sync 1 DAGs
[2026-02-01T19:13:20.732+0700] {logging_mixin.py:190} INFO - [2026-02-01T19:13:20.732+0700] {dag.py:4138} INFO - Setting next_dagrun for dag_scraping_daily to 2026-02-01 05:00:00+00:00, run_after=2026-02-01 17:00:00+00:00
[2026-02-01T19:13:20.758+0700] {processor.py:208} INFO - Processing /opt/airflow/dags/dag_scraping_daily.py took 0.778 seconds
[2026-02-01T19:13:51.491+0700] {processor.py:186} INFO - Started process (PID=822) to work on /opt/airflow/dags/dag_scraping_daily.py
[2026-02-01T19:13:51.492+0700] {processor.py:914} INFO - Processing file /opt/airflow/dags/dag_scraping_daily.py for tasks to queue
[2026-02-01T19:13:51.495+0700] {logging_mixin.py:190} INFO - [2026-02-01T19:13:51.494+0700] {dagbag.py:587} INFO - Filling up the DagBag from /opt/airflow/dags/dag_scraping_daily.py
[2026-02-01T19:13:52.025+0700] {processor.py:925} INFO - DAG(s) 'dag_scraping_daily' retrieved from /opt/airflow/dags/dag_scraping_daily.py
[2026-02-01T19:13:52.051+0700] {logging_mixin.py:190} INFO - [2026-02-01T19:13:52.050+0700] {dag.py:3211} INFO - Sync 1 DAGs
[2026-02-01T19:13:52.079+0700] {logging_mixin.py:190} INFO - [2026-02-01T19:13:52.078+0700] {dag.py:4138} INFO - Setting next_dagrun for dag_scraping_daily to 2026-02-01 05:00:00+00:00, run_after=2026-02-01 17:00:00+00:00
[2026-02-01T19:13:52.103+0700] {processor.py:208} INFO - Processing /opt/airflow/dags/dag_scraping_daily.py took 0.620 seconds
[2026-02-01T19:14:23.068+0700] {processor.py:186} INFO - Started process (PID=834) to work on /opt/airflow/dags/dag_scraping_daily.py
[2026-02-01T19:14:23.069+0700] {processor.py:914} INFO - Processing file /opt/airflow/dags/dag_scraping_daily.py for tasks to queue
[2026-02-01T19:14:23.076+0700] {logging_mixin.py:190} INFO - [2026-02-01T19:14:23.075+0700] {dagbag.py:587} INFO - Filling up the DagBag from /opt/airflow/dags/dag_scraping_daily.py
[2026-02-01T19:14:23.961+0700] {processor.py:925} INFO - DAG(s) 'dag_scraping_daily' retrieved from /opt/airflow/dags/dag_scraping_daily.py
[2026-02-01T19:14:23.989+0700] {logging_mixin.py:190} INFO - [2026-02-01T19:14:23.989+0700] {dag.py:3211} INFO - Sync 1 DAGs
[2026-02-01T19:14:24.018+0700] {logging_mixin.py:190} INFO - [2026-02-01T19:14:24.017+0700] {dag.py:4138} INFO - Setting next_dagrun for dag_scraping_daily to 2026-02-01 05:00:00+00:00, run_after=2026-02-01 17:00:00+00:00
[2026-02-01T19:14:24.039+0700] {processor.py:208} INFO - Processing /opt/airflow/dags/dag_scraping_daily.py took 0.985 seconds
[2026-02-01T19:14:54.770+0700] {processor.py:186} INFO - Started process (PID=846) to work on /opt/airflow/dags/dag_scraping_daily.py
[2026-02-01T19:14:54.771+0700] {processor.py:914} INFO - Processing file /opt/airflow/dags/dag_scraping_daily.py for tasks to queue
[2026-02-01T19:14:54.776+0700] {logging_mixin.py:190} INFO - [2026-02-01T19:14:54.775+0700] {dagbag.py:587} INFO - Filling up the DagBag from /opt/airflow/dags/dag_scraping_daily.py
[2026-02-01T19:14:55.374+0700] {processor.py:925} INFO - DAG(s) 'dag_scraping_daily' retrieved from /opt/airflow/dags/dag_scraping_daily.py
[2026-02-01T19:14:55.398+0700] {logging_mixin.py:190} INFO - [2026-02-01T19:14:55.398+0700] {dag.py:3211} INFO - Sync 1 DAGs
[2026-02-01T19:14:55.431+0700] {logging_mixin.py:190} INFO - [2026-02-01T19:14:55.431+0700] {dag.py:4138} INFO - Setting next_dagrun for dag_scraping_daily to 2026-02-01 05:00:00+00:00, run_after=2026-02-01 17:00:00+00:00
[2026-02-01T19:14:55.465+0700] {processor.py:208} INFO - Processing /opt/airflow/dags/dag_scraping_daily.py took 0.704 seconds
[2026-02-01T19:15:26.363+0700] {processor.py:186} INFO - Started process (PID=858) to work on /opt/airflow/dags/dag_scraping_daily.py
[2026-02-01T19:15:26.365+0700] {processor.py:914} INFO - Processing file /opt/airflow/dags/dag_scraping_daily.py for tasks to queue
[2026-02-01T19:15:26.367+0700] {logging_mixin.py:190} INFO - [2026-02-01T19:15:26.367+0700] {dagbag.py:587} INFO - Filling up the DagBag from /opt/airflow/dags/dag_scraping_daily.py
[2026-02-01T19:15:26.799+0700] {processor.py:925} INFO - DAG(s) 'dag_scraping_daily' retrieved from /opt/airflow/dags/dag_scraping_daily.py
[2026-02-01T19:15:26.823+0700] {logging_mixin.py:190} INFO - [2026-02-01T19:15:26.822+0700] {dag.py:3211} INFO - Sync 1 DAGs
[2026-02-01T19:15:26.843+0700] {logging_mixin.py:190} INFO - [2026-02-01T19:15:26.843+0700] {dag.py:4138} INFO - Setting next_dagrun for dag_scraping_daily to 2026-02-01 05:00:00+00:00, run_after=2026-02-01 17:00:00+00:00
[2026-02-01T19:15:26.864+0700] {processor.py:208} INFO - Processing /opt/airflow/dags/dag_scraping_daily.py took 0.508 seconds
[2026-02-01T19:15:57.422+0700] {processor.py:186} INFO - Started process (PID=870) to work on /opt/airflow/dags/dag_scraping_daily.py
[2026-02-01T19:15:57.423+0700] {processor.py:914} INFO - Processing file /opt/airflow/dags/dag_scraping_daily.py for tasks to queue
[2026-02-01T19:15:57.426+0700] {logging_mixin.py:190} INFO - [2026-02-01T19:15:57.426+0700] {dagbag.py:587} INFO - Filling up the DagBag from /opt/airflow/dags/dag_scraping_daily.py
[2026-02-01T19:15:58.191+0700] {processor.py:925} INFO - DAG(s) 'dag_scraping_daily' retrieved from /opt/airflow/dags/dag_scraping_daily.py
[2026-02-01T19:15:58.231+0700] {logging_mixin.py:190} INFO - [2026-02-01T19:15:58.230+0700] {dag.py:3211} INFO - Sync 1 DAGs
[2026-02-01T19:15:58.262+0700] {logging_mixin.py:190} INFO - [2026-02-01T19:15:58.262+0700] {dag.py:4138} INFO - Setting next_dagrun for dag_scraping_daily to 2026-02-01 05:00:00+00:00, run_after=2026-02-01 17:00:00+00:00
[2026-02-01T19:15:58.304+0700] {processor.py:208} INFO - Processing /opt/airflow/dags/dag_scraping_daily.py took 0.891 seconds
[2026-02-01T19:16:29.001+0700] {processor.py:186} INFO - Started process (PID=882) to work on /opt/airflow/dags/dag_scraping_daily.py
[2026-02-01T19:16:29.002+0700] {processor.py:914} INFO - Processing file /opt/airflow/dags/dag_scraping_daily.py for tasks to queue
[2026-02-01T19:16:29.006+0700] {logging_mixin.py:190} INFO - [2026-02-01T19:16:29.005+0700] {dagbag.py:587} INFO - Filling up the DagBag from /opt/airflow/dags/dag_scraping_daily.py
[2026-02-01T19:16:29.456+0700] {processor.py:925} INFO - DAG(s) 'dag_scraping_daily' retrieved from /opt/airflow/dags/dag_scraping_daily.py
[2026-02-01T19:16:29.480+0700] {logging_mixin.py:190} INFO - [2026-02-01T19:16:29.480+0700] {dag.py:3211} INFO - Sync 1 DAGs
[2026-02-01T19:16:29.501+0700] {logging_mixin.py:190} INFO - [2026-02-01T19:16:29.500+0700] {dag.py:4138} INFO - Setting next_dagrun for dag_scraping_daily to 2026-02-01 05:00:00+00:00, run_after=2026-02-01 17:00:00+00:00
[2026-02-01T19:16:29.522+0700] {processor.py:208} INFO - Processing /opt/airflow/dags/dag_scraping_daily.py took 0.526 seconds
[2026-02-01T19:17:00.184+0700] {processor.py:186} INFO - Started process (PID=894) to work on /opt/airflow/dags/dag_scraping_daily.py
[2026-02-01T19:17:00.185+0700] {processor.py:914} INFO - Processing file /opt/airflow/dags/dag_scraping_daily.py for tasks to queue
[2026-02-01T19:17:00.187+0700] {logging_mixin.py:190} INFO - [2026-02-01T19:17:00.187+0700] {dagbag.py:587} INFO - Filling up the DagBag from /opt/airflow/dags/dag_scraping_daily.py
[2026-02-01T19:17:00.735+0700] {processor.py:925} INFO - DAG(s) 'dag_scraping_daily' retrieved from /opt/airflow/dags/dag_scraping_daily.py
[2026-02-01T19:17:00.763+0700] {logging_mixin.py:190} INFO - [2026-02-01T19:17:00.762+0700] {dag.py:3211} INFO - Sync 1 DAGs
[2026-02-01T19:17:00.786+0700] {logging_mixin.py:190} INFO - [2026-02-01T19:17:00.786+0700] {dag.py:4138} INFO - Setting next_dagrun for dag_scraping_daily to 2026-02-01 05:00:00+00:00, run_after=2026-02-01 17:00:00+00:00
[2026-02-01T19:17:00.810+0700] {processor.py:208} INFO - Processing /opt/airflow/dags/dag_scraping_daily.py took 0.633 seconds
[2026-02-01T19:17:31.495+0700] {processor.py:186} INFO - Started process (PID=906) to work on /opt/airflow/dags/dag_scraping_daily.py
[2026-02-01T19:17:31.496+0700] {processor.py:914} INFO - Processing file /opt/airflow/dags/dag_scraping_daily.py for tasks to queue
[2026-02-01T19:17:31.498+0700] {logging_mixin.py:190} INFO - [2026-02-01T19:17:31.498+0700] {dagbag.py:587} INFO - Filling up the DagBag from /opt/airflow/dags/dag_scraping_daily.py
[2026-02-01T19:17:31.995+0700] {processor.py:925} INFO - DAG(s) 'dag_scraping_daily' retrieved from /opt/airflow/dags/dag_scraping_daily.py
[2026-02-01T19:17:32.027+0700] {logging_mixin.py:190} INFO - [2026-02-01T19:17:32.027+0700] {dag.py:3211} INFO - Sync 1 DAGs
[2026-02-01T19:17:32.054+0700] {logging_mixin.py:190} INFO - [2026-02-01T19:17:32.054+0700] {dag.py:4138} INFO - Setting next_dagrun for dag_scraping_daily to 2026-02-01 05:00:00+00:00, run_after=2026-02-01 17:00:00+00:00
[2026-02-01T19:17:32.076+0700] {processor.py:208} INFO - Processing /opt/airflow/dags/dag_scraping_daily.py took 0.587 seconds
[2026-02-01T19:18:02.878+0700] {processor.py:186} INFO - Started process (PID=918) to work on /opt/airflow/dags/dag_scraping_daily.py
[2026-02-01T19:18:02.879+0700] {processor.py:914} INFO - Processing file /opt/airflow/dags/dag_scraping_daily.py for tasks to queue
[2026-02-01T19:18:02.882+0700] {logging_mixin.py:190} INFO - [2026-02-01T19:18:02.881+0700] {dagbag.py:587} INFO - Filling up the DagBag from /opt/airflow/dags/dag_scraping_daily.py
[2026-02-01T19:18:03.359+0700] {processor.py:925} INFO - DAG(s) 'dag_scraping_daily' retrieved from /opt/airflow/dags/dag_scraping_daily.py
[2026-02-01T19:18:03.383+0700] {logging_mixin.py:190} INFO - [2026-02-01T19:18:03.383+0700] {dag.py:3211} INFO - Sync 1 DAGs
[2026-02-01T19:18:03.405+0700] {logging_mixin.py:190} INFO - [2026-02-01T19:18:03.405+0700] {dag.py:4138} INFO - Setting next_dagrun for dag_scraping_daily to 2026-02-01 05:00:00+00:00, run_after=2026-02-01 17:00:00+00:00
[2026-02-01T19:18:03.426+0700] {processor.py:208} INFO - Processing /opt/airflow/dags/dag_scraping_daily.py took 0.553 seconds
[2026-02-01T19:18:34.165+0700] {processor.py:186} INFO - Started process (PID=930) to work on /opt/airflow/dags/dag_scraping_daily.py
[2026-02-01T19:18:34.166+0700] {processor.py:914} INFO - Processing file /opt/airflow/dags/dag_scraping_daily.py for tasks to queue
[2026-02-01T19:18:34.169+0700] {logging_mixin.py:190} INFO - [2026-02-01T19:18:34.168+0700] {dagbag.py:587} INFO - Filling up the DagBag from /opt/airflow/dags/dag_scraping_daily.py
[2026-02-01T19:18:34.901+0700] {processor.py:925} INFO - DAG(s) 'dag_scraping_daily' retrieved from /opt/airflow/dags/dag_scraping_daily.py
[2026-02-01T19:18:34.938+0700] {logging_mixin.py:190} INFO - [2026-02-01T19:18:34.937+0700] {dag.py:3211} INFO - Sync 1 DAGs
[2026-02-01T19:18:34.971+0700] {logging_mixin.py:190} INFO - [2026-02-01T19:18:34.971+0700] {dag.py:4138} INFO - Setting next_dagrun for dag_scraping_daily to 2026-02-01 05:00:00+00:00, run_after=2026-02-01 17:00:00+00:00
[2026-02-01T19:18:34.999+0700] {processor.py:208} INFO - Processing /opt/airflow/dags/dag_scraping_daily.py took 0.843 seconds
[2026-02-01T19:19:05.523+0700] {processor.py:186} INFO - Started process (PID=945) to work on /opt/airflow/dags/dag_scraping_daily.py
[2026-02-01T19:19:05.524+0700] {processor.py:914} INFO - Processing file /opt/airflow/dags/dag_scraping_daily.py for tasks to queue
[2026-02-01T19:19:05.527+0700] {logging_mixin.py:190} INFO - [2026-02-01T19:19:05.527+0700] {dagbag.py:587} INFO - Filling up the DagBag from /opt/airflow/dags/dag_scraping_daily.py
[2026-02-01T19:19:05.983+0700] {processor.py:925} INFO - DAG(s) 'dag_scraping_daily' retrieved from /opt/airflow/dags/dag_scraping_daily.py
[2026-02-01T19:19:06.014+0700] {logging_mixin.py:190} INFO - [2026-02-01T19:19:06.012+0700] {dag.py:3211} INFO - Sync 1 DAGs
[2026-02-01T19:19:06.044+0700] {logging_mixin.py:190} INFO - [2026-02-01T19:19:06.044+0700] {dag.py:4138} INFO - Setting next_dagrun for dag_scraping_daily to 2026-02-01 05:00:00+00:00, run_after=2026-02-01 17:00:00+00:00
[2026-02-01T19:19:06.076+0700] {processor.py:208} INFO - Processing /opt/airflow/dags/dag_scraping_daily.py took 0.562 seconds
[2026-02-01T19:19:36.213+0700] {processor.py:186} INFO - Started process (PID=957) to work on /opt/airflow/dags/dag_scraping_daily.py
[2026-02-01T19:19:36.216+0700] {processor.py:914} INFO - Processing file /opt/airflow/dags/dag_scraping_daily.py for tasks to queue
[2026-02-01T19:19:36.219+0700] {logging_mixin.py:190} INFO - [2026-02-01T19:19:36.218+0700] {dagbag.py:587} INFO - Filling up the DagBag from /opt/airflow/dags/dag_scraping_daily.py
[2026-02-01T19:19:36.662+0700] {processor.py:925} INFO - DAG(s) 'dag_scraping_daily' retrieved from /opt/airflow/dags/dag_scraping_daily.py
[2026-02-01T19:19:36.686+0700] {logging_mixin.py:190} INFO - [2026-02-01T19:19:36.686+0700] {dag.py:3211} INFO - Sync 1 DAGs
[2026-02-01T19:19:36.709+0700] {logging_mixin.py:190} INFO - [2026-02-01T19:19:36.709+0700] {dag.py:4138} INFO - Setting next_dagrun for dag_scraping_daily to 2026-02-01 05:00:00+00:00, run_after=2026-02-01 17:00:00+00:00
[2026-02-01T19:19:36.735+0700] {processor.py:208} INFO - Processing /opt/airflow/dags/dag_scraping_daily.py took 0.530 seconds
[2026-02-01T19:20:06.951+0700] {processor.py:186} INFO - Started process (PID=967) to work on /opt/airflow/dags/dag_scraping_daily.py
[2026-02-01T19:20:06.954+0700] {processor.py:914} INFO - Processing file /opt/airflow/dags/dag_scraping_daily.py for tasks to queue
[2026-02-01T19:20:06.959+0700] {logging_mixin.py:190} INFO - [2026-02-01T19:20:06.958+0700] {dagbag.py:587} INFO - Filling up the DagBag from /opt/airflow/dags/dag_scraping_daily.py
[2026-02-01T19:20:07.704+0700] {processor.py:925} INFO - DAG(s) 'dag_scraping_daily' retrieved from /opt/airflow/dags/dag_scraping_daily.py
[2026-02-01T19:20:07.767+0700] {logging_mixin.py:190} INFO - [2026-02-01T19:20:07.766+0700] {dag.py:3211} INFO - Sync 1 DAGs
[2026-02-01T19:20:07.833+0700] {logging_mixin.py:190} INFO - [2026-02-01T19:20:07.832+0700] {dag.py:4138} INFO - Setting next_dagrun for dag_scraping_daily to 2026-02-01 05:00:00+00:00, run_after=2026-02-01 17:00:00+00:00
[2026-02-01T19:20:07.883+0700] {processor.py:208} INFO - Processing /opt/airflow/dags/dag_scraping_daily.py took 0.944 seconds
[2026-02-01T19:20:38.294+0700] {processor.py:186} INFO - Started process (PID=981) to work on /opt/airflow/dags/dag_scraping_daily.py
[2026-02-01T19:20:38.295+0700] {processor.py:914} INFO - Processing file /opt/airflow/dags/dag_scraping_daily.py for tasks to queue
[2026-02-01T19:20:38.297+0700] {logging_mixin.py:190} INFO - [2026-02-01T19:20:38.297+0700] {dagbag.py:587} INFO - Filling up the DagBag from /opt/airflow/dags/dag_scraping_daily.py
[2026-02-01T19:20:38.834+0700] {processor.py:925} INFO - DAG(s) 'dag_scraping_daily' retrieved from /opt/airflow/dags/dag_scraping_daily.py
[2026-02-01T19:20:38.863+0700] {logging_mixin.py:190} INFO - [2026-02-01T19:20:38.862+0700] {dag.py:3211} INFO - Sync 1 DAGs
[2026-02-01T19:20:38.888+0700] {logging_mixin.py:190} INFO - [2026-02-01T19:20:38.888+0700] {dag.py:4138} INFO - Setting next_dagrun for dag_scraping_daily to 2026-02-01 05:00:00+00:00, run_after=2026-02-01 17:00:00+00:00
[2026-02-01T19:20:38.909+0700] {processor.py:208} INFO - Processing /opt/airflow/dags/dag_scraping_daily.py took 0.622 seconds
[2026-02-01T19:21:09.230+0700] {processor.py:186} INFO - Started process (PID=993) to work on /opt/airflow/dags/dag_scraping_daily.py
[2026-02-01T19:21:09.231+0700] {processor.py:914} INFO - Processing file /opt/airflow/dags/dag_scraping_daily.py for tasks to queue
[2026-02-01T19:21:09.234+0700] {logging_mixin.py:190} INFO - [2026-02-01T19:21:09.234+0700] {dagbag.py:587} INFO - Filling up the DagBag from /opt/airflow/dags/dag_scraping_daily.py
[2026-02-01T19:21:09.643+0700] {processor.py:925} INFO - DAG(s) 'dag_scraping_daily' retrieved from /opt/airflow/dags/dag_scraping_daily.py
[2026-02-01T19:21:09.678+0700] {logging_mixin.py:190} INFO - [2026-02-01T19:21:09.677+0700] {dag.py:3211} INFO - Sync 1 DAGs
[2026-02-01T19:21:09.703+0700] {logging_mixin.py:190} INFO - [2026-02-01T19:21:09.703+0700] {dag.py:4138} INFO - Setting next_dagrun for dag_scraping_daily to 2026-02-01 05:00:00+00:00, run_after=2026-02-01 17:00:00+00:00
[2026-02-01T19:21:09.729+0700] {processor.py:208} INFO - Processing /opt/airflow/dags/dag_scraping_daily.py took 0.507 seconds
[2026-02-01T19:21:40.329+0700] {processor.py:186} INFO - Started process (PID=1005) to work on /opt/airflow/dags/dag_scraping_daily.py
[2026-02-01T19:21:40.330+0700] {processor.py:914} INFO - Processing file /opt/airflow/dags/dag_scraping_daily.py for tasks to queue
[2026-02-01T19:21:40.333+0700] {logging_mixin.py:190} INFO - [2026-02-01T19:21:40.332+0700] {dagbag.py:587} INFO - Filling up the DagBag from /opt/airflow/dags/dag_scraping_daily.py
[2026-02-01T19:21:40.865+0700] {processor.py:925} INFO - DAG(s) 'dag_scraping_daily' retrieved from /opt/airflow/dags/dag_scraping_daily.py
[2026-02-01T19:21:40.910+0700] {logging_mixin.py:190} INFO - [2026-02-01T19:21:40.909+0700] {dag.py:3211} INFO - Sync 1 DAGs
[2026-02-01T19:21:40.958+0700] {logging_mixin.py:190} INFO - [2026-02-01T19:21:40.958+0700] {dag.py:4138} INFO - Setting next_dagrun for dag_scraping_daily to 2026-02-01 05:00:00+00:00, run_after=2026-02-01 17:00:00+00:00
[2026-02-01T19:21:40.994+0700] {processor.py:208} INFO - Processing /opt/airflow/dags/dag_scraping_daily.py took 0.673 seconds
[2026-02-01T19:22:11.815+0700] {processor.py:186} INFO - Started process (PID=1133) to work on /opt/airflow/dags/dag_scraping_daily.py
[2026-02-01T19:22:11.821+0700] {processor.py:914} INFO - Processing file /opt/airflow/dags/dag_scraping_daily.py for tasks to queue
[2026-02-01T19:22:11.859+0700] {logging_mixin.py:190} INFO - [2026-02-01T19:22:11.845+0700] {dagbag.py:587} INFO - Filling up the DagBag from /opt/airflow/dags/dag_scraping_daily.py
[2026-02-01T19:22:13.300+0700] {processor.py:925} INFO - DAG(s) 'dag_scraping_daily' retrieved from /opt/airflow/dags/dag_scraping_daily.py
[2026-02-01T19:22:13.358+0700] {logging_mixin.py:190} INFO - [2026-02-01T19:22:13.357+0700] {dag.py:3211} INFO - Sync 1 DAGs
[2026-02-01T19:22:13.444+0700] {logging_mixin.py:190} INFO - [2026-02-01T19:22:13.443+0700] {dag.py:4138} INFO - Setting next_dagrun for dag_scraping_daily to 2026-02-01 05:00:00+00:00, run_after=2026-02-01 17:00:00+00:00
[2026-02-01T19:22:13.484+0700] {processor.py:208} INFO - Processing /opt/airflow/dags/dag_scraping_daily.py took 1.753 seconds
[2026-02-01T19:22:43.780+0700] {processor.py:186} INFO - Started process (PID=1260) to work on /opt/airflow/dags/dag_scraping_daily.py
[2026-02-01T19:22:43.782+0700] {processor.py:914} INFO - Processing file /opt/airflow/dags/dag_scraping_daily.py for tasks to queue
[2026-02-01T19:22:43.787+0700] {logging_mixin.py:190} INFO - [2026-02-01T19:22:43.787+0700] {dagbag.py:587} INFO - Filling up the DagBag from /opt/airflow/dags/dag_scraping_daily.py
[2026-02-01T19:22:44.387+0700] {processor.py:925} INFO - DAG(s) 'dag_scraping_daily' retrieved from /opt/airflow/dags/dag_scraping_daily.py
[2026-02-01T19:22:44.421+0700] {logging_mixin.py:190} INFO - [2026-02-01T19:22:44.421+0700] {dag.py:3211} INFO - Sync 1 DAGs
[2026-02-01T19:22:44.453+0700] {logging_mixin.py:190} INFO - [2026-02-01T19:22:44.453+0700] {dag.py:4138} INFO - Setting next_dagrun for dag_scraping_daily to 2026-02-01 05:00:00+00:00, run_after=2026-02-01 17:00:00+00:00
[2026-02-01T19:22:44.476+0700] {processor.py:208} INFO - Processing /opt/airflow/dags/dag_scraping_daily.py took 0.705 seconds
[2026-02-01T19:23:14.757+0700] {processor.py:186} INFO - Started process (PID=1394) to work on /opt/airflow/dags/dag_scraping_daily.py
[2026-02-01T19:23:14.759+0700] {processor.py:914} INFO - Processing file /opt/airflow/dags/dag_scraping_daily.py for tasks to queue
[2026-02-01T19:23:14.764+0700] {logging_mixin.py:190} INFO - [2026-02-01T19:23:14.763+0700] {dagbag.py:587} INFO - Filling up the DagBag from /opt/airflow/dags/dag_scraping_daily.py
[2026-02-01T19:23:15.254+0700] {processor.py:925} INFO - DAG(s) 'dag_scraping_daily' retrieved from /opt/airflow/dags/dag_scraping_daily.py
[2026-02-01T19:23:15.287+0700] {logging_mixin.py:190} INFO - [2026-02-01T19:23:15.286+0700] {dag.py:3211} INFO - Sync 1 DAGs
[2026-02-01T19:23:15.311+0700] {logging_mixin.py:190} INFO - [2026-02-01T19:23:15.311+0700] {dag.py:4138} INFO - Setting next_dagrun for dag_scraping_daily to 2026-02-01 05:00:00+00:00, run_after=2026-02-01 17:00:00+00:00
[2026-02-01T19:23:15.335+0700] {processor.py:208} INFO - Processing /opt/airflow/dags/dag_scraping_daily.py took 0.587 seconds
[2026-02-01T19:23:46.200+0700] {processor.py:186} INFO - Started process (PID=1409) to work on /opt/airflow/dags/dag_scraping_daily.py
[2026-02-01T19:23:46.201+0700] {processor.py:914} INFO - Processing file /opt/airflow/dags/dag_scraping_daily.py for tasks to queue
[2026-02-01T19:23:46.203+0700] {logging_mixin.py:190} INFO - [2026-02-01T19:23:46.203+0700] {dagbag.py:587} INFO - Filling up the DagBag from /opt/airflow/dags/dag_scraping_daily.py
[2026-02-01T19:23:46.608+0700] {processor.py:925} INFO - DAG(s) 'dag_scraping_daily' retrieved from /opt/airflow/dags/dag_scraping_daily.py
[2026-02-01T19:23:46.632+0700] {logging_mixin.py:190} INFO - [2026-02-01T19:23:46.631+0700] {dag.py:3211} INFO - Sync 1 DAGs
[2026-02-01T19:23:46.653+0700] {logging_mixin.py:190} INFO - [2026-02-01T19:23:46.653+0700] {dag.py:4138} INFO - Setting next_dagrun for dag_scraping_daily to 2026-02-01 05:00:00+00:00, run_after=2026-02-01 17:00:00+00:00
[2026-02-01T19:23:46.677+0700] {processor.py:208} INFO - Processing /opt/airflow/dags/dag_scraping_daily.py took 0.483 seconds
[2026-02-01T19:24:16.941+0700] {processor.py:186} INFO - Started process (PID=1421) to work on /opt/airflow/dags/dag_scraping_daily.py
[2026-02-01T19:24:16.942+0700] {processor.py:914} INFO - Processing file /opt/airflow/dags/dag_scraping_daily.py for tasks to queue
[2026-02-01T19:24:16.944+0700] {logging_mixin.py:190} INFO - [2026-02-01T19:24:16.944+0700] {dagbag.py:587} INFO - Filling up the DagBag from /opt/airflow/dags/dag_scraping_daily.py
[2026-02-01T19:24:17.341+0700] {processor.py:925} INFO - DAG(s) 'dag_scraping_daily' retrieved from /opt/airflow/dags/dag_scraping_daily.py
[2026-02-01T19:24:17.367+0700] {logging_mixin.py:190} INFO - [2026-02-01T19:24:17.367+0700] {dag.py:3211} INFO - Sync 1 DAGs
[2026-02-01T19:24:17.388+0700] {logging_mixin.py:190} INFO - [2026-02-01T19:24:17.388+0700] {dag.py:4138} INFO - Setting next_dagrun for dag_scraping_daily to 2026-02-01 05:00:00+00:00, run_after=2026-02-01 17:00:00+00:00
[2026-02-01T19:24:17.411+0700] {processor.py:208} INFO - Processing /opt/airflow/dags/dag_scraping_daily.py took 0.476 seconds
[2026-02-01T19:24:47.653+0700] {processor.py:186} INFO - Started process (PID=1433) to work on /opt/airflow/dags/dag_scraping_daily.py
[2026-02-01T19:24:47.655+0700] {processor.py:914} INFO - Processing file /opt/airflow/dags/dag_scraping_daily.py for tasks to queue
[2026-02-01T19:24:47.659+0700] {logging_mixin.py:190} INFO - [2026-02-01T19:24:47.658+0700] {dagbag.py:587} INFO - Filling up the DagBag from /opt/airflow/dags/dag_scraping_daily.py
[2026-02-01T19:24:48.143+0700] {processor.py:925} INFO - DAG(s) 'dag_scraping_daily' retrieved from /opt/airflow/dags/dag_scraping_daily.py
[2026-02-01T19:24:48.164+0700] {logging_mixin.py:190} INFO - [2026-02-01T19:24:48.164+0700] {dag.py:3211} INFO - Sync 1 DAGs
[2026-02-01T19:24:48.187+0700] {logging_mixin.py:190} INFO - [2026-02-01T19:24:48.187+0700] {dag.py:4138} INFO - Setting next_dagrun for dag_scraping_daily to 2026-02-01 05:00:00+00:00, run_after=2026-02-01 17:00:00+00:00
[2026-02-01T19:24:48.210+0700] {processor.py:208} INFO - Processing /opt/airflow/dags/dag_scraping_daily.py took 0.565 seconds
[2026-02-01T19:25:18.461+0700] {processor.py:186} INFO - Started process (PID=1445) to work on /opt/airflow/dags/dag_scraping_daily.py
[2026-02-01T19:25:18.463+0700] {processor.py:914} INFO - Processing file /opt/airflow/dags/dag_scraping_daily.py for tasks to queue
[2026-02-01T19:25:18.466+0700] {logging_mixin.py:190} INFO - [2026-02-01T19:25:18.466+0700] {dagbag.py:587} INFO - Filling up the DagBag from /opt/airflow/dags/dag_scraping_daily.py
[2026-02-01T19:25:18.940+0700] {processor.py:925} INFO - DAG(s) 'dag_scraping_daily' retrieved from /opt/airflow/dags/dag_scraping_daily.py
[2026-02-01T19:25:18.974+0700] {logging_mixin.py:190} INFO - [2026-02-01T19:25:18.973+0700] {dag.py:3211} INFO - Sync 1 DAGs
[2026-02-01T19:25:19.000+0700] {logging_mixin.py:190} INFO - [2026-02-01T19:25:19.000+0700] {dag.py:4138} INFO - Setting next_dagrun for dag_scraping_daily to 2026-02-01 05:00:00+00:00, run_after=2026-02-01 17:00:00+00:00
[2026-02-01T19:25:19.028+0700] {processor.py:208} INFO - Processing /opt/airflow/dags/dag_scraping_daily.py took 0.575 seconds
[2026-02-01T19:25:49.271+0700] {processor.py:186} INFO - Started process (PID=1457) to work on /opt/airflow/dags/dag_scraping_daily.py
[2026-02-01T19:25:49.272+0700] {processor.py:914} INFO - Processing file /opt/airflow/dags/dag_scraping_daily.py for tasks to queue
[2026-02-01T19:25:49.274+0700] {logging_mixin.py:190} INFO - [2026-02-01T19:25:49.274+0700] {dagbag.py:587} INFO - Filling up the DagBag from /opt/airflow/dags/dag_scraping_daily.py
[2026-02-01T19:25:49.669+0700] {processor.py:925} INFO - DAG(s) 'dag_scraping_daily' retrieved from /opt/airflow/dags/dag_scraping_daily.py
[2026-02-01T19:25:49.693+0700] {logging_mixin.py:190} INFO - [2026-02-01T19:25:49.693+0700] {dag.py:3211} INFO - Sync 1 DAGs
[2026-02-01T19:25:49.716+0700] {logging_mixin.py:190} INFO - [2026-02-01T19:25:49.715+0700] {dag.py:4138} INFO - Setting next_dagrun for dag_scraping_daily to 2026-02-01 05:00:00+00:00, run_after=2026-02-01 17:00:00+00:00
[2026-02-01T19:25:49.738+0700] {processor.py:208} INFO - Processing /opt/airflow/dags/dag_scraping_daily.py took 0.474 seconds
[2026-02-01T19:26:19.820+0700] {processor.py:186} INFO - Started process (PID=1469) to work on /opt/airflow/dags/dag_scraping_daily.py
[2026-02-01T19:26:19.821+0700] {processor.py:914} INFO - Processing file /opt/airflow/dags/dag_scraping_daily.py for tasks to queue
[2026-02-01T19:26:19.825+0700] {logging_mixin.py:190} INFO - [2026-02-01T19:26:19.824+0700] {dagbag.py:587} INFO - Filling up the DagBag from /opt/airflow/dags/dag_scraping_daily.py
[2026-02-01T19:26:20.363+0700] {processor.py:925} INFO - DAG(s) 'dag_scraping_daily' retrieved from /opt/airflow/dags/dag_scraping_daily.py
[2026-02-01T19:26:20.395+0700] {logging_mixin.py:190} INFO - [2026-02-01T19:26:20.394+0700] {dag.py:3211} INFO - Sync 1 DAGs
[2026-02-01T19:26:20.421+0700] {logging_mixin.py:190} INFO - [2026-02-01T19:26:20.421+0700] {dag.py:4138} INFO - Setting next_dagrun for dag_scraping_daily to 2026-02-01 05:00:00+00:00, run_after=2026-02-01 17:00:00+00:00
[2026-02-01T19:26:20.446+0700] {processor.py:208} INFO - Processing /opt/airflow/dags/dag_scraping_daily.py took 0.635 seconds
[2026-02-01T19:26:50.660+0700] {processor.py:186} INFO - Started process (PID=1481) to work on /opt/airflow/dags/dag_scraping_daily.py
[2026-02-01T19:26:50.662+0700] {processor.py:914} INFO - Processing file /opt/airflow/dags/dag_scraping_daily.py for tasks to queue
[2026-02-01T19:26:50.665+0700] {logging_mixin.py:190} INFO - [2026-02-01T19:26:50.664+0700] {dagbag.py:587} INFO - Filling up the DagBag from /opt/airflow/dags/dag_scraping_daily.py
[2026-02-01T19:26:51.115+0700] {processor.py:925} INFO - DAG(s) 'dag_scraping_daily' retrieved from /opt/airflow/dags/dag_scraping_daily.py
[2026-02-01T19:26:51.139+0700] {logging_mixin.py:190} INFO - [2026-02-01T19:26:51.139+0700] {dag.py:3211} INFO - Sync 1 DAGs
[2026-02-01T19:26:51.163+0700] {logging_mixin.py:190} INFO - [2026-02-01T19:26:51.163+0700] {dag.py:4138} INFO - Setting next_dagrun for dag_scraping_daily to 2026-02-01 05:00:00+00:00, run_after=2026-02-01 17:00:00+00:00
[2026-02-01T19:26:51.185+0700] {processor.py:208} INFO - Processing /opt/airflow/dags/dag_scraping_daily.py took 0.531 seconds
[2026-02-01T19:27:21.310+0700] {processor.py:186} INFO - Started process (PID=1493) to work on /opt/airflow/dags/dag_scraping_daily.py
[2026-02-01T19:27:21.311+0700] {processor.py:914} INFO - Processing file /opt/airflow/dags/dag_scraping_daily.py for tasks to queue
[2026-02-01T19:27:21.313+0700] {logging_mixin.py:190} INFO - [2026-02-01T19:27:21.313+0700] {dagbag.py:587} INFO - Filling up the DagBag from /opt/airflow/dags/dag_scraping_daily.py
[2026-02-01T19:27:21.736+0700] {processor.py:925} INFO - DAG(s) 'dag_scraping_daily' retrieved from /opt/airflow/dags/dag_scraping_daily.py
[2026-02-01T19:27:21.762+0700] {logging_mixin.py:190} INFO - [2026-02-01T19:27:21.762+0700] {dag.py:3211} INFO - Sync 1 DAGs
[2026-02-01T19:27:21.788+0700] {logging_mixin.py:190} INFO - [2026-02-01T19:27:21.788+0700] {dag.py:4138} INFO - Setting next_dagrun for dag_scraping_daily to 2026-02-01 05:00:00+00:00, run_after=2026-02-01 17:00:00+00:00
[2026-02-01T19:27:21.813+0700] {processor.py:208} INFO - Processing /opt/airflow/dags/dag_scraping_daily.py took 0.509 seconds
[2026-02-01T19:27:52.189+0700] {processor.py:186} INFO - Started process (PID=1505) to work on /opt/airflow/dags/dag_scraping_daily.py
[2026-02-01T19:27:52.191+0700] {processor.py:914} INFO - Processing file /opt/airflow/dags/dag_scraping_daily.py for tasks to queue
[2026-02-01T19:27:52.193+0700] {logging_mixin.py:190} INFO - [2026-02-01T19:27:52.193+0700] {dagbag.py:587} INFO - Filling up the DagBag from /opt/airflow/dags/dag_scraping_daily.py
[2026-02-01T19:27:52.587+0700] {processor.py:925} INFO - DAG(s) 'dag_scraping_daily' retrieved from /opt/airflow/dags/dag_scraping_daily.py
[2026-02-01T19:27:52.613+0700] {logging_mixin.py:190} INFO - [2026-02-01T19:27:52.613+0700] {dag.py:3211} INFO - Sync 1 DAGs
[2026-02-01T19:27:52.634+0700] {logging_mixin.py:190} INFO - [2026-02-01T19:27:52.634+0700] {dag.py:4138} INFO - Setting next_dagrun for dag_scraping_daily to 2026-02-01 05:00:00+00:00, run_after=2026-02-01 17:00:00+00:00
[2026-02-01T19:27:52.661+0700] {processor.py:208} INFO - Processing /opt/airflow/dags/dag_scraping_daily.py took 0.479 seconds
[2026-02-01T19:28:22.927+0700] {processor.py:186} INFO - Started process (PID=1517) to work on /opt/airflow/dags/dag_scraping_daily.py
[2026-02-01T19:28:22.928+0700] {processor.py:914} INFO - Processing file /opt/airflow/dags/dag_scraping_daily.py for tasks to queue
[2026-02-01T19:28:22.932+0700] {logging_mixin.py:190} INFO - [2026-02-01T19:28:22.931+0700] {dagbag.py:587} INFO - Filling up the DagBag from /opt/airflow/dags/dag_scraping_daily.py
[2026-02-01T19:28:23.360+0700] {processor.py:925} INFO - DAG(s) 'dag_scraping_daily' retrieved from /opt/airflow/dags/dag_scraping_daily.py
[2026-02-01T19:28:23.383+0700] {logging_mixin.py:190} INFO - [2026-02-01T19:28:23.383+0700] {dag.py:3211} INFO - Sync 1 DAGs
[2026-02-01T19:28:23.405+0700] {logging_mixin.py:190} INFO - [2026-02-01T19:28:23.405+0700] {dag.py:4138} INFO - Setting next_dagrun for dag_scraping_daily to 2026-02-01 05:00:00+00:00, run_after=2026-02-01 17:00:00+00:00
[2026-02-01T19:28:23.429+0700] {processor.py:208} INFO - Processing /opt/airflow/dags/dag_scraping_daily.py took 0.508 seconds
[2026-02-01T19:28:53.741+0700] {processor.py:186} INFO - Started process (PID=1529) to work on /opt/airflow/dags/dag_scraping_daily.py
[2026-02-01T19:28:53.742+0700] {processor.py:914} INFO - Processing file /opt/airflow/dags/dag_scraping_daily.py for tasks to queue
[2026-02-01T19:28:53.744+0700] {logging_mixin.py:190} INFO - [2026-02-01T19:28:53.744+0700] {dagbag.py:587} INFO - Filling up the DagBag from /opt/airflow/dags/dag_scraping_daily.py
[2026-02-01T19:28:54.128+0700] {processor.py:925} INFO - DAG(s) 'dag_scraping_daily' retrieved from /opt/airflow/dags/dag_scraping_daily.py
[2026-02-01T19:28:54.150+0700] {logging_mixin.py:190} INFO - [2026-02-01T19:28:54.149+0700] {dag.py:3211} INFO - Sync 1 DAGs
[2026-02-01T19:28:54.173+0700] {logging_mixin.py:190} INFO - [2026-02-01T19:28:54.173+0700] {dag.py:4138} INFO - Setting next_dagrun for dag_scraping_daily to 2026-02-01 05:00:00+00:00, run_after=2026-02-01 17:00:00+00:00
[2026-02-01T19:28:54.193+0700] {processor.py:208} INFO - Processing /opt/airflow/dags/dag_scraping_daily.py took 0.458 seconds
[2026-02-01T19:29:24.602+0700] {processor.py:186} INFO - Started process (PID=1539) to work on /opt/airflow/dags/dag_scraping_daily.py
[2026-02-01T19:29:24.605+0700] {processor.py:914} INFO - Processing file /opt/airflow/dags/dag_scraping_daily.py for tasks to queue
[2026-02-01T19:29:24.609+0700] {logging_mixin.py:190} INFO - [2026-02-01T19:29:24.609+0700] {dagbag.py:587} INFO - Filling up the DagBag from /opt/airflow/dags/dag_scraping_daily.py
[2026-02-01T19:29:25.124+0700] {processor.py:925} INFO - DAG(s) 'dag_scraping_daily' retrieved from /opt/airflow/dags/dag_scraping_daily.py
[2026-02-01T19:29:25.149+0700] {logging_mixin.py:190} INFO - [2026-02-01T19:29:25.149+0700] {dag.py:3211} INFO - Sync 1 DAGs
[2026-02-01T19:29:25.173+0700] {logging_mixin.py:190} INFO - [2026-02-01T19:29:25.173+0700] {dag.py:4138} INFO - Setting next_dagrun for dag_scraping_daily to 2026-02-01 05:00:00+00:00, run_after=2026-02-01 17:00:00+00:00
[2026-02-01T19:29:25.196+0700] {processor.py:208} INFO - Processing /opt/airflow/dags/dag_scraping_daily.py took 0.603 seconds
[2026-02-01T19:29:55.429+0700] {processor.py:186} INFO - Started process (PID=1553) to work on /opt/airflow/dags/dag_scraping_daily.py
[2026-02-01T19:29:55.430+0700] {processor.py:914} INFO - Processing file /opt/airflow/dags/dag_scraping_daily.py for tasks to queue
[2026-02-01T19:29:55.433+0700] {logging_mixin.py:190} INFO - [2026-02-01T19:29:55.432+0700] {dagbag.py:587} INFO - Filling up the DagBag from /opt/airflow/dags/dag_scraping_daily.py
[2026-02-01T19:29:55.987+0700] {processor.py:925} INFO - DAG(s) 'dag_scraping_daily' retrieved from /opt/airflow/dags/dag_scraping_daily.py
[2026-02-01T19:29:56.014+0700] {logging_mixin.py:190} INFO - [2026-02-01T19:29:56.013+0700] {dag.py:3211} INFO - Sync 1 DAGs
[2026-02-01T19:29:56.037+0700] {logging_mixin.py:190} INFO - [2026-02-01T19:29:56.036+0700] {dag.py:4138} INFO - Setting next_dagrun for dag_scraping_daily to 2026-02-01 05:00:00+00:00, run_after=2026-02-01 17:00:00+00:00
[2026-02-01T19:29:56.058+0700] {processor.py:208} INFO - Processing /opt/airflow/dags/dag_scraping_daily.py took 0.636 seconds
[2026-02-01T19:30:26.238+0700] {processor.py:186} INFO - Started process (PID=1565) to work on /opt/airflow/dags/dag_scraping_daily.py
[2026-02-01T19:30:26.239+0700] {processor.py:914} INFO - Processing file /opt/airflow/dags/dag_scraping_daily.py for tasks to queue
[2026-02-01T19:30:26.242+0700] {logging_mixin.py:190} INFO - [2026-02-01T19:30:26.241+0700] {dagbag.py:587} INFO - Filling up the DagBag from /opt/airflow/dags/dag_scraping_daily.py
[2026-02-01T19:30:26.629+0700] {processor.py:925} INFO - DAG(s) 'dag_scraping_daily' retrieved from /opt/airflow/dags/dag_scraping_daily.py
[2026-02-01T19:30:26.652+0700] {logging_mixin.py:190} INFO - [2026-02-01T19:30:26.652+0700] {dag.py:3211} INFO - Sync 1 DAGs
[2026-02-01T19:30:26.675+0700] {logging_mixin.py:190} INFO - [2026-02-01T19:30:26.675+0700] {dag.py:4138} INFO - Setting next_dagrun for dag_scraping_daily to 2026-02-01 05:00:00+00:00, run_after=2026-02-01 17:00:00+00:00
[2026-02-01T19:30:26.698+0700] {processor.py:208} INFO - Processing /opt/airflow/dags/dag_scraping_daily.py took 0.466 seconds
[2026-02-01T19:30:57.439+0700] {processor.py:186} INFO - Started process (PID=1698) to work on /opt/airflow/dags/dag_scraping_daily.py
[2026-02-01T19:30:57.452+0700] {processor.py:914} INFO - Processing file /opt/airflow/dags/dag_scraping_daily.py for tasks to queue
[2026-02-01T19:30:57.478+0700] {logging_mixin.py:190} INFO - [2026-02-01T19:30:57.474+0700] {dagbag.py:587} INFO - Filling up the DagBag from /opt/airflow/dags/dag_scraping_daily.py
[2026-02-01T19:30:59.216+0700] {processor.py:925} INFO - DAG(s) 'dag_scraping_daily' retrieved from /opt/airflow/dags/dag_scraping_daily.py
[2026-02-01T19:30:59.249+0700] {logging_mixin.py:190} INFO - [2026-02-01T19:30:59.248+0700] {dag.py:3211} INFO - Sync 1 DAGs
[2026-02-01T19:30:59.336+0700] {logging_mixin.py:190} INFO - [2026-02-01T19:30:59.335+0700] {dag.py:4138} INFO - Setting next_dagrun for dag_scraping_daily to 2026-02-01 05:00:00+00:00, run_after=2026-02-01 17:00:00+00:00
[2026-02-01T19:30:59.361+0700] {processor.py:208} INFO - Processing /opt/airflow/dags/dag_scraping_daily.py took 2.067 seconds
[2026-02-01T19:31:29.501+0700] {processor.py:186} INFO - Started process (PID=1712) to work on /opt/airflow/dags/dag_scraping_daily.py
[2026-02-01T19:31:29.503+0700] {processor.py:914} INFO - Processing file /opt/airflow/dags/dag_scraping_daily.py for tasks to queue
[2026-02-01T19:31:29.506+0700] {logging_mixin.py:190} INFO - [2026-02-01T19:31:29.505+0700] {dagbag.py:587} INFO - Filling up the DagBag from /opt/airflow/dags/dag_scraping_daily.py
[2026-02-01T19:31:30.041+0700] {processor.py:925} INFO - DAG(s) 'dag_scraping_daily' retrieved from /opt/airflow/dags/dag_scraping_daily.py
[2026-02-01T19:31:30.077+0700] {logging_mixin.py:190} INFO - [2026-02-01T19:31:30.077+0700] {dag.py:3211} INFO - Sync 1 DAGs
[2026-02-01T19:31:30.116+0700] {logging_mixin.py:190} INFO - [2026-02-01T19:31:30.115+0700] {dag.py:4138} INFO - Setting next_dagrun for dag_scraping_daily to 2026-02-01 05:00:00+00:00, run_after=2026-02-01 17:00:00+00:00
[2026-02-01T19:31:30.148+0700] {processor.py:208} INFO - Processing /opt/airflow/dags/dag_scraping_daily.py took 0.654 seconds
[2026-02-01T19:32:00.535+0700] {processor.py:186} INFO - Started process (PID=1724) to work on /opt/airflow/dags/dag_scraping_daily.py
[2026-02-01T19:32:00.537+0700] {processor.py:914} INFO - Processing file /opt/airflow/dags/dag_scraping_daily.py for tasks to queue
[2026-02-01T19:32:00.539+0700] {logging_mixin.py:190} INFO - [2026-02-01T19:32:00.539+0700] {dagbag.py:587} INFO - Filling up the DagBag from /opt/airflow/dags/dag_scraping_daily.py
[2026-02-01T19:32:01.013+0700] {processor.py:925} INFO - DAG(s) 'dag_scraping_daily' retrieved from /opt/airflow/dags/dag_scraping_daily.py
[2026-02-01T19:32:01.042+0700] {logging_mixin.py:190} INFO - [2026-02-01T19:32:01.042+0700] {dag.py:3211} INFO - Sync 1 DAGs
[2026-02-01T19:32:01.068+0700] {logging_mixin.py:190} INFO - [2026-02-01T19:32:01.067+0700] {dag.py:4138} INFO - Setting next_dagrun for dag_scraping_daily to 2026-02-01 05:00:00+00:00, run_after=2026-02-01 17:00:00+00:00
[2026-02-01T19:32:01.092+0700] {processor.py:208} INFO - Processing /opt/airflow/dags/dag_scraping_daily.py took 0.564 seconds
[2026-02-01T19:32:31.328+0700] {processor.py:186} INFO - Started process (PID=1736) to work on /opt/airflow/dags/dag_scraping_daily.py
[2026-02-01T19:32:31.330+0700] {processor.py:914} INFO - Processing file /opt/airflow/dags/dag_scraping_daily.py for tasks to queue
[2026-02-01T19:32:31.334+0700] {logging_mixin.py:190} INFO - [2026-02-01T19:32:31.333+0700] {dagbag.py:587} INFO - Filling up the DagBag from /opt/airflow/dags/dag_scraping_daily.py
[2026-02-01T19:32:31.837+0700] {processor.py:925} INFO - DAG(s) 'dag_scraping_daily' retrieved from /opt/airflow/dags/dag_scraping_daily.py
[2026-02-01T19:32:31.867+0700] {logging_mixin.py:190} INFO - [2026-02-01T19:32:31.866+0700] {dag.py:3211} INFO - Sync 1 DAGs
[2026-02-01T19:32:31.893+0700] {logging_mixin.py:190} INFO - [2026-02-01T19:32:31.893+0700] {dag.py:4138} INFO - Setting next_dagrun for dag_scraping_daily to 2026-02-01 05:00:00+00:00, run_after=2026-02-01 17:00:00+00:00
[2026-02-01T19:32:31.923+0700] {processor.py:208} INFO - Processing /opt/airflow/dags/dag_scraping_daily.py took 0.606 seconds
[2026-02-01T19:33:02.250+0700] {processor.py:186} INFO - Started process (PID=1748) to work on /opt/airflow/dags/dag_scraping_daily.py
[2026-02-01T19:33:02.252+0700] {processor.py:914} INFO - Processing file /opt/airflow/dags/dag_scraping_daily.py for tasks to queue
[2026-02-01T19:33:02.255+0700] {logging_mixin.py:190} INFO - [2026-02-01T19:33:02.254+0700] {dagbag.py:587} INFO - Filling up the DagBag from /opt/airflow/dags/dag_scraping_daily.py
[2026-02-01T19:33:02.739+0700] {processor.py:925} INFO - DAG(s) 'dag_scraping_daily' retrieved from /opt/airflow/dags/dag_scraping_daily.py
[2026-02-01T19:33:02.769+0700] {logging_mixin.py:190} INFO - [2026-02-01T19:33:02.769+0700] {dag.py:3211} INFO - Sync 1 DAGs
[2026-02-01T19:33:02.798+0700] {logging_mixin.py:190} INFO - [2026-02-01T19:33:02.797+0700] {dag.py:4138} INFO - Setting next_dagrun for dag_scraping_daily to 2026-02-01 05:00:00+00:00, run_after=2026-02-01 17:00:00+00:00
[2026-02-01T19:33:02.823+0700] {processor.py:208} INFO - Processing /opt/airflow/dags/dag_scraping_daily.py took 0.581 seconds
[2026-02-01T19:33:33.264+0700] {processor.py:186} INFO - Started process (PID=1876) to work on /opt/airflow/dags/dag_scraping_daily.py
[2026-02-01T19:33:33.265+0700] {processor.py:914} INFO - Processing file /opt/airflow/dags/dag_scraping_daily.py for tasks to queue
[2026-02-01T19:33:33.273+0700] {logging_mixin.py:190} INFO - [2026-02-01T19:33:33.272+0700] {dagbag.py:587} INFO - Filling up the DagBag from /opt/airflow/dags/dag_scraping_daily.py
[2026-02-01T19:33:33.779+0700] {processor.py:925} INFO - DAG(s) 'dag_scraping_daily' retrieved from /opt/airflow/dags/dag_scraping_daily.py
[2026-02-01T19:33:33.808+0700] {logging_mixin.py:190} INFO - [2026-02-01T19:33:33.807+0700] {dag.py:3211} INFO - Sync 1 DAGs
[2026-02-01T19:33:33.845+0700] {logging_mixin.py:190} INFO - [2026-02-01T19:33:33.845+0700] {dag.py:4138} INFO - Setting next_dagrun for dag_scraping_daily to 2026-02-01 05:00:00+00:00, run_after=2026-02-01 17:00:00+00:00
[2026-02-01T19:33:33.875+0700] {processor.py:208} INFO - Processing /opt/airflow/dags/dag_scraping_daily.py took 0.621 seconds
[2026-02-01T19:34:03.985+0700] {processor.py:186} INFO - Started process (PID=2006) to work on /opt/airflow/dags/dag_scraping_daily.py
[2026-02-01T19:34:03.186+0700] {processor.py:914} INFO - Processing file /opt/airflow/dags/dag_scraping_daily.py for tasks to queue
[2026-02-01T19:34:03.190+0700] {logging_mixin.py:190} INFO - [2026-02-01T19:34:03.189+0700] {dagbag.py:587} INFO - Filling up the DagBag from /opt/airflow/dags/dag_scraping_daily.py
[2026-02-01T19:34:02.769+0700] {processor.py:925} INFO - DAG(s) 'dag_scraping_daily' retrieved from /opt/airflow/dags/dag_scraping_daily.py
[2026-02-01T19:34:02.801+0700] {logging_mixin.py:190} INFO - [2026-02-01T19:34:02.800+0700] {dag.py:3211} INFO - Sync 1 DAGs
[2026-02-01T19:34:02.831+0700] {logging_mixin.py:190} INFO - [2026-02-01T19:34:02.830+0700] {dag.py:4138} INFO - Setting next_dagrun for dag_scraping_daily to 2026-02-01 05:00:00+00:00, run_after=2026-02-01 17:00:00+00:00
[2026-02-01T19:34:02.858+0700] {processor.py:208} INFO - Processing /opt/airflow/dags/dag_scraping_daily.py took 0.771 seconds
[2026-02-01T19:34:33.205+0700] {processor.py:186} INFO - Started process (PID=2012) to work on /opt/airflow/dags/dag_scraping_daily.py
[2026-02-01T19:34:33.206+0700] {processor.py:914} INFO - Processing file /opt/airflow/dags/dag_scraping_daily.py for tasks to queue
[2026-02-01T19:34:33.210+0700] {logging_mixin.py:190} INFO - [2026-02-01T19:34:33.209+0700] {dagbag.py:587} INFO - Filling up the DagBag from /opt/airflow/dags/dag_scraping_daily.py
[2026-02-01T19:34:33.618+0700] {processor.py:925} INFO - DAG(s) 'dag_scraping_daily' retrieved from /opt/airflow/dags/dag_scraping_daily.py
[2026-02-01T19:34:33.644+0700] {logging_mixin.py:190} INFO - [2026-02-01T19:34:33.644+0700] {dag.py:3211} INFO - Sync 1 DAGs
[2026-02-01T19:34:33.667+0700] {logging_mixin.py:190} INFO - [2026-02-01T19:34:33.667+0700] {dag.py:4138} INFO - Setting next_dagrun for dag_scraping_daily to 2026-02-01 05:00:00+00:00, run_after=2026-02-01 17:00:00+00:00
[2026-02-01T19:34:33.690+0700] {processor.py:208} INFO - Processing /opt/airflow/dags/dag_scraping_daily.py took 0.493 seconds
[2026-02-01T19:35:03.973+0700] {processor.py:186} INFO - Started process (PID=2024) to work on /opt/airflow/dags/dag_scraping_daily.py
[2026-02-01T19:35:03.974+0700] {processor.py:914} INFO - Processing file /opt/airflow/dags/dag_scraping_daily.py for tasks to queue
[2026-02-01T19:35:03.976+0700] {logging_mixin.py:190} INFO - [2026-02-01T19:35:03.976+0700] {dagbag.py:587} INFO - Filling up the DagBag from /opt/airflow/dags/dag_scraping_daily.py
[2026-02-01T19:35:04.384+0700] {processor.py:925} INFO - DAG(s) 'dag_scraping_daily' retrieved from /opt/airflow/dags/dag_scraping_daily.py
[2026-02-01T19:35:04.413+0700] {logging_mixin.py:190} INFO - [2026-02-01T19:35:04.412+0700] {dag.py:3211} INFO - Sync 1 DAGs
[2026-02-01T19:35:04.446+0700] {logging_mixin.py:190} INFO - [2026-02-01T19:35:04.446+0700] {dag.py:4138} INFO - Setting next_dagrun for dag_scraping_daily to 2026-02-01 05:00:00+00:00, run_after=2026-02-01 17:00:00+00:00
[2026-02-01T19:35:04.469+0700] {processor.py:208} INFO - Processing /opt/airflow/dags/dag_scraping_daily.py took 0.505 seconds
[2026-02-01T19:35:35.161+0700] {processor.py:186} INFO - Started process (PID=2036) to work on /opt/airflow/dags/dag_scraping_daily.py
[2026-02-01T19:35:35.164+0700] {processor.py:914} INFO - Processing file /opt/airflow/dags/dag_scraping_daily.py for tasks to queue
[2026-02-01T19:35:35.168+0700] {logging_mixin.py:190} INFO - [2026-02-01T19:35:35.167+0700] {dagbag.py:587} INFO - Filling up the DagBag from /opt/airflow/dags/dag_scraping_daily.py
[2026-02-01T19:35:35.818+0700] {processor.py:925} INFO - DAG(s) 'dag_scraping_daily' retrieved from /opt/airflow/dags/dag_scraping_daily.py
[2026-02-01T19:35:35.852+0700] {logging_mixin.py:190} INFO - [2026-02-01T19:35:35.852+0700] {dag.py:3211} INFO - Sync 1 DAGs
[2026-02-01T19:35:35.882+0700] {logging_mixin.py:190} INFO - [2026-02-01T19:35:35.882+0700] {dag.py:4138} INFO - Setting next_dagrun for dag_scraping_daily to 2026-02-01 05:00:00+00:00, run_after=2026-02-01 17:00:00+00:00
[2026-02-01T19:35:35.912+0700] {processor.py:208} INFO - Processing /opt/airflow/dags/dag_scraping_daily.py took 0.761 seconds
[2026-02-01T19:36:06.114+0700] {processor.py:186} INFO - Started process (PID=2050) to work on /opt/airflow/dags/dag_scraping_daily.py
[2026-02-01T19:36:06.116+0700] {processor.py:914} INFO - Processing file /opt/airflow/dags/dag_scraping_daily.py for tasks to queue
[2026-02-01T19:36:06.118+0700] {logging_mixin.py:190} INFO - [2026-02-01T19:36:06.118+0700] {dagbag.py:587} INFO - Filling up the DagBag from /opt/airflow/dags/dag_scraping_daily.py
[2026-02-01T19:36:06.573+0700] {processor.py:925} INFO - DAG(s) 'dag_scraping_daily' retrieved from /opt/airflow/dags/dag_scraping_daily.py
[2026-02-01T19:36:06.597+0700] {logging_mixin.py:190} INFO - [2026-02-01T19:36:06.597+0700] {dag.py:3211} INFO - Sync 1 DAGs
[2026-02-01T19:36:06.621+0700] {logging_mixin.py:190} INFO - [2026-02-01T19:36:06.620+0700] {dag.py:4138} INFO - Setting next_dagrun for dag_scraping_daily to 2026-02-01 05:00:00+00:00, run_after=2026-02-01 17:00:00+00:00
[2026-02-01T19:36:06.645+0700] {processor.py:208} INFO - Processing /opt/airflow/dags/dag_scraping_daily.py took 0.538 seconds
[2026-02-01T19:36:36.873+0700] {processor.py:186} INFO - Started process (PID=2062) to work on /opt/airflow/dags/dag_scraping_daily.py
[2026-02-01T19:36:36.874+0700] {processor.py:914} INFO - Processing file /opt/airflow/dags/dag_scraping_daily.py for tasks to queue
[2026-02-01T19:36:36.878+0700] {logging_mixin.py:190} INFO - [2026-02-01T19:36:36.877+0700] {dagbag.py:587} INFO - Filling up the DagBag from /opt/airflow/dags/dag_scraping_daily.py
[2026-02-01T19:36:37.343+0700] {processor.py:925} INFO - DAG(s) 'dag_scraping_daily' retrieved from /opt/airflow/dags/dag_scraping_daily.py
[2026-02-01T19:36:37.376+0700] {logging_mixin.py:190} INFO - [2026-02-01T19:36:37.376+0700] {dag.py:3211} INFO - Sync 1 DAGs
[2026-02-01T19:36:37.405+0700] {logging_mixin.py:190} INFO - [2026-02-01T19:36:37.404+0700] {dag.py:4138} INFO - Setting next_dagrun for dag_scraping_daily to 2026-02-01 05:00:00+00:00, run_after=2026-02-01 17:00:00+00:00
[2026-02-01T19:36:37.430+0700] {processor.py:208} INFO - Processing /opt/airflow/dags/dag_scraping_daily.py took 0.566 seconds
[2026-02-01T19:37:07.791+0700] {processor.py:186} INFO - Started process (PID=2074) to work on /opt/airflow/dags/dag_scraping_daily.py
[2026-02-01T19:37:07.792+0700] {processor.py:914} INFO - Processing file /opt/airflow/dags/dag_scraping_daily.py for tasks to queue
[2026-02-01T19:37:07.796+0700] {logging_mixin.py:190} INFO - [2026-02-01T19:37:07.795+0700] {dagbag.py:587} INFO - Filling up the DagBag from /opt/airflow/dags/dag_scraping_daily.py
[2026-02-01T19:37:08.204+0700] {processor.py:925} INFO - DAG(s) 'dag_scraping_daily' retrieved from /opt/airflow/dags/dag_scraping_daily.py
[2026-02-01T19:37:08.227+0700] {logging_mixin.py:190} INFO - [2026-02-01T19:37:08.227+0700] {dag.py:3211} INFO - Sync 1 DAGs
[2026-02-01T19:37:08.252+0700] {logging_mixin.py:190} INFO - [2026-02-01T19:37:08.251+0700] {dag.py:4138} INFO - Setting next_dagrun for dag_scraping_daily to 2026-02-01 05:00:00+00:00, run_after=2026-02-01 17:00:00+00:00
[2026-02-01T19:37:08.273+0700] {processor.py:208} INFO - Processing /opt/airflow/dags/dag_scraping_daily.py took 0.489 seconds
[2026-02-01T19:37:38.551+0700] {processor.py:186} INFO - Started process (PID=2086) to work on /opt/airflow/dags/dag_scraping_daily.py
[2026-02-01T19:37:38.552+0700] {processor.py:914} INFO - Processing file /opt/airflow/dags/dag_scraping_daily.py for tasks to queue
[2026-02-01T19:37:38.555+0700] {logging_mixin.py:190} INFO - [2026-02-01T19:37:38.555+0700] {dagbag.py:587} INFO - Filling up the DagBag from /opt/airflow/dags/dag_scraping_daily.py
[2026-02-01T19:37:39.079+0700] {processor.py:925} INFO - DAG(s) 'dag_scraping_daily' retrieved from /opt/airflow/dags/dag_scraping_daily.py
[2026-02-01T19:37:39.107+0700] {logging_mixin.py:190} INFO - [2026-02-01T19:37:39.107+0700] {dag.py:3211} INFO - Sync 1 DAGs
[2026-02-01T19:37:39.136+0700] {logging_mixin.py:190} INFO - [2026-02-01T19:37:39.136+0700] {dag.py:4138} INFO - Setting next_dagrun for dag_scraping_daily to 2026-02-01 05:00:00+00:00, run_after=2026-02-01 17:00:00+00:00
[2026-02-01T19:37:39.159+0700] {processor.py:208} INFO - Processing /opt/airflow/dags/dag_scraping_daily.py took 0.616 seconds
[2026-02-01T19:38:09.251+0700] {processor.py:186} INFO - Started process (PID=2098) to work on /opt/airflow/dags/dag_scraping_daily.py
[2026-02-01T19:38:09.252+0700] {processor.py:914} INFO - Processing file /opt/airflow/dags/dag_scraping_daily.py for tasks to queue
[2026-02-01T19:38:09.256+0700] {logging_mixin.py:190} INFO - [2026-02-01T19:38:09.256+0700] {dagbag.py:587} INFO - Filling up the DagBag from /opt/airflow/dags/dag_scraping_daily.py
[2026-02-01T19:38:09.691+0700] {processor.py:925} INFO - DAG(s) 'dag_scraping_daily' retrieved from /opt/airflow/dags/dag_scraping_daily.py
[2026-02-01T19:38:09.718+0700] {logging_mixin.py:190} INFO - [2026-02-01T19:38:09.717+0700] {dag.py:3211} INFO - Sync 1 DAGs
[2026-02-01T19:38:09.741+0700] {logging_mixin.py:190} INFO - [2026-02-01T19:38:09.741+0700] {dag.py:4138} INFO - Setting next_dagrun for dag_scraping_daily to 2026-02-01 05:00:00+00:00, run_after=2026-02-01 17:00:00+00:00
[2026-02-01T19:38:09.764+0700] {processor.py:208} INFO - Processing /opt/airflow/dags/dag_scraping_daily.py took 0.520 seconds
[2026-02-01T19:38:40.035+0700] {processor.py:186} INFO - Started process (PID=2110) to work on /opt/airflow/dags/dag_scraping_daily.py
[2026-02-01T19:38:40.036+0700] {processor.py:914} INFO - Processing file /opt/airflow/dags/dag_scraping_daily.py for tasks to queue
[2026-02-01T19:38:40.039+0700] {logging_mixin.py:190} INFO - [2026-02-01T19:38:40.039+0700] {dagbag.py:587} INFO - Filling up the DagBag from /opt/airflow/dags/dag_scraping_daily.py
[2026-02-01T19:38:40.452+0700] {processor.py:925} INFO - DAG(s) 'dag_scraping_daily' retrieved from /opt/airflow/dags/dag_scraping_daily.py
[2026-02-01T19:38:40.476+0700] {logging_mixin.py:190} INFO - [2026-02-01T19:38:40.476+0700] {dag.py:3211} INFO - Sync 1 DAGs
[2026-02-01T19:38:40.500+0700] {logging_mixin.py:190} INFO - [2026-02-01T19:38:40.500+0700] {dag.py:4138} INFO - Setting next_dagrun for dag_scraping_daily to 2026-02-01 05:00:00+00:00, run_after=2026-02-01 17:00:00+00:00
[2026-02-01T19:38:40.524+0700] {processor.py:208} INFO - Processing /opt/airflow/dags/dag_scraping_daily.py took 0.494 seconds
[2026-02-01T19:39:10.804+0700] {processor.py:186} INFO - Started process (PID=2122) to work on /opt/airflow/dags/dag_scraping_daily.py
[2026-02-01T19:39:10.805+0700] {processor.py:914} INFO - Processing file /opt/airflow/dags/dag_scraping_daily.py for tasks to queue
[2026-02-01T19:39:10.807+0700] {logging_mixin.py:190} INFO - [2026-02-01T19:39:10.807+0700] {dagbag.py:587} INFO - Filling up the DagBag from /opt/airflow/dags/dag_scraping_daily.py
[2026-02-01T19:39:11.233+0700] {processor.py:925} INFO - DAG(s) 'dag_scraping_daily' retrieved from /opt/airflow/dags/dag_scraping_daily.py
[2026-02-01T19:39:11.257+0700] {logging_mixin.py:190} INFO - [2026-02-01T19:39:11.257+0700] {dag.py:3211} INFO - Sync 1 DAGs
[2026-02-01T19:39:11.282+0700] {logging_mixin.py:190} INFO - [2026-02-01T19:39:11.282+0700] {dag.py:4138} INFO - Setting next_dagrun for dag_scraping_daily to 2026-02-01 05:00:00+00:00, run_after=2026-02-01 17:00:00+00:00
[2026-02-01T19:39:11.304+0700] {processor.py:208} INFO - Processing /opt/airflow/dags/dag_scraping_daily.py took 0.506 seconds
[2026-02-01T19:39:41.381+0700] {processor.py:186} INFO - Started process (PID=2134) to work on /opt/airflow/dags/dag_scraping_daily.py
[2026-02-01T19:39:41.382+0700] {processor.py:914} INFO - Processing file /opt/airflow/dags/dag_scraping_daily.py for tasks to queue
[2026-02-01T19:39:41.385+0700] {logging_mixin.py:190} INFO - [2026-02-01T19:39:41.385+0700] {dagbag.py:587} INFO - Filling up the DagBag from /opt/airflow/dags/dag_scraping_daily.py
[2026-02-01T19:39:41.024+0700] {processor.py:925} INFO - DAG(s) 'dag_scraping_daily' retrieved from /opt/airflow/dags/dag_scraping_daily.py
[2026-02-01T19:39:41.050+0700] {logging_mixin.py:190} INFO - [2026-02-01T19:39:41.050+0700] {dag.py:3211} INFO - Sync 1 DAGs
[2026-02-01T19:39:39.982+0700] {logging_mixin.py:190} INFO - [2026-02-01T19:39:39.982+0700] {dag.py:4138} INFO - Setting next_dagrun for dag_scraping_daily to 2026-02-01 05:00:00+00:00, run_after=2026-02-01 17:00:00+00:00
[2026-02-01T19:39:40.005+0700] {processor.py:208} INFO - Processing /opt/airflow/dags/dag_scraping_daily.py took 0.498 seconds
[2026-02-01T19:40:10.221+0700] {processor.py:186} INFO - Started process (PID=2146) to work on /opt/airflow/dags/dag_scraping_daily.py
[2026-02-01T19:40:10.223+0700] {processor.py:914} INFO - Processing file /opt/airflow/dags/dag_scraping_daily.py for tasks to queue
[2026-02-01T19:40:10.226+0700] {logging_mixin.py:190} INFO - [2026-02-01T19:40:10.225+0700] {dagbag.py:587} INFO - Filling up the DagBag from /opt/airflow/dags/dag_scraping_daily.py
[2026-02-01T19:40:10.781+0700] {processor.py:925} INFO - DAG(s) 'dag_scraping_daily' retrieved from /opt/airflow/dags/dag_scraping_daily.py
[2026-02-01T19:40:10.809+0700] {logging_mixin.py:190} INFO - [2026-02-01T19:40:10.809+0700] {dag.py:3211} INFO - Sync 1 DAGs
[2026-02-01T19:40:10.837+0700] {logging_mixin.py:190} INFO - [2026-02-01T19:40:10.837+0700] {dag.py:4138} INFO - Setting next_dagrun for dag_scraping_daily to 2026-02-01 05:00:00+00:00, run_after=2026-02-01 17:00:00+00:00
[2026-02-01T19:40:10.865+0700] {processor.py:208} INFO - Processing /opt/airflow/dags/dag_scraping_daily.py took 0.651 seconds
[2026-02-01T19:40:41.409+0700] {processor.py:186} INFO - Started process (PID=2158) to work on /opt/airflow/dags/dag_scraping_daily.py
[2026-02-01T19:40:41.410+0700] {processor.py:914} INFO - Processing file /opt/airflow/dags/dag_scraping_daily.py for tasks to queue
[2026-02-01T19:40:41.412+0700] {logging_mixin.py:190} INFO - [2026-02-01T19:40:41.412+0700] {dagbag.py:587} INFO - Filling up the DagBag from /opt/airflow/dags/dag_scraping_daily.py
[2026-02-01T19:40:41.839+0700] {processor.py:925} INFO - DAG(s) 'dag_scraping_daily' retrieved from /opt/airflow/dags/dag_scraping_daily.py
[2026-02-01T19:40:41.865+0700] {logging_mixin.py:190} INFO - [2026-02-01T19:40:41.864+0700] {dag.py:3211} INFO - Sync 1 DAGs
[2026-02-01T19:40:41.886+0700] {logging_mixin.py:190} INFO - [2026-02-01T19:40:41.886+0700] {dag.py:4138} INFO - Setting next_dagrun for dag_scraping_daily to 2026-02-01 05:00:00+00:00, run_after=2026-02-01 17:00:00+00:00
[2026-02-01T19:40:41.908+0700] {processor.py:208} INFO - Processing /opt/airflow/dags/dag_scraping_daily.py took 0.506 seconds
[2026-02-01T19:41:12.041+0700] {processor.py:186} INFO - Started process (PID=2170) to work on /opt/airflow/dags/dag_scraping_daily.py
[2026-02-01T19:41:12.042+0700] {processor.py:914} INFO - Processing file /opt/airflow/dags/dag_scraping_daily.py for tasks to queue
[2026-02-01T19:41:12.044+0700] {logging_mixin.py:190} INFO - [2026-02-01T19:41:12.044+0700] {dagbag.py:587} INFO - Filling up the DagBag from /opt/airflow/dags/dag_scraping_daily.py
[2026-02-01T19:41:12.444+0700] {processor.py:925} INFO - DAG(s) 'dag_scraping_daily' retrieved from /opt/airflow/dags/dag_scraping_daily.py
[2026-02-01T19:41:12.471+0700] {logging_mixin.py:190} INFO - [2026-02-01T19:41:12.470+0700] {dag.py:3211} INFO - Sync 1 DAGs
[2026-02-01T19:41:12.495+0700] {logging_mixin.py:190} INFO - [2026-02-01T19:41:12.494+0700] {dag.py:4138} INFO - Setting next_dagrun for dag_scraping_daily to 2026-02-01 05:00:00+00:00, run_after=2026-02-01 17:00:00+00:00
[2026-02-01T19:41:12.518+0700] {processor.py:208} INFO - Processing /opt/airflow/dags/dag_scraping_daily.py took 0.483 seconds
[2026-02-01T19:41:43.046+0700] {processor.py:186} INFO - Started process (PID=2182) to work on /opt/airflow/dags/dag_scraping_daily.py
[2026-02-01T19:41:43.048+0700] {processor.py:914} INFO - Processing file /opt/airflow/dags/dag_scraping_daily.py for tasks to queue
[2026-02-01T19:41:43.051+0700] {logging_mixin.py:190} INFO - [2026-02-01T19:41:43.050+0700] {dagbag.py:587} INFO - Filling up the DagBag from /opt/airflow/dags/dag_scraping_daily.py
[2026-02-01T19:41:43.471+0700] {processor.py:925} INFO - DAG(s) 'dag_scraping_daily' retrieved from /opt/airflow/dags/dag_scraping_daily.py
[2026-02-01T19:41:43.497+0700] {logging_mixin.py:190} INFO - [2026-02-01T19:41:43.496+0700] {dag.py:3211} INFO - Sync 1 DAGs
[2026-02-01T19:41:43.521+0700] {logging_mixin.py:190} INFO - [2026-02-01T19:41:43.520+0700] {dag.py:4138} INFO - Setting next_dagrun for dag_scraping_daily to 2026-02-01 05:00:00+00:00, run_after=2026-02-01 17:00:00+00:00
[2026-02-01T19:41:43.543+0700] {processor.py:208} INFO - Processing /opt/airflow/dags/dag_scraping_daily.py took 0.502 seconds
[2026-02-01T19:42:14.000+0700] {processor.py:186} INFO - Started process (PID=2194) to work on /opt/airflow/dags/dag_scraping_daily.py
[2026-02-01T19:42:14.001+0700] {processor.py:914} INFO - Processing file /opt/airflow/dags/dag_scraping_daily.py for tasks to queue
[2026-02-01T19:42:14.003+0700] {logging_mixin.py:190} INFO - [2026-02-01T19:42:14.003+0700] {dagbag.py:587} INFO - Filling up the DagBag from /opt/airflow/dags/dag_scraping_daily.py
[2026-02-01T19:42:14.415+0700] {processor.py:925} INFO - DAG(s) 'dag_scraping_daily' retrieved from /opt/airflow/dags/dag_scraping_daily.py
[2026-02-01T19:42:14.439+0700] {logging_mixin.py:190} INFO - [2026-02-01T19:42:14.439+0700] {dag.py:3211} INFO - Sync 1 DAGs
[2026-02-01T19:42:14.465+0700] {logging_mixin.py:190} INFO - [2026-02-01T19:42:14.465+0700] {dag.py:4138} INFO - Setting next_dagrun for dag_scraping_daily to 2026-02-01 05:00:00+00:00, run_after=2026-02-01 17:00:00+00:00
[2026-02-01T19:42:14.489+0700] {processor.py:208} INFO - Processing /opt/airflow/dags/dag_scraping_daily.py took 0.496 seconds
[2026-02-01T19:42:44.755+0700] {processor.py:186} INFO - Started process (PID=2206) to work on /opt/airflow/dags/dag_scraping_daily.py
[2026-02-01T19:42:44.757+0700] {processor.py:914} INFO - Processing file /opt/airflow/dags/dag_scraping_daily.py for tasks to queue
[2026-02-01T19:42:44.760+0700] {logging_mixin.py:190} INFO - [2026-02-01T19:42:44.759+0700] {dagbag.py:587} INFO - Filling up the DagBag from /opt/airflow/dags/dag_scraping_daily.py
[2026-02-01T19:42:45.184+0700] {processor.py:925} INFO - DAG(s) 'dag_scraping_daily' retrieved from /opt/airflow/dags/dag_scraping_daily.py
[2026-02-01T19:42:45.213+0700] {logging_mixin.py:190} INFO - [2026-02-01T19:42:45.212+0700] {dag.py:3211} INFO - Sync 1 DAGs
[2026-02-01T19:42:45.239+0700] {logging_mixin.py:190} INFO - [2026-02-01T19:42:45.238+0700] {dag.py:4138} INFO - Setting next_dagrun for dag_scraping_daily to 2026-02-01 05:00:00+00:00, run_after=2026-02-01 17:00:00+00:00
[2026-02-01T19:42:45.263+0700] {processor.py:208} INFO - Processing /opt/airflow/dags/dag_scraping_daily.py took 0.513 seconds
[2026-02-01T19:43:15.503+0700] {processor.py:186} INFO - Started process (PID=2218) to work on /opt/airflow/dags/dag_scraping_daily.py
[2026-02-01T19:43:15.504+0700] {processor.py:914} INFO - Processing file /opt/airflow/dags/dag_scraping_daily.py for tasks to queue
[2026-02-01T19:43:15.507+0700] {logging_mixin.py:190} INFO - [2026-02-01T19:43:15.506+0700] {dagbag.py:587} INFO - Filling up the DagBag from /opt/airflow/dags/dag_scraping_daily.py
[2026-02-01T19:43:15.951+0700] {processor.py:925} INFO - DAG(s) 'dag_scraping_daily' retrieved from /opt/airflow/dags/dag_scraping_daily.py
[2026-02-01T19:43:15.977+0700] {logging_mixin.py:190} INFO - [2026-02-01T19:43:15.976+0700] {dag.py:3211} INFO - Sync 1 DAGs
[2026-02-01T19:43:16.001+0700] {logging_mixin.py:190} INFO - [2026-02-01T19:43:16.001+0700] {dag.py:4138} INFO - Setting next_dagrun for dag_scraping_daily to 2026-02-01 05:00:00+00:00, run_after=2026-02-01 17:00:00+00:00
[2026-02-01T19:43:16.025+0700] {processor.py:208} INFO - Processing /opt/airflow/dags/dag_scraping_daily.py took 0.527 seconds
[2026-02-01T19:43:46.428+0700] {processor.py:186} INFO - Started process (PID=2230) to work on /opt/airflow/dags/dag_scraping_daily.py
[2026-02-01T19:43:46.430+0700] {processor.py:914} INFO - Processing file /opt/airflow/dags/dag_scraping_daily.py for tasks to queue
[2026-02-01T19:43:46.433+0700] {logging_mixin.py:190} INFO - [2026-02-01T19:43:46.432+0700] {dagbag.py:587} INFO - Filling up the DagBag from /opt/airflow/dags/dag_scraping_daily.py
[2026-02-01T19:43:46.894+0700] {processor.py:925} INFO - DAG(s) 'dag_scraping_daily' retrieved from /opt/airflow/dags/dag_scraping_daily.py
[2026-02-01T19:43:46.919+0700] {logging_mixin.py:190} INFO - [2026-02-01T19:43:46.918+0700] {dag.py:3211} INFO - Sync 1 DAGs
[2026-02-01T19:43:46.942+0700] {logging_mixin.py:190} INFO - [2026-02-01T19:43:46.941+0700] {dag.py:4138} INFO - Setting next_dagrun for dag_scraping_daily to 2026-02-01 05:00:00+00:00, run_after=2026-02-01 17:00:00+00:00
[2026-02-01T19:43:46.966+0700] {processor.py:208} INFO - Processing /opt/airflow/dags/dag_scraping_daily.py took 0.544 seconds
[2026-02-01T19:44:17.271+0700] {processor.py:186} INFO - Started process (PID=2248) to work on /opt/airflow/dags/dag_scraping_daily.py
[2026-02-01T19:44:17.272+0700] {processor.py:914} INFO - Processing file /opt/airflow/dags/dag_scraping_daily.py for tasks to queue
[2026-02-01T19:44:17.276+0700] {logging_mixin.py:190} INFO - [2026-02-01T19:44:17.275+0700] {dagbag.py:587} INFO - Filling up the DagBag from /opt/airflow/dags/dag_scraping_daily.py
[2026-02-01T19:44:17.785+0700] {processor.py:925} INFO - DAG(s) 'dag_scraping_daily' retrieved from /opt/airflow/dags/dag_scraping_daily.py
[2026-02-01T19:44:17.822+0700] {logging_mixin.py:190} INFO - [2026-02-01T19:44:17.821+0700] {dag.py:3211} INFO - Sync 1 DAGs
[2026-02-01T19:44:17.853+0700] {logging_mixin.py:190} INFO - [2026-02-01T19:44:17.853+0700] {dag.py:4138} INFO - Setting next_dagrun for dag_scraping_daily to 2026-02-01 05:00:00+00:00, run_after=2026-02-01 17:00:00+00:00
[2026-02-01T19:44:17.882+0700] {processor.py:208} INFO - Processing /opt/airflow/dags/dag_scraping_daily.py took 0.618 seconds
[2026-02-01T19:44:48.013+0700] {processor.py:186} INFO - Started process (PID=2260) to work on /opt/airflow/dags/dag_scraping_daily.py
[2026-02-01T19:44:48.014+0700] {processor.py:914} INFO - Processing file /opt/airflow/dags/dag_scraping_daily.py for tasks to queue
[2026-02-01T19:44:48.018+0700] {logging_mixin.py:190} INFO - [2026-02-01T19:44:48.017+0700] {dagbag.py:587} INFO - Filling up the DagBag from /opt/airflow/dags/dag_scraping_daily.py
[2026-02-01T19:44:48.450+0700] {processor.py:925} INFO - DAG(s) 'dag_scraping_daily' retrieved from /opt/airflow/dags/dag_scraping_daily.py
[2026-02-01T19:44:48.477+0700] {logging_mixin.py:190} INFO - [2026-02-01T19:44:48.476+0700] {dag.py:3211} INFO - Sync 1 DAGs
[2026-02-01T19:44:48.512+0700] {logging_mixin.py:190} INFO - [2026-02-01T19:44:48.512+0700] {dag.py:4138} INFO - Setting next_dagrun for dag_scraping_daily to 2026-02-01 05:00:00+00:00, run_after=2026-02-01 17:00:00+00:00
[2026-02-01T19:44:48.541+0700] {processor.py:208} INFO - Processing /opt/airflow/dags/dag_scraping_daily.py took 0.536 seconds
[2026-02-01T19:45:18.936+0700] {processor.py:186} INFO - Started process (PID=2272) to work on /opt/airflow/dags/dag_scraping_daily.py
[2026-02-01T19:45:18.938+0700] {processor.py:914} INFO - Processing file /opt/airflow/dags/dag_scraping_daily.py for tasks to queue
[2026-02-01T19:45:18.942+0700] {logging_mixin.py:190} INFO - [2026-02-01T19:45:18.942+0700] {dagbag.py:587} INFO - Filling up the DagBag from /opt/airflow/dags/dag_scraping_daily.py
[2026-02-01T19:45:18.626+0700] {processor.py:925} INFO - DAG(s) 'dag_scraping_daily' retrieved from /opt/airflow/dags/dag_scraping_daily.py
[2026-02-01T19:45:18.657+0700] {logging_mixin.py:190} INFO - [2026-02-01T19:45:18.656+0700] {dag.py:3211} INFO - Sync 1 DAGs
[2026-02-01T19:45:18.685+0700] {logging_mixin.py:190} INFO - [2026-02-01T19:45:18.685+0700] {dag.py:4138} INFO - Setting next_dagrun for dag_scraping_daily to 2026-02-01 05:00:00+00:00, run_after=2026-02-01 17:00:00+00:00
[2026-02-01T19:45:18.706+0700] {processor.py:208} INFO - Processing /opt/airflow/dags/dag_scraping_daily.py took 0.561 seconds
[2026-02-01T19:45:47.902+0700] {processor.py:186} INFO - Started process (PID=2284) to work on /opt/airflow/dags/dag_scraping_daily.py
[2026-02-01T19:45:47.904+0700] {processor.py:914} INFO - Processing file /opt/airflow/dags/dag_scraping_daily.py for tasks to queue
[2026-02-01T19:45:47.908+0700] {logging_mixin.py:190} INFO - [2026-02-01T19:45:47.907+0700] {dagbag.py:587} INFO - Filling up the DagBag from /opt/airflow/dags/dag_scraping_daily.py
[2026-02-01T19:45:48.718+0700] {processor.py:925} INFO - DAG(s) 'dag_scraping_daily' retrieved from /opt/airflow/dags/dag_scraping_daily.py
[2026-02-01T19:45:48.771+0700] {logging_mixin.py:190} INFO - [2026-02-01T19:45:48.771+0700] {dag.py:3211} INFO - Sync 1 DAGs
[2026-02-01T19:45:48.812+0700] {logging_mixin.py:190} INFO - [2026-02-01T19:45:48.812+0700] {dag.py:4138} INFO - Setting next_dagrun for dag_scraping_daily to 2026-02-01 05:00:00+00:00, run_after=2026-02-01 17:00:00+00:00
[2026-02-01T19:45:48.839+0700] {processor.py:208} INFO - Processing /opt/airflow/dags/dag_scraping_daily.py took 0.943 seconds
[2026-02-01T19:46:19.230+0700] {processor.py:186} INFO - Started process (PID=2296) to work on /opt/airflow/dags/dag_scraping_daily.py
[2026-02-01T19:46:19.232+0700] {processor.py:914} INFO - Processing file /opt/airflow/dags/dag_scraping_daily.py for tasks to queue
[2026-02-01T19:46:19.235+0700] {logging_mixin.py:190} INFO - [2026-02-01T19:46:19.235+0700] {dagbag.py:587} INFO - Filling up the DagBag from /opt/airflow/dags/dag_scraping_daily.py
[2026-02-01T19:46:19.998+0700] {processor.py:925} INFO - DAG(s) 'dag_scraping_daily' retrieved from /opt/airflow/dags/dag_scraping_daily.py
[2026-02-01T19:46:20.027+0700] {logging_mixin.py:190} INFO - [2026-02-01T19:46:20.027+0700] {dag.py:3211} INFO - Sync 1 DAGs
[2026-02-01T19:46:20.060+0700] {logging_mixin.py:190} INFO - [2026-02-01T19:46:20.060+0700] {dag.py:4138} INFO - Setting next_dagrun for dag_scraping_daily to 2026-02-01 05:00:00+00:00, run_after=2026-02-01 17:00:00+00:00
[2026-02-01T19:46:20.086+0700] {processor.py:208} INFO - Processing /opt/airflow/dags/dag_scraping_daily.py took 0.865 seconds
[2026-02-01T19:46:50.908+0700] {processor.py:186} INFO - Started process (PID=2308) to work on /opt/airflow/dags/dag_scraping_daily.py
[2026-02-01T19:46:50.909+0700] {processor.py:914} INFO - Processing file /opt/airflow/dags/dag_scraping_daily.py for tasks to queue
[2026-02-01T19:46:50.912+0700] {logging_mixin.py:190} INFO - [2026-02-01T19:46:50.912+0700] {dagbag.py:587} INFO - Filling up the DagBag from /opt/airflow/dags/dag_scraping_daily.py
[2026-02-01T19:46:51.362+0700] {processor.py:925} INFO - DAG(s) 'dag_scraping_daily' retrieved from /opt/airflow/dags/dag_scraping_daily.py
[2026-02-01T19:46:51.389+0700] {logging_mixin.py:190} INFO - [2026-02-01T19:46:51.388+0700] {dag.py:3211} INFO - Sync 1 DAGs
[2026-02-01T19:46:51.413+0700] {logging_mixin.py:190} INFO - [2026-02-01T19:46:51.413+0700] {dag.py:4138} INFO - Setting next_dagrun for dag_scraping_daily to 2026-02-01 05:00:00+00:00, run_after=2026-02-01 17:00:00+00:00
[2026-02-01T19:46:51.436+0700] {processor.py:208} INFO - Processing /opt/airflow/dags/dag_scraping_daily.py took 0.533 seconds
[2026-02-01T19:47:21.888+0700] {processor.py:186} INFO - Started process (PID=2320) to work on /opt/airflow/dags/dag_scraping_daily.py
[2026-02-01T19:47:21.889+0700] {processor.py:914} INFO - Processing file /opt/airflow/dags/dag_scraping_daily.py for tasks to queue
[2026-02-01T19:47:21.892+0700] {logging_mixin.py:190} INFO - [2026-02-01T19:47:21.892+0700] {dagbag.py:587} INFO - Filling up the DagBag from /opt/airflow/dags/dag_scraping_daily.py
[2026-02-01T19:47:22.353+0700] {processor.py:925} INFO - DAG(s) 'dag_scraping_daily' retrieved from /opt/airflow/dags/dag_scraping_daily.py
[2026-02-01T19:47:22.377+0700] {logging_mixin.py:190} INFO - [2026-02-01T19:47:22.377+0700] {dag.py:3211} INFO - Sync 1 DAGs
[2026-02-01T19:47:22.411+0700] {logging_mixin.py:190} INFO - [2026-02-01T19:47:22.411+0700] {dag.py:4138} INFO - Setting next_dagrun for dag_scraping_daily to 2026-02-01 05:00:00+00:00, run_after=2026-02-01 17:00:00+00:00
[2026-02-01T19:47:22.432+0700] {processor.py:208} INFO - Processing /opt/airflow/dags/dag_scraping_daily.py took 0.552 seconds
[2026-02-01T19:47:53.175+0700] {processor.py:186} INFO - Started process (PID=2332) to work on /opt/airflow/dags/dag_scraping_daily.py
[2026-02-01T19:47:53.176+0700] {processor.py:914} INFO - Processing file /opt/airflow/dags/dag_scraping_daily.py for tasks to queue
[2026-02-01T19:47:53.179+0700] {logging_mixin.py:190} INFO - [2026-02-01T19:47:53.178+0700] {dagbag.py:587} INFO - Filling up the DagBag from /opt/airflow/dags/dag_scraping_daily.py
[2026-02-01T19:47:53.697+0700] {processor.py:925} INFO - DAG(s) 'dag_scraping_daily' retrieved from /opt/airflow/dags/dag_scraping_daily.py
[2026-02-01T19:47:53.727+0700] {logging_mixin.py:190} INFO - [2026-02-01T19:47:53.726+0700] {dag.py:3211} INFO - Sync 1 DAGs
[2026-02-01T19:47:53.756+0700] {logging_mixin.py:190} INFO - [2026-02-01T19:47:53.756+0700] {dag.py:4138} INFO - Setting next_dagrun for dag_scraping_daily to 2026-02-01 05:00:00+00:00, run_after=2026-02-01 17:00:00+00:00
[2026-02-01T19:47:53.786+0700] {processor.py:208} INFO - Processing /opt/airflow/dags/dag_scraping_daily.py took 0.619 seconds
[2026-02-01T19:48:23.952+0700] {processor.py:186} INFO - Started process (PID=2344) to work on /opt/airflow/dags/dag_scraping_daily.py
[2026-02-01T19:48:23.953+0700] {processor.py:914} INFO - Processing file /opt/airflow/dags/dag_scraping_daily.py for tasks to queue
[2026-02-01T19:48:23.956+0700] {logging_mixin.py:190} INFO - [2026-02-01T19:48:23.955+0700] {dagbag.py:587} INFO - Filling up the DagBag from /opt/airflow/dags/dag_scraping_daily.py
[2026-02-01T19:48:24.362+0700] {processor.py:925} INFO - DAG(s) 'dag_scraping_daily' retrieved from /opt/airflow/dags/dag_scraping_daily.py
[2026-02-01T19:48:24.388+0700] {logging_mixin.py:190} INFO - [2026-02-01T19:48:24.387+0700] {dag.py:3211} INFO - Sync 1 DAGs
[2026-02-01T19:48:24.410+0700] {logging_mixin.py:190} INFO - [2026-02-01T19:48:24.410+0700] {dag.py:4138} INFO - Setting next_dagrun for dag_scraping_daily to 2026-02-01 05:00:00+00:00, run_after=2026-02-01 17:00:00+00:00
[2026-02-01T19:48:24.434+0700] {processor.py:208} INFO - Processing /opt/airflow/dags/dag_scraping_daily.py took 0.488 seconds
[2026-02-01T19:48:54.937+0700] {processor.py:186} INFO - Started process (PID=2356) to work on /opt/airflow/dags/dag_scraping_daily.py
[2026-02-01T19:48:54.939+0700] {processor.py:914} INFO - Processing file /opt/airflow/dags/dag_scraping_daily.py for tasks to queue
[2026-02-01T19:48:54.942+0700] {logging_mixin.py:190} INFO - [2026-02-01T19:48:54.941+0700] {dagbag.py:587} INFO - Filling up the DagBag from /opt/airflow/dags/dag_scraping_daily.py
[2026-02-01T19:48:55.362+0700] {processor.py:925} INFO - DAG(s) 'dag_scraping_daily' retrieved from /opt/airflow/dags/dag_scraping_daily.py
[2026-02-01T19:48:55.389+0700] {logging_mixin.py:190} INFO - [2026-02-01T19:48:55.389+0700] {dag.py:3211} INFO - Sync 1 DAGs
[2026-02-01T19:48:55.414+0700] {logging_mixin.py:190} INFO - [2026-02-01T19:48:55.413+0700] {dag.py:4138} INFO - Setting next_dagrun for dag_scraping_daily to 2026-02-01 05:00:00+00:00, run_after=2026-02-01 17:00:00+00:00
[2026-02-01T19:48:55.437+0700] {processor.py:208} INFO - Processing /opt/airflow/dags/dag_scraping_daily.py took 0.507 seconds
[2026-02-01T19:49:25.890+0700] {processor.py:186} INFO - Started process (PID=2368) to work on /opt/airflow/dags/dag_scraping_daily.py
[2026-02-01T19:49:25.891+0700] {processor.py:914} INFO - Processing file /opt/airflow/dags/dag_scraping_daily.py for tasks to queue
[2026-02-01T19:49:25.893+0700] {logging_mixin.py:190} INFO - [2026-02-01T19:49:25.893+0700] {dagbag.py:587} INFO - Filling up the DagBag from /opt/airflow/dags/dag_scraping_daily.py
[2026-02-01T19:49:26.311+0700] {processor.py:925} INFO - DAG(s) 'dag_scraping_daily' retrieved from /opt/airflow/dags/dag_scraping_daily.py
[2026-02-01T19:49:26.335+0700] {logging_mixin.py:190} INFO - [2026-02-01T19:49:26.335+0700] {dag.py:3211} INFO - Sync 1 DAGs
[2026-02-01T19:49:26.358+0700] {logging_mixin.py:190} INFO - [2026-02-01T19:49:26.358+0700] {dag.py:4138} INFO - Setting next_dagrun for dag_scraping_daily to 2026-02-01 05:00:00+00:00, run_after=2026-02-01 17:00:00+00:00
[2026-02-01T19:49:26.380+0700] {processor.py:208} INFO - Processing /opt/airflow/dags/dag_scraping_daily.py took 0.496 seconds
[2026-02-01T19:49:56.638+0700] {processor.py:186} INFO - Started process (PID=2380) to work on /opt/airflow/dags/dag_scraping_daily.py
[2026-02-01T19:49:56.639+0700] {processor.py:914} INFO - Processing file /opt/airflow/dags/dag_scraping_daily.py for tasks to queue
[2026-02-01T19:49:56.641+0700] {logging_mixin.py:190} INFO - [2026-02-01T19:49:56.641+0700] {dagbag.py:587} INFO - Filling up the DagBag from /opt/airflow/dags/dag_scraping_daily.py
[2026-02-01T19:49:57.045+0700] {processor.py:925} INFO - DAG(s) 'dag_scraping_daily' retrieved from /opt/airflow/dags/dag_scraping_daily.py
[2026-02-01T19:49:57.068+0700] {logging_mixin.py:190} INFO - [2026-02-01T19:49:57.068+0700] {dag.py:3211} INFO - Sync 1 DAGs
[2026-02-01T19:49:57.101+0700] {logging_mixin.py:190} INFO - [2026-02-01T19:49:57.101+0700] {dag.py:4138} INFO - Setting next_dagrun for dag_scraping_daily to 2026-02-01 05:00:00+00:00, run_after=2026-02-01 17:00:00+00:00
[2026-02-01T19:49:57.124+0700] {processor.py:208} INFO - Processing /opt/airflow/dags/dag_scraping_daily.py took 0.493 seconds
[2026-02-01T19:50:27.377+0700] {processor.py:186} INFO - Started process (PID=2392) to work on /opt/airflow/dags/dag_scraping_daily.py
[2026-02-01T19:50:27.378+0700] {processor.py:914} INFO - Processing file /opt/airflow/dags/dag_scraping_daily.py for tasks to queue
[2026-02-01T19:50:27.381+0700] {logging_mixin.py:190} INFO - [2026-02-01T19:50:27.380+0700] {dagbag.py:587} INFO - Filling up the DagBag from /opt/airflow/dags/dag_scraping_daily.py
[2026-02-01T19:50:27.789+0700] {processor.py:925} INFO - DAG(s) 'dag_scraping_daily' retrieved from /opt/airflow/dags/dag_scraping_daily.py
[2026-02-01T19:50:27.817+0700] {logging_mixin.py:190} INFO - [2026-02-01T19:50:27.816+0700] {dag.py:3211} INFO - Sync 1 DAGs
[2026-02-01T19:50:27.843+0700] {logging_mixin.py:190} INFO - [2026-02-01T19:50:27.843+0700] {dag.py:4138} INFO - Setting next_dagrun for dag_scraping_daily to 2026-02-01 05:00:00+00:00, run_after=2026-02-01 17:00:00+00:00
[2026-02-01T19:50:27.865+0700] {processor.py:208} INFO - Processing /opt/airflow/dags/dag_scraping_daily.py took 0.494 seconds
[2026-02-01T19:50:58.470+0700] {processor.py:186} INFO - Started process (PID=2404) to work on /opt/airflow/dags/dag_scraping_daily.py
[2026-02-01T19:50:58.473+0700] {processor.py:914} INFO - Processing file /opt/airflow/dags/dag_scraping_daily.py for tasks to queue
[2026-02-01T19:50:58.478+0700] {logging_mixin.py:190} INFO - [2026-02-01T19:50:58.477+0700] {dagbag.py:587} INFO - Filling up the DagBag from /opt/airflow/dags/dag_scraping_daily.py
[2026-02-01T19:50:59.126+0700] {processor.py:925} INFO - DAG(s) 'dag_scraping_daily' retrieved from /opt/airflow/dags/dag_scraping_daily.py
[2026-02-01T19:50:59.169+0700] {logging_mixin.py:190} INFO - [2026-02-01T19:50:59.168+0700] {dag.py:3211} INFO - Sync 1 DAGs
[2026-02-01T19:50:59.211+0700] {logging_mixin.py:190} INFO - [2026-02-01T19:50:59.211+0700] {dag.py:4138} INFO - Setting next_dagrun for dag_scraping_daily to 2026-02-01 05:00:00+00:00, run_after=2026-02-01 17:00:00+00:00
[2026-02-01T19:50:59.241+0700] {processor.py:208} INFO - Processing /opt/airflow/dags/dag_scraping_daily.py took 0.801 seconds
[2026-02-01T19:51:30.008+0700] {processor.py:186} INFO - Started process (PID=2416) to work on /opt/airflow/dags/dag_scraping_daily.py
[2026-02-01T19:51:30.009+0700] {processor.py:914} INFO - Processing file /opt/airflow/dags/dag_scraping_daily.py for tasks to queue
[2026-02-01T19:51:30.012+0700] {logging_mixin.py:190} INFO - [2026-02-01T19:51:30.012+0700] {dagbag.py:587} INFO - Filling up the DagBag from /opt/airflow/dags/dag_scraping_daily.py
[2026-02-01T19:51:30.453+0700] {processor.py:925} INFO - DAG(s) 'dag_scraping_daily' retrieved from /opt/airflow/dags/dag_scraping_daily.py
[2026-02-01T19:51:30.482+0700] {logging_mixin.py:190} INFO - [2026-02-01T19:51:30.482+0700] {dag.py:3211} INFO - Sync 1 DAGs
[2026-02-01T19:51:30.512+0700] {logging_mixin.py:190} INFO - [2026-02-01T19:51:30.512+0700] {dag.py:4138} INFO - Setting next_dagrun for dag_scraping_daily to 2026-02-01 05:00:00+00:00, run_after=2026-02-01 17:00:00+00:00
[2026-02-01T19:51:30.537+0700] {processor.py:208} INFO - Processing /opt/airflow/dags/dag_scraping_daily.py took 0.536 seconds
[2026-02-01T19:52:00.724+0700] {processor.py:186} INFO - Started process (PID=2428) to work on /opt/airflow/dags/dag_scraping_daily.py
[2026-02-01T19:52:00.725+0700] {processor.py:914} INFO - Processing file /opt/airflow/dags/dag_scraping_daily.py for tasks to queue
[2026-02-01T19:52:00.729+0700] {logging_mixin.py:190} INFO - [2026-02-01T19:52:00.728+0700] {dagbag.py:587} INFO - Filling up the DagBag from /opt/airflow/dags/dag_scraping_daily.py
[2026-02-01T19:52:01.315+0700] {processor.py:925} INFO - DAG(s) 'dag_scraping_daily' retrieved from /opt/airflow/dags/dag_scraping_daily.py
[2026-02-01T19:52:01.348+0700] {logging_mixin.py:190} INFO - [2026-02-01T19:52:01.347+0700] {dag.py:3211} INFO - Sync 1 DAGs
[2026-02-01T19:52:01.380+0700] {logging_mixin.py:190} INFO - [2026-02-01T19:52:01.380+0700] {dag.py:4138} INFO - Setting next_dagrun for dag_scraping_daily to 2026-02-01 05:00:00+00:00, run_after=2026-02-01 17:00:00+00:00
[2026-02-01T19:52:01.419+0700] {processor.py:208} INFO - Processing /opt/airflow/dags/dag_scraping_daily.py took 0.705 seconds
[2026-02-01T19:52:31.640+0700] {processor.py:186} INFO - Started process (PID=2440) to work on /opt/airflow/dags/dag_scraping_daily.py
[2026-02-01T19:52:31.642+0700] {processor.py:914} INFO - Processing file /opt/airflow/dags/dag_scraping_daily.py for tasks to queue
[2026-02-01T19:52:31.647+0700] {logging_mixin.py:190} INFO - [2026-02-01T19:52:31.646+0700] {dagbag.py:587} INFO - Filling up the DagBag from /opt/airflow/dags/dag_scraping_daily.py
[2026-02-01T19:52:32.112+0700] {processor.py:925} INFO - DAG(s) 'dag_scraping_daily' retrieved from /opt/airflow/dags/dag_scraping_daily.py
[2026-02-01T19:52:32.139+0700] {logging_mixin.py:190} INFO - [2026-02-01T19:52:32.139+0700] {dag.py:3211} INFO - Sync 1 DAGs
[2026-02-01T19:52:32.169+0700] {logging_mixin.py:190} INFO - [2026-02-01T19:52:32.168+0700] {dag.py:4138} INFO - Setting next_dagrun for dag_scraping_daily to 2026-02-01 05:00:00+00:00, run_after=2026-02-01 17:00:00+00:00
[2026-02-01T19:52:32.202+0700] {processor.py:208} INFO - Processing /opt/airflow/dags/dag_scraping_daily.py took 0.573 seconds
[2026-02-01T19:53:02.456+0700] {processor.py:186} INFO - Started process (PID=2452) to work on /opt/airflow/dags/dag_scraping_daily.py
[2026-02-01T19:53:02.457+0700] {processor.py:914} INFO - Processing file /opt/airflow/dags/dag_scraping_daily.py for tasks to queue
[2026-02-01T19:53:02.461+0700] {logging_mixin.py:190} INFO - [2026-02-01T19:53:02.460+0700] {dagbag.py:587} INFO - Filling up the DagBag from /opt/airflow/dags/dag_scraping_daily.py
[2026-02-01T19:53:02.895+0700] {processor.py:925} INFO - DAG(s) 'dag_scraping_daily' retrieved from /opt/airflow/dags/dag_scraping_daily.py
[2026-02-01T19:53:02.922+0700] {logging_mixin.py:190} INFO - [2026-02-01T19:53:02.922+0700] {dag.py:3211} INFO - Sync 1 DAGs
[2026-02-01T19:53:02.950+0700] {logging_mixin.py:190} INFO - [2026-02-01T19:53:02.949+0700] {dag.py:4138} INFO - Setting next_dagrun for dag_scraping_daily to 2026-02-01 05:00:00+00:00, run_after=2026-02-01 17:00:00+00:00
[2026-02-01T19:53:02.973+0700] {processor.py:208} INFO - Processing /opt/airflow/dags/dag_scraping_daily.py took 0.524 seconds
[2026-02-01T19:53:33.308+0700] {processor.py:186} INFO - Started process (PID=2464) to work on /opt/airflow/dags/dag_scraping_daily.py
[2026-02-01T19:53:33.309+0700] {processor.py:914} INFO - Processing file /opt/airflow/dags/dag_scraping_daily.py for tasks to queue
[2026-02-01T19:53:33.311+0700] {logging_mixin.py:190} INFO - [2026-02-01T19:53:33.311+0700] {dagbag.py:587} INFO - Filling up the DagBag from /opt/airflow/dags/dag_scraping_daily.py
[2026-02-01T19:53:33.774+0700] {processor.py:925} INFO - DAG(s) 'dag_scraping_daily' retrieved from /opt/airflow/dags/dag_scraping_daily.py
[2026-02-01T19:53:33.800+0700] {logging_mixin.py:190} INFO - [2026-02-01T19:53:33.800+0700] {dag.py:3211} INFO - Sync 1 DAGs
[2026-02-01T19:53:33.829+0700] {logging_mixin.py:190} INFO - [2026-02-01T19:53:33.829+0700] {dag.py:4138} INFO - Setting next_dagrun for dag_scraping_daily to 2026-02-01 05:00:00+00:00, run_after=2026-02-01 17:00:00+00:00
[2026-02-01T19:53:33.858+0700] {processor.py:208} INFO - Processing /opt/airflow/dags/dag_scraping_daily.py took 0.557 seconds
[2026-02-01T19:54:04.064+0700] {processor.py:186} INFO - Started process (PID=2476) to work on /opt/airflow/dags/dag_scraping_daily.py
[2026-02-01T19:54:04.067+0700] {processor.py:914} INFO - Processing file /opt/airflow/dags/dag_scraping_daily.py for tasks to queue
[2026-02-01T19:54:04.069+0700] {logging_mixin.py:190} INFO - [2026-02-01T19:54:04.069+0700] {dagbag.py:587} INFO - Filling up the DagBag from /opt/airflow/dags/dag_scraping_daily.py
[2026-02-01T19:54:04.549+0700] {processor.py:925} INFO - DAG(s) 'dag_scraping_daily' retrieved from /opt/airflow/dags/dag_scraping_daily.py
[2026-02-01T19:54:04.583+0700] {logging_mixin.py:190} INFO - [2026-02-01T19:54:04.583+0700] {dag.py:3211} INFO - Sync 1 DAGs
[2026-02-01T19:54:04.609+0700] {logging_mixin.py:190} INFO - [2026-02-01T19:54:04.609+0700] {dag.py:4138} INFO - Setting next_dagrun for dag_scraping_daily to 2026-02-01 05:00:00+00:00, run_after=2026-02-01 17:00:00+00:00
[2026-02-01T19:54:04.629+0700] {processor.py:208} INFO - Processing /opt/airflow/dags/dag_scraping_daily.py took 0.571 seconds
[2026-02-01T19:54:34.886+0700] {processor.py:186} INFO - Started process (PID=2488) to work on /opt/airflow/dags/dag_scraping_daily.py
[2026-02-01T19:54:34.887+0700] {processor.py:914} INFO - Processing file /opt/airflow/dags/dag_scraping_daily.py for tasks to queue
[2026-02-01T19:54:34.890+0700] {logging_mixin.py:190} INFO - [2026-02-01T19:54:34.890+0700] {dagbag.py:587} INFO - Filling up the DagBag from /opt/airflow/dags/dag_scraping_daily.py
[2026-02-01T19:54:35.297+0700] {processor.py:925} INFO - DAG(s) 'dag_scraping_daily' retrieved from /opt/airflow/dags/dag_scraping_daily.py
[2026-02-01T19:54:35.321+0700] {logging_mixin.py:190} INFO - [2026-02-01T19:54:35.321+0700] {dag.py:3211} INFO - Sync 1 DAGs
[2026-02-01T19:54:35.349+0700] {logging_mixin.py:190} INFO - [2026-02-01T19:54:35.349+0700] {dag.py:4138} INFO - Setting next_dagrun for dag_scraping_daily to 2026-02-01 05:00:00+00:00, run_after=2026-02-01 17:00:00+00:00
[2026-02-01T19:54:35.371+0700] {processor.py:208} INFO - Processing /opt/airflow/dags/dag_scraping_daily.py took 0.490 seconds
[2026-02-01T19:55:05.736+0700] {processor.py:186} INFO - Started process (PID=2500) to work on /opt/airflow/dags/dag_scraping_daily.py
[2026-02-01T19:55:05.737+0700] {processor.py:914} INFO - Processing file /opt/airflow/dags/dag_scraping_daily.py for tasks to queue
[2026-02-01T19:55:05.739+0700] {logging_mixin.py:190} INFO - [2026-02-01T19:55:05.739+0700] {dagbag.py:587} INFO - Filling up the DagBag from /opt/airflow/dags/dag_scraping_daily.py
[2026-02-01T19:55:06.221+0700] {processor.py:925} INFO - DAG(s) 'dag_scraping_daily' retrieved from /opt/airflow/dags/dag_scraping_daily.py
[2026-02-01T19:55:06.252+0700] {logging_mixin.py:190} INFO - [2026-02-01T19:55:06.252+0700] {dag.py:3211} INFO - Sync 1 DAGs
[2026-02-01T19:55:06.279+0700] {logging_mixin.py:190} INFO - [2026-02-01T19:55:06.279+0700] {dag.py:4138} INFO - Setting next_dagrun for dag_scraping_daily to 2026-02-01 05:00:00+00:00, run_after=2026-02-01 17:00:00+00:00
[2026-02-01T19:55:06.302+0700] {processor.py:208} INFO - Processing /opt/airflow/dags/dag_scraping_daily.py took 0.572 seconds
[2026-02-01T19:55:36.619+0700] {processor.py:186} INFO - Started process (PID=2512) to work on /opt/airflow/dags/dag_scraping_daily.py
[2026-02-01T19:55:36.620+0700] {processor.py:914} INFO - Processing file /opt/airflow/dags/dag_scraping_daily.py for tasks to queue
[2026-02-01T19:55:36.624+0700] {logging_mixin.py:190} INFO - [2026-02-01T19:55:36.624+0700] {dagbag.py:587} INFO - Filling up the DagBag from /opt/airflow/dags/dag_scraping_daily.py
[2026-02-01T19:55:37.093+0700] {processor.py:925} INFO - DAG(s) 'dag_scraping_daily' retrieved from /opt/airflow/dags/dag_scraping_daily.py
[2026-02-01T19:55:37.120+0700] {logging_mixin.py:190} INFO - [2026-02-01T19:55:37.119+0700] {dag.py:3211} INFO - Sync 1 DAGs
[2026-02-01T19:55:37.148+0700] {logging_mixin.py:190} INFO - [2026-02-01T19:55:37.148+0700] {dag.py:4138} INFO - Setting next_dagrun for dag_scraping_daily to 2026-02-01 05:00:00+00:00, run_after=2026-02-01 17:00:00+00:00
[2026-02-01T19:55:37.168+0700] {processor.py:208} INFO - Processing /opt/airflow/dags/dag_scraping_daily.py took 0.556 seconds
[2026-02-01T19:56:07.578+0700] {processor.py:186} INFO - Started process (PID=2524) to work on /opt/airflow/dags/dag_scraping_daily.py
[2026-02-01T19:56:07.579+0700] {processor.py:914} INFO - Processing file /opt/airflow/dags/dag_scraping_daily.py for tasks to queue
[2026-02-01T19:56:07.582+0700] {logging_mixin.py:190} INFO - [2026-02-01T19:56:07.582+0700] {dagbag.py:587} INFO - Filling up the DagBag from /opt/airflow/dags/dag_scraping_daily.py
[2026-02-01T19:56:07.994+0700] {processor.py:925} INFO - DAG(s) 'dag_scraping_daily' retrieved from /opt/airflow/dags/dag_scraping_daily.py
[2026-02-01T19:56:08.019+0700] {logging_mixin.py:190} INFO - [2026-02-01T19:56:08.018+0700] {dag.py:3211} INFO - Sync 1 DAGs
[2026-02-01T19:56:08.042+0700] {logging_mixin.py:190} INFO - [2026-02-01T19:56:08.042+0700] {dag.py:4138} INFO - Setting next_dagrun for dag_scraping_daily to 2026-02-01 05:00:00+00:00, run_after=2026-02-01 17:00:00+00:00
[2026-02-01T19:56:08.064+0700] {processor.py:208} INFO - Processing /opt/airflow/dags/dag_scraping_daily.py took 0.494 seconds
[2026-02-01T19:56:38.351+0700] {processor.py:186} INFO - Started process (PID=2536) to work on /opt/airflow/dags/dag_scraping_daily.py
[2026-02-01T19:56:38.352+0700] {processor.py:914} INFO - Processing file /opt/airflow/dags/dag_scraping_daily.py for tasks to queue
[2026-02-01T19:56:38.355+0700] {logging_mixin.py:190} INFO - [2026-02-01T19:56:38.355+0700] {dagbag.py:587} INFO - Filling up the DagBag from /opt/airflow/dags/dag_scraping_daily.py
[2026-02-01T19:56:38.809+0700] {processor.py:925} INFO - DAG(s) 'dag_scraping_daily' retrieved from /opt/airflow/dags/dag_scraping_daily.py
[2026-02-01T19:56:38.833+0700] {logging_mixin.py:190} INFO - [2026-02-01T19:56:38.833+0700] {dag.py:3211} INFO - Sync 1 DAGs
[2026-02-01T19:56:38.855+0700] {logging_mixin.py:190} INFO - [2026-02-01T19:56:38.855+0700] {dag.py:4138} INFO - Setting next_dagrun for dag_scraping_daily to 2026-02-01 05:00:00+00:00, run_after=2026-02-01 17:00:00+00:00
[2026-02-01T19:56:38.878+0700] {processor.py:208} INFO - Processing /opt/airflow/dags/dag_scraping_daily.py took 0.534 seconds
[2026-02-01T19:57:09.180+0700] {processor.py:186} INFO - Started process (PID=2548) to work on /opt/airflow/dags/dag_scraping_daily.py
[2026-02-01T19:57:09.182+0700] {processor.py:914} INFO - Processing file /opt/airflow/dags/dag_scraping_daily.py for tasks to queue
[2026-02-01T19:57:09.186+0700] {logging_mixin.py:190} INFO - [2026-02-01T19:57:09.186+0700] {dagbag.py:587} INFO - Filling up the DagBag from /opt/airflow/dags/dag_scraping_daily.py
[2026-02-01T19:57:09.660+0700] {processor.py:925} INFO - DAG(s) 'dag_scraping_daily' retrieved from /opt/airflow/dags/dag_scraping_daily.py
[2026-02-01T19:57:09.684+0700] {logging_mixin.py:190} INFO - [2026-02-01T19:57:09.683+0700] {dag.py:3211} INFO - Sync 1 DAGs
[2026-02-01T19:57:09.705+0700] {logging_mixin.py:190} INFO - [2026-02-01T19:57:09.705+0700] {dag.py:4138} INFO - Setting next_dagrun for dag_scraping_daily to 2026-02-01 05:00:00+00:00, run_after=2026-02-01 17:00:00+00:00
[2026-02-01T19:57:09.730+0700] {processor.py:208} INFO - Processing /opt/airflow/dags/dag_scraping_daily.py took 0.560 seconds
[2026-02-01T19:57:39.938+0700] {processor.py:186} INFO - Started process (PID=2560) to work on /opt/airflow/dags/dag_scraping_daily.py
[2026-02-01T19:57:39.939+0700] {processor.py:914} INFO - Processing file /opt/airflow/dags/dag_scraping_daily.py for tasks to queue
[2026-02-01T19:57:39.941+0700] {logging_mixin.py:190} INFO - [2026-02-01T19:57:39.941+0700] {dagbag.py:587} INFO - Filling up the DagBag from /opt/airflow/dags/dag_scraping_daily.py
[2026-02-01T19:57:40.367+0700] {processor.py:925} INFO - DAG(s) 'dag_scraping_daily' retrieved from /opt/airflow/dags/dag_scraping_daily.py
[2026-02-01T19:57:40.395+0700] {logging_mixin.py:190} INFO - [2026-02-01T19:57:40.394+0700] {dag.py:3211} INFO - Sync 1 DAGs
[2026-02-01T19:57:40.416+0700] {logging_mixin.py:190} INFO - [2026-02-01T19:57:40.416+0700] {dag.py:4138} INFO - Setting next_dagrun for dag_scraping_daily to 2026-02-01 05:00:00+00:00, run_after=2026-02-01 17:00:00+00:00
[2026-02-01T19:57:40.439+0700] {processor.py:208} INFO - Processing /opt/airflow/dags/dag_scraping_daily.py took 0.508 seconds
[2026-02-01T19:58:10.700+0700] {processor.py:186} INFO - Started process (PID=2572) to work on /opt/airflow/dags/dag_scraping_daily.py
[2026-02-01T19:58:10.702+0700] {processor.py:914} INFO - Processing file /opt/airflow/dags/dag_scraping_daily.py for tasks to queue
[2026-02-01T19:58:10.704+0700] {logging_mixin.py:190} INFO - [2026-02-01T19:58:10.704+0700] {dagbag.py:587} INFO - Filling up the DagBag from /opt/airflow/dags/dag_scraping_daily.py
[2026-02-01T19:58:11.110+0700] {processor.py:925} INFO - DAG(s) 'dag_scraping_daily' retrieved from /opt/airflow/dags/dag_scraping_daily.py
[2026-02-01T19:58:11.131+0700] {logging_mixin.py:190} INFO - [2026-02-01T19:58:11.131+0700] {dag.py:3211} INFO - Sync 1 DAGs
[2026-02-01T19:58:11.159+0700] {logging_mixin.py:190} INFO - [2026-02-01T19:58:11.158+0700] {dag.py:4138} INFO - Setting next_dagrun for dag_scraping_daily to 2026-02-01 05:00:00+00:00, run_after=2026-02-01 17:00:00+00:00
[2026-02-01T19:58:11.187+0700] {processor.py:208} INFO - Processing /opt/airflow/dags/dag_scraping_daily.py took 0.492 seconds
[2026-02-01T19:58:41.465+0700] {processor.py:186} INFO - Started process (PID=2584) to work on /opt/airflow/dags/dag_scraping_daily.py
[2026-02-01T19:58:41.467+0700] {processor.py:914} INFO - Processing file /opt/airflow/dags/dag_scraping_daily.py for tasks to queue
[2026-02-01T19:58:41.469+0700] {logging_mixin.py:190} INFO - [2026-02-01T19:58:41.469+0700] {dagbag.py:587} INFO - Filling up the DagBag from /opt/airflow/dags/dag_scraping_daily.py
[2026-02-01T19:58:41.922+0700] {processor.py:925} INFO - DAG(s) 'dag_scraping_daily' retrieved from /opt/airflow/dags/dag_scraping_daily.py
[2026-02-01T19:58:41.945+0700] {logging_mixin.py:190} INFO - [2026-02-01T19:58:41.945+0700] {dag.py:3211} INFO - Sync 1 DAGs
[2026-02-01T19:58:41.967+0700] {logging_mixin.py:190} INFO - [2026-02-01T19:58:41.967+0700] {dag.py:4138} INFO - Setting next_dagrun for dag_scraping_daily to 2026-02-01 05:00:00+00:00, run_after=2026-02-01 17:00:00+00:00
[2026-02-01T19:58:41.991+0700] {processor.py:208} INFO - Processing /opt/airflow/dags/dag_scraping_daily.py took 0.532 seconds
[2026-02-01T19:59:12.315+0700] {processor.py:186} INFO - Started process (PID=2596) to work on /opt/airflow/dags/dag_scraping_daily.py
[2026-02-01T19:59:12.316+0700] {processor.py:914} INFO - Processing file /opt/airflow/dags/dag_scraping_daily.py for tasks to queue
[2026-02-01T19:59:12.319+0700] {logging_mixin.py:190} INFO - [2026-02-01T19:59:12.319+0700] {dagbag.py:587} INFO - Filling up the DagBag from /opt/airflow/dags/dag_scraping_daily.py
[2026-02-01T19:59:12.748+0700] {processor.py:925} INFO - DAG(s) 'dag_scraping_daily' retrieved from /opt/airflow/dags/dag_scraping_daily.py
[2026-02-01T19:59:12.773+0700] {logging_mixin.py:190} INFO - [2026-02-01T19:59:12.772+0700] {dag.py:3211} INFO - Sync 1 DAGs
[2026-02-01T19:59:12.807+0700] {logging_mixin.py:190} INFO - [2026-02-01T19:59:12.807+0700] {dag.py:4138} INFO - Setting next_dagrun for dag_scraping_daily to 2026-02-01 05:00:00+00:00, run_after=2026-02-01 17:00:00+00:00
[2026-02-01T19:59:12.837+0700] {processor.py:208} INFO - Processing /opt/airflow/dags/dag_scraping_daily.py took 0.530 seconds
[2026-02-01T19:59:43.112+0700] {processor.py:186} INFO - Started process (PID=2608) to work on /opt/airflow/dags/dag_scraping_daily.py
[2026-02-01T19:59:43.113+0700] {processor.py:914} INFO - Processing file /opt/airflow/dags/dag_scraping_daily.py for tasks to queue
[2026-02-01T19:59:43.116+0700] {logging_mixin.py:190} INFO - [2026-02-01T19:59:43.116+0700] {dagbag.py:587} INFO - Filling up the DagBag from /opt/airflow/dags/dag_scraping_daily.py
[2026-02-01T19:59:43.604+0700] {processor.py:925} INFO - DAG(s) 'dag_scraping_daily' retrieved from /opt/airflow/dags/dag_scraping_daily.py
[2026-02-01T19:59:43.637+0700] {logging_mixin.py:190} INFO - [2026-02-01T19:59:43.636+0700] {dag.py:3211} INFO - Sync 1 DAGs
[2026-02-01T19:59:43.664+0700] {logging_mixin.py:190} INFO - [2026-02-01T19:59:43.663+0700] {dag.py:4138} INFO - Setting next_dagrun for dag_scraping_daily to 2026-02-01 05:00:00+00:00, run_after=2026-02-01 17:00:00+00:00
[2026-02-01T19:59:43.691+0700] {processor.py:208} INFO - Processing /opt/airflow/dags/dag_scraping_daily.py took 0.585 seconds
[2026-02-01T20:00:13.828+0700] {processor.py:186} INFO - Started process (PID=2620) to work on /opt/airflow/dags/dag_scraping_daily.py
[2026-02-01T20:00:13.829+0700] {processor.py:914} INFO - Processing file /opt/airflow/dags/dag_scraping_daily.py for tasks to queue
[2026-02-01T20:00:13.832+0700] {logging_mixin.py:190} INFO - [2026-02-01T20:00:13.832+0700] {dagbag.py:587} INFO - Filling up the DagBag from /opt/airflow/dags/dag_scraping_daily.py
[2026-02-01T20:00:14.250+0700] {processor.py:925} INFO - DAG(s) 'dag_scraping_daily' retrieved from /opt/airflow/dags/dag_scraping_daily.py
[2026-02-01T20:00:14.275+0700] {logging_mixin.py:190} INFO - [2026-02-01T20:00:14.274+0700] {dag.py:3211} INFO - Sync 1 DAGs
[2026-02-01T20:00:14.303+0700] {logging_mixin.py:190} INFO - [2026-02-01T20:00:14.303+0700] {dag.py:4138} INFO - Setting next_dagrun for dag_scraping_daily to 2026-02-01 05:00:00+00:00, run_after=2026-02-01 17:00:00+00:00
[2026-02-01T20:00:14.332+0700] {processor.py:208} INFO - Processing /opt/airflow/dags/dag_scraping_daily.py took 0.509 seconds
[2026-02-01T20:00:44.637+0700] {processor.py:186} INFO - Started process (PID=2632) to work on /opt/airflow/dags/dag_scraping_daily.py
[2026-02-01T20:00:44.639+0700] {processor.py:914} INFO - Processing file /opt/airflow/dags/dag_scraping_daily.py for tasks to queue
[2026-02-01T20:00:44.642+0700] {logging_mixin.py:190} INFO - [2026-02-01T20:00:44.641+0700] {dagbag.py:587} INFO - Filling up the DagBag from /opt/airflow/dags/dag_scraping_daily.py
[2026-02-01T20:00:45.043+0700] {processor.py:925} INFO - DAG(s) 'dag_scraping_daily' retrieved from /opt/airflow/dags/dag_scraping_daily.py
[2026-02-01T20:00:45.066+0700] {logging_mixin.py:190} INFO - [2026-02-01T20:00:45.066+0700] {dag.py:3211} INFO - Sync 1 DAGs
[2026-02-01T20:00:45.087+0700] {logging_mixin.py:190} INFO - [2026-02-01T20:00:45.087+0700] {dag.py:4138} INFO - Setting next_dagrun for dag_scraping_daily to 2026-02-01 05:00:00+00:00, run_after=2026-02-01 17:00:00+00:00
[2026-02-01T20:00:45.109+0700] {processor.py:208} INFO - Processing /opt/airflow/dags/dag_scraping_daily.py took 0.478 seconds
[2026-02-01T20:01:15.493+0700] {processor.py:186} INFO - Started process (PID=2644) to work on /opt/airflow/dags/dag_scraping_daily.py
[2026-02-01T20:01:15.494+0700] {processor.py:914} INFO - Processing file /opt/airflow/dags/dag_scraping_daily.py for tasks to queue
[2026-02-01T20:01:15.497+0700] {logging_mixin.py:190} INFO - [2026-02-01T20:01:15.497+0700] {dagbag.py:587} INFO - Filling up the DagBag from /opt/airflow/dags/dag_scraping_daily.py
[2026-02-01T20:01:15.937+0700] {processor.py:925} INFO - DAG(s) 'dag_scraping_daily' retrieved from /opt/airflow/dags/dag_scraping_daily.py
[2026-02-01T20:01:15.959+0700] {logging_mixin.py:190} INFO - [2026-02-01T20:01:15.958+0700] {dag.py:3211} INFO - Sync 1 DAGs
[2026-02-01T20:01:15.188+0700] {logging_mixin.py:190} INFO - [2026-02-01T20:01:15.187+0700] {dag.py:4138} INFO - Setting next_dagrun for dag_scraping_daily to 2026-02-01 05:00:00+00:00, run_after=2026-02-01 17:00:00+00:00
[2026-02-01T20:01:15.209+0700] {processor.py:208} INFO - Processing /opt/airflow/dags/dag_scraping_daily.py took 0.516 seconds
[2026-02-01T20:01:45.428+0700] {processor.py:186} INFO - Started process (PID=2656) to work on /opt/airflow/dags/dag_scraping_daily.py
[2026-02-01T20:01:45.429+0700] {processor.py:914} INFO - Processing file /opt/airflow/dags/dag_scraping_daily.py for tasks to queue
[2026-02-01T20:01:45.432+0700] {logging_mixin.py:190} INFO - [2026-02-01T20:01:45.432+0700] {dagbag.py:587} INFO - Filling up the DagBag from /opt/airflow/dags/dag_scraping_daily.py
[2026-02-01T20:01:45.829+0700] {processor.py:925} INFO - DAG(s) 'dag_scraping_daily' retrieved from /opt/airflow/dags/dag_scraping_daily.py
[2026-02-01T20:01:45.853+0700] {logging_mixin.py:190} INFO - [2026-02-01T20:01:45.852+0700] {dag.py:3211} INFO - Sync 1 DAGs
[2026-02-01T20:01:45.875+0700] {logging_mixin.py:190} INFO - [2026-02-01T20:01:45.875+0700] {dag.py:4138} INFO - Setting next_dagrun for dag_scraping_daily to 2026-02-01 05:00:00+00:00, run_after=2026-02-01 17:00:00+00:00
[2026-02-01T20:01:45.905+0700] {processor.py:208} INFO - Processing /opt/airflow/dags/dag_scraping_daily.py took 0.484 seconds
[2026-02-01T20:02:16.251+0700] {processor.py:186} INFO - Started process (PID=2668) to work on /opt/airflow/dags/dag_scraping_daily.py
[2026-02-01T20:02:16.252+0700] {processor.py:914} INFO - Processing file /opt/airflow/dags/dag_scraping_daily.py for tasks to queue
[2026-02-01T20:02:16.255+0700] {logging_mixin.py:190} INFO - [2026-02-01T20:02:16.254+0700] {dagbag.py:587} INFO - Filling up the DagBag from /opt/airflow/dags/dag_scraping_daily.py
[2026-02-01T20:02:16.662+0700] {processor.py:925} INFO - DAG(s) 'dag_scraping_daily' retrieved from /opt/airflow/dags/dag_scraping_daily.py
[2026-02-01T20:02:16.684+0700] {logging_mixin.py:190} INFO - [2026-02-01T20:02:16.683+0700] {dag.py:3211} INFO - Sync 1 DAGs
[2026-02-01T20:02:16.705+0700] {logging_mixin.py:190} INFO - [2026-02-01T20:02:16.705+0700] {dag.py:4138} INFO - Setting next_dagrun for dag_scraping_daily to 2026-02-01 05:00:00+00:00, run_after=2026-02-01 17:00:00+00:00
[2026-02-01T20:02:16.728+0700] {processor.py:208} INFO - Processing /opt/airflow/dags/dag_scraping_daily.py took 0.482 seconds
[2026-02-01T20:02:47.048+0700] {processor.py:186} INFO - Started process (PID=2680) to work on /opt/airflow/dags/dag_scraping_daily.py
[2026-02-01T20:02:47.049+0700] {processor.py:914} INFO - Processing file /opt/airflow/dags/dag_scraping_daily.py for tasks to queue
[2026-02-01T20:02:47.052+0700] {logging_mixin.py:190} INFO - [2026-02-01T20:02:47.052+0700] {dagbag.py:587} INFO - Filling up the DagBag from /opt/airflow/dags/dag_scraping_daily.py
[2026-02-01T20:02:47.496+0700] {processor.py:925} INFO - DAG(s) 'dag_scraping_daily' retrieved from /opt/airflow/dags/dag_scraping_daily.py
[2026-02-01T20:02:47.520+0700] {logging_mixin.py:190} INFO - [2026-02-01T20:02:47.520+0700] {dag.py:3211} INFO - Sync 1 DAGs
[2026-02-01T20:02:47.541+0700] {logging_mixin.py:190} INFO - [2026-02-01T20:02:47.541+0700] {dag.py:4138} INFO - Setting next_dagrun for dag_scraping_daily to 2026-02-01 05:00:00+00:00, run_after=2026-02-01 17:00:00+00:00
[2026-02-01T20:02:47.562+0700] {processor.py:208} INFO - Processing /opt/airflow/dags/dag_scraping_daily.py took 0.523 seconds
[2026-02-01T20:03:17.930+0700] {processor.py:186} INFO - Started process (PID=2692) to work on /opt/airflow/dags/dag_scraping_daily.py
[2026-02-01T20:03:17.932+0700] {processor.py:914} INFO - Processing file /opt/airflow/dags/dag_scraping_daily.py for tasks to queue
[2026-02-01T20:03:17.934+0700] {logging_mixin.py:190} INFO - [2026-02-01T20:03:17.934+0700] {dagbag.py:587} INFO - Filling up the DagBag from /opt/airflow/dags/dag_scraping_daily.py
[2026-02-01T20:03:18.352+0700] {processor.py:925} INFO - DAG(s) 'dag_scraping_daily' retrieved from /opt/airflow/dags/dag_scraping_daily.py
[2026-02-01T20:03:18.375+0700] {logging_mixin.py:190} INFO - [2026-02-01T20:03:18.375+0700] {dag.py:3211} INFO - Sync 1 DAGs
[2026-02-01T20:03:18.399+0700] {logging_mixin.py:190} INFO - [2026-02-01T20:03:18.399+0700] {dag.py:4138} INFO - Setting next_dagrun for dag_scraping_daily to 2026-02-01 05:00:00+00:00, run_after=2026-02-01 17:00:00+00:00
[2026-02-01T20:03:18.424+0700] {processor.py:208} INFO - Processing /opt/airflow/dags/dag_scraping_daily.py took 0.500 seconds
[2026-02-01T20:03:48.777+0700] {processor.py:186} INFO - Started process (PID=2704) to work on /opt/airflow/dags/dag_scraping_daily.py
[2026-02-01T20:03:48.779+0700] {processor.py:914} INFO - Processing file /opt/airflow/dags/dag_scraping_daily.py for tasks to queue
[2026-02-01T20:03:48.782+0700] {logging_mixin.py:190} INFO - [2026-02-01T20:03:48.781+0700] {dagbag.py:587} INFO - Filling up the DagBag from /opt/airflow/dags/dag_scraping_daily.py
[2026-02-01T20:03:49.210+0700] {processor.py:925} INFO - DAG(s) 'dag_scraping_daily' retrieved from /opt/airflow/dags/dag_scraping_daily.py
[2026-02-01T20:03:49.242+0700] {logging_mixin.py:190} INFO - [2026-02-01T20:03:49.242+0700] {dag.py:3211} INFO - Sync 1 DAGs
[2026-02-01T20:03:49.274+0700] {logging_mixin.py:190} INFO - [2026-02-01T20:03:49.273+0700] {dag.py:4138} INFO - Setting next_dagrun for dag_scraping_daily to 2026-02-01 05:00:00+00:00, run_after=2026-02-01 17:00:00+00:00
[2026-02-01T20:03:49.295+0700] {processor.py:208} INFO - Processing /opt/airflow/dags/dag_scraping_daily.py took 0.525 seconds
[2026-02-01T20:04:20.014+0700] {processor.py:186} INFO - Started process (PID=2716) to work on /opt/airflow/dags/dag_scraping_daily.py
[2026-02-01T20:04:20.016+0700] {processor.py:914} INFO - Processing file /opt/airflow/dags/dag_scraping_daily.py for tasks to queue
[2026-02-01T20:04:20.027+0700] {logging_mixin.py:190} INFO - [2026-02-01T20:04:20.026+0700] {dagbag.py:587} INFO - Filling up the DagBag from /opt/airflow/dags/dag_scraping_daily.py
[2026-02-01T20:04:20.551+0700] {processor.py:925} INFO - DAG(s) 'dag_scraping_daily' retrieved from /opt/airflow/dags/dag_scraping_daily.py
[2026-02-01T20:04:20.577+0700] {logging_mixin.py:190} INFO - [2026-02-01T20:04:20.577+0700] {dag.py:3211} INFO - Sync 1 DAGs
[2026-02-01T20:04:20.601+0700] {logging_mixin.py:190} INFO - [2026-02-01T20:04:20.601+0700] {dag.py:4138} INFO - Setting next_dagrun for dag_scraping_daily to 2026-02-01 05:00:00+00:00, run_after=2026-02-01 17:00:00+00:00
[2026-02-01T20:04:20.626+0700] {processor.py:208} INFO - Processing /opt/airflow/dags/dag_scraping_daily.py took 0.624 seconds
[2026-02-01T20:04:51.208+0700] {processor.py:186} INFO - Started process (PID=2728) to work on /opt/airflow/dags/dag_scraping_daily.py
[2026-02-01T20:04:51.210+0700] {processor.py:914} INFO - Processing file /opt/airflow/dags/dag_scraping_daily.py for tasks to queue
[2026-02-01T20:04:51.213+0700] {logging_mixin.py:190} INFO - [2026-02-01T20:04:51.213+0700] {dagbag.py:587} INFO - Filling up the DagBag from /opt/airflow/dags/dag_scraping_daily.py
[2026-02-01T20:04:51.769+0700] {processor.py:925} INFO - DAG(s) 'dag_scraping_daily' retrieved from /opt/airflow/dags/dag_scraping_daily.py
[2026-02-01T20:04:51.801+0700] {logging_mixin.py:190} INFO - [2026-02-01T20:04:51.800+0700] {dag.py:3211} INFO - Sync 1 DAGs
[2026-02-01T20:04:51.828+0700] {logging_mixin.py:190} INFO - [2026-02-01T20:04:51.827+0700] {dag.py:4138} INFO - Setting next_dagrun for dag_scraping_daily to 2026-02-01 05:00:00+00:00, run_after=2026-02-01 17:00:00+00:00
[2026-02-01T20:04:51.851+0700] {processor.py:208} INFO - Processing /opt/airflow/dags/dag_scraping_daily.py took 0.649 seconds
[2026-02-01T20:05:22.271+0700] {processor.py:186} INFO - Started process (PID=2740) to work on /opt/airflow/dags/dag_scraping_daily.py
[2026-02-01T20:05:22.272+0700] {processor.py:914} INFO - Processing file /opt/airflow/dags/dag_scraping_daily.py for tasks to queue
[2026-02-01T20:05:22.275+0700] {logging_mixin.py:190} INFO - [2026-02-01T20:05:22.275+0700] {dagbag.py:587} INFO - Filling up the DagBag from /opt/airflow/dags/dag_scraping_daily.py
[2026-02-01T20:05:22.696+0700] {processor.py:925} INFO - DAG(s) 'dag_scraping_daily' retrieved from /opt/airflow/dags/dag_scraping_daily.py
[2026-02-01T20:05:22.719+0700] {logging_mixin.py:190} INFO - [2026-02-01T20:05:22.719+0700] {dag.py:3211} INFO - Sync 1 DAGs
[2026-02-01T20:05:22.745+0700] {logging_mixin.py:190} INFO - [2026-02-01T20:05:22.745+0700] {dag.py:4138} INFO - Setting next_dagrun for dag_scraping_daily to 2026-02-01 05:00:00+00:00, run_after=2026-02-01 17:00:00+00:00
[2026-02-01T20:05:22.769+0700] {processor.py:208} INFO - Processing /opt/airflow/dags/dag_scraping_daily.py took 0.506 seconds
[2026-02-01T20:05:53.231+0700] {processor.py:186} INFO - Started process (PID=2752) to work on /opt/airflow/dags/dag_scraping_daily.py
[2026-02-01T20:05:53.232+0700] {processor.py:914} INFO - Processing file /opt/airflow/dags/dag_scraping_daily.py for tasks to queue
[2026-02-01T20:05:53.234+0700] {logging_mixin.py:190} INFO - [2026-02-01T20:05:53.234+0700] {dagbag.py:587} INFO - Filling up the DagBag from /opt/airflow/dags/dag_scraping_daily.py
[2026-02-01T20:05:53.674+0700] {processor.py:925} INFO - DAG(s) 'dag_scraping_daily' retrieved from /opt/airflow/dags/dag_scraping_daily.py
[2026-02-01T20:05:53.700+0700] {logging_mixin.py:190} INFO - [2026-02-01T20:05:53.699+0700] {dag.py:3211} INFO - Sync 1 DAGs
[2026-02-01T20:05:53.727+0700] {logging_mixin.py:190} INFO - [2026-02-01T20:05:53.726+0700] {dag.py:4138} INFO - Setting next_dagrun for dag_scraping_daily to 2026-02-01 05:00:00+00:00, run_after=2026-02-01 17:00:00+00:00
[2026-02-01T20:05:53.748+0700] {processor.py:208} INFO - Processing /opt/airflow/dags/dag_scraping_daily.py took 0.524 seconds
[2026-02-01T20:06:24.031+0700] {processor.py:186} INFO - Started process (PID=2764) to work on /opt/airflow/dags/dag_scraping_daily.py
[2026-02-01T20:06:24.032+0700] {processor.py:914} INFO - Processing file /opt/airflow/dags/dag_scraping_daily.py for tasks to queue
[2026-02-01T20:06:24.035+0700] {logging_mixin.py:190} INFO - [2026-02-01T20:06:24.035+0700] {dagbag.py:587} INFO - Filling up the DagBag from /opt/airflow/dags/dag_scraping_daily.py
[2026-02-01T20:06:24.441+0700] {processor.py:925} INFO - DAG(s) 'dag_scraping_daily' retrieved from /opt/airflow/dags/dag_scraping_daily.py
[2026-02-01T20:06:24.465+0700] {logging_mixin.py:190} INFO - [2026-02-01T20:06:24.464+0700] {dag.py:3211} INFO - Sync 1 DAGs
[2026-02-01T20:06:24.489+0700] {logging_mixin.py:190} INFO - [2026-02-01T20:06:24.488+0700] {dag.py:4138} INFO - Setting next_dagrun for dag_scraping_daily to 2026-02-01 05:00:00+00:00, run_after=2026-02-01 17:00:00+00:00
[2026-02-01T20:06:24.512+0700] {processor.py:208} INFO - Processing /opt/airflow/dags/dag_scraping_daily.py took 0.487 seconds
[2026-02-01T20:06:54.988+0700] {processor.py:186} INFO - Started process (PID=2776) to work on /opt/airflow/dags/dag_scraping_daily.py
[2026-02-01T20:06:54.991+0700] {processor.py:914} INFO - Processing file /opt/airflow/dags/dag_scraping_daily.py for tasks to queue
[2026-02-01T20:06:54.994+0700] {logging_mixin.py:190} INFO - [2026-02-01T20:06:54.994+0700] {dagbag.py:587} INFO - Filling up the DagBag from /opt/airflow/dags/dag_scraping_daily.py
[2026-02-01T20:06:55.364+0700] {processor.py:925} INFO - DAG(s) 'dag_scraping_daily' retrieved from /opt/airflow/dags/dag_scraping_daily.py
[2026-02-01T20:06:55.386+0700] {logging_mixin.py:190} INFO - [2026-02-01T20:06:55.386+0700] {dag.py:3211} INFO - Sync 1 DAGs
[2026-02-01T20:06:55.407+0700] {logging_mixin.py:190} INFO - [2026-02-01T20:06:55.407+0700] {dag.py:4138} INFO - Setting next_dagrun for dag_scraping_daily to 2026-02-01 05:00:00+00:00, run_after=2026-02-01 17:00:00+00:00
[2026-02-01T20:06:55.428+0700] {processor.py:208} INFO - Processing /opt/airflow/dags/dag_scraping_daily.py took 0.446 seconds
[2026-02-01T20:07:25.835+0700] {processor.py:186} INFO - Started process (PID=2788) to work on /opt/airflow/dags/dag_scraping_daily.py
[2026-02-01T20:07:25.836+0700] {processor.py:914} INFO - Processing file /opt/airflow/dags/dag_scraping_daily.py for tasks to queue
[2026-02-01T20:07:25.839+0700] {logging_mixin.py:190} INFO - [2026-02-01T20:07:25.838+0700] {dagbag.py:587} INFO - Filling up the DagBag from /opt/airflow/dags/dag_scraping_daily.py
[2026-02-01T20:07:26.261+0700] {processor.py:925} INFO - DAG(s) 'dag_scraping_daily' retrieved from /opt/airflow/dags/dag_scraping_daily.py
[2026-02-01T20:07:26.286+0700] {logging_mixin.py:190} INFO - [2026-02-01T20:07:26.286+0700] {dag.py:3211} INFO - Sync 1 DAGs
[2026-02-01T20:07:26.314+0700] {logging_mixin.py:190} INFO - [2026-02-01T20:07:26.314+0700] {dag.py:4138} INFO - Setting next_dagrun for dag_scraping_daily to 2026-02-01 05:00:00+00:00, run_after=2026-02-01 17:00:00+00:00
[2026-02-01T20:07:26.336+0700] {processor.py:208} INFO - Processing /opt/airflow/dags/dag_scraping_daily.py took 0.508 seconds
[2026-02-01T20:07:56.540+0700] {processor.py:186} INFO - Started process (PID=2800) to work on /opt/airflow/dags/dag_scraping_daily.py
[2026-02-01T20:07:56.541+0700] {processor.py:914} INFO - Processing file /opt/airflow/dags/dag_scraping_daily.py for tasks to queue
[2026-02-01T20:07:56.543+0700] {logging_mixin.py:190} INFO - [2026-02-01T20:07:56.543+0700] {dagbag.py:587} INFO - Filling up the DagBag from /opt/airflow/dags/dag_scraping_daily.py
[2026-02-01T20:07:56.947+0700] {processor.py:925} INFO - DAG(s) 'dag_scraping_daily' retrieved from /opt/airflow/dags/dag_scraping_daily.py
[2026-02-01T20:07:56.972+0700] {logging_mixin.py:190} INFO - [2026-02-01T20:07:56.971+0700] {dag.py:3211} INFO - Sync 1 DAGs
[2026-02-01T20:07:56.995+0700] {logging_mixin.py:190} INFO - [2026-02-01T20:07:56.994+0700] {dag.py:4138} INFO - Setting next_dagrun for dag_scraping_daily to 2026-02-01 05:00:00+00:00, run_after=2026-02-01 17:00:00+00:00
[2026-02-01T20:07:57.018+0700] {processor.py:208} INFO - Processing /opt/airflow/dags/dag_scraping_daily.py took 0.484 seconds
[2026-02-01T20:08:27.371+0700] {processor.py:186} INFO - Started process (PID=2812) to work on /opt/airflow/dags/dag_scraping_daily.py
[2026-02-01T20:08:27.373+0700] {processor.py:914} INFO - Processing file /opt/airflow/dags/dag_scraping_daily.py for tasks to queue
[2026-02-01T20:08:27.377+0700] {logging_mixin.py:190} INFO - [2026-02-01T20:08:27.376+0700] {dagbag.py:587} INFO - Filling up the DagBag from /opt/airflow/dags/dag_scraping_daily.py
[2026-02-01T20:08:27.774+0700] {processor.py:925} INFO - DAG(s) 'dag_scraping_daily' retrieved from /opt/airflow/dags/dag_scraping_daily.py
[2026-02-01T20:08:27.800+0700] {logging_mixin.py:190} INFO - [2026-02-01T20:08:27.799+0700] {dag.py:3211} INFO - Sync 1 DAGs
[2026-02-01T20:08:27.823+0700] {logging_mixin.py:190} INFO - [2026-02-01T20:08:27.823+0700] {dag.py:4138} INFO - Setting next_dagrun for dag_scraping_daily to 2026-02-01 05:00:00+00:00, run_after=2026-02-01 17:00:00+00:00
[2026-02-01T20:08:27.847+0700] {processor.py:208} INFO - Processing /opt/airflow/dags/dag_scraping_daily.py took 0.481 seconds
[2026-02-01T20:08:58.183+0700] {processor.py:186} INFO - Started process (PID=2824) to work on /opt/airflow/dags/dag_scraping_daily.py
[2026-02-01T20:08:58.184+0700] {processor.py:914} INFO - Processing file /opt/airflow/dags/dag_scraping_daily.py for tasks to queue
[2026-02-01T20:08:58.187+0700] {logging_mixin.py:190} INFO - [2026-02-01T20:08:58.186+0700] {dagbag.py:587} INFO - Filling up the DagBag from /opt/airflow/dags/dag_scraping_daily.py
[2026-02-01T20:08:58.581+0700] {processor.py:925} INFO - DAG(s) 'dag_scraping_daily' retrieved from /opt/airflow/dags/dag_scraping_daily.py
[2026-02-01T20:08:58.605+0700] {logging_mixin.py:190} INFO - [2026-02-01T20:08:58.605+0700] {dag.py:3211} INFO - Sync 1 DAGs
[2026-02-01T20:08:58.627+0700] {logging_mixin.py:190} INFO - [2026-02-01T20:08:58.627+0700] {dag.py:4138} INFO - Setting next_dagrun for dag_scraping_daily to 2026-02-01 05:00:00+00:00, run_after=2026-02-01 17:00:00+00:00
[2026-02-01T20:08:58.651+0700] {processor.py:208} INFO - Processing /opt/airflow/dags/dag_scraping_daily.py took 0.474 seconds
[2026-02-01T20:09:29.625+0700] {processor.py:186} INFO - Started process (PID=2836) to work on /opt/airflow/dags/dag_scraping_daily.py
[2026-02-01T20:09:29.627+0700] {processor.py:914} INFO - Processing file /opt/airflow/dags/dag_scraping_daily.py for tasks to queue
[2026-02-01T20:09:29.630+0700] {logging_mixin.py:190} INFO - [2026-02-01T20:09:29.630+0700] {dagbag.py:587} INFO - Filling up the DagBag from /opt/airflow/dags/dag_scraping_daily.py
[2026-02-01T20:09:30.047+0700] {processor.py:925} INFO - DAG(s) 'dag_scraping_daily' retrieved from /opt/airflow/dags/dag_scraping_daily.py
[2026-02-01T20:09:30.070+0700] {logging_mixin.py:190} INFO - [2026-02-01T20:09:30.070+0700] {dag.py:3211} INFO - Sync 1 DAGs
[2026-02-01T20:09:30.094+0700] {logging_mixin.py:190} INFO - [2026-02-01T20:09:30.093+0700] {dag.py:4138} INFO - Setting next_dagrun for dag_scraping_daily to 2026-02-01 05:00:00+00:00, run_after=2026-02-01 17:00:00+00:00
[2026-02-01T20:09:30.117+0700] {processor.py:208} INFO - Processing /opt/airflow/dags/dag_scraping_daily.py took 0.497 seconds
[2026-02-01T20:10:00.490+0700] {processor.py:186} INFO - Started process (PID=2848) to work on /opt/airflow/dags/dag_scraping_daily.py
[2026-02-01T20:10:00.491+0700] {processor.py:914} INFO - Processing file /opt/airflow/dags/dag_scraping_daily.py for tasks to queue
[2026-02-01T20:10:00.495+0700] {logging_mixin.py:190} INFO - [2026-02-01T20:10:00.494+0700] {dagbag.py:587} INFO - Filling up the DagBag from /opt/airflow/dags/dag_scraping_daily.py
[2026-02-01T20:10:00.961+0700] {processor.py:925} INFO - DAG(s) 'dag_scraping_daily' retrieved from /opt/airflow/dags/dag_scraping_daily.py
[2026-02-01T20:10:00.982+0700] {logging_mixin.py:190} INFO - [2026-02-01T20:10:00.982+0700] {dag.py:3211} INFO - Sync 1 DAGs
[2026-02-01T20:10:01.008+0700] {logging_mixin.py:190} INFO - [2026-02-01T20:10:01.007+0700] {dag.py:4138} INFO - Setting next_dagrun for dag_scraping_daily to 2026-02-01 05:00:00+00:00, run_after=2026-02-01 17:00:00+00:00
[2026-02-01T20:10:01.032+0700] {processor.py:208} INFO - Processing /opt/airflow/dags/dag_scraping_daily.py took 0.548 seconds
[2026-02-01T20:10:31.309+0700] {processor.py:186} INFO - Started process (PID=2860) to work on /opt/airflow/dags/dag_scraping_daily.py
[2026-02-01T20:10:31.310+0700] {processor.py:914} INFO - Processing file /opt/airflow/dags/dag_scraping_daily.py for tasks to queue
[2026-02-01T20:10:31.313+0700] {logging_mixin.py:190} INFO - [2026-02-01T20:10:31.312+0700] {dagbag.py:587} INFO - Filling up the DagBag from /opt/airflow/dags/dag_scraping_daily.py
[2026-02-01T20:10:31.718+0700] {processor.py:925} INFO - DAG(s) 'dag_scraping_daily' retrieved from /opt/airflow/dags/dag_scraping_daily.py
[2026-02-01T20:10:31.743+0700] {logging_mixin.py:190} INFO - [2026-02-01T20:10:31.743+0700] {dag.py:3211} INFO - Sync 1 DAGs
[2026-02-01T20:10:31.765+0700] {logging_mixin.py:190} INFO - [2026-02-01T20:10:31.765+0700] {dag.py:4138} INFO - Setting next_dagrun for dag_scraping_daily to 2026-02-01 05:00:00+00:00, run_after=2026-02-01 17:00:00+00:00
[2026-02-01T20:10:31.787+0700] {processor.py:208} INFO - Processing /opt/airflow/dags/dag_scraping_daily.py took 0.485 seconds
[2026-02-01T20:11:02.092+0700] {processor.py:186} INFO - Started process (PID=2872) to work on /opt/airflow/dags/dag_scraping_daily.py
[2026-02-01T20:11:02.093+0700] {processor.py:914} INFO - Processing file /opt/airflow/dags/dag_scraping_daily.py for tasks to queue
[2026-02-01T20:11:02.097+0700] {logging_mixin.py:190} INFO - [2026-02-01T20:11:02.096+0700] {dagbag.py:587} INFO - Filling up the DagBag from /opt/airflow/dags/dag_scraping_daily.py
[2026-02-01T20:11:02.544+0700] {processor.py:925} INFO - DAG(s) 'dag_scraping_daily' retrieved from /opt/airflow/dags/dag_scraping_daily.py
[2026-02-01T20:11:02.570+0700] {logging_mixin.py:190} INFO - [2026-02-01T20:11:02.570+0700] {dag.py:3211} INFO - Sync 1 DAGs
[2026-02-01T20:11:02.594+0700] {logging_mixin.py:190} INFO - [2026-02-01T20:11:02.594+0700] {dag.py:4138} INFO - Setting next_dagrun for dag_scraping_daily to 2026-02-01 05:00:00+00:00, run_after=2026-02-01 17:00:00+00:00
[2026-02-01T20:11:02.616+0700] {processor.py:208} INFO - Processing /opt/airflow/dags/dag_scraping_daily.py took 0.531 seconds
[2026-02-01T20:11:32.795+0700] {processor.py:186} INFO - Started process (PID=2884) to work on /opt/airflow/dags/dag_scraping_daily.py
[2026-02-01T20:11:32.796+0700] {processor.py:914} INFO - Processing file /opt/airflow/dags/dag_scraping_daily.py for tasks to queue
[2026-02-01T20:11:32.799+0700] {logging_mixin.py:190} INFO - [2026-02-01T20:11:32.799+0700] {dagbag.py:587} INFO - Filling up the DagBag from /opt/airflow/dags/dag_scraping_daily.py
[2026-02-01T20:11:33.197+0700] {processor.py:925} INFO - DAG(s) 'dag_scraping_daily' retrieved from /opt/airflow/dags/dag_scraping_daily.py
[2026-02-01T20:11:33.222+0700] {logging_mixin.py:190} INFO - [2026-02-01T20:11:33.222+0700] {dag.py:3211} INFO - Sync 1 DAGs
[2026-02-01T20:11:33.244+0700] {logging_mixin.py:190} INFO - [2026-02-01T20:11:33.244+0700] {dag.py:4138} INFO - Setting next_dagrun for dag_scraping_daily to 2026-02-01 05:00:00+00:00, run_after=2026-02-01 17:00:00+00:00
[2026-02-01T20:11:33.268+0700] {processor.py:208} INFO - Processing /opt/airflow/dags/dag_scraping_daily.py took 0.480 seconds
[2026-02-01T20:12:03.832+0700] {processor.py:186} INFO - Started process (PID=2896) to work on /opt/airflow/dags/dag_scraping_daily.py
[2026-02-01T20:12:03.833+0700] {processor.py:914} INFO - Processing file /opt/airflow/dags/dag_scraping_daily.py for tasks to queue
[2026-02-01T20:12:03.836+0700] {logging_mixin.py:190} INFO - [2026-02-01T20:12:03.836+0700] {dagbag.py:587} INFO - Filling up the DagBag from /opt/airflow/dags/dag_scraping_daily.py
[2026-02-01T20:12:04.245+0700] {processor.py:925} INFO - DAG(s) 'dag_scraping_daily' retrieved from /opt/airflow/dags/dag_scraping_daily.py
[2026-02-01T20:12:04.272+0700] {logging_mixin.py:190} INFO - [2026-02-01T20:12:04.271+0700] {dag.py:3211} INFO - Sync 1 DAGs
[2026-02-01T20:12:04.297+0700] {logging_mixin.py:190} INFO - [2026-02-01T20:12:04.297+0700] {dag.py:4138} INFO - Setting next_dagrun for dag_scraping_daily to 2026-02-01 05:00:00+00:00, run_after=2026-02-01 17:00:00+00:00
[2026-02-01T20:12:04.318+0700] {processor.py:208} INFO - Processing /opt/airflow/dags/dag_scraping_daily.py took 0.493 seconds
[2026-02-01T20:12:34.651+0700] {processor.py:186} INFO - Started process (PID=2908) to work on /opt/airflow/dags/dag_scraping_daily.py
[2026-02-01T20:12:34.652+0700] {processor.py:914} INFO - Processing file /opt/airflow/dags/dag_scraping_daily.py for tasks to queue
[2026-02-01T20:12:34.655+0700] {logging_mixin.py:190} INFO - [2026-02-01T20:12:34.654+0700] {dagbag.py:587} INFO - Filling up the DagBag from /opt/airflow/dags/dag_scraping_daily.py
[2026-02-01T20:12:35.058+0700] {processor.py:925} INFO - DAG(s) 'dag_scraping_daily' retrieved from /opt/airflow/dags/dag_scraping_daily.py
[2026-02-01T20:12:35.084+0700] {logging_mixin.py:190} INFO - [2026-02-01T20:12:35.083+0700] {dag.py:3211} INFO - Sync 1 DAGs
[2026-02-01T20:12:35.108+0700] {logging_mixin.py:190} INFO - [2026-02-01T20:12:35.108+0700] {dag.py:4138} INFO - Setting next_dagrun for dag_scraping_daily to 2026-02-01 05:00:00+00:00, run_after=2026-02-01 17:00:00+00:00
[2026-02-01T20:12:35.132+0700] {processor.py:208} INFO - Processing /opt/airflow/dags/dag_scraping_daily.py took 0.488 seconds
[2026-02-01T20:13:05.452+0700] {processor.py:186} INFO - Started process (PID=2920) to work on /opt/airflow/dags/dag_scraping_daily.py
[2026-02-01T20:13:05.454+0700] {processor.py:914} INFO - Processing file /opt/airflow/dags/dag_scraping_daily.py for tasks to queue
[2026-02-01T20:13:05.457+0700] {logging_mixin.py:190} INFO - [2026-02-01T20:13:05.457+0700] {dagbag.py:587} INFO - Filling up the DagBag from /opt/airflow/dags/dag_scraping_daily.py
[2026-02-01T20:13:05.845+0700] {processor.py:925} INFO - DAG(s) 'dag_scraping_daily' retrieved from /opt/airflow/dags/dag_scraping_daily.py
[2026-02-01T20:13:05.879+0700] {logging_mixin.py:190} INFO - [2026-02-01T20:13:05.879+0700] {dag.py:3211} INFO - Sync 1 DAGs
[2026-02-01T20:13:05.905+0700] {logging_mixin.py:190} INFO - [2026-02-01T20:13:05.905+0700] {dag.py:4138} INFO - Setting next_dagrun for dag_scraping_daily to 2026-02-01 05:00:00+00:00, run_after=2026-02-01 17:00:00+00:00
[2026-02-01T20:13:05.927+0700] {processor.py:208} INFO - Processing /opt/airflow/dags/dag_scraping_daily.py took 0.481 seconds
[2026-02-01T20:13:36.345+0700] {processor.py:186} INFO - Started process (PID=2932) to work on /opt/airflow/dags/dag_scraping_daily.py
[2026-02-01T20:13:36.346+0700] {processor.py:914} INFO - Processing file /opt/airflow/dags/dag_scraping_daily.py for tasks to queue
[2026-02-01T20:13:36.349+0700] {logging_mixin.py:190} INFO - [2026-02-01T20:13:36.348+0700] {dagbag.py:587} INFO - Filling up the DagBag from /opt/airflow/dags/dag_scraping_daily.py
[2026-02-01T20:13:36.751+0700] {processor.py:925} INFO - DAG(s) 'dag_scraping_daily' retrieved from /opt/airflow/dags/dag_scraping_daily.py
[2026-02-01T20:13:36.773+0700] {logging_mixin.py:190} INFO - [2026-02-01T20:13:36.773+0700] {dag.py:3211} INFO - Sync 1 DAGs
[2026-02-01T20:13:36.797+0700] {logging_mixin.py:190} INFO - [2026-02-01T20:13:36.797+0700] {dag.py:4138} INFO - Setting next_dagrun for dag_scraping_daily to 2026-02-01 05:00:00+00:00, run_after=2026-02-01 17:00:00+00:00
[2026-02-01T20:13:36.822+0700] {processor.py:208} INFO - Processing /opt/airflow/dags/dag_scraping_daily.py took 0.484 seconds
[2026-02-01T20:14:07.064+0700] {processor.py:186} INFO - Started process (PID=2944) to work on /opt/airflow/dags/dag_scraping_daily.py
[2026-02-01T20:14:07.065+0700] {processor.py:914} INFO - Processing file /opt/airflow/dags/dag_scraping_daily.py for tasks to queue
[2026-02-01T20:14:07.068+0700] {logging_mixin.py:190} INFO - [2026-02-01T20:14:07.068+0700] {dagbag.py:587} INFO - Filling up the DagBag from /opt/airflow/dags/dag_scraping_daily.py
[2026-02-01T20:14:07.512+0700] {processor.py:925} INFO - DAG(s) 'dag_scraping_daily' retrieved from /opt/airflow/dags/dag_scraping_daily.py
[2026-02-01T20:14:07.542+0700] {logging_mixin.py:190} INFO - [2026-02-01T20:14:07.542+0700] {dag.py:3211} INFO - Sync 1 DAGs
[2026-02-01T20:14:07.568+0700] {logging_mixin.py:190} INFO - [2026-02-01T20:14:07.568+0700] {dag.py:4138} INFO - Setting next_dagrun for dag_scraping_daily to 2026-02-01 05:00:00+00:00, run_after=2026-02-01 17:00:00+00:00
[2026-02-01T20:14:07.595+0700] {processor.py:208} INFO - Processing /opt/airflow/dags/dag_scraping_daily.py took 0.538 seconds
[2026-02-01T20:14:37.908+0700] {processor.py:186} INFO - Started process (PID=2956) to work on /opt/airflow/dags/dag_scraping_daily.py
[2026-02-01T20:14:37.910+0700] {processor.py:914} INFO - Processing file /opt/airflow/dags/dag_scraping_daily.py for tasks to queue
[2026-02-01T20:14:37.913+0700] {logging_mixin.py:190} INFO - [2026-02-01T20:14:37.912+0700] {dagbag.py:587} INFO - Filling up the DagBag from /opt/airflow/dags/dag_scraping_daily.py
[2026-02-01T20:14:38.318+0700] {processor.py:925} INFO - DAG(s) 'dag_scraping_daily' retrieved from /opt/airflow/dags/dag_scraping_daily.py
[2026-02-01T20:14:38.342+0700] {logging_mixin.py:190} INFO - [2026-02-01T20:14:38.342+0700] {dag.py:3211} INFO - Sync 1 DAGs
[2026-02-01T20:14:38.364+0700] {logging_mixin.py:190} INFO - [2026-02-01T20:14:38.364+0700] {dag.py:4138} INFO - Setting next_dagrun for dag_scraping_daily to 2026-02-01 05:00:00+00:00, run_after=2026-02-01 17:00:00+00:00
[2026-02-01T20:14:38.389+0700] {processor.py:208} INFO - Processing /opt/airflow/dags/dag_scraping_daily.py took 0.487 seconds
[2026-02-01T20:15:08.782+0700] {processor.py:186} INFO - Started process (PID=2968) to work on /opt/airflow/dags/dag_scraping_daily.py
[2026-02-01T20:15:08.783+0700] {processor.py:914} INFO - Processing file /opt/airflow/dags/dag_scraping_daily.py for tasks to queue
[2026-02-01T20:15:08.786+0700] {logging_mixin.py:190} INFO - [2026-02-01T20:15:08.785+0700] {dagbag.py:587} INFO - Filling up the DagBag from /opt/airflow/dags/dag_scraping_daily.py
[2026-02-01T20:15:09.178+0700] {processor.py:925} INFO - DAG(s) 'dag_scraping_daily' retrieved from /opt/airflow/dags/dag_scraping_daily.py
[2026-02-01T20:15:09.204+0700] {logging_mixin.py:190} INFO - [2026-02-01T20:15:09.204+0700] {dag.py:3211} INFO - Sync 1 DAGs
[2026-02-01T20:15:09.227+0700] {logging_mixin.py:190} INFO - [2026-02-01T20:15:09.226+0700] {dag.py:4138} INFO - Setting next_dagrun for dag_scraping_daily to 2026-02-01 05:00:00+00:00, run_after=2026-02-01 17:00:00+00:00
[2026-02-01T20:15:09.249+0700] {processor.py:208} INFO - Processing /opt/airflow/dags/dag_scraping_daily.py took 0.474 seconds
[2026-02-01T20:15:39.549+0700] {processor.py:186} INFO - Started process (PID=2980) to work on /opt/airflow/dags/dag_scraping_daily.py
[2026-02-01T20:15:39.550+0700] {processor.py:914} INFO - Processing file /opt/airflow/dags/dag_scraping_daily.py for tasks to queue
[2026-02-01T20:15:39.553+0700] {logging_mixin.py:190} INFO - [2026-02-01T20:15:39.553+0700] {dagbag.py:587} INFO - Filling up the DagBag from /opt/airflow/dags/dag_scraping_daily.py
[2026-02-01T20:15:39.951+0700] {processor.py:925} INFO - DAG(s) 'dag_scraping_daily' retrieved from /opt/airflow/dags/dag_scraping_daily.py
[2026-02-01T20:15:39.977+0700] {logging_mixin.py:190} INFO - [2026-02-01T20:15:39.977+0700] {dag.py:3211} INFO - Sync 1 DAGs
[2026-02-01T20:15:39.999+0700] {logging_mixin.py:190} INFO - [2026-02-01T20:15:39.999+0700] {dag.py:4138} INFO - Setting next_dagrun for dag_scraping_daily to 2026-02-01 05:00:00+00:00, run_after=2026-02-01 17:00:00+00:00
[2026-02-01T20:15:40.023+0700] {processor.py:208} INFO - Processing /opt/airflow/dags/dag_scraping_daily.py took 0.480 seconds
[2026-02-01T20:16:10.342+0700] {processor.py:186} INFO - Started process (PID=2992) to work on /opt/airflow/dags/dag_scraping_daily.py
[2026-02-01T20:16:10.343+0700] {processor.py:914} INFO - Processing file /opt/airflow/dags/dag_scraping_daily.py for tasks to queue
[2026-02-01T20:16:10.346+0700] {logging_mixin.py:190} INFO - [2026-02-01T20:16:10.346+0700] {dagbag.py:587} INFO - Filling up the DagBag from /opt/airflow/dags/dag_scraping_daily.py
[2026-02-01T20:16:10.758+0700] {processor.py:925} INFO - DAG(s) 'dag_scraping_daily' retrieved from /opt/airflow/dags/dag_scraping_daily.py
[2026-02-01T20:16:10.783+0700] {logging_mixin.py:190} INFO - [2026-02-01T20:16:10.783+0700] {dag.py:3211} INFO - Sync 1 DAGs
[2026-02-01T20:16:10.808+0700] {logging_mixin.py:190} INFO - [2026-02-01T20:16:10.808+0700] {dag.py:4138} INFO - Setting next_dagrun for dag_scraping_daily to 2026-02-01 05:00:00+00:00, run_after=2026-02-01 17:00:00+00:00
[2026-02-01T20:16:10.829+0700] {processor.py:208} INFO - Processing /opt/airflow/dags/dag_scraping_daily.py took 0.494 seconds
[2026-02-01T20:16:41.108+0700] {processor.py:186} INFO - Started process (PID=3004) to work on /opt/airflow/dags/dag_scraping_daily.py
[2026-02-01T20:16:41.110+0700] {processor.py:914} INFO - Processing file /opt/airflow/dags/dag_scraping_daily.py for tasks to queue
[2026-02-01T20:16:41.112+0700] {logging_mixin.py:190} INFO - [2026-02-01T20:16:41.112+0700] {dagbag.py:587} INFO - Filling up the DagBag from /opt/airflow/dags/dag_scraping_daily.py
[2026-02-01T20:16:41.605+0700] {processor.py:925} INFO - DAG(s) 'dag_scraping_daily' retrieved from /opt/airflow/dags/dag_scraping_daily.py
[2026-02-01T20:16:41.627+0700] {logging_mixin.py:190} INFO - [2026-02-01T20:16:41.627+0700] {dag.py:3211} INFO - Sync 1 DAGs
[2026-02-01T20:16:41.650+0700] {logging_mixin.py:190} INFO - [2026-02-01T20:16:41.650+0700] {dag.py:4138} INFO - Setting next_dagrun for dag_scraping_daily to 2026-02-01 05:00:00+00:00, run_after=2026-02-01 17:00:00+00:00
[2026-02-01T20:16:41.672+0700] {processor.py:208} INFO - Processing /opt/airflow/dags/dag_scraping_daily.py took 0.569 seconds
[2026-02-01T20:17:12.022+0700] {processor.py:186} INFO - Started process (PID=3016) to work on /opt/airflow/dags/dag_scraping_daily.py
[2026-02-01T20:17:12.024+0700] {processor.py:914} INFO - Processing file /opt/airflow/dags/dag_scraping_daily.py for tasks to queue
[2026-02-01T20:17:12.027+0700] {logging_mixin.py:190} INFO - [2026-02-01T20:17:12.027+0700] {dagbag.py:587} INFO - Filling up the DagBag from /opt/airflow/dags/dag_scraping_daily.py
[2026-02-01T20:17:12.464+0700] {processor.py:925} INFO - DAG(s) 'dag_scraping_daily' retrieved from /opt/airflow/dags/dag_scraping_daily.py
[2026-02-01T20:17:12.489+0700] {logging_mixin.py:190} INFO - [2026-02-01T20:17:12.488+0700] {dag.py:3211} INFO - Sync 1 DAGs
[2026-02-01T20:17:12.522+0700] {logging_mixin.py:190} INFO - [2026-02-01T20:17:12.521+0700] {dag.py:4138} INFO - Setting next_dagrun for dag_scraping_daily to 2026-02-01 05:00:00+00:00, run_after=2026-02-01 17:00:00+00:00
[2026-02-01T20:17:12.547+0700] {processor.py:208} INFO - Processing /opt/airflow/dags/dag_scraping_daily.py took 0.531 seconds
[2026-02-01T20:17:43.166+0700] {processor.py:186} INFO - Started process (PID=3028) to work on /opt/airflow/dags/dag_scraping_daily.py
[2026-02-01T20:17:43.168+0700] {processor.py:914} INFO - Processing file /opt/airflow/dags/dag_scraping_daily.py for tasks to queue
[2026-02-01T20:17:43.170+0700] {logging_mixin.py:190} INFO - [2026-02-01T20:17:43.170+0700] {dagbag.py:587} INFO - Filling up the DagBag from /opt/airflow/dags/dag_scraping_daily.py
[2026-02-01T20:17:43.562+0700] {processor.py:925} INFO - DAG(s) 'dag_scraping_daily' retrieved from /opt/airflow/dags/dag_scraping_daily.py
[2026-02-01T20:17:43.585+0700] {logging_mixin.py:190} INFO - [2026-02-01T20:17:43.584+0700] {dag.py:3211} INFO - Sync 1 DAGs
[2026-02-01T20:17:43.608+0700] {logging_mixin.py:190} INFO - [2026-02-01T20:17:43.608+0700] {dag.py:4138} INFO - Setting next_dagrun for dag_scraping_daily to 2026-02-01 05:00:00+00:00, run_after=2026-02-01 17:00:00+00:00
[2026-02-01T20:17:43.630+0700] {processor.py:208} INFO - Processing /opt/airflow/dags/dag_scraping_daily.py took 0.470 seconds
[2026-02-01T20:18:14.039+0700] {processor.py:186} INFO - Started process (PID=3040) to work on /opt/airflow/dags/dag_scraping_daily.py
[2026-02-01T20:18:14.040+0700] {processor.py:914} INFO - Processing file /opt/airflow/dags/dag_scraping_daily.py for tasks to queue
[2026-02-01T20:18:14.042+0700] {logging_mixin.py:190} INFO - [2026-02-01T20:18:14.042+0700] {dagbag.py:587} INFO - Filling up the DagBag from /opt/airflow/dags/dag_scraping_daily.py
[2026-02-01T20:18:14.461+0700] {processor.py:925} INFO - DAG(s) 'dag_scraping_daily' retrieved from /opt/airflow/dags/dag_scraping_daily.py
[2026-02-01T20:18:14.483+0700] {logging_mixin.py:190} INFO - [2026-02-01T20:18:14.482+0700] {dag.py:3211} INFO - Sync 1 DAGs
[2026-02-01T20:18:14.503+0700] {logging_mixin.py:190} INFO - [2026-02-01T20:18:14.503+0700] {dag.py:4138} INFO - Setting next_dagrun for dag_scraping_daily to 2026-02-01 05:00:00+00:00, run_after=2026-02-01 17:00:00+00:00
[2026-02-01T20:18:14.527+0700] {processor.py:208} INFO - Processing /opt/airflow/dags/dag_scraping_daily.py took 0.494 seconds
[2026-02-01T20:18:44.984+0700] {processor.py:186} INFO - Started process (PID=3052) to work on /opt/airflow/dags/dag_scraping_daily.py
[2026-02-01T20:18:44.985+0700] {processor.py:914} INFO - Processing file /opt/airflow/dags/dag_scraping_daily.py for tasks to queue
[2026-02-01T20:18:44.988+0700] {logging_mixin.py:190} INFO - [2026-02-01T20:18:44.987+0700] {dagbag.py:587} INFO - Filling up the DagBag from /opt/airflow/dags/dag_scraping_daily.py
[2026-02-01T20:18:45.381+0700] {processor.py:925} INFO - DAG(s) 'dag_scraping_daily' retrieved from /opt/airflow/dags/dag_scraping_daily.py
[2026-02-01T20:18:45.405+0700] {logging_mixin.py:190} INFO - [2026-02-01T20:18:45.404+0700] {dag.py:3211} INFO - Sync 1 DAGs
[2026-02-01T20:18:45.430+0700] {logging_mixin.py:190} INFO - [2026-02-01T20:18:45.430+0700] {dag.py:4138} INFO - Setting next_dagrun for dag_scraping_daily to 2026-02-01 05:00:00+00:00, run_after=2026-02-01 17:00:00+00:00
[2026-02-01T20:18:45.457+0700] {processor.py:208} INFO - Processing /opt/airflow/dags/dag_scraping_daily.py took 0.480 seconds
[2026-02-01T20:19:15.589+0700] {processor.py:186} INFO - Started process (PID=3064) to work on /opt/airflow/dags/dag_scraping_daily.py
[2026-02-01T20:19:15.590+0700] {processor.py:914} INFO - Processing file /opt/airflow/dags/dag_scraping_daily.py for tasks to queue
[2026-02-01T20:19:15.592+0700] {logging_mixin.py:190} INFO - [2026-02-01T20:19:15.592+0700] {dagbag.py:587} INFO - Filling up the DagBag from /opt/airflow/dags/dag_scraping_daily.py
[2026-02-01T20:19:15.993+0700] {processor.py:925} INFO - DAG(s) 'dag_scraping_daily' retrieved from /opt/airflow/dags/dag_scraping_daily.py
[2026-02-01T20:19:16.019+0700] {logging_mixin.py:190} INFO - [2026-02-01T20:19:16.019+0700] {dag.py:3211} INFO - Sync 1 DAGs
[2026-02-01T20:19:16.043+0700] {logging_mixin.py:190} INFO - [2026-02-01T20:19:16.043+0700] {dag.py:4138} INFO - Setting next_dagrun for dag_scraping_daily to 2026-02-01 05:00:00+00:00, run_after=2026-02-01 17:00:00+00:00
[2026-02-01T20:19:16.067+0700] {processor.py:208} INFO - Processing /opt/airflow/dags/dag_scraping_daily.py took 0.486 seconds
[2026-02-01T20:19:46.462+0700] {processor.py:186} INFO - Started process (PID=3076) to work on /opt/airflow/dags/dag_scraping_daily.py
[2026-02-01T20:19:46.463+0700] {processor.py:914} INFO - Processing file /opt/airflow/dags/dag_scraping_daily.py for tasks to queue
[2026-02-01T20:19:46.466+0700] {logging_mixin.py:190} INFO - [2026-02-01T20:19:46.466+0700] {dagbag.py:587} INFO - Filling up the DagBag from /opt/airflow/dags/dag_scraping_daily.py
[2026-02-01T20:19:46.867+0700] {processor.py:925} INFO - DAG(s) 'dag_scraping_daily' retrieved from /opt/airflow/dags/dag_scraping_daily.py
[2026-02-01T20:19:46.891+0700] {logging_mixin.py:190} INFO - [2026-02-01T20:19:46.891+0700] {dag.py:3211} INFO - Sync 1 DAGs
[2026-02-01T20:19:46.914+0700] {logging_mixin.py:190} INFO - [2026-02-01T20:19:46.914+0700] {dag.py:4138} INFO - Setting next_dagrun for dag_scraping_daily to 2026-02-01 05:00:00+00:00, run_after=2026-02-01 17:00:00+00:00
[2026-02-01T20:19:46.937+0700] {processor.py:208} INFO - Processing /opt/airflow/dags/dag_scraping_daily.py took 0.482 seconds
[2026-02-01T20:20:17.896+0700] {processor.py:186} INFO - Started process (PID=3088) to work on /opt/airflow/dags/dag_scraping_daily.py
[2026-02-01T20:20:17.897+0700] {processor.py:914} INFO - Processing file /opt/airflow/dags/dag_scraping_daily.py for tasks to queue
[2026-02-01T20:20:17.899+0700] {logging_mixin.py:190} INFO - [2026-02-01T20:20:17.899+0700] {dagbag.py:587} INFO - Filling up the DagBag from /opt/airflow/dags/dag_scraping_daily.py
[2026-02-01T20:20:18.360+0700] {processor.py:925} INFO - DAG(s) 'dag_scraping_daily' retrieved from /opt/airflow/dags/dag_scraping_daily.py
[2026-02-01T20:20:18.384+0700] {logging_mixin.py:190} INFO - [2026-02-01T20:20:18.384+0700] {dag.py:3211} INFO - Sync 1 DAGs
[2026-02-01T20:20:18.406+0700] {logging_mixin.py:190} INFO - [2026-02-01T20:20:18.405+0700] {dag.py:4138} INFO - Setting next_dagrun for dag_scraping_daily to 2026-02-01 05:00:00+00:00, run_after=2026-02-01 17:00:00+00:00
[2026-02-01T20:20:18.427+0700] {processor.py:208} INFO - Processing /opt/airflow/dags/dag_scraping_daily.py took 0.537 seconds
[2026-02-01T20:20:48.856+0700] {processor.py:186} INFO - Started process (PID=3100) to work on /opt/airflow/dags/dag_scraping_daily.py
[2026-02-01T20:20:48.857+0700] {processor.py:914} INFO - Processing file /opt/airflow/dags/dag_scraping_daily.py for tasks to queue
[2026-02-01T20:20:48.860+0700] {logging_mixin.py:190} INFO - [2026-02-01T20:20:48.859+0700] {dagbag.py:587} INFO - Filling up the DagBag from /opt/airflow/dags/dag_scraping_daily.py
[2026-02-01T20:20:49.262+0700] {processor.py:925} INFO - DAG(s) 'dag_scraping_daily' retrieved from /opt/airflow/dags/dag_scraping_daily.py
[2026-02-01T20:20:49.288+0700] {logging_mixin.py:190} INFO - [2026-02-01T20:20:49.288+0700] {dag.py:3211} INFO - Sync 1 DAGs
[2026-02-01T20:20:49.312+0700] {logging_mixin.py:190} INFO - [2026-02-01T20:20:49.311+0700] {dag.py:4138} INFO - Setting next_dagrun for dag_scraping_daily to 2026-02-01 05:00:00+00:00, run_after=2026-02-01 17:00:00+00:00
[2026-02-01T20:20:49.333+0700] {processor.py:208} INFO - Processing /opt/airflow/dags/dag_scraping_daily.py took 0.482 seconds
[2026-02-01T20:21:19.657+0700] {processor.py:186} INFO - Started process (PID=3112) to work on /opt/airflow/dags/dag_scraping_daily.py
[2026-02-01T20:21:19.658+0700] {processor.py:914} INFO - Processing file /opt/airflow/dags/dag_scraping_daily.py for tasks to queue
[2026-02-01T20:21:19.661+0700] {logging_mixin.py:190} INFO - [2026-02-01T20:21:19.661+0700] {dagbag.py:587} INFO - Filling up the DagBag from /opt/airflow/dags/dag_scraping_daily.py
[2026-02-01T20:21:20.040+0700] {processor.py:925} INFO - DAG(s) 'dag_scraping_daily' retrieved from /opt/airflow/dags/dag_scraping_daily.py
[2026-02-01T20:21:20.069+0700] {logging_mixin.py:190} INFO - [2026-02-01T20:21:20.068+0700] {dag.py:3211} INFO - Sync 1 DAGs
[2026-02-01T20:21:20.091+0700] {logging_mixin.py:190} INFO - [2026-02-01T20:21:20.091+0700] {dag.py:4138} INFO - Setting next_dagrun for dag_scraping_daily to 2026-02-01 05:00:00+00:00, run_after=2026-02-01 17:00:00+00:00
[2026-02-01T20:21:20.112+0700] {processor.py:208} INFO - Processing /opt/airflow/dags/dag_scraping_daily.py took 0.461 seconds
[2026-02-01T20:21:50.550+0700] {processor.py:186} INFO - Started process (PID=3124) to work on /opt/airflow/dags/dag_scraping_daily.py
[2026-02-01T20:21:50.551+0700] {processor.py:914} INFO - Processing file /opt/airflow/dags/dag_scraping_daily.py for tasks to queue
[2026-02-01T20:21:50.553+0700] {logging_mixin.py:190} INFO - [2026-02-01T20:21:50.553+0700] {dagbag.py:587} INFO - Filling up the DagBag from /opt/airflow/dags/dag_scraping_daily.py
[2026-02-01T20:21:50.952+0700] {processor.py:925} INFO - DAG(s) 'dag_scraping_daily' retrieved from /opt/airflow/dags/dag_scraping_daily.py
[2026-02-01T20:21:50.979+0700] {logging_mixin.py:190} INFO - [2026-02-01T20:21:50.978+0700] {dag.py:3211} INFO - Sync 1 DAGs
[2026-02-01T20:21:51.003+0700] {logging_mixin.py:190} INFO - [2026-02-01T20:21:51.003+0700] {dag.py:4138} INFO - Setting next_dagrun for dag_scraping_daily to 2026-02-01 05:00:00+00:00, run_after=2026-02-01 17:00:00+00:00
[2026-02-01T20:21:51.024+0700] {processor.py:208} INFO - Processing /opt/airflow/dags/dag_scraping_daily.py took 0.480 seconds
[2026-02-01T20:22:21.333+0700] {processor.py:186} INFO - Started process (PID=3136) to work on /opt/airflow/dags/dag_scraping_daily.py
[2026-02-01T20:22:21.334+0700] {processor.py:914} INFO - Processing file /opt/airflow/dags/dag_scraping_daily.py for tasks to queue
[2026-02-01T20:22:21.337+0700] {logging_mixin.py:190} INFO - [2026-02-01T20:22:21.336+0700] {dagbag.py:587} INFO - Filling up the DagBag from /opt/airflow/dags/dag_scraping_daily.py
[2026-02-01T20:22:21.820+0700] {processor.py:925} INFO - DAG(s) 'dag_scraping_daily' retrieved from /opt/airflow/dags/dag_scraping_daily.py
[2026-02-01T20:22:21.849+0700] {logging_mixin.py:190} INFO - [2026-02-01T20:22:21.849+0700] {dag.py:3211} INFO - Sync 1 DAGs
[2026-02-01T20:22:21.876+0700] {logging_mixin.py:190} INFO - [2026-02-01T20:22:21.876+0700] {dag.py:4138} INFO - Setting next_dagrun for dag_scraping_daily to 2026-02-01 05:00:00+00:00, run_after=2026-02-01 17:00:00+00:00
[2026-02-01T20:22:21.899+0700] {processor.py:208} INFO - Processing /opt/airflow/dags/dag_scraping_daily.py took 0.572 seconds
[2026-02-01T20:22:52.347+0700] {processor.py:186} INFO - Started process (PID=3148) to work on /opt/airflow/dags/dag_scraping_daily.py
[2026-02-01T20:22:52.348+0700] {processor.py:914} INFO - Processing file /opt/airflow/dags/dag_scraping_daily.py for tasks to queue
[2026-02-01T20:22:52.351+0700] {logging_mixin.py:190} INFO - [2026-02-01T20:22:52.351+0700] {dagbag.py:587} INFO - Filling up the DagBag from /opt/airflow/dags/dag_scraping_daily.py
[2026-02-01T20:22:52.765+0700] {processor.py:925} INFO - DAG(s) 'dag_scraping_daily' retrieved from /opt/airflow/dags/dag_scraping_daily.py
[2026-02-01T20:22:52.789+0700] {logging_mixin.py:190} INFO - [2026-02-01T20:22:52.789+0700] {dag.py:3211} INFO - Sync 1 DAGs
[2026-02-01T20:22:52.813+0700] {logging_mixin.py:190} INFO - [2026-02-01T20:22:52.812+0700] {dag.py:4138} INFO - Setting next_dagrun for dag_scraping_daily to 2026-02-01 05:00:00+00:00, run_after=2026-02-01 17:00:00+00:00
[2026-02-01T20:22:52.839+0700] {processor.py:208} INFO - Processing /opt/airflow/dags/dag_scraping_daily.py took 0.497 seconds
[2026-02-01T20:23:23.195+0700] {processor.py:186} INFO - Started process (PID=3160) to work on /opt/airflow/dags/dag_scraping_daily.py
[2026-02-01T20:23:23.196+0700] {processor.py:914} INFO - Processing file /opt/airflow/dags/dag_scraping_daily.py for tasks to queue
[2026-02-01T20:23:23.200+0700] {logging_mixin.py:190} INFO - [2026-02-01T20:23:23.199+0700] {dagbag.py:587} INFO - Filling up the DagBag from /opt/airflow/dags/dag_scraping_daily.py
[2026-02-01T20:23:23.607+0700] {processor.py:925} INFO - DAG(s) 'dag_scraping_daily' retrieved from /opt/airflow/dags/dag_scraping_daily.py
[2026-02-01T20:23:23.633+0700] {logging_mixin.py:190} INFO - [2026-02-01T20:23:23.632+0700] {dag.py:3211} INFO - Sync 1 DAGs
[2026-02-01T20:23:23.656+0700] {logging_mixin.py:190} INFO - [2026-02-01T20:23:23.656+0700] {dag.py:4138} INFO - Setting next_dagrun for dag_scraping_daily to 2026-02-01 05:00:00+00:00, run_after=2026-02-01 17:00:00+00:00
[2026-02-01T20:23:23.680+0700] {processor.py:208} INFO - Processing /opt/airflow/dags/dag_scraping_daily.py took 0.492 seconds
[2026-02-01T20:23:53.965+0700] {processor.py:186} INFO - Started process (PID=3172) to work on /opt/airflow/dags/dag_scraping_daily.py
[2026-02-01T20:23:53.966+0700] {processor.py:914} INFO - Processing file /opt/airflow/dags/dag_scraping_daily.py for tasks to queue
[2026-02-01T20:23:53.968+0700] {logging_mixin.py:190} INFO - [2026-02-01T20:23:53.968+0700] {dagbag.py:587} INFO - Filling up the DagBag from /opt/airflow/dags/dag_scraping_daily.py
[2026-02-01T20:23:54.340+0700] {processor.py:925} INFO - DAG(s) 'dag_scraping_daily' retrieved from /opt/airflow/dags/dag_scraping_daily.py
[2026-02-01T20:23:54.364+0700] {logging_mixin.py:190} INFO - [2026-02-01T20:23:54.364+0700] {dag.py:3211} INFO - Sync 1 DAGs
[2026-02-01T20:23:54.386+0700] {logging_mixin.py:190} INFO - [2026-02-01T20:23:54.386+0700] {dag.py:4138} INFO - Setting next_dagrun for dag_scraping_daily to 2026-02-01 05:00:00+00:00, run_after=2026-02-01 17:00:00+00:00
[2026-02-01T20:23:54.408+0700] {processor.py:208} INFO - Processing /opt/airflow/dags/dag_scraping_daily.py took 0.448 seconds
[2026-02-01T20:24:24.836+0700] {processor.py:186} INFO - Started process (PID=3184) to work on /opt/airflow/dags/dag_scraping_daily.py
[2026-02-01T20:24:24.837+0700] {processor.py:914} INFO - Processing file /opt/airflow/dags/dag_scraping_daily.py for tasks to queue
[2026-02-01T20:24:24.840+0700] {logging_mixin.py:190} INFO - [2026-02-01T20:24:24.839+0700] {dagbag.py:587} INFO - Filling up the DagBag from /opt/airflow/dags/dag_scraping_daily.py
[2026-02-01T20:24:25.228+0700] {processor.py:925} INFO - DAG(s) 'dag_scraping_daily' retrieved from /opt/airflow/dags/dag_scraping_daily.py
[2026-02-01T20:24:25.254+0700] {logging_mixin.py:190} INFO - [2026-02-01T20:24:25.254+0700] {dag.py:3211} INFO - Sync 1 DAGs
[2026-02-01T20:24:25.276+0700] {logging_mixin.py:190} INFO - [2026-02-01T20:24:25.276+0700] {dag.py:4138} INFO - Setting next_dagrun for dag_scraping_daily to 2026-02-01 05:00:00+00:00, run_after=2026-02-01 17:00:00+00:00
[2026-02-01T20:24:25.300+0700] {processor.py:208} INFO - Processing /opt/airflow/dags/dag_scraping_daily.py took 0.470 seconds
[2026-02-01T20:24:55.722+0700] {processor.py:186} INFO - Started process (PID=3196) to work on /opt/airflow/dags/dag_scraping_daily.py
[2026-02-01T20:24:55.723+0700] {processor.py:914} INFO - Processing file /opt/airflow/dags/dag_scraping_daily.py for tasks to queue
[2026-02-01T20:24:55.726+0700] {logging_mixin.py:190} INFO - [2026-02-01T20:24:55.725+0700] {dagbag.py:587} INFO - Filling up the DagBag from /opt/airflow/dags/dag_scraping_daily.py
[2026-02-01T20:24:56.144+0700] {processor.py:925} INFO - DAG(s) 'dag_scraping_daily' retrieved from /opt/airflow/dags/dag_scraping_daily.py
[2026-02-01T20:24:56.171+0700] {logging_mixin.py:190} INFO - [2026-02-01T20:24:56.170+0700] {dag.py:3211} INFO - Sync 1 DAGs
[2026-02-01T20:24:56.193+0700] {logging_mixin.py:190} INFO - [2026-02-01T20:24:56.192+0700] {dag.py:4138} INFO - Setting next_dagrun for dag_scraping_daily to 2026-02-01 05:00:00+00:00, run_after=2026-02-01 17:00:00+00:00
[2026-02-01T20:24:56.215+0700] {processor.py:208} INFO - Processing /opt/airflow/dags/dag_scraping_daily.py took 0.499 seconds
[2026-02-01T20:25:26.524+0700] {processor.py:186} INFO - Started process (PID=3208) to work on /opt/airflow/dags/dag_scraping_daily.py
[2026-02-01T20:25:26.525+0700] {processor.py:914} INFO - Processing file /opt/airflow/dags/dag_scraping_daily.py for tasks to queue
[2026-02-01T20:25:26.527+0700] {logging_mixin.py:190} INFO - [2026-02-01T20:25:26.527+0700] {dagbag.py:587} INFO - Filling up the DagBag from /opt/airflow/dags/dag_scraping_daily.py
[2026-02-01T20:25:26.929+0700] {processor.py:925} INFO - DAG(s) 'dag_scraping_daily' retrieved from /opt/airflow/dags/dag_scraping_daily.py
[2026-02-01T20:25:26.953+0700] {logging_mixin.py:190} INFO - [2026-02-01T20:25:26.953+0700] {dag.py:3211} INFO - Sync 1 DAGs
[2026-02-01T20:25:26.980+0700] {logging_mixin.py:190} INFO - [2026-02-01T20:25:26.980+0700] {dag.py:4138} INFO - Setting next_dagrun for dag_scraping_daily to 2026-02-01 05:00:00+00:00, run_after=2026-02-01 17:00:00+00:00
[2026-02-01T20:25:27.005+0700] {processor.py:208} INFO - Processing /opt/airflow/dags/dag_scraping_daily.py took 0.488 seconds
[2026-02-01T20:25:57.367+0700] {processor.py:186} INFO - Started process (PID=3220) to work on /opt/airflow/dags/dag_scraping_daily.py
[2026-02-01T20:25:57.369+0700] {processor.py:914} INFO - Processing file /opt/airflow/dags/dag_scraping_daily.py for tasks to queue
[2026-02-01T20:25:57.371+0700] {logging_mixin.py:190} INFO - [2026-02-01T20:25:57.371+0700] {dagbag.py:587} INFO - Filling up the DagBag from /opt/airflow/dags/dag_scraping_daily.py
[2026-02-01T20:25:57.783+0700] {processor.py:925} INFO - DAG(s) 'dag_scraping_daily' retrieved from /opt/airflow/dags/dag_scraping_daily.py
[2026-02-01T20:25:57.809+0700] {logging_mixin.py:190} INFO - [2026-02-01T20:25:57.809+0700] {dag.py:3211} INFO - Sync 1 DAGs
[2026-02-01T20:25:57.832+0700] {logging_mixin.py:190} INFO - [2026-02-01T20:25:57.832+0700] {dag.py:4138} INFO - Setting next_dagrun for dag_scraping_daily to 2026-02-01 05:00:00+00:00, run_after=2026-02-01 17:00:00+00:00
[2026-02-01T20:25:57.858+0700] {processor.py:208} INFO - Processing /opt/airflow/dags/dag_scraping_daily.py took 0.497 seconds
[2026-02-01T20:26:28.113+0700] {processor.py:186} INFO - Started process (PID=3232) to work on /opt/airflow/dags/dag_scraping_daily.py
[2026-02-01T20:26:28.114+0700] {processor.py:914} INFO - Processing file /opt/airflow/dags/dag_scraping_daily.py for tasks to queue
[2026-02-01T20:26:28.117+0700] {logging_mixin.py:190} INFO - [2026-02-01T20:26:28.117+0700] {dagbag.py:587} INFO - Filling up the DagBag from /opt/airflow/dags/dag_scraping_daily.py
[2026-02-01T20:26:28.520+0700] {processor.py:925} INFO - DAG(s) 'dag_scraping_daily' retrieved from /opt/airflow/dags/dag_scraping_daily.py
[2026-02-01T20:26:28.548+0700] {logging_mixin.py:190} INFO - [2026-02-01T20:26:28.547+0700] {dag.py:3211} INFO - Sync 1 DAGs
[2026-02-01T20:26:28.573+0700] {logging_mixin.py:190} INFO - [2026-02-01T20:26:28.573+0700] {dag.py:4138} INFO - Setting next_dagrun for dag_scraping_daily to 2026-02-01 05:00:00+00:00, run_after=2026-02-01 17:00:00+00:00
[2026-02-01T20:26:28.598+0700] {processor.py:208} INFO - Processing /opt/airflow/dags/dag_scraping_daily.py took 0.493 seconds
[2026-02-01T20:26:58.952+0700] {processor.py:186} INFO - Started process (PID=3244) to work on /opt/airflow/dags/dag_scraping_daily.py
[2026-02-01T20:26:58.953+0700] {processor.py:914} INFO - Processing file /opt/airflow/dags/dag_scraping_daily.py for tasks to queue
[2026-02-01T20:26:58.956+0700] {logging_mixin.py:190} INFO - [2026-02-01T20:26:58.955+0700] {dagbag.py:587} INFO - Filling up the DagBag from /opt/airflow/dags/dag_scraping_daily.py
[2026-02-01T20:26:59.370+0700] {processor.py:925} INFO - DAG(s) 'dag_scraping_daily' retrieved from /opt/airflow/dags/dag_scraping_daily.py
[2026-02-01T20:26:59.395+0700] {logging_mixin.py:190} INFO - [2026-02-01T20:26:59.394+0700] {dag.py:3211} INFO - Sync 1 DAGs
[2026-02-01T20:26:59.418+0700] {logging_mixin.py:190} INFO - [2026-02-01T20:26:59.418+0700] {dag.py:4138} INFO - Setting next_dagrun for dag_scraping_daily to 2026-02-01 05:00:00+00:00, run_after=2026-02-01 17:00:00+00:00
[2026-02-01T20:26:59.439+0700] {processor.py:208} INFO - Processing /opt/airflow/dags/dag_scraping_daily.py took 0.494 seconds
[2026-02-01T20:27:29.739+0700] {processor.py:186} INFO - Started process (PID=3256) to work on /opt/airflow/dags/dag_scraping_daily.py
[2026-02-01T20:27:29.740+0700] {processor.py:914} INFO - Processing file /opt/airflow/dags/dag_scraping_daily.py for tasks to queue
[2026-02-01T20:27:29.743+0700] {logging_mixin.py:190} INFO - [2026-02-01T20:27:29.742+0700] {dagbag.py:587} INFO - Filling up the DagBag from /opt/airflow/dags/dag_scraping_daily.py
[2026-02-01T20:27:30.165+0700] {processor.py:925} INFO - DAG(s) 'dag_scraping_daily' retrieved from /opt/airflow/dags/dag_scraping_daily.py
[2026-02-01T20:27:30.191+0700] {logging_mixin.py:190} INFO - [2026-02-01T20:27:30.191+0700] {dag.py:3211} INFO - Sync 1 DAGs
[2026-02-01T20:27:30.215+0700] {logging_mixin.py:190} INFO - [2026-02-01T20:27:30.215+0700] {dag.py:4138} INFO - Setting next_dagrun for dag_scraping_daily to 2026-02-01 05:00:00+00:00, run_after=2026-02-01 17:00:00+00:00
[2026-02-01T20:27:30.238+0700] {processor.py:208} INFO - Processing /opt/airflow/dags/dag_scraping_daily.py took 0.505 seconds
[2026-02-01T20:28:00.407+0700] {processor.py:186} INFO - Started process (PID=3268) to work on /opt/airflow/dags/dag_scraping_daily.py
[2026-02-01T20:28:00.409+0700] {processor.py:914} INFO - Processing file /opt/airflow/dags/dag_scraping_daily.py for tasks to queue
[2026-02-01T20:28:00.412+0700] {logging_mixin.py:190} INFO - [2026-02-01T20:28:00.412+0700] {dagbag.py:587} INFO - Filling up the DagBag from /opt/airflow/dags/dag_scraping_daily.py
[2026-02-01T20:28:00.791+0700] {processor.py:925} INFO - DAG(s) 'dag_scraping_daily' retrieved from /opt/airflow/dags/dag_scraping_daily.py
[2026-02-01T20:28:00.816+0700] {logging_mixin.py:190} INFO - [2026-02-01T20:28:00.815+0700] {dag.py:3211} INFO - Sync 1 DAGs
[2026-02-01T20:28:00.841+0700] {logging_mixin.py:190} INFO - [2026-02-01T20:28:00.840+0700] {dag.py:4138} INFO - Setting next_dagrun for dag_scraping_daily to 2026-02-01 05:00:00+00:00, run_after=2026-02-01 17:00:00+00:00
[2026-02-01T20:28:00.865+0700] {processor.py:208} INFO - Processing /opt/airflow/dags/dag_scraping_daily.py took 0.479 seconds
[2026-02-01T20:28:31.779+0700] {processor.py:186} INFO - Started process (PID=3280) to work on /opt/airflow/dags/dag_scraping_daily.py
[2026-02-01T20:28:31.779+0700] {processor.py:914} INFO - Processing file /opt/airflow/dags/dag_scraping_daily.py for tasks to queue
[2026-02-01T20:28:31.782+0700] {logging_mixin.py:190} INFO - [2026-02-01T20:28:31.782+0700] {dagbag.py:587} INFO - Filling up the DagBag from /opt/airflow/dags/dag_scraping_daily.py
[2026-02-01T20:28:32.177+0700] {processor.py:925} INFO - DAG(s) 'dag_scraping_daily' retrieved from /opt/airflow/dags/dag_scraping_daily.py
[2026-02-01T20:28:32.203+0700] {logging_mixin.py:190} INFO - [2026-02-01T20:28:32.202+0700] {dag.py:3211} INFO - Sync 1 DAGs
[2026-02-01T20:28:32.228+0700] {logging_mixin.py:190} INFO - [2026-02-01T20:28:32.228+0700] {dag.py:4138} INFO - Setting next_dagrun for dag_scraping_daily to 2026-02-01 05:00:00+00:00, run_after=2026-02-01 17:00:00+00:00
[2026-02-01T20:28:32.252+0700] {processor.py:208} INFO - Processing /opt/airflow/dags/dag_scraping_daily.py took 0.484 seconds
[2026-02-01T20:29:02.654+0700] {processor.py:186} INFO - Started process (PID=3292) to work on /opt/airflow/dags/dag_scraping_daily.py
[2026-02-01T20:29:02.656+0700] {processor.py:914} INFO - Processing file /opt/airflow/dags/dag_scraping_daily.py for tasks to queue
[2026-02-01T20:29:02.658+0700] {logging_mixin.py:190} INFO - [2026-02-01T20:29:02.658+0700] {dagbag.py:587} INFO - Filling up the DagBag from /opt/airflow/dags/dag_scraping_daily.py
[2026-02-01T20:29:03.052+0700] {processor.py:925} INFO - DAG(s) 'dag_scraping_daily' retrieved from /opt/airflow/dags/dag_scraping_daily.py
[2026-02-01T20:29:03.078+0700] {logging_mixin.py:190} INFO - [2026-02-01T20:29:03.078+0700] {dag.py:3211} INFO - Sync 1 DAGs
[2026-02-01T20:29:03.107+0700] {logging_mixin.py:190} INFO - [2026-02-01T20:29:03.106+0700] {dag.py:4138} INFO - Setting next_dagrun for dag_scraping_daily to 2026-02-01 05:00:00+00:00, run_after=2026-02-01 17:00:00+00:00
[2026-02-01T20:29:03.141+0700] {processor.py:208} INFO - Processing /opt/airflow/dags/dag_scraping_daily.py took 0.492 seconds
[2026-02-01T20:29:33.408+0700] {processor.py:186} INFO - Started process (PID=3304) to work on /opt/airflow/dags/dag_scraping_daily.py
[2026-02-01T20:29:33.410+0700] {processor.py:914} INFO - Processing file /opt/airflow/dags/dag_scraping_daily.py for tasks to queue
[2026-02-01T20:29:33.414+0700] {logging_mixin.py:190} INFO - [2026-02-01T20:29:33.413+0700] {dagbag.py:587} INFO - Filling up the DagBag from /opt/airflow/dags/dag_scraping_daily.py
[2026-02-01T20:29:33.867+0700] {processor.py:925} INFO - DAG(s) 'dag_scraping_daily' retrieved from /opt/airflow/dags/dag_scraping_daily.py
[2026-02-01T20:29:33.889+0700] {logging_mixin.py:190} INFO - [2026-02-01T20:29:33.889+0700] {dag.py:3211} INFO - Sync 1 DAGs
[2026-02-01T20:29:33.910+0700] {logging_mixin.py:190} INFO - [2026-02-01T20:29:33.910+0700] {dag.py:4138} INFO - Setting next_dagrun for dag_scraping_daily to 2026-02-01 05:00:00+00:00, run_after=2026-02-01 17:00:00+00:00
[2026-02-01T20:29:33.932+0700] {processor.py:208} INFO - Processing /opt/airflow/dags/dag_scraping_daily.py took 0.530 seconds
[2026-02-01T21:23:25.237+0700] {processor.py:186} INFO - Started process (PID=3319) to work on /opt/airflow/dags/dag_scraping_daily.py
[2026-02-01T21:23:25.239+0700] {processor.py:914} INFO - Processing file /opt/airflow/dags/dag_scraping_daily.py for tasks to queue
[2026-02-01T21:23:25.253+0700] {logging_mixin.py:190} INFO - [2026-02-01T21:23:25.252+0700] {dagbag.py:587} INFO - Filling up the DagBag from /opt/airflow/dags/dag_scraping_daily.py
[2026-02-01T21:23:26.985+0700] {processor.py:925} INFO - DAG(s) 'dag_scraping_daily' retrieved from /opt/airflow/dags/dag_scraping_daily.py
[2026-02-01T21:23:27.077+0700] {logging_mixin.py:190} INFO - [2026-02-01T21:23:27.076+0700] {dag.py:3211} INFO - Sync 1 DAGs
[2026-02-01T21:23:27.192+0700] {logging_mixin.py:190} INFO - [2026-02-01T21:23:27.191+0700] {dag.py:4138} INFO - Setting next_dagrun for dag_scraping_daily to 2026-02-01 05:00:00+00:00, run_after=2026-02-01 17:00:00+00:00
[2026-02-01T21:23:27.256+0700] {processor.py:208} INFO - Processing /opt/airflow/dags/dag_scraping_daily.py took 2.040 seconds
[2026-02-01T21:23:57.431+0700] {processor.py:186} INFO - Started process (PID=3331) to work on /opt/airflow/dags/dag_scraping_daily.py
[2026-02-01T21:23:57.433+0700] {processor.py:914} INFO - Processing file /opt/airflow/dags/dag_scraping_daily.py for tasks to queue
[2026-02-01T21:23:57.436+0700] {logging_mixin.py:190} INFO - [2026-02-01T21:23:57.435+0700] {dagbag.py:587} INFO - Filling up the DagBag from /opt/airflow/dags/dag_scraping_daily.py
[2026-02-01T21:23:57.852+0700] {processor.py:925} INFO - DAG(s) 'dag_scraping_daily' retrieved from /opt/airflow/dags/dag_scraping_daily.py
[2026-02-01T21:23:57.875+0700] {logging_mixin.py:190} INFO - [2026-02-01T21:23:57.875+0700] {dag.py:3211} INFO - Sync 1 DAGs
[2026-02-01T21:23:57.895+0700] {logging_mixin.py:190} INFO - [2026-02-01T21:23:57.895+0700] {dag.py:4138} INFO - Setting next_dagrun for dag_scraping_daily to 2026-02-01 05:00:00+00:00, run_after=2026-02-01 17:00:00+00:00
[2026-02-01T21:23:57.916+0700] {processor.py:208} INFO - Processing /opt/airflow/dags/dag_scraping_daily.py took 0.492 seconds
[2026-02-01T21:24:28.889+0700] {processor.py:186} INFO - Started process (PID=3343) to work on /opt/airflow/dags/dag_scraping_daily.py
[2026-02-01T21:24:28.891+0700] {processor.py:914} INFO - Processing file /opt/airflow/dags/dag_scraping_daily.py for tasks to queue
[2026-02-01T21:24:28.896+0700] {logging_mixin.py:190} INFO - [2026-02-01T21:24:28.895+0700] {dagbag.py:587} INFO - Filling up the DagBag from /opt/airflow/dags/dag_scraping_daily.py
[2026-02-01T21:24:29.593+0700] {processor.py:925} INFO - DAG(s) 'dag_scraping_daily' retrieved from /opt/airflow/dags/dag_scraping_daily.py
[2026-02-01T21:24:29.655+0700] {logging_mixin.py:190} INFO - [2026-02-01T21:24:29.654+0700] {dag.py:3211} INFO - Sync 1 DAGs
[2026-02-01T21:24:29.705+0700] {logging_mixin.py:190} INFO - [2026-02-01T21:24:29.704+0700] {dag.py:4138} INFO - Setting next_dagrun for dag_scraping_daily to 2026-02-01 05:00:00+00:00, run_after=2026-02-01 17:00:00+00:00
[2026-02-01T21:24:29.747+0700] {processor.py:208} INFO - Processing /opt/airflow/dags/dag_scraping_daily.py took 0.869 seconds
[2026-02-01T21:25:00.530+0700] {processor.py:186} INFO - Started process (PID=3355) to work on /opt/airflow/dags/dag_scraping_daily.py
[2026-02-01T21:25:00.533+0700] {processor.py:914} INFO - Processing file /opt/airflow/dags/dag_scraping_daily.py for tasks to queue
[2026-02-01T21:25:00.537+0700] {logging_mixin.py:190} INFO - [2026-02-01T21:25:00.536+0700] {dagbag.py:587} INFO - Filling up the DagBag from /opt/airflow/dags/dag_scraping_daily.py
[2026-02-01T21:25:01.158+0700] {processor.py:925} INFO - DAG(s) 'dag_scraping_daily' retrieved from /opt/airflow/dags/dag_scraping_daily.py
[2026-02-01T21:25:01.190+0700] {logging_mixin.py:190} INFO - [2026-02-01T21:25:01.189+0700] {dag.py:3211} INFO - Sync 1 DAGs
[2026-02-01T21:25:01.220+0700] {logging_mixin.py:190} INFO - [2026-02-01T21:25:01.220+0700] {dag.py:4138} INFO - Setting next_dagrun for dag_scraping_daily to 2026-02-01 05:00:00+00:00, run_after=2026-02-01 17:00:00+00:00
[2026-02-01T21:25:01.248+0700] {processor.py:208} INFO - Processing /opt/airflow/dags/dag_scraping_daily.py took 0.727 seconds
[2026-02-01T21:25:31.985+0700] {processor.py:186} INFO - Started process (PID=3367) to work on /opt/airflow/dags/dag_scraping_daily.py
[2026-02-01T21:25:31.986+0700] {processor.py:914} INFO - Processing file /opt/airflow/dags/dag_scraping_daily.py for tasks to queue
[2026-02-01T21:25:31.989+0700] {logging_mixin.py:190} INFO - [2026-02-01T21:25:31.988+0700] {dagbag.py:587} INFO - Filling up the DagBag from /opt/airflow/dags/dag_scraping_daily.py
[2026-02-01T21:25:32.502+0700] {processor.py:925} INFO - DAG(s) 'dag_scraping_daily' retrieved from /opt/airflow/dags/dag_scraping_daily.py
[2026-02-01T21:25:32.530+0700] {logging_mixin.py:190} INFO - [2026-02-01T21:25:32.529+0700] {dag.py:3211} INFO - Sync 1 DAGs
[2026-02-01T21:25:32.555+0700] {logging_mixin.py:190} INFO - [2026-02-01T21:25:32.554+0700] {dag.py:4138} INFO - Setting next_dagrun for dag_scraping_daily to 2026-02-01 05:00:00+00:00, run_after=2026-02-01 17:00:00+00:00
[2026-02-01T21:25:32.584+0700] {processor.py:208} INFO - Processing /opt/airflow/dags/dag_scraping_daily.py took 0.607 seconds
[2026-02-01T21:26:03.475+0700] {processor.py:186} INFO - Started process (PID=3379) to work on /opt/airflow/dags/dag_scraping_daily.py
[2026-02-01T21:26:03.476+0700] {processor.py:914} INFO - Processing file /opt/airflow/dags/dag_scraping_daily.py for tasks to queue
[2026-02-01T21:26:03.479+0700] {logging_mixin.py:190} INFO - [2026-02-01T21:26:03.478+0700] {dagbag.py:587} INFO - Filling up the DagBag from /opt/airflow/dags/dag_scraping_daily.py
[2026-02-01T21:26:03.993+0700] {processor.py:925} INFO - DAG(s) 'dag_scraping_daily' retrieved from /opt/airflow/dags/dag_scraping_daily.py
[2026-02-01T21:26:04.018+0700] {logging_mixin.py:190} INFO - [2026-02-01T21:26:04.017+0700] {dag.py:3211} INFO - Sync 1 DAGs
[2026-02-01T21:26:04.042+0700] {logging_mixin.py:190} INFO - [2026-02-01T21:26:04.041+0700] {dag.py:4138} INFO - Setting next_dagrun for dag_scraping_daily to 2026-02-01 05:00:00+00:00, run_after=2026-02-01 17:00:00+00:00
[2026-02-01T21:26:04.065+0700] {processor.py:208} INFO - Processing /opt/airflow/dags/dag_scraping_daily.py took 0.597 seconds
[2026-02-01T21:26:34.999+0700] {processor.py:186} INFO - Started process (PID=3391) to work on /opt/airflow/dags/dag_scraping_daily.py
[2026-02-01T21:26:35.000+0700] {processor.py:914} INFO - Processing file /opt/airflow/dags/dag_scraping_daily.py for tasks to queue
[2026-02-01T21:26:35.003+0700] {logging_mixin.py:190} INFO - [2026-02-01T21:26:35.003+0700] {dagbag.py:587} INFO - Filling up the DagBag from /opt/airflow/dags/dag_scraping_daily.py
[2026-02-01T21:26:35.514+0700] {processor.py:925} INFO - DAG(s) 'dag_scraping_daily' retrieved from /opt/airflow/dags/dag_scraping_daily.py
[2026-02-01T21:26:35.543+0700] {logging_mixin.py:190} INFO - [2026-02-01T21:26:35.543+0700] {dag.py:3211} INFO - Sync 1 DAGs
[2026-02-01T21:26:35.575+0700] {logging_mixin.py:190} INFO - [2026-02-01T21:26:35.575+0700] {dag.py:4138} INFO - Setting next_dagrun for dag_scraping_daily to 2026-02-01 05:00:00+00:00, run_after=2026-02-01 17:00:00+00:00
[2026-02-01T21:26:35.604+0700] {processor.py:208} INFO - Processing /opt/airflow/dags/dag_scraping_daily.py took 0.612 seconds
[2026-02-01T21:27:06.485+0700] {processor.py:186} INFO - Started process (PID=3403) to work on /opt/airflow/dags/dag_scraping_daily.py
[2026-02-01T21:27:06.486+0700] {processor.py:914} INFO - Processing file /opt/airflow/dags/dag_scraping_daily.py for tasks to queue
[2026-02-01T21:27:06.489+0700] {logging_mixin.py:190} INFO - [2026-02-01T21:27:06.489+0700] {dagbag.py:587} INFO - Filling up the DagBag from /opt/airflow/dags/dag_scraping_daily.py
[2026-02-01T21:27:06.959+0700] {processor.py:925} INFO - DAG(s) 'dag_scraping_daily' retrieved from /opt/airflow/dags/dag_scraping_daily.py
[2026-02-01T21:27:06.984+0700] {logging_mixin.py:190} INFO - [2026-02-01T21:27:06.983+0700] {dag.py:3211} INFO - Sync 1 DAGs
[2026-02-01T21:27:07.005+0700] {logging_mixin.py:190} INFO - [2026-02-01T21:27:07.005+0700] {dag.py:4138} INFO - Setting next_dagrun for dag_scraping_daily to 2026-02-01 05:00:00+00:00, run_after=2026-02-01 17:00:00+00:00
[2026-02-01T21:27:07.029+0700] {processor.py:208} INFO - Processing /opt/airflow/dags/dag_scraping_daily.py took 0.550 seconds
[2026-02-01T21:27:37.437+0700] {processor.py:186} INFO - Started process (PID=3418) to work on /opt/airflow/dags/dag_scraping_daily.py
[2026-02-01T21:27:37.438+0700] {processor.py:914} INFO - Processing file /opt/airflow/dags/dag_scraping_daily.py for tasks to queue
[2026-02-01T21:27:37.440+0700] {logging_mixin.py:190} INFO - [2026-02-01T21:27:37.440+0700] {dagbag.py:587} INFO - Filling up the DagBag from /opt/airflow/dags/dag_scraping_daily.py
[2026-02-01T21:27:37.827+0700] {processor.py:925} INFO - DAG(s) 'dag_scraping_daily' retrieved from /opt/airflow/dags/dag_scraping_daily.py
[2026-02-01T21:27:37.850+0700] {logging_mixin.py:190} INFO - [2026-02-01T21:27:37.850+0700] {dag.py:3211} INFO - Sync 1 DAGs
[2026-02-01T21:27:37.870+0700] {logging_mixin.py:190} INFO - [2026-02-01T21:27:37.870+0700] {dag.py:4138} INFO - Setting next_dagrun for dag_scraping_daily to 2026-02-01 05:00:00+00:00, run_after=2026-02-01 17:00:00+00:00
[2026-02-01T21:27:37.891+0700] {processor.py:208} INFO - Processing /opt/airflow/dags/dag_scraping_daily.py took 0.460 seconds
[2026-02-01T21:28:08.371+0700] {processor.py:186} INFO - Started process (PID=3428) to work on /opt/airflow/dags/dag_scraping_daily.py
[2026-02-01T21:28:08.373+0700] {processor.py:914} INFO - Processing file /opt/airflow/dags/dag_scraping_daily.py for tasks to queue
[2026-02-01T21:28:08.376+0700] {logging_mixin.py:190} INFO - [2026-02-01T21:28:08.376+0700] {dagbag.py:587} INFO - Filling up the DagBag from /opt/airflow/dags/dag_scraping_daily.py
[2026-02-01T21:28:08.911+0700] {processor.py:925} INFO - DAG(s) 'dag_scraping_daily' retrieved from /opt/airflow/dags/dag_scraping_daily.py
[2026-02-01T21:28:08.937+0700] {logging_mixin.py:190} INFO - [2026-02-01T21:28:08.937+0700] {dag.py:3211} INFO - Sync 1 DAGs
[2026-02-01T21:28:08.962+0700] {logging_mixin.py:190} INFO - [2026-02-01T21:28:08.962+0700] {dag.py:4138} INFO - Setting next_dagrun for dag_scraping_daily to 2026-02-01 05:00:00+00:00, run_after=2026-02-01 17:00:00+00:00
[2026-02-01T21:28:08.990+0700] {processor.py:208} INFO - Processing /opt/airflow/dags/dag_scraping_daily.py took 0.628 seconds
[2026-02-01T21:28:39.203+0700] {processor.py:186} INFO - Started process (PID=3440) to work on /opt/airflow/dags/dag_scraping_daily.py
[2026-02-01T21:28:39.205+0700] {processor.py:914} INFO - Processing file /opt/airflow/dags/dag_scraping_daily.py for tasks to queue
[2026-02-01T21:28:39.209+0700] {logging_mixin.py:190} INFO - [2026-02-01T21:28:39.209+0700] {dagbag.py:587} INFO - Filling up the DagBag from /opt/airflow/dags/dag_scraping_daily.py
[2026-02-01T21:28:39.844+0700] {processor.py:925} INFO - DAG(s) 'dag_scraping_daily' retrieved from /opt/airflow/dags/dag_scraping_daily.py
[2026-02-01T21:28:39.875+0700] {logging_mixin.py:190} INFO - [2026-02-01T21:28:39.875+0700] {dag.py:3211} INFO - Sync 1 DAGs
[2026-02-01T21:28:39.929+0700] {logging_mixin.py:190} INFO - [2026-02-01T21:28:39.925+0700] {dag.py:4138} INFO - Setting next_dagrun for dag_scraping_daily to 2026-02-01 05:00:00+00:00, run_after=2026-02-01 17:00:00+00:00
[2026-02-01T21:28:39.986+0700] {processor.py:208} INFO - Processing /opt/airflow/dags/dag_scraping_daily.py took 0.791 seconds
[2026-02-01T21:29:10.452+0700] {processor.py:186} INFO - Started process (PID=3452) to work on /opt/airflow/dags/dag_scraping_daily.py
[2026-02-01T21:29:10.453+0700] {processor.py:914} INFO - Processing file /opt/airflow/dags/dag_scraping_daily.py for tasks to queue
[2026-02-01T21:29:10.457+0700] {logging_mixin.py:190} INFO - [2026-02-01T21:29:10.456+0700] {dagbag.py:587} INFO - Filling up the DagBag from /opt/airflow/dags/dag_scraping_daily.py
[2026-02-01T21:29:10.939+0700] {processor.py:925} INFO - DAG(s) 'dag_scraping_daily' retrieved from /opt/airflow/dags/dag_scraping_daily.py
[2026-02-01T21:29:10.966+0700] {logging_mixin.py:190} INFO - [2026-02-01T21:29:10.965+0700] {dag.py:3211} INFO - Sync 1 DAGs
[2026-02-01T21:29:10.992+0700] {logging_mixin.py:190} INFO - [2026-02-01T21:29:10.991+0700] {dag.py:4138} INFO - Setting next_dagrun for dag_scraping_daily to 2026-02-01 05:00:00+00:00, run_after=2026-02-01 17:00:00+00:00
[2026-02-01T21:29:11.018+0700] {processor.py:208} INFO - Processing /opt/airflow/dags/dag_scraping_daily.py took 0.575 seconds
[2026-02-01T21:29:41.421+0700] {processor.py:186} INFO - Started process (PID=3466) to work on /opt/airflow/dags/dag_scraping_daily.py
[2026-02-01T21:29:41.422+0700] {processor.py:914} INFO - Processing file /opt/airflow/dags/dag_scraping_daily.py for tasks to queue
[2026-02-01T21:29:41.425+0700] {logging_mixin.py:190} INFO - [2026-02-01T21:29:41.425+0700] {dagbag.py:587} INFO - Filling up the DagBag from /opt/airflow/dags/dag_scraping_daily.py
[2026-02-01T21:29:41.990+0700] {processor.py:925} INFO - DAG(s) 'dag_scraping_daily' retrieved from /opt/airflow/dags/dag_scraping_daily.py
[2026-02-01T21:29:42.014+0700] {logging_mixin.py:190} INFO - [2026-02-01T21:29:42.013+0700] {dag.py:3211} INFO - Sync 1 DAGs
[2026-02-01T21:29:42.037+0700] {logging_mixin.py:190} INFO - [2026-02-01T21:29:42.037+0700] {dag.py:4138} INFO - Setting next_dagrun for dag_scraping_daily to 2026-02-01 05:00:00+00:00, run_after=2026-02-01 17:00:00+00:00
[2026-02-01T21:29:42.064+0700] {processor.py:208} INFO - Processing /opt/airflow/dags/dag_scraping_daily.py took 0.649 seconds
[2026-02-01T21:30:12.305+0700] {processor.py:186} INFO - Started process (PID=3478) to work on /opt/airflow/dags/dag_scraping_daily.py
[2026-02-01T21:30:12.307+0700] {processor.py:914} INFO - Processing file /opt/airflow/dags/dag_scraping_daily.py for tasks to queue
[2026-02-01T21:30:12.310+0700] {logging_mixin.py:190} INFO - [2026-02-01T21:30:12.309+0700] {dagbag.py:587} INFO - Filling up the DagBag from /opt/airflow/dags/dag_scraping_daily.py
[2026-02-01T21:30:12.784+0700] {processor.py:925} INFO - DAG(s) 'dag_scraping_daily' retrieved from /opt/airflow/dags/dag_scraping_daily.py
[2026-02-01T21:30:12.809+0700] {logging_mixin.py:190} INFO - [2026-02-01T21:30:12.809+0700] {dag.py:3211} INFO - Sync 1 DAGs
[2026-02-01T21:30:12.834+0700] {logging_mixin.py:190} INFO - [2026-02-01T21:30:12.834+0700] {dag.py:4138} INFO - Setting next_dagrun for dag_scraping_daily to 2026-02-01 05:00:00+00:00, run_after=2026-02-01 17:00:00+00:00
[2026-02-01T21:30:12.862+0700] {processor.py:208} INFO - Processing /opt/airflow/dags/dag_scraping_daily.py took 0.565 seconds
[2026-02-01T21:30:43.523+0700] {processor.py:186} INFO - Started process (PID=3490) to work on /opt/airflow/dags/dag_scraping_daily.py
[2026-02-01T21:30:43.525+0700] {processor.py:914} INFO - Processing file /opt/airflow/dags/dag_scraping_daily.py for tasks to queue
[2026-02-01T21:30:43.527+0700] {logging_mixin.py:190} INFO - [2026-02-01T21:30:43.527+0700] {dagbag.py:587} INFO - Filling up the DagBag from /opt/airflow/dags/dag_scraping_daily.py
[2026-02-01T21:30:43.974+0700] {processor.py:925} INFO - DAG(s) 'dag_scraping_daily' retrieved from /opt/airflow/dags/dag_scraping_daily.py
[2026-02-01T21:30:43.999+0700] {logging_mixin.py:190} INFO - [2026-02-01T21:30:43.998+0700] {dag.py:3211} INFO - Sync 1 DAGs
[2026-02-01T21:30:44.026+0700] {logging_mixin.py:190} INFO - [2026-02-01T21:30:44.026+0700] {dag.py:4138} INFO - Setting next_dagrun for dag_scraping_daily to 2026-02-01 05:00:00+00:00, run_after=2026-02-01 17:00:00+00:00
[2026-02-01T21:30:44.050+0700] {processor.py:208} INFO - Processing /opt/airflow/dags/dag_scraping_daily.py took 0.538 seconds
[2026-02-01T21:31:14.487+0700] {processor.py:186} INFO - Started process (PID=3502) to work on /opt/airflow/dags/dag_scraping_daily.py
[2026-02-01T21:31:14.488+0700] {processor.py:914} INFO - Processing file /opt/airflow/dags/dag_scraping_daily.py for tasks to queue
[2026-02-01T21:31:14.491+0700] {logging_mixin.py:190} INFO - [2026-02-01T21:31:14.491+0700] {dagbag.py:587} INFO - Filling up the DagBag from /opt/airflow/dags/dag_scraping_daily.py
[2026-02-01T21:31:14.938+0700] {processor.py:925} INFO - DAG(s) 'dag_scraping_daily' retrieved from /opt/airflow/dags/dag_scraping_daily.py
[2026-02-01T21:31:14.967+0700] {logging_mixin.py:190} INFO - [2026-02-01T21:31:14.966+0700] {dag.py:3211} INFO - Sync 1 DAGs
[2026-02-01T21:31:15.007+0700] {logging_mixin.py:190} INFO - [2026-02-01T21:31:15.007+0700] {dag.py:4138} INFO - Setting next_dagrun for dag_scraping_daily to 2026-02-01 05:00:00+00:00, run_after=2026-02-01 17:00:00+00:00
[2026-02-01T21:31:15.041+0700] {processor.py:208} INFO - Processing /opt/airflow/dags/dag_scraping_daily.py took 0.561 seconds
[2026-02-01T21:31:45.468+0700] {processor.py:186} INFO - Started process (PID=3514) to work on /opt/airflow/dags/dag_scraping_daily.py
[2026-02-01T21:31:45.469+0700] {processor.py:914} INFO - Processing file /opt/airflow/dags/dag_scraping_daily.py for tasks to queue
[2026-02-01T21:31:45.472+0700] {logging_mixin.py:190} INFO - [2026-02-01T21:31:45.471+0700] {dagbag.py:587} INFO - Filling up the DagBag from /opt/airflow/dags/dag_scraping_daily.py
[2026-02-01T21:31:45.915+0700] {processor.py:925} INFO - DAG(s) 'dag_scraping_daily' retrieved from /opt/airflow/dags/dag_scraping_daily.py
[2026-02-01T21:31:45.941+0700] {logging_mixin.py:190} INFO - [2026-02-01T21:31:45.941+0700] {dag.py:3211} INFO - Sync 1 DAGs
[2026-02-01T21:31:45.967+0700] {logging_mixin.py:190} INFO - [2026-02-01T21:31:45.966+0700] {dag.py:4138} INFO - Setting next_dagrun for dag_scraping_daily to 2026-02-01 05:00:00+00:00, run_after=2026-02-01 17:00:00+00:00
[2026-02-01T21:31:45.993+0700] {processor.py:208} INFO - Processing /opt/airflow/dags/dag_scraping_daily.py took 0.532 seconds
[2026-02-01T21:32:16.390+0700] {processor.py:186} INFO - Started process (PID=3526) to work on /opt/airflow/dags/dag_scraping_daily.py
[2026-02-01T21:32:16.391+0700] {processor.py:914} INFO - Processing file /opt/airflow/dags/dag_scraping_daily.py for tasks to queue
[2026-02-01T21:32:16.395+0700] {logging_mixin.py:190} INFO - [2026-02-01T21:32:16.395+0700] {dagbag.py:587} INFO - Filling up the DagBag from /opt/airflow/dags/dag_scraping_daily.py
[2026-02-01T21:32:16.867+0700] {processor.py:925} INFO - DAG(s) 'dag_scraping_daily' retrieved from /opt/airflow/dags/dag_scraping_daily.py
[2026-02-01T21:32:16.902+0700] {logging_mixin.py:190} INFO - [2026-02-01T21:32:16.901+0700] {dag.py:3211} INFO - Sync 1 DAGs
[2026-02-01T21:32:16.943+0700] {logging_mixin.py:190} INFO - [2026-02-01T21:32:16.943+0700] {dag.py:4138} INFO - Setting next_dagrun for dag_scraping_daily to 2026-02-01 05:00:00+00:00, run_after=2026-02-01 17:00:00+00:00
[2026-02-01T21:32:16.966+0700] {processor.py:208} INFO - Processing /opt/airflow/dags/dag_scraping_daily.py took 0.583 seconds
[2026-02-01T21:32:47.402+0700] {processor.py:186} INFO - Started process (PID=3538) to work on /opt/airflow/dags/dag_scraping_daily.py
[2026-02-01T21:32:47.403+0700] {processor.py:914} INFO - Processing file /opt/airflow/dags/dag_scraping_daily.py for tasks to queue
[2026-02-01T21:32:47.407+0700] {logging_mixin.py:190} INFO - [2026-02-01T21:32:47.406+0700] {dagbag.py:587} INFO - Filling up the DagBag from /opt/airflow/dags/dag_scraping_daily.py
[2026-02-01T21:32:47.939+0700] {processor.py:925} INFO - DAG(s) 'dag_scraping_daily' retrieved from /opt/airflow/dags/dag_scraping_daily.py
[2026-02-01T21:32:47.966+0700] {logging_mixin.py:190} INFO - [2026-02-01T21:32:47.966+0700] {dag.py:3211} INFO - Sync 1 DAGs
[2026-02-01T21:32:47.995+0700] {logging_mixin.py:190} INFO - [2026-02-01T21:32:47.995+0700] {dag.py:4138} INFO - Setting next_dagrun for dag_scraping_daily to 2026-02-01 05:00:00+00:00, run_after=2026-02-01 17:00:00+00:00
[2026-02-01T21:32:48.021+0700] {processor.py:208} INFO - Processing /opt/airflow/dags/dag_scraping_daily.py took 0.625 seconds
[2026-02-01T21:33:18.339+0700] {processor.py:186} INFO - Started process (PID=3550) to work on /opt/airflow/dags/dag_scraping_daily.py
[2026-02-01T21:33:18.340+0700] {processor.py:914} INFO - Processing file /opt/airflow/dags/dag_scraping_daily.py for tasks to queue
[2026-02-01T21:33:18.343+0700] {logging_mixin.py:190} INFO - [2026-02-01T21:33:18.343+0700] {dagbag.py:587} INFO - Filling up the DagBag from /opt/airflow/dags/dag_scraping_daily.py
[2026-02-01T21:33:18.806+0700] {processor.py:925} INFO - DAG(s) 'dag_scraping_daily' retrieved from /opt/airflow/dags/dag_scraping_daily.py
[2026-02-01T21:33:18.835+0700] {logging_mixin.py:190} INFO - [2026-02-01T21:33:18.834+0700] {dag.py:3211} INFO - Sync 1 DAGs
[2026-02-01T21:33:18.859+0700] {logging_mixin.py:190} INFO - [2026-02-01T21:33:18.859+0700] {dag.py:4138} INFO - Setting next_dagrun for dag_scraping_daily to 2026-02-01 05:00:00+00:00, run_after=2026-02-01 17:00:00+00:00
[2026-02-01T21:33:18.890+0700] {processor.py:208} INFO - Processing /opt/airflow/dags/dag_scraping_daily.py took 0.558 seconds
[2026-02-01T21:33:49.586+0700] {processor.py:186} INFO - Started process (PID=3562) to work on /opt/airflow/dags/dag_scraping_daily.py
[2026-02-01T21:33:49.588+0700] {processor.py:914} INFO - Processing file /opt/airflow/dags/dag_scraping_daily.py for tasks to queue
[2026-02-01T21:33:49.592+0700] {logging_mixin.py:190} INFO - [2026-02-01T21:33:49.591+0700] {dagbag.py:587} INFO - Filling up the DagBag from /opt/airflow/dags/dag_scraping_daily.py
[2026-02-01T21:33:50.149+0700] {processor.py:925} INFO - DAG(s) 'dag_scraping_daily' retrieved from /opt/airflow/dags/dag_scraping_daily.py
[2026-02-01T21:33:50.178+0700] {logging_mixin.py:190} INFO - [2026-02-01T21:33:50.177+0700] {dag.py:3211} INFO - Sync 1 DAGs
[2026-02-01T21:33:50.212+0700] {logging_mixin.py:190} INFO - [2026-02-01T21:33:50.212+0700] {dag.py:4138} INFO - Setting next_dagrun for dag_scraping_daily to 2026-02-01 05:00:00+00:00, run_after=2026-02-01 17:00:00+00:00
[2026-02-01T21:33:50.243+0700] {processor.py:208} INFO - Processing /opt/airflow/dags/dag_scraping_daily.py took 0.667 seconds
[2026-02-01T21:34:20.362+0700] {processor.py:186} INFO - Started process (PID=3574) to work on /opt/airflow/dags/dag_scraping_daily.py
[2026-02-01T21:34:20.364+0700] {processor.py:914} INFO - Processing file /opt/airflow/dags/dag_scraping_daily.py for tasks to queue
[2026-02-01T21:34:20.366+0700] {logging_mixin.py:190} INFO - [2026-02-01T21:34:20.366+0700] {dagbag.py:587} INFO - Filling up the DagBag from /opt/airflow/dags/dag_scraping_daily.py
[2026-02-01T21:34:20.809+0700] {processor.py:925} INFO - DAG(s) 'dag_scraping_daily' retrieved from /opt/airflow/dags/dag_scraping_daily.py
[2026-02-01T21:34:20.837+0700] {logging_mixin.py:190} INFO - [2026-02-01T21:34:20.837+0700] {dag.py:3211} INFO - Sync 1 DAGs
[2026-02-01T21:34:20.865+0700] {logging_mixin.py:190} INFO - [2026-02-01T21:34:20.865+0700] {dag.py:4138} INFO - Setting next_dagrun for dag_scraping_daily to 2026-02-01 05:00:00+00:00, run_after=2026-02-01 17:00:00+00:00
[2026-02-01T21:34:20.893+0700] {processor.py:208} INFO - Processing /opt/airflow/dags/dag_scraping_daily.py took 0.537 seconds
[2026-02-01T21:34:51.318+0700] {processor.py:186} INFO - Started process (PID=3586) to work on /opt/airflow/dags/dag_scraping_daily.py
[2026-02-01T21:34:51.320+0700] {processor.py:914} INFO - Processing file /opt/airflow/dags/dag_scraping_daily.py for tasks to queue
[2026-02-01T21:34:51.324+0700] {logging_mixin.py:190} INFO - [2026-02-01T21:34:51.323+0700] {dagbag.py:587} INFO - Filling up the DagBag from /opt/airflow/dags/dag_scraping_daily.py
[2026-02-01T21:34:51.994+0700] {processor.py:925} INFO - DAG(s) 'dag_scraping_daily' retrieved from /opt/airflow/dags/dag_scraping_daily.py
[2026-02-01T21:34:52.066+0700] {logging_mixin.py:190} INFO - [2026-02-01T21:34:52.065+0700] {dag.py:3211} INFO - Sync 1 DAGs
[2026-02-01T21:34:52.135+0700] {logging_mixin.py:190} INFO - [2026-02-01T21:34:52.134+0700] {dag.py:4138} INFO - Setting next_dagrun for dag_scraping_daily to 2026-02-01 05:00:00+00:00, run_after=2026-02-01 17:00:00+00:00
[2026-02-01T21:34:52.165+0700] {processor.py:208} INFO - Processing /opt/airflow/dags/dag_scraping_daily.py took 0.875 seconds
[2026-02-01T21:35:23.084+0700] {processor.py:186} INFO - Started process (PID=3598) to work on /opt/airflow/dags/dag_scraping_daily.py
[2026-02-01T21:35:23.085+0700] {processor.py:914} INFO - Processing file /opt/airflow/dags/dag_scraping_daily.py for tasks to queue
[2026-02-01T21:35:23.088+0700] {logging_mixin.py:190} INFO - [2026-02-01T21:35:23.087+0700] {dagbag.py:587} INFO - Filling up the DagBag from /opt/airflow/dags/dag_scraping_daily.py
[2026-02-01T21:35:23.654+0700] {processor.py:925} INFO - DAG(s) 'dag_scraping_daily' retrieved from /opt/airflow/dags/dag_scraping_daily.py
[2026-02-01T21:35:23.678+0700] {logging_mixin.py:190} INFO - [2026-02-01T21:35:23.678+0700] {dag.py:3211} INFO - Sync 1 DAGs
[2026-02-01T21:35:23.700+0700] {logging_mixin.py:190} INFO - [2026-02-01T21:35:23.700+0700] {dag.py:4138} INFO - Setting next_dagrun for dag_scraping_daily to 2026-02-01 05:00:00+00:00, run_after=2026-02-01 17:00:00+00:00
[2026-02-01T21:35:23.725+0700] {processor.py:208} INFO - Processing /opt/airflow/dags/dag_scraping_daily.py took 0.647 seconds
[2026-02-01T21:35:54.100+0700] {processor.py:186} INFO - Started process (PID=3610) to work on /opt/airflow/dags/dag_scraping_daily.py
[2026-02-01T21:35:54.101+0700] {processor.py:914} INFO - Processing file /opt/airflow/dags/dag_scraping_daily.py for tasks to queue
[2026-02-01T21:35:54.104+0700] {logging_mixin.py:190} INFO - [2026-02-01T21:35:54.103+0700] {dagbag.py:587} INFO - Filling up the DagBag from /opt/airflow/dags/dag_scraping_daily.py
[2026-02-01T21:35:54.559+0700] {processor.py:925} INFO - DAG(s) 'dag_scraping_daily' retrieved from /opt/airflow/dags/dag_scraping_daily.py
[2026-02-01T21:35:54.584+0700] {logging_mixin.py:190} INFO - [2026-02-01T21:35:54.583+0700] {dag.py:3211} INFO - Sync 1 DAGs
[2026-02-01T21:35:54.609+0700] {logging_mixin.py:190} INFO - [2026-02-01T21:35:54.609+0700] {dag.py:4138} INFO - Setting next_dagrun for dag_scraping_daily to 2026-02-01 05:00:00+00:00, run_after=2026-02-01 17:00:00+00:00
[2026-02-01T21:35:54.635+0700] {processor.py:208} INFO - Processing /opt/airflow/dags/dag_scraping_daily.py took 0.541 seconds
[2026-02-01T21:36:24.922+0700] {processor.py:186} INFO - Started process (PID=3622) to work on /opt/airflow/dags/dag_scraping_daily.py
[2026-02-01T21:36:24.924+0700] {processor.py:914} INFO - Processing file /opt/airflow/dags/dag_scraping_daily.py for tasks to queue
[2026-02-01T21:36:24.928+0700] {logging_mixin.py:190} INFO - [2026-02-01T21:36:24.928+0700] {dagbag.py:587} INFO - Filling up the DagBag from /opt/airflow/dags/dag_scraping_daily.py
[2026-02-01T21:36:25.342+0700] {processor.py:925} INFO - DAG(s) 'dag_scraping_daily' retrieved from /opt/airflow/dags/dag_scraping_daily.py
[2026-02-01T21:36:25.369+0700] {logging_mixin.py:190} INFO - [2026-02-01T21:36:25.368+0700] {dag.py:3211} INFO - Sync 1 DAGs
[2026-02-01T21:36:25.394+0700] {logging_mixin.py:190} INFO - [2026-02-01T21:36:25.394+0700] {dag.py:4138} INFO - Setting next_dagrun for dag_scraping_daily to 2026-02-01 05:00:00+00:00, run_after=2026-02-01 17:00:00+00:00
[2026-02-01T21:36:25.422+0700] {processor.py:208} INFO - Processing /opt/airflow/dags/dag_scraping_daily.py took 0.506 seconds
[2026-02-01T21:36:55.734+0700] {processor.py:186} INFO - Started process (PID=3634) to work on /opt/airflow/dags/dag_scraping_daily.py
[2026-02-01T21:36:55.735+0700] {processor.py:914} INFO - Processing file /opt/airflow/dags/dag_scraping_daily.py for tasks to queue
[2026-02-01T21:36:55.737+0700] {logging_mixin.py:190} INFO - [2026-02-01T21:36:55.737+0700] {dagbag.py:587} INFO - Filling up the DagBag from /opt/airflow/dags/dag_scraping_daily.py
[2026-02-01T21:36:56.162+0700] {processor.py:925} INFO - DAG(s) 'dag_scraping_daily' retrieved from /opt/airflow/dags/dag_scraping_daily.py
[2026-02-01T21:36:56.186+0700] {logging_mixin.py:190} INFO - [2026-02-01T21:36:56.186+0700] {dag.py:3211} INFO - Sync 1 DAGs
[2026-02-01T21:36:56.210+0700] {logging_mixin.py:190} INFO - [2026-02-01T21:36:56.209+0700] {dag.py:4138} INFO - Setting next_dagrun for dag_scraping_daily to 2026-02-01 05:00:00+00:00, run_after=2026-02-01 17:00:00+00:00
[2026-02-01T21:36:56.235+0700] {processor.py:208} INFO - Processing /opt/airflow/dags/dag_scraping_daily.py took 0.508 seconds
[2026-02-01T21:37:26.643+0700] {processor.py:186} INFO - Started process (PID=3646) to work on /opt/airflow/dags/dag_scraping_daily.py
[2026-02-01T21:37:26.645+0700] {processor.py:914} INFO - Processing file /opt/airflow/dags/dag_scraping_daily.py for tasks to queue
[2026-02-01T21:37:26.648+0700] {logging_mixin.py:190} INFO - [2026-02-01T21:37:26.647+0700] {dagbag.py:587} INFO - Filling up the DagBag from /opt/airflow/dags/dag_scraping_daily.py
[2026-02-01T21:37:27.084+0700] {processor.py:925} INFO - DAG(s) 'dag_scraping_daily' retrieved from /opt/airflow/dags/dag_scraping_daily.py
[2026-02-01T21:37:27.113+0700] {logging_mixin.py:190} INFO - [2026-02-01T21:37:27.112+0700] {dag.py:3211} INFO - Sync 1 DAGs
[2026-02-01T21:37:27.141+0700] {logging_mixin.py:190} INFO - [2026-02-01T21:37:27.141+0700] {dag.py:4138} INFO - Setting next_dagrun for dag_scraping_daily to 2026-02-01 05:00:00+00:00, run_after=2026-02-01 17:00:00+00:00
[2026-02-01T21:37:27.172+0700] {processor.py:208} INFO - Processing /opt/airflow/dags/dag_scraping_daily.py took 0.536 seconds
[2026-02-01T21:37:57.684+0700] {processor.py:186} INFO - Started process (PID=3658) to work on /opt/airflow/dags/dag_scraping_daily.py
[2026-02-01T21:37:57.685+0700] {processor.py:914} INFO - Processing file /opt/airflow/dags/dag_scraping_daily.py for tasks to queue
[2026-02-01T21:37:57.687+0700] {logging_mixin.py:190} INFO - [2026-02-01T21:37:57.687+0700] {dagbag.py:587} INFO - Filling up the DagBag from /opt/airflow/dags/dag_scraping_daily.py
[2026-02-01T21:37:58.122+0700] {processor.py:925} INFO - DAG(s) 'dag_scraping_daily' retrieved from /opt/airflow/dags/dag_scraping_daily.py
[2026-02-01T21:37:58.148+0700] {logging_mixin.py:190} INFO - [2026-02-01T21:37:58.147+0700] {dag.py:3211} INFO - Sync 1 DAGs
[2026-02-01T21:37:58.173+0700] {logging_mixin.py:190} INFO - [2026-02-01T21:37:58.172+0700] {dag.py:4138} INFO - Setting next_dagrun for dag_scraping_daily to 2026-02-01 05:00:00+00:00, run_after=2026-02-01 17:00:00+00:00
[2026-02-01T21:37:58.200+0700] {processor.py:208} INFO - Processing /opt/airflow/dags/dag_scraping_daily.py took 0.523 seconds
[2026-02-01T21:38:28.290+0700] {processor.py:186} INFO - Started process (PID=3670) to work on /opt/airflow/dags/dag_scraping_daily.py
[2026-02-01T21:38:28.291+0700] {processor.py:914} INFO - Processing file /opt/airflow/dags/dag_scraping_daily.py for tasks to queue
[2026-02-01T21:38:28.294+0700] {logging_mixin.py:190} INFO - [2026-02-01T21:38:28.293+0700] {dagbag.py:587} INFO - Filling up the DagBag from /opt/airflow/dags/dag_scraping_daily.py
[2026-02-01T21:38:28.728+0700] {processor.py:925} INFO - DAG(s) 'dag_scraping_daily' retrieved from /opt/airflow/dags/dag_scraping_daily.py
[2026-02-01T21:38:28.755+0700] {logging_mixin.py:190} INFO - [2026-02-01T21:38:28.754+0700] {dag.py:3211} INFO - Sync 1 DAGs
[2026-02-01T21:38:28.777+0700] {logging_mixin.py:190} INFO - [2026-02-01T21:38:28.777+0700] {dag.py:4138} INFO - Setting next_dagrun for dag_scraping_daily to 2026-02-01 05:00:00+00:00, run_after=2026-02-01 17:00:00+00:00
[2026-02-01T21:38:28.804+0700] {processor.py:208} INFO - Processing /opt/airflow/dags/dag_scraping_daily.py took 0.521 seconds
[2026-02-01T21:38:59.101+0700] {processor.py:186} INFO - Started process (PID=3682) to work on /opt/airflow/dags/dag_scraping_daily.py
[2026-02-01T21:38:59.102+0700] {processor.py:914} INFO - Processing file /opt/airflow/dags/dag_scraping_daily.py for tasks to queue
[2026-02-01T21:38:59.105+0700] {logging_mixin.py:190} INFO - [2026-02-01T21:38:59.105+0700] {dagbag.py:587} INFO - Filling up the DagBag from /opt/airflow/dags/dag_scraping_daily.py
[2026-02-01T21:38:59.561+0700] {processor.py:925} INFO - DAG(s) 'dag_scraping_daily' retrieved from /opt/airflow/dags/dag_scraping_daily.py
[2026-02-01T21:38:59.587+0700] {logging_mixin.py:190} INFO - [2026-02-01T21:38:59.586+0700] {dag.py:3211} INFO - Sync 1 DAGs
[2026-02-01T21:38:59.613+0700] {logging_mixin.py:190} INFO - [2026-02-01T21:38:59.612+0700] {dag.py:4138} INFO - Setting next_dagrun for dag_scraping_daily to 2026-02-01 05:00:00+00:00, run_after=2026-02-01 17:00:00+00:00
[2026-02-01T21:38:59.639+0700] {processor.py:208} INFO - Processing /opt/airflow/dags/dag_scraping_daily.py took 0.545 seconds
[2026-02-01T21:39:30.224+0700] {processor.py:186} INFO - Started process (PID=3694) to work on /opt/airflow/dags/dag_scraping_daily.py
[2026-02-01T21:39:30.226+0700] {processor.py:914} INFO - Processing file /opt/airflow/dags/dag_scraping_daily.py for tasks to queue
[2026-02-01T21:39:30.229+0700] {logging_mixin.py:190} INFO - [2026-02-01T21:39:30.228+0700] {dagbag.py:587} INFO - Filling up the DagBag from /opt/airflow/dags/dag_scraping_daily.py
[2026-02-01T21:39:30.800+0700] {processor.py:925} INFO - DAG(s) 'dag_scraping_daily' retrieved from /opt/airflow/dags/dag_scraping_daily.py
[2026-02-01T21:39:30.830+0700] {logging_mixin.py:190} INFO - [2026-02-01T21:39:30.829+0700] {dag.py:3211} INFO - Sync 1 DAGs
[2026-02-01T21:39:30.863+0700] {logging_mixin.py:190} INFO - [2026-02-01T21:39:30.863+0700] {dag.py:4138} INFO - Setting next_dagrun for dag_scraping_daily to 2026-02-01 05:00:00+00:00, run_after=2026-02-01 17:00:00+00:00
[2026-02-01T21:39:30.897+0700] {processor.py:208} INFO - Processing /opt/airflow/dags/dag_scraping_daily.py took 0.682 seconds
[2026-02-01T21:40:00.962+0700] {processor.py:186} INFO - Started process (PID=3706) to work on /opt/airflow/dags/dag_scraping_daily.py
[2026-02-01T21:40:00.963+0700] {processor.py:914} INFO - Processing file /opt/airflow/dags/dag_scraping_daily.py for tasks to queue
[2026-02-01T21:40:00.966+0700] {logging_mixin.py:190} INFO - [2026-02-01T21:40:00.965+0700] {dagbag.py:587} INFO - Filling up the DagBag from /opt/airflow/dags/dag_scraping_daily.py
[2026-02-01T21:40:01.369+0700] {processor.py:925} INFO - DAG(s) 'dag_scraping_daily' retrieved from /opt/airflow/dags/dag_scraping_daily.py
[2026-02-01T21:40:01.395+0700] {logging_mixin.py:190} INFO - [2026-02-01T21:40:01.394+0700] {dag.py:3211} INFO - Sync 1 DAGs
[2026-02-01T21:40:01.418+0700] {logging_mixin.py:190} INFO - [2026-02-01T21:40:01.417+0700] {dag.py:4138} INFO - Setting next_dagrun for dag_scraping_daily to 2026-02-01 05:00:00+00:00, run_after=2026-02-01 17:00:00+00:00
[2026-02-01T21:40:01.443+0700] {processor.py:208} INFO - Processing /opt/airflow/dags/dag_scraping_daily.py took 0.487 seconds
[2026-02-01T21:40:31.658+0700] {processor.py:186} INFO - Started process (PID=3718) to work on /opt/airflow/dags/dag_scraping_daily.py
[2026-02-01T21:40:31.659+0700] {processor.py:914} INFO - Processing file /opt/airflow/dags/dag_scraping_daily.py for tasks to queue
[2026-02-01T21:40:31.661+0700] {logging_mixin.py:190} INFO - [2026-02-01T21:40:31.661+0700] {dagbag.py:587} INFO - Filling up the DagBag from /opt/airflow/dags/dag_scraping_daily.py
[2026-02-01T21:40:32.073+0700] {processor.py:925} INFO - DAG(s) 'dag_scraping_daily' retrieved from /opt/airflow/dags/dag_scraping_daily.py
[2026-02-01T21:40:32.109+0700] {logging_mixin.py:190} INFO - [2026-02-01T21:40:32.108+0700] {dag.py:3211} INFO - Sync 1 DAGs
[2026-02-01T21:40:32.151+0700] {logging_mixin.py:190} INFO - [2026-02-01T21:40:32.151+0700] {dag.py:4138} INFO - Setting next_dagrun for dag_scraping_daily to 2026-02-01 05:00:00+00:00, run_after=2026-02-01 17:00:00+00:00
[2026-02-01T21:40:32.180+0700] {processor.py:208} INFO - Processing /opt/airflow/dags/dag_scraping_daily.py took 0.528 seconds
[2026-02-01T21:41:02.796+0700] {processor.py:186} INFO - Started process (PID=3730) to work on /opt/airflow/dags/dag_scraping_daily.py
[2026-02-01T21:41:02.797+0700] {processor.py:914} INFO - Processing file /opt/airflow/dags/dag_scraping_daily.py for tasks to queue
[2026-02-01T21:41:02.799+0700] {logging_mixin.py:190} INFO - [2026-02-01T21:41:02.799+0700] {dagbag.py:587} INFO - Filling up the DagBag from /opt/airflow/dags/dag_scraping_daily.py
[2026-02-01T21:41:03.212+0700] {processor.py:925} INFO - DAG(s) 'dag_scraping_daily' retrieved from /opt/airflow/dags/dag_scraping_daily.py
[2026-02-01T21:41:03.234+0700] {logging_mixin.py:190} INFO - [2026-02-01T21:41:03.233+0700] {dag.py:3211} INFO - Sync 1 DAGs
[2026-02-01T21:41:03.258+0700] {logging_mixin.py:190} INFO - [2026-02-01T21:41:03.258+0700] {dag.py:4138} INFO - Setting next_dagrun for dag_scraping_daily to 2026-02-01 05:00:00+00:00, run_after=2026-02-01 17:00:00+00:00
[2026-02-01T21:41:03.281+0700] {processor.py:208} INFO - Processing /opt/airflow/dags/dag_scraping_daily.py took 0.491 seconds
[2026-02-01T21:41:33.740+0700] {processor.py:186} INFO - Started process (PID=3742) to work on /opt/airflow/dags/dag_scraping_daily.py
[2026-02-01T21:41:33.742+0700] {processor.py:914} INFO - Processing file /opt/airflow/dags/dag_scraping_daily.py for tasks to queue
[2026-02-01T21:41:33.744+0700] {logging_mixin.py:190} INFO - [2026-02-01T21:41:33.744+0700] {dagbag.py:587} INFO - Filling up the DagBag from /opt/airflow/dags/dag_scraping_daily.py
[2026-02-01T21:41:34.140+0700] {processor.py:925} INFO - DAG(s) 'dag_scraping_daily' retrieved from /opt/airflow/dags/dag_scraping_daily.py
[2026-02-01T21:41:34.167+0700] {logging_mixin.py:190} INFO - [2026-02-01T21:41:34.166+0700] {dag.py:3211} INFO - Sync 1 DAGs
[2026-02-01T21:41:34.189+0700] {logging_mixin.py:190} INFO - [2026-02-01T21:41:34.189+0700] {dag.py:4138} INFO - Setting next_dagrun for dag_scraping_daily to 2026-02-01 05:00:00+00:00, run_after=2026-02-01 17:00:00+00:00
[2026-02-01T21:41:34.212+0700] {processor.py:208} INFO - Processing /opt/airflow/dags/dag_scraping_daily.py took 0.479 seconds
[2026-02-01T21:42:04.679+0700] {processor.py:186} INFO - Started process (PID=3754) to work on /opt/airflow/dags/dag_scraping_daily.py
[2026-02-01T21:42:04.681+0700] {processor.py:914} INFO - Processing file /opt/airflow/dags/dag_scraping_daily.py for tasks to queue
[2026-02-01T21:42:04.684+0700] {logging_mixin.py:190} INFO - [2026-02-01T21:42:04.683+0700] {dagbag.py:587} INFO - Filling up the DagBag from /opt/airflow/dags/dag_scraping_daily.py
[2026-02-01T21:42:05.089+0700] {processor.py:925} INFO - DAG(s) 'dag_scraping_daily' retrieved from /opt/airflow/dags/dag_scraping_daily.py
[2026-02-01T21:42:05.110+0700] {logging_mixin.py:190} INFO - [2026-02-01T21:42:05.110+0700] {dag.py:3211} INFO - Sync 1 DAGs
[2026-02-01T21:42:05.132+0700] {logging_mixin.py:190} INFO - [2026-02-01T21:42:05.131+0700] {dag.py:4138} INFO - Setting next_dagrun for dag_scraping_daily to 2026-02-01 05:00:00+00:00, run_after=2026-02-01 17:00:00+00:00
[2026-02-01T21:42:05.153+0700] {processor.py:208} INFO - Processing /opt/airflow/dags/dag_scraping_daily.py took 0.481 seconds
