[2026-03-27T14:12:47.182+0700] {processor.py:186} INFO - Started process (PID=183) to work on /opt/airflow/dags/dag_scraping_daily.py
[2026-03-27T14:12:47.184+0700] {processor.py:914} INFO - Processing file /opt/airflow/dags/dag_scraping_daily.py for tasks to queue
[2026-03-27T14:12:47.190+0700] {logging_mixin.py:190} INFO - [2026-03-27T14:12:47.189+0700] {dagbag.py:587} INFO - Filling up the DagBag from /opt/airflow/dags/dag_scraping_daily.py
[2026-03-27T14:12:47.268+0700] {processor.py:925} INFO - DAG(s) 'dag_scraping_daily' retrieved from /opt/airflow/dags/dag_scraping_daily.py
[2026-03-27T14:12:47.327+0700] {logging_mixin.py:190} INFO - [2026-03-27T14:12:47.327+0700] {dag.py:3211} INFO - Sync 1 DAGs
[2026-03-27T14:12:47.413+0700] {logging_mixin.py:190} INFO - [2026-03-27T14:12:47.412+0700] {dag.py:4138} INFO - Setting next_dagrun for dag_scraping_daily to 2026-03-27 05:00:00+00:00, run_after=2026-03-27 17:00:00+00:00
[2026-03-27T14:12:47.520+0700] {processor.py:208} INFO - Processing /opt/airflow/dags/dag_scraping_daily.py took 0.351 seconds
[2026-03-27T14:13:18.060+0700] {processor.py:186} INFO - Started process (PID=258) to work on /opt/airflow/dags/dag_scraping_daily.py
[2026-03-27T14:13:18.068+0700] {processor.py:914} INFO - Processing file /opt/airflow/dags/dag_scraping_daily.py for tasks to queue
[2026-03-27T14:13:18.088+0700] {logging_mixin.py:190} INFO - [2026-03-27T14:13:18.087+0700] {dagbag.py:587} INFO - Filling up the DagBag from /opt/airflow/dags/dag_scraping_daily.py
[2026-03-27T14:13:18.253+0700] {processor.py:925} INFO - DAG(s) 'dag_scraping_daily' retrieved from /opt/airflow/dags/dag_scraping_daily.py
[2026-03-27T14:13:18.462+0700] {logging_mixin.py:190} INFO - [2026-03-27T14:13:18.462+0700] {dag.py:3211} INFO - Sync 1 DAGs
[2026-03-27T14:13:18.552+0700] {logging_mixin.py:190} INFO - [2026-03-27T14:13:18.552+0700] {dag.py:4138} INFO - Setting next_dagrun for dag_scraping_daily to 2026-03-27 05:00:00+00:00, run_after=2026-03-27 17:00:00+00:00
[2026-03-27T14:13:18.701+0700] {processor.py:208} INFO - Processing /opt/airflow/dags/dag_scraping_daily.py took 0.665 seconds
[2026-03-27T14:13:49.614+0700] {processor.py:186} INFO - Started process (PID=331) to work on /opt/airflow/dags/dag_scraping_daily.py
[2026-03-27T14:13:49.619+0700] {processor.py:914} INFO - Processing file /opt/airflow/dags/dag_scraping_daily.py for tasks to queue
[2026-03-27T14:13:49.641+0700] {logging_mixin.py:190} INFO - [2026-03-27T14:13:49.631+0700] {dagbag.py:587} INFO - Filling up the DagBag from /opt/airflow/dags/dag_scraping_daily.py
[2026-03-27T14:13:50.026+0700] {processor.py:925} INFO - DAG(s) 'dag_scraping_daily' retrieved from /opt/airflow/dags/dag_scraping_daily.py
[2026-03-27T14:13:50.669+0700] {logging_mixin.py:190} INFO - [2026-03-27T14:13:50.668+0700] {dag.py:3211} INFO - Sync 1 DAGs
[2026-03-27T14:13:50.994+0700] {logging_mixin.py:190} INFO - [2026-03-27T14:13:50.994+0700] {dag.py:4138} INFO - Setting next_dagrun for dag_scraping_daily to 2026-03-27 05:00:00+00:00, run_after=2026-03-27 17:00:00+00:00
[2026-03-27T14:13:51.117+0700] {processor.py:208} INFO - Processing /opt/airflow/dags/dag_scraping_daily.py took 1.528 seconds
[2026-03-27T14:14:22.009+0700] {processor.py:186} INFO - Started process (PID=409) to work on /opt/airflow/dags/dag_scraping_daily.py
[2026-03-27T14:14:22.012+0700] {processor.py:914} INFO - Processing file /opt/airflow/dags/dag_scraping_daily.py for tasks to queue
[2026-03-27T14:14:22.017+0700] {logging_mixin.py:190} INFO - [2026-03-27T14:14:22.017+0700] {dagbag.py:587} INFO - Filling up the DagBag from /opt/airflow/dags/dag_scraping_daily.py
[2026-03-27T14:14:22.047+0700] {processor.py:925} INFO - DAG(s) 'dag_scraping_daily' retrieved from /opt/airflow/dags/dag_scraping_daily.py
[2026-03-27T14:14:22.100+0700] {logging_mixin.py:190} INFO - [2026-03-27T14:14:22.100+0700] {dag.py:3211} INFO - Sync 1 DAGs
[2026-03-27T14:14:22.151+0700] {logging_mixin.py:190} INFO - [2026-03-27T14:14:22.150+0700] {dag.py:4138} INFO - Setting next_dagrun for dag_scraping_daily to 2026-03-27 05:00:00+00:00, run_after=2026-03-27 17:00:00+00:00
[2026-03-27T14:14:22.191+0700] {processor.py:208} INFO - Processing /opt/airflow/dags/dag_scraping_daily.py took 0.193 seconds
[2026-03-27T14:14:52.255+0700] {processor.py:186} INFO - Started process (PID=438) to work on /opt/airflow/dags/dag_scraping_daily.py
[2026-03-27T14:14:52.256+0700] {processor.py:914} INFO - Processing file /opt/airflow/dags/dag_scraping_daily.py for tasks to queue
[2026-03-27T14:14:52.260+0700] {logging_mixin.py:190} INFO - [2026-03-27T14:14:52.260+0700] {dagbag.py:587} INFO - Filling up the DagBag from /opt/airflow/dags/dag_scraping_daily.py
[2026-03-27T14:14:52.286+0700] {processor.py:925} INFO - DAG(s) 'dag_scraping_daily' retrieved from /opt/airflow/dags/dag_scraping_daily.py
[2026-03-27T14:14:52.324+0700] {logging_mixin.py:190} INFO - [2026-03-27T14:14:52.323+0700] {dag.py:3211} INFO - Sync 1 DAGs
[2026-03-27T14:14:52.350+0700] {logging_mixin.py:190} INFO - [2026-03-27T14:14:52.350+0700] {dag.py:4138} INFO - Setting next_dagrun for dag_scraping_daily to 2026-03-27 05:00:00+00:00, run_after=2026-03-27 17:00:00+00:00
[2026-03-27T14:14:52.377+0700] {processor.py:208} INFO - Processing /opt/airflow/dags/dag_scraping_daily.py took 0.130 seconds
[2026-03-27T14:15:24.010+0700] {processor.py:186} INFO - Started process (PID=499) to work on /opt/airflow/dags/dag_scraping_daily.py
[2026-03-27T14:15:24.752+0700] {processor.py:914} INFO - Processing file /opt/airflow/dags/dag_scraping_daily.py for tasks to queue
[2026-03-27T14:15:24.884+0700] {logging_mixin.py:190} INFO - [2026-03-27T14:15:24.884+0700] {dagbag.py:587} INFO - Filling up the DagBag from /opt/airflow/dags/dag_scraping_daily.py
[2026-03-27T14:15:25.753+0700] {processor.py:925} INFO - DAG(s) 'dag_scraping_daily' retrieved from /opt/airflow/dags/dag_scraping_daily.py
[2026-03-27T14:15:25.953+0700] {logging_mixin.py:190} INFO - [2026-03-27T14:15:25.953+0700] {dag.py:3211} INFO - Sync 1 DAGs
[2026-03-27T14:15:26.315+0700] {logging_mixin.py:190} INFO - [2026-03-27T14:15:26.313+0700] {dag.py:4138} INFO - Setting next_dagrun for dag_scraping_daily to 2026-03-27 05:00:00+00:00, run_after=2026-03-27 17:00:00+00:00
[2026-03-27T14:15:26.407+0700] {processor.py:208} INFO - Processing /opt/airflow/dags/dag_scraping_daily.py took 2.719 seconds
[2026-03-27T14:15:56.796+0700] {processor.py:186} INFO - Started process (PID=549) to work on /opt/airflow/dags/dag_scraping_daily.py
[2026-03-27T14:15:56.800+0700] {processor.py:914} INFO - Processing file /opt/airflow/dags/dag_scraping_daily.py for tasks to queue
[2026-03-27T14:15:56.808+0700] {logging_mixin.py:190} INFO - [2026-03-27T14:15:56.807+0700] {dagbag.py:587} INFO - Filling up the DagBag from /opt/airflow/dags/dag_scraping_daily.py
[2026-03-27T14:15:56.854+0700] {processor.py:925} INFO - DAG(s) 'dag_scraping_daily' retrieved from /opt/airflow/dags/dag_scraping_daily.py
[2026-03-27T14:15:56.907+0700] {logging_mixin.py:190} INFO - [2026-03-27T14:15:56.907+0700] {dag.py:3211} INFO - Sync 1 DAGs
[2026-03-27T14:15:56.971+0700] {logging_mixin.py:190} INFO - [2026-03-27T14:15:56.970+0700] {dag.py:4138} INFO - Setting next_dagrun for dag_scraping_daily to 2026-03-27 05:00:00+00:00, run_after=2026-03-27 17:00:00+00:00
[2026-03-27T14:15:57.006+0700] {processor.py:208} INFO - Processing /opt/airflow/dags/dag_scraping_daily.py took 0.233 seconds
[2026-03-27T14:16:28.057+0700] {processor.py:186} INFO - Started process (PID=1002) to work on /opt/airflow/dags/dag_scraping_daily.py
[2026-03-27T14:16:28.063+0700] {processor.py:914} INFO - Processing file /opt/airflow/dags/dag_scraping_daily.py for tasks to queue
[2026-03-27T14:16:28.068+0700] {logging_mixin.py:190} INFO - [2026-03-27T14:16:28.067+0700] {dagbag.py:587} INFO - Filling up the DagBag from /opt/airflow/dags/dag_scraping_daily.py
[2026-03-27T14:16:28.159+0700] {processor.py:925} INFO - DAG(s) 'dag_scraping_daily' retrieved from /opt/airflow/dags/dag_scraping_daily.py
[2026-03-27T14:16:28.260+0700] {logging_mixin.py:190} INFO - [2026-03-27T14:16:28.260+0700] {dag.py:3211} INFO - Sync 1 DAGs
[2026-03-27T14:16:28.341+0700] {logging_mixin.py:190} INFO - [2026-03-27T14:16:28.341+0700] {dag.py:4138} INFO - Setting next_dagrun for dag_scraping_daily to 2026-03-27 05:00:00+00:00, run_after=2026-03-27 17:00:00+00:00
[2026-03-27T14:16:28.449+0700] {processor.py:208} INFO - Processing /opt/airflow/dags/dag_scraping_daily.py took 0.412 seconds
[2026-03-27T14:16:58.975+0700] {processor.py:186} INFO - Started process (PID=1034) to work on /opt/airflow/dags/dag_scraping_daily.py
[2026-03-27T14:16:58.976+0700] {processor.py:914} INFO - Processing file /opt/airflow/dags/dag_scraping_daily.py for tasks to queue
[2026-03-27T14:16:58.979+0700] {logging_mixin.py:190} INFO - [2026-03-27T14:16:58.979+0700] {dagbag.py:587} INFO - Filling up the DagBag from /opt/airflow/dags/dag_scraping_daily.py
[2026-03-27T14:16:59.003+0700] {processor.py:925} INFO - DAG(s) 'dag_scraping_daily' retrieved from /opt/airflow/dags/dag_scraping_daily.py
[2026-03-27T14:16:59.031+0700] {logging_mixin.py:190} INFO - [2026-03-27T14:16:59.030+0700] {dag.py:3211} INFO - Sync 1 DAGs
[2026-03-27T14:17:00.145+0700] {logging_mixin.py:190} INFO - [2026-03-27T14:17:00.145+0700] {dag.py:4138} INFO - Setting next_dagrun for dag_scraping_daily to 2026-03-27 05:00:00+00:00, run_after=2026-03-27 17:00:00+00:00
[2026-03-27T14:17:00.166+0700] {processor.py:208} INFO - Processing /opt/airflow/dags/dag_scraping_daily.py took 1.200 seconds
[2026-03-27T14:17:31.884+0700] {processor.py:186} INFO - Started process (PID=1316) to work on /opt/airflow/dags/dag_scraping_daily.py
[2026-03-27T14:17:31.898+0700] {processor.py:914} INFO - Processing file /opt/airflow/dags/dag_scraping_daily.py for tasks to queue
[2026-03-27T14:17:31.950+0700] {logging_mixin.py:190} INFO - [2026-03-27T14:17:31.949+0700] {dagbag.py:587} INFO - Filling up the DagBag from /opt/airflow/dags/dag_scraping_daily.py
[2026-03-27T14:17:32.961+0700] {processor.py:925} INFO - DAG(s) 'dag_scraping_daily' retrieved from /opt/airflow/dags/dag_scraping_daily.py
[2026-03-27T14:17:33.376+0700] {logging_mixin.py:190} INFO - [2026-03-27T14:17:33.364+0700] {dag.py:3211} INFO - Sync 1 DAGs
[2026-03-27T14:17:33.795+0700] {logging_mixin.py:190} INFO - [2026-03-27T14:17:33.795+0700] {dag.py:4138} INFO - Setting next_dagrun for dag_scraping_daily to 2026-03-27 05:00:00+00:00, run_after=2026-03-27 17:00:00+00:00
[2026-03-27T14:17:33.827+0700] {processor.py:208} INFO - Processing /opt/airflow/dags/dag_scraping_daily.py took 1.959 seconds
[2026-03-27T14:18:04.444+0700] {processor.py:186} INFO - Started process (PID=1357) to work on /opt/airflow/dags/dag_scraping_daily.py
[2026-03-27T14:18:04.445+0700] {processor.py:914} INFO - Processing file /opt/airflow/dags/dag_scraping_daily.py for tasks to queue
[2026-03-27T14:18:04.448+0700] {logging_mixin.py:190} INFO - [2026-03-27T14:18:04.448+0700] {dagbag.py:587} INFO - Filling up the DagBag from /opt/airflow/dags/dag_scraping_daily.py
[2026-03-27T14:18:04.465+0700] {processor.py:925} INFO - DAG(s) 'dag_scraping_daily' retrieved from /opt/airflow/dags/dag_scraping_daily.py
[2026-03-27T14:18:04.661+0700] {logging_mixin.py:190} INFO - [2026-03-27T14:18:04.661+0700] {dag.py:3211} INFO - Sync 1 DAGs
[2026-03-27T14:18:04.680+0700] {logging_mixin.py:190} INFO - [2026-03-27T14:18:04.680+0700] {dag.py:4138} INFO - Setting next_dagrun for dag_scraping_daily to 2026-03-27 05:00:00+00:00, run_after=2026-03-27 17:00:00+00:00
[2026-03-27T14:18:04.705+0700] {processor.py:208} INFO - Processing /opt/airflow/dags/dag_scraping_daily.py took 0.267 seconds
[2026-03-27T14:18:35.341+0700] {processor.py:186} INFO - Started process (PID=1385) to work on /opt/airflow/dags/dag_scraping_daily.py
[2026-03-27T14:18:35.342+0700] {processor.py:914} INFO - Processing file /opt/airflow/dags/dag_scraping_daily.py for tasks to queue
[2026-03-27T14:18:35.346+0700] {logging_mixin.py:190} INFO - [2026-03-27T14:18:35.345+0700] {dagbag.py:587} INFO - Filling up the DagBag from /opt/airflow/dags/dag_scraping_daily.py
[2026-03-27T14:18:35.368+0700] {processor.py:925} INFO - DAG(s) 'dag_scraping_daily' retrieved from /opt/airflow/dags/dag_scraping_daily.py
[2026-03-27T14:18:35.401+0700] {logging_mixin.py:190} INFO - [2026-03-27T14:18:35.401+0700] {dag.py:3211} INFO - Sync 1 DAGs
[2026-03-27T14:18:35.431+0700] {logging_mixin.py:190} INFO - [2026-03-27T14:18:35.430+0700] {dag.py:4138} INFO - Setting next_dagrun for dag_scraping_daily to 2026-03-27 05:00:00+00:00, run_after=2026-03-27 17:00:00+00:00
[2026-03-27T14:18:35.455+0700] {processor.py:208} INFO - Processing /opt/airflow/dags/dag_scraping_daily.py took 0.121 seconds
[2026-03-27T14:19:06.030+0700] {processor.py:186} INFO - Started process (PID=1413) to work on /opt/airflow/dags/dag_scraping_daily.py
[2026-03-27T14:19:06.031+0700] {processor.py:914} INFO - Processing file /opt/airflow/dags/dag_scraping_daily.py for tasks to queue
[2026-03-27T14:19:06.034+0700] {logging_mixin.py:190} INFO - [2026-03-27T14:19:06.034+0700] {dagbag.py:587} INFO - Filling up the DagBag from /opt/airflow/dags/dag_scraping_daily.py
[2026-03-27T14:19:06.061+0700] {processor.py:925} INFO - DAG(s) 'dag_scraping_daily' retrieved from /opt/airflow/dags/dag_scraping_daily.py
[2026-03-27T14:19:06.091+0700] {logging_mixin.py:190} INFO - [2026-03-27T14:19:06.090+0700] {dag.py:3211} INFO - Sync 1 DAGs
[2026-03-27T14:19:06.115+0700] {logging_mixin.py:190} INFO - [2026-03-27T14:19:06.115+0700] {dag.py:4138} INFO - Setting next_dagrun for dag_scraping_daily to 2026-03-27 05:00:00+00:00, run_after=2026-03-27 17:00:00+00:00
[2026-03-27T14:19:06.143+0700] {processor.py:208} INFO - Processing /opt/airflow/dags/dag_scraping_daily.py took 0.120 seconds
[2026-03-27T14:19:36.349+0700] {processor.py:186} INFO - Started process (PID=1441) to work on /opt/airflow/dags/dag_scraping_daily.py
[2026-03-27T14:19:36.350+0700] {processor.py:914} INFO - Processing file /opt/airflow/dags/dag_scraping_daily.py for tasks to queue
[2026-03-27T14:19:36.353+0700] {logging_mixin.py:190} INFO - [2026-03-27T14:19:36.352+0700] {dagbag.py:587} INFO - Filling up the DagBag from /opt/airflow/dags/dag_scraping_daily.py
[2026-03-27T14:19:36.371+0700] {processor.py:925} INFO - DAG(s) 'dag_scraping_daily' retrieved from /opt/airflow/dags/dag_scraping_daily.py
[2026-03-27T14:19:36.398+0700] {logging_mixin.py:190} INFO - [2026-03-27T14:19:36.397+0700] {dag.py:3211} INFO - Sync 1 DAGs
[2026-03-27T14:19:36.423+0700] {logging_mixin.py:190} INFO - [2026-03-27T14:19:36.423+0700] {dag.py:4138} INFO - Setting next_dagrun for dag_scraping_daily to 2026-03-27 05:00:00+00:00, run_after=2026-03-27 17:00:00+00:00
[2026-03-27T14:19:36.447+0700] {processor.py:208} INFO - Processing /opt/airflow/dags/dag_scraping_daily.py took 0.104 seconds
[2026-03-27T14:20:06.699+0700] {processor.py:186} INFO - Started process (PID=1469) to work on /opt/airflow/dags/dag_scraping_daily.py
[2026-03-27T14:20:06.702+0700] {processor.py:914} INFO - Processing file /opt/airflow/dags/dag_scraping_daily.py for tasks to queue
[2026-03-27T14:20:06.706+0700] {logging_mixin.py:190} INFO - [2026-03-27T14:20:06.705+0700] {dagbag.py:587} INFO - Filling up the DagBag from /opt/airflow/dags/dag_scraping_daily.py
[2026-03-27T14:20:06.735+0700] {processor.py:925} INFO - DAG(s) 'dag_scraping_daily' retrieved from /opt/airflow/dags/dag_scraping_daily.py
[2026-03-27T14:20:06.802+0700] {logging_mixin.py:190} INFO - [2026-03-27T14:20:06.802+0700] {dag.py:3211} INFO - Sync 1 DAGs
[2026-03-27T14:20:06.864+0700] {logging_mixin.py:190} INFO - [2026-03-27T14:20:06.863+0700] {dag.py:4138} INFO - Setting next_dagrun for dag_scraping_daily to 2026-03-27 05:00:00+00:00, run_after=2026-03-27 17:00:00+00:00
[2026-03-27T14:20:06.929+0700] {processor.py:208} INFO - Processing /opt/airflow/dags/dag_scraping_daily.py took 0.239 seconds
[2026-03-27T14:20:37.114+0700] {processor.py:186} INFO - Started process (PID=1501) to work on /opt/airflow/dags/dag_scraping_daily.py
[2026-03-27T14:20:37.116+0700] {processor.py:914} INFO - Processing file /opt/airflow/dags/dag_scraping_daily.py for tasks to queue
[2026-03-27T14:20:37.122+0700] {logging_mixin.py:190} INFO - [2026-03-27T14:20:37.121+0700] {dagbag.py:587} INFO - Filling up the DagBag from /opt/airflow/dags/dag_scraping_daily.py
[2026-03-27T14:20:37.155+0700] {processor.py:925} INFO - DAG(s) 'dag_scraping_daily' retrieved from /opt/airflow/dags/dag_scraping_daily.py
[2026-03-27T14:20:37.198+0700] {logging_mixin.py:190} INFO - [2026-03-27T14:20:37.198+0700] {dag.py:3211} INFO - Sync 1 DAGs
[2026-03-27T14:20:37.231+0700] {logging_mixin.py:190} INFO - [2026-03-27T14:20:37.231+0700] {dag.py:4138} INFO - Setting next_dagrun for dag_scraping_daily to 2026-03-27 05:00:00+00:00, run_after=2026-03-27 17:00:00+00:00
[2026-03-27T14:20:37.267+0700] {processor.py:208} INFO - Processing /opt/airflow/dags/dag_scraping_daily.py took 0.163 seconds
[2026-03-27T14:21:07.538+0700] {processor.py:186} INFO - Started process (PID=1537) to work on /opt/airflow/dags/dag_scraping_daily.py
[2026-03-27T14:21:07.539+0700] {processor.py:914} INFO - Processing file /opt/airflow/dags/dag_scraping_daily.py for tasks to queue
[2026-03-27T14:21:07.541+0700] {logging_mixin.py:190} INFO - [2026-03-27T14:21:07.541+0700] {dagbag.py:587} INFO - Filling up the DagBag from /opt/airflow/dags/dag_scraping_daily.py
[2026-03-27T14:21:07.565+0700] {processor.py:925} INFO - DAG(s) 'dag_scraping_daily' retrieved from /opt/airflow/dags/dag_scraping_daily.py
[2026-03-27T14:21:07.595+0700] {logging_mixin.py:190} INFO - [2026-03-27T14:21:07.595+0700] {dag.py:3211} INFO - Sync 1 DAGs
[2026-03-27T14:21:07.620+0700] {logging_mixin.py:190} INFO - [2026-03-27T14:21:07.620+0700] {dag.py:4138} INFO - Setting next_dagrun for dag_scraping_daily to 2026-03-27 05:00:00+00:00, run_after=2026-03-27 17:00:00+00:00
[2026-03-27T14:21:07.652+0700] {processor.py:208} INFO - Processing /opt/airflow/dags/dag_scraping_daily.py took 0.120 seconds
[2026-03-27T14:21:37.864+0700] {processor.py:186} INFO - Started process (PID=1565) to work on /opt/airflow/dags/dag_scraping_daily.py
[2026-03-27T14:21:37.865+0700] {processor.py:914} INFO - Processing file /opt/airflow/dags/dag_scraping_daily.py for tasks to queue
[2026-03-27T14:21:37.869+0700] {logging_mixin.py:190} INFO - [2026-03-27T14:21:37.868+0700] {dagbag.py:587} INFO - Filling up the DagBag from /opt/airflow/dags/dag_scraping_daily.py
[2026-03-27T14:21:37.892+0700] {processor.py:925} INFO - DAG(s) 'dag_scraping_daily' retrieved from /opt/airflow/dags/dag_scraping_daily.py
[2026-03-27T14:21:37.922+0700] {logging_mixin.py:190} INFO - [2026-03-27T14:21:37.922+0700] {dag.py:3211} INFO - Sync 1 DAGs
[2026-03-27T14:21:37.955+0700] {logging_mixin.py:190} INFO - [2026-03-27T14:21:37.954+0700] {dag.py:4138} INFO - Setting next_dagrun for dag_scraping_daily to 2026-03-27 05:00:00+00:00, run_after=2026-03-27 17:00:00+00:00
[2026-03-27T14:21:37.979+0700] {processor.py:208} INFO - Processing /opt/airflow/dags/dag_scraping_daily.py took 0.123 seconds
[2026-03-27T14:22:08.187+0700] {processor.py:186} INFO - Started process (PID=1593) to work on /opt/airflow/dags/dag_scraping_daily.py
[2026-03-27T14:22:08.188+0700] {processor.py:914} INFO - Processing file /opt/airflow/dags/dag_scraping_daily.py for tasks to queue
[2026-03-27T14:22:08.191+0700] {logging_mixin.py:190} INFO - [2026-03-27T14:22:08.191+0700] {dagbag.py:587} INFO - Filling up the DagBag from /opt/airflow/dags/dag_scraping_daily.py
[2026-03-27T14:22:08.209+0700] {processor.py:925} INFO - DAG(s) 'dag_scraping_daily' retrieved from /opt/airflow/dags/dag_scraping_daily.py
[2026-03-27T14:22:08.236+0700] {logging_mixin.py:190} INFO - [2026-03-27T14:22:08.236+0700] {dag.py:3211} INFO - Sync 1 DAGs
[2026-03-27T14:22:08.264+0700] {logging_mixin.py:190} INFO - [2026-03-27T14:22:08.264+0700] {dag.py:4138} INFO - Setting next_dagrun for dag_scraping_daily to 2026-03-27 05:00:00+00:00, run_after=2026-03-27 17:00:00+00:00
[2026-03-27T14:22:08.288+0700] {processor.py:208} INFO - Processing /opt/airflow/dags/dag_scraping_daily.py took 0.109 seconds
[2026-03-27T14:22:39.235+0700] {processor.py:186} INFO - Started process (PID=1621) to work on /opt/airflow/dags/dag_scraping_daily.py
[2026-03-27T14:22:39.237+0700] {processor.py:914} INFO - Processing file /opt/airflow/dags/dag_scraping_daily.py for tasks to queue
[2026-03-27T14:22:39.240+0700] {logging_mixin.py:190} INFO - [2026-03-27T14:22:39.240+0700] {dagbag.py:587} INFO - Filling up the DagBag from /opt/airflow/dags/dag_scraping_daily.py
[2026-03-27T14:22:39.259+0700] {processor.py:925} INFO - DAG(s) 'dag_scraping_daily' retrieved from /opt/airflow/dags/dag_scraping_daily.py
[2026-03-27T14:22:39.284+0700] {logging_mixin.py:190} INFO - [2026-03-27T14:22:39.284+0700] {dag.py:3211} INFO - Sync 1 DAGs
[2026-03-27T14:22:39.310+0700] {logging_mixin.py:190} INFO - [2026-03-27T14:22:39.309+0700] {dag.py:4138} INFO - Setting next_dagrun for dag_scraping_daily to 2026-03-27 05:00:00+00:00, run_after=2026-03-27 17:00:00+00:00
[2026-03-27T14:22:39.333+0700] {processor.py:208} INFO - Processing /opt/airflow/dags/dag_scraping_daily.py took 0.105 seconds
[2026-03-27T14:23:09.773+0700] {processor.py:186} INFO - Started process (PID=1649) to work on /opt/airflow/dags/dag_scraping_daily.py
[2026-03-27T14:23:09.775+0700] {processor.py:914} INFO - Processing file /opt/airflow/dags/dag_scraping_daily.py for tasks to queue
[2026-03-27T14:23:09.778+0700] {logging_mixin.py:190} INFO - [2026-03-27T14:23:09.777+0700] {dagbag.py:587} INFO - Filling up the DagBag from /opt/airflow/dags/dag_scraping_daily.py
[2026-03-27T14:23:09.801+0700] {processor.py:925} INFO - DAG(s) 'dag_scraping_daily' retrieved from /opt/airflow/dags/dag_scraping_daily.py
[2026-03-27T14:23:09.836+0700] {logging_mixin.py:190} INFO - [2026-03-27T14:23:09.835+0700] {dag.py:3211} INFO - Sync 1 DAGs
[2026-03-27T14:23:09.875+0700] {logging_mixin.py:190} INFO - [2026-03-27T14:23:09.874+0700] {dag.py:4138} INFO - Setting next_dagrun for dag_scraping_daily to 2026-03-27 05:00:00+00:00, run_after=2026-03-27 17:00:00+00:00
[2026-03-27T14:23:09.900+0700] {processor.py:208} INFO - Processing /opt/airflow/dags/dag_scraping_daily.py took 0.138 seconds
[2026-03-27T14:23:40.312+0700] {processor.py:186} INFO - Started process (PID=1677) to work on /opt/airflow/dags/dag_scraping_daily.py
[2026-03-27T14:23:40.313+0700] {processor.py:914} INFO - Processing file /opt/airflow/dags/dag_scraping_daily.py for tasks to queue
[2026-03-27T14:23:40.318+0700] {logging_mixin.py:190} INFO - [2026-03-27T14:23:40.318+0700] {dagbag.py:587} INFO - Filling up the DagBag from /opt/airflow/dags/dag_scraping_daily.py
[2026-03-27T14:23:40.339+0700] {processor.py:925} INFO - DAG(s) 'dag_scraping_daily' retrieved from /opt/airflow/dags/dag_scraping_daily.py
[2026-03-27T14:23:40.370+0700] {logging_mixin.py:190} INFO - [2026-03-27T14:23:40.370+0700] {dag.py:3211} INFO - Sync 1 DAGs
[2026-03-27T14:23:40.397+0700] {logging_mixin.py:190} INFO - [2026-03-27T14:23:40.397+0700] {dag.py:4138} INFO - Setting next_dagrun for dag_scraping_daily to 2026-03-27 05:00:00+00:00, run_after=2026-03-27 17:00:00+00:00
[2026-03-27T14:23:40.422+0700] {processor.py:208} INFO - Processing /opt/airflow/dags/dag_scraping_daily.py took 0.120 seconds
[2026-03-27T14:24:10.665+0700] {processor.py:186} INFO - Started process (PID=1705) to work on /opt/airflow/dags/dag_scraping_daily.py
[2026-03-27T14:24:10.666+0700] {processor.py:914} INFO - Processing file /opt/airflow/dags/dag_scraping_daily.py for tasks to queue
[2026-03-27T14:24:10.670+0700] {logging_mixin.py:190} INFO - [2026-03-27T14:24:10.669+0700] {dagbag.py:587} INFO - Filling up the DagBag from /opt/airflow/dags/dag_scraping_daily.py
[2026-03-27T14:24:10.688+0700] {processor.py:925} INFO - DAG(s) 'dag_scraping_daily' retrieved from /opt/airflow/dags/dag_scraping_daily.py
[2026-03-27T14:24:10.713+0700] {logging_mixin.py:190} INFO - [2026-03-27T14:24:10.713+0700] {dag.py:3211} INFO - Sync 1 DAGs
[2026-03-27T14:24:10.738+0700] {logging_mixin.py:190} INFO - [2026-03-27T14:24:10.737+0700] {dag.py:4138} INFO - Setting next_dagrun for dag_scraping_daily to 2026-03-27 05:00:00+00:00, run_after=2026-03-27 17:00:00+00:00
[2026-03-27T14:24:10.764+0700] {processor.py:208} INFO - Processing /opt/airflow/dags/dag_scraping_daily.py took 0.108 seconds
[2026-03-27T14:24:41.171+0700] {processor.py:186} INFO - Started process (PID=1733) to work on /opt/airflow/dags/dag_scraping_daily.py
[2026-03-27T14:24:41.172+0700] {processor.py:914} INFO - Processing file /opt/airflow/dags/dag_scraping_daily.py for tasks to queue
[2026-03-27T14:24:41.175+0700] {logging_mixin.py:190} INFO - [2026-03-27T14:24:41.175+0700] {dagbag.py:587} INFO - Filling up the DagBag from /opt/airflow/dags/dag_scraping_daily.py
[2026-03-27T14:24:41.194+0700] {processor.py:925} INFO - DAG(s) 'dag_scraping_daily' retrieved from /opt/airflow/dags/dag_scraping_daily.py
[2026-03-27T14:24:41.220+0700] {logging_mixin.py:190} INFO - [2026-03-27T14:24:41.220+0700] {dag.py:3211} INFO - Sync 1 DAGs
[2026-03-27T14:24:41.248+0700] {logging_mixin.py:190} INFO - [2026-03-27T14:24:41.248+0700] {dag.py:4138} INFO - Setting next_dagrun for dag_scraping_daily to 2026-03-27 05:00:00+00:00, run_after=2026-03-27 17:00:00+00:00
[2026-03-27T14:24:41.275+0700] {processor.py:208} INFO - Processing /opt/airflow/dags/dag_scraping_daily.py took 0.111 seconds
[2026-03-27T14:25:11.458+0700] {processor.py:186} INFO - Started process (PID=1762) to work on /opt/airflow/dags/dag_scraping_daily.py
[2026-03-27T14:25:11.459+0700] {processor.py:914} INFO - Processing file /opt/airflow/dags/dag_scraping_daily.py for tasks to queue
[2026-03-27T14:25:11.463+0700] {logging_mixin.py:190} INFO - [2026-03-27T14:25:11.461+0700] {dagbag.py:587} INFO - Filling up the DagBag from /opt/airflow/dags/dag_scraping_daily.py
[2026-03-27T14:25:11.484+0700] {processor.py:925} INFO - DAG(s) 'dag_scraping_daily' retrieved from /opt/airflow/dags/dag_scraping_daily.py
[2026-03-27T14:25:11.517+0700] {logging_mixin.py:190} INFO - [2026-03-27T14:25:11.516+0700] {dag.py:3211} INFO - Sync 1 DAGs
[2026-03-27T14:25:11.550+0700] {logging_mixin.py:190} INFO - [2026-03-27T14:25:11.550+0700] {dag.py:4138} INFO - Setting next_dagrun for dag_scraping_daily to 2026-03-27 05:00:00+00:00, run_after=2026-03-27 17:00:00+00:00
[2026-03-27T14:25:11.576+0700] {processor.py:208} INFO - Processing /opt/airflow/dags/dag_scraping_daily.py took 0.126 seconds
[2026-03-27T14:25:41.893+0700] {processor.py:186} INFO - Started process (PID=1790) to work on /opt/airflow/dags/dag_scraping_daily.py
[2026-03-27T14:25:41.895+0700] {processor.py:914} INFO - Processing file /opt/airflow/dags/dag_scraping_daily.py for tasks to queue
[2026-03-27T14:25:41.902+0700] {logging_mixin.py:190} INFO - [2026-03-27T14:25:41.900+0700] {dagbag.py:587} INFO - Filling up the DagBag from /opt/airflow/dags/dag_scraping_daily.py
[2026-03-27T14:25:41.871+0700] {processor.py:925} INFO - DAG(s) 'dag_scraping_daily' retrieved from /opt/airflow/dags/dag_scraping_daily.py
[2026-03-27T14:25:41.902+0700] {logging_mixin.py:190} INFO - [2026-03-27T14:25:41.902+0700] {dag.py:3211} INFO - Sync 1 DAGs
[2026-03-27T14:25:41.941+0700] {logging_mixin.py:190} INFO - [2026-03-27T14:25:41.940+0700] {dag.py:4138} INFO - Setting next_dagrun for dag_scraping_daily to 2026-03-27 05:00:00+00:00, run_after=2026-03-27 17:00:00+00:00
[2026-03-27T14:25:41.961+0700] {processor.py:208} INFO - Processing /opt/airflow/dags/dag_scraping_daily.py took 0.137 seconds
[2026-03-27T14:26:12.279+0700] {processor.py:186} INFO - Started process (PID=1818) to work on /opt/airflow/dags/dag_scraping_daily.py
[2026-03-27T14:26:12.280+0700] {processor.py:914} INFO - Processing file /opt/airflow/dags/dag_scraping_daily.py for tasks to queue
[2026-03-27T14:26:12.284+0700] {logging_mixin.py:190} INFO - [2026-03-27T14:26:12.283+0700] {dagbag.py:587} INFO - Filling up the DagBag from /opt/airflow/dags/dag_scraping_daily.py
[2026-03-27T14:26:12.312+0700] {processor.py:925} INFO - DAG(s) 'dag_scraping_daily' retrieved from /opt/airflow/dags/dag_scraping_daily.py
[2026-03-27T14:26:12.347+0700] {logging_mixin.py:190} INFO - [2026-03-27T14:26:12.346+0700] {dag.py:3211} INFO - Sync 1 DAGs
[2026-03-27T14:26:12.378+0700] {logging_mixin.py:190} INFO - [2026-03-27T14:26:12.377+0700] {dag.py:4138} INFO - Setting next_dagrun for dag_scraping_daily to 2026-03-27 05:00:00+00:00, run_after=2026-03-27 17:00:00+00:00
[2026-03-27T14:26:12.404+0700] {processor.py:208} INFO - Processing /opt/airflow/dags/dag_scraping_daily.py took 0.133 seconds
[2026-03-27T14:26:42.690+0700] {processor.py:186} INFO - Started process (PID=1846) to work on /opt/airflow/dags/dag_scraping_daily.py
[2026-03-27T14:26:42.692+0700] {processor.py:914} INFO - Processing file /opt/airflow/dags/dag_scraping_daily.py for tasks to queue
[2026-03-27T14:26:42.698+0700] {logging_mixin.py:190} INFO - [2026-03-27T14:26:42.697+0700] {dagbag.py:587} INFO - Filling up the DagBag from /opt/airflow/dags/dag_scraping_daily.py
[2026-03-27T14:26:42.737+0700] {processor.py:925} INFO - DAG(s) 'dag_scraping_daily' retrieved from /opt/airflow/dags/dag_scraping_daily.py
[2026-03-27T14:26:42.823+0700] {logging_mixin.py:190} INFO - [2026-03-27T14:26:42.821+0700] {dag.py:3211} INFO - Sync 1 DAGs
[2026-03-27T14:26:42.908+0700] {logging_mixin.py:190} INFO - [2026-03-27T14:26:42.907+0700] {dag.py:4138} INFO - Setting next_dagrun for dag_scraping_daily to 2026-03-27 05:00:00+00:00, run_after=2026-03-27 17:00:00+00:00
[2026-03-27T14:26:42.945+0700] {processor.py:208} INFO - Processing /opt/airflow/dags/dag_scraping_daily.py took 0.270 seconds
[2026-03-27T14:27:13.474+0700] {processor.py:186} INFO - Started process (PID=1875) to work on /opt/airflow/dags/dag_scraping_daily.py
[2026-03-27T14:27:13.475+0700] {processor.py:914} INFO - Processing file /opt/airflow/dags/dag_scraping_daily.py for tasks to queue
[2026-03-27T14:27:13.478+0700] {logging_mixin.py:190} INFO - [2026-03-27T14:27:13.478+0700] {dagbag.py:587} INFO - Filling up the DagBag from /opt/airflow/dags/dag_scraping_daily.py
[2026-03-27T14:27:13.508+0700] {processor.py:925} INFO - DAG(s) 'dag_scraping_daily' retrieved from /opt/airflow/dags/dag_scraping_daily.py
[2026-03-27T14:27:13.546+0700] {logging_mixin.py:190} INFO - [2026-03-27T14:27:13.546+0700] {dag.py:3211} INFO - Sync 1 DAGs
[2026-03-27T14:27:13.584+0700] {logging_mixin.py:190} INFO - [2026-03-27T14:27:13.583+0700] {dag.py:4138} INFO - Setting next_dagrun for dag_scraping_daily to 2026-03-27 05:00:00+00:00, run_after=2026-03-27 17:00:00+00:00
[2026-03-27T14:27:13.615+0700] {processor.py:208} INFO - Processing /opt/airflow/dags/dag_scraping_daily.py took 0.149 seconds
[2026-03-27T14:27:44.120+0700] {processor.py:186} INFO - Started process (PID=1903) to work on /opt/airflow/dags/dag_scraping_daily.py
[2026-03-27T14:27:44.122+0700] {processor.py:914} INFO - Processing file /opt/airflow/dags/dag_scraping_daily.py for tasks to queue
[2026-03-27T14:27:44.125+0700] {logging_mixin.py:190} INFO - [2026-03-27T14:27:44.124+0700] {dagbag.py:587} INFO - Filling up the DagBag from /opt/airflow/dags/dag_scraping_daily.py
[2026-03-27T14:27:44.150+0700] {processor.py:925} INFO - DAG(s) 'dag_scraping_daily' retrieved from /opt/airflow/dags/dag_scraping_daily.py
[2026-03-27T14:27:44.193+0700] {logging_mixin.py:190} INFO - [2026-03-27T14:27:44.193+0700] {dag.py:3211} INFO - Sync 1 DAGs
[2026-03-27T14:27:44.234+0700] {logging_mixin.py:190} INFO - [2026-03-27T14:27:44.234+0700] {dag.py:4138} INFO - Setting next_dagrun for dag_scraping_daily to 2026-03-27 05:00:00+00:00, run_after=2026-03-27 17:00:00+00:00
[2026-03-27T14:27:44.264+0700] {processor.py:208} INFO - Processing /opt/airflow/dags/dag_scraping_daily.py took 0.151 seconds
[2026-03-27T14:28:14.658+0700] {processor.py:186} INFO - Started process (PID=1931) to work on /opt/airflow/dags/dag_scraping_daily.py
[2026-03-27T14:28:14.659+0700] {processor.py:914} INFO - Processing file /opt/airflow/dags/dag_scraping_daily.py for tasks to queue
[2026-03-27T14:28:14.662+0700] {logging_mixin.py:190} INFO - [2026-03-27T14:28:14.662+0700] {dagbag.py:587} INFO - Filling up the DagBag from /opt/airflow/dags/dag_scraping_daily.py
[2026-03-27T14:28:14.687+0700] {processor.py:925} INFO - DAG(s) 'dag_scraping_daily' retrieved from /opt/airflow/dags/dag_scraping_daily.py
[2026-03-27T14:28:14.719+0700] {logging_mixin.py:190} INFO - [2026-03-27T14:28:14.719+0700] {dag.py:3211} INFO - Sync 1 DAGs
[2026-03-27T14:28:14.747+0700] {logging_mixin.py:190} INFO - [2026-03-27T14:28:14.747+0700] {dag.py:4138} INFO - Setting next_dagrun for dag_scraping_daily to 2026-03-27 05:00:00+00:00, run_after=2026-03-27 17:00:00+00:00
[2026-03-27T14:28:14.771+0700] {processor.py:208} INFO - Processing /opt/airflow/dags/dag_scraping_daily.py took 0.119 seconds
[2026-03-27T14:28:45.118+0700] {processor.py:186} INFO - Started process (PID=1959) to work on /opt/airflow/dags/dag_scraping_daily.py
[2026-03-27T14:28:45.120+0700] {processor.py:914} INFO - Processing file /opt/airflow/dags/dag_scraping_daily.py for tasks to queue
[2026-03-27T14:28:45.128+0700] {logging_mixin.py:190} INFO - [2026-03-27T14:28:45.127+0700] {dagbag.py:587} INFO - Filling up the DagBag from /opt/airflow/dags/dag_scraping_daily.py
[2026-03-27T14:28:45.173+0700] {processor.py:925} INFO - DAG(s) 'dag_scraping_daily' retrieved from /opt/airflow/dags/dag_scraping_daily.py
[2026-03-27T14:28:45.212+0700] {logging_mixin.py:190} INFO - [2026-03-27T14:28:45.211+0700] {dag.py:3211} INFO - Sync 1 DAGs
[2026-03-27T14:28:45.248+0700] {logging_mixin.py:190} INFO - [2026-03-27T14:28:45.247+0700] {dag.py:4138} INFO - Setting next_dagrun for dag_scraping_daily to 2026-03-27 05:00:00+00:00, run_after=2026-03-27 17:00:00+00:00
[2026-03-27T14:28:45.278+0700] {processor.py:208} INFO - Processing /opt/airflow/dags/dag_scraping_daily.py took 0.171 seconds
[2026-03-27T14:29:15.651+0700] {processor.py:186} INFO - Started process (PID=1987) to work on /opt/airflow/dags/dag_scraping_daily.py
[2026-03-27T14:29:15.652+0700] {processor.py:914} INFO - Processing file /opt/airflow/dags/dag_scraping_daily.py for tasks to queue
[2026-03-27T14:29:15.656+0700] {logging_mixin.py:190} INFO - [2026-03-27T14:29:15.655+0700] {dagbag.py:587} INFO - Filling up the DagBag from /opt/airflow/dags/dag_scraping_daily.py
[2026-03-27T14:29:15.680+0700] {processor.py:925} INFO - DAG(s) 'dag_scraping_daily' retrieved from /opt/airflow/dags/dag_scraping_daily.py
[2026-03-27T14:29:15.717+0700] {logging_mixin.py:190} INFO - [2026-03-27T14:29:15.717+0700] {dag.py:3211} INFO - Sync 1 DAGs
[2026-03-27T14:29:15.749+0700] {logging_mixin.py:190} INFO - [2026-03-27T14:29:15.749+0700] {dag.py:4138} INFO - Setting next_dagrun for dag_scraping_daily to 2026-03-27 05:00:00+00:00, run_after=2026-03-27 17:00:00+00:00
[2026-03-27T14:29:15.775+0700] {processor.py:208} INFO - Processing /opt/airflow/dags/dag_scraping_daily.py took 0.131 seconds
[2026-03-27T14:29:45.938+0700] {processor.py:186} INFO - Started process (PID=2015) to work on /opt/airflow/dags/dag_scraping_daily.py
[2026-03-27T14:29:45.940+0700] {processor.py:914} INFO - Processing file /opt/airflow/dags/dag_scraping_daily.py for tasks to queue
[2026-03-27T14:29:45.944+0700] {logging_mixin.py:190} INFO - [2026-03-27T14:29:45.943+0700] {dagbag.py:587} INFO - Filling up the DagBag from /opt/airflow/dags/dag_scraping_daily.py
[2026-03-27T14:29:45.968+0700] {processor.py:925} INFO - DAG(s) 'dag_scraping_daily' retrieved from /opt/airflow/dags/dag_scraping_daily.py
[2026-03-27T14:29:45.998+0700] {logging_mixin.py:190} INFO - [2026-03-27T14:29:45.997+0700] {dag.py:3211} INFO - Sync 1 DAGs
[2026-03-27T14:29:46.025+0700] {logging_mixin.py:190} INFO - [2026-03-27T14:29:46.024+0700] {dag.py:4138} INFO - Setting next_dagrun for dag_scraping_daily to 2026-03-27 05:00:00+00:00, run_after=2026-03-27 17:00:00+00:00
[2026-03-27T14:29:46.050+0700] {processor.py:208} INFO - Processing /opt/airflow/dags/dag_scraping_daily.py took 0.118 seconds
[2026-03-27T14:30:16.201+0700] {processor.py:186} INFO - Started process (PID=2043) to work on /opt/airflow/dags/dag_scraping_daily.py
[2026-03-27T14:30:16.204+0700] {processor.py:914} INFO - Processing file /opt/airflow/dags/dag_scraping_daily.py for tasks to queue
[2026-03-27T14:30:16.208+0700] {logging_mixin.py:190} INFO - [2026-03-27T14:30:16.207+0700] {dagbag.py:587} INFO - Filling up the DagBag from /opt/airflow/dags/dag_scraping_daily.py
[2026-03-27T14:30:16.237+0700] {processor.py:925} INFO - DAG(s) 'dag_scraping_daily' retrieved from /opt/airflow/dags/dag_scraping_daily.py
[2026-03-27T14:30:16.268+0700] {logging_mixin.py:190} INFO - [2026-03-27T14:30:16.268+0700] {dag.py:3211} INFO - Sync 1 DAGs
[2026-03-27T14:30:16.298+0700] {logging_mixin.py:190} INFO - [2026-03-27T14:30:16.298+0700] {dag.py:4138} INFO - Setting next_dagrun for dag_scraping_daily to 2026-03-27 05:00:00+00:00, run_after=2026-03-27 17:00:00+00:00
[2026-03-27T14:30:16.321+0700] {processor.py:208} INFO - Processing /opt/airflow/dags/dag_scraping_daily.py took 0.133 seconds
[2026-03-27T14:30:46.654+0700] {processor.py:186} INFO - Started process (PID=2071) to work on /opt/airflow/dags/dag_scraping_daily.py
[2026-03-27T14:30:46.655+0700] {processor.py:914} INFO - Processing file /opt/airflow/dags/dag_scraping_daily.py for tasks to queue
[2026-03-27T14:30:46.658+0700] {logging_mixin.py:190} INFO - [2026-03-27T14:30:46.657+0700] {dagbag.py:587} INFO - Filling up the DagBag from /opt/airflow/dags/dag_scraping_daily.py
[2026-03-27T14:30:46.683+0700] {processor.py:925} INFO - DAG(s) 'dag_scraping_daily' retrieved from /opt/airflow/dags/dag_scraping_daily.py
[2026-03-27T14:30:46.715+0700] {logging_mixin.py:190} INFO - [2026-03-27T14:30:46.715+0700] {dag.py:3211} INFO - Sync 1 DAGs
[2026-03-27T14:30:46.743+0700] {logging_mixin.py:190} INFO - [2026-03-27T14:30:46.743+0700] {dag.py:4138} INFO - Setting next_dagrun for dag_scraping_daily to 2026-03-27 05:00:00+00:00, run_after=2026-03-27 17:00:00+00:00
[2026-03-27T14:30:46.767+0700] {processor.py:208} INFO - Processing /opt/airflow/dags/dag_scraping_daily.py took 0.123 seconds
[2026-03-27T14:31:16.911+0700] {processor.py:186} INFO - Started process (PID=2099) to work on /opt/airflow/dags/dag_scraping_daily.py
[2026-03-27T14:31:16.912+0700] {processor.py:914} INFO - Processing file /opt/airflow/dags/dag_scraping_daily.py for tasks to queue
[2026-03-27T14:31:16.915+0700] {logging_mixin.py:190} INFO - [2026-03-27T14:31:16.915+0700] {dagbag.py:587} INFO - Filling up the DagBag from /opt/airflow/dags/dag_scraping_daily.py
[2026-03-27T14:31:16.937+0700] {processor.py:925} INFO - DAG(s) 'dag_scraping_daily' retrieved from /opt/airflow/dags/dag_scraping_daily.py
[2026-03-27T14:31:16.969+0700] {logging_mixin.py:190} INFO - [2026-03-27T14:31:16.968+0700] {dag.py:3211} INFO - Sync 1 DAGs
[2026-03-27T14:31:16.998+0700] {logging_mixin.py:190} INFO - [2026-03-27T14:31:16.998+0700] {dag.py:4138} INFO - Setting next_dagrun for dag_scraping_daily to 2026-03-27 05:00:00+00:00, run_after=2026-03-27 17:00:00+00:00
[2026-03-27T14:31:17.025+0700] {processor.py:208} INFO - Processing /opt/airflow/dags/dag_scraping_daily.py took 0.120 seconds
[2026-03-27T14:31:47.466+0700] {processor.py:186} INFO - Started process (PID=2129) to work on /opt/airflow/dags/dag_scraping_daily.py
[2026-03-27T14:31:47.468+0700] {processor.py:914} INFO - Processing file /opt/airflow/dags/dag_scraping_daily.py for tasks to queue
[2026-03-27T14:31:47.471+0700] {logging_mixin.py:190} INFO - [2026-03-27T14:31:47.470+0700] {dagbag.py:587} INFO - Filling up the DagBag from /opt/airflow/dags/dag_scraping_daily.py
[2026-03-27T14:31:47.494+0700] {processor.py:925} INFO - DAG(s) 'dag_scraping_daily' retrieved from /opt/airflow/dags/dag_scraping_daily.py
[2026-03-27T14:31:47.525+0700] {logging_mixin.py:190} INFO - [2026-03-27T14:31:47.525+0700] {dag.py:3211} INFO - Sync 1 DAGs
[2026-03-27T14:31:47.551+0700] {logging_mixin.py:190} INFO - [2026-03-27T14:31:47.551+0700] {dag.py:4138} INFO - Setting next_dagrun for dag_scraping_daily to 2026-03-27 05:00:00+00:00, run_after=2026-03-27 17:00:00+00:00
[2026-03-27T14:31:47.576+0700] {processor.py:208} INFO - Processing /opt/airflow/dags/dag_scraping_daily.py took 0.119 seconds
[2026-03-27T14:32:18.215+0700] {processor.py:186} INFO - Started process (PID=2158) to work on /opt/airflow/dags/dag_scraping_daily.py
[2026-03-27T14:32:18.216+0700] {processor.py:914} INFO - Processing file /opt/airflow/dags/dag_scraping_daily.py for tasks to queue
[2026-03-27T14:32:18.220+0700] {logging_mixin.py:190} INFO - [2026-03-27T14:32:18.219+0700] {dagbag.py:587} INFO - Filling up the DagBag from /opt/airflow/dags/dag_scraping_daily.py
[2026-03-27T14:32:18.247+0700] {processor.py:925} INFO - DAG(s) 'dag_scraping_daily' retrieved from /opt/airflow/dags/dag_scraping_daily.py
[2026-03-27T14:32:18.278+0700] {logging_mixin.py:190} INFO - [2026-03-27T14:32:18.278+0700] {dag.py:3211} INFO - Sync 1 DAGs
[2026-03-27T14:32:18.306+0700] {logging_mixin.py:190} INFO - [2026-03-27T14:32:18.306+0700] {dag.py:4138} INFO - Setting next_dagrun for dag_scraping_daily to 2026-03-27 05:00:00+00:00, run_after=2026-03-27 17:00:00+00:00
[2026-03-27T14:32:18.329+0700] {processor.py:208} INFO - Processing /opt/airflow/dags/dag_scraping_daily.py took 0.120 seconds
[2026-03-27T14:32:48.619+0700] {processor.py:186} INFO - Started process (PID=2186) to work on /opt/airflow/dags/dag_scraping_daily.py
[2026-03-27T14:32:48.620+0700] {processor.py:914} INFO - Processing file /opt/airflow/dags/dag_scraping_daily.py for tasks to queue
[2026-03-27T14:32:48.625+0700] {logging_mixin.py:190} INFO - [2026-03-27T14:32:48.624+0700] {dagbag.py:587} INFO - Filling up the DagBag from /opt/airflow/dags/dag_scraping_daily.py
[2026-03-27T14:32:48.650+0700] {processor.py:925} INFO - DAG(s) 'dag_scraping_daily' retrieved from /opt/airflow/dags/dag_scraping_daily.py
[2026-03-27T14:32:48.683+0700] {logging_mixin.py:190} INFO - [2026-03-27T14:32:48.682+0700] {dag.py:3211} INFO - Sync 1 DAGs
[2026-03-27T14:32:48.710+0700] {logging_mixin.py:190} INFO - [2026-03-27T14:32:48.710+0700] {dag.py:4138} INFO - Setting next_dagrun for dag_scraping_daily to 2026-03-27 05:00:00+00:00, run_after=2026-03-27 17:00:00+00:00
[2026-03-27T14:32:48.735+0700] {processor.py:208} INFO - Processing /opt/airflow/dags/dag_scraping_daily.py took 0.123 seconds
[2026-03-27T14:33:19.171+0700] {processor.py:186} INFO - Started process (PID=2220) to work on /opt/airflow/dags/dag_scraping_daily.py
[2026-03-27T14:33:19.172+0700] {processor.py:914} INFO - Processing file /opt/airflow/dags/dag_scraping_daily.py for tasks to queue
[2026-03-27T14:33:19.176+0700] {logging_mixin.py:190} INFO - [2026-03-27T14:33:19.175+0700] {dagbag.py:587} INFO - Filling up the DagBag from /opt/airflow/dags/dag_scraping_daily.py
[2026-03-27T14:33:19.204+0700] {processor.py:925} INFO - DAG(s) 'dag_scraping_daily' retrieved from /opt/airflow/dags/dag_scraping_daily.py
[2026-03-27T14:33:19.236+0700] {logging_mixin.py:190} INFO - [2026-03-27T14:33:19.235+0700] {dag.py:3211} INFO - Sync 1 DAGs
[2026-03-27T14:33:19.262+0700] {logging_mixin.py:190} INFO - [2026-03-27T14:33:19.262+0700] {dag.py:4138} INFO - Setting next_dagrun for dag_scraping_daily to 2026-03-27 05:00:00+00:00, run_after=2026-03-27 17:00:00+00:00
[2026-03-27T14:33:19.285+0700] {processor.py:208} INFO - Processing /opt/airflow/dags/dag_scraping_daily.py took 0.122 seconds
[2026-03-27T14:33:49.439+0700] {processor.py:186} INFO - Started process (PID=2248) to work on /opt/airflow/dags/dag_scraping_daily.py
[2026-03-27T14:33:49.440+0700] {processor.py:914} INFO - Processing file /opt/airflow/dags/dag_scraping_daily.py for tasks to queue
[2026-03-27T14:33:49.442+0700] {logging_mixin.py:190} INFO - [2026-03-27T14:33:49.442+0700] {dagbag.py:587} INFO - Filling up the DagBag from /opt/airflow/dags/dag_scraping_daily.py
[2026-03-27T14:33:49.466+0700] {processor.py:925} INFO - DAG(s) 'dag_scraping_daily' retrieved from /opt/airflow/dags/dag_scraping_daily.py
[2026-03-27T14:33:49.498+0700] {logging_mixin.py:190} INFO - [2026-03-27T14:33:49.498+0700] {dag.py:3211} INFO - Sync 1 DAGs
[2026-03-27T14:33:49.526+0700] {logging_mixin.py:190} INFO - [2026-03-27T14:33:49.526+0700] {dag.py:4138} INFO - Setting next_dagrun for dag_scraping_daily to 2026-03-27 05:00:00+00:00, run_after=2026-03-27 17:00:00+00:00
[2026-03-27T14:33:49.552+0700] {processor.py:208} INFO - Processing /opt/airflow/dags/dag_scraping_daily.py took 0.121 seconds
[2026-03-27T14:34:19.880+0700] {processor.py:186} INFO - Started process (PID=2277) to work on /opt/airflow/dags/dag_scraping_daily.py
[2026-03-27T14:34:19.881+0700] {processor.py:914} INFO - Processing file /opt/airflow/dags/dag_scraping_daily.py for tasks to queue
[2026-03-27T14:34:19.885+0700] {logging_mixin.py:190} INFO - [2026-03-27T14:34:19.884+0700] {dagbag.py:587} INFO - Filling up the DagBag from /opt/airflow/dags/dag_scraping_daily.py
[2026-03-27T14:34:19.906+0700] {processor.py:925} INFO - DAG(s) 'dag_scraping_daily' retrieved from /opt/airflow/dags/dag_scraping_daily.py
[2026-03-27T14:34:19.934+0700] {logging_mixin.py:190} INFO - [2026-03-27T14:34:19.933+0700] {dag.py:3211} INFO - Sync 1 DAGs
[2026-03-27T14:34:19.964+0700] {logging_mixin.py:190} INFO - [2026-03-27T14:34:19.964+0700] {dag.py:4138} INFO - Setting next_dagrun for dag_scraping_daily to 2026-03-27 05:00:00+00:00, run_after=2026-03-27 17:00:00+00:00
[2026-03-27T14:34:19.985+0700] {processor.py:208} INFO - Processing /opt/airflow/dags/dag_scraping_daily.py took 0.114 seconds
[2026-03-27T14:34:50.159+0700] {processor.py:186} INFO - Started process (PID=2305) to work on /opt/airflow/dags/dag_scraping_daily.py
[2026-03-27T14:34:50.160+0700] {processor.py:914} INFO - Processing file /opt/airflow/dags/dag_scraping_daily.py for tasks to queue
[2026-03-27T14:34:50.164+0700] {logging_mixin.py:190} INFO - [2026-03-27T14:34:50.164+0700] {dagbag.py:587} INFO - Filling up the DagBag from /opt/airflow/dags/dag_scraping_daily.py
[2026-03-27T14:34:50.197+0700] {processor.py:925} INFO - DAG(s) 'dag_scraping_daily' retrieved from /opt/airflow/dags/dag_scraping_daily.py
[2026-03-27T14:34:50.247+0700] {logging_mixin.py:190} INFO - [2026-03-27T14:34:50.247+0700] {dag.py:3211} INFO - Sync 1 DAGs
[2026-03-27T14:34:50.293+0700] {logging_mixin.py:190} INFO - [2026-03-27T14:34:50.292+0700] {dag.py:4138} INFO - Setting next_dagrun for dag_scraping_daily to 2026-03-27 05:00:00+00:00, run_after=2026-03-27 17:00:00+00:00
[2026-03-27T14:34:50.321+0700] {processor.py:208} INFO - Processing /opt/airflow/dags/dag_scraping_daily.py took 0.171 seconds
[2026-03-27T14:35:20.553+0700] {processor.py:186} INFO - Started process (PID=2334) to work on /opt/airflow/dags/dag_scraping_daily.py
[2026-03-27T14:35:20.554+0700] {processor.py:914} INFO - Processing file /opt/airflow/dags/dag_scraping_daily.py for tasks to queue
[2026-03-27T14:35:20.558+0700] {logging_mixin.py:190} INFO - [2026-03-27T14:35:20.557+0700] {dagbag.py:587} INFO - Filling up the DagBag from /opt/airflow/dags/dag_scraping_daily.py
[2026-03-27T14:35:20.585+0700] {processor.py:925} INFO - DAG(s) 'dag_scraping_daily' retrieved from /opt/airflow/dags/dag_scraping_daily.py
[2026-03-27T14:35:20.616+0700] {logging_mixin.py:190} INFO - [2026-03-27T14:35:20.616+0700] {dag.py:3211} INFO - Sync 1 DAGs
[2026-03-27T14:35:20.645+0700] {logging_mixin.py:190} INFO - [2026-03-27T14:35:20.645+0700] {dag.py:4138} INFO - Setting next_dagrun for dag_scraping_daily to 2026-03-27 05:00:00+00:00, run_after=2026-03-27 17:00:00+00:00
[2026-03-27T14:35:20.676+0700] {processor.py:208} INFO - Processing /opt/airflow/dags/dag_scraping_daily.py took 0.130 seconds
[2026-03-27T14:35:50.943+0700] {processor.py:186} INFO - Started process (PID=2363) to work on /opt/airflow/dags/dag_scraping_daily.py
[2026-03-27T14:35:50.945+0700] {processor.py:914} INFO - Processing file /opt/airflow/dags/dag_scraping_daily.py for tasks to queue
[2026-03-27T14:35:50.948+0700] {logging_mixin.py:190} INFO - [2026-03-27T14:35:50.947+0700] {dagbag.py:587} INFO - Filling up the DagBag from /opt/airflow/dags/dag_scraping_daily.py
[2026-03-27T14:35:50.973+0700] {processor.py:925} INFO - DAG(s) 'dag_scraping_daily' retrieved from /opt/airflow/dags/dag_scraping_daily.py
[2026-03-27T14:35:51.013+0700] {logging_mixin.py:190} INFO - [2026-03-27T14:35:51.013+0700] {dag.py:3211} INFO - Sync 1 DAGs
[2026-03-27T14:35:51.043+0700] {logging_mixin.py:190} INFO - [2026-03-27T14:35:51.043+0700] {dag.py:4138} INFO - Setting next_dagrun for dag_scraping_daily to 2026-03-27 05:00:00+00:00, run_after=2026-03-27 17:00:00+00:00
[2026-03-27T14:35:51.068+0700] {processor.py:208} INFO - Processing /opt/airflow/dags/dag_scraping_daily.py took 0.133 seconds
[2026-03-27T14:36:21.265+0700] {processor.py:186} INFO - Started process (PID=2391) to work on /opt/airflow/dags/dag_scraping_daily.py
[2026-03-27T14:36:21.267+0700] {processor.py:914} INFO - Processing file /opt/airflow/dags/dag_scraping_daily.py for tasks to queue
[2026-03-27T14:36:21.270+0700] {logging_mixin.py:190} INFO - [2026-03-27T14:36:21.270+0700] {dagbag.py:587} INFO - Filling up the DagBag from /opt/airflow/dags/dag_scraping_daily.py
[2026-03-27T14:36:21.298+0700] {processor.py:925} INFO - DAG(s) 'dag_scraping_daily' retrieved from /opt/airflow/dags/dag_scraping_daily.py
[2026-03-27T14:36:21.329+0700] {logging_mixin.py:190} INFO - [2026-03-27T14:36:21.328+0700] {dag.py:3211} INFO - Sync 1 DAGs
[2026-03-27T14:36:21.362+0700] {logging_mixin.py:190} INFO - [2026-03-27T14:36:21.361+0700] {dag.py:4138} INFO - Setting next_dagrun for dag_scraping_daily to 2026-03-27 05:00:00+00:00, run_after=2026-03-27 17:00:00+00:00
[2026-03-27T14:36:21.392+0700] {processor.py:208} INFO - Processing /opt/airflow/dags/dag_scraping_daily.py took 0.134 seconds
[2026-03-27T14:36:51.804+0700] {processor.py:186} INFO - Started process (PID=2418) to work on /opt/airflow/dags/dag_scraping_daily.py
[2026-03-27T14:36:51.805+0700] {processor.py:914} INFO - Processing file /opt/airflow/dags/dag_scraping_daily.py for tasks to queue
[2026-03-27T14:36:51.809+0700] {logging_mixin.py:190} INFO - [2026-03-27T14:36:51.809+0700] {dagbag.py:587} INFO - Filling up the DagBag from /opt/airflow/dags/dag_scraping_daily.py
[2026-03-27T14:36:51.835+0700] {processor.py:925} INFO - DAG(s) 'dag_scraping_daily' retrieved from /opt/airflow/dags/dag_scraping_daily.py
[2026-03-27T14:36:51.867+0700] {logging_mixin.py:190} INFO - [2026-03-27T14:36:51.866+0700] {dag.py:3211} INFO - Sync 1 DAGs
[2026-03-27T14:36:51.895+0700] {logging_mixin.py:190} INFO - [2026-03-27T14:36:51.894+0700] {dag.py:4138} INFO - Setting next_dagrun for dag_scraping_daily to 2026-03-27 05:00:00+00:00, run_after=2026-03-27 17:00:00+00:00
[2026-03-27T14:36:51.918+0700] {processor.py:208} INFO - Processing /opt/airflow/dags/dag_scraping_daily.py took 0.122 seconds
[2026-03-27T14:37:22.105+0700] {processor.py:186} INFO - Started process (PID=2446) to work on /opt/airflow/dags/dag_scraping_daily.py
[2026-03-27T14:37:22.106+0700] {processor.py:914} INFO - Processing file /opt/airflow/dags/dag_scraping_daily.py for tasks to queue
[2026-03-27T14:37:22.111+0700] {logging_mixin.py:190} INFO - [2026-03-27T14:37:22.110+0700] {dagbag.py:587} INFO - Filling up the DagBag from /opt/airflow/dags/dag_scraping_daily.py
[2026-03-27T14:37:22.137+0700] {processor.py:925} INFO - DAG(s) 'dag_scraping_daily' retrieved from /opt/airflow/dags/dag_scraping_daily.py
[2026-03-27T14:37:22.173+0700] {logging_mixin.py:190} INFO - [2026-03-27T14:37:22.172+0700] {dag.py:3211} INFO - Sync 1 DAGs
[2026-03-27T14:37:22.206+0700] {logging_mixin.py:190} INFO - [2026-03-27T14:37:22.206+0700] {dag.py:4138} INFO - Setting next_dagrun for dag_scraping_daily to 2026-03-27 05:00:00+00:00, run_after=2026-03-27 17:00:00+00:00
[2026-03-27T14:37:22.233+0700] {processor.py:208} INFO - Processing /opt/airflow/dags/dag_scraping_daily.py took 0.136 seconds
[2026-03-27T14:37:52.818+0700] {processor.py:186} INFO - Started process (PID=2474) to work on /opt/airflow/dags/dag_scraping_daily.py
[2026-03-27T14:37:52.819+0700] {processor.py:914} INFO - Processing file /opt/airflow/dags/dag_scraping_daily.py for tasks to queue
[2026-03-27T14:37:52.822+0700] {logging_mixin.py:190} INFO - [2026-03-27T14:37:52.822+0700] {dagbag.py:587} INFO - Filling up the DagBag from /opt/airflow/dags/dag_scraping_daily.py
[2026-03-27T14:37:52.845+0700] {processor.py:925} INFO - DAG(s) 'dag_scraping_daily' retrieved from /opt/airflow/dags/dag_scraping_daily.py
[2026-03-27T14:37:52.876+0700] {logging_mixin.py:190} INFO - [2026-03-27T14:37:52.876+0700] {dag.py:3211} INFO - Sync 1 DAGs
[2026-03-27T14:37:52.901+0700] {logging_mixin.py:190} INFO - [2026-03-27T14:37:52.901+0700] {dag.py:4138} INFO - Setting next_dagrun for dag_scraping_daily to 2026-03-27 05:00:00+00:00, run_after=2026-03-27 17:00:00+00:00
[2026-03-27T14:37:52.929+0700] {processor.py:208} INFO - Processing /opt/airflow/dags/dag_scraping_daily.py took 0.119 seconds
[2026-03-27T14:38:23.307+0700] {processor.py:186} INFO - Started process (PID=2502) to work on /opt/airflow/dags/dag_scraping_daily.py
[2026-03-27T14:38:23.308+0700] {processor.py:914} INFO - Processing file /opt/airflow/dags/dag_scraping_daily.py for tasks to queue
[2026-03-27T14:38:23.311+0700] {logging_mixin.py:190} INFO - [2026-03-27T14:38:23.311+0700] {dagbag.py:587} INFO - Filling up the DagBag from /opt/airflow/dags/dag_scraping_daily.py
[2026-03-27T14:38:23.338+0700] {processor.py:925} INFO - DAG(s) 'dag_scraping_daily' retrieved from /opt/airflow/dags/dag_scraping_daily.py
[2026-03-27T14:38:23.374+0700] {logging_mixin.py:190} INFO - [2026-03-27T14:38:23.373+0700] {dag.py:3211} INFO - Sync 1 DAGs
[2026-03-27T14:38:23.412+0700] {logging_mixin.py:190} INFO - [2026-03-27T14:38:23.412+0700] {dag.py:4138} INFO - Setting next_dagrun for dag_scraping_daily to 2026-03-27 05:00:00+00:00, run_after=2026-03-27 17:00:00+00:00
[2026-03-27T14:38:23.441+0700] {processor.py:208} INFO - Processing /opt/airflow/dags/dag_scraping_daily.py took 0.142 seconds
[2026-03-27T14:38:53.770+0700] {processor.py:186} INFO - Started process (PID=2530) to work on /opt/airflow/dags/dag_scraping_daily.py
[2026-03-27T14:38:53.772+0700] {processor.py:914} INFO - Processing file /opt/airflow/dags/dag_scraping_daily.py for tasks to queue
[2026-03-27T14:38:53.777+0700] {logging_mixin.py:190} INFO - [2026-03-27T14:38:53.777+0700] {dagbag.py:587} INFO - Filling up the DagBag from /opt/airflow/dags/dag_scraping_daily.py
[2026-03-27T14:38:53.812+0700] {processor.py:925} INFO - DAG(s) 'dag_scraping_daily' retrieved from /opt/airflow/dags/dag_scraping_daily.py
[2026-03-27T14:38:53.856+0700] {logging_mixin.py:190} INFO - [2026-03-27T14:38:53.856+0700] {dag.py:3211} INFO - Sync 1 DAGs
[2026-03-27T14:38:53.889+0700] {logging_mixin.py:190} INFO - [2026-03-27T14:38:53.889+0700] {dag.py:4138} INFO - Setting next_dagrun for dag_scraping_daily to 2026-03-27 05:00:00+00:00, run_after=2026-03-27 17:00:00+00:00
[2026-03-27T14:38:53.914+0700] {processor.py:208} INFO - Processing /opt/airflow/dags/dag_scraping_daily.py took 0.150 seconds
[2026-03-27T14:39:24.225+0700] {processor.py:186} INFO - Started process (PID=2558) to work on /opt/airflow/dags/dag_scraping_daily.py
[2026-03-27T14:39:24.226+0700] {processor.py:914} INFO - Processing file /opt/airflow/dags/dag_scraping_daily.py for tasks to queue
[2026-03-27T14:39:24.230+0700] {logging_mixin.py:190} INFO - [2026-03-27T14:39:24.229+0700] {dagbag.py:587} INFO - Filling up the DagBag from /opt/airflow/dags/dag_scraping_daily.py
[2026-03-27T14:39:24.261+0700] {processor.py:925} INFO - DAG(s) 'dag_scraping_daily' retrieved from /opt/airflow/dags/dag_scraping_daily.py
[2026-03-27T14:39:24.296+0700] {logging_mixin.py:190} INFO - [2026-03-27T14:39:24.295+0700] {dag.py:3211} INFO - Sync 1 DAGs
[2026-03-27T14:39:24.327+0700] {logging_mixin.py:190} INFO - [2026-03-27T14:39:24.327+0700] {dag.py:4138} INFO - Setting next_dagrun for dag_scraping_daily to 2026-03-27 05:00:00+00:00, run_after=2026-03-27 17:00:00+00:00
[2026-03-27T14:39:24.352+0700] {processor.py:208} INFO - Processing /opt/airflow/dags/dag_scraping_daily.py took 0.135 seconds
[2026-03-27T14:39:54.924+0700] {processor.py:186} INFO - Started process (PID=2586) to work on /opt/airflow/dags/dag_scraping_daily.py
[2026-03-27T14:39:54.926+0700] {processor.py:914} INFO - Processing file /opt/airflow/dags/dag_scraping_daily.py for tasks to queue
[2026-03-27T14:39:54.933+0700] {logging_mixin.py:190} INFO - [2026-03-27T14:39:54.932+0700] {dagbag.py:587} INFO - Filling up the DagBag from /opt/airflow/dags/dag_scraping_daily.py
[2026-03-27T14:39:54.966+0700] {processor.py:925} INFO - DAG(s) 'dag_scraping_daily' retrieved from /opt/airflow/dags/dag_scraping_daily.py
[2026-03-27T14:39:55.014+0700] {logging_mixin.py:190} INFO - [2026-03-27T14:39:55.014+0700] {dag.py:3211} INFO - Sync 1 DAGs
[2026-03-27T14:39:55.065+0700] {logging_mixin.py:190} INFO - [2026-03-27T14:39:55.065+0700] {dag.py:4138} INFO - Setting next_dagrun for dag_scraping_daily to 2026-03-27 05:00:00+00:00, run_after=2026-03-27 17:00:00+00:00
[2026-03-27T14:39:55.085+0700] {processor.py:208} INFO - Processing /opt/airflow/dags/dag_scraping_daily.py took 0.171 seconds
[2026-03-27T14:40:25.179+0700] {processor.py:186} INFO - Started process (PID=2614) to work on /opt/airflow/dags/dag_scraping_daily.py
[2026-03-27T14:40:25.180+0700] {processor.py:914} INFO - Processing file /opt/airflow/dags/dag_scraping_daily.py for tasks to queue
[2026-03-27T14:40:25.185+0700] {logging_mixin.py:190} INFO - [2026-03-27T14:40:25.184+0700] {dagbag.py:587} INFO - Filling up the DagBag from /opt/airflow/dags/dag_scraping_daily.py
[2026-03-27T14:40:25.216+0700] {processor.py:925} INFO - DAG(s) 'dag_scraping_daily' retrieved from /opt/airflow/dags/dag_scraping_daily.py
[2026-03-27T14:40:25.250+0700] {logging_mixin.py:190} INFO - [2026-03-27T14:40:25.250+0700] {dag.py:3211} INFO - Sync 1 DAGs
[2026-03-27T14:40:25.278+0700] {logging_mixin.py:190} INFO - [2026-03-27T14:40:25.278+0700] {dag.py:4138} INFO - Setting next_dagrun for dag_scraping_daily to 2026-03-27 05:00:00+00:00, run_after=2026-03-27 17:00:00+00:00
[2026-03-27T14:40:25.302+0700] {processor.py:208} INFO - Processing /opt/airflow/dags/dag_scraping_daily.py took 0.132 seconds
[2026-03-27T14:40:55.614+0700] {processor.py:186} INFO - Started process (PID=2642) to work on /opt/airflow/dags/dag_scraping_daily.py
[2026-03-27T14:40:55.615+0700] {processor.py:914} INFO - Processing file /opt/airflow/dags/dag_scraping_daily.py for tasks to queue
[2026-03-27T14:40:55.619+0700] {logging_mixin.py:190} INFO - [2026-03-27T14:40:55.619+0700] {dagbag.py:587} INFO - Filling up the DagBag from /opt/airflow/dags/dag_scraping_daily.py
[2026-03-27T14:40:55.641+0700] {processor.py:925} INFO - DAG(s) 'dag_scraping_daily' retrieved from /opt/airflow/dags/dag_scraping_daily.py
[2026-03-27T14:40:55.672+0700] {logging_mixin.py:190} INFO - [2026-03-27T14:40:55.672+0700] {dag.py:3211} INFO - Sync 1 DAGs
[2026-03-27T14:40:55.701+0700] {logging_mixin.py:190} INFO - [2026-03-27T14:40:55.700+0700] {dag.py:4138} INFO - Setting next_dagrun for dag_scraping_daily to 2026-03-27 05:00:00+00:00, run_after=2026-03-27 17:00:00+00:00
[2026-03-27T14:40:55.724+0700] {processor.py:208} INFO - Processing /opt/airflow/dags/dag_scraping_daily.py took 0.118 seconds
[2026-03-27T14:41:25.932+0700] {processor.py:186} INFO - Started process (PID=2670) to work on /opt/airflow/dags/dag_scraping_daily.py
[2026-03-27T14:41:25.935+0700] {processor.py:914} INFO - Processing file /opt/airflow/dags/dag_scraping_daily.py for tasks to queue
[2026-03-27T14:41:25.938+0700] {logging_mixin.py:190} INFO - [2026-03-27T14:41:25.937+0700] {dagbag.py:587} INFO - Filling up the DagBag from /opt/airflow/dags/dag_scraping_daily.py
[2026-03-27T14:41:25.958+0700] {processor.py:925} INFO - DAG(s) 'dag_scraping_daily' retrieved from /opt/airflow/dags/dag_scraping_daily.py
[2026-03-27T14:41:25.989+0700] {logging_mixin.py:190} INFO - [2026-03-27T14:41:25.989+0700] {dag.py:3211} INFO - Sync 1 DAGs
[2026-03-27T14:41:26.018+0700] {logging_mixin.py:190} INFO - [2026-03-27T14:41:26.017+0700] {dag.py:4138} INFO - Setting next_dagrun for dag_scraping_daily to 2026-03-27 05:00:00+00:00, run_after=2026-03-27 17:00:00+00:00
[2026-03-27T14:41:26.041+0700] {processor.py:208} INFO - Processing /opt/airflow/dags/dag_scraping_daily.py took 0.117 seconds
[2026-03-27T14:41:56.225+0700] {processor.py:186} INFO - Started process (PID=2698) to work on /opt/airflow/dags/dag_scraping_daily.py
[2026-03-27T14:41:56.226+0700] {processor.py:914} INFO - Processing file /opt/airflow/dags/dag_scraping_daily.py for tasks to queue
[2026-03-27T14:41:56.229+0700] {logging_mixin.py:190} INFO - [2026-03-27T14:41:56.229+0700] {dagbag.py:587} INFO - Filling up the DagBag from /opt/airflow/dags/dag_scraping_daily.py
[2026-03-27T14:41:56.256+0700] {processor.py:925} INFO - DAG(s) 'dag_scraping_daily' retrieved from /opt/airflow/dags/dag_scraping_daily.py
[2026-03-27T14:41:56.290+0700] {logging_mixin.py:190} INFO - [2026-03-27T14:41:56.290+0700] {dag.py:3211} INFO - Sync 1 DAGs
[2026-03-27T14:41:56.320+0700] {logging_mixin.py:190} INFO - [2026-03-27T14:41:56.320+0700] {dag.py:4138} INFO - Setting next_dagrun for dag_scraping_daily to 2026-03-27 05:00:00+00:00, run_after=2026-03-27 17:00:00+00:00
[2026-03-27T14:41:56.348+0700] {processor.py:208} INFO - Processing /opt/airflow/dags/dag_scraping_daily.py took 0.133 seconds
[2026-03-27T14:42:26.655+0700] {processor.py:186} INFO - Started process (PID=2726) to work on /opt/airflow/dags/dag_scraping_daily.py
[2026-03-27T14:42:26.656+0700] {processor.py:914} INFO - Processing file /opt/airflow/dags/dag_scraping_daily.py for tasks to queue
[2026-03-27T14:42:26.658+0700] {logging_mixin.py:190} INFO - [2026-03-27T14:42:26.658+0700] {dagbag.py:587} INFO - Filling up the DagBag from /opt/airflow/dags/dag_scraping_daily.py
[2026-03-27T14:42:26.677+0700] {processor.py:925} INFO - DAG(s) 'dag_scraping_daily' retrieved from /opt/airflow/dags/dag_scraping_daily.py
[2026-03-27T14:42:26.715+0700] {logging_mixin.py:190} INFO - [2026-03-27T14:42:26.714+0700] {dag.py:3211} INFO - Sync 1 DAGs
[2026-03-27T14:42:26.742+0700] {logging_mixin.py:190} INFO - [2026-03-27T14:42:26.741+0700] {dag.py:4138} INFO - Setting next_dagrun for dag_scraping_daily to 2026-03-27 05:00:00+00:00, run_after=2026-03-27 17:00:00+00:00
[2026-03-27T14:42:26.766+0700] {processor.py:208} INFO - Processing /opt/airflow/dags/dag_scraping_daily.py took 0.119 seconds
[2026-03-27T14:42:57.151+0700] {processor.py:186} INFO - Started process (PID=2754) to work on /opt/airflow/dags/dag_scraping_daily.py
[2026-03-27T14:42:57.153+0700] {processor.py:914} INFO - Processing file /opt/airflow/dags/dag_scraping_daily.py for tasks to queue
[2026-03-27T14:42:57.160+0700] {logging_mixin.py:190} INFO - [2026-03-27T14:42:57.159+0700] {dagbag.py:587} INFO - Filling up the DagBag from /opt/airflow/dags/dag_scraping_daily.py
[2026-03-27T14:42:57.196+0700] {processor.py:925} INFO - DAG(s) 'dag_scraping_daily' retrieved from /opt/airflow/dags/dag_scraping_daily.py
[2026-03-27T14:42:57.326+0700] {logging_mixin.py:190} INFO - [2026-03-27T14:42:57.326+0700] {dag.py:3211} INFO - Sync 1 DAGs
[2026-03-27T14:42:57.422+0700] {logging_mixin.py:190} INFO - [2026-03-27T14:42:57.422+0700] {dag.py:4138} INFO - Setting next_dagrun for dag_scraping_daily to 2026-03-27 05:00:00+00:00, run_after=2026-03-27 17:00:00+00:00
[2026-03-27T14:42:57.487+0700] {processor.py:208} INFO - Processing /opt/airflow/dags/dag_scraping_daily.py took 0.350 seconds
[2026-03-27T14:43:27.812+0700] {processor.py:186} INFO - Started process (PID=2783) to work on /opt/airflow/dags/dag_scraping_daily.py
[2026-03-27T14:43:27.814+0700] {processor.py:914} INFO - Processing file /opt/airflow/dags/dag_scraping_daily.py for tasks to queue
[2026-03-27T14:43:27.819+0700] {logging_mixin.py:190} INFO - [2026-03-27T14:43:27.818+0700] {dagbag.py:587} INFO - Filling up the DagBag from /opt/airflow/dags/dag_scraping_daily.py
[2026-03-27T14:43:27.849+0700] {processor.py:925} INFO - DAG(s) 'dag_scraping_daily' retrieved from /opt/airflow/dags/dag_scraping_daily.py
[2026-03-27T14:43:27.880+0700] {logging_mixin.py:190} INFO - [2026-03-27T14:43:27.880+0700] {dag.py:3211} INFO - Sync 1 DAGs
[2026-03-27T14:43:27.912+0700] {logging_mixin.py:190} INFO - [2026-03-27T14:43:27.912+0700] {dag.py:4138} INFO - Setting next_dagrun for dag_scraping_daily to 2026-03-27 05:00:00+00:00, run_after=2026-03-27 17:00:00+00:00
[2026-03-27T14:43:27.937+0700] {processor.py:208} INFO - Processing /opt/airflow/dags/dag_scraping_daily.py took 0.133 seconds
[2026-03-27T14:43:58.285+0700] {processor.py:186} INFO - Started process (PID=2811) to work on /opt/airflow/dags/dag_scraping_daily.py
[2026-03-27T14:43:58.288+0700] {processor.py:914} INFO - Processing file /opt/airflow/dags/dag_scraping_daily.py for tasks to queue
[2026-03-27T14:43:58.294+0700] {logging_mixin.py:190} INFO - [2026-03-27T14:43:58.293+0700] {dagbag.py:587} INFO - Filling up the DagBag from /opt/airflow/dags/dag_scraping_daily.py
[2026-03-27T14:43:58.323+0700] {processor.py:925} INFO - DAG(s) 'dag_scraping_daily' retrieved from /opt/airflow/dags/dag_scraping_daily.py
[2026-03-27T14:43:58.354+0700] {logging_mixin.py:190} INFO - [2026-03-27T14:43:58.354+0700] {dag.py:3211} INFO - Sync 1 DAGs
[2026-03-27T14:43:58.384+0700] {logging_mixin.py:190} INFO - [2026-03-27T14:43:58.384+0700] {dag.py:4138} INFO - Setting next_dagrun for dag_scraping_daily to 2026-03-27 05:00:00+00:00, run_after=2026-03-27 17:00:00+00:00
[2026-03-27T14:43:58.408+0700] {processor.py:208} INFO - Processing /opt/airflow/dags/dag_scraping_daily.py took 0.134 seconds
[2026-03-27T14:44:28.747+0700] {processor.py:186} INFO - Started process (PID=2839) to work on /opt/airflow/dags/dag_scraping_daily.py
[2026-03-27T14:44:28.748+0700] {processor.py:914} INFO - Processing file /opt/airflow/dags/dag_scraping_daily.py for tasks to queue
[2026-03-27T14:44:28.751+0700] {logging_mixin.py:190} INFO - [2026-03-27T14:44:28.751+0700] {dagbag.py:587} INFO - Filling up the DagBag from /opt/airflow/dags/dag_scraping_daily.py
[2026-03-27T14:44:28.777+0700] {processor.py:925} INFO - DAG(s) 'dag_scraping_daily' retrieved from /opt/airflow/dags/dag_scraping_daily.py
[2026-03-27T14:44:28.813+0700] {logging_mixin.py:190} INFO - [2026-03-27T14:44:28.813+0700] {dag.py:3211} INFO - Sync 1 DAGs
[2026-03-27T14:44:28.843+0700] {logging_mixin.py:190} INFO - [2026-03-27T14:44:28.843+0700] {dag.py:4138} INFO - Setting next_dagrun for dag_scraping_daily to 2026-03-27 05:00:00+00:00, run_after=2026-03-27 17:00:00+00:00
[2026-03-27T14:44:28.867+0700] {processor.py:208} INFO - Processing /opt/airflow/dags/dag_scraping_daily.py took 0.128 seconds
[2026-03-27T14:44:59.171+0700] {processor.py:186} INFO - Started process (PID=2867) to work on /opt/airflow/dags/dag_scraping_daily.py
[2026-03-27T14:44:59.172+0700] {processor.py:914} INFO - Processing file /opt/airflow/dags/dag_scraping_daily.py for tasks to queue
[2026-03-27T14:44:59.174+0700] {logging_mixin.py:190} INFO - [2026-03-27T14:44:59.174+0700] {dagbag.py:587} INFO - Filling up the DagBag from /opt/airflow/dags/dag_scraping_daily.py
[2026-03-27T14:44:59.195+0700] {processor.py:925} INFO - DAG(s) 'dag_scraping_daily' retrieved from /opt/airflow/dags/dag_scraping_daily.py
[2026-03-27T14:44:59.226+0700] {logging_mixin.py:190} INFO - [2026-03-27T14:44:59.226+0700] {dag.py:3211} INFO - Sync 1 DAGs
[2026-03-27T14:44:59.252+0700] {logging_mixin.py:190} INFO - [2026-03-27T14:44:59.252+0700] {dag.py:4138} INFO - Setting next_dagrun for dag_scraping_daily to 2026-03-27 05:00:00+00:00, run_after=2026-03-27 17:00:00+00:00
[2026-03-27T14:44:59.278+0700] {processor.py:208} INFO - Processing /opt/airflow/dags/dag_scraping_daily.py took 0.114 seconds
[2026-03-27T14:45:29.427+0700] {processor.py:186} INFO - Started process (PID=2895) to work on /opt/airflow/dags/dag_scraping_daily.py
[2026-03-27T14:45:29.429+0700] {processor.py:914} INFO - Processing file /opt/airflow/dags/dag_scraping_daily.py for tasks to queue
[2026-03-27T14:45:29.433+0700] {logging_mixin.py:190} INFO - [2026-03-27T14:45:29.432+0700] {dagbag.py:587} INFO - Filling up the DagBag from /opt/airflow/dags/dag_scraping_daily.py
[2026-03-27T14:45:29.458+0700] {processor.py:925} INFO - DAG(s) 'dag_scraping_daily' retrieved from /opt/airflow/dags/dag_scraping_daily.py
[2026-03-27T14:45:29.497+0700] {logging_mixin.py:190} INFO - [2026-03-27T14:45:29.496+0700] {dag.py:3211} INFO - Sync 1 DAGs
[2026-03-27T14:45:29.532+0700] {logging_mixin.py:190} INFO - [2026-03-27T14:45:29.531+0700] {dag.py:4138} INFO - Setting next_dagrun for dag_scraping_daily to 2026-03-27 05:00:00+00:00, run_after=2026-03-27 17:00:00+00:00
[2026-03-27T14:45:29.558+0700] {processor.py:208} INFO - Processing /opt/airflow/dags/dag_scraping_daily.py took 0.140 seconds
[2026-03-27T14:46:00.543+0700] {processor.py:186} INFO - Started process (PID=2923) to work on /opt/airflow/dags/dag_scraping_daily.py
[2026-03-27T14:46:00.545+0700] {processor.py:914} INFO - Processing file /opt/airflow/dags/dag_scraping_daily.py for tasks to queue
[2026-03-27T14:46:00.548+0700] {logging_mixin.py:190} INFO - [2026-03-27T14:46:00.547+0700] {dagbag.py:587} INFO - Filling up the DagBag from /opt/airflow/dags/dag_scraping_daily.py
[2026-03-27T14:46:00.578+0700] {processor.py:925} INFO - DAG(s) 'dag_scraping_daily' retrieved from /opt/airflow/dags/dag_scraping_daily.py
[2026-03-27T14:46:00.613+0700] {logging_mixin.py:190} INFO - [2026-03-27T14:46:00.613+0700] {dag.py:3211} INFO - Sync 1 DAGs
[2026-03-27T14:46:00.648+0700] {logging_mixin.py:190} INFO - [2026-03-27T14:46:00.648+0700] {dag.py:4138} INFO - Setting next_dagrun for dag_scraping_daily to 2026-03-27 05:00:00+00:00, run_after=2026-03-27 17:00:00+00:00
[2026-03-27T14:46:00.678+0700] {processor.py:208} INFO - Processing /opt/airflow/dags/dag_scraping_daily.py took 0.145 seconds
[2026-03-27T14:46:30.993+0700] {processor.py:186} INFO - Started process (PID=2951) to work on /opt/airflow/dags/dag_scraping_daily.py
[2026-03-27T14:46:30.995+0700] {processor.py:914} INFO - Processing file /opt/airflow/dags/dag_scraping_daily.py for tasks to queue
[2026-03-27T14:46:30.999+0700] {logging_mixin.py:190} INFO - [2026-03-27T14:46:30.998+0700] {dagbag.py:587} INFO - Filling up the DagBag from /opt/airflow/dags/dag_scraping_daily.py
[2026-03-27T14:46:31.023+0700] {processor.py:925} INFO - DAG(s) 'dag_scraping_daily' retrieved from /opt/airflow/dags/dag_scraping_daily.py
[2026-03-27T14:46:31.061+0700] {logging_mixin.py:190} INFO - [2026-03-27T14:46:31.061+0700] {dag.py:3211} INFO - Sync 1 DAGs
[2026-03-27T14:46:31.096+0700] {logging_mixin.py:190} INFO - [2026-03-27T14:46:31.096+0700] {dag.py:4138} INFO - Setting next_dagrun for dag_scraping_daily to 2026-03-27 05:00:00+00:00, run_after=2026-03-27 17:00:00+00:00
[2026-03-27T14:46:31.122+0700] {processor.py:208} INFO - Processing /opt/airflow/dags/dag_scraping_daily.py took 0.138 seconds
[2026-03-27T14:47:01.566+0700] {processor.py:186} INFO - Started process (PID=2979) to work on /opt/airflow/dags/dag_scraping_daily.py
[2026-03-27T14:47:01.567+0700] {processor.py:914} INFO - Processing file /opt/airflow/dags/dag_scraping_daily.py for tasks to queue
[2026-03-27T14:47:01.570+0700] {logging_mixin.py:190} INFO - [2026-03-27T14:47:01.569+0700] {dagbag.py:587} INFO - Filling up the DagBag from /opt/airflow/dags/dag_scraping_daily.py
[2026-03-27T14:47:01.592+0700] {processor.py:925} INFO - DAG(s) 'dag_scraping_daily' retrieved from /opt/airflow/dags/dag_scraping_daily.py
[2026-03-27T14:47:01.625+0700] {logging_mixin.py:190} INFO - [2026-03-27T14:47:01.625+0700] {dag.py:3211} INFO - Sync 1 DAGs
[2026-03-27T14:47:01.655+0700] {logging_mixin.py:190} INFO - [2026-03-27T14:47:01.655+0700] {dag.py:4138} INFO - Setting next_dagrun for dag_scraping_daily to 2026-03-27 05:00:00+00:00, run_after=2026-03-27 17:00:00+00:00
[2026-03-27T14:47:01.681+0700] {processor.py:208} INFO - Processing /opt/airflow/dags/dag_scraping_daily.py took 0.122 seconds
[2026-03-27T14:47:31.945+0700] {processor.py:186} INFO - Started process (PID=3007) to work on /opt/airflow/dags/dag_scraping_daily.py
[2026-03-27T14:47:31.946+0700] {processor.py:914} INFO - Processing file /opt/airflow/dags/dag_scraping_daily.py for tasks to queue
[2026-03-27T14:47:31.949+0700] {logging_mixin.py:190} INFO - [2026-03-27T14:47:31.948+0700] {dagbag.py:587} INFO - Filling up the DagBag from /opt/airflow/dags/dag_scraping_daily.py
[2026-03-27T14:47:31.971+0700] {processor.py:925} INFO - DAG(s) 'dag_scraping_daily' retrieved from /opt/airflow/dags/dag_scraping_daily.py
[2026-03-27T14:47:32.007+0700] {logging_mixin.py:190} INFO - [2026-03-27T14:47:32.007+0700] {dag.py:3211} INFO - Sync 1 DAGs
[2026-03-27T14:47:32.038+0700] {logging_mixin.py:190} INFO - [2026-03-27T14:47:32.038+0700] {dag.py:4138} INFO - Setting next_dagrun for dag_scraping_daily to 2026-03-27 05:00:00+00:00, run_after=2026-03-27 17:00:00+00:00
[2026-03-27T14:47:32.069+0700] {processor.py:208} INFO - Processing /opt/airflow/dags/dag_scraping_daily.py took 0.131 seconds
[2026-03-27T14:48:02.282+0700] {processor.py:186} INFO - Started process (PID=3038) to work on /opt/airflow/dags/dag_scraping_daily.py
[2026-03-27T14:48:02.283+0700] {processor.py:914} INFO - Processing file /opt/airflow/dags/dag_scraping_daily.py for tasks to queue
[2026-03-27T14:48:02.287+0700] {logging_mixin.py:190} INFO - [2026-03-27T14:48:02.286+0700] {dagbag.py:587} INFO - Filling up the DagBag from /opt/airflow/dags/dag_scraping_daily.py
[2026-03-27T14:48:02.307+0700] {processor.py:925} INFO - DAG(s) 'dag_scraping_daily' retrieved from /opt/airflow/dags/dag_scraping_daily.py
[2026-03-27T14:48:02.336+0700] {logging_mixin.py:190} INFO - [2026-03-27T14:48:02.336+0700] {dag.py:3211} INFO - Sync 1 DAGs
[2026-03-27T14:48:02.375+0700] {logging_mixin.py:190} INFO - [2026-03-27T14:48:02.374+0700] {dag.py:4138} INFO - Setting next_dagrun for dag_scraping_daily to 2026-03-27 05:00:00+00:00, run_after=2026-03-27 17:00:00+00:00
[2026-03-27T14:48:02.423+0700] {processor.py:208} INFO - Processing /opt/airflow/dags/dag_scraping_daily.py took 0.147 seconds
[2026-03-27T14:48:32.600+0700] {processor.py:186} INFO - Started process (PID=3064) to work on /opt/airflow/dags/dag_scraping_daily.py
[2026-03-27T14:48:32.602+0700] {processor.py:914} INFO - Processing file /opt/airflow/dags/dag_scraping_daily.py for tasks to queue
[2026-03-27T14:48:32.607+0700] {logging_mixin.py:190} INFO - [2026-03-27T14:48:32.606+0700] {dagbag.py:587} INFO - Filling up the DagBag from /opt/airflow/dags/dag_scraping_daily.py
[2026-03-27T14:48:32.642+0700] {processor.py:925} INFO - DAG(s) 'dag_scraping_daily' retrieved from /opt/airflow/dags/dag_scraping_daily.py
[2026-03-27T14:48:32.684+0700] {logging_mixin.py:190} INFO - [2026-03-27T14:48:32.684+0700] {dag.py:3211} INFO - Sync 1 DAGs
[2026-03-27T14:48:32.718+0700] {logging_mixin.py:190} INFO - [2026-03-27T14:48:32.718+0700] {dag.py:4138} INFO - Setting next_dagrun for dag_scraping_daily to 2026-03-27 05:00:00+00:00, run_after=2026-03-27 17:00:00+00:00
[2026-03-27T14:48:32.744+0700] {processor.py:208} INFO - Processing /opt/airflow/dags/dag_scraping_daily.py took 0.160 seconds
[2026-03-27T14:49:03.505+0700] {processor.py:186} INFO - Started process (PID=3092) to work on /opt/airflow/dags/dag_scraping_daily.py
[2026-03-27T14:49:03.507+0700] {processor.py:914} INFO - Processing file /opt/airflow/dags/dag_scraping_daily.py for tasks to queue
[2026-03-27T14:49:03.512+0700] {logging_mixin.py:190} INFO - [2026-03-27T14:49:03.511+0700] {dagbag.py:587} INFO - Filling up the DagBag from /opt/airflow/dags/dag_scraping_daily.py
[2026-03-27T14:49:03.542+0700] {processor.py:925} INFO - DAG(s) 'dag_scraping_daily' retrieved from /opt/airflow/dags/dag_scraping_daily.py
[2026-03-27T14:49:03.577+0700] {logging_mixin.py:190} INFO - [2026-03-27T14:49:03.577+0700] {dag.py:3211} INFO - Sync 1 DAGs
[2026-03-27T14:49:03.606+0700] {logging_mixin.py:190} INFO - [2026-03-27T14:49:03.606+0700] {dag.py:4138} INFO - Setting next_dagrun for dag_scraping_daily to 2026-03-27 05:00:00+00:00, run_after=2026-03-27 17:00:00+00:00
[2026-03-27T14:49:03.632+0700] {processor.py:208} INFO - Processing /opt/airflow/dags/dag_scraping_daily.py took 0.139 seconds
[2026-03-27T14:49:33.826+0700] {processor.py:186} INFO - Started process (PID=3122) to work on /opt/airflow/dags/dag_scraping_daily.py
[2026-03-27T14:49:33.828+0700] {processor.py:914} INFO - Processing file /opt/airflow/dags/dag_scraping_daily.py for tasks to queue
[2026-03-27T14:49:33.831+0700] {logging_mixin.py:190} INFO - [2026-03-27T14:49:33.830+0700] {dagbag.py:587} INFO - Filling up the DagBag from /opt/airflow/dags/dag_scraping_daily.py
[2026-03-27T14:49:33.859+0700] {processor.py:925} INFO - DAG(s) 'dag_scraping_daily' retrieved from /opt/airflow/dags/dag_scraping_daily.py
[2026-03-27T14:49:33.901+0700] {logging_mixin.py:190} INFO - [2026-03-27T14:49:33.900+0700] {dag.py:3211} INFO - Sync 1 DAGs
[2026-03-27T14:49:33.938+0700] {logging_mixin.py:190} INFO - [2026-03-27T14:49:33.938+0700] {dag.py:4138} INFO - Setting next_dagrun for dag_scraping_daily to 2026-03-27 05:00:00+00:00, run_after=2026-03-27 17:00:00+00:00
[2026-03-27T14:49:33.966+0700] {processor.py:208} INFO - Processing /opt/airflow/dags/dag_scraping_daily.py took 0.149 seconds
[2026-03-27T14:50:04.617+0700] {processor.py:186} INFO - Started process (PID=3150) to work on /opt/airflow/dags/dag_scraping_daily.py
[2026-03-27T14:50:04.618+0700] {processor.py:914} INFO - Processing file /opt/airflow/dags/dag_scraping_daily.py for tasks to queue
[2026-03-27T14:50:04.621+0700] {logging_mixin.py:190} INFO - [2026-03-27T14:50:04.621+0700] {dagbag.py:587} INFO - Filling up the DagBag from /opt/airflow/dags/dag_scraping_daily.py
[2026-03-27T14:50:04.644+0700] {processor.py:925} INFO - DAG(s) 'dag_scraping_daily' retrieved from /opt/airflow/dags/dag_scraping_daily.py
[2026-03-27T14:50:04.678+0700] {logging_mixin.py:190} INFO - [2026-03-27T14:50:04.677+0700] {dag.py:3211} INFO - Sync 1 DAGs
[2026-03-27T14:50:04.710+0700] {logging_mixin.py:190} INFO - [2026-03-27T14:50:04.710+0700] {dag.py:4138} INFO - Setting next_dagrun for dag_scraping_daily to 2026-03-27 05:00:00+00:00, run_after=2026-03-27 17:00:00+00:00
[2026-03-27T14:50:04.738+0700] {processor.py:208} INFO - Processing /opt/airflow/dags/dag_scraping_daily.py took 0.129 seconds
[2026-03-27T14:50:35.013+0700] {processor.py:186} INFO - Started process (PID=3179) to work on /opt/airflow/dags/dag_scraping_daily.py
[2026-03-27T14:50:35.014+0700] {processor.py:914} INFO - Processing file /opt/airflow/dags/dag_scraping_daily.py for tasks to queue
[2026-03-27T14:50:35.018+0700] {logging_mixin.py:190} INFO - [2026-03-27T14:50:35.017+0700] {dagbag.py:587} INFO - Filling up the DagBag from /opt/airflow/dags/dag_scraping_daily.py
[2026-03-27T14:50:35.045+0700] {processor.py:925} INFO - DAG(s) 'dag_scraping_daily' retrieved from /opt/airflow/dags/dag_scraping_daily.py
[2026-03-27T14:50:35.080+0700] {logging_mixin.py:190} INFO - [2026-03-27T14:50:35.079+0700] {dag.py:3211} INFO - Sync 1 DAGs
[2026-03-27T14:50:35.112+0700] {logging_mixin.py:190} INFO - [2026-03-27T14:50:35.112+0700] {dag.py:4138} INFO - Setting next_dagrun for dag_scraping_daily to 2026-03-27 05:00:00+00:00, run_after=2026-03-27 17:00:00+00:00
[2026-03-27T14:50:35.140+0700] {processor.py:208} INFO - Processing /opt/airflow/dags/dag_scraping_daily.py took 0.133 seconds
[2026-03-27T14:51:05.406+0700] {processor.py:186} INFO - Started process (PID=3207) to work on /opt/airflow/dags/dag_scraping_daily.py
[2026-03-27T14:51:05.408+0700] {processor.py:914} INFO - Processing file /opt/airflow/dags/dag_scraping_daily.py for tasks to queue
[2026-03-27T14:51:05.411+0700] {logging_mixin.py:190} INFO - [2026-03-27T14:51:05.410+0700] {dagbag.py:587} INFO - Filling up the DagBag from /opt/airflow/dags/dag_scraping_daily.py
[2026-03-27T14:51:05.435+0700] {processor.py:925} INFO - DAG(s) 'dag_scraping_daily' retrieved from /opt/airflow/dags/dag_scraping_daily.py
[2026-03-27T14:51:05.469+0700] {logging_mixin.py:190} INFO - [2026-03-27T14:51:05.469+0700] {dag.py:3211} INFO - Sync 1 DAGs
[2026-03-27T14:51:05.501+0700] {logging_mixin.py:190} INFO - [2026-03-27T14:51:05.501+0700] {dag.py:4138} INFO - Setting next_dagrun for dag_scraping_daily to 2026-03-27 05:00:00+00:00, run_after=2026-03-27 17:00:00+00:00
[2026-03-27T14:51:05.529+0700] {processor.py:208} INFO - Processing /opt/airflow/dags/dag_scraping_daily.py took 0.131 seconds
[2026-03-27T14:51:35.945+0700] {processor.py:186} INFO - Started process (PID=3235) to work on /opt/airflow/dags/dag_scraping_daily.py
[2026-03-27T14:51:35.946+0700] {processor.py:914} INFO - Processing file /opt/airflow/dags/dag_scraping_daily.py for tasks to queue
[2026-03-27T14:51:35.952+0700] {logging_mixin.py:190} INFO - [2026-03-27T14:51:35.951+0700] {dagbag.py:587} INFO - Filling up the DagBag from /opt/airflow/dags/dag_scraping_daily.py
[2026-03-27T14:51:35.981+0700] {processor.py:925} INFO - DAG(s) 'dag_scraping_daily' retrieved from /opt/airflow/dags/dag_scraping_daily.py
[2026-03-27T14:51:36.017+0700] {logging_mixin.py:190} INFO - [2026-03-27T14:51:36.017+0700] {dag.py:3211} INFO - Sync 1 DAGs
[2026-03-27T14:51:36.052+0700] {logging_mixin.py:190} INFO - [2026-03-27T14:51:36.051+0700] {dag.py:4138} INFO - Setting next_dagrun for dag_scraping_daily to 2026-03-27 05:00:00+00:00, run_after=2026-03-27 17:00:00+00:00
[2026-03-27T14:51:36.082+0700] {processor.py:208} INFO - Processing /opt/airflow/dags/dag_scraping_daily.py took 0.147 seconds
[2026-03-27T14:52:06.585+0700] {processor.py:186} INFO - Started process (PID=3263) to work on /opt/airflow/dags/dag_scraping_daily.py
[2026-03-27T14:52:06.587+0700] {processor.py:914} INFO - Processing file /opt/airflow/dags/dag_scraping_daily.py for tasks to queue
[2026-03-27T14:52:06.591+0700] {logging_mixin.py:190} INFO - [2026-03-27T14:52:06.591+0700] {dagbag.py:587} INFO - Filling up the DagBag from /opt/airflow/dags/dag_scraping_daily.py
[2026-03-27T14:52:06.613+0700] {processor.py:925} INFO - DAG(s) 'dag_scraping_daily' retrieved from /opt/airflow/dags/dag_scraping_daily.py
[2026-03-27T14:52:06.653+0700] {logging_mixin.py:190} INFO - [2026-03-27T14:52:06.653+0700] {dag.py:3211} INFO - Sync 1 DAGs
[2026-03-27T14:52:06.683+0700] {logging_mixin.py:190} INFO - [2026-03-27T14:52:06.682+0700] {dag.py:4138} INFO - Setting next_dagrun for dag_scraping_daily to 2026-03-27 05:00:00+00:00, run_after=2026-03-27 17:00:00+00:00
[2026-03-27T14:52:06.708+0700] {processor.py:208} INFO - Processing /opt/airflow/dags/dag_scraping_daily.py took 0.132 seconds
[2026-03-27T14:52:36.846+0700] {processor.py:186} INFO - Started process (PID=3291) to work on /opt/airflow/dags/dag_scraping_daily.py
[2026-03-27T14:52:36.848+0700] {processor.py:914} INFO - Processing file /opt/airflow/dags/dag_scraping_daily.py for tasks to queue
[2026-03-27T14:52:36.854+0700] {logging_mixin.py:190} INFO - [2026-03-27T14:52:36.853+0700] {dagbag.py:587} INFO - Filling up the DagBag from /opt/airflow/dags/dag_scraping_daily.py
[2026-03-27T14:52:36.879+0700] {processor.py:925} INFO - DAG(s) 'dag_scraping_daily' retrieved from /opt/airflow/dags/dag_scraping_daily.py
[2026-03-27T14:52:36.922+0700] {logging_mixin.py:190} INFO - [2026-03-27T14:52:36.922+0700] {dag.py:3211} INFO - Sync 1 DAGs
[2026-03-27T14:52:36.954+0700] {logging_mixin.py:190} INFO - [2026-03-27T14:52:36.953+0700] {dag.py:4138} INFO - Setting next_dagrun for dag_scraping_daily to 2026-03-27 05:00:00+00:00, run_after=2026-03-27 17:00:00+00:00
[2026-03-27T14:52:36.983+0700] {processor.py:208} INFO - Processing /opt/airflow/dags/dag_scraping_daily.py took 0.144 seconds
[2026-03-27T14:53:07.407+0700] {processor.py:186} INFO - Started process (PID=3325) to work on /opt/airflow/dags/dag_scraping_daily.py
[2026-03-27T14:53:07.408+0700] {processor.py:914} INFO - Processing file /opt/airflow/dags/dag_scraping_daily.py for tasks to queue
[2026-03-27T14:53:07.411+0700] {logging_mixin.py:190} INFO - [2026-03-27T14:53:07.411+0700] {dagbag.py:587} INFO - Filling up the DagBag from /opt/airflow/dags/dag_scraping_daily.py
[2026-03-27T14:53:07.435+0700] {processor.py:925} INFO - DAG(s) 'dag_scraping_daily' retrieved from /opt/airflow/dags/dag_scraping_daily.py
[2026-03-27T14:53:07.472+0700] {logging_mixin.py:190} INFO - [2026-03-27T14:53:07.472+0700] {dag.py:3211} INFO - Sync 1 DAGs
[2026-03-27T14:53:07.501+0700] {logging_mixin.py:190} INFO - [2026-03-27T14:53:07.501+0700] {dag.py:4138} INFO - Setting next_dagrun for dag_scraping_daily to 2026-03-27 05:00:00+00:00, run_after=2026-03-27 17:00:00+00:00
[2026-03-27T14:53:07.526+0700] {processor.py:208} INFO - Processing /opt/airflow/dags/dag_scraping_daily.py took 0.131 seconds
[2026-03-27T14:53:37.629+0700] {processor.py:186} INFO - Started process (PID=3353) to work on /opt/airflow/dags/dag_scraping_daily.py
[2026-03-27T14:53:37.631+0700] {processor.py:914} INFO - Processing file /opt/airflow/dags/dag_scraping_daily.py for tasks to queue
[2026-03-27T14:53:37.636+0700] {logging_mixin.py:190} INFO - [2026-03-27T14:53:37.635+0700] {dagbag.py:587} INFO - Filling up the DagBag from /opt/airflow/dags/dag_scraping_daily.py
[2026-03-27T14:53:37.663+0700] {processor.py:925} INFO - DAG(s) 'dag_scraping_daily' retrieved from /opt/airflow/dags/dag_scraping_daily.py
[2026-03-27T14:53:37.695+0700] {logging_mixin.py:190} INFO - [2026-03-27T14:53:37.695+0700] {dag.py:3211} INFO - Sync 1 DAGs
[2026-03-27T14:53:37.738+0700] {logging_mixin.py:190} INFO - [2026-03-27T14:53:37.738+0700] {dag.py:4138} INFO - Setting next_dagrun for dag_scraping_daily to 2026-03-27 05:00:00+00:00, run_after=2026-03-27 17:00:00+00:00
[2026-03-27T14:53:37.763+0700] {processor.py:208} INFO - Processing /opt/airflow/dags/dag_scraping_daily.py took 0.142 seconds
[2026-03-27T14:54:08.080+0700] {processor.py:186} INFO - Started process (PID=3381) to work on /opt/airflow/dags/dag_scraping_daily.py
[2026-03-27T14:54:08.081+0700] {processor.py:914} INFO - Processing file /opt/airflow/dags/dag_scraping_daily.py for tasks to queue
[2026-03-27T14:54:08.085+0700] {logging_mixin.py:190} INFO - [2026-03-27T14:54:08.084+0700] {dagbag.py:587} INFO - Filling up the DagBag from /opt/airflow/dags/dag_scraping_daily.py
[2026-03-27T14:54:08.112+0700] {processor.py:925} INFO - DAG(s) 'dag_scraping_daily' retrieved from /opt/airflow/dags/dag_scraping_daily.py
[2026-03-27T14:54:08.144+0700] {logging_mixin.py:190} INFO - [2026-03-27T14:54:08.143+0700] {dag.py:3211} INFO - Sync 1 DAGs
[2026-03-27T14:54:08.176+0700] {logging_mixin.py:190} INFO - [2026-03-27T14:54:08.176+0700] {dag.py:4138} INFO - Setting next_dagrun for dag_scraping_daily to 2026-03-27 05:00:00+00:00, run_after=2026-03-27 17:00:00+00:00
[2026-03-27T14:54:08.200+0700] {processor.py:208} INFO - Processing /opt/airflow/dags/dag_scraping_daily.py took 0.128 seconds
[2026-03-27T14:54:38.328+0700] {processor.py:186} INFO - Started process (PID=3409) to work on /opt/airflow/dags/dag_scraping_daily.py
[2026-03-27T14:54:38.330+0700] {processor.py:914} INFO - Processing file /opt/airflow/dags/dag_scraping_daily.py for tasks to queue
[2026-03-27T14:54:38.336+0700] {logging_mixin.py:190} INFO - [2026-03-27T14:54:38.335+0700] {dagbag.py:587} INFO - Filling up the DagBag from /opt/airflow/dags/dag_scraping_daily.py
[2026-03-27T14:54:38.367+0700] {processor.py:925} INFO - DAG(s) 'dag_scraping_daily' retrieved from /opt/airflow/dags/dag_scraping_daily.py
[2026-03-27T14:54:38.402+0700] {logging_mixin.py:190} INFO - [2026-03-27T14:54:38.401+0700] {dag.py:3211} INFO - Sync 1 DAGs
[2026-03-27T14:54:38.433+0700] {logging_mixin.py:190} INFO - [2026-03-27T14:54:38.433+0700] {dag.py:4138} INFO - Setting next_dagrun for dag_scraping_daily to 2026-03-27 05:00:00+00:00, run_after=2026-03-27 17:00:00+00:00
[2026-03-27T14:54:38.464+0700] {processor.py:208} INFO - Processing /opt/airflow/dags/dag_scraping_daily.py took 0.148 seconds
[2026-03-27T14:55:09.071+0700] {processor.py:186} INFO - Started process (PID=3437) to work on /opt/airflow/dags/dag_scraping_daily.py
[2026-03-27T14:55:09.072+0700] {processor.py:914} INFO - Processing file /opt/airflow/dags/dag_scraping_daily.py for tasks to queue
[2026-03-27T14:55:09.077+0700] {logging_mixin.py:190} INFO - [2026-03-27T14:55:09.076+0700] {dagbag.py:587} INFO - Filling up the DagBag from /opt/airflow/dags/dag_scraping_daily.py
[2026-03-27T14:55:09.109+0700] {processor.py:925} INFO - DAG(s) 'dag_scraping_daily' retrieved from /opt/airflow/dags/dag_scraping_daily.py
[2026-03-27T14:55:09.150+0700] {logging_mixin.py:190} INFO - [2026-03-27T14:55:09.150+0700] {dag.py:3211} INFO - Sync 1 DAGs
[2026-03-27T14:55:09.182+0700] {logging_mixin.py:190} INFO - [2026-03-27T14:55:09.182+0700] {dag.py:4138} INFO - Setting next_dagrun for dag_scraping_daily to 2026-03-27 05:00:00+00:00, run_after=2026-03-27 17:00:00+00:00
[2026-03-27T14:55:09.215+0700] {processor.py:208} INFO - Processing /opt/airflow/dags/dag_scraping_daily.py took 0.159 seconds
[2026-03-27T14:55:39.785+0700] {processor.py:186} INFO - Started process (PID=3466) to work on /opt/airflow/dags/dag_scraping_daily.py
[2026-03-27T14:55:39.787+0700] {processor.py:914} INFO - Processing file /opt/airflow/dags/dag_scraping_daily.py for tasks to queue
[2026-03-27T14:55:39.793+0700] {logging_mixin.py:190} INFO - [2026-03-27T14:55:39.793+0700] {dagbag.py:587} INFO - Filling up the DagBag from /opt/airflow/dags/dag_scraping_daily.py
[2026-03-27T14:55:39.830+0700] {processor.py:925} INFO - DAG(s) 'dag_scraping_daily' retrieved from /opt/airflow/dags/dag_scraping_daily.py
[2026-03-27T14:55:39.864+0700] {logging_mixin.py:190} INFO - [2026-03-27T14:55:39.864+0700] {dag.py:3211} INFO - Sync 1 DAGs
[2026-03-27T14:55:39.902+0700] {logging_mixin.py:190} INFO - [2026-03-27T14:55:39.902+0700] {dag.py:4138} INFO - Setting next_dagrun for dag_scraping_daily to 2026-03-27 05:00:00+00:00, run_after=2026-03-27 17:00:00+00:00
[2026-03-27T14:55:39.932+0700] {processor.py:208} INFO - Processing /opt/airflow/dags/dag_scraping_daily.py took 0.154 seconds
[2026-03-27T14:56:10.093+0700] {processor.py:186} INFO - Started process (PID=3494) to work on /opt/airflow/dags/dag_scraping_daily.py
[2026-03-27T14:56:10.095+0700] {processor.py:914} INFO - Processing file /opt/airflow/dags/dag_scraping_daily.py for tasks to queue
[2026-03-27T14:56:10.100+0700] {logging_mixin.py:190} INFO - [2026-03-27T14:56:10.100+0700] {dagbag.py:587} INFO - Filling up the DagBag from /opt/airflow/dags/dag_scraping_daily.py
[2026-03-27T14:56:10.136+0700] {processor.py:925} INFO - DAG(s) 'dag_scraping_daily' retrieved from /opt/airflow/dags/dag_scraping_daily.py
[2026-03-27T14:56:10.181+0700] {logging_mixin.py:190} INFO - [2026-03-27T14:56:10.180+0700] {dag.py:3211} INFO - Sync 1 DAGs
[2026-03-27T14:56:10.214+0700] {logging_mixin.py:190} INFO - [2026-03-27T14:56:10.213+0700] {dag.py:4138} INFO - Setting next_dagrun for dag_scraping_daily to 2026-03-27 05:00:00+00:00, run_after=2026-03-27 17:00:00+00:00
[2026-03-27T14:56:10.241+0700] {processor.py:208} INFO - Processing /opt/airflow/dags/dag_scraping_daily.py took 0.159 seconds
[2026-03-27T14:56:40.383+0700] {processor.py:186} INFO - Started process (PID=3522) to work on /opt/airflow/dags/dag_scraping_daily.py
[2026-03-27T14:56:40.385+0700] {processor.py:914} INFO - Processing file /opt/airflow/dags/dag_scraping_daily.py for tasks to queue
[2026-03-27T14:56:40.391+0700] {logging_mixin.py:190} INFO - [2026-03-27T14:56:40.390+0700] {dagbag.py:587} INFO - Filling up the DagBag from /opt/airflow/dags/dag_scraping_daily.py
[2026-03-27T14:56:40.428+0700] {processor.py:925} INFO - DAG(s) 'dag_scraping_daily' retrieved from /opt/airflow/dags/dag_scraping_daily.py
[2026-03-27T14:56:40.520+0700] {logging_mixin.py:190} INFO - [2026-03-27T14:56:40.519+0700] {dag.py:3211} INFO - Sync 1 DAGs
[2026-03-27T14:56:40.574+0700] {logging_mixin.py:190} INFO - [2026-03-27T14:56:40.574+0700] {dag.py:4138} INFO - Setting next_dagrun for dag_scraping_daily to 2026-03-27 05:00:00+00:00, run_after=2026-03-27 17:00:00+00:00
[2026-03-27T14:56:40.617+0700] {processor.py:208} INFO - Processing /opt/airflow/dags/dag_scraping_daily.py took 0.245 seconds
[2026-03-27T14:57:10.745+0700] {processor.py:186} INFO - Started process (PID=3550) to work on /opt/airflow/dags/dag_scraping_daily.py
[2026-03-27T14:57:10.747+0700] {processor.py:914} INFO - Processing file /opt/airflow/dags/dag_scraping_daily.py for tasks to queue
[2026-03-27T14:57:10.753+0700] {logging_mixin.py:190} INFO - [2026-03-27T14:57:10.753+0700] {dagbag.py:587} INFO - Filling up the DagBag from /opt/airflow/dags/dag_scraping_daily.py
[2026-03-27T14:57:10.782+0700] {processor.py:925} INFO - DAG(s) 'dag_scraping_daily' retrieved from /opt/airflow/dags/dag_scraping_daily.py
[2026-03-27T14:57:10.821+0700] {logging_mixin.py:190} INFO - [2026-03-27T14:57:10.821+0700] {dag.py:3211} INFO - Sync 1 DAGs
[2026-03-27T14:57:10.860+0700] {logging_mixin.py:190} INFO - [2026-03-27T14:57:10.859+0700] {dag.py:4138} INFO - Setting next_dagrun for dag_scraping_daily to 2026-03-27 05:00:00+00:00, run_after=2026-03-27 17:00:00+00:00
[2026-03-27T14:57:10.891+0700] {processor.py:208} INFO - Processing /opt/airflow/dags/dag_scraping_daily.py took 0.156 seconds
[2026-03-27T14:57:41.443+0700] {processor.py:186} INFO - Started process (PID=3578) to work on /opt/airflow/dags/dag_scraping_daily.py
[2026-03-27T14:57:41.445+0700] {processor.py:914} INFO - Processing file /opt/airflow/dags/dag_scraping_daily.py for tasks to queue
[2026-03-27T14:57:41.451+0700] {logging_mixin.py:190} INFO - [2026-03-27T14:57:41.449+0700] {dagbag.py:587} INFO - Filling up the DagBag from /opt/airflow/dags/dag_scraping_daily.py
[2026-03-27T14:57:41.495+0700] {processor.py:925} INFO - DAG(s) 'dag_scraping_daily' retrieved from /opt/airflow/dags/dag_scraping_daily.py
[2026-03-27T14:57:41.542+0700] {logging_mixin.py:190} INFO - [2026-03-27T14:57:41.542+0700] {dag.py:3211} INFO - Sync 1 DAGs
[2026-03-27T14:57:41.587+0700] {logging_mixin.py:190} INFO - [2026-03-27T14:57:41.587+0700] {dag.py:4138} INFO - Setting next_dagrun for dag_scraping_daily to 2026-03-27 05:00:00+00:00, run_after=2026-03-27 17:00:00+00:00
[2026-03-27T14:57:41.625+0700] {processor.py:208} INFO - Processing /opt/airflow/dags/dag_scraping_daily.py took 0.200 seconds
[2026-03-27T14:58:12.525+0700] {processor.py:186} INFO - Started process (PID=3606) to work on /opt/airflow/dags/dag_scraping_daily.py
[2026-03-27T14:58:12.527+0700] {processor.py:914} INFO - Processing file /opt/airflow/dags/dag_scraping_daily.py for tasks to queue
[2026-03-27T14:58:12.530+0700] {logging_mixin.py:190} INFO - [2026-03-27T14:58:12.530+0700] {dagbag.py:587} INFO - Filling up the DagBag from /opt/airflow/dags/dag_scraping_daily.py
[2026-03-27T14:58:12.558+0700] {processor.py:925} INFO - DAG(s) 'dag_scraping_daily' retrieved from /opt/airflow/dags/dag_scraping_daily.py
[2026-03-27T14:58:12.601+0700] {logging_mixin.py:190} INFO - [2026-03-27T14:58:12.601+0700] {dag.py:3211} INFO - Sync 1 DAGs
[2026-03-27T14:58:12.639+0700] {logging_mixin.py:190} INFO - [2026-03-27T14:58:12.639+0700] {dag.py:4138} INFO - Setting next_dagrun for dag_scraping_daily to 2026-03-27 05:00:00+00:00, run_after=2026-03-27 17:00:00+00:00
[2026-03-27T14:58:12.664+0700] {processor.py:208} INFO - Processing /opt/airflow/dags/dag_scraping_daily.py took 0.150 seconds
[2026-03-27T14:58:42.782+0700] {processor.py:186} INFO - Started process (PID=3634) to work on /opt/airflow/dags/dag_scraping_daily.py
[2026-03-27T14:58:42.784+0700] {processor.py:914} INFO - Processing file /opt/airflow/dags/dag_scraping_daily.py for tasks to queue
[2026-03-27T14:58:42.788+0700] {logging_mixin.py:190} INFO - [2026-03-27T14:58:42.788+0700] {dagbag.py:587} INFO - Filling up the DagBag from /opt/airflow/dags/dag_scraping_daily.py
[2026-03-27T14:58:42.817+0700] {processor.py:925} INFO - DAG(s) 'dag_scraping_daily' retrieved from /opt/airflow/dags/dag_scraping_daily.py
[2026-03-27T14:58:42.850+0700] {logging_mixin.py:190} INFO - [2026-03-27T14:58:42.850+0700] {dag.py:3211} INFO - Sync 1 DAGs
[2026-03-27T14:58:42.880+0700] {logging_mixin.py:190} INFO - [2026-03-27T14:58:42.880+0700] {dag.py:4138} INFO - Setting next_dagrun for dag_scraping_daily to 2026-03-27 05:00:00+00:00, run_after=2026-03-27 17:00:00+00:00
[2026-03-27T14:58:42.904+0700] {processor.py:208} INFO - Processing /opt/airflow/dags/dag_scraping_daily.py took 0.136 seconds
[2026-03-27T14:59:13.574+0700] {processor.py:186} INFO - Started process (PID=3662) to work on /opt/airflow/dags/dag_scraping_daily.py
[2026-03-27T14:59:13.575+0700] {processor.py:914} INFO - Processing file /opt/airflow/dags/dag_scraping_daily.py for tasks to queue
[2026-03-27T14:59:13.579+0700] {logging_mixin.py:190} INFO - [2026-03-27T14:59:13.578+0700] {dagbag.py:587} INFO - Filling up the DagBag from /opt/airflow/dags/dag_scraping_daily.py
[2026-03-27T14:59:13.604+0700] {processor.py:925} INFO - DAG(s) 'dag_scraping_daily' retrieved from /opt/airflow/dags/dag_scraping_daily.py
[2026-03-27T14:59:13.637+0700] {logging_mixin.py:190} INFO - [2026-03-27T14:59:13.636+0700] {dag.py:3211} INFO - Sync 1 DAGs
[2026-03-27T14:59:13.667+0700] {logging_mixin.py:190} INFO - [2026-03-27T14:59:13.666+0700] {dag.py:4138} INFO - Setting next_dagrun for dag_scraping_daily to 2026-03-27 05:00:00+00:00, run_after=2026-03-27 17:00:00+00:00
[2026-03-27T14:59:13.692+0700] {processor.py:208} INFO - Processing /opt/airflow/dags/dag_scraping_daily.py took 0.126 seconds
[2026-03-27T14:59:43.881+0700] {processor.py:186} INFO - Started process (PID=3690) to work on /opt/airflow/dags/dag_scraping_daily.py
[2026-03-27T14:59:43.883+0700] {processor.py:914} INFO - Processing file /opt/airflow/dags/dag_scraping_daily.py for tasks to queue
[2026-03-27T14:59:43.888+0700] {logging_mixin.py:190} INFO - [2026-03-27T14:59:43.887+0700] {dagbag.py:587} INFO - Filling up the DagBag from /opt/airflow/dags/dag_scraping_daily.py
[2026-03-27T14:59:43.919+0700] {processor.py:925} INFO - DAG(s) 'dag_scraping_daily' retrieved from /opt/airflow/dags/dag_scraping_daily.py
[2026-03-27T14:59:43.959+0700] {logging_mixin.py:190} INFO - [2026-03-27T14:59:43.959+0700] {dag.py:3211} INFO - Sync 1 DAGs
[2026-03-27T14:59:44.005+0700] {logging_mixin.py:190} INFO - [2026-03-27T14:59:44.005+0700] {dag.py:4138} INFO - Setting next_dagrun for dag_scraping_daily to 2026-03-27 05:00:00+00:00, run_after=2026-03-27 17:00:00+00:00
[2026-03-27T14:59:44.035+0700] {processor.py:208} INFO - Processing /opt/airflow/dags/dag_scraping_daily.py took 0.164 seconds
[2026-03-27T15:00:14.396+0700] {processor.py:186} INFO - Started process (PID=3718) to work on /opt/airflow/dags/dag_scraping_daily.py
[2026-03-27T15:00:14.398+0700] {processor.py:914} INFO - Processing file /opt/airflow/dags/dag_scraping_daily.py for tasks to queue
[2026-03-27T15:00:14.403+0700] {logging_mixin.py:190} INFO - [2026-03-27T15:00:14.402+0700] {dagbag.py:587} INFO - Filling up the DagBag from /opt/airflow/dags/dag_scraping_daily.py
[2026-03-27T15:00:14.431+0700] {processor.py:925} INFO - DAG(s) 'dag_scraping_daily' retrieved from /opt/airflow/dags/dag_scraping_daily.py
[2026-03-27T15:00:14.468+0700] {logging_mixin.py:190} INFO - [2026-03-27T15:00:14.468+0700] {dag.py:3211} INFO - Sync 1 DAGs
[2026-03-27T15:00:14.497+0700] {logging_mixin.py:190} INFO - [2026-03-27T15:00:14.497+0700] {dag.py:4138} INFO - Setting next_dagrun for dag_scraping_daily to 2026-03-27 05:00:00+00:00, run_after=2026-03-27 17:00:00+00:00
[2026-03-27T15:00:14.523+0700] {processor.py:208} INFO - Processing /opt/airflow/dags/dag_scraping_daily.py took 0.138 seconds
[2026-03-27T15:00:45.118+0700] {processor.py:186} INFO - Started process (PID=3746) to work on /opt/airflow/dags/dag_scraping_daily.py
[2026-03-27T15:00:45.121+0700] {processor.py:914} INFO - Processing file /opt/airflow/dags/dag_scraping_daily.py for tasks to queue
[2026-03-27T15:00:45.128+0700] {logging_mixin.py:190} INFO - [2026-03-27T15:00:45.127+0700] {dagbag.py:587} INFO - Filling up the DagBag from /opt/airflow/dags/dag_scraping_daily.py
[2026-03-27T15:00:45.158+0700] {processor.py:925} INFO - DAG(s) 'dag_scraping_daily' retrieved from /opt/airflow/dags/dag_scraping_daily.py
[2026-03-27T15:00:45.202+0700] {logging_mixin.py:190} INFO - [2026-03-27T15:00:45.202+0700] {dag.py:3211} INFO - Sync 1 DAGs
[2026-03-27T15:00:45.242+0700] {logging_mixin.py:190} INFO - [2026-03-27T15:00:45.241+0700] {dag.py:4138} INFO - Setting next_dagrun for dag_scraping_daily to 2026-03-27 05:00:00+00:00, run_after=2026-03-27 17:00:00+00:00
[2026-03-27T15:00:45.274+0700] {processor.py:208} INFO - Processing /opt/airflow/dags/dag_scraping_daily.py took 0.167 seconds
[2026-03-27T15:01:15.459+0700] {processor.py:186} INFO - Started process (PID=3774) to work on /opt/airflow/dags/dag_scraping_daily.py
[2026-03-27T15:01:15.461+0700] {processor.py:914} INFO - Processing file /opt/airflow/dags/dag_scraping_daily.py for tasks to queue
[2026-03-27T15:01:15.465+0700] {logging_mixin.py:190} INFO - [2026-03-27T15:01:15.464+0700] {dagbag.py:587} INFO - Filling up the DagBag from /opt/airflow/dags/dag_scraping_daily.py
[2026-03-27T15:01:15.492+0700] {processor.py:925} INFO - DAG(s) 'dag_scraping_daily' retrieved from /opt/airflow/dags/dag_scraping_daily.py
[2026-03-27T15:01:15.535+0700] {logging_mixin.py:190} INFO - [2026-03-27T15:01:15.534+0700] {dag.py:3211} INFO - Sync 1 DAGs
[2026-03-27T15:01:15.569+0700] {logging_mixin.py:190} INFO - [2026-03-27T15:01:15.569+0700] {dag.py:4138} INFO - Setting next_dagrun for dag_scraping_daily to 2026-03-27 05:00:00+00:00, run_after=2026-03-27 17:00:00+00:00
[2026-03-27T15:01:15.596+0700] {processor.py:208} INFO - Processing /opt/airflow/dags/dag_scraping_daily.py took 0.146 seconds
[2026-03-27T15:01:45.816+0700] {processor.py:186} INFO - Started process (PID=3801) to work on /opt/airflow/dags/dag_scraping_daily.py
[2026-03-27T15:01:45.818+0700] {processor.py:914} INFO - Processing file /opt/airflow/dags/dag_scraping_daily.py for tasks to queue
[2026-03-27T15:01:45.824+0700] {logging_mixin.py:190} INFO - [2026-03-27T15:01:45.823+0700] {dagbag.py:587} INFO - Filling up the DagBag from /opt/airflow/dags/dag_scraping_daily.py
[2026-03-27T15:01:45.864+0700] {processor.py:925} INFO - DAG(s) 'dag_scraping_daily' retrieved from /opt/airflow/dags/dag_scraping_daily.py
[2026-03-27T15:01:45.914+0700] {logging_mixin.py:190} INFO - [2026-03-27T15:01:45.914+0700] {dag.py:3211} INFO - Sync 1 DAGs
[2026-03-27T15:01:45.952+0700] {logging_mixin.py:190} INFO - [2026-03-27T15:01:45.952+0700] {dag.py:4138} INFO - Setting next_dagrun for dag_scraping_daily to 2026-03-27 05:00:00+00:00, run_after=2026-03-27 17:00:00+00:00
[2026-03-27T15:01:45.976+0700] {processor.py:208} INFO - Processing /opt/airflow/dags/dag_scraping_daily.py took 0.177 seconds
[2026-03-27T15:02:16.285+0700] {processor.py:186} INFO - Started process (PID=3829) to work on /opt/airflow/dags/dag_scraping_daily.py
[2026-03-27T15:02:16.286+0700] {processor.py:914} INFO - Processing file /opt/airflow/dags/dag_scraping_daily.py for tasks to queue
[2026-03-27T15:02:16.289+0700] {logging_mixin.py:190} INFO - [2026-03-27T15:02:16.289+0700] {dagbag.py:587} INFO - Filling up the DagBag from /opt/airflow/dags/dag_scraping_daily.py
[2026-03-27T15:02:16.312+0700] {processor.py:925} INFO - DAG(s) 'dag_scraping_daily' retrieved from /opt/airflow/dags/dag_scraping_daily.py
[2026-03-27T15:02:16.348+0700] {logging_mixin.py:190} INFO - [2026-03-27T15:02:16.348+0700] {dag.py:3211} INFO - Sync 1 DAGs
[2026-03-27T15:02:16.381+0700] {logging_mixin.py:190} INFO - [2026-03-27T15:02:16.381+0700] {dag.py:4138} INFO - Setting next_dagrun for dag_scraping_daily to 2026-03-27 05:00:00+00:00, run_after=2026-03-27 17:00:00+00:00
[2026-03-27T15:02:16.412+0700] {processor.py:208} INFO - Processing /opt/airflow/dags/dag_scraping_daily.py took 0.137 seconds
[2026-03-27T15:02:47.129+0700] {processor.py:186} INFO - Started process (PID=3857) to work on /opt/airflow/dags/dag_scraping_daily.py
[2026-03-27T15:02:47.131+0700] {processor.py:914} INFO - Processing file /opt/airflow/dags/dag_scraping_daily.py for tasks to queue
[2026-03-27T15:02:47.136+0700] {logging_mixin.py:190} INFO - [2026-03-27T15:02:47.135+0700] {dagbag.py:587} INFO - Filling up the DagBag from /opt/airflow/dags/dag_scraping_daily.py
[2026-03-27T15:02:47.172+0700] {processor.py:925} INFO - DAG(s) 'dag_scraping_daily' retrieved from /opt/airflow/dags/dag_scraping_daily.py
[2026-03-27T15:02:47.220+0700] {logging_mixin.py:190} INFO - [2026-03-27T15:02:47.220+0700] {dag.py:3211} INFO - Sync 1 DAGs
[2026-03-27T15:02:47.262+0700] {logging_mixin.py:190} INFO - [2026-03-27T15:02:47.261+0700] {dag.py:4138} INFO - Setting next_dagrun for dag_scraping_daily to 2026-03-27 05:00:00+00:00, run_after=2026-03-27 17:00:00+00:00
[2026-03-27T15:02:47.291+0700] {processor.py:208} INFO - Processing /opt/airflow/dags/dag_scraping_daily.py took 0.172 seconds
[2026-03-27T15:03:18.138+0700] {processor.py:186} INFO - Started process (PID=3885) to work on /opt/airflow/dags/dag_scraping_daily.py
[2026-03-27T15:03:18.139+0700] {processor.py:914} INFO - Processing file /opt/airflow/dags/dag_scraping_daily.py for tasks to queue
[2026-03-27T15:03:18.143+0700] {logging_mixin.py:190} INFO - [2026-03-27T15:03:18.142+0700] {dagbag.py:587} INFO - Filling up the DagBag from /opt/airflow/dags/dag_scraping_daily.py
[2026-03-27T15:03:18.165+0700] {processor.py:925} INFO - DAG(s) 'dag_scraping_daily' retrieved from /opt/airflow/dags/dag_scraping_daily.py
[2026-03-27T15:03:18.197+0700] {logging_mixin.py:190} INFO - [2026-03-27T15:03:18.196+0700] {dag.py:3211} INFO - Sync 1 DAGs
[2026-03-27T15:03:18.225+0700] {logging_mixin.py:190} INFO - [2026-03-27T15:03:18.225+0700] {dag.py:4138} INFO - Setting next_dagrun for dag_scraping_daily to 2026-03-27 05:00:00+00:00, run_after=2026-03-27 17:00:00+00:00
[2026-03-27T15:03:18.250+0700] {processor.py:208} INFO - Processing /opt/airflow/dags/dag_scraping_daily.py took 0.122 seconds
[2026-03-27T15:03:48.382+0700] {processor.py:186} INFO - Started process (PID=3913) to work on /opt/airflow/dags/dag_scraping_daily.py
[2026-03-27T15:03:48.384+0700] {processor.py:914} INFO - Processing file /opt/airflow/dags/dag_scraping_daily.py for tasks to queue
[2026-03-27T15:03:48.390+0700] {logging_mixin.py:190} INFO - [2026-03-27T15:03:48.389+0700] {dagbag.py:587} INFO - Filling up the DagBag from /opt/airflow/dags/dag_scraping_daily.py
[2026-03-27T15:03:48.416+0700] {processor.py:925} INFO - DAG(s) 'dag_scraping_daily' retrieved from /opt/airflow/dags/dag_scraping_daily.py
[2026-03-27T15:03:48.451+0700] {logging_mixin.py:190} INFO - [2026-03-27T15:03:48.451+0700] {dag.py:3211} INFO - Sync 1 DAGs
[2026-03-27T15:03:48.483+0700] {logging_mixin.py:190} INFO - [2026-03-27T15:03:48.482+0700] {dag.py:4138} INFO - Setting next_dagrun for dag_scraping_daily to 2026-03-27 05:00:00+00:00, run_after=2026-03-27 17:00:00+00:00
[2026-03-27T15:03:48.507+0700] {processor.py:208} INFO - Processing /opt/airflow/dags/dag_scraping_daily.py took 0.133 seconds
[2026-03-27T15:04:19.156+0700] {processor.py:186} INFO - Started process (PID=3941) to work on /opt/airflow/dags/dag_scraping_daily.py
[2026-03-27T15:04:19.157+0700] {processor.py:914} INFO - Processing file /opt/airflow/dags/dag_scraping_daily.py for tasks to queue
[2026-03-27T15:04:19.163+0700] {logging_mixin.py:190} INFO - [2026-03-27T15:04:19.162+0700] {dagbag.py:587} INFO - Filling up the DagBag from /opt/airflow/dags/dag_scraping_daily.py
[2026-03-27T15:04:19.197+0700] {processor.py:925} INFO - DAG(s) 'dag_scraping_daily' retrieved from /opt/airflow/dags/dag_scraping_daily.py
[2026-03-27T15:04:19.242+0700] {logging_mixin.py:190} INFO - [2026-03-27T15:04:19.242+0700] {dag.py:3211} INFO - Sync 1 DAGs
[2026-03-27T15:04:19.286+0700] {logging_mixin.py:190} INFO - [2026-03-27T15:04:19.286+0700] {dag.py:4138} INFO - Setting next_dagrun for dag_scraping_daily to 2026-03-27 05:00:00+00:00, run_after=2026-03-27 17:00:00+00:00
[2026-03-27T15:04:19.317+0700] {processor.py:208} INFO - Processing /opt/airflow/dags/dag_scraping_daily.py took 0.168 seconds
[2026-03-27T15:04:49.573+0700] {processor.py:186} INFO - Started process (PID=3969) to work on /opt/airflow/dags/dag_scraping_daily.py
[2026-03-27T15:04:49.574+0700] {processor.py:914} INFO - Processing file /opt/airflow/dags/dag_scraping_daily.py for tasks to queue
[2026-03-27T15:04:49.580+0700] {logging_mixin.py:190} INFO - [2026-03-27T15:04:49.579+0700] {dagbag.py:587} INFO - Filling up the DagBag from /opt/airflow/dags/dag_scraping_daily.py
[2026-03-27T15:04:49.609+0700] {processor.py:925} INFO - DAG(s) 'dag_scraping_daily' retrieved from /opt/airflow/dags/dag_scraping_daily.py
[2026-03-27T15:04:49.650+0700] {logging_mixin.py:190} INFO - [2026-03-27T15:04:49.650+0700] {dag.py:3211} INFO - Sync 1 DAGs
[2026-03-27T15:04:49.684+0700] {logging_mixin.py:190} INFO - [2026-03-27T15:04:49.684+0700] {dag.py:4138} INFO - Setting next_dagrun for dag_scraping_daily to 2026-03-27 05:00:00+00:00, run_after=2026-03-27 17:00:00+00:00
[2026-03-27T15:04:49.715+0700] {processor.py:208} INFO - Processing /opt/airflow/dags/dag_scraping_daily.py took 0.154 seconds
[2026-03-27T15:05:20.059+0700] {processor.py:186} INFO - Started process (PID=3997) to work on /opt/airflow/dags/dag_scraping_daily.py
[2026-03-27T15:05:20.060+0700] {processor.py:914} INFO - Processing file /opt/airflow/dags/dag_scraping_daily.py for tasks to queue
[2026-03-27T15:05:20.063+0700] {logging_mixin.py:190} INFO - [2026-03-27T15:05:20.063+0700] {dagbag.py:587} INFO - Filling up the DagBag from /opt/airflow/dags/dag_scraping_daily.py
[2026-03-27T15:05:20.088+0700] {processor.py:925} INFO - DAG(s) 'dag_scraping_daily' retrieved from /opt/airflow/dags/dag_scraping_daily.py
[2026-03-27T15:05:20.118+0700] {logging_mixin.py:190} INFO - [2026-03-27T15:05:20.118+0700] {dag.py:3211} INFO - Sync 1 DAGs
[2026-03-27T15:05:20.153+0700] {logging_mixin.py:190} INFO - [2026-03-27T15:05:20.153+0700] {dag.py:4138} INFO - Setting next_dagrun for dag_scraping_daily to 2026-03-27 05:00:00+00:00, run_after=2026-03-27 17:00:00+00:00
[2026-03-27T15:05:20.178+0700] {processor.py:208} INFO - Processing /opt/airflow/dags/dag_scraping_daily.py took 0.128 seconds
[2026-03-27T15:05:50.356+0700] {processor.py:186} INFO - Started process (PID=4025) to work on /opt/airflow/dags/dag_scraping_daily.py
[2026-03-27T15:05:50.358+0700] {processor.py:914} INFO - Processing file /opt/airflow/dags/dag_scraping_daily.py for tasks to queue
[2026-03-27T15:05:50.361+0700] {logging_mixin.py:190} INFO - [2026-03-27T15:05:50.361+0700] {dagbag.py:587} INFO - Filling up the DagBag from /opt/airflow/dags/dag_scraping_daily.py
[2026-03-27T15:05:50.384+0700] {processor.py:925} INFO - DAG(s) 'dag_scraping_daily' retrieved from /opt/airflow/dags/dag_scraping_daily.py
[2026-03-27T15:05:50.418+0700] {logging_mixin.py:190} INFO - [2026-03-27T15:05:50.418+0700] {dag.py:3211} INFO - Sync 1 DAGs
[2026-03-27T15:05:50.450+0700] {logging_mixin.py:190} INFO - [2026-03-27T15:05:50.450+0700] {dag.py:4138} INFO - Setting next_dagrun for dag_scraping_daily to 2026-03-27 05:00:00+00:00, run_after=2026-03-27 17:00:00+00:00
[2026-03-27T15:05:50.478+0700] {processor.py:208} INFO - Processing /opt/airflow/dags/dag_scraping_daily.py took 0.131 seconds
[2026-03-27T15:06:20.645+0700] {processor.py:186} INFO - Started process (PID=4053) to work on /opt/airflow/dags/dag_scraping_daily.py
[2026-03-27T15:06:20.647+0700] {processor.py:914} INFO - Processing file /opt/airflow/dags/dag_scraping_daily.py for tasks to queue
[2026-03-27T15:06:20.651+0700] {logging_mixin.py:190} INFO - [2026-03-27T15:06:20.650+0700] {dagbag.py:587} INFO - Filling up the DagBag from /opt/airflow/dags/dag_scraping_daily.py
[2026-03-27T15:06:20.674+0700] {processor.py:925} INFO - DAG(s) 'dag_scraping_daily' retrieved from /opt/airflow/dags/dag_scraping_daily.py
[2026-03-27T15:06:20.707+0700] {logging_mixin.py:190} INFO - [2026-03-27T15:06:20.707+0700] {dag.py:3211} INFO - Sync 1 DAGs
[2026-03-27T15:06:20.737+0700] {logging_mixin.py:190} INFO - [2026-03-27T15:06:20.736+0700] {dag.py:4138} INFO - Setting next_dagrun for dag_scraping_daily to 2026-03-27 05:00:00+00:00, run_after=2026-03-27 17:00:00+00:00
[2026-03-27T15:06:20.763+0700] {processor.py:208} INFO - Processing /opt/airflow/dags/dag_scraping_daily.py took 0.126 seconds
[2026-03-27T15:06:51.018+0700] {processor.py:186} INFO - Started process (PID=4081) to work on /opt/airflow/dags/dag_scraping_daily.py
[2026-03-27T15:06:51.021+0700] {processor.py:914} INFO - Processing file /opt/airflow/dags/dag_scraping_daily.py for tasks to queue
[2026-03-27T15:06:51.031+0700] {logging_mixin.py:190} INFO - [2026-03-27T15:06:51.029+0700] {dagbag.py:587} INFO - Filling up the DagBag from /opt/airflow/dags/dag_scraping_daily.py
[2026-03-27T15:06:51.082+0700] {processor.py:925} INFO - DAG(s) 'dag_scraping_daily' retrieved from /opt/airflow/dags/dag_scraping_daily.py
[2026-03-27T15:06:51.159+0700] {logging_mixin.py:190} INFO - [2026-03-27T15:06:51.158+0700] {dag.py:3211} INFO - Sync 1 DAGs
[2026-03-27T15:06:51.224+0700] {logging_mixin.py:190} INFO - [2026-03-27T15:06:51.223+0700] {dag.py:4138} INFO - Setting next_dagrun for dag_scraping_daily to 2026-03-27 05:00:00+00:00, run_after=2026-03-27 17:00:00+00:00
[2026-03-27T15:06:51.283+0700] {processor.py:208} INFO - Processing /opt/airflow/dags/dag_scraping_daily.py took 0.289 seconds
[2026-03-27T15:07:21.563+0700] {processor.py:186} INFO - Started process (PID=4109) to work on /opt/airflow/dags/dag_scraping_daily.py
[2026-03-27T15:07:21.564+0700] {processor.py:914} INFO - Processing file /opt/airflow/dags/dag_scraping_daily.py for tasks to queue
[2026-03-27T15:07:21.568+0700] {logging_mixin.py:190} INFO - [2026-03-27T15:07:21.567+0700] {dagbag.py:587} INFO - Filling up the DagBag from /opt/airflow/dags/dag_scraping_daily.py
[2026-03-27T15:07:21.595+0700] {processor.py:925} INFO - DAG(s) 'dag_scraping_daily' retrieved from /opt/airflow/dags/dag_scraping_daily.py
[2026-03-27T15:07:21.630+0700] {logging_mixin.py:190} INFO - [2026-03-27T15:07:21.629+0700] {dag.py:3211} INFO - Sync 1 DAGs
[2026-03-27T15:07:21.659+0700] {logging_mixin.py:190} INFO - [2026-03-27T15:07:21.658+0700] {dag.py:4138} INFO - Setting next_dagrun for dag_scraping_daily to 2026-03-27 05:00:00+00:00, run_after=2026-03-27 17:00:00+00:00
[2026-03-27T15:07:21.691+0700] {processor.py:208} INFO - Processing /opt/airflow/dags/dag_scraping_daily.py took 0.138 seconds
[2026-03-27T15:07:52.003+0700] {processor.py:186} INFO - Started process (PID=4138) to work on /opt/airflow/dags/dag_scraping_daily.py
[2026-03-27T15:07:52.004+0700] {processor.py:914} INFO - Processing file /opt/airflow/dags/dag_scraping_daily.py for tasks to queue
[2026-03-27T15:07:52.010+0700] {logging_mixin.py:190} INFO - [2026-03-27T15:07:52.009+0700] {dagbag.py:587} INFO - Filling up the DagBag from /opt/airflow/dags/dag_scraping_daily.py
[2026-03-27T15:07:52.045+0700] {processor.py:925} INFO - DAG(s) 'dag_scraping_daily' retrieved from /opt/airflow/dags/dag_scraping_daily.py
[2026-03-27T15:07:52.099+0700] {logging_mixin.py:190} INFO - [2026-03-27T15:07:52.099+0700] {dag.py:3211} INFO - Sync 1 DAGs
[2026-03-27T15:07:52.145+0700] {logging_mixin.py:190} INFO - [2026-03-27T15:07:52.145+0700] {dag.py:4138} INFO - Setting next_dagrun for dag_scraping_daily to 2026-03-27 05:00:00+00:00, run_after=2026-03-27 17:00:00+00:00
[2026-03-27T15:07:52.174+0700] {processor.py:208} INFO - Processing /opt/airflow/dags/dag_scraping_daily.py took 0.185 seconds
[2026-03-27T15:08:22.814+0700] {processor.py:186} INFO - Started process (PID=4166) to work on /opt/airflow/dags/dag_scraping_daily.py
[2026-03-27T15:08:22.815+0700] {processor.py:914} INFO - Processing file /opt/airflow/dags/dag_scraping_daily.py for tasks to queue
[2026-03-27T15:08:22.821+0700] {logging_mixin.py:190} INFO - [2026-03-27T15:08:22.820+0700] {dagbag.py:587} INFO - Filling up the DagBag from /opt/airflow/dags/dag_scraping_daily.py
[2026-03-27T15:08:22.844+0700] {processor.py:925} INFO - DAG(s) 'dag_scraping_daily' retrieved from /opt/airflow/dags/dag_scraping_daily.py
[2026-03-27T15:08:22.883+0700] {logging_mixin.py:190} INFO - [2026-03-27T15:08:22.882+0700] {dag.py:3211} INFO - Sync 1 DAGs
[2026-03-27T15:08:22.920+0700] {logging_mixin.py:190} INFO - [2026-03-27T15:08:22.920+0700] {dag.py:4138} INFO - Setting next_dagrun for dag_scraping_daily to 2026-03-27 05:00:00+00:00, run_after=2026-03-27 17:00:00+00:00
[2026-03-27T15:08:22.945+0700] {processor.py:208} INFO - Processing /opt/airflow/dags/dag_scraping_daily.py took 0.138 seconds
[2026-03-27T15:08:53.453+0700] {processor.py:186} INFO - Started process (PID=4194) to work on /opt/airflow/dags/dag_scraping_daily.py
[2026-03-27T15:08:53.456+0700] {processor.py:914} INFO - Processing file /opt/airflow/dags/dag_scraping_daily.py for tasks to queue
[2026-03-27T15:08:53.460+0700] {logging_mixin.py:190} INFO - [2026-03-27T15:08:53.459+0700] {dagbag.py:587} INFO - Filling up the DagBag from /opt/airflow/dags/dag_scraping_daily.py
[2026-03-27T15:08:53.489+0700] {processor.py:925} INFO - DAG(s) 'dag_scraping_daily' retrieved from /opt/airflow/dags/dag_scraping_daily.py
[2026-03-27T15:08:53.528+0700] {logging_mixin.py:190} INFO - [2026-03-27T15:08:53.528+0700] {dag.py:3211} INFO - Sync 1 DAGs
[2026-03-27T15:08:53.566+0700] {logging_mixin.py:190} INFO - [2026-03-27T15:08:53.565+0700] {dag.py:4138} INFO - Setting next_dagrun for dag_scraping_daily to 2026-03-27 05:00:00+00:00, run_after=2026-03-27 17:00:00+00:00
[2026-03-27T15:08:53.597+0700] {processor.py:208} INFO - Processing /opt/airflow/dags/dag_scraping_daily.py took 0.151 seconds
[2026-03-27T15:09:23.965+0700] {processor.py:186} INFO - Started process (PID=4222) to work on /opt/airflow/dags/dag_scraping_daily.py
[2026-03-27T15:09:23.967+0700] {processor.py:914} INFO - Processing file /opt/airflow/dags/dag_scraping_daily.py for tasks to queue
[2026-03-27T15:09:23.972+0700] {logging_mixin.py:190} INFO - [2026-03-27T15:09:23.971+0700] {dagbag.py:587} INFO - Filling up the DagBag from /opt/airflow/dags/dag_scraping_daily.py
[2026-03-27T15:09:23.998+0700] {processor.py:925} INFO - DAG(s) 'dag_scraping_daily' retrieved from /opt/airflow/dags/dag_scraping_daily.py
[2026-03-27T15:09:24.036+0700] {logging_mixin.py:190} INFO - [2026-03-27T15:09:24.035+0700] {dag.py:3211} INFO - Sync 1 DAGs
[2026-03-27T15:09:24.066+0700] {logging_mixin.py:190} INFO - [2026-03-27T15:09:24.065+0700] {dag.py:4138} INFO - Setting next_dagrun for dag_scraping_daily to 2026-03-27 05:00:00+00:00, run_after=2026-03-27 17:00:00+00:00
[2026-03-27T15:09:24.093+0700] {processor.py:208} INFO - Processing /opt/airflow/dags/dag_scraping_daily.py took 0.141 seconds
[2026-03-27T15:09:54.598+0700] {processor.py:186} INFO - Started process (PID=4250) to work on /opt/airflow/dags/dag_scraping_daily.py
[2026-03-27T15:09:54.599+0700] {processor.py:914} INFO - Processing file /opt/airflow/dags/dag_scraping_daily.py for tasks to queue
[2026-03-27T15:09:54.604+0700] {logging_mixin.py:190} INFO - [2026-03-27T15:09:54.603+0700] {dagbag.py:587} INFO - Filling up the DagBag from /opt/airflow/dags/dag_scraping_daily.py
[2026-03-27T15:09:54.634+0700] {processor.py:925} INFO - DAG(s) 'dag_scraping_daily' retrieved from /opt/airflow/dags/dag_scraping_daily.py
[2026-03-27T15:09:54.668+0700] {logging_mixin.py:190} INFO - [2026-03-27T15:09:54.668+0700] {dag.py:3211} INFO - Sync 1 DAGs
[2026-03-27T15:09:54.701+0700] {logging_mixin.py:190} INFO - [2026-03-27T15:09:54.701+0700] {dag.py:4138} INFO - Setting next_dagrun for dag_scraping_daily to 2026-03-27 05:00:00+00:00, run_after=2026-03-27 17:00:00+00:00
[2026-03-27T15:09:54.725+0700] {processor.py:208} INFO - Processing /opt/airflow/dags/dag_scraping_daily.py took 0.135 seconds
[2026-03-27T15:10:25.019+0700] {processor.py:186} INFO - Started process (PID=4278) to work on /opt/airflow/dags/dag_scraping_daily.py
[2026-03-27T15:10:25.022+0700] {processor.py:914} INFO - Processing file /opt/airflow/dags/dag_scraping_daily.py for tasks to queue
[2026-03-27T15:10:25.026+0700] {logging_mixin.py:190} INFO - [2026-03-27T15:10:25.026+0700] {dagbag.py:587} INFO - Filling up the DagBag from /opt/airflow/dags/dag_scraping_daily.py
[2026-03-27T15:10:25.051+0700] {processor.py:925} INFO - DAG(s) 'dag_scraping_daily' retrieved from /opt/airflow/dags/dag_scraping_daily.py
[2026-03-27T15:10:25.086+0700] {logging_mixin.py:190} INFO - [2026-03-27T15:10:25.086+0700] {dag.py:3211} INFO - Sync 1 DAGs
[2026-03-27T15:10:25.115+0700] {logging_mixin.py:190} INFO - [2026-03-27T15:10:25.115+0700] {dag.py:4138} INFO - Setting next_dagrun for dag_scraping_daily to 2026-03-27 05:00:00+00:00, run_after=2026-03-27 17:00:00+00:00
[2026-03-27T15:10:25.143+0700] {processor.py:208} INFO - Processing /opt/airflow/dags/dag_scraping_daily.py took 0.131 seconds
[2026-03-27T15:10:55.605+0700] {processor.py:186} INFO - Started process (PID=4306) to work on /opt/airflow/dags/dag_scraping_daily.py
[2026-03-27T15:10:55.607+0700] {processor.py:914} INFO - Processing file /opt/airflow/dags/dag_scraping_daily.py for tasks to queue
[2026-03-27T15:10:55.611+0700] {logging_mixin.py:190} INFO - [2026-03-27T15:10:55.611+0700] {dagbag.py:587} INFO - Filling up the DagBag from /opt/airflow/dags/dag_scraping_daily.py
[2026-03-27T15:10:55.650+0700] {processor.py:925} INFO - DAG(s) 'dag_scraping_daily' retrieved from /opt/airflow/dags/dag_scraping_daily.py
[2026-03-27T15:10:55.695+0700] {logging_mixin.py:190} INFO - [2026-03-27T15:10:55.694+0700] {dag.py:3211} INFO - Sync 1 DAGs
[2026-03-27T15:10:55.735+0700] {logging_mixin.py:190} INFO - [2026-03-27T15:10:55.735+0700] {dag.py:4138} INFO - Setting next_dagrun for dag_scraping_daily to 2026-03-27 05:00:00+00:00, run_after=2026-03-27 17:00:00+00:00
[2026-03-27T15:10:55.775+0700] {processor.py:208} INFO - Processing /opt/airflow/dags/dag_scraping_daily.py took 0.179 seconds
[2026-03-27T15:11:25.929+0700] {processor.py:186} INFO - Started process (PID=4334) to work on /opt/airflow/dags/dag_scraping_daily.py
[2026-03-27T15:11:25.930+0700] {processor.py:914} INFO - Processing file /opt/airflow/dags/dag_scraping_daily.py for tasks to queue
[2026-03-27T15:11:25.933+0700] {logging_mixin.py:190} INFO - [2026-03-27T15:11:25.933+0700] {dagbag.py:587} INFO - Filling up the DagBag from /opt/airflow/dags/dag_scraping_daily.py
[2026-03-27T15:11:25.961+0700] {processor.py:925} INFO - DAG(s) 'dag_scraping_daily' retrieved from /opt/airflow/dags/dag_scraping_daily.py
[2026-03-27T15:11:25.999+0700] {logging_mixin.py:190} INFO - [2026-03-27T15:11:25.998+0700] {dag.py:3211} INFO - Sync 1 DAGs
[2026-03-27T15:11:26.034+0700] {logging_mixin.py:190} INFO - [2026-03-27T15:11:26.034+0700] {dag.py:4138} INFO - Setting next_dagrun for dag_scraping_daily to 2026-03-27 05:00:00+00:00, run_after=2026-03-27 17:00:00+00:00
[2026-03-27T15:11:26.066+0700] {processor.py:208} INFO - Processing /opt/airflow/dags/dag_scraping_daily.py took 0.145 seconds
[2026-03-27T15:11:56.457+0700] {processor.py:186} INFO - Started process (PID=4362) to work on /opt/airflow/dags/dag_scraping_daily.py
[2026-03-27T15:11:56.459+0700] {processor.py:914} INFO - Processing file /opt/airflow/dags/dag_scraping_daily.py for tasks to queue
[2026-03-27T15:11:56.465+0700] {logging_mixin.py:190} INFO - [2026-03-27T15:11:56.464+0700] {dagbag.py:587} INFO - Filling up the DagBag from /opt/airflow/dags/dag_scraping_daily.py
[2026-03-27T15:11:56.503+0700] {processor.py:925} INFO - DAG(s) 'dag_scraping_daily' retrieved from /opt/airflow/dags/dag_scraping_daily.py
[2026-03-27T15:11:56.542+0700] {logging_mixin.py:190} INFO - [2026-03-27T15:11:56.541+0700] {dag.py:3211} INFO - Sync 1 DAGs
[2026-03-27T15:11:56.574+0700] {logging_mixin.py:190} INFO - [2026-03-27T15:11:56.573+0700] {dag.py:4138} INFO - Setting next_dagrun for dag_scraping_daily to 2026-03-27 05:00:00+00:00, run_after=2026-03-27 17:00:00+00:00
[2026-03-27T15:11:56.596+0700] {processor.py:208} INFO - Processing /opt/airflow/dags/dag_scraping_daily.py took 0.152 seconds
[2026-03-27T15:12:26.869+0700] {processor.py:186} INFO - Started process (PID=4397) to work on /opt/airflow/dags/dag_scraping_daily.py
[2026-03-27T15:12:26.870+0700] {processor.py:914} INFO - Processing file /opt/airflow/dags/dag_scraping_daily.py for tasks to queue
[2026-03-27T15:12:26.873+0700] {logging_mixin.py:190} INFO - [2026-03-27T15:12:26.873+0700] {dagbag.py:587} INFO - Filling up the DagBag from /opt/airflow/dags/dag_scraping_daily.py
[2026-03-27T15:12:26.901+0700] {processor.py:925} INFO - DAG(s) 'dag_scraping_daily' retrieved from /opt/airflow/dags/dag_scraping_daily.py
[2026-03-27T15:12:26.939+0700] {logging_mixin.py:190} INFO - [2026-03-27T15:12:26.938+0700] {dag.py:3211} INFO - Sync 1 DAGs
[2026-03-27T15:12:26.970+0700] {logging_mixin.py:190} INFO - [2026-03-27T15:12:26.970+0700] {dag.py:4138} INFO - Setting next_dagrun for dag_scraping_daily to 2026-03-27 05:00:00+00:00, run_after=2026-03-27 17:00:00+00:00
[2026-03-27T15:12:27.003+0700] {processor.py:208} INFO - Processing /opt/airflow/dags/dag_scraping_daily.py took 0.141 seconds
[2026-03-27T15:12:57.789+0700] {processor.py:186} INFO - Started process (PID=4425) to work on /opt/airflow/dags/dag_scraping_daily.py
[2026-03-27T15:12:57.791+0700] {processor.py:914} INFO - Processing file /opt/airflow/dags/dag_scraping_daily.py for tasks to queue
[2026-03-27T15:12:57.797+0700] {logging_mixin.py:190} INFO - [2026-03-27T15:12:57.796+0700] {dagbag.py:587} INFO - Filling up the DagBag from /opt/airflow/dags/dag_scraping_daily.py
[2026-03-27T15:12:57.828+0700] {processor.py:925} INFO - DAG(s) 'dag_scraping_daily' retrieved from /opt/airflow/dags/dag_scraping_daily.py
[2026-03-27T15:12:57.865+0700] {logging_mixin.py:190} INFO - [2026-03-27T15:12:57.865+0700] {dag.py:3211} INFO - Sync 1 DAGs
[2026-03-27T15:12:57.902+0700] {logging_mixin.py:190} INFO - [2026-03-27T15:12:57.902+0700] {dag.py:4138} INFO - Setting next_dagrun for dag_scraping_daily to 2026-03-27 05:00:00+00:00, run_after=2026-03-27 17:00:00+00:00
[2026-03-27T15:12:57.927+0700] {processor.py:208} INFO - Processing /opt/airflow/dags/dag_scraping_daily.py took 0.150 seconds
[2026-03-27T15:13:28.699+0700] {processor.py:186} INFO - Started process (PID=4453) to work on /opt/airflow/dags/dag_scraping_daily.py
[2026-03-27T15:13:28.701+0700] {processor.py:914} INFO - Processing file /opt/airflow/dags/dag_scraping_daily.py for tasks to queue
[2026-03-27T15:13:28.706+0700] {logging_mixin.py:190} INFO - [2026-03-27T15:13:28.705+0700] {dagbag.py:587} INFO - Filling up the DagBag from /opt/airflow/dags/dag_scraping_daily.py
[2026-03-27T15:13:28.739+0700] {processor.py:925} INFO - DAG(s) 'dag_scraping_daily' retrieved from /opt/airflow/dags/dag_scraping_daily.py
[2026-03-27T15:13:28.775+0700] {logging_mixin.py:190} INFO - [2026-03-27T15:13:28.775+0700] {dag.py:3211} INFO - Sync 1 DAGs
[2026-03-27T15:13:28.812+0700] {logging_mixin.py:190} INFO - [2026-03-27T15:13:28.812+0700] {dag.py:4138} INFO - Setting next_dagrun for dag_scraping_daily to 2026-03-27 05:00:00+00:00, run_after=2026-03-27 17:00:00+00:00
[2026-03-27T15:13:28.844+0700] {processor.py:208} INFO - Processing /opt/airflow/dags/dag_scraping_daily.py took 0.155 seconds
[2026-03-27T15:13:58.976+0700] {processor.py:186} INFO - Started process (PID=4481) to work on /opt/airflow/dags/dag_scraping_daily.py
[2026-03-27T15:13:58.978+0700] {processor.py:914} INFO - Processing file /opt/airflow/dags/dag_scraping_daily.py for tasks to queue
[2026-03-27T15:13:58.983+0700] {logging_mixin.py:190} INFO - [2026-03-27T15:13:58.982+0700] {dagbag.py:587} INFO - Filling up the DagBag from /opt/airflow/dags/dag_scraping_daily.py
[2026-03-27T15:13:59.012+0700] {processor.py:925} INFO - DAG(s) 'dag_scraping_daily' retrieved from /opt/airflow/dags/dag_scraping_daily.py
[2026-03-27T15:13:59.059+0700] {logging_mixin.py:190} INFO - [2026-03-27T15:13:59.059+0700] {dag.py:3211} INFO - Sync 1 DAGs
[2026-03-27T15:13:59.093+0700] {logging_mixin.py:190} INFO - [2026-03-27T15:13:59.093+0700] {dag.py:4138} INFO - Setting next_dagrun for dag_scraping_daily to 2026-03-27 05:00:00+00:00, run_after=2026-03-27 17:00:00+00:00
[2026-03-27T15:13:59.120+0700] {processor.py:208} INFO - Processing /opt/airflow/dags/dag_scraping_daily.py took 0.154 seconds
[2026-03-27T15:14:29.498+0700] {processor.py:186} INFO - Started process (PID=4509) to work on /opt/airflow/dags/dag_scraping_daily.py
[2026-03-27T15:14:29.500+0700] {processor.py:914} INFO - Processing file /opt/airflow/dags/dag_scraping_daily.py for tasks to queue
[2026-03-27T15:14:29.504+0700] {logging_mixin.py:190} INFO - [2026-03-27T15:14:29.504+0700] {dagbag.py:587} INFO - Filling up the DagBag from /opt/airflow/dags/dag_scraping_daily.py
[2026-03-27T15:14:29.542+0700] {processor.py:925} INFO - DAG(s) 'dag_scraping_daily' retrieved from /opt/airflow/dags/dag_scraping_daily.py
[2026-03-27T15:14:29.576+0700] {logging_mixin.py:190} INFO - [2026-03-27T15:14:29.576+0700] {dag.py:3211} INFO - Sync 1 DAGs
[2026-03-27T15:14:29.608+0700] {logging_mixin.py:190} INFO - [2026-03-27T15:14:29.608+0700] {dag.py:4138} INFO - Setting next_dagrun for dag_scraping_daily to 2026-03-27 05:00:00+00:00, run_after=2026-03-27 17:00:00+00:00
[2026-03-27T15:14:29.635+0700] {processor.py:208} INFO - Processing /opt/airflow/dags/dag_scraping_daily.py took 0.149 seconds
[2026-03-27T15:14:59.726+0700] {processor.py:186} INFO - Started process (PID=4537) to work on /opt/airflow/dags/dag_scraping_daily.py
[2026-03-27T15:14:59.727+0700] {processor.py:914} INFO - Processing file /opt/airflow/dags/dag_scraping_daily.py for tasks to queue
[2026-03-27T15:14:59.733+0700] {logging_mixin.py:190} INFO - [2026-03-27T15:14:59.732+0700] {dagbag.py:587} INFO - Filling up the DagBag from /opt/airflow/dags/dag_scraping_daily.py
[2026-03-27T15:14:59.765+0700] {processor.py:925} INFO - DAG(s) 'dag_scraping_daily' retrieved from /opt/airflow/dags/dag_scraping_daily.py
[2026-03-27T15:14:59.807+0700] {logging_mixin.py:190} INFO - [2026-03-27T15:14:59.806+0700] {dag.py:3211} INFO - Sync 1 DAGs
[2026-03-27T15:14:59.851+0700] {logging_mixin.py:190} INFO - [2026-03-27T15:14:59.851+0700] {dag.py:4138} INFO - Setting next_dagrun for dag_scraping_daily to 2026-03-27 05:00:00+00:00, run_after=2026-03-27 17:00:00+00:00
[2026-03-27T15:14:59.884+0700] {processor.py:208} INFO - Processing /opt/airflow/dags/dag_scraping_daily.py took 0.168 seconds
[2026-03-27T15:15:30.009+0700] {processor.py:186} INFO - Started process (PID=4565) to work on /opt/airflow/dags/dag_scraping_daily.py
[2026-03-27T15:15:30.013+0700] {processor.py:914} INFO - Processing file /opt/airflow/dags/dag_scraping_daily.py for tasks to queue
[2026-03-27T15:15:30.019+0700] {logging_mixin.py:190} INFO - [2026-03-27T15:15:30.018+0700] {dagbag.py:587} INFO - Filling up the DagBag from /opt/airflow/dags/dag_scraping_daily.py
[2026-03-27T15:15:30.060+0700] {processor.py:925} INFO - DAG(s) 'dag_scraping_daily' retrieved from /opt/airflow/dags/dag_scraping_daily.py
[2026-03-27T15:15:30.108+0700] {logging_mixin.py:190} INFO - [2026-03-27T15:15:30.108+0700] {dag.py:3211} INFO - Sync 1 DAGs
[2026-03-27T15:15:30.143+0700] {logging_mixin.py:190} INFO - [2026-03-27T15:15:30.143+0700] {dag.py:4138} INFO - Setting next_dagrun for dag_scraping_daily to 2026-03-27 05:00:00+00:00, run_after=2026-03-27 17:00:00+00:00
[2026-03-27T15:15:30.167+0700] {processor.py:208} INFO - Processing /opt/airflow/dags/dag_scraping_daily.py took 0.171 seconds
[2026-03-27T15:16:00.614+0700] {processor.py:186} INFO - Started process (PID=4593) to work on /opt/airflow/dags/dag_scraping_daily.py
[2026-03-27T15:16:00.616+0700] {processor.py:914} INFO - Processing file /opt/airflow/dags/dag_scraping_daily.py for tasks to queue
[2026-03-27T15:16:00.621+0700] {logging_mixin.py:190} INFO - [2026-03-27T15:16:00.620+0700] {dagbag.py:587} INFO - Filling up the DagBag from /opt/airflow/dags/dag_scraping_daily.py
[2026-03-27T15:16:00.651+0700] {processor.py:925} INFO - DAG(s) 'dag_scraping_daily' retrieved from /opt/airflow/dags/dag_scraping_daily.py
[2026-03-27T15:16:00.691+0700] {logging_mixin.py:190} INFO - [2026-03-27T15:16:00.691+0700] {dag.py:3211} INFO - Sync 1 DAGs
[2026-03-27T15:16:00.727+0700] {logging_mixin.py:190} INFO - [2026-03-27T15:16:00.727+0700] {dag.py:4138} INFO - Setting next_dagrun for dag_scraping_daily to 2026-03-27 05:00:00+00:00, run_after=2026-03-27 17:00:00+00:00
[2026-03-27T15:16:00.759+0700] {processor.py:208} INFO - Processing /opt/airflow/dags/dag_scraping_daily.py took 0.155 seconds
[2026-03-27T15:16:30.870+0700] {processor.py:186} INFO - Started process (PID=4621) to work on /opt/airflow/dags/dag_scraping_daily.py
[2026-03-27T15:16:30.872+0700] {processor.py:914} INFO - Processing file /opt/airflow/dags/dag_scraping_daily.py for tasks to queue
[2026-03-27T15:16:30.878+0700] {logging_mixin.py:190} INFO - [2026-03-27T15:16:30.877+0700] {dagbag.py:587} INFO - Filling up the DagBag from /opt/airflow/dags/dag_scraping_daily.py
[2026-03-27T15:16:30.909+0700] {processor.py:925} INFO - DAG(s) 'dag_scraping_daily' retrieved from /opt/airflow/dags/dag_scraping_daily.py
[2026-03-27T15:16:30.951+0700] {logging_mixin.py:190} INFO - [2026-03-27T15:16:30.951+0700] {dag.py:3211} INFO - Sync 1 DAGs
[2026-03-27T15:16:30.984+0700] {logging_mixin.py:190} INFO - [2026-03-27T15:16:30.984+0700] {dag.py:4138} INFO - Setting next_dagrun for dag_scraping_daily to 2026-03-27 05:00:00+00:00, run_after=2026-03-27 17:00:00+00:00
[2026-03-27T15:16:31.011+0700] {processor.py:208} INFO - Processing /opt/airflow/dags/dag_scraping_daily.py took 0.151 seconds
[2026-03-27T15:17:01.646+0700] {processor.py:186} INFO - Started process (PID=4649) to work on /opt/airflow/dags/dag_scraping_daily.py
[2026-03-27T15:17:01.648+0700] {processor.py:914} INFO - Processing file /opt/airflow/dags/dag_scraping_daily.py for tasks to queue
[2026-03-27T15:17:01.651+0700] {logging_mixin.py:190} INFO - [2026-03-27T15:17:01.651+0700] {dagbag.py:587} INFO - Filling up the DagBag from /opt/airflow/dags/dag_scraping_daily.py
[2026-03-27T15:17:01.677+0700] {processor.py:925} INFO - DAG(s) 'dag_scraping_daily' retrieved from /opt/airflow/dags/dag_scraping_daily.py
[2026-03-27T15:17:01.710+0700] {logging_mixin.py:190} INFO - [2026-03-27T15:17:01.709+0700] {dag.py:3211} INFO - Sync 1 DAGs
[2026-03-27T15:17:01.739+0700] {logging_mixin.py:190} INFO - [2026-03-27T15:17:01.739+0700] {dag.py:4138} INFO - Setting next_dagrun for dag_scraping_daily to 2026-03-27 05:00:00+00:00, run_after=2026-03-27 17:00:00+00:00
[2026-03-27T15:17:01.766+0700] {processor.py:208} INFO - Processing /opt/airflow/dags/dag_scraping_daily.py took 0.128 seconds
[2026-03-27T15:17:32.313+0700] {processor.py:186} INFO - Started process (PID=4677) to work on /opt/airflow/dags/dag_scraping_daily.py
[2026-03-27T15:17:32.315+0700] {processor.py:914} INFO - Processing file /opt/airflow/dags/dag_scraping_daily.py for tasks to queue
[2026-03-27T15:17:32.322+0700] {logging_mixin.py:190} INFO - [2026-03-27T15:17:32.321+0700] {dagbag.py:587} INFO - Filling up the DagBag from /opt/airflow/dags/dag_scraping_daily.py
[2026-03-27T15:17:32.364+0700] {processor.py:925} INFO - DAG(s) 'dag_scraping_daily' retrieved from /opt/airflow/dags/dag_scraping_daily.py
[2026-03-27T15:17:32.402+0700] {logging_mixin.py:190} INFO - [2026-03-27T15:17:32.402+0700] {dag.py:3211} INFO - Sync 1 DAGs
[2026-03-27T15:17:32.432+0700] {logging_mixin.py:190} INFO - [2026-03-27T15:17:32.432+0700] {dag.py:4138} INFO - Setting next_dagrun for dag_scraping_daily to 2026-03-27 05:00:00+00:00, run_after=2026-03-27 17:00:00+00:00
[2026-03-27T15:17:32.457+0700] {processor.py:208} INFO - Processing /opt/airflow/dags/dag_scraping_daily.py took 0.157 seconds
[2026-03-27T15:18:02.785+0700] {processor.py:186} INFO - Started process (PID=4705) to work on /opt/airflow/dags/dag_scraping_daily.py
[2026-03-27T15:18:02.787+0700] {processor.py:914} INFO - Processing file /opt/airflow/dags/dag_scraping_daily.py for tasks to queue
[2026-03-27T15:18:02.790+0700] {logging_mixin.py:190} INFO - [2026-03-27T15:18:02.789+0700] {dagbag.py:587} INFO - Filling up the DagBag from /opt/airflow/dags/dag_scraping_daily.py
[2026-03-27T15:18:02.818+0700] {processor.py:925} INFO - DAG(s) 'dag_scraping_daily' retrieved from /opt/airflow/dags/dag_scraping_daily.py
[2026-03-27T15:18:02.853+0700] {logging_mixin.py:190} INFO - [2026-03-27T15:18:02.852+0700] {dag.py:3211} INFO - Sync 1 DAGs
[2026-03-27T15:18:02.885+0700] {logging_mixin.py:190} INFO - [2026-03-27T15:18:02.884+0700] {dag.py:4138} INFO - Setting next_dagrun for dag_scraping_daily to 2026-03-27 05:00:00+00:00, run_after=2026-03-27 17:00:00+00:00
[2026-03-27T15:18:02.910+0700] {processor.py:208} INFO - Processing /opt/airflow/dags/dag_scraping_daily.py took 0.133 seconds
[2026-03-27T15:18:33.250+0700] {processor.py:186} INFO - Started process (PID=4733) to work on /opt/airflow/dags/dag_scraping_daily.py
[2026-03-27T15:18:33.251+0700] {processor.py:914} INFO - Processing file /opt/airflow/dags/dag_scraping_daily.py for tasks to queue
[2026-03-27T15:18:33.255+0700] {logging_mixin.py:190} INFO - [2026-03-27T15:18:33.255+0700] {dagbag.py:587} INFO - Filling up the DagBag from /opt/airflow/dags/dag_scraping_daily.py
[2026-03-27T15:18:33.280+0700] {processor.py:925} INFO - DAG(s) 'dag_scraping_daily' retrieved from /opt/airflow/dags/dag_scraping_daily.py
[2026-03-27T15:18:33.316+0700] {logging_mixin.py:190} INFO - [2026-03-27T15:18:33.316+0700] {dag.py:3211} INFO - Sync 1 DAGs
[2026-03-27T15:18:33.348+0700] {logging_mixin.py:190} INFO - [2026-03-27T15:18:33.348+0700] {dag.py:4138} INFO - Setting next_dagrun for dag_scraping_daily to 2026-03-27 05:00:00+00:00, run_after=2026-03-27 17:00:00+00:00
[2026-03-27T15:18:33.376+0700] {processor.py:208} INFO - Processing /opt/airflow/dags/dag_scraping_daily.py took 0.133 seconds
[2026-03-27T15:19:04.058+0700] {processor.py:186} INFO - Started process (PID=4761) to work on /opt/airflow/dags/dag_scraping_daily.py
[2026-03-27T15:19:04.059+0700] {processor.py:914} INFO - Processing file /opt/airflow/dags/dag_scraping_daily.py for tasks to queue
[2026-03-27T15:19:04.063+0700] {logging_mixin.py:190} INFO - [2026-03-27T15:19:04.062+0700] {dagbag.py:587} INFO - Filling up the DagBag from /opt/airflow/dags/dag_scraping_daily.py
[2026-03-27T15:19:04.090+0700] {processor.py:925} INFO - DAG(s) 'dag_scraping_daily' retrieved from /opt/airflow/dags/dag_scraping_daily.py
[2026-03-27T15:19:04.128+0700] {logging_mixin.py:190} INFO - [2026-03-27T15:19:04.128+0700] {dag.py:3211} INFO - Sync 1 DAGs
[2026-03-27T15:19:04.158+0700] {logging_mixin.py:190} INFO - [2026-03-27T15:19:04.158+0700] {dag.py:4138} INFO - Setting next_dagrun for dag_scraping_daily to 2026-03-27 05:00:00+00:00, run_after=2026-03-27 17:00:00+00:00
[2026-03-27T15:19:04.188+0700] {processor.py:208} INFO - Processing /opt/airflow/dags/dag_scraping_daily.py took 0.139 seconds
[2026-03-27T15:19:34.565+0700] {processor.py:186} INFO - Started process (PID=4789) to work on /opt/airflow/dags/dag_scraping_daily.py
[2026-03-27T15:19:34.566+0700] {processor.py:914} INFO - Processing file /opt/airflow/dags/dag_scraping_daily.py for tasks to queue
[2026-03-27T15:19:34.571+0700] {logging_mixin.py:190} INFO - [2026-03-27T15:19:34.570+0700] {dagbag.py:587} INFO - Filling up the DagBag from /opt/airflow/dags/dag_scraping_daily.py
[2026-03-27T15:19:34.602+0700] {processor.py:925} INFO - DAG(s) 'dag_scraping_daily' retrieved from /opt/airflow/dags/dag_scraping_daily.py
[2026-03-27T15:19:34.641+0700] {logging_mixin.py:190} INFO - [2026-03-27T15:19:34.641+0700] {dag.py:3211} INFO - Sync 1 DAGs
[2026-03-27T15:19:34.673+0700] {logging_mixin.py:190} INFO - [2026-03-27T15:19:34.673+0700] {dag.py:4138} INFO - Setting next_dagrun for dag_scraping_daily to 2026-03-27 05:00:00+00:00, run_after=2026-03-27 17:00:00+00:00
[2026-03-27T15:19:34.698+0700] {processor.py:208} INFO - Processing /opt/airflow/dags/dag_scraping_daily.py took 0.145 seconds
[2026-03-27T15:20:05.115+0700] {processor.py:186} INFO - Started process (PID=4818) to work on /opt/airflow/dags/dag_scraping_daily.py
[2026-03-27T15:20:05.116+0700] {processor.py:914} INFO - Processing file /opt/airflow/dags/dag_scraping_daily.py for tasks to queue
[2026-03-27T15:20:05.120+0700] {logging_mixin.py:190} INFO - [2026-03-27T15:20:05.119+0700] {dagbag.py:587} INFO - Filling up the DagBag from /opt/airflow/dags/dag_scraping_daily.py
[2026-03-27T15:20:05.147+0700] {processor.py:925} INFO - DAG(s) 'dag_scraping_daily' retrieved from /opt/airflow/dags/dag_scraping_daily.py
[2026-03-27T15:20:05.180+0700] {logging_mixin.py:190} INFO - [2026-03-27T15:20:05.180+0700] {dag.py:3211} INFO - Sync 1 DAGs
[2026-03-27T15:20:05.218+0700] {logging_mixin.py:190} INFO - [2026-03-27T15:20:05.218+0700] {dag.py:4138} INFO - Setting next_dagrun for dag_scraping_daily to 2026-03-27 05:00:00+00:00, run_after=2026-03-27 17:00:00+00:00
[2026-03-27T15:20:05.250+0700] {processor.py:208} INFO - Processing /opt/airflow/dags/dag_scraping_daily.py took 0.142 seconds
[2026-03-27T15:20:35.631+0700] {processor.py:186} INFO - Started process (PID=4847) to work on /opt/airflow/dags/dag_scraping_daily.py
[2026-03-27T15:20:35.632+0700] {processor.py:914} INFO - Processing file /opt/airflow/dags/dag_scraping_daily.py for tasks to queue
[2026-03-27T15:20:35.636+0700] {logging_mixin.py:190} INFO - [2026-03-27T15:20:35.635+0700] {dagbag.py:587} INFO - Filling up the DagBag from /opt/airflow/dags/dag_scraping_daily.py
[2026-03-27T15:20:35.663+0700] {processor.py:925} INFO - DAG(s) 'dag_scraping_daily' retrieved from /opt/airflow/dags/dag_scraping_daily.py
[2026-03-27T15:20:35.698+0700] {logging_mixin.py:190} INFO - [2026-03-27T15:20:35.698+0700] {dag.py:3211} INFO - Sync 1 DAGs
[2026-03-27T15:20:35.729+0700] {logging_mixin.py:190} INFO - [2026-03-27T15:20:35.728+0700] {dag.py:4138} INFO - Setting next_dagrun for dag_scraping_daily to 2026-03-27 05:00:00+00:00, run_after=2026-03-27 17:00:00+00:00
[2026-03-27T15:20:35.758+0700] {processor.py:208} INFO - Processing /opt/airflow/dags/dag_scraping_daily.py took 0.133 seconds
[2026-03-27T15:21:06.167+0700] {processor.py:186} INFO - Started process (PID=4876) to work on /opt/airflow/dags/dag_scraping_daily.py
[2026-03-27T15:21:06.168+0700] {processor.py:914} INFO - Processing file /opt/airflow/dags/dag_scraping_daily.py for tasks to queue
[2026-03-27T15:21:06.173+0700] {logging_mixin.py:190} INFO - [2026-03-27T15:21:06.173+0700] {dagbag.py:587} INFO - Filling up the DagBag from /opt/airflow/dags/dag_scraping_daily.py
[2026-03-27T15:21:06.136+0700] {processor.py:925} INFO - DAG(s) 'dag_scraping_daily' retrieved from /opt/airflow/dags/dag_scraping_daily.py
[2026-03-27T15:21:06.174+0700] {logging_mixin.py:190} INFO - [2026-03-27T15:21:06.174+0700] {dag.py:3211} INFO - Sync 1 DAGs
[2026-03-27T15:21:06.205+0700] {logging_mixin.py:190} INFO - [2026-03-27T15:21:06.204+0700] {dag.py:4138} INFO - Setting next_dagrun for dag_scraping_daily to 2026-03-27 05:00:00+00:00, run_after=2026-03-27 17:00:00+00:00
[2026-03-27T15:21:06.231+0700] {processor.py:208} INFO - Processing /opt/airflow/dags/dag_scraping_daily.py took 0.134 seconds
[2026-03-27T15:21:36.711+0700] {processor.py:186} INFO - Started process (PID=4904) to work on /opt/airflow/dags/dag_scraping_daily.py
[2026-03-27T15:21:36.713+0700] {processor.py:914} INFO - Processing file /opt/airflow/dags/dag_scraping_daily.py for tasks to queue
[2026-03-27T15:21:36.720+0700] {logging_mixin.py:190} INFO - [2026-03-27T15:21:36.720+0700] {dagbag.py:587} INFO - Filling up the DagBag from /opt/airflow/dags/dag_scraping_daily.py
[2026-03-27T15:21:36.746+0700] {processor.py:925} INFO - DAG(s) 'dag_scraping_daily' retrieved from /opt/airflow/dags/dag_scraping_daily.py
[2026-03-27T15:21:36.784+0700] {logging_mixin.py:190} INFO - [2026-03-27T15:21:36.784+0700] {dag.py:3211} INFO - Sync 1 DAGs
[2026-03-27T15:21:36.813+0700] {logging_mixin.py:190} INFO - [2026-03-27T15:21:36.813+0700] {dag.py:4138} INFO - Setting next_dagrun for dag_scraping_daily to 2026-03-27 05:00:00+00:00, run_after=2026-03-27 17:00:00+00:00
[2026-03-27T15:21:36.840+0700] {processor.py:208} INFO - Processing /opt/airflow/dags/dag_scraping_daily.py took 0.136 seconds
[2026-03-27T15:22:07.028+0700] {processor.py:186} INFO - Started process (PID=4932) to work on /opt/airflow/dags/dag_scraping_daily.py
[2026-03-27T15:22:07.032+0700] {processor.py:914} INFO - Processing file /opt/airflow/dags/dag_scraping_daily.py for tasks to queue
[2026-03-27T15:22:07.037+0700] {logging_mixin.py:190} INFO - [2026-03-27T15:22:07.036+0700] {dagbag.py:587} INFO - Filling up the DagBag from /opt/airflow/dags/dag_scraping_daily.py
[2026-03-27T15:22:07.064+0700] {processor.py:925} INFO - DAG(s) 'dag_scraping_daily' retrieved from /opt/airflow/dags/dag_scraping_daily.py
[2026-03-27T15:22:07.105+0700] {logging_mixin.py:190} INFO - [2026-03-27T15:22:07.104+0700] {dag.py:3211} INFO - Sync 1 DAGs
[2026-03-27T15:22:07.138+0700] {logging_mixin.py:190} INFO - [2026-03-27T15:22:07.138+0700] {dag.py:4138} INFO - Setting next_dagrun for dag_scraping_daily to 2026-03-27 05:00:00+00:00, run_after=2026-03-27 17:00:00+00:00
[2026-03-27T15:22:07.166+0700] {processor.py:208} INFO - Processing /opt/airflow/dags/dag_scraping_daily.py took 0.151 seconds
[2026-03-27T15:22:37.954+0700] {processor.py:186} INFO - Started process (PID=4960) to work on /opt/airflow/dags/dag_scraping_daily.py
[2026-03-27T15:22:37.955+0700] {processor.py:914} INFO - Processing file /opt/airflow/dags/dag_scraping_daily.py for tasks to queue
[2026-03-27T15:22:37.959+0700] {logging_mixin.py:190} INFO - [2026-03-27T15:22:37.958+0700] {dagbag.py:587} INFO - Filling up the DagBag from /opt/airflow/dags/dag_scraping_daily.py
[2026-03-27T15:22:37.983+0700] {processor.py:925} INFO - DAG(s) 'dag_scraping_daily' retrieved from /opt/airflow/dags/dag_scraping_daily.py
[2026-03-27T15:22:38.019+0700] {logging_mixin.py:190} INFO - [2026-03-27T15:22:38.018+0700] {dag.py:3211} INFO - Sync 1 DAGs
[2026-03-27T15:22:38.050+0700] {logging_mixin.py:190} INFO - [2026-03-27T15:22:38.050+0700] {dag.py:4138} INFO - Setting next_dagrun for dag_scraping_daily to 2026-03-27 05:00:00+00:00, run_after=2026-03-27 17:00:00+00:00
[2026-03-27T15:22:38.081+0700] {processor.py:208} INFO - Processing /opt/airflow/dags/dag_scraping_daily.py took 0.136 seconds
[2026-03-27T15:23:08.844+0700] {processor.py:186} INFO - Started process (PID=4988) to work on /opt/airflow/dags/dag_scraping_daily.py
[2026-03-27T15:23:08.845+0700] {processor.py:914} INFO - Processing file /opt/airflow/dags/dag_scraping_daily.py for tasks to queue
[2026-03-27T15:23:08.850+0700] {logging_mixin.py:190} INFO - [2026-03-27T15:23:08.849+0700] {dagbag.py:587} INFO - Filling up the DagBag from /opt/airflow/dags/dag_scraping_daily.py
[2026-03-27T15:23:08.884+0700] {processor.py:925} INFO - DAG(s) 'dag_scraping_daily' retrieved from /opt/airflow/dags/dag_scraping_daily.py
[2026-03-27T15:23:08.932+0700] {logging_mixin.py:190} INFO - [2026-03-27T15:23:08.932+0700] {dag.py:3211} INFO - Sync 1 DAGs
[2026-03-27T15:23:08.966+0700] {logging_mixin.py:190} INFO - [2026-03-27T15:23:08.965+0700] {dag.py:4138} INFO - Setting next_dagrun for dag_scraping_daily to 2026-03-27 05:00:00+00:00, run_after=2026-03-27 17:00:00+00:00
[2026-03-27T15:23:08.990+0700] {processor.py:208} INFO - Processing /opt/airflow/dags/dag_scraping_daily.py took 0.156 seconds
[2026-03-27T15:23:39.473+0700] {processor.py:186} INFO - Started process (PID=5016) to work on /opt/airflow/dags/dag_scraping_daily.py
[2026-03-27T15:23:39.474+0700] {processor.py:914} INFO - Processing file /opt/airflow/dags/dag_scraping_daily.py for tasks to queue
[2026-03-27T15:23:39.477+0700] {logging_mixin.py:190} INFO - [2026-03-27T15:23:39.477+0700] {dagbag.py:587} INFO - Filling up the DagBag from /opt/airflow/dags/dag_scraping_daily.py
[2026-03-27T15:23:39.503+0700] {processor.py:925} INFO - DAG(s) 'dag_scraping_daily' retrieved from /opt/airflow/dags/dag_scraping_daily.py
[2026-03-27T15:23:39.547+0700] {logging_mixin.py:190} INFO - [2026-03-27T15:23:39.546+0700] {dag.py:3211} INFO - Sync 1 DAGs
[2026-03-27T15:23:39.582+0700] {logging_mixin.py:190} INFO - [2026-03-27T15:23:39.582+0700] {dag.py:4138} INFO - Setting next_dagrun for dag_scraping_daily to 2026-03-27 05:00:00+00:00, run_after=2026-03-27 17:00:00+00:00
[2026-03-27T15:23:39.609+0700] {processor.py:208} INFO - Processing /opt/airflow/dags/dag_scraping_daily.py took 0.149 seconds
[2026-03-27T15:24:09.887+0700] {processor.py:186} INFO - Started process (PID=5044) to work on /opt/airflow/dags/dag_scraping_daily.py
[2026-03-27T15:24:09.888+0700] {processor.py:914} INFO - Processing file /opt/airflow/dags/dag_scraping_daily.py for tasks to queue
[2026-03-27T15:24:09.892+0700] {logging_mixin.py:190} INFO - [2026-03-27T15:24:09.891+0700] {dagbag.py:587} INFO - Filling up the DagBag from /opt/airflow/dags/dag_scraping_daily.py
[2026-03-27T15:24:09.918+0700] {processor.py:925} INFO - DAG(s) 'dag_scraping_daily' retrieved from /opt/airflow/dags/dag_scraping_daily.py
[2026-03-27T15:24:09.954+0700] {logging_mixin.py:190} INFO - [2026-03-27T15:24:09.954+0700] {dag.py:3211} INFO - Sync 1 DAGs
[2026-03-27T15:24:09.986+0700] {logging_mixin.py:190} INFO - [2026-03-27T15:24:09.985+0700] {dag.py:4138} INFO - Setting next_dagrun for dag_scraping_daily to 2026-03-27 05:00:00+00:00, run_after=2026-03-27 17:00:00+00:00
[2026-03-27T15:24:10.013+0700] {processor.py:208} INFO - Processing /opt/airflow/dags/dag_scraping_daily.py took 0.134 seconds
[2026-03-27T15:24:40.610+0700] {processor.py:186} INFO - Started process (PID=5072) to work on /opt/airflow/dags/dag_scraping_daily.py
[2026-03-27T15:24:40.612+0700] {processor.py:914} INFO - Processing file /opt/airflow/dags/dag_scraping_daily.py for tasks to queue
[2026-03-27T15:24:40.617+0700] {logging_mixin.py:190} INFO - [2026-03-27T15:24:40.617+0700] {dagbag.py:587} INFO - Filling up the DagBag from /opt/airflow/dags/dag_scraping_daily.py
[2026-03-27T15:24:40.644+0700] {processor.py:925} INFO - DAG(s) 'dag_scraping_daily' retrieved from /opt/airflow/dags/dag_scraping_daily.py
[2026-03-27T15:24:40.682+0700] {logging_mixin.py:190} INFO - [2026-03-27T15:24:40.682+0700] {dag.py:3211} INFO - Sync 1 DAGs
[2026-03-27T15:24:40.722+0700] {logging_mixin.py:190} INFO - [2026-03-27T15:24:40.722+0700] {dag.py:4138} INFO - Setting next_dagrun for dag_scraping_daily to 2026-03-27 05:00:00+00:00, run_after=2026-03-27 17:00:00+00:00
[2026-03-27T15:24:40.750+0700] {processor.py:208} INFO - Processing /opt/airflow/dags/dag_scraping_daily.py took 0.149 seconds
[2026-03-27T15:25:10.884+0700] {processor.py:186} INFO - Started process (PID=5100) to work on /opt/airflow/dags/dag_scraping_daily.py
[2026-03-27T15:25:10.886+0700] {processor.py:914} INFO - Processing file /opt/airflow/dags/dag_scraping_daily.py for tasks to queue
[2026-03-27T15:25:10.891+0700] {logging_mixin.py:190} INFO - [2026-03-27T15:25:10.891+0700] {dagbag.py:587} INFO - Filling up the DagBag from /opt/airflow/dags/dag_scraping_daily.py
[2026-03-27T15:25:10.916+0700] {processor.py:925} INFO - DAG(s) 'dag_scraping_daily' retrieved from /opt/airflow/dags/dag_scraping_daily.py
[2026-03-27T15:25:10.954+0700] {logging_mixin.py:190} INFO - [2026-03-27T15:25:10.954+0700] {dag.py:3211} INFO - Sync 1 DAGs
[2026-03-27T15:25:10.988+0700] {logging_mixin.py:190} INFO - [2026-03-27T15:25:10.988+0700] {dag.py:4138} INFO - Setting next_dagrun for dag_scraping_daily to 2026-03-27 05:00:00+00:00, run_after=2026-03-27 17:00:00+00:00
[2026-03-27T15:25:11.018+0700] {processor.py:208} INFO - Processing /opt/airflow/dags/dag_scraping_daily.py took 0.143 seconds
[2026-03-27T15:25:41.467+0700] {processor.py:186} INFO - Started process (PID=5128) to work on /opt/airflow/dags/dag_scraping_daily.py
[2026-03-27T15:25:41.469+0700] {processor.py:914} INFO - Processing file /opt/airflow/dags/dag_scraping_daily.py for tasks to queue
[2026-03-27T15:25:41.476+0700] {logging_mixin.py:190} INFO - [2026-03-27T15:25:41.475+0700] {dagbag.py:587} INFO - Filling up the DagBag from /opt/airflow/dags/dag_scraping_daily.py
[2026-03-27T15:25:41.500+0700] {processor.py:925} INFO - DAG(s) 'dag_scraping_daily' retrieved from /opt/airflow/dags/dag_scraping_daily.py
[2026-03-27T15:25:41.534+0700] {logging_mixin.py:190} INFO - [2026-03-27T15:25:41.534+0700] {dag.py:3211} INFO - Sync 1 DAGs
[2026-03-27T15:25:41.565+0700] {logging_mixin.py:190} INFO - [2026-03-27T15:25:41.565+0700] {dag.py:4138} INFO - Setting next_dagrun for dag_scraping_daily to 2026-03-27 05:00:00+00:00, run_after=2026-03-27 17:00:00+00:00
[2026-03-27T15:25:41.592+0700] {processor.py:208} INFO - Processing /opt/airflow/dags/dag_scraping_daily.py took 0.133 seconds
[2026-03-27T15:26:11.840+0700] {processor.py:186} INFO - Started process (PID=5157) to work on /opt/airflow/dags/dag_scraping_daily.py
[2026-03-27T15:26:11.841+0700] {processor.py:914} INFO - Processing file /opt/airflow/dags/dag_scraping_daily.py for tasks to queue
[2026-03-27T15:26:11.846+0700] {logging_mixin.py:190} INFO - [2026-03-27T15:26:11.845+0700] {dagbag.py:587} INFO - Filling up the DagBag from /opt/airflow/dags/dag_scraping_daily.py
[2026-03-27T15:26:11.871+0700] {processor.py:925} INFO - DAG(s) 'dag_scraping_daily' retrieved from /opt/airflow/dags/dag_scraping_daily.py
[2026-03-27T15:26:11.912+0700] {logging_mixin.py:190} INFO - [2026-03-27T15:26:11.912+0700] {dag.py:3211} INFO - Sync 1 DAGs
[2026-03-27T15:26:11.950+0700] {logging_mixin.py:190} INFO - [2026-03-27T15:26:11.949+0700] {dag.py:4138} INFO - Setting next_dagrun for dag_scraping_daily to 2026-03-27 05:00:00+00:00, run_after=2026-03-27 17:00:00+00:00
[2026-03-27T15:26:11.978+0700] {processor.py:208} INFO - Processing /opt/airflow/dags/dag_scraping_daily.py took 0.151 seconds
[2026-03-27T15:26:42.649+0700] {processor.py:186} INFO - Started process (PID=5191) to work on /opt/airflow/dags/dag_scraping_daily.py
[2026-03-27T15:26:42.650+0700] {processor.py:914} INFO - Processing file /opt/airflow/dags/dag_scraping_daily.py for tasks to queue
[2026-03-27T15:26:42.655+0700] {logging_mixin.py:190} INFO - [2026-03-27T15:26:42.654+0700] {dagbag.py:587} INFO - Filling up the DagBag from /opt/airflow/dags/dag_scraping_daily.py
[2026-03-27T15:26:42.694+0700] {processor.py:925} INFO - DAG(s) 'dag_scraping_daily' retrieved from /opt/airflow/dags/dag_scraping_daily.py
[2026-03-27T15:26:42.757+0700] {logging_mixin.py:190} INFO - [2026-03-27T15:26:42.757+0700] {dag.py:3211} INFO - Sync 1 DAGs
[2026-03-27T15:26:42.797+0700] {logging_mixin.py:190} INFO - [2026-03-27T15:26:42.796+0700] {dag.py:4138} INFO - Setting next_dagrun for dag_scraping_daily to 2026-03-27 05:00:00+00:00, run_after=2026-03-27 17:00:00+00:00
[2026-03-27T15:26:42.820+0700] {processor.py:208} INFO - Processing /opt/airflow/dags/dag_scraping_daily.py took 0.183 seconds
[2026-03-27T15:27:13.465+0700] {processor.py:186} INFO - Started process (PID=5219) to work on /opt/airflow/dags/dag_scraping_daily.py
[2026-03-27T15:27:13.466+0700] {processor.py:914} INFO - Processing file /opt/airflow/dags/dag_scraping_daily.py for tasks to queue
[2026-03-27T15:27:13.469+0700] {logging_mixin.py:190} INFO - [2026-03-27T15:27:13.469+0700] {dagbag.py:587} INFO - Filling up the DagBag from /opt/airflow/dags/dag_scraping_daily.py
[2026-03-27T15:27:13.496+0700] {processor.py:925} INFO - DAG(s) 'dag_scraping_daily' retrieved from /opt/airflow/dags/dag_scraping_daily.py
[2026-03-27T15:27:13.534+0700] {logging_mixin.py:190} INFO - [2026-03-27T15:27:13.534+0700] {dag.py:3211} INFO - Sync 1 DAGs
[2026-03-27T15:27:13.573+0700] {logging_mixin.py:190} INFO - [2026-03-27T15:27:13.572+0700] {dag.py:4138} INFO - Setting next_dagrun for dag_scraping_daily to 2026-03-27 05:00:00+00:00, run_after=2026-03-27 17:00:00+00:00
[2026-03-27T15:27:13.604+0700] {processor.py:208} INFO - Processing /opt/airflow/dags/dag_scraping_daily.py took 0.149 seconds
[2026-03-27T15:27:44.162+0700] {processor.py:186} INFO - Started process (PID=5247) to work on /opt/airflow/dags/dag_scraping_daily.py
[2026-03-27T15:27:44.163+0700] {processor.py:914} INFO - Processing file /opt/airflow/dags/dag_scraping_daily.py for tasks to queue
[2026-03-27T15:27:44.168+0700] {logging_mixin.py:190} INFO - [2026-03-27T15:27:44.167+0700] {dagbag.py:587} INFO - Filling up the DagBag from /opt/airflow/dags/dag_scraping_daily.py
[2026-03-27T15:27:44.191+0700] {processor.py:925} INFO - DAG(s) 'dag_scraping_daily' retrieved from /opt/airflow/dags/dag_scraping_daily.py
[2026-03-27T15:27:44.226+0700] {logging_mixin.py:190} INFO - [2026-03-27T15:27:44.226+0700] {dag.py:3211} INFO - Sync 1 DAGs
[2026-03-27T15:27:44.258+0700] {logging_mixin.py:190} INFO - [2026-03-27T15:27:44.258+0700] {dag.py:4138} INFO - Setting next_dagrun for dag_scraping_daily to 2026-03-27 05:00:00+00:00, run_after=2026-03-27 17:00:00+00:00
[2026-03-27T15:27:44.285+0700] {processor.py:208} INFO - Processing /opt/airflow/dags/dag_scraping_daily.py took 0.132 seconds
[2026-03-27T15:28:15.040+0700] {processor.py:186} INFO - Started process (PID=5275) to work on /opt/airflow/dags/dag_scraping_daily.py
[2026-03-27T15:28:15.041+0700] {processor.py:914} INFO - Processing file /opt/airflow/dags/dag_scraping_daily.py for tasks to queue
[2026-03-27T15:28:15.045+0700] {logging_mixin.py:190} INFO - [2026-03-27T15:28:15.044+0700] {dagbag.py:587} INFO - Filling up the DagBag from /opt/airflow/dags/dag_scraping_daily.py
[2026-03-27T15:28:15.069+0700] {processor.py:925} INFO - DAG(s) 'dag_scraping_daily' retrieved from /opt/airflow/dags/dag_scraping_daily.py
[2026-03-27T15:28:15.105+0700] {logging_mixin.py:190} INFO - [2026-03-27T15:28:15.105+0700] {dag.py:3211} INFO - Sync 1 DAGs
[2026-03-27T15:28:15.139+0700] {logging_mixin.py:190} INFO - [2026-03-27T15:28:15.139+0700] {dag.py:4138} INFO - Setting next_dagrun for dag_scraping_daily to 2026-03-27 05:00:00+00:00, run_after=2026-03-27 17:00:00+00:00
[2026-03-27T15:28:15.163+0700] {processor.py:208} INFO - Processing /opt/airflow/dags/dag_scraping_daily.py took 0.131 seconds
[2026-03-27T15:28:45.270+0700] {processor.py:186} INFO - Started process (PID=5303) to work on /opt/airflow/dags/dag_scraping_daily.py
[2026-03-27T15:28:45.271+0700] {processor.py:914} INFO - Processing file /opt/airflow/dags/dag_scraping_daily.py for tasks to queue
[2026-03-27T15:28:45.274+0700] {logging_mixin.py:190} INFO - [2026-03-27T15:28:45.274+0700] {dagbag.py:587} INFO - Filling up the DagBag from /opt/airflow/dags/dag_scraping_daily.py
[2026-03-27T15:28:45.301+0700] {processor.py:925} INFO - DAG(s) 'dag_scraping_daily' retrieved from /opt/airflow/dags/dag_scraping_daily.py
[2026-03-27T15:28:45.341+0700] {logging_mixin.py:190} INFO - [2026-03-27T15:28:45.341+0700] {dag.py:3211} INFO - Sync 1 DAGs
[2026-03-27T15:28:45.379+0700] {logging_mixin.py:190} INFO - [2026-03-27T15:28:45.379+0700] {dag.py:4138} INFO - Setting next_dagrun for dag_scraping_daily to 2026-03-27 05:00:00+00:00, run_after=2026-03-27 17:00:00+00:00
[2026-03-27T15:28:45.403+0700] {processor.py:208} INFO - Processing /opt/airflow/dags/dag_scraping_daily.py took 0.142 seconds
[2026-03-27T15:29:16.081+0700] {processor.py:186} INFO - Started process (PID=5331) to work on /opt/airflow/dags/dag_scraping_daily.py
[2026-03-27T15:29:16.083+0700] {processor.py:914} INFO - Processing file /opt/airflow/dags/dag_scraping_daily.py for tasks to queue
[2026-03-27T15:29:16.089+0700] {logging_mixin.py:190} INFO - [2026-03-27T15:29:16.088+0700] {dagbag.py:587} INFO - Filling up the DagBag from /opt/airflow/dags/dag_scraping_daily.py
[2026-03-27T15:29:16.118+0700] {processor.py:925} INFO - DAG(s) 'dag_scraping_daily' retrieved from /opt/airflow/dags/dag_scraping_daily.py
[2026-03-27T15:29:16.154+0700] {logging_mixin.py:190} INFO - [2026-03-27T15:29:16.154+0700] {dag.py:3211} INFO - Sync 1 DAGs
[2026-03-27T15:29:16.188+0700] {logging_mixin.py:190} INFO - [2026-03-27T15:29:16.188+0700] {dag.py:4138} INFO - Setting next_dagrun for dag_scraping_daily to 2026-03-27 05:00:00+00:00, run_after=2026-03-27 17:00:00+00:00
[2026-03-27T15:29:16.219+0700] {processor.py:208} INFO - Processing /opt/airflow/dags/dag_scraping_daily.py took 0.147 seconds
[2026-03-27T15:29:46.661+0700] {processor.py:186} INFO - Started process (PID=5359) to work on /opt/airflow/dags/dag_scraping_daily.py
[2026-03-27T15:29:46.662+0700] {processor.py:914} INFO - Processing file /opt/airflow/dags/dag_scraping_daily.py for tasks to queue
[2026-03-27T15:29:46.669+0700] {logging_mixin.py:190} INFO - [2026-03-27T15:29:46.668+0700] {dagbag.py:587} INFO - Filling up the DagBag from /opt/airflow/dags/dag_scraping_daily.py
[2026-03-27T15:29:46.698+0700] {processor.py:925} INFO - DAG(s) 'dag_scraping_daily' retrieved from /opt/airflow/dags/dag_scraping_daily.py
[2026-03-27T15:29:46.736+0700] {logging_mixin.py:190} INFO - [2026-03-27T15:29:46.736+0700] {dag.py:3211} INFO - Sync 1 DAGs
[2026-03-27T15:29:46.772+0700] {logging_mixin.py:190} INFO - [2026-03-27T15:29:46.772+0700] {dag.py:4138} INFO - Setting next_dagrun for dag_scraping_daily to 2026-03-27 05:00:00+00:00, run_after=2026-03-27 17:00:00+00:00
[2026-03-27T15:29:46.795+0700] {processor.py:208} INFO - Processing /opt/airflow/dags/dag_scraping_daily.py took 0.145 seconds
[2026-03-27T15:30:16.943+0700] {processor.py:186} INFO - Started process (PID=5387) to work on /opt/airflow/dags/dag_scraping_daily.py
[2026-03-27T15:30:16.945+0700] {processor.py:914} INFO - Processing file /opt/airflow/dags/dag_scraping_daily.py for tasks to queue
[2026-03-27T15:30:16.951+0700] {logging_mixin.py:190} INFO - [2026-03-27T15:30:16.950+0700] {dagbag.py:587} INFO - Filling up the DagBag from /opt/airflow/dags/dag_scraping_daily.py
[2026-03-27T15:30:16.986+0700] {processor.py:925} INFO - DAG(s) 'dag_scraping_daily' retrieved from /opt/airflow/dags/dag_scraping_daily.py
[2026-03-27T15:30:17.028+0700] {logging_mixin.py:190} INFO - [2026-03-27T15:30:17.028+0700] {dag.py:3211} INFO - Sync 1 DAGs
[2026-03-27T15:30:17.066+0700] {logging_mixin.py:190} INFO - [2026-03-27T15:30:17.065+0700] {dag.py:4138} INFO - Setting next_dagrun for dag_scraping_daily to 2026-03-27 05:00:00+00:00, run_after=2026-03-27 17:00:00+00:00
[2026-03-27T15:30:17.093+0700] {processor.py:208} INFO - Processing /opt/airflow/dags/dag_scraping_daily.py took 0.170 seconds
[2026-03-27T15:30:47.623+0700] {processor.py:186} INFO - Started process (PID=5415) to work on /opt/airflow/dags/dag_scraping_daily.py
[2026-03-27T15:30:47.625+0700] {processor.py:914} INFO - Processing file /opt/airflow/dags/dag_scraping_daily.py for tasks to queue
[2026-03-27T15:30:47.629+0700] {logging_mixin.py:190} INFO - [2026-03-27T15:30:47.629+0700] {dagbag.py:587} INFO - Filling up the DagBag from /opt/airflow/dags/dag_scraping_daily.py
[2026-03-27T15:30:47.655+0700] {processor.py:925} INFO - DAG(s) 'dag_scraping_daily' retrieved from /opt/airflow/dags/dag_scraping_daily.py
[2026-03-27T15:30:47.695+0700] {logging_mixin.py:190} INFO - [2026-03-27T15:30:47.694+0700] {dag.py:3211} INFO - Sync 1 DAGs
[2026-03-27T15:30:47.725+0700] {logging_mixin.py:190} INFO - [2026-03-27T15:30:47.725+0700] {dag.py:4138} INFO - Setting next_dagrun for dag_scraping_daily to 2026-03-27 05:00:00+00:00, run_after=2026-03-27 17:00:00+00:00
[2026-03-27T15:30:47.755+0700] {processor.py:208} INFO - Processing /opt/airflow/dags/dag_scraping_daily.py took 0.143 seconds
[2026-03-27T15:31:17.895+0700] {processor.py:186} INFO - Started process (PID=5443) to work on /opt/airflow/dags/dag_scraping_daily.py
[2026-03-27T15:31:17.897+0700] {processor.py:914} INFO - Processing file /opt/airflow/dags/dag_scraping_daily.py for tasks to queue
[2026-03-27T15:31:17.901+0700] {logging_mixin.py:190} INFO - [2026-03-27T15:31:17.900+0700] {dagbag.py:587} INFO - Filling up the DagBag from /opt/airflow/dags/dag_scraping_daily.py
[2026-03-27T15:31:17.927+0700] {processor.py:925} INFO - DAG(s) 'dag_scraping_daily' retrieved from /opt/airflow/dags/dag_scraping_daily.py
[2026-03-27T15:31:17.967+0700] {logging_mixin.py:190} INFO - [2026-03-27T15:31:17.967+0700] {dag.py:3211} INFO - Sync 1 DAGs
[2026-03-27T15:31:18.007+0700] {logging_mixin.py:190} INFO - [2026-03-27T15:31:18.007+0700] {dag.py:4138} INFO - Setting next_dagrun for dag_scraping_daily to 2026-03-27 05:00:00+00:00, run_after=2026-03-27 17:00:00+00:00
[2026-03-27T15:31:18.038+0700] {processor.py:208} INFO - Processing /opt/airflow/dags/dag_scraping_daily.py took 0.151 seconds
[2026-03-27T15:31:48.504+0700] {processor.py:186} INFO - Started process (PID=5471) to work on /opt/airflow/dags/dag_scraping_daily.py
[2026-03-27T15:31:48.506+0700] {processor.py:914} INFO - Processing file /opt/airflow/dags/dag_scraping_daily.py for tasks to queue
[2026-03-27T15:31:48.511+0700] {logging_mixin.py:190} INFO - [2026-03-27T15:31:48.510+0700] {dagbag.py:587} INFO - Filling up the DagBag from /opt/airflow/dags/dag_scraping_daily.py
[2026-03-27T15:31:48.534+0700] {processor.py:925} INFO - DAG(s) 'dag_scraping_daily' retrieved from /opt/airflow/dags/dag_scraping_daily.py
[2026-03-27T15:31:48.570+0700] {logging_mixin.py:190} INFO - [2026-03-27T15:31:48.570+0700] {dag.py:3211} INFO - Sync 1 DAGs
[2026-03-27T15:31:48.602+0700] {logging_mixin.py:190} INFO - [2026-03-27T15:31:48.602+0700] {dag.py:4138} INFO - Setting next_dagrun for dag_scraping_daily to 2026-03-27 05:00:00+00:00, run_after=2026-03-27 17:00:00+00:00
[2026-03-27T15:31:48.628+0700] {processor.py:208} INFO - Processing /opt/airflow/dags/dag_scraping_daily.py took 0.132 seconds
[2026-03-27T15:32:19.005+0700] {processor.py:186} INFO - Started process (PID=5499) to work on /opt/airflow/dags/dag_scraping_daily.py
[2026-03-27T15:32:19.007+0700] {processor.py:914} INFO - Processing file /opt/airflow/dags/dag_scraping_daily.py for tasks to queue
[2026-03-27T15:32:19.011+0700] {logging_mixin.py:190} INFO - [2026-03-27T15:32:19.011+0700] {dagbag.py:587} INFO - Filling up the DagBag from /opt/airflow/dags/dag_scraping_daily.py
[2026-03-27T15:32:19.037+0700] {processor.py:925} INFO - DAG(s) 'dag_scraping_daily' retrieved from /opt/airflow/dags/dag_scraping_daily.py
[2026-03-27T15:32:19.075+0700] {logging_mixin.py:190} INFO - [2026-03-27T15:32:19.074+0700] {dag.py:3211} INFO - Sync 1 DAGs
[2026-03-27T15:32:19.112+0700] {logging_mixin.py:190} INFO - [2026-03-27T15:32:19.112+0700] {dag.py:4138} INFO - Setting next_dagrun for dag_scraping_daily to 2026-03-27 05:00:00+00:00, run_after=2026-03-27 17:00:00+00:00
[2026-03-27T15:32:19.140+0700] {processor.py:208} INFO - Processing /opt/airflow/dags/dag_scraping_daily.py took 0.142 seconds
[2026-03-27T15:32:49.344+0700] {processor.py:186} INFO - Started process (PID=5529) to work on /opt/airflow/dags/dag_scraping_daily.py
[2026-03-27T15:32:49.345+0700] {processor.py:914} INFO - Processing file /opt/airflow/dags/dag_scraping_daily.py for tasks to queue
[2026-03-27T15:32:49.348+0700] {logging_mixin.py:190} INFO - [2026-03-27T15:32:49.347+0700] {dagbag.py:587} INFO - Filling up the DagBag from /opt/airflow/dags/dag_scraping_daily.py
[2026-03-27T15:32:49.371+0700] {processor.py:925} INFO - DAG(s) 'dag_scraping_daily' retrieved from /opt/airflow/dags/dag_scraping_daily.py
[2026-03-27T15:32:49.398+0700] {logging_mixin.py:190} INFO - [2026-03-27T15:32:49.397+0700] {dag.py:3211} INFO - Sync 1 DAGs
[2026-03-27T15:32:49.425+0700] {logging_mixin.py:190} INFO - [2026-03-27T15:32:49.424+0700] {dag.py:4138} INFO - Setting next_dagrun for dag_scraping_daily to 2026-03-27 05:00:00+00:00, run_after=2026-03-27 17:00:00+00:00
[2026-03-27T15:32:49.448+0700] {processor.py:208} INFO - Processing /opt/airflow/dags/dag_scraping_daily.py took 0.112 seconds
[2026-03-27T15:33:19.859+0700] {processor.py:186} INFO - Started process (PID=5555) to work on /opt/airflow/dags/dag_scraping_daily.py
[2026-03-27T15:33:19.860+0700] {processor.py:914} INFO - Processing file /opt/airflow/dags/dag_scraping_daily.py for tasks to queue
[2026-03-27T15:33:19.864+0700] {logging_mixin.py:190} INFO - [2026-03-27T15:33:19.864+0700] {dagbag.py:587} INFO - Filling up the DagBag from /opt/airflow/dags/dag_scraping_daily.py
[2026-03-27T15:33:19.890+0700] {processor.py:925} INFO - DAG(s) 'dag_scraping_daily' retrieved from /opt/airflow/dags/dag_scraping_daily.py
[2026-03-27T15:33:19.931+0700] {logging_mixin.py:190} INFO - [2026-03-27T15:33:19.930+0700] {dag.py:3211} INFO - Sync 1 DAGs
[2026-03-27T15:33:19.966+0700] {logging_mixin.py:190} INFO - [2026-03-27T15:33:19.966+0700] {dag.py:4138} INFO - Setting next_dagrun for dag_scraping_daily to 2026-03-27 05:00:00+00:00, run_after=2026-03-27 17:00:00+00:00
[2026-03-27T15:33:19.996+0700] {processor.py:208} INFO - Processing /opt/airflow/dags/dag_scraping_daily.py took 0.144 seconds
[2026-03-27T15:33:50.379+0700] {processor.py:186} INFO - Started process (PID=5584) to work on /opt/airflow/dags/dag_scraping_daily.py
[2026-03-27T15:33:50.381+0700] {processor.py:914} INFO - Processing file /opt/airflow/dags/dag_scraping_daily.py for tasks to queue
[2026-03-27T15:33:50.385+0700] {logging_mixin.py:190} INFO - [2026-03-27T15:33:50.384+0700] {dagbag.py:587} INFO - Filling up the DagBag from /opt/airflow/dags/dag_scraping_daily.py
[2026-03-27T15:33:50.419+0700] {processor.py:925} INFO - DAG(s) 'dag_scraping_daily' retrieved from /opt/airflow/dags/dag_scraping_daily.py
[2026-03-27T15:33:50.454+0700] {logging_mixin.py:190} INFO - [2026-03-27T15:33:50.454+0700] {dag.py:3211} INFO - Sync 1 DAGs
[2026-03-27T15:33:50.492+0700] {logging_mixin.py:190} INFO - [2026-03-27T15:33:50.491+0700] {dag.py:4138} INFO - Setting next_dagrun for dag_scraping_daily to 2026-03-27 05:00:00+00:00, run_after=2026-03-27 17:00:00+00:00
[2026-03-27T15:33:50.535+0700] {processor.py:208} INFO - Processing /opt/airflow/dags/dag_scraping_daily.py took 0.169 seconds
[2026-03-27T15:34:20.647+0700] {processor.py:186} INFO - Started process (PID=5612) to work on /opt/airflow/dags/dag_scraping_daily.py
[2026-03-27T15:34:20.648+0700] {processor.py:914} INFO - Processing file /opt/airflow/dags/dag_scraping_daily.py for tasks to queue
[2026-03-27T15:34:20.654+0700] {logging_mixin.py:190} INFO - [2026-03-27T15:34:20.653+0700] {dagbag.py:587} INFO - Filling up the DagBag from /opt/airflow/dags/dag_scraping_daily.py
[2026-03-27T15:34:20.679+0700] {processor.py:925} INFO - DAG(s) 'dag_scraping_daily' retrieved from /opt/airflow/dags/dag_scraping_daily.py
[2026-03-27T15:34:20.722+0700] {logging_mixin.py:190} INFO - [2026-03-27T15:34:20.721+0700] {dag.py:3211} INFO - Sync 1 DAGs
[2026-03-27T15:34:20.759+0700] {logging_mixin.py:190} INFO - [2026-03-27T15:34:20.759+0700] {dag.py:4138} INFO - Setting next_dagrun for dag_scraping_daily to 2026-03-27 05:00:00+00:00, run_after=2026-03-27 17:00:00+00:00
[2026-03-27T15:34:20.787+0700] {processor.py:208} INFO - Processing /opt/airflow/dags/dag_scraping_daily.py took 0.151 seconds
[2026-03-27T15:34:51.536+0700] {processor.py:186} INFO - Started process (PID=5640) to work on /opt/airflow/dags/dag_scraping_daily.py
[2026-03-27T15:34:51.537+0700] {processor.py:914} INFO - Processing file /opt/airflow/dags/dag_scraping_daily.py for tasks to queue
[2026-03-27T15:34:51.542+0700] {logging_mixin.py:190} INFO - [2026-03-27T15:34:51.542+0700] {dagbag.py:587} INFO - Filling up the DagBag from /opt/airflow/dags/dag_scraping_daily.py
[2026-03-27T15:34:51.580+0700] {processor.py:925} INFO - DAG(s) 'dag_scraping_daily' retrieved from /opt/airflow/dags/dag_scraping_daily.py
[2026-03-27T15:34:51.627+0700] {logging_mixin.py:190} INFO - [2026-03-27T15:34:51.627+0700] {dag.py:3211} INFO - Sync 1 DAGs
[2026-03-27T15:34:51.670+0700] {logging_mixin.py:190} INFO - [2026-03-27T15:34:51.670+0700] {dag.py:4138} INFO - Setting next_dagrun for dag_scraping_daily to 2026-03-27 05:00:00+00:00, run_after=2026-03-27 17:00:00+00:00
[2026-03-27T15:34:51.701+0700] {processor.py:208} INFO - Processing /opt/airflow/dags/dag_scraping_daily.py took 0.176 seconds
[2026-03-27T15:35:22.127+0700] {processor.py:186} INFO - Started process (PID=5668) to work on /opt/airflow/dags/dag_scraping_daily.py
[2026-03-27T15:35:22.128+0700] {processor.py:914} INFO - Processing file /opt/airflow/dags/dag_scraping_daily.py for tasks to queue
[2026-03-27T15:35:22.133+0700] {logging_mixin.py:190} INFO - [2026-03-27T15:35:22.132+0700] {dagbag.py:587} INFO - Filling up the DagBag from /opt/airflow/dags/dag_scraping_daily.py
[2026-03-27T15:35:22.161+0700] {processor.py:925} INFO - DAG(s) 'dag_scraping_daily' retrieved from /opt/airflow/dags/dag_scraping_daily.py
[2026-03-27T15:35:22.196+0700] {logging_mixin.py:190} INFO - [2026-03-27T15:35:22.196+0700] {dag.py:3211} INFO - Sync 1 DAGs
[2026-03-27T15:35:22.227+0700] {logging_mixin.py:190} INFO - [2026-03-27T15:35:22.227+0700] {dag.py:4138} INFO - Setting next_dagrun for dag_scraping_daily to 2026-03-27 05:00:00+00:00, run_after=2026-03-27 17:00:00+00:00
[2026-03-27T15:35:22.254+0700] {processor.py:208} INFO - Processing /opt/airflow/dags/dag_scraping_daily.py took 0.135 seconds
[2026-03-27T15:35:52.484+0700] {processor.py:186} INFO - Started process (PID=5696) to work on /opt/airflow/dags/dag_scraping_daily.py
[2026-03-27T15:35:52.486+0700] {processor.py:914} INFO - Processing file /opt/airflow/dags/dag_scraping_daily.py for tasks to queue
[2026-03-27T15:35:52.490+0700] {logging_mixin.py:190} INFO - [2026-03-27T15:35:52.490+0700] {dagbag.py:587} INFO - Filling up the DagBag from /opt/airflow/dags/dag_scraping_daily.py
[2026-03-27T15:35:52.522+0700] {processor.py:925} INFO - DAG(s) 'dag_scraping_daily' retrieved from /opt/airflow/dags/dag_scraping_daily.py
[2026-03-27T15:35:52.566+0700] {logging_mixin.py:190} INFO - [2026-03-27T15:35:52.565+0700] {dag.py:3211} INFO - Sync 1 DAGs
[2026-03-27T15:35:52.599+0700] {logging_mixin.py:190} INFO - [2026-03-27T15:35:52.599+0700] {dag.py:4138} INFO - Setting next_dagrun for dag_scraping_daily to 2026-03-27 05:00:00+00:00, run_after=2026-03-27 17:00:00+00:00
[2026-03-27T15:35:52.629+0700] {processor.py:208} INFO - Processing /opt/airflow/dags/dag_scraping_daily.py took 0.158 seconds
[2026-03-27T15:36:22.856+0700] {processor.py:186} INFO - Started process (PID=5724) to work on /opt/airflow/dags/dag_scraping_daily.py
[2026-03-27T15:36:22.857+0700] {processor.py:914} INFO - Processing file /opt/airflow/dags/dag_scraping_daily.py for tasks to queue
[2026-03-27T15:36:22.861+0700] {logging_mixin.py:190} INFO - [2026-03-27T15:36:22.860+0700] {dagbag.py:587} INFO - Filling up the DagBag from /opt/airflow/dags/dag_scraping_daily.py
[2026-03-27T15:36:22.887+0700] {processor.py:925} INFO - DAG(s) 'dag_scraping_daily' retrieved from /opt/airflow/dags/dag_scraping_daily.py
[2026-03-27T15:36:22.922+0700] {logging_mixin.py:190} INFO - [2026-03-27T15:36:22.921+0700] {dag.py:3211} INFO - Sync 1 DAGs
[2026-03-27T15:36:22.954+0700] {logging_mixin.py:190} INFO - [2026-03-27T15:36:22.953+0700] {dag.py:4138} INFO - Setting next_dagrun for dag_scraping_daily to 2026-03-27 05:00:00+00:00, run_after=2026-03-27 17:00:00+00:00
[2026-03-27T15:36:22.980+0700] {processor.py:208} INFO - Processing /opt/airflow/dags/dag_scraping_daily.py took 0.133 seconds
[2026-03-27T15:36:53.456+0700] {processor.py:186} INFO - Started process (PID=5752) to work on /opt/airflow/dags/dag_scraping_daily.py
[2026-03-27T15:36:53.458+0700] {processor.py:914} INFO - Processing file /opt/airflow/dags/dag_scraping_daily.py for tasks to queue
[2026-03-27T15:36:53.463+0700] {logging_mixin.py:190} INFO - [2026-03-27T15:36:53.462+0700] {dagbag.py:587} INFO - Filling up the DagBag from /opt/airflow/dags/dag_scraping_daily.py
[2026-03-27T15:36:53.488+0700] {processor.py:925} INFO - DAG(s) 'dag_scraping_daily' retrieved from /opt/airflow/dags/dag_scraping_daily.py
[2026-03-27T15:36:53.526+0700] {logging_mixin.py:190} INFO - [2026-03-27T15:36:53.526+0700] {dag.py:3211} INFO - Sync 1 DAGs
[2026-03-27T15:36:53.558+0700] {logging_mixin.py:190} INFO - [2026-03-27T15:36:53.558+0700] {dag.py:4138} INFO - Setting next_dagrun for dag_scraping_daily to 2026-03-27 05:00:00+00:00, run_after=2026-03-27 17:00:00+00:00
[2026-03-27T15:36:53.582+0700] {processor.py:208} INFO - Processing /opt/airflow/dags/dag_scraping_daily.py took 0.138 seconds
[2026-03-27T15:37:23.941+0700] {processor.py:186} INFO - Started process (PID=5780) to work on /opt/airflow/dags/dag_scraping_daily.py
[2026-03-27T15:37:23.943+0700] {processor.py:914} INFO - Processing file /opt/airflow/dags/dag_scraping_daily.py for tasks to queue
[2026-03-27T15:37:23.946+0700] {logging_mixin.py:190} INFO - [2026-03-27T15:37:23.945+0700] {dagbag.py:587} INFO - Filling up the DagBag from /opt/airflow/dags/dag_scraping_daily.py
[2026-03-27T15:37:23.966+0700] {processor.py:925} INFO - DAG(s) 'dag_scraping_daily' retrieved from /opt/airflow/dags/dag_scraping_daily.py
[2026-03-27T15:37:23.995+0700] {logging_mixin.py:190} INFO - [2026-03-27T15:37:23.995+0700] {dag.py:3211} INFO - Sync 1 DAGs
[2026-03-27T15:37:24.022+0700] {logging_mixin.py:190} INFO - [2026-03-27T15:37:24.022+0700] {dag.py:4138} INFO - Setting next_dagrun for dag_scraping_daily to 2026-03-27 05:00:00+00:00, run_after=2026-03-27 17:00:00+00:00
[2026-03-27T15:37:24.046+0700] {processor.py:208} INFO - Processing /opt/airflow/dags/dag_scraping_daily.py took 0.112 seconds
[2026-03-27T15:37:54.390+0700] {processor.py:186} INFO - Started process (PID=5808) to work on /opt/airflow/dags/dag_scraping_daily.py
[2026-03-27T15:37:54.392+0700] {processor.py:914} INFO - Processing file /opt/airflow/dags/dag_scraping_daily.py for tasks to queue
[2026-03-27T15:37:54.396+0700] {logging_mixin.py:190} INFO - [2026-03-27T15:37:54.396+0700] {dagbag.py:587} INFO - Filling up the DagBag from /opt/airflow/dags/dag_scraping_daily.py
[2026-03-27T15:37:54.421+0700] {processor.py:925} INFO - DAG(s) 'dag_scraping_daily' retrieved from /opt/airflow/dags/dag_scraping_daily.py
[2026-03-27T15:37:54.458+0700] {logging_mixin.py:190} INFO - [2026-03-27T15:37:54.457+0700] {dag.py:3211} INFO - Sync 1 DAGs
[2026-03-27T15:37:54.491+0700] {logging_mixin.py:190} INFO - [2026-03-27T15:37:54.491+0700] {dag.py:4138} INFO - Setting next_dagrun for dag_scraping_daily to 2026-03-27 05:00:00+00:00, run_after=2026-03-27 17:00:00+00:00
[2026-03-27T15:37:54.517+0700] {processor.py:208} INFO - Processing /opt/airflow/dags/dag_scraping_daily.py took 0.136 seconds
[2026-03-27T15:38:24.684+0700] {processor.py:186} INFO - Started process (PID=5836) to work on /opt/airflow/dags/dag_scraping_daily.py
[2026-03-27T15:38:24.685+0700] {processor.py:914} INFO - Processing file /opt/airflow/dags/dag_scraping_daily.py for tasks to queue
[2026-03-27T15:38:24.688+0700] {logging_mixin.py:190} INFO - [2026-03-27T15:38:24.688+0700] {dagbag.py:587} INFO - Filling up the DagBag from /opt/airflow/dags/dag_scraping_daily.py
[2026-03-27T15:38:24.711+0700] {processor.py:925} INFO - DAG(s) 'dag_scraping_daily' retrieved from /opt/airflow/dags/dag_scraping_daily.py
[2026-03-27T15:38:24.738+0700] {logging_mixin.py:190} INFO - [2026-03-27T15:38:24.738+0700] {dag.py:3211} INFO - Sync 1 DAGs
[2026-03-27T15:38:24.763+0700] {logging_mixin.py:190} INFO - [2026-03-27T15:38:24.762+0700] {dag.py:4138} INFO - Setting next_dagrun for dag_scraping_daily to 2026-03-27 05:00:00+00:00, run_after=2026-03-27 17:00:00+00:00
[2026-03-27T15:38:24.786+0700] {processor.py:208} INFO - Processing /opt/airflow/dags/dag_scraping_daily.py took 0.113 seconds
[2026-03-27T15:38:54.983+0700] {processor.py:186} INFO - Started process (PID=5864) to work on /opt/airflow/dags/dag_scraping_daily.py
[2026-03-27T15:38:54.984+0700] {processor.py:914} INFO - Processing file /opt/airflow/dags/dag_scraping_daily.py for tasks to queue
[2026-03-27T15:38:54.987+0700] {logging_mixin.py:190} INFO - [2026-03-27T15:38:54.986+0700] {dagbag.py:587} INFO - Filling up the DagBag from /opt/airflow/dags/dag_scraping_daily.py
[2026-03-27T15:38:55.008+0700] {processor.py:925} INFO - DAG(s) 'dag_scraping_daily' retrieved from /opt/airflow/dags/dag_scraping_daily.py
[2026-03-27T15:38:55.037+0700] {logging_mixin.py:190} INFO - [2026-03-27T15:38:55.037+0700] {dag.py:3211} INFO - Sync 1 DAGs
[2026-03-27T15:38:55.063+0700] {logging_mixin.py:190} INFO - [2026-03-27T15:38:55.063+0700] {dag.py:4138} INFO - Setting next_dagrun for dag_scraping_daily to 2026-03-27 05:00:00+00:00, run_after=2026-03-27 17:00:00+00:00
[2026-03-27T15:38:55.085+0700] {processor.py:208} INFO - Processing /opt/airflow/dags/dag_scraping_daily.py took 0.111 seconds
[2026-03-27T15:39:25.700+0700] {processor.py:186} INFO - Started process (PID=5892) to work on /opt/airflow/dags/dag_scraping_daily.py
[2026-03-27T15:39:25.702+0700] {processor.py:914} INFO - Processing file /opt/airflow/dags/dag_scraping_daily.py for tasks to queue
[2026-03-27T15:39:25.705+0700] {logging_mixin.py:190} INFO - [2026-03-27T15:39:25.704+0700] {dagbag.py:587} INFO - Filling up the DagBag from /opt/airflow/dags/dag_scraping_daily.py
[2026-03-27T15:39:25.724+0700] {processor.py:925} INFO - DAG(s) 'dag_scraping_daily' retrieved from /opt/airflow/dags/dag_scraping_daily.py
[2026-03-27T15:39:25.756+0700] {logging_mixin.py:190} INFO - [2026-03-27T15:39:25.756+0700] {dag.py:3211} INFO - Sync 1 DAGs
[2026-03-27T15:39:25.781+0700] {logging_mixin.py:190} INFO - [2026-03-27T15:39:25.781+0700] {dag.py:4138} INFO - Setting next_dagrun for dag_scraping_daily to 2026-03-27 05:00:00+00:00, run_after=2026-03-27 17:00:00+00:00
[2026-03-27T15:39:25.805+0700] {processor.py:208} INFO - Processing /opt/airflow/dags/dag_scraping_daily.py took 0.113 seconds
[2026-03-27T15:39:56.353+0700] {processor.py:186} INFO - Started process (PID=5920) to work on /opt/airflow/dags/dag_scraping_daily.py
[2026-03-27T15:39:56.355+0700] {processor.py:914} INFO - Processing file /opt/airflow/dags/dag_scraping_daily.py for tasks to queue
[2026-03-27T15:39:56.359+0700] {logging_mixin.py:190} INFO - [2026-03-27T15:39:56.358+0700] {dagbag.py:587} INFO - Filling up the DagBag from /opt/airflow/dags/dag_scraping_daily.py
[2026-03-27T15:39:56.384+0700] {processor.py:925} INFO - DAG(s) 'dag_scraping_daily' retrieved from /opt/airflow/dags/dag_scraping_daily.py
[2026-03-27T15:39:56.421+0700] {logging_mixin.py:190} INFO - [2026-03-27T15:39:56.420+0700] {dag.py:3211} INFO - Sync 1 DAGs
[2026-03-27T15:39:56.459+0700] {logging_mixin.py:190} INFO - [2026-03-27T15:39:56.459+0700] {dag.py:4138} INFO - Setting next_dagrun for dag_scraping_daily to 2026-03-27 05:00:00+00:00, run_after=2026-03-27 17:00:00+00:00
[2026-03-27T15:39:56.487+0700] {processor.py:208} INFO - Processing /opt/airflow/dags/dag_scraping_daily.py took 0.142 seconds
[2026-03-27T15:40:26.717+0700] {processor.py:186} INFO - Started process (PID=5948) to work on /opt/airflow/dags/dag_scraping_daily.py
[2026-03-27T15:40:26.719+0700] {processor.py:914} INFO - Processing file /opt/airflow/dags/dag_scraping_daily.py for tasks to queue
[2026-03-27T15:40:26.722+0700] {logging_mixin.py:190} INFO - [2026-03-27T15:40:26.721+0700] {dagbag.py:587} INFO - Filling up the DagBag from /opt/airflow/dags/dag_scraping_daily.py
[2026-03-27T15:40:26.745+0700] {processor.py:925} INFO - DAG(s) 'dag_scraping_daily' retrieved from /opt/airflow/dags/dag_scraping_daily.py
[2026-03-27T15:40:26.772+0700] {logging_mixin.py:190} INFO - [2026-03-27T15:40:26.772+0700] {dag.py:3211} INFO - Sync 1 DAGs
[2026-03-27T15:40:26.797+0700] {logging_mixin.py:190} INFO - [2026-03-27T15:40:26.796+0700] {dag.py:4138} INFO - Setting next_dagrun for dag_scraping_daily to 2026-03-27 05:00:00+00:00, run_after=2026-03-27 17:00:00+00:00
[2026-03-27T15:40:26.819+0700] {processor.py:208} INFO - Processing /opt/airflow/dags/dag_scraping_daily.py took 0.110 seconds
[2026-03-27T15:40:57.216+0700] {processor.py:186} INFO - Started process (PID=5976) to work on /opt/airflow/dags/dag_scraping_daily.py
[2026-03-27T15:40:57.217+0700] {processor.py:914} INFO - Processing file /opt/airflow/dags/dag_scraping_daily.py for tasks to queue
[2026-03-27T15:40:57.220+0700] {logging_mixin.py:190} INFO - [2026-03-27T15:40:57.220+0700] {dagbag.py:587} INFO - Filling up the DagBag from /opt/airflow/dags/dag_scraping_daily.py
[2026-03-27T15:40:57.242+0700] {processor.py:925} INFO - DAG(s) 'dag_scraping_daily' retrieved from /opt/airflow/dags/dag_scraping_daily.py
[2026-03-27T15:40:57.271+0700] {logging_mixin.py:190} INFO - [2026-03-27T15:40:57.270+0700] {dag.py:3211} INFO - Sync 1 DAGs
[2026-03-27T15:40:57.297+0700] {logging_mixin.py:190} INFO - [2026-03-27T15:40:57.297+0700] {dag.py:4138} INFO - Setting next_dagrun for dag_scraping_daily to 2026-03-27 05:00:00+00:00, run_after=2026-03-27 17:00:00+00:00
[2026-03-27T15:40:57.320+0700] {processor.py:208} INFO - Processing /opt/airflow/dags/dag_scraping_daily.py took 0.110 seconds
[2026-03-27T15:41:27.602+0700] {processor.py:186} INFO - Started process (PID=6004) to work on /opt/airflow/dags/dag_scraping_daily.py
[2026-03-27T15:41:27.603+0700] {processor.py:914} INFO - Processing file /opt/airflow/dags/dag_scraping_daily.py for tasks to queue
[2026-03-27T15:41:27.608+0700] {logging_mixin.py:190} INFO - [2026-03-27T15:41:27.608+0700] {dagbag.py:587} INFO - Filling up the DagBag from /opt/airflow/dags/dag_scraping_daily.py
[2026-03-27T15:41:27.630+0700] {processor.py:925} INFO - DAG(s) 'dag_scraping_daily' retrieved from /opt/airflow/dags/dag_scraping_daily.py
[2026-03-27T15:41:27.660+0700] {logging_mixin.py:190} INFO - [2026-03-27T15:41:27.660+0700] {dag.py:3211} INFO - Sync 1 DAGs
[2026-03-27T15:41:27.687+0700] {logging_mixin.py:190} INFO - [2026-03-27T15:41:27.687+0700] {dag.py:4138} INFO - Setting next_dagrun for dag_scraping_daily to 2026-03-27 05:00:00+00:00, run_after=2026-03-27 17:00:00+00:00
[2026-03-27T15:41:27.710+0700] {processor.py:208} INFO - Processing /opt/airflow/dags/dag_scraping_daily.py took 0.115 seconds
[2026-03-27T15:41:58.134+0700] {processor.py:186} INFO - Started process (PID=6032) to work on /opt/airflow/dags/dag_scraping_daily.py
[2026-03-27T15:41:58.135+0700] {processor.py:914} INFO - Processing file /opt/airflow/dags/dag_scraping_daily.py for tasks to queue
[2026-03-27T15:41:58.138+0700] {logging_mixin.py:190} INFO - [2026-03-27T15:41:58.138+0700] {dagbag.py:587} INFO - Filling up the DagBag from /opt/airflow/dags/dag_scraping_daily.py
[2026-03-27T15:41:58.158+0700] {processor.py:925} INFO - DAG(s) 'dag_scraping_daily' retrieved from /opt/airflow/dags/dag_scraping_daily.py
[2026-03-27T15:41:58.185+0700] {logging_mixin.py:190} INFO - [2026-03-27T15:41:58.185+0700] {dag.py:3211} INFO - Sync 1 DAGs
[2026-03-27T15:41:58.209+0700] {logging_mixin.py:190} INFO - [2026-03-27T15:41:58.208+0700] {dag.py:4138} INFO - Setting next_dagrun for dag_scraping_daily to 2026-03-27 05:00:00+00:00, run_after=2026-03-27 17:00:00+00:00
[2026-03-27T15:41:58.230+0700] {processor.py:208} INFO - Processing /opt/airflow/dags/dag_scraping_daily.py took 0.102 seconds
[2026-03-27T15:42:28.478+0700] {processor.py:186} INFO - Started process (PID=6060) to work on /opt/airflow/dags/dag_scraping_daily.py
[2026-03-27T15:42:28.479+0700] {processor.py:914} INFO - Processing file /opt/airflow/dags/dag_scraping_daily.py for tasks to queue
[2026-03-27T15:42:28.484+0700] {logging_mixin.py:190} INFO - [2026-03-27T15:42:28.483+0700] {dagbag.py:587} INFO - Filling up the DagBag from /opt/airflow/dags/dag_scraping_daily.py
[2026-03-27T15:42:28.510+0700] {processor.py:925} INFO - DAG(s) 'dag_scraping_daily' retrieved from /opt/airflow/dags/dag_scraping_daily.py
[2026-03-27T15:42:28.554+0700] {logging_mixin.py:190} INFO - [2026-03-27T15:42:28.554+0700] {dag.py:3211} INFO - Sync 1 DAGs
[2026-03-27T15:42:28.589+0700] {logging_mixin.py:190} INFO - [2026-03-27T15:42:28.588+0700] {dag.py:4138} INFO - Setting next_dagrun for dag_scraping_daily to 2026-03-27 05:00:00+00:00, run_after=2026-03-27 17:00:00+00:00
[2026-03-27T15:42:28.618+0700] {processor.py:208} INFO - Processing /opt/airflow/dags/dag_scraping_daily.py took 0.153 seconds
[2026-03-27T15:42:59.045+0700] {processor.py:186} INFO - Started process (PID=6094) to work on /opt/airflow/dags/dag_scraping_daily.py
[2026-03-27T15:42:59.046+0700] {processor.py:914} INFO - Processing file /opt/airflow/dags/dag_scraping_daily.py for tasks to queue
[2026-03-27T15:42:59.049+0700] {logging_mixin.py:190} INFO - [2026-03-27T15:42:59.049+0700] {dagbag.py:587} INFO - Filling up the DagBag from /opt/airflow/dags/dag_scraping_daily.py
[2026-03-27T15:42:59.078+0700] {processor.py:925} INFO - DAG(s) 'dag_scraping_daily' retrieved from /opt/airflow/dags/dag_scraping_daily.py
[2026-03-27T15:42:59.111+0700] {logging_mixin.py:190} INFO - [2026-03-27T15:42:59.111+0700] {dag.py:3211} INFO - Sync 1 DAGs
[2026-03-27T15:42:59.141+0700] {logging_mixin.py:190} INFO - [2026-03-27T15:42:59.141+0700] {dag.py:4138} INFO - Setting next_dagrun for dag_scraping_daily to 2026-03-27 05:00:00+00:00, run_after=2026-03-27 17:00:00+00:00
[2026-03-27T15:42:59.167+0700] {processor.py:208} INFO - Processing /opt/airflow/dags/dag_scraping_daily.py took 0.129 seconds
[2026-03-27T15:43:29.360+0700] {processor.py:186} INFO - Started process (PID=6122) to work on /opt/airflow/dags/dag_scraping_daily.py
[2026-03-27T15:43:29.362+0700] {processor.py:914} INFO - Processing file /opt/airflow/dags/dag_scraping_daily.py for tasks to queue
[2026-03-27T15:43:29.366+0700] {logging_mixin.py:190} INFO - [2026-03-27T15:43:29.366+0700] {dagbag.py:587} INFO - Filling up the DagBag from /opt/airflow/dags/dag_scraping_daily.py
[2026-03-27T15:43:29.398+0700] {processor.py:925} INFO - DAG(s) 'dag_scraping_daily' retrieved from /opt/airflow/dags/dag_scraping_daily.py
[2026-03-27T15:43:29.440+0700] {logging_mixin.py:190} INFO - [2026-03-27T15:43:29.439+0700] {dag.py:3211} INFO - Sync 1 DAGs
[2026-03-27T15:43:29.474+0700] {logging_mixin.py:190} INFO - [2026-03-27T15:43:29.474+0700] {dag.py:4138} INFO - Setting next_dagrun for dag_scraping_daily to 2026-03-27 05:00:00+00:00, run_after=2026-03-27 17:00:00+00:00
[2026-03-27T15:43:29.504+0700] {processor.py:208} INFO - Processing /opt/airflow/dags/dag_scraping_daily.py took 0.155 seconds
[2026-03-27T15:43:59.974+0700] {processor.py:186} INFO - Started process (PID=6150) to work on /opt/airflow/dags/dag_scraping_daily.py
[2026-03-27T15:43:59.975+0700] {processor.py:914} INFO - Processing file /opt/airflow/dags/dag_scraping_daily.py for tasks to queue
[2026-03-27T15:43:59.978+0700] {logging_mixin.py:190} INFO - [2026-03-27T15:43:59.978+0700] {dagbag.py:587} INFO - Filling up the DagBag from /opt/airflow/dags/dag_scraping_daily.py
[2026-03-27T15:43:59.999+0700] {processor.py:925} INFO - DAG(s) 'dag_scraping_daily' retrieved from /opt/airflow/dags/dag_scraping_daily.py
[2026-03-27T15:44:00.028+0700] {logging_mixin.py:190} INFO - [2026-03-27T15:44:00.027+0700] {dag.py:3211} INFO - Sync 1 DAGs
[2026-03-27T15:44:00.056+0700] {logging_mixin.py:190} INFO - [2026-03-27T15:44:00.056+0700] {dag.py:4138} INFO - Setting next_dagrun for dag_scraping_daily to 2026-03-27 05:00:00+00:00, run_after=2026-03-27 17:00:00+00:00
[2026-03-27T15:44:00.081+0700] {processor.py:208} INFO - Processing /opt/airflow/dags/dag_scraping_daily.py took 0.114 seconds
[2026-03-27T15:44:30.399+0700] {processor.py:186} INFO - Started process (PID=6178) to work on /opt/airflow/dags/dag_scraping_daily.py
[2026-03-27T15:44:30.400+0700] {processor.py:914} INFO - Processing file /opt/airflow/dags/dag_scraping_daily.py for tasks to queue
[2026-03-27T15:44:30.404+0700] {logging_mixin.py:190} INFO - [2026-03-27T15:44:30.404+0700] {dagbag.py:587} INFO - Filling up the DagBag from /opt/airflow/dags/dag_scraping_daily.py
[2026-03-27T15:44:30.425+0700] {processor.py:925} INFO - DAG(s) 'dag_scraping_daily' retrieved from /opt/airflow/dags/dag_scraping_daily.py
[2026-03-27T15:44:30.451+0700] {logging_mixin.py:190} INFO - [2026-03-27T15:44:30.451+0700] {dag.py:3211} INFO - Sync 1 DAGs
[2026-03-27T15:44:30.475+0700] {logging_mixin.py:190} INFO - [2026-03-27T15:44:30.475+0700] {dag.py:4138} INFO - Setting next_dagrun for dag_scraping_daily to 2026-03-27 05:00:00+00:00, run_after=2026-03-27 17:00:00+00:00
[2026-03-27T15:44:30.497+0700] {processor.py:208} INFO - Processing /opt/airflow/dags/dag_scraping_daily.py took 0.106 seconds
[2026-03-27T15:45:00.801+0700] {processor.py:186} INFO - Started process (PID=6206) to work on /opt/airflow/dags/dag_scraping_daily.py
[2026-03-27T15:45:00.802+0700] {processor.py:914} INFO - Processing file /opt/airflow/dags/dag_scraping_daily.py for tasks to queue
[2026-03-27T15:45:00.807+0700] {logging_mixin.py:190} INFO - [2026-03-27T15:45:00.806+0700] {dagbag.py:587} INFO - Filling up the DagBag from /opt/airflow/dags/dag_scraping_daily.py
[2026-03-27T15:45:00.829+0700] {processor.py:925} INFO - DAG(s) 'dag_scraping_daily' retrieved from /opt/airflow/dags/dag_scraping_daily.py
[2026-03-27T15:45:00.858+0700] {logging_mixin.py:190} INFO - [2026-03-27T15:45:00.858+0700] {dag.py:3211} INFO - Sync 1 DAGs
[2026-03-27T15:45:00.887+0700] {logging_mixin.py:190} INFO - [2026-03-27T15:45:00.886+0700] {dag.py:4138} INFO - Setting next_dagrun for dag_scraping_daily to 2026-03-27 05:00:00+00:00, run_after=2026-03-27 17:00:00+00:00
[2026-03-27T15:45:00.912+0700] {processor.py:208} INFO - Processing /opt/airflow/dags/dag_scraping_daily.py took 0.118 seconds
[2026-03-27T15:45:31.356+0700] {processor.py:186} INFO - Started process (PID=6234) to work on /opt/airflow/dags/dag_scraping_daily.py
[2026-03-27T15:45:31.357+0700] {processor.py:914} INFO - Processing file /opt/airflow/dags/dag_scraping_daily.py for tasks to queue
[2026-03-27T15:45:31.360+0700] {logging_mixin.py:190} INFO - [2026-03-27T15:45:31.360+0700] {dagbag.py:587} INFO - Filling up the DagBag from /opt/airflow/dags/dag_scraping_daily.py
[2026-03-27T15:45:31.383+0700] {processor.py:925} INFO - DAG(s) 'dag_scraping_daily' retrieved from /opt/airflow/dags/dag_scraping_daily.py
[2026-03-27T15:45:31.411+0700] {logging_mixin.py:190} INFO - [2026-03-27T15:45:31.411+0700] {dag.py:3211} INFO - Sync 1 DAGs
[2026-03-27T15:45:31.439+0700] {logging_mixin.py:190} INFO - [2026-03-27T15:45:31.439+0700] {dag.py:4138} INFO - Setting next_dagrun for dag_scraping_daily to 2026-03-27 05:00:00+00:00, run_after=2026-03-27 17:00:00+00:00
[2026-03-27T15:45:31.463+0700] {processor.py:208} INFO - Processing /opt/airflow/dags/dag_scraping_daily.py took 0.116 seconds
[2026-03-27T15:46:01.699+0700] {processor.py:186} INFO - Started process (PID=6262) to work on /opt/airflow/dags/dag_scraping_daily.py
[2026-03-27T15:46:01.701+0700] {processor.py:914} INFO - Processing file /opt/airflow/dags/dag_scraping_daily.py for tasks to queue
[2026-03-27T15:46:01.704+0700] {logging_mixin.py:190} INFO - [2026-03-27T15:46:01.703+0700] {dagbag.py:587} INFO - Filling up the DagBag from /opt/airflow/dags/dag_scraping_daily.py
[2026-03-27T15:46:01.724+0700] {processor.py:925} INFO - DAG(s) 'dag_scraping_daily' retrieved from /opt/airflow/dags/dag_scraping_daily.py
[2026-03-27T15:46:01.752+0700] {logging_mixin.py:190} INFO - [2026-03-27T15:46:01.752+0700] {dag.py:3211} INFO - Sync 1 DAGs
[2026-03-27T15:46:01.779+0700] {logging_mixin.py:190} INFO - [2026-03-27T15:46:01.779+0700] {dag.py:4138} INFO - Setting next_dagrun for dag_scraping_daily to 2026-03-27 05:00:00+00:00, run_after=2026-03-27 17:00:00+00:00
[2026-03-27T15:46:01.802+0700] {processor.py:208} INFO - Processing /opt/airflow/dags/dag_scraping_daily.py took 0.111 seconds
[2026-03-27T15:46:32.252+0700] {processor.py:186} INFO - Started process (PID=6290) to work on /opt/airflow/dags/dag_scraping_daily.py
[2026-03-27T15:46:32.254+0700] {processor.py:914} INFO - Processing file /opt/airflow/dags/dag_scraping_daily.py for tasks to queue
[2026-03-27T15:46:32.257+0700] {logging_mixin.py:190} INFO - [2026-03-27T15:46:32.257+0700] {dagbag.py:587} INFO - Filling up the DagBag from /opt/airflow/dags/dag_scraping_daily.py
[2026-03-27T15:46:32.278+0700] {processor.py:925} INFO - DAG(s) 'dag_scraping_daily' retrieved from /opt/airflow/dags/dag_scraping_daily.py
[2026-03-27T15:46:32.310+0700] {logging_mixin.py:190} INFO - [2026-03-27T15:46:32.309+0700] {dag.py:3211} INFO - Sync 1 DAGs
[2026-03-27T15:46:32.336+0700] {logging_mixin.py:190} INFO - [2026-03-27T15:46:32.336+0700] {dag.py:4138} INFO - Setting next_dagrun for dag_scraping_daily to 2026-03-27 05:00:00+00:00, run_after=2026-03-27 17:00:00+00:00
[2026-03-27T15:46:32.361+0700] {processor.py:208} INFO - Processing /opt/airflow/dags/dag_scraping_daily.py took 0.121 seconds
[2026-03-27T15:47:02.561+0700] {processor.py:186} INFO - Started process (PID=6318) to work on /opt/airflow/dags/dag_scraping_daily.py
[2026-03-27T15:47:02.565+0700] {processor.py:914} INFO - Processing file /opt/airflow/dags/dag_scraping_daily.py for tasks to queue
[2026-03-27T15:47:02.570+0700] {logging_mixin.py:190} INFO - [2026-03-27T15:47:02.569+0700] {dagbag.py:587} INFO - Filling up the DagBag from /opt/airflow/dags/dag_scraping_daily.py
[2026-03-27T15:47:02.772+0700] {processor.py:925} INFO - DAG(s) 'dag_scraping_daily' retrieved from /opt/airflow/dags/dag_scraping_daily.py
[2026-03-27T15:47:02.844+0700] {logging_mixin.py:190} INFO - [2026-03-27T15:47:02.843+0700] {dag.py:3211} INFO - Sync 1 DAGs
[2026-03-27T15:47:02.894+0700] {logging_mixin.py:190} INFO - [2026-03-27T15:47:02.893+0700] {dag.py:4138} INFO - Setting next_dagrun for dag_scraping_daily to 2026-03-27 05:00:00+00:00, run_after=2026-03-27 17:00:00+00:00
[2026-03-27T15:47:02.931+0700] {processor.py:208} INFO - Processing /opt/airflow/dags/dag_scraping_daily.py took 0.385 seconds
[2026-03-27T15:47:33.168+0700] {processor.py:186} INFO - Started process (PID=6346) to work on /opt/airflow/dags/dag_scraping_daily.py
[2026-03-27T15:47:33.170+0700] {processor.py:914} INFO - Processing file /opt/airflow/dags/dag_scraping_daily.py for tasks to queue
[2026-03-27T15:47:33.173+0700] {logging_mixin.py:190} INFO - [2026-03-27T15:47:33.172+0700] {dagbag.py:587} INFO - Filling up the DagBag from /opt/airflow/dags/dag_scraping_daily.py
[2026-03-27T15:47:33.193+0700] {processor.py:925} INFO - DAG(s) 'dag_scraping_daily' retrieved from /opt/airflow/dags/dag_scraping_daily.py
[2026-03-27T15:47:33.221+0700] {logging_mixin.py:190} INFO - [2026-03-27T15:47:33.221+0700] {dag.py:3211} INFO - Sync 1 DAGs
[2026-03-27T15:47:33.246+0700] {logging_mixin.py:190} INFO - [2026-03-27T15:47:33.245+0700] {dag.py:4138} INFO - Setting next_dagrun for dag_scraping_daily to 2026-03-27 05:00:00+00:00, run_after=2026-03-27 17:00:00+00:00
[2026-03-27T15:47:33.270+0700] {processor.py:208} INFO - Processing /opt/airflow/dags/dag_scraping_daily.py took 0.109 seconds
[2026-03-27T15:48:03.534+0700] {processor.py:186} INFO - Started process (PID=6374) to work on /opt/airflow/dags/dag_scraping_daily.py
[2026-03-27T15:48:03.535+0700] {processor.py:914} INFO - Processing file /opt/airflow/dags/dag_scraping_daily.py for tasks to queue
[2026-03-27T15:48:03.539+0700] {logging_mixin.py:190} INFO - [2026-03-27T15:48:03.539+0700] {dagbag.py:587} INFO - Filling up the DagBag from /opt/airflow/dags/dag_scraping_daily.py
[2026-03-27T15:48:03.560+0700] {processor.py:925} INFO - DAG(s) 'dag_scraping_daily' retrieved from /opt/airflow/dags/dag_scraping_daily.py
[2026-03-27T15:48:03.603+0700] {logging_mixin.py:190} INFO - [2026-03-27T15:48:03.602+0700] {dag.py:3211} INFO - Sync 1 DAGs
[2026-03-27T15:48:03.634+0700] {logging_mixin.py:190} INFO - [2026-03-27T15:48:03.633+0700] {dag.py:4138} INFO - Setting next_dagrun for dag_scraping_daily to 2026-03-27 05:00:00+00:00, run_after=2026-03-27 17:00:00+00:00
[2026-03-27T15:48:03.665+0700] {processor.py:208} INFO - Processing /opt/airflow/dags/dag_scraping_daily.py took 0.139 seconds
[2026-03-27T15:48:34.226+0700] {processor.py:186} INFO - Started process (PID=6402) to work on /opt/airflow/dags/dag_scraping_daily.py
[2026-03-27T15:48:34.228+0700] {processor.py:914} INFO - Processing file /opt/airflow/dags/dag_scraping_daily.py for tasks to queue
[2026-03-27T15:48:34.232+0700] {logging_mixin.py:190} INFO - [2026-03-27T15:48:34.232+0700] {dagbag.py:587} INFO - Filling up the DagBag from /opt/airflow/dags/dag_scraping_daily.py
[2026-03-27T15:48:34.258+0700] {processor.py:925} INFO - DAG(s) 'dag_scraping_daily' retrieved from /opt/airflow/dags/dag_scraping_daily.py
[2026-03-27T15:48:34.289+0700] {logging_mixin.py:190} INFO - [2026-03-27T15:48:34.288+0700] {dag.py:3211} INFO - Sync 1 DAGs
[2026-03-27T15:48:34.318+0700] {logging_mixin.py:190} INFO - [2026-03-27T15:48:34.317+0700] {dag.py:4138} INFO - Setting next_dagrun for dag_scraping_daily to 2026-03-27 05:00:00+00:00, run_after=2026-03-27 17:00:00+00:00
[2026-03-27T15:48:34.341+0700] {processor.py:208} INFO - Processing /opt/airflow/dags/dag_scraping_daily.py took 0.124 seconds
[2026-03-27T15:49:04.569+0700] {processor.py:186} INFO - Started process (PID=6430) to work on /opt/airflow/dags/dag_scraping_daily.py
[2026-03-27T15:49:04.570+0700] {processor.py:914} INFO - Processing file /opt/airflow/dags/dag_scraping_daily.py for tasks to queue
[2026-03-27T15:49:04.573+0700] {logging_mixin.py:190} INFO - [2026-03-27T15:49:04.573+0700] {dagbag.py:587} INFO - Filling up the DagBag from /opt/airflow/dags/dag_scraping_daily.py
[2026-03-27T15:49:04.593+0700] {processor.py:925} INFO - DAG(s) 'dag_scraping_daily' retrieved from /opt/airflow/dags/dag_scraping_daily.py
[2026-03-27T15:49:04.620+0700] {logging_mixin.py:190} INFO - [2026-03-27T15:49:04.620+0700] {dag.py:3211} INFO - Sync 1 DAGs
[2026-03-27T15:49:04.644+0700] {logging_mixin.py:190} INFO - [2026-03-27T15:49:04.643+0700] {dag.py:4138} INFO - Setting next_dagrun for dag_scraping_daily to 2026-03-27 05:00:00+00:00, run_after=2026-03-27 17:00:00+00:00
[2026-03-27T15:49:04.666+0700] {processor.py:208} INFO - Processing /opt/airflow/dags/dag_scraping_daily.py took 0.105 seconds
[2026-03-27T15:49:34.877+0700] {processor.py:186} INFO - Started process (PID=6458) to work on /opt/airflow/dags/dag_scraping_daily.py
[2026-03-27T15:49:34.878+0700] {processor.py:914} INFO - Processing file /opt/airflow/dags/dag_scraping_daily.py for tasks to queue
[2026-03-27T15:49:34.881+0700] {logging_mixin.py:190} INFO - [2026-03-27T15:49:34.880+0700] {dagbag.py:587} INFO - Filling up the DagBag from /opt/airflow/dags/dag_scraping_daily.py
[2026-03-27T15:49:34.902+0700] {processor.py:925} INFO - DAG(s) 'dag_scraping_daily' retrieved from /opt/airflow/dags/dag_scraping_daily.py
[2026-03-27T15:49:34.929+0700] {logging_mixin.py:190} INFO - [2026-03-27T15:49:34.929+0700] {dag.py:3211} INFO - Sync 1 DAGs
[2026-03-27T15:49:34.953+0700] {logging_mixin.py:190} INFO - [2026-03-27T15:49:34.952+0700] {dag.py:4138} INFO - Setting next_dagrun for dag_scraping_daily to 2026-03-27 05:00:00+00:00, run_after=2026-03-27 17:00:00+00:00
[2026-03-27T15:49:34.975+0700] {processor.py:208} INFO - Processing /opt/airflow/dags/dag_scraping_daily.py took 0.104 seconds
[2026-03-27T15:50:05.303+0700] {processor.py:186} INFO - Started process (PID=6486) to work on /opt/airflow/dags/dag_scraping_daily.py
[2026-03-27T15:50:05.304+0700] {processor.py:914} INFO - Processing file /opt/airflow/dags/dag_scraping_daily.py for tasks to queue
[2026-03-27T15:50:05.307+0700] {logging_mixin.py:190} INFO - [2026-03-27T15:50:05.307+0700] {dagbag.py:587} INFO - Filling up the DagBag from /opt/airflow/dags/dag_scraping_daily.py
[2026-03-27T15:50:05.331+0700] {processor.py:925} INFO - DAG(s) 'dag_scraping_daily' retrieved from /opt/airflow/dags/dag_scraping_daily.py
[2026-03-27T15:50:05.370+0700] {logging_mixin.py:190} INFO - [2026-03-27T15:50:05.369+0700] {dag.py:3211} INFO - Sync 1 DAGs
[2026-03-27T15:50:05.402+0700] {logging_mixin.py:190} INFO - [2026-03-27T15:50:05.402+0700] {dag.py:4138} INFO - Setting next_dagrun for dag_scraping_daily to 2026-03-27 05:00:00+00:00, run_after=2026-03-27 17:00:00+00:00
[2026-03-27T15:50:05.427+0700] {processor.py:208} INFO - Processing /opt/airflow/dags/dag_scraping_daily.py took 0.132 seconds
[2026-03-27T15:50:35.572+0700] {processor.py:186} INFO - Started process (PID=6514) to work on /opt/airflow/dags/dag_scraping_daily.py
[2026-03-27T15:50:35.573+0700] {processor.py:914} INFO - Processing file /opt/airflow/dags/dag_scraping_daily.py for tasks to queue
[2026-03-27T15:50:35.576+0700] {logging_mixin.py:190} INFO - [2026-03-27T15:50:35.576+0700] {dagbag.py:587} INFO - Filling up the DagBag from /opt/airflow/dags/dag_scraping_daily.py
[2026-03-27T15:50:35.597+0700] {processor.py:925} INFO - DAG(s) 'dag_scraping_daily' retrieved from /opt/airflow/dags/dag_scraping_daily.py
[2026-03-27T15:50:35.627+0700] {logging_mixin.py:190} INFO - [2026-03-27T15:50:35.627+0700] {dag.py:3211} INFO - Sync 1 DAGs
[2026-03-27T15:50:35.651+0700] {logging_mixin.py:190} INFO - [2026-03-27T15:50:35.651+0700] {dag.py:4138} INFO - Setting next_dagrun for dag_scraping_daily to 2026-03-27 05:00:00+00:00, run_after=2026-03-27 17:00:00+00:00
[2026-03-27T15:50:35.673+0700] {processor.py:208} INFO - Processing /opt/airflow/dags/dag_scraping_daily.py took 0.107 seconds
[2026-03-27T15:51:05.937+0700] {processor.py:186} INFO - Started process (PID=6542) to work on /opt/airflow/dags/dag_scraping_daily.py
[2026-03-27T15:51:05.938+0700] {processor.py:914} INFO - Processing file /opt/airflow/dags/dag_scraping_daily.py for tasks to queue
[2026-03-27T15:51:05.941+0700] {logging_mixin.py:190} INFO - [2026-03-27T15:51:05.940+0700] {dagbag.py:587} INFO - Filling up the DagBag from /opt/airflow/dags/dag_scraping_daily.py
[2026-03-27T15:51:05.959+0700] {processor.py:925} INFO - DAG(s) 'dag_scraping_daily' retrieved from /opt/airflow/dags/dag_scraping_daily.py
[2026-03-27T15:51:05.986+0700] {logging_mixin.py:190} INFO - [2026-03-27T15:51:05.986+0700] {dag.py:3211} INFO - Sync 1 DAGs
[2026-03-27T15:51:06.010+0700] {logging_mixin.py:190} INFO - [2026-03-27T15:51:06.010+0700] {dag.py:4138} INFO - Setting next_dagrun for dag_scraping_daily to 2026-03-27 05:00:00+00:00, run_after=2026-03-27 17:00:00+00:00
[2026-03-27T15:51:06.034+0700] {processor.py:208} INFO - Processing /opt/airflow/dags/dag_scraping_daily.py took 0.104 seconds
[2026-03-27T15:51:36.279+0700] {processor.py:186} INFO - Started process (PID=6570) to work on /opt/airflow/dags/dag_scraping_daily.py
[2026-03-27T15:51:36.281+0700] {processor.py:914} INFO - Processing file /opt/airflow/dags/dag_scraping_daily.py for tasks to queue
[2026-03-27T15:51:36.284+0700] {logging_mixin.py:190} INFO - [2026-03-27T15:51:36.283+0700] {dagbag.py:587} INFO - Filling up the DagBag from /opt/airflow/dags/dag_scraping_daily.py
[2026-03-27T15:51:36.313+0700] {processor.py:925} INFO - DAG(s) 'dag_scraping_daily' retrieved from /opt/airflow/dags/dag_scraping_daily.py
[2026-03-27T15:51:36.349+0700] {logging_mixin.py:190} INFO - [2026-03-27T15:51:36.349+0700] {dag.py:3211} INFO - Sync 1 DAGs
[2026-03-27T15:51:36.398+0700] {logging_mixin.py:190} INFO - [2026-03-27T15:51:36.398+0700] {dag.py:4138} INFO - Setting next_dagrun for dag_scraping_daily to 2026-03-27 05:00:00+00:00, run_after=2026-03-27 17:00:00+00:00
[2026-03-27T15:51:36.425+0700] {processor.py:208} INFO - Processing /opt/airflow/dags/dag_scraping_daily.py took 0.153 seconds
[2026-03-27T15:52:06.670+0700] {processor.py:186} INFO - Started process (PID=6598) to work on /opt/airflow/dags/dag_scraping_daily.py
[2026-03-27T15:52:06.671+0700] {processor.py:914} INFO - Processing file /opt/airflow/dags/dag_scraping_daily.py for tasks to queue
[2026-03-27T15:52:06.675+0700] {logging_mixin.py:190} INFO - [2026-03-27T15:52:06.674+0700] {dagbag.py:587} INFO - Filling up the DagBag from /opt/airflow/dags/dag_scraping_daily.py
[2026-03-27T15:52:06.692+0700] {processor.py:925} INFO - DAG(s) 'dag_scraping_daily' retrieved from /opt/airflow/dags/dag_scraping_daily.py
[2026-03-27T15:52:06.720+0700] {logging_mixin.py:190} INFO - [2026-03-27T15:52:06.719+0700] {dag.py:3211} INFO - Sync 1 DAGs
[2026-03-27T15:52:06.743+0700] {logging_mixin.py:190} INFO - [2026-03-27T15:52:06.743+0700] {dag.py:4138} INFO - Setting next_dagrun for dag_scraping_daily to 2026-03-27 05:00:00+00:00, run_after=2026-03-27 17:00:00+00:00
[2026-03-27T15:52:06.765+0700] {processor.py:208} INFO - Processing /opt/airflow/dags/dag_scraping_daily.py took 0.102 seconds
[2026-03-27T15:52:36.969+0700] {processor.py:186} INFO - Started process (PID=6626) to work on /opt/airflow/dags/dag_scraping_daily.py
[2026-03-27T15:52:36.970+0700] {processor.py:914} INFO - Processing file /opt/airflow/dags/dag_scraping_daily.py for tasks to queue
[2026-03-27T15:52:36.976+0700] {logging_mixin.py:190} INFO - [2026-03-27T15:52:36.975+0700] {dagbag.py:587} INFO - Filling up the DagBag from /opt/airflow/dags/dag_scraping_daily.py
[2026-03-27T15:52:37.000+0700] {processor.py:925} INFO - DAG(s) 'dag_scraping_daily' retrieved from /opt/airflow/dags/dag_scraping_daily.py
[2026-03-27T15:52:37.039+0700] {logging_mixin.py:190} INFO - [2026-03-27T15:52:37.038+0700] {dag.py:3211} INFO - Sync 1 DAGs
[2026-03-27T15:52:37.073+0700] {logging_mixin.py:190} INFO - [2026-03-27T15:52:37.072+0700] {dag.py:4138} INFO - Setting next_dagrun for dag_scraping_daily to 2026-03-27 05:00:00+00:00, run_after=2026-03-27 17:00:00+00:00
[2026-03-27T15:52:37.099+0700] {processor.py:208} INFO - Processing /opt/airflow/dags/dag_scraping_daily.py took 0.146 seconds
[2026-03-27T15:53:07.441+0700] {processor.py:186} INFO - Started process (PID=6654) to work on /opt/airflow/dags/dag_scraping_daily.py
[2026-03-27T15:53:07.442+0700] {processor.py:914} INFO - Processing file /opt/airflow/dags/dag_scraping_daily.py for tasks to queue
[2026-03-27T15:53:07.445+0700] {logging_mixin.py:190} INFO - [2026-03-27T15:53:07.444+0700] {dagbag.py:587} INFO - Filling up the DagBag from /opt/airflow/dags/dag_scraping_daily.py
[2026-03-27T15:53:07.467+0700] {processor.py:925} INFO - DAG(s) 'dag_scraping_daily' retrieved from /opt/airflow/dags/dag_scraping_daily.py
[2026-03-27T15:53:07.495+0700] {logging_mixin.py:190} INFO - [2026-03-27T15:53:07.495+0700] {dag.py:3211} INFO - Sync 1 DAGs
[2026-03-27T15:53:07.521+0700] {logging_mixin.py:190} INFO - [2026-03-27T15:53:07.521+0700] {dag.py:4138} INFO - Setting next_dagrun for dag_scraping_daily to 2026-03-27 05:00:00+00:00, run_after=2026-03-27 17:00:00+00:00
[2026-03-27T15:53:07.547+0700] {processor.py:208} INFO - Processing /opt/airflow/dags/dag_scraping_daily.py took 0.114 seconds
[2026-03-27T15:53:38.276+0700] {processor.py:186} INFO - Started process (PID=6682) to work on /opt/airflow/dags/dag_scraping_daily.py
[2026-03-27T15:53:38.277+0700] {processor.py:914} INFO - Processing file /opt/airflow/dags/dag_scraping_daily.py for tasks to queue
[2026-03-27T15:53:38.280+0700] {logging_mixin.py:190} INFO - [2026-03-27T15:53:38.280+0700] {dagbag.py:587} INFO - Filling up the DagBag from /opt/airflow/dags/dag_scraping_daily.py
[2026-03-27T15:53:38.304+0700] {processor.py:925} INFO - DAG(s) 'dag_scraping_daily' retrieved from /opt/airflow/dags/dag_scraping_daily.py
[2026-03-27T15:53:38.333+0700] {logging_mixin.py:190} INFO - [2026-03-27T15:53:38.333+0700] {dag.py:3211} INFO - Sync 1 DAGs
[2026-03-27T15:53:38.369+0700] {logging_mixin.py:190} INFO - [2026-03-27T15:53:38.369+0700] {dag.py:4138} INFO - Setting next_dagrun for dag_scraping_daily to 2026-03-27 05:00:00+00:00, run_after=2026-03-27 17:00:00+00:00
[2026-03-27T15:53:38.402+0700] {processor.py:208} INFO - Processing /opt/airflow/dags/dag_scraping_daily.py took 0.136 seconds
[2026-03-27T15:54:08.695+0700] {processor.py:186} INFO - Started process (PID=6711) to work on /opt/airflow/dags/dag_scraping_daily.py
[2026-03-27T15:54:08.697+0700] {processor.py:914} INFO - Processing file /opt/airflow/dags/dag_scraping_daily.py for tasks to queue
[2026-03-27T15:54:08.700+0700] {logging_mixin.py:190} INFO - [2026-03-27T15:54:08.700+0700] {dagbag.py:587} INFO - Filling up the DagBag from /opt/airflow/dags/dag_scraping_daily.py
[2026-03-27T15:54:08.725+0700] {processor.py:925} INFO - DAG(s) 'dag_scraping_daily' retrieved from /opt/airflow/dags/dag_scraping_daily.py
[2026-03-27T15:54:08.764+0700] {logging_mixin.py:190} INFO - [2026-03-27T15:54:08.763+0700] {dag.py:3211} INFO - Sync 1 DAGs
[2026-03-27T15:54:08.800+0700] {logging_mixin.py:190} INFO - [2026-03-27T15:54:08.800+0700] {dag.py:4138} INFO - Setting next_dagrun for dag_scraping_daily to 2026-03-27 05:00:00+00:00, run_after=2026-03-27 17:00:00+00:00
[2026-03-27T15:54:08.827+0700] {processor.py:208} INFO - Processing /opt/airflow/dags/dag_scraping_daily.py took 0.139 seconds
[2026-03-27T15:54:39.118+0700] {processor.py:186} INFO - Started process (PID=6740) to work on /opt/airflow/dags/dag_scraping_daily.py
[2026-03-27T15:54:39.119+0700] {processor.py:914} INFO - Processing file /opt/airflow/dags/dag_scraping_daily.py for tasks to queue
[2026-03-27T15:54:39.123+0700] {logging_mixin.py:190} INFO - [2026-03-27T15:54:39.122+0700] {dagbag.py:587} INFO - Filling up the DagBag from /opt/airflow/dags/dag_scraping_daily.py
[2026-03-27T15:54:39.154+0700] {processor.py:925} INFO - DAG(s) 'dag_scraping_daily' retrieved from /opt/airflow/dags/dag_scraping_daily.py
[2026-03-27T15:54:39.189+0700] {logging_mixin.py:190} INFO - [2026-03-27T15:54:39.189+0700] {dag.py:3211} INFO - Sync 1 DAGs
[2026-03-27T15:54:39.218+0700] {logging_mixin.py:190} INFO - [2026-03-27T15:54:39.218+0700] {dag.py:4138} INFO - Setting next_dagrun for dag_scraping_daily to 2026-03-27 05:00:00+00:00, run_after=2026-03-27 17:00:00+00:00
[2026-03-27T15:54:39.243+0700] {processor.py:208} INFO - Processing /opt/airflow/dags/dag_scraping_daily.py took 0.131 seconds
[2026-03-27T15:55:09.433+0700] {processor.py:186} INFO - Started process (PID=6768) to work on /opt/airflow/dags/dag_scraping_daily.py
[2026-03-27T15:55:09.434+0700] {processor.py:914} INFO - Processing file /opt/airflow/dags/dag_scraping_daily.py for tasks to queue
[2026-03-27T15:55:09.436+0700] {logging_mixin.py:190} INFO - [2026-03-27T15:55:09.436+0700] {dagbag.py:587} INFO - Filling up the DagBag from /opt/airflow/dags/dag_scraping_daily.py
[2026-03-27T15:55:09.457+0700] {processor.py:925} INFO - DAG(s) 'dag_scraping_daily' retrieved from /opt/airflow/dags/dag_scraping_daily.py
[2026-03-27T15:55:09.489+0700] {logging_mixin.py:190} INFO - [2026-03-27T15:55:09.488+0700] {dag.py:3211} INFO - Sync 1 DAGs
[2026-03-27T15:55:09.517+0700] {logging_mixin.py:190} INFO - [2026-03-27T15:55:09.517+0700] {dag.py:4138} INFO - Setting next_dagrun for dag_scraping_daily to 2026-03-27 05:00:00+00:00, run_after=2026-03-27 17:00:00+00:00
[2026-03-27T15:55:09.539+0700] {processor.py:208} INFO - Processing /opt/airflow/dags/dag_scraping_daily.py took 0.113 seconds
[2026-03-27T15:55:39.806+0700] {processor.py:186} INFO - Started process (PID=6796) to work on /opt/airflow/dags/dag_scraping_daily.py
[2026-03-27T15:55:39.808+0700] {processor.py:914} INFO - Processing file /opt/airflow/dags/dag_scraping_daily.py for tasks to queue
[2026-03-27T15:55:39.812+0700] {logging_mixin.py:190} INFO - [2026-03-27T15:55:39.811+0700] {dagbag.py:587} INFO - Filling up the DagBag from /opt/airflow/dags/dag_scraping_daily.py
[2026-03-27T15:55:39.836+0700] {processor.py:925} INFO - DAG(s) 'dag_scraping_daily' retrieved from /opt/airflow/dags/dag_scraping_daily.py
[2026-03-27T15:55:39.866+0700] {logging_mixin.py:190} INFO - [2026-03-27T15:55:39.866+0700] {dag.py:3211} INFO - Sync 1 DAGs
[2026-03-27T15:55:39.897+0700] {logging_mixin.py:190} INFO - [2026-03-27T15:55:39.896+0700] {dag.py:4138} INFO - Setting next_dagrun for dag_scraping_daily to 2026-03-27 05:00:00+00:00, run_after=2026-03-27 17:00:00+00:00
[2026-03-27T15:55:39.926+0700] {processor.py:208} INFO - Processing /opt/airflow/dags/dag_scraping_daily.py took 0.127 seconds
[2026-03-27T15:56:10.173+0700] {processor.py:186} INFO - Started process (PID=6824) to work on /opt/airflow/dags/dag_scraping_daily.py
[2026-03-27T15:56:10.174+0700] {processor.py:914} INFO - Processing file /opt/airflow/dags/dag_scraping_daily.py for tasks to queue
[2026-03-27T15:56:10.178+0700] {logging_mixin.py:190} INFO - [2026-03-27T15:56:10.178+0700] {dagbag.py:587} INFO - Filling up the DagBag from /opt/airflow/dags/dag_scraping_daily.py
[2026-03-27T15:56:10.200+0700] {processor.py:925} INFO - DAG(s) 'dag_scraping_daily' retrieved from /opt/airflow/dags/dag_scraping_daily.py
[2026-03-27T15:56:10.230+0700] {logging_mixin.py:190} INFO - [2026-03-27T15:56:10.230+0700] {dag.py:3211} INFO - Sync 1 DAGs
[2026-03-27T15:56:10.258+0700] {logging_mixin.py:190} INFO - [2026-03-27T15:56:10.258+0700] {dag.py:4138} INFO - Setting next_dagrun for dag_scraping_daily to 2026-03-27 05:00:00+00:00, run_after=2026-03-27 17:00:00+00:00
[2026-03-27T15:56:10.280+0700] {processor.py:208} INFO - Processing /opt/airflow/dags/dag_scraping_daily.py took 0.113 seconds
[2026-03-27T15:56:40.564+0700] {processor.py:186} INFO - Started process (PID=6852) to work on /opt/airflow/dags/dag_scraping_daily.py
[2026-03-27T15:56:40.565+0700] {processor.py:914} INFO - Processing file /opt/airflow/dags/dag_scraping_daily.py for tasks to queue
[2026-03-27T15:56:40.569+0700] {logging_mixin.py:190} INFO - [2026-03-27T15:56:40.569+0700] {dagbag.py:587} INFO - Filling up the DagBag from /opt/airflow/dags/dag_scraping_daily.py
[2026-03-27T15:56:40.599+0700] {processor.py:925} INFO - DAG(s) 'dag_scraping_daily' retrieved from /opt/airflow/dags/dag_scraping_daily.py
[2026-03-27T15:56:40.628+0700] {logging_mixin.py:190} INFO - [2026-03-27T15:56:40.628+0700] {dag.py:3211} INFO - Sync 1 DAGs
[2026-03-27T15:56:40.657+0700] {logging_mixin.py:190} INFO - [2026-03-27T15:56:40.656+0700] {dag.py:4138} INFO - Setting next_dagrun for dag_scraping_daily to 2026-03-27 05:00:00+00:00, run_after=2026-03-27 17:00:00+00:00
[2026-03-27T15:56:40.682+0700] {processor.py:208} INFO - Processing /opt/airflow/dags/dag_scraping_daily.py took 0.124 seconds
[2026-03-27T15:57:10.953+0700] {processor.py:186} INFO - Started process (PID=6880) to work on /opt/airflow/dags/dag_scraping_daily.py
[2026-03-27T15:57:10.955+0700] {processor.py:914} INFO - Processing file /opt/airflow/dags/dag_scraping_daily.py for tasks to queue
[2026-03-27T15:57:10.959+0700] {logging_mixin.py:190} INFO - [2026-03-27T15:57:10.958+0700] {dagbag.py:587} INFO - Filling up the DagBag from /opt/airflow/dags/dag_scraping_daily.py
[2026-03-27T15:57:10.989+0700] {processor.py:925} INFO - DAG(s) 'dag_scraping_daily' retrieved from /opt/airflow/dags/dag_scraping_daily.py
[2026-03-27T15:57:11.029+0700] {logging_mixin.py:190} INFO - [2026-03-27T15:57:11.028+0700] {dag.py:3211} INFO - Sync 1 DAGs
[2026-03-27T15:57:11.061+0700] {logging_mixin.py:190} INFO - [2026-03-27T15:57:11.061+0700] {dag.py:4138} INFO - Setting next_dagrun for dag_scraping_daily to 2026-03-27 05:00:00+00:00, run_after=2026-03-27 17:00:00+00:00
[2026-03-27T15:57:11.088+0700] {processor.py:208} INFO - Processing /opt/airflow/dags/dag_scraping_daily.py took 0.147 seconds
[2026-03-27T15:57:41.570+0700] {processor.py:186} INFO - Started process (PID=6908) to work on /opt/airflow/dags/dag_scraping_daily.py
[2026-03-27T15:57:41.571+0700] {processor.py:914} INFO - Processing file /opt/airflow/dags/dag_scraping_daily.py for tasks to queue
[2026-03-27T15:57:41.573+0700] {logging_mixin.py:190} INFO - [2026-03-27T15:57:41.573+0700] {dagbag.py:587} INFO - Filling up the DagBag from /opt/airflow/dags/dag_scraping_daily.py
[2026-03-27T15:57:41.590+0700] {processor.py:925} INFO - DAG(s) 'dag_scraping_daily' retrieved from /opt/airflow/dags/dag_scraping_daily.py
[2026-03-27T15:57:41.616+0700] {logging_mixin.py:190} INFO - [2026-03-27T15:57:41.616+0700] {dag.py:3211} INFO - Sync 1 DAGs
[2026-03-27T15:57:41.640+0700] {logging_mixin.py:190} INFO - [2026-03-27T15:57:41.640+0700] {dag.py:4138} INFO - Setting next_dagrun for dag_scraping_daily to 2026-03-27 05:00:00+00:00, run_after=2026-03-27 17:00:00+00:00
[2026-03-27T15:57:41.662+0700] {processor.py:208} INFO - Processing /opt/airflow/dags/dag_scraping_daily.py took 0.099 seconds
[2026-03-27T15:58:11.944+0700] {processor.py:186} INFO - Started process (PID=6936) to work on /opt/airflow/dags/dag_scraping_daily.py
[2026-03-27T15:58:11.945+0700] {processor.py:914} INFO - Processing file /opt/airflow/dags/dag_scraping_daily.py for tasks to queue
[2026-03-27T15:58:11.947+0700] {logging_mixin.py:190} INFO - [2026-03-27T15:58:11.947+0700] {dagbag.py:587} INFO - Filling up the DagBag from /opt/airflow/dags/dag_scraping_daily.py
[2026-03-27T15:58:11.970+0700] {processor.py:925} INFO - DAG(s) 'dag_scraping_daily' retrieved from /opt/airflow/dags/dag_scraping_daily.py
[2026-03-27T15:58:11.997+0700] {logging_mixin.py:190} INFO - [2026-03-27T15:58:11.997+0700] {dag.py:3211} INFO - Sync 1 DAGs
[2026-03-27T15:58:12.022+0700] {logging_mixin.py:190} INFO - [2026-03-27T15:58:12.022+0700] {dag.py:4138} INFO - Setting next_dagrun for dag_scraping_daily to 2026-03-27 05:00:00+00:00, run_after=2026-03-27 17:00:00+00:00
[2026-03-27T15:58:12.045+0700] {processor.py:208} INFO - Processing /opt/airflow/dags/dag_scraping_daily.py took 0.106 seconds
[2026-03-27T15:58:42.280+0700] {processor.py:186} INFO - Started process (PID=6964) to work on /opt/airflow/dags/dag_scraping_daily.py
[2026-03-27T15:58:42.281+0700] {processor.py:914} INFO - Processing file /opt/airflow/dags/dag_scraping_daily.py for tasks to queue
[2026-03-27T15:58:42.283+0700] {logging_mixin.py:190} INFO - [2026-03-27T15:58:42.283+0700] {dagbag.py:587} INFO - Filling up the DagBag from /opt/airflow/dags/dag_scraping_daily.py
[2026-03-27T15:58:42.306+0700] {processor.py:925} INFO - DAG(s) 'dag_scraping_daily' retrieved from /opt/airflow/dags/dag_scraping_daily.py
[2026-03-27T15:58:42.335+0700] {logging_mixin.py:190} INFO - [2026-03-27T15:58:42.335+0700] {dag.py:3211} INFO - Sync 1 DAGs
[2026-03-27T15:58:42.366+0700] {logging_mixin.py:190} INFO - [2026-03-27T15:58:42.366+0700] {dag.py:4138} INFO - Setting next_dagrun for dag_scraping_daily to 2026-03-27 05:00:00+00:00, run_after=2026-03-27 17:00:00+00:00
[2026-03-27T15:58:42.386+0700] {processor.py:208} INFO - Processing /opt/airflow/dags/dag_scraping_daily.py took 0.113 seconds
[2026-03-27T15:59:12.757+0700] {processor.py:186} INFO - Started process (PID=6992) to work on /opt/airflow/dags/dag_scraping_daily.py
[2026-03-27T15:59:12.758+0700] {processor.py:914} INFO - Processing file /opt/airflow/dags/dag_scraping_daily.py for tasks to queue
[2026-03-27T15:59:12.761+0700] {logging_mixin.py:190} INFO - [2026-03-27T15:59:12.761+0700] {dagbag.py:587} INFO - Filling up the DagBag from /opt/airflow/dags/dag_scraping_daily.py
[2026-03-27T15:59:12.779+0700] {processor.py:925} INFO - DAG(s) 'dag_scraping_daily' retrieved from /opt/airflow/dags/dag_scraping_daily.py
[2026-03-27T15:59:12.805+0700] {logging_mixin.py:190} INFO - [2026-03-27T15:59:12.805+0700] {dag.py:3211} INFO - Sync 1 DAGs
[2026-03-27T15:59:12.835+0700] {logging_mixin.py:190} INFO - [2026-03-27T15:59:12.835+0700] {dag.py:4138} INFO - Setting next_dagrun for dag_scraping_daily to 2026-03-27 05:00:00+00:00, run_after=2026-03-27 17:00:00+00:00
[2026-03-27T15:59:12.855+0700] {processor.py:208} INFO - Processing /opt/airflow/dags/dag_scraping_daily.py took 0.103 seconds
[2026-03-27T15:59:43.053+0700] {processor.py:186} INFO - Started process (PID=7020) to work on /opt/airflow/dags/dag_scraping_daily.py
[2026-03-27T15:59:43.054+0700] {processor.py:914} INFO - Processing file /opt/airflow/dags/dag_scraping_daily.py for tasks to queue
[2026-03-27T15:59:43.057+0700] {logging_mixin.py:190} INFO - [2026-03-27T15:59:43.057+0700] {dagbag.py:587} INFO - Filling up the DagBag from /opt/airflow/dags/dag_scraping_daily.py
[2026-03-27T15:59:43.074+0700] {processor.py:925} INFO - DAG(s) 'dag_scraping_daily' retrieved from /opt/airflow/dags/dag_scraping_daily.py
[2026-03-27T15:59:43.101+0700] {logging_mixin.py:190} INFO - [2026-03-27T15:59:43.101+0700] {dag.py:3211} INFO - Sync 1 DAGs
[2026-03-27T15:59:43.126+0700] {logging_mixin.py:190} INFO - [2026-03-27T15:59:43.126+0700] {dag.py:4138} INFO - Setting next_dagrun for dag_scraping_daily to 2026-03-27 05:00:00+00:00, run_after=2026-03-27 17:00:00+00:00
[2026-03-27T15:59:43.148+0700] {processor.py:208} INFO - Processing /opt/airflow/dags/dag_scraping_daily.py took 0.101 seconds
