[2026-02-12T18:25:59.191+0700] {processor.py:186} INFO - Started process (PID=171) to work on /opt/airflow/dags/dag_scraping_daily.py
[2026-02-12T18:25:59.194+0700] {processor.py:914} INFO - Processing file /opt/airflow/dags/dag_scraping_daily.py for tasks to queue
[2026-02-12T18:25:59.204+0700] {logging_mixin.py:190} INFO - [2026-02-12T18:25:59.203+0700] {dagbag.py:587} INFO - Filling up the DagBag from /opt/airflow/dags/dag_scraping_daily.py
[2026-02-12T18:25:59.373+0700] {processor.py:925} INFO - DAG(s) 'dag_scraping_daily' retrieved from /opt/airflow/dags/dag_scraping_daily.py
[2026-02-12T18:25:59.725+0700] {logging_mixin.py:190} INFO - [2026-02-12T18:25:59.725+0700] {dag.py:3211} INFO - Sync 1 DAGs
[2026-02-12T18:26:00.030+0700] {logging_mixin.py:190} INFO - [2026-02-12T18:26:00.025+0700] {dag.py:4138} INFO - Setting next_dagrun for dag_scraping_daily to 2026-02-12 05:00:00+00:00, run_after=2026-02-12 17:00:00+00:00
[2026-02-12T18:26:00.189+0700] {processor.py:208} INFO - Processing /opt/airflow/dags/dag_scraping_daily.py took 1.054 seconds
[2026-02-12T18:26:31.950+0700] {processor.py:186} INFO - Started process (PID=225) to work on /opt/airflow/dags/dag_scraping_daily.py
[2026-02-12T18:26:31.962+0700] {processor.py:914} INFO - Processing file /opt/airflow/dags/dag_scraping_daily.py for tasks to queue
[2026-02-12T18:26:31.968+0700] {logging_mixin.py:190} INFO - [2026-02-12T18:26:31.967+0700] {dagbag.py:587} INFO - Filling up the DagBag from /opt/airflow/dags/dag_scraping_daily.py
[2026-02-12T18:26:32.067+0700] {processor.py:925} INFO - DAG(s) 'dag_scraping_daily' retrieved from /opt/airflow/dags/dag_scraping_daily.py
[2026-02-12T18:26:32.203+0700] {logging_mixin.py:190} INFO - [2026-02-12T18:26:32.203+0700] {dag.py:3211} INFO - Sync 1 DAGs
[2026-02-12T18:26:32.268+0700] {logging_mixin.py:190} INFO - [2026-02-12T18:26:32.268+0700] {dag.py:4138} INFO - Setting next_dagrun for dag_scraping_daily to 2026-02-12 05:00:00+00:00, run_after=2026-02-12 17:00:00+00:00
[2026-02-12T18:26:32.344+0700] {processor.py:208} INFO - Processing /opt/airflow/dags/dag_scraping_daily.py took 0.433 seconds
[2026-02-12T18:27:03.195+0700] {processor.py:186} INFO - Started process (PID=315) to work on /opt/airflow/dags/dag_scraping_daily.py
[2026-02-12T18:27:03.197+0700] {processor.py:914} INFO - Processing file /opt/airflow/dags/dag_scraping_daily.py for tasks to queue
[2026-02-12T18:27:03.201+0700] {logging_mixin.py:190} INFO - [2026-02-12T18:27:03.200+0700] {dagbag.py:587} INFO - Filling up the DagBag from /opt/airflow/dags/dag_scraping_daily.py
[2026-02-12T18:27:03.232+0700] {processor.py:925} INFO - DAG(s) 'dag_scraping_daily' retrieved from /opt/airflow/dags/dag_scraping_daily.py
[2026-02-12T18:27:03.267+0700] {logging_mixin.py:190} INFO - [2026-02-12T18:27:03.267+0700] {dag.py:3211} INFO - Sync 1 DAGs
[2026-02-12T18:27:03.313+0700] {logging_mixin.py:190} INFO - [2026-02-12T18:27:03.312+0700] {dag.py:4138} INFO - Setting next_dagrun for dag_scraping_daily to 2026-02-12 05:00:00+00:00, run_after=2026-02-12 17:00:00+00:00
[2026-02-12T18:27:03.346+0700] {processor.py:208} INFO - Processing /opt/airflow/dags/dag_scraping_daily.py took 0.159 seconds
[2026-02-12T18:27:33.466+0700] {processor.py:186} INFO - Started process (PID=325) to work on /opt/airflow/dags/dag_scraping_daily.py
[2026-02-12T18:27:33.468+0700] {processor.py:914} INFO - Processing file /opt/airflow/dags/dag_scraping_daily.py for tasks to queue
[2026-02-12T18:27:33.472+0700] {logging_mixin.py:190} INFO - [2026-02-12T18:27:33.471+0700] {dagbag.py:587} INFO - Filling up the DagBag from /opt/airflow/dags/dag_scraping_daily.py
[2026-02-12T18:27:33.514+0700] {processor.py:925} INFO - DAG(s) 'dag_scraping_daily' retrieved from /opt/airflow/dags/dag_scraping_daily.py
[2026-02-12T18:27:33.550+0700] {logging_mixin.py:190} INFO - [2026-02-12T18:27:33.549+0700] {dag.py:3211} INFO - Sync 1 DAGs
[2026-02-12T18:27:33.588+0700] {logging_mixin.py:190} INFO - [2026-02-12T18:27:33.588+0700] {dag.py:4138} INFO - Setting next_dagrun for dag_scraping_daily to 2026-02-12 05:00:00+00:00, run_after=2026-02-12 17:00:00+00:00
[2026-02-12T18:27:33.622+0700] {processor.py:208} INFO - Processing /opt/airflow/dags/dag_scraping_daily.py took 0.164 seconds
[2026-02-12T18:28:04.433+0700] {processor.py:186} INFO - Started process (PID=335) to work on /opt/airflow/dags/dag_scraping_daily.py
[2026-02-12T18:28:04.435+0700] {processor.py:914} INFO - Processing file /opt/airflow/dags/dag_scraping_daily.py for tasks to queue
[2026-02-12T18:28:04.442+0700] {logging_mixin.py:190} INFO - [2026-02-12T18:28:04.441+0700] {dagbag.py:587} INFO - Filling up the DagBag from /opt/airflow/dags/dag_scraping_daily.py
[2026-02-12T18:28:04.490+0700] {processor.py:925} INFO - DAG(s) 'dag_scraping_daily' retrieved from /opt/airflow/dags/dag_scraping_daily.py
[2026-02-12T18:28:04.543+0700] {logging_mixin.py:190} INFO - [2026-02-12T18:28:04.542+0700] {dag.py:3211} INFO - Sync 1 DAGs
[2026-02-12T18:28:04.581+0700] {logging_mixin.py:190} INFO - [2026-02-12T18:28:04.580+0700] {dag.py:4138} INFO - Setting next_dagrun for dag_scraping_daily to 2026-02-12 05:00:00+00:00, run_after=2026-02-12 17:00:00+00:00
[2026-02-12T18:28:04.619+0700] {processor.py:208} INFO - Processing /opt/airflow/dags/dag_scraping_daily.py took 0.198 seconds
[2026-02-12T18:28:35.006+0700] {processor.py:186} INFO - Started process (PID=345) to work on /opt/airflow/dags/dag_scraping_daily.py
[2026-02-12T18:28:35.009+0700] {processor.py:914} INFO - Processing file /opt/airflow/dags/dag_scraping_daily.py for tasks to queue
[2026-02-12T18:28:35.014+0700] {logging_mixin.py:190} INFO - [2026-02-12T18:28:35.013+0700] {dagbag.py:587} INFO - Filling up the DagBag from /opt/airflow/dags/dag_scraping_daily.py
[2026-02-12T18:28:35.050+0700] {processor.py:925} INFO - DAG(s) 'dag_scraping_daily' retrieved from /opt/airflow/dags/dag_scraping_daily.py
[2026-02-12T18:28:35.084+0700] {logging_mixin.py:190} INFO - [2026-02-12T18:28:35.084+0700] {dag.py:3211} INFO - Sync 1 DAGs
[2026-02-12T18:28:35.122+0700] {logging_mixin.py:190} INFO - [2026-02-12T18:28:35.122+0700] {dag.py:4138} INFO - Setting next_dagrun for dag_scraping_daily to 2026-02-12 05:00:00+00:00, run_after=2026-02-12 17:00:00+00:00
[2026-02-12T18:28:36.603+0700] {processor.py:208} INFO - Processing /opt/airflow/dags/dag_scraping_daily.py took 1.610 seconds
[2026-02-12T18:29:07.061+0700] {processor.py:186} INFO - Started process (PID=356) to work on /opt/airflow/dags/dag_scraping_daily.py
[2026-02-12T18:29:07.066+0700] {processor.py:914} INFO - Processing file /opt/airflow/dags/dag_scraping_daily.py for tasks to queue
[2026-02-12T18:29:07.071+0700] {logging_mixin.py:190} INFO - [2026-02-12T18:29:07.071+0700] {dagbag.py:587} INFO - Filling up the DagBag from /opt/airflow/dags/dag_scraping_daily.py
[2026-02-12T18:29:07.111+0700] {processor.py:925} INFO - DAG(s) 'dag_scraping_daily' retrieved from /opt/airflow/dags/dag_scraping_daily.py
[2026-02-12T18:29:07.156+0700] {logging_mixin.py:190} INFO - [2026-02-12T18:29:07.156+0700] {dag.py:3211} INFO - Sync 1 DAGs
[2026-02-12T18:29:07.199+0700] {logging_mixin.py:190} INFO - [2026-02-12T18:29:07.199+0700] {dag.py:4138} INFO - Setting next_dagrun for dag_scraping_daily to 2026-02-12 05:00:00+00:00, run_after=2026-02-12 17:00:00+00:00
[2026-02-12T18:29:07.249+0700] {processor.py:208} INFO - Processing /opt/airflow/dags/dag_scraping_daily.py took 0.201 seconds
[2026-02-12T18:29:38.150+0700] {processor.py:186} INFO - Started process (PID=366) to work on /opt/airflow/dags/dag_scraping_daily.py
[2026-02-12T18:29:38.151+0700] {processor.py:914} INFO - Processing file /opt/airflow/dags/dag_scraping_daily.py for tasks to queue
[2026-02-12T18:29:38.156+0700] {logging_mixin.py:190} INFO - [2026-02-12T18:29:38.156+0700] {dagbag.py:587} INFO - Filling up the DagBag from /opt/airflow/dags/dag_scraping_daily.py
[2026-02-12T18:29:38.188+0700] {processor.py:925} INFO - DAG(s) 'dag_scraping_daily' retrieved from /opt/airflow/dags/dag_scraping_daily.py
[2026-02-12T18:29:38.223+0700] {logging_mixin.py:190} INFO - [2026-02-12T18:29:38.222+0700] {dag.py:3211} INFO - Sync 1 DAGs
[2026-02-12T18:29:38.262+0700] {logging_mixin.py:190} INFO - [2026-02-12T18:29:38.262+0700] {dag.py:4138} INFO - Setting next_dagrun for dag_scraping_daily to 2026-02-12 05:00:00+00:00, run_after=2026-02-12 17:00:00+00:00
[2026-02-12T18:29:38.291+0700] {processor.py:208} INFO - Processing /opt/airflow/dags/dag_scraping_daily.py took 0.151 seconds
[2026-02-12T18:30:08.584+0700] {processor.py:186} INFO - Started process (PID=464) to work on /opt/airflow/dags/dag_scraping_daily.py
[2026-02-12T18:30:08.586+0700] {processor.py:914} INFO - Processing file /opt/airflow/dags/dag_scraping_daily.py for tasks to queue
[2026-02-12T18:30:08.590+0700] {logging_mixin.py:190} INFO - [2026-02-12T18:30:08.589+0700] {dagbag.py:587} INFO - Filling up the DagBag from /opt/airflow/dags/dag_scraping_daily.py
[2026-02-12T18:30:08.623+0700] {processor.py:925} INFO - DAG(s) 'dag_scraping_daily' retrieved from /opt/airflow/dags/dag_scraping_daily.py
[2026-02-12T18:30:08.656+0700] {logging_mixin.py:190} INFO - [2026-02-12T18:30:08.656+0700] {dag.py:3211} INFO - Sync 1 DAGs
[2026-02-12T18:30:08.694+0700] {logging_mixin.py:190} INFO - [2026-02-12T18:30:08.694+0700] {dag.py:4138} INFO - Setting next_dagrun for dag_scraping_daily to 2026-02-12 05:00:00+00:00, run_after=2026-02-12 17:00:00+00:00
[2026-02-12T18:30:08.726+0700] {processor.py:208} INFO - Processing /opt/airflow/dags/dag_scraping_daily.py took 0.152 seconds
[2026-02-12T18:30:39.283+0700] {processor.py:186} INFO - Started process (PID=474) to work on /opt/airflow/dags/dag_scraping_daily.py
[2026-02-12T18:30:39.289+0700] {processor.py:914} INFO - Processing file /opt/airflow/dags/dag_scraping_daily.py for tasks to queue
[2026-02-12T18:30:39.306+0700] {logging_mixin.py:190} INFO - [2026-02-12T18:30:39.305+0700] {dagbag.py:587} INFO - Filling up the DagBag from /opt/airflow/dags/dag_scraping_daily.py
[2026-02-12T18:30:39.365+0700] {processor.py:925} INFO - DAG(s) 'dag_scraping_daily' retrieved from /opt/airflow/dags/dag_scraping_daily.py
[2026-02-12T18:30:39.438+0700] {logging_mixin.py:190} INFO - [2026-02-12T18:30:39.438+0700] {dag.py:3211} INFO - Sync 1 DAGs
[2026-02-12T18:30:39.501+0700] {logging_mixin.py:190} INFO - [2026-02-12T18:30:39.501+0700] {dag.py:4138} INFO - Setting next_dagrun for dag_scraping_daily to 2026-02-12 05:00:00+00:00, run_after=2026-02-12 17:00:00+00:00
[2026-02-12T18:30:39.538+0700] {processor.py:208} INFO - Processing /opt/airflow/dags/dag_scraping_daily.py took 0.300 seconds
[2026-02-12T18:31:09.811+0700] {processor.py:186} INFO - Started process (PID=484) to work on /opt/airflow/dags/dag_scraping_daily.py
[2026-02-12T18:31:09.814+0700] {processor.py:914} INFO - Processing file /opt/airflow/dags/dag_scraping_daily.py for tasks to queue
[2026-02-12T18:31:09.818+0700] {logging_mixin.py:190} INFO - [2026-02-12T18:31:09.818+0700] {dagbag.py:587} INFO - Filling up the DagBag from /opt/airflow/dags/dag_scraping_daily.py
[2026-02-12T18:31:09.882+0700] {processor.py:925} INFO - DAG(s) 'dag_scraping_daily' retrieved from /opt/airflow/dags/dag_scraping_daily.py
[2026-02-12T18:31:09.952+0700] {logging_mixin.py:190} INFO - [2026-02-12T18:31:09.951+0700] {dag.py:3211} INFO - Sync 1 DAGs
[2026-02-12T18:31:09.994+0700] {logging_mixin.py:190} INFO - [2026-02-12T18:31:09.993+0700] {dag.py:4138} INFO - Setting next_dagrun for dag_scraping_daily to 2026-02-12 05:00:00+00:00, run_after=2026-02-12 17:00:00+00:00
[2026-02-12T18:31:10.041+0700] {processor.py:208} INFO - Processing /opt/airflow/dags/dag_scraping_daily.py took 0.241 seconds
[2026-02-12T18:31:40.480+0700] {processor.py:186} INFO - Started process (PID=494) to work on /opt/airflow/dags/dag_scraping_daily.py
[2026-02-12T18:31:40.481+0700] {processor.py:914} INFO - Processing file /opt/airflow/dags/dag_scraping_daily.py for tasks to queue
[2026-02-12T18:31:40.485+0700] {logging_mixin.py:190} INFO - [2026-02-12T18:31:40.484+0700] {dagbag.py:587} INFO - Filling up the DagBag from /opt/airflow/dags/dag_scraping_daily.py
[2026-02-12T18:31:40.532+0700] {processor.py:925} INFO - DAG(s) 'dag_scraping_daily' retrieved from /opt/airflow/dags/dag_scraping_daily.py
[2026-02-12T18:31:40.634+0700] {logging_mixin.py:190} INFO - [2026-02-12T18:31:40.634+0700] {dag.py:3211} INFO - Sync 1 DAGs
[2026-02-12T18:31:40.735+0700] {logging_mixin.py:190} INFO - [2026-02-12T18:31:40.735+0700] {dag.py:4138} INFO - Setting next_dagrun for dag_scraping_daily to 2026-02-12 05:00:00+00:00, run_after=2026-02-12 17:00:00+00:00
[2026-02-12T18:31:40.792+0700] {processor.py:208} INFO - Processing /opt/airflow/dags/dag_scraping_daily.py took 0.322 seconds
[2026-02-12T18:32:10.962+0700] {processor.py:186} INFO - Started process (PID=505) to work on /opt/airflow/dags/dag_scraping_daily.py
[2026-02-12T18:32:10.965+0700] {processor.py:914} INFO - Processing file /opt/airflow/dags/dag_scraping_daily.py for tasks to queue
[2026-02-12T18:32:10.969+0700] {logging_mixin.py:190} INFO - [2026-02-12T18:32:10.968+0700] {dagbag.py:587} INFO - Filling up the DagBag from /opt/airflow/dags/dag_scraping_daily.py
[2026-02-12T18:32:11.016+0700] {processor.py:925} INFO - DAG(s) 'dag_scraping_daily' retrieved from /opt/airflow/dags/dag_scraping_daily.py
[2026-02-12T18:32:11.062+0700] {logging_mixin.py:190} INFO - [2026-02-12T18:32:11.062+0700] {dag.py:3211} INFO - Sync 1 DAGs
[2026-02-12T18:32:11.149+0700] {logging_mixin.py:190} INFO - [2026-02-12T18:32:11.148+0700] {dag.py:4138} INFO - Setting next_dagrun for dag_scraping_daily to 2026-02-12 05:00:00+00:00, run_after=2026-02-12 17:00:00+00:00
[2026-02-12T18:32:11.184+0700] {processor.py:208} INFO - Processing /opt/airflow/dags/dag_scraping_daily.py took 0.235 seconds
[2026-02-12T18:32:42.270+0700] {processor.py:186} INFO - Started process (PID=515) to work on /opt/airflow/dags/dag_scraping_daily.py
[2026-02-12T18:32:42.273+0700] {processor.py:914} INFO - Processing file /opt/airflow/dags/dag_scraping_daily.py for tasks to queue
[2026-02-12T18:32:42.280+0700] {logging_mixin.py:190} INFO - [2026-02-12T18:32:42.279+0700] {dagbag.py:587} INFO - Filling up the DagBag from /opt/airflow/dags/dag_scraping_daily.py
[2026-02-12T18:32:42.328+0700] {processor.py:925} INFO - DAG(s) 'dag_scraping_daily' retrieved from /opt/airflow/dags/dag_scraping_daily.py
[2026-02-12T18:32:42.359+0700] {logging_mixin.py:190} INFO - [2026-02-12T18:32:42.359+0700] {dag.py:3211} INFO - Sync 1 DAGs
[2026-02-12T18:32:42.394+0700] {logging_mixin.py:190} INFO - [2026-02-12T18:32:42.394+0700] {dag.py:4138} INFO - Setting next_dagrun for dag_scraping_daily to 2026-02-12 05:00:00+00:00, run_after=2026-02-12 17:00:00+00:00
[2026-02-12T18:32:42.422+0700] {processor.py:208} INFO - Processing /opt/airflow/dags/dag_scraping_daily.py took 0.166 seconds
[2026-02-12T18:33:13.130+0700] {processor.py:186} INFO - Started process (PID=536) to work on /opt/airflow/dags/dag_scraping_daily.py
[2026-02-12T18:33:13.132+0700] {processor.py:914} INFO - Processing file /opt/airflow/dags/dag_scraping_daily.py for tasks to queue
[2026-02-12T18:33:13.136+0700] {logging_mixin.py:190} INFO - [2026-02-12T18:33:13.136+0700] {dagbag.py:587} INFO - Filling up the DagBag from /opt/airflow/dags/dag_scraping_daily.py
[2026-02-12T18:33:13.181+0700] {processor.py:925} INFO - DAG(s) 'dag_scraping_daily' retrieved from /opt/airflow/dags/dag_scraping_daily.py
[2026-02-12T18:33:13.220+0700] {logging_mixin.py:190} INFO - [2026-02-12T18:33:13.219+0700] {dag.py:3211} INFO - Sync 1 DAGs
[2026-02-12T18:33:13.270+0700] {logging_mixin.py:190} INFO - [2026-02-12T18:33:13.270+0700] {dag.py:4138} INFO - Setting next_dagrun for dag_scraping_daily to 2026-02-12 05:00:00+00:00, run_after=2026-02-12 17:00:00+00:00
[2026-02-12T18:33:14.159+0700] {processor.py:208} INFO - Processing /opt/airflow/dags/dag_scraping_daily.py took 1.035 seconds
[2026-02-12T18:33:44.805+0700] {processor.py:186} INFO - Started process (PID=546) to work on /opt/airflow/dags/dag_scraping_daily.py
[2026-02-12T18:33:44.807+0700] {processor.py:914} INFO - Processing file /opt/airflow/dags/dag_scraping_daily.py for tasks to queue
[2026-02-12T18:33:44.814+0700] {logging_mixin.py:190} INFO - [2026-02-12T18:33:44.813+0700] {dagbag.py:587} INFO - Filling up the DagBag from /opt/airflow/dags/dag_scraping_daily.py
[2026-02-12T18:33:44.867+0700] {processor.py:925} INFO - DAG(s) 'dag_scraping_daily' retrieved from /opt/airflow/dags/dag_scraping_daily.py
[2026-02-12T18:33:44.918+0700] {logging_mixin.py:190} INFO - [2026-02-12T18:33:44.918+0700] {dag.py:3211} INFO - Sync 1 DAGs
[2026-02-12T18:33:45.164+0700] {logging_mixin.py:190} INFO - [2026-02-12T18:33:45.164+0700] {dag.py:4138} INFO - Setting next_dagrun for dag_scraping_daily to 2026-02-12 05:00:00+00:00, run_after=2026-02-12 17:00:00+00:00
[2026-02-12T18:33:45.203+0700] {processor.py:208} INFO - Processing /opt/airflow/dags/dag_scraping_daily.py took 0.409 seconds
[2026-02-12T18:34:15.522+0700] {processor.py:186} INFO - Started process (PID=556) to work on /opt/airflow/dags/dag_scraping_daily.py
[2026-02-12T18:34:15.524+0700] {processor.py:914} INFO - Processing file /opt/airflow/dags/dag_scraping_daily.py for tasks to queue
[2026-02-12T18:34:15.527+0700] {logging_mixin.py:190} INFO - [2026-02-12T18:34:15.526+0700] {dagbag.py:587} INFO - Filling up the DagBag from /opt/airflow/dags/dag_scraping_daily.py
[2026-02-12T18:34:15.575+0700] {processor.py:925} INFO - DAG(s) 'dag_scraping_daily' retrieved from /opt/airflow/dags/dag_scraping_daily.py
[2026-02-12T18:34:15.996+0700] {logging_mixin.py:190} INFO - [2026-02-12T18:34:15.996+0700] {dag.py:3211} INFO - Sync 1 DAGs
[2026-02-12T18:34:16.028+0700] {logging_mixin.py:190} INFO - [2026-02-12T18:34:16.028+0700] {dag.py:4138} INFO - Setting next_dagrun for dag_scraping_daily to 2026-02-12 05:00:00+00:00, run_after=2026-02-12 17:00:00+00:00
[2026-02-12T18:34:16.051+0700] {processor.py:208} INFO - Processing /opt/airflow/dags/dag_scraping_daily.py took 0.541 seconds
[2026-02-12T18:34:46.934+0700] {processor.py:186} INFO - Started process (PID=610) to work on /opt/airflow/dags/dag_scraping_daily.py
[2026-02-12T18:34:46.936+0700] {processor.py:914} INFO - Processing file /opt/airflow/dags/dag_scraping_daily.py for tasks to queue
[2026-02-12T18:34:46.940+0700] {logging_mixin.py:190} INFO - [2026-02-12T18:34:46.939+0700] {dagbag.py:587} INFO - Filling up the DagBag from /opt/airflow/dags/dag_scraping_daily.py
[2026-02-12T18:34:46.985+0700] {processor.py:925} INFO - DAG(s) 'dag_scraping_daily' retrieved from /opt/airflow/dags/dag_scraping_daily.py
[2026-02-12T18:34:47.312+0700] {logging_mixin.py:190} INFO - [2026-02-12T18:34:47.311+0700] {dag.py:3211} INFO - Sync 1 DAGs
[2026-02-12T18:34:47.344+0700] {logging_mixin.py:190} INFO - [2026-02-12T18:34:47.344+0700] {dag.py:4138} INFO - Setting next_dagrun for dag_scraping_daily to 2026-02-12 05:00:00+00:00, run_after=2026-02-12 17:00:00+00:00
[2026-02-12T18:34:47.370+0700] {processor.py:208} INFO - Processing /opt/airflow/dags/dag_scraping_daily.py took 0.445 seconds
[2026-02-12T18:35:17.581+0700] {processor.py:186} INFO - Started process (PID=620) to work on /opt/airflow/dags/dag_scraping_daily.py
[2026-02-12T18:35:17.583+0700] {processor.py:914} INFO - Processing file /opt/airflow/dags/dag_scraping_daily.py for tasks to queue
[2026-02-12T18:35:17.587+0700] {logging_mixin.py:190} INFO - [2026-02-12T18:35:17.586+0700] {dagbag.py:587} INFO - Filling up the DagBag from /opt/airflow/dags/dag_scraping_daily.py
[2026-02-12T18:35:17.664+0700] {processor.py:925} INFO - DAG(s) 'dag_scraping_daily' retrieved from /opt/airflow/dags/dag_scraping_daily.py
[2026-02-12T18:35:17.716+0700] {logging_mixin.py:190} INFO - [2026-02-12T18:35:17.716+0700] {dag.py:3211} INFO - Sync 1 DAGs
[2026-02-12T18:35:17.757+0700] {logging_mixin.py:190} INFO - [2026-02-12T18:35:17.757+0700] {dag.py:4138} INFO - Setting next_dagrun for dag_scraping_daily to 2026-02-12 05:00:00+00:00, run_after=2026-02-12 17:00:00+00:00
[2026-02-12T18:35:17.787+0700] {processor.py:208} INFO - Processing /opt/airflow/dags/dag_scraping_daily.py took 0.213 seconds
[2026-02-12T18:35:48.594+0700] {processor.py:186} INFO - Started process (PID=630) to work on /opt/airflow/dags/dag_scraping_daily.py
[2026-02-12T18:35:48.596+0700] {processor.py:914} INFO - Processing file /opt/airflow/dags/dag_scraping_daily.py for tasks to queue
[2026-02-12T18:35:48.600+0700] {logging_mixin.py:190} INFO - [2026-02-12T18:35:48.600+0700] {dagbag.py:587} INFO - Filling up the DagBag from /opt/airflow/dags/dag_scraping_daily.py
[2026-02-12T18:35:48.638+0700] {processor.py:925} INFO - DAG(s) 'dag_scraping_daily' retrieved from /opt/airflow/dags/dag_scraping_daily.py
[2026-02-12T18:35:48.671+0700] {logging_mixin.py:190} INFO - [2026-02-12T18:35:48.671+0700] {dag.py:3211} INFO - Sync 1 DAGs
[2026-02-12T18:35:48.698+0700] {logging_mixin.py:190} INFO - [2026-02-12T18:35:48.698+0700] {dag.py:4138} INFO - Setting next_dagrun for dag_scraping_daily to 2026-02-12 05:00:00+00:00, run_after=2026-02-12 17:00:00+00:00
[2026-02-12T18:35:48.725+0700] {processor.py:208} INFO - Processing /opt/airflow/dags/dag_scraping_daily.py took 0.140 seconds
[2026-02-12T18:36:19.591+0700] {processor.py:186} INFO - Started process (PID=640) to work on /opt/airflow/dags/dag_scraping_daily.py
[2026-02-12T18:36:19.592+0700] {processor.py:914} INFO - Processing file /opt/airflow/dags/dag_scraping_daily.py for tasks to queue
[2026-02-12T18:36:19.596+0700] {logging_mixin.py:190} INFO - [2026-02-12T18:36:19.595+0700] {dagbag.py:587} INFO - Filling up the DagBag from /opt/airflow/dags/dag_scraping_daily.py
[2026-02-12T18:36:19.631+0700] {processor.py:925} INFO - DAG(s) 'dag_scraping_daily' retrieved from /opt/airflow/dags/dag_scraping_daily.py
[2026-02-12T18:36:19.669+0700] {logging_mixin.py:190} INFO - [2026-02-12T18:36:19.669+0700] {dag.py:3211} INFO - Sync 1 DAGs
[2026-02-12T18:36:20.651+0700] {logging_mixin.py:190} INFO - [2026-02-12T18:36:20.651+0700] {dag.py:4138} INFO - Setting next_dagrun for dag_scraping_daily to 2026-02-12 05:00:00+00:00, run_after=2026-02-12 17:00:00+00:00
[2026-02-12T18:36:20.681+0700] {processor.py:208} INFO - Processing /opt/airflow/dags/dag_scraping_daily.py took 1.100 seconds
[2026-02-12T18:37:53.027+0700] {processor.py:186} INFO - Started process (PID=652) to work on /opt/airflow/dags/dag_scraping_daily.py
[2026-02-12T18:37:53.102+0700] {processor.py:914} INFO - Processing file /opt/airflow/dags/dag_scraping_daily.py for tasks to queue
[2026-02-12T18:37:53.113+0700] {logging_mixin.py:190} INFO - [2026-02-12T18:37:53.112+0700] {dagbag.py:587} INFO - Filling up the DagBag from /opt/airflow/dags/dag_scraping_daily.py
[2026-02-12T18:37:53.613+0700] {processor.py:925} INFO - DAG(s) 'dag_scraping_daily' retrieved from /opt/airflow/dags/dag_scraping_daily.py
[2026-02-12T18:37:53.797+0700] {logging_mixin.py:190} INFO - [2026-02-12T18:37:53.796+0700] {dag.py:3211} INFO - Sync 1 DAGs
[2026-02-12T18:37:56.803+0700] {logging_mixin.py:190} INFO - [2026-02-12T18:37:56.802+0700] {dag.py:4138} INFO - Setting next_dagrun for dag_scraping_daily to 2026-02-12 05:00:00+00:00, run_after=2026-02-12 17:00:00+00:00
[2026-02-12T18:37:56.926+0700] {processor.py:208} INFO - Processing /opt/airflow/dags/dag_scraping_daily.py took 2.097 seconds
[2026-02-12T18:38:27.640+0700] {processor.py:186} INFO - Started process (PID=731) to work on /opt/airflow/dags/dag_scraping_daily.py
[2026-02-12T18:38:27.643+0700] {processor.py:914} INFO - Processing file /opt/airflow/dags/dag_scraping_daily.py for tasks to queue
[2026-02-12T18:38:27.648+0700] {logging_mixin.py:190} INFO - [2026-02-12T18:38:27.647+0700] {dagbag.py:587} INFO - Filling up the DagBag from /opt/airflow/dags/dag_scraping_daily.py
[2026-02-12T18:38:27.713+0700] {processor.py:925} INFO - DAG(s) 'dag_scraping_daily' retrieved from /opt/airflow/dags/dag_scraping_daily.py
[2026-02-12T18:38:27.963+0700] {logging_mixin.py:190} INFO - [2026-02-12T18:38:27.962+0700] {dag.py:3211} INFO - Sync 1 DAGs
[2026-02-12T18:38:27.987+0700] {logging_mixin.py:190} INFO - [2026-02-12T18:38:27.987+0700] {dag.py:4138} INFO - Setting next_dagrun for dag_scraping_daily to 2026-02-12 05:00:00+00:00, run_after=2026-02-12 17:00:00+00:00
[2026-02-12T18:38:28.013+0700] {processor.py:208} INFO - Processing /opt/airflow/dags/dag_scraping_daily.py took 0.390 seconds
[2026-02-12T18:38:58.254+0700] {processor.py:186} INFO - Started process (PID=741) to work on /opt/airflow/dags/dag_scraping_daily.py
[2026-02-12T18:38:58.256+0700] {processor.py:914} INFO - Processing file /opt/airflow/dags/dag_scraping_daily.py for tasks to queue
[2026-02-12T18:38:58.260+0700] {logging_mixin.py:190} INFO - [2026-02-12T18:38:58.259+0700] {dagbag.py:587} INFO - Filling up the DagBag from /opt/airflow/dags/dag_scraping_daily.py
[2026-02-12T18:38:58.301+0700] {processor.py:925} INFO - DAG(s) 'dag_scraping_daily' retrieved from /opt/airflow/dags/dag_scraping_daily.py
[2026-02-12T18:38:58.337+0700] {logging_mixin.py:190} INFO - [2026-02-12T18:38:58.337+0700] {dag.py:3211} INFO - Sync 1 DAGs
[2026-02-12T18:38:58.370+0700] {logging_mixin.py:190} INFO - [2026-02-12T18:38:58.370+0700] {dag.py:4138} INFO - Setting next_dagrun for dag_scraping_daily to 2026-02-12 05:00:00+00:00, run_after=2026-02-12 17:00:00+00:00
[2026-02-12T18:38:58.398+0700] {processor.py:208} INFO - Processing /opt/airflow/dags/dag_scraping_daily.py took 0.152 seconds
[2026-02-12T18:39:28.502+0700] {processor.py:186} INFO - Started process (PID=751) to work on /opt/airflow/dags/dag_scraping_daily.py
[2026-02-12T18:39:28.504+0700] {processor.py:914} INFO - Processing file /opt/airflow/dags/dag_scraping_daily.py for tasks to queue
[2026-02-12T18:39:28.508+0700] {logging_mixin.py:190} INFO - [2026-02-12T18:39:28.508+0700] {dagbag.py:587} INFO - Filling up the DagBag from /opt/airflow/dags/dag_scraping_daily.py
[2026-02-12T18:39:28.551+0700] {processor.py:925} INFO - DAG(s) 'dag_scraping_daily' retrieved from /opt/airflow/dags/dag_scraping_daily.py
[2026-02-12T18:39:28.584+0700] {logging_mixin.py:190} INFO - [2026-02-12T18:39:28.583+0700] {dag.py:3211} INFO - Sync 1 DAGs
[2026-02-12T18:39:28.612+0700] {logging_mixin.py:190} INFO - [2026-02-12T18:39:28.611+0700] {dag.py:4138} INFO - Setting next_dagrun for dag_scraping_daily to 2026-02-12 05:00:00+00:00, run_after=2026-02-12 17:00:00+00:00
[2026-02-12T18:39:28.640+0700] {processor.py:208} INFO - Processing /opt/airflow/dags/dag_scraping_daily.py took 0.147 seconds
[2026-02-12T18:39:58.918+0700] {processor.py:186} INFO - Started process (PID=761) to work on /opt/airflow/dags/dag_scraping_daily.py
[2026-02-12T18:39:58.921+0700] {processor.py:914} INFO - Processing file /opt/airflow/dags/dag_scraping_daily.py for tasks to queue
[2026-02-12T18:39:58.926+0700] {logging_mixin.py:190} INFO - [2026-02-12T18:39:58.925+0700] {dagbag.py:587} INFO - Filling up the DagBag from /opt/airflow/dags/dag_scraping_daily.py
[2026-02-12T18:39:58.997+0700] {processor.py:925} INFO - DAG(s) 'dag_scraping_daily' retrieved from /opt/airflow/dags/dag_scraping_daily.py
[2026-02-12T18:39:59.078+0700] {logging_mixin.py:190} INFO - [2026-02-12T18:39:59.077+0700] {dag.py:3211} INFO - Sync 1 DAGs
[2026-02-12T18:39:59.116+0700] {logging_mixin.py:190} INFO - [2026-02-12T18:39:59.116+0700] {dag.py:4138} INFO - Setting next_dagrun for dag_scraping_daily to 2026-02-12 05:00:00+00:00, run_after=2026-02-12 17:00:00+00:00
[2026-02-12T18:39:59.377+0700] {processor.py:208} INFO - Processing /opt/airflow/dags/dag_scraping_daily.py took 0.471 seconds
[2026-02-12T18:40:29.680+0700] {processor.py:186} INFO - Started process (PID=771) to work on /opt/airflow/dags/dag_scraping_daily.py
[2026-02-12T18:40:29.682+0700] {processor.py:914} INFO - Processing file /opt/airflow/dags/dag_scraping_daily.py for tasks to queue
[2026-02-12T18:40:29.687+0700] {logging_mixin.py:190} INFO - [2026-02-12T18:40:29.687+0700] {dagbag.py:587} INFO - Filling up the DagBag from /opt/airflow/dags/dag_scraping_daily.py
[2026-02-12T18:40:29.730+0700] {processor.py:925} INFO - DAG(s) 'dag_scraping_daily' retrieved from /opt/airflow/dags/dag_scraping_daily.py
[2026-02-12T18:40:29.764+0700] {logging_mixin.py:190} INFO - [2026-02-12T18:40:29.764+0700] {dag.py:3211} INFO - Sync 1 DAGs
[2026-02-12T18:40:29.959+0700] {logging_mixin.py:190} INFO - [2026-02-12T18:40:29.959+0700] {dag.py:4138} INFO - Setting next_dagrun for dag_scraping_daily to 2026-02-12 05:00:00+00:00, run_after=2026-02-12 17:00:00+00:00
[2026-02-12T18:40:29.985+0700] {processor.py:208} INFO - Processing /opt/airflow/dags/dag_scraping_daily.py took 0.314 seconds
[2026-02-12T18:41:00.221+0700] {processor.py:186} INFO - Started process (PID=781) to work on /opt/airflow/dags/dag_scraping_daily.py
[2026-02-12T18:41:00.223+0700] {processor.py:914} INFO - Processing file /opt/airflow/dags/dag_scraping_daily.py for tasks to queue
[2026-02-12T18:41:00.227+0700] {logging_mixin.py:190} INFO - [2026-02-12T18:41:00.227+0700] {dagbag.py:587} INFO - Filling up the DagBag from /opt/airflow/dags/dag_scraping_daily.py
[2026-02-12T18:41:00.295+0700] {processor.py:925} INFO - DAG(s) 'dag_scraping_daily' retrieved from /opt/airflow/dags/dag_scraping_daily.py
[2026-02-12T18:41:00.589+0700] {logging_mixin.py:190} INFO - [2026-02-12T18:41:00.589+0700] {dag.py:3211} INFO - Sync 1 DAGs
[2026-02-12T18:41:00.633+0700] {logging_mixin.py:190} INFO - [2026-02-12T18:41:00.632+0700] {dag.py:4138} INFO - Setting next_dagrun for dag_scraping_daily to 2026-02-12 05:00:00+00:00, run_after=2026-02-12 17:00:00+00:00
[2026-02-12T18:41:00.675+0700] {processor.py:208} INFO - Processing /opt/airflow/dags/dag_scraping_daily.py took 0.466 seconds
[2026-02-12T18:41:30.920+0700] {processor.py:186} INFO - Started process (PID=791) to work on /opt/airflow/dags/dag_scraping_daily.py
[2026-02-12T18:41:30.922+0700] {processor.py:914} INFO - Processing file /opt/airflow/dags/dag_scraping_daily.py for tasks to queue
[2026-02-12T18:41:30.926+0700] {logging_mixin.py:190} INFO - [2026-02-12T18:41:30.925+0700] {dagbag.py:587} INFO - Filling up the DagBag from /opt/airflow/dags/dag_scraping_daily.py
[2026-02-12T18:41:30.963+0700] {processor.py:925} INFO - DAG(s) 'dag_scraping_daily' retrieved from /opt/airflow/dags/dag_scraping_daily.py
[2026-02-12T18:41:31.243+0700] {logging_mixin.py:190} INFO - [2026-02-12T18:41:31.243+0700] {dag.py:3211} INFO - Sync 1 DAGs
[2026-02-12T18:41:31.284+0700] {logging_mixin.py:190} INFO - [2026-02-12T18:41:31.283+0700] {dag.py:4138} INFO - Setting next_dagrun for dag_scraping_daily to 2026-02-12 05:00:00+00:00, run_after=2026-02-12 17:00:00+00:00
[2026-02-12T18:41:31.316+0700] {processor.py:208} INFO - Processing /opt/airflow/dags/dag_scraping_daily.py took 0.409 seconds
[2026-02-12T18:42:01.659+0700] {processor.py:186} INFO - Started process (PID=802) to work on /opt/airflow/dags/dag_scraping_daily.py
[2026-02-12T18:42:01.666+0700] {processor.py:914} INFO - Processing file /opt/airflow/dags/dag_scraping_daily.py for tasks to queue
[2026-02-12T18:42:01.674+0700] {logging_mixin.py:190} INFO - [2026-02-12T18:42:01.673+0700] {dagbag.py:587} INFO - Filling up the DagBag from /opt/airflow/dags/dag_scraping_daily.py
[2026-02-12T18:42:01.734+0700] {processor.py:925} INFO - DAG(s) 'dag_scraping_daily' retrieved from /opt/airflow/dags/dag_scraping_daily.py
[2026-02-12T18:42:01.776+0700] {logging_mixin.py:190} INFO - [2026-02-12T18:42:01.776+0700] {dag.py:3211} INFO - Sync 1 DAGs
[2026-02-12T18:42:01.807+0700] {logging_mixin.py:190} INFO - [2026-02-12T18:42:01.807+0700] {dag.py:4138} INFO - Setting next_dagrun for dag_scraping_daily to 2026-02-12 05:00:00+00:00, run_after=2026-02-12 17:00:00+00:00
[2026-02-12T18:42:01.830+0700] {processor.py:208} INFO - Processing /opt/airflow/dags/dag_scraping_daily.py took 0.199 seconds
[2026-02-12T18:46:29.948+0700] {processor.py:186} INFO - Started process (PID=817) to work on /opt/airflow/dags/dag_scraping_daily.py
[2026-02-12T18:46:29.952+0700] {processor.py:914} INFO - Processing file /opt/airflow/dags/dag_scraping_daily.py for tasks to queue
[2026-02-12T18:46:29.972+0700] {logging_mixin.py:190} INFO - [2026-02-12T18:46:29.972+0700] {dagbag.py:587} INFO - Filling up the DagBag from /opt/airflow/dags/dag_scraping_daily.py
[2026-02-12T18:46:30.156+0700] {processor.py:925} INFO - DAG(s) 'dag_scraping_daily' retrieved from /opt/airflow/dags/dag_scraping_daily.py
[2026-02-12T18:46:30.235+0700] {logging_mixin.py:190} INFO - [2026-02-12T18:46:30.234+0700] {dag.py:3211} INFO - Sync 1 DAGs
[2026-02-12T18:46:30.301+0700] {logging_mixin.py:190} INFO - [2026-02-12T18:46:30.300+0700] {dag.py:4138} INFO - Setting next_dagrun for dag_scraping_daily to 2026-02-12 05:00:00+00:00, run_after=2026-02-12 17:00:00+00:00
[2026-02-12T18:46:30.386+0700] {processor.py:208} INFO - Processing /opt/airflow/dags/dag_scraping_daily.py took 0.458 seconds
[2026-02-12T18:47:01.485+0700] {processor.py:186} INFO - Started process (PID=911) to work on /opt/airflow/dags/dag_scraping_daily.py
[2026-02-12T18:47:01.486+0700] {processor.py:914} INFO - Processing file /opt/airflow/dags/dag_scraping_daily.py for tasks to queue
[2026-02-12T18:47:01.490+0700] {logging_mixin.py:190} INFO - [2026-02-12T18:47:01.489+0700] {dagbag.py:587} INFO - Filling up the DagBag from /opt/airflow/dags/dag_scraping_daily.py
[2026-02-12T18:47:01.526+0700] {processor.py:925} INFO - DAG(s) 'dag_scraping_daily' retrieved from /opt/airflow/dags/dag_scraping_daily.py
[2026-02-12T18:47:01.560+0700] {logging_mixin.py:190} INFO - [2026-02-12T18:47:01.560+0700] {dag.py:3211} INFO - Sync 1 DAGs
[2026-02-12T18:47:01.589+0700] {logging_mixin.py:190} INFO - [2026-02-12T18:47:01.589+0700] {dag.py:4138} INFO - Setting next_dagrun for dag_scraping_daily to 2026-02-12 05:00:00+00:00, run_after=2026-02-12 17:00:00+00:00
[2026-02-12T18:47:01.618+0700] {processor.py:208} INFO - Processing /opt/airflow/dags/dag_scraping_daily.py took 0.144 seconds
[2026-02-12T18:47:31.938+0700] {processor.py:186} INFO - Started process (PID=921) to work on /opt/airflow/dags/dag_scraping_daily.py
[2026-02-12T18:47:31.939+0700] {processor.py:914} INFO - Processing file /opt/airflow/dags/dag_scraping_daily.py for tasks to queue
[2026-02-12T18:47:31.943+0700] {logging_mixin.py:190} INFO - [2026-02-12T18:47:31.943+0700] {dagbag.py:587} INFO - Filling up the DagBag from /opt/airflow/dags/dag_scraping_daily.py
[2026-02-12T18:47:31.971+0700] {processor.py:925} INFO - DAG(s) 'dag_scraping_daily' retrieved from /opt/airflow/dags/dag_scraping_daily.py
[2026-02-12T18:47:32.006+0700] {logging_mixin.py:190} INFO - [2026-02-12T18:47:32.005+0700] {dag.py:3211} INFO - Sync 1 DAGs
[2026-02-12T18:47:32.044+0700] {logging_mixin.py:190} INFO - [2026-02-12T18:47:32.043+0700] {dag.py:4138} INFO - Setting next_dagrun for dag_scraping_daily to 2026-02-12 05:00:00+00:00, run_after=2026-02-12 17:00:00+00:00
[2026-02-12T18:47:32.073+0700] {processor.py:208} INFO - Processing /opt/airflow/dags/dag_scraping_daily.py took 0.142 seconds
[2026-02-12T18:48:02.984+0700] {processor.py:186} INFO - Started process (PID=931) to work on /opt/airflow/dags/dag_scraping_daily.py
[2026-02-12T18:48:02.986+0700] {processor.py:914} INFO - Processing file /opt/airflow/dags/dag_scraping_daily.py for tasks to queue
[2026-02-12T18:48:02.990+0700] {logging_mixin.py:190} INFO - [2026-02-12T18:48:02.989+0700] {dagbag.py:587} INFO - Filling up the DagBag from /opt/airflow/dags/dag_scraping_daily.py
[2026-02-12T18:48:03.020+0700] {processor.py:925} INFO - DAG(s) 'dag_scraping_daily' retrieved from /opt/airflow/dags/dag_scraping_daily.py
[2026-02-12T18:48:03.054+0700] {logging_mixin.py:190} INFO - [2026-02-12T18:48:03.054+0700] {dag.py:3211} INFO - Sync 1 DAGs
[2026-02-12T18:48:03.080+0700] {logging_mixin.py:190} INFO - [2026-02-12T18:48:03.080+0700] {dag.py:4138} INFO - Setting next_dagrun for dag_scraping_daily to 2026-02-12 05:00:00+00:00, run_after=2026-02-12 17:00:00+00:00
[2026-02-12T18:48:03.102+0700] {processor.py:208} INFO - Processing /opt/airflow/dags/dag_scraping_daily.py took 0.125 seconds
[2026-02-12T18:48:33.425+0700] {processor.py:186} INFO - Started process (PID=941) to work on /opt/airflow/dags/dag_scraping_daily.py
[2026-02-12T18:48:33.427+0700] {processor.py:914} INFO - Processing file /opt/airflow/dags/dag_scraping_daily.py for tasks to queue
[2026-02-12T18:48:33.431+0700] {logging_mixin.py:190} INFO - [2026-02-12T18:48:33.431+0700] {dagbag.py:587} INFO - Filling up the DagBag from /opt/airflow/dags/dag_scraping_daily.py
[2026-02-12T18:48:33.473+0700] {processor.py:925} INFO - DAG(s) 'dag_scraping_daily' retrieved from /opt/airflow/dags/dag_scraping_daily.py
[2026-02-12T18:48:33.504+0700] {logging_mixin.py:190} INFO - [2026-02-12T18:48:33.503+0700] {dag.py:3211} INFO - Sync 1 DAGs
[2026-02-12T18:48:33.530+0700] {logging_mixin.py:190} INFO - [2026-02-12T18:48:33.530+0700] {dag.py:4138} INFO - Setting next_dagrun for dag_scraping_daily to 2026-02-12 05:00:00+00:00, run_after=2026-02-12 17:00:00+00:00
[2026-02-12T18:48:33.559+0700] {processor.py:208} INFO - Processing /opt/airflow/dags/dag_scraping_daily.py took 0.147 seconds
[2026-02-12T18:49:03.915+0700] {processor.py:186} INFO - Started process (PID=951) to work on /opt/airflow/dags/dag_scraping_daily.py
[2026-02-12T18:49:03.917+0700] {processor.py:914} INFO - Processing file /opt/airflow/dags/dag_scraping_daily.py for tasks to queue
[2026-02-12T18:49:03.921+0700] {logging_mixin.py:190} INFO - [2026-02-12T18:49:03.920+0700] {dagbag.py:587} INFO - Filling up the DagBag from /opt/airflow/dags/dag_scraping_daily.py
[2026-02-12T18:49:03.966+0700] {processor.py:925} INFO - DAG(s) 'dag_scraping_daily' retrieved from /opt/airflow/dags/dag_scraping_daily.py
[2026-02-12T18:49:04.016+0700] {logging_mixin.py:190} INFO - [2026-02-12T18:49:04.016+0700] {dag.py:3211} INFO - Sync 1 DAGs
[2026-02-12T18:49:04.052+0700] {logging_mixin.py:190} INFO - [2026-02-12T18:49:04.052+0700] {dag.py:4138} INFO - Setting next_dagrun for dag_scraping_daily to 2026-02-12 05:00:00+00:00, run_after=2026-02-12 17:00:00+00:00
[2026-02-12T18:49:04.083+0700] {processor.py:208} INFO - Processing /opt/airflow/dags/dag_scraping_daily.py took 0.179 seconds
[2026-02-12T18:49:34.718+0700] {processor.py:186} INFO - Started process (PID=961) to work on /opt/airflow/dags/dag_scraping_daily.py
[2026-02-12T18:49:34.720+0700] {processor.py:914} INFO - Processing file /opt/airflow/dags/dag_scraping_daily.py for tasks to queue
[2026-02-12T18:49:34.724+0700] {logging_mixin.py:190} INFO - [2026-02-12T18:49:34.723+0700] {dagbag.py:587} INFO - Filling up the DagBag from /opt/airflow/dags/dag_scraping_daily.py
[2026-02-12T18:49:34.765+0700] {processor.py:925} INFO - DAG(s) 'dag_scraping_daily' retrieved from /opt/airflow/dags/dag_scraping_daily.py
[2026-02-12T18:49:34.804+0700] {logging_mixin.py:190} INFO - [2026-02-12T18:49:34.803+0700] {dag.py:3211} INFO - Sync 1 DAGs
[2026-02-12T18:49:34.833+0700] {logging_mixin.py:190} INFO - [2026-02-12T18:49:34.833+0700] {dag.py:4138} INFO - Setting next_dagrun for dag_scraping_daily to 2026-02-12 05:00:00+00:00, run_after=2026-02-12 17:00:00+00:00
[2026-02-12T18:49:34.862+0700] {processor.py:208} INFO - Processing /opt/airflow/dags/dag_scraping_daily.py took 0.150 seconds
[2026-02-12T18:50:05.844+0700] {processor.py:186} INFO - Started process (PID=971) to work on /opt/airflow/dags/dag_scraping_daily.py
[2026-02-12T18:50:05.846+0700] {processor.py:914} INFO - Processing file /opt/airflow/dags/dag_scraping_daily.py for tasks to queue
[2026-02-12T18:50:05.850+0700] {logging_mixin.py:190} INFO - [2026-02-12T18:50:05.850+0700] {dagbag.py:587} INFO - Filling up the DagBag from /opt/airflow/dags/dag_scraping_daily.py
[2026-02-12T18:50:05.882+0700] {processor.py:925} INFO - DAG(s) 'dag_scraping_daily' retrieved from /opt/airflow/dags/dag_scraping_daily.py
[2026-02-12T18:50:05.918+0700] {logging_mixin.py:190} INFO - [2026-02-12T18:50:05.917+0700] {dag.py:3211} INFO - Sync 1 DAGs
[2026-02-12T18:50:05.950+0700] {logging_mixin.py:190} INFO - [2026-02-12T18:50:05.950+0700] {dag.py:4138} INFO - Setting next_dagrun for dag_scraping_daily to 2026-02-12 05:00:00+00:00, run_after=2026-02-12 17:00:00+00:00
[2026-02-12T18:50:05.980+0700] {processor.py:208} INFO - Processing /opt/airflow/dags/dag_scraping_daily.py took 0.146 seconds
[2026-02-12T18:50:36.557+0700] {processor.py:186} INFO - Started process (PID=992) to work on /opt/airflow/dags/dag_scraping_daily.py
[2026-02-12T18:50:36.559+0700] {processor.py:914} INFO - Processing file /opt/airflow/dags/dag_scraping_daily.py for tasks to queue
[2026-02-12T18:50:36.562+0700] {logging_mixin.py:190} INFO - [2026-02-12T18:50:36.562+0700] {dagbag.py:587} INFO - Filling up the DagBag from /opt/airflow/dags/dag_scraping_daily.py
[2026-02-12T18:50:36.598+0700] {processor.py:925} INFO - DAG(s) 'dag_scraping_daily' retrieved from /opt/airflow/dags/dag_scraping_daily.py
[2026-02-12T18:50:36.641+0700] {logging_mixin.py:190} INFO - [2026-02-12T18:50:36.641+0700] {dag.py:3211} INFO - Sync 1 DAGs
[2026-02-12T18:50:36.670+0700] {logging_mixin.py:190} INFO - [2026-02-12T18:50:36.670+0700] {dag.py:4138} INFO - Setting next_dagrun for dag_scraping_daily to 2026-02-12 05:00:00+00:00, run_after=2026-02-12 17:00:00+00:00
[2026-02-12T18:50:36.697+0700] {processor.py:208} INFO - Processing /opt/airflow/dags/dag_scraping_daily.py took 0.147 seconds
[2026-02-12T18:51:07.019+0700] {processor.py:186} INFO - Started process (PID=1013) to work on /opt/airflow/dags/dag_scraping_daily.py
[2026-02-12T18:51:07.020+0700] {processor.py:914} INFO - Processing file /opt/airflow/dags/dag_scraping_daily.py for tasks to queue
[2026-02-12T18:51:07.024+0700] {logging_mixin.py:190} INFO - [2026-02-12T18:51:07.024+0700] {dagbag.py:587} INFO - Filling up the DagBag from /opt/airflow/dags/dag_scraping_daily.py
[2026-02-12T18:51:07.060+0700] {processor.py:925} INFO - DAG(s) 'dag_scraping_daily' retrieved from /opt/airflow/dags/dag_scraping_daily.py
[2026-02-12T18:51:07.092+0700] {logging_mixin.py:190} INFO - [2026-02-12T18:51:07.092+0700] {dag.py:3211} INFO - Sync 1 DAGs
[2026-02-12T18:51:07.125+0700] {logging_mixin.py:190} INFO - [2026-02-12T18:51:07.124+0700] {dag.py:4138} INFO - Setting next_dagrun for dag_scraping_daily to 2026-02-12 05:00:00+00:00, run_after=2026-02-12 17:00:00+00:00
[2026-02-12T18:51:07.155+0700] {processor.py:208} INFO - Processing /opt/airflow/dags/dag_scraping_daily.py took 0.145 seconds
[2026-02-12T18:51:37.715+0700] {processor.py:186} INFO - Started process (PID=1023) to work on /opt/airflow/dags/dag_scraping_daily.py
[2026-02-12T18:51:37.717+0700] {processor.py:914} INFO - Processing file /opt/airflow/dags/dag_scraping_daily.py for tasks to queue
[2026-02-12T18:51:37.722+0700] {logging_mixin.py:190} INFO - [2026-02-12T18:51:37.722+0700] {dagbag.py:587} INFO - Filling up the DagBag from /opt/airflow/dags/dag_scraping_daily.py
[2026-02-12T18:51:37.764+0700] {processor.py:925} INFO - DAG(s) 'dag_scraping_daily' retrieved from /opt/airflow/dags/dag_scraping_daily.py
[2026-02-12T18:51:37.800+0700] {logging_mixin.py:190} INFO - [2026-02-12T18:51:37.800+0700] {dag.py:3211} INFO - Sync 1 DAGs
[2026-02-12T18:51:37.838+0700] {logging_mixin.py:190} INFO - [2026-02-12T18:51:37.838+0700] {dag.py:4138} INFO - Setting next_dagrun for dag_scraping_daily to 2026-02-12 05:00:00+00:00, run_after=2026-02-12 17:00:00+00:00
[2026-02-12T18:51:37.868+0700] {processor.py:208} INFO - Processing /opt/airflow/dags/dag_scraping_daily.py took 0.160 seconds
[2026-02-12T18:52:08.803+0700] {processor.py:186} INFO - Started process (PID=1033) to work on /opt/airflow/dags/dag_scraping_daily.py
[2026-02-12T18:52:08.805+0700] {processor.py:914} INFO - Processing file /opt/airflow/dags/dag_scraping_daily.py for tasks to queue
[2026-02-12T18:52:08.811+0700] {logging_mixin.py:190} INFO - [2026-02-12T18:52:08.810+0700] {dagbag.py:587} INFO - Filling up the DagBag from /opt/airflow/dags/dag_scraping_daily.py
[2026-02-12T18:52:08.848+0700] {processor.py:925} INFO - DAG(s) 'dag_scraping_daily' retrieved from /opt/airflow/dags/dag_scraping_daily.py
[2026-02-12T18:52:08.880+0700] {logging_mixin.py:190} INFO - [2026-02-12T18:52:08.880+0700] {dag.py:3211} INFO - Sync 1 DAGs
[2026-02-12T18:52:08.925+0700] {logging_mixin.py:190} INFO - [2026-02-12T18:52:08.924+0700] {dag.py:4138} INFO - Setting next_dagrun for dag_scraping_daily to 2026-02-12 05:00:00+00:00, run_after=2026-02-12 17:00:00+00:00
[2026-02-12T18:52:08.961+0700] {processor.py:208} INFO - Processing /opt/airflow/dags/dag_scraping_daily.py took 0.166 seconds
[2026-02-12T18:52:39.127+0700] {processor.py:186} INFO - Started process (PID=1120) to work on /opt/airflow/dags/dag_scraping_daily.py
[2026-02-12T18:52:39.129+0700] {processor.py:914} INFO - Processing file /opt/airflow/dags/dag_scraping_daily.py for tasks to queue
[2026-02-12T18:52:39.133+0700] {logging_mixin.py:190} INFO - [2026-02-12T18:52:39.132+0700] {dagbag.py:587} INFO - Filling up the DagBag from /opt/airflow/dags/dag_scraping_daily.py
[2026-02-12T18:52:39.170+0700] {processor.py:925} INFO - DAG(s) 'dag_scraping_daily' retrieved from /opt/airflow/dags/dag_scraping_daily.py
[2026-02-12T18:52:39.202+0700] {logging_mixin.py:190} INFO - [2026-02-12T18:52:39.202+0700] {dag.py:3211} INFO - Sync 1 DAGs
[2026-02-12T18:52:39.234+0700] {logging_mixin.py:190} INFO - [2026-02-12T18:52:39.234+0700] {dag.py:4138} INFO - Setting next_dagrun for dag_scraping_daily to 2026-02-12 05:00:00+00:00, run_after=2026-02-12 17:00:00+00:00
[2026-02-12T18:52:39.261+0700] {processor.py:208} INFO - Processing /opt/airflow/dags/dag_scraping_daily.py took 0.142 seconds
[2026-02-12T18:53:10.191+0700] {processor.py:186} INFO - Started process (PID=1158) to work on /opt/airflow/dags/dag_scraping_daily.py
[2026-02-12T18:53:10.193+0700] {processor.py:914} INFO - Processing file /opt/airflow/dags/dag_scraping_daily.py for tasks to queue
[2026-02-12T18:53:10.196+0700] {logging_mixin.py:190} INFO - [2026-02-12T18:53:10.196+0700] {dagbag.py:587} INFO - Filling up the DagBag from /opt/airflow/dags/dag_scraping_daily.py
[2026-02-12T18:53:10.235+0700] {processor.py:925} INFO - DAG(s) 'dag_scraping_daily' retrieved from /opt/airflow/dags/dag_scraping_daily.py
[2026-02-12T18:53:10.266+0700] {logging_mixin.py:190} INFO - [2026-02-12T18:53:10.266+0700] {dag.py:3211} INFO - Sync 1 DAGs
[2026-02-12T18:53:10.303+0700] {logging_mixin.py:190} INFO - [2026-02-12T18:53:10.303+0700] {dag.py:4138} INFO - Setting next_dagrun for dag_scraping_daily to 2026-02-12 05:00:00+00:00, run_after=2026-02-12 17:00:00+00:00
[2026-02-12T18:53:10.327+0700] {processor.py:208} INFO - Processing /opt/airflow/dags/dag_scraping_daily.py took 0.145 seconds
[2026-02-12T18:53:40.527+0700] {processor.py:186} INFO - Started process (PID=1168) to work on /opt/airflow/dags/dag_scraping_daily.py
[2026-02-12T18:53:40.529+0700] {processor.py:914} INFO - Processing file /opt/airflow/dags/dag_scraping_daily.py for tasks to queue
[2026-02-12T18:53:40.538+0700] {logging_mixin.py:190} INFO - [2026-02-12T18:53:40.538+0700] {dagbag.py:587} INFO - Filling up the DagBag from /opt/airflow/dags/dag_scraping_daily.py
[2026-02-12T18:53:40.589+0700] {processor.py:925} INFO - DAG(s) 'dag_scraping_daily' retrieved from /opt/airflow/dags/dag_scraping_daily.py
[2026-02-12T18:53:40.656+0700] {logging_mixin.py:190} INFO - [2026-02-12T18:53:40.656+0700] {dag.py:3211} INFO - Sync 1 DAGs
[2026-02-12T18:53:40.698+0700] {logging_mixin.py:190} INFO - [2026-02-12T18:53:40.698+0700] {dag.py:4138} INFO - Setting next_dagrun for dag_scraping_daily to 2026-02-12 05:00:00+00:00, run_after=2026-02-12 17:00:00+00:00
[2026-02-12T18:53:40.732+0700] {processor.py:208} INFO - Processing /opt/airflow/dags/dag_scraping_daily.py took 0.214 seconds
[2026-02-12T18:54:10.896+0700] {processor.py:186} INFO - Started process (PID=1178) to work on /opt/airflow/dags/dag_scraping_daily.py
[2026-02-12T18:54:10.898+0700] {processor.py:914} INFO - Processing file /opt/airflow/dags/dag_scraping_daily.py for tasks to queue
[2026-02-12T18:54:10.902+0700] {logging_mixin.py:190} INFO - [2026-02-12T18:54:10.901+0700] {dagbag.py:587} INFO - Filling up the DagBag from /opt/airflow/dags/dag_scraping_daily.py
[2026-02-12T18:54:10.940+0700] {processor.py:925} INFO - DAG(s) 'dag_scraping_daily' retrieved from /opt/airflow/dags/dag_scraping_daily.py
[2026-02-12T18:54:10.991+0700] {logging_mixin.py:190} INFO - [2026-02-12T18:54:10.989+0700] {dag.py:3211} INFO - Sync 1 DAGs
[2026-02-12T18:54:11.048+0700] {logging_mixin.py:190} INFO - [2026-02-12T18:54:11.048+0700] {dag.py:4138} INFO - Setting next_dagrun for dag_scraping_daily to 2026-02-12 05:00:00+00:00, run_after=2026-02-12 17:00:00+00:00
[2026-02-12T18:54:11.093+0700] {processor.py:208} INFO - Processing /opt/airflow/dags/dag_scraping_daily.py took 0.206 seconds
[2026-02-12T18:54:41.457+0700] {processor.py:186} INFO - Started process (PID=1188) to work on /opt/airflow/dags/dag_scraping_daily.py
[2026-02-12T18:54:41.459+0700] {processor.py:914} INFO - Processing file /opt/airflow/dags/dag_scraping_daily.py for tasks to queue
[2026-02-12T18:54:41.462+0700] {logging_mixin.py:190} INFO - [2026-02-12T18:54:41.462+0700] {dagbag.py:587} INFO - Filling up the DagBag from /opt/airflow/dags/dag_scraping_daily.py
[2026-02-12T18:54:41.497+0700] {processor.py:925} INFO - DAG(s) 'dag_scraping_daily' retrieved from /opt/airflow/dags/dag_scraping_daily.py
[2026-02-12T18:54:41.588+0700] {logging_mixin.py:190} INFO - [2026-02-12T18:54:41.587+0700] {dag.py:3211} INFO - Sync 1 DAGs
[2026-02-12T18:54:41.687+0700] {logging_mixin.py:190} INFO - [2026-02-12T18:54:41.686+0700] {dag.py:4138} INFO - Setting next_dagrun for dag_scraping_daily to 2026-02-12 05:00:00+00:00, run_after=2026-02-12 17:00:00+00:00
[2026-02-12T18:54:41.726+0700] {processor.py:208} INFO - Processing /opt/airflow/dags/dag_scraping_daily.py took 0.278 seconds
[2026-02-12T18:55:12.029+0700] {processor.py:186} INFO - Started process (PID=1199) to work on /opt/airflow/dags/dag_scraping_daily.py
[2026-02-12T18:55:12.031+0700] {processor.py:914} INFO - Processing file /opt/airflow/dags/dag_scraping_daily.py for tasks to queue
[2026-02-12T18:55:12.036+0700] {logging_mixin.py:190} INFO - [2026-02-12T18:55:12.036+0700] {dagbag.py:587} INFO - Filling up the DagBag from /opt/airflow/dags/dag_scraping_daily.py
[2026-02-12T18:55:12.072+0700] {processor.py:925} INFO - DAG(s) 'dag_scraping_daily' retrieved from /opt/airflow/dags/dag_scraping_daily.py
[2026-02-12T18:55:12.108+0700] {logging_mixin.py:190} INFO - [2026-02-12T18:55:12.108+0700] {dag.py:3211} INFO - Sync 1 DAGs
[2026-02-12T18:55:12.144+0700] {logging_mixin.py:190} INFO - [2026-02-12T18:55:12.143+0700] {dag.py:4138} INFO - Setting next_dagrun for dag_scraping_daily to 2026-02-12 05:00:00+00:00, run_after=2026-02-12 17:00:00+00:00
[2026-02-12T18:55:12.172+0700] {processor.py:208} INFO - Processing /opt/airflow/dags/dag_scraping_daily.py took 0.152 seconds
[2026-02-12T18:55:42.285+0700] {processor.py:186} INFO - Started process (PID=1213) to work on /opt/airflow/dags/dag_scraping_daily.py
[2026-02-12T18:55:42.286+0700] {processor.py:914} INFO - Processing file /opt/airflow/dags/dag_scraping_daily.py for tasks to queue
[2026-02-12T18:55:42.290+0700] {logging_mixin.py:190} INFO - [2026-02-12T18:55:42.289+0700] {dagbag.py:587} INFO - Filling up the DagBag from /opt/airflow/dags/dag_scraping_daily.py
[2026-02-12T18:55:42.319+0700] {processor.py:925} INFO - DAG(s) 'dag_scraping_daily' retrieved from /opt/airflow/dags/dag_scraping_daily.py
[2026-02-12T18:55:42.364+0700] {logging_mixin.py:190} INFO - [2026-02-12T18:55:42.364+0700] {dag.py:3211} INFO - Sync 1 DAGs
[2026-02-12T18:55:42.397+0700] {logging_mixin.py:190} INFO - [2026-02-12T18:55:42.396+0700] {dag.py:4138} INFO - Setting next_dagrun for dag_scraping_daily to 2026-02-12 05:00:00+00:00, run_after=2026-02-12 17:00:00+00:00
[2026-02-12T18:55:42.421+0700] {processor.py:208} INFO - Processing /opt/airflow/dags/dag_scraping_daily.py took 0.143 seconds
[2026-02-12T18:56:12.734+0700] {processor.py:186} INFO - Started process (PID=1223) to work on /opt/airflow/dags/dag_scraping_daily.py
[2026-02-12T18:56:12.735+0700] {processor.py:914} INFO - Processing file /opt/airflow/dags/dag_scraping_daily.py for tasks to queue
[2026-02-12T18:56:12.740+0700] {logging_mixin.py:190} INFO - [2026-02-12T18:56:12.739+0700] {dagbag.py:587} INFO - Filling up the DagBag from /opt/airflow/dags/dag_scraping_daily.py
[2026-02-12T18:56:12.772+0700] {processor.py:925} INFO - DAG(s) 'dag_scraping_daily' retrieved from /opt/airflow/dags/dag_scraping_daily.py
[2026-02-12T18:56:12.802+0700] {logging_mixin.py:190} INFO - [2026-02-12T18:56:12.802+0700] {dag.py:3211} INFO - Sync 1 DAGs
[2026-02-12T18:56:12.835+0700] {logging_mixin.py:190} INFO - [2026-02-12T18:56:12.834+0700] {dag.py:4138} INFO - Setting next_dagrun for dag_scraping_daily to 2026-02-12 05:00:00+00:00, run_after=2026-02-12 17:00:00+00:00
[2026-02-12T18:56:12.856+0700] {processor.py:208} INFO - Processing /opt/airflow/dags/dag_scraping_daily.py took 0.135 seconds
[2026-02-12T18:56:43.590+0700] {processor.py:186} INFO - Started process (PID=1233) to work on /opt/airflow/dags/dag_scraping_daily.py
[2026-02-12T18:56:43.592+0700] {processor.py:914} INFO - Processing file /opt/airflow/dags/dag_scraping_daily.py for tasks to queue
[2026-02-12T18:56:43.595+0700] {logging_mixin.py:190} INFO - [2026-02-12T18:56:43.595+0700] {dagbag.py:587} INFO - Filling up the DagBag from /opt/airflow/dags/dag_scraping_daily.py
[2026-02-12T18:56:43.638+0700] {processor.py:925} INFO - DAG(s) 'dag_scraping_daily' retrieved from /opt/airflow/dags/dag_scraping_daily.py
[2026-02-12T18:56:43.689+0700] {logging_mixin.py:190} INFO - [2026-02-12T18:56:43.688+0700] {dag.py:3211} INFO - Sync 1 DAGs
[2026-02-12T18:56:43.755+0700] {logging_mixin.py:190} INFO - [2026-02-12T18:56:43.753+0700] {dag.py:4138} INFO - Setting next_dagrun for dag_scraping_daily to 2026-02-12 05:00:00+00:00, run_after=2026-02-12 17:00:00+00:00
[2026-02-12T18:56:43.801+0700] {processor.py:208} INFO - Processing /opt/airflow/dags/dag_scraping_daily.py took 0.218 seconds
[2026-02-12T18:57:14.686+0700] {processor.py:186} INFO - Started process (PID=1243) to work on /opt/airflow/dags/dag_scraping_daily.py
[2026-02-12T18:57:14.688+0700] {processor.py:914} INFO - Processing file /opt/airflow/dags/dag_scraping_daily.py for tasks to queue
[2026-02-12T18:57:14.691+0700] {logging_mixin.py:190} INFO - [2026-02-12T18:57:14.691+0700] {dagbag.py:587} INFO - Filling up the DagBag from /opt/airflow/dags/dag_scraping_daily.py
[2026-02-12T18:57:14.723+0700] {processor.py:925} INFO - DAG(s) 'dag_scraping_daily' retrieved from /opt/airflow/dags/dag_scraping_daily.py
[2026-02-12T18:57:14.753+0700] {logging_mixin.py:190} INFO - [2026-02-12T18:57:14.753+0700] {dag.py:3211} INFO - Sync 1 DAGs
[2026-02-12T18:57:14.783+0700] {logging_mixin.py:190} INFO - [2026-02-12T18:57:14.783+0700] {dag.py:4138} INFO - Setting next_dagrun for dag_scraping_daily to 2026-02-12 05:00:00+00:00, run_after=2026-02-12 17:00:00+00:00
[2026-02-12T18:57:14.811+0700] {processor.py:208} INFO - Processing /opt/airflow/dags/dag_scraping_daily.py took 0.131 seconds
[2026-02-12T18:57:45.016+0700] {processor.py:186} INFO - Started process (PID=1253) to work on /opt/airflow/dags/dag_scraping_daily.py
[2026-02-12T18:57:45.019+0700] {processor.py:914} INFO - Processing file /opt/airflow/dags/dag_scraping_daily.py for tasks to queue
[2026-02-12T18:57:45.022+0700] {logging_mixin.py:190} INFO - [2026-02-12T18:57:45.021+0700] {dagbag.py:587} INFO - Filling up the DagBag from /opt/airflow/dags/dag_scraping_daily.py
[2026-02-12T18:57:45.062+0700] {processor.py:925} INFO - DAG(s) 'dag_scraping_daily' retrieved from /opt/airflow/dags/dag_scraping_daily.py
[2026-02-12T18:57:45.096+0700] {logging_mixin.py:190} INFO - [2026-02-12T18:57:45.095+0700] {dag.py:3211} INFO - Sync 1 DAGs
[2026-02-12T18:57:45.129+0700] {logging_mixin.py:190} INFO - [2026-02-12T18:57:45.129+0700] {dag.py:4138} INFO - Setting next_dagrun for dag_scraping_daily to 2026-02-12 05:00:00+00:00, run_after=2026-02-12 17:00:00+00:00
[2026-02-12T18:57:45.156+0700] {processor.py:208} INFO - Processing /opt/airflow/dags/dag_scraping_daily.py took 0.152 seconds
[2026-02-12T18:58:15.570+0700] {processor.py:186} INFO - Started process (PID=1263) to work on /opt/airflow/dags/dag_scraping_daily.py
[2026-02-12T18:58:15.572+0700] {processor.py:914} INFO - Processing file /opt/airflow/dags/dag_scraping_daily.py for tasks to queue
[2026-02-12T18:58:15.575+0700] {logging_mixin.py:190} INFO - [2026-02-12T18:58:15.574+0700] {dagbag.py:587} INFO - Filling up the DagBag from /opt/airflow/dags/dag_scraping_daily.py
[2026-02-12T18:58:15.612+0700] {processor.py:925} INFO - DAG(s) 'dag_scraping_daily' retrieved from /opt/airflow/dags/dag_scraping_daily.py
[2026-02-12T18:58:15.646+0700] {logging_mixin.py:190} INFO - [2026-02-12T18:58:15.646+0700] {dag.py:3211} INFO - Sync 1 DAGs
[2026-02-12T18:58:15.676+0700] {logging_mixin.py:190} INFO - [2026-02-12T18:58:15.676+0700] {dag.py:4138} INFO - Setting next_dagrun for dag_scraping_daily to 2026-02-12 05:00:00+00:00, run_after=2026-02-12 17:00:00+00:00
[2026-02-12T18:58:15.708+0700] {processor.py:208} INFO - Processing /opt/airflow/dags/dag_scraping_daily.py took 0.148 seconds
[2026-02-12T18:58:46.381+0700] {processor.py:186} INFO - Started process (PID=1273) to work on /opt/airflow/dags/dag_scraping_daily.py
[2026-02-12T18:58:46.382+0700] {processor.py:914} INFO - Processing file /opt/airflow/dags/dag_scraping_daily.py for tasks to queue
[2026-02-12T18:58:46.385+0700] {logging_mixin.py:190} INFO - [2026-02-12T18:58:46.385+0700] {dagbag.py:587} INFO - Filling up the DagBag from /opt/airflow/dags/dag_scraping_daily.py
[2026-02-12T18:58:46.416+0700] {processor.py:925} INFO - DAG(s) 'dag_scraping_daily' retrieved from /opt/airflow/dags/dag_scraping_daily.py
[2026-02-12T18:58:46.451+0700] {logging_mixin.py:190} INFO - [2026-02-12T18:58:46.451+0700] {dag.py:3211} INFO - Sync 1 DAGs
[2026-02-12T18:58:46.480+0700] {logging_mixin.py:190} INFO - [2026-02-12T18:58:46.479+0700] {dag.py:4138} INFO - Setting next_dagrun for dag_scraping_daily to 2026-02-12 05:00:00+00:00, run_after=2026-02-12 17:00:00+00:00
[2026-02-12T18:58:46.504+0700] {processor.py:208} INFO - Processing /opt/airflow/dags/dag_scraping_daily.py took 0.130 seconds
[2026-02-12T18:59:16.778+0700] {processor.py:186} INFO - Started process (PID=1283) to work on /opt/airflow/dags/dag_scraping_daily.py
[2026-02-12T18:59:16.780+0700] {processor.py:914} INFO - Processing file /opt/airflow/dags/dag_scraping_daily.py for tasks to queue
[2026-02-12T18:59:16.785+0700] {logging_mixin.py:190} INFO - [2026-02-12T18:59:16.784+0700] {dagbag.py:587} INFO - Filling up the DagBag from /opt/airflow/dags/dag_scraping_daily.py
[2026-02-12T18:59:16.822+0700] {processor.py:925} INFO - DAG(s) 'dag_scraping_daily' retrieved from /opt/airflow/dags/dag_scraping_daily.py
[2026-02-12T18:59:16.863+0700] {logging_mixin.py:190} INFO - [2026-02-12T18:59:16.863+0700] {dag.py:3211} INFO - Sync 1 DAGs
[2026-02-12T18:59:16.902+0700] {logging_mixin.py:190} INFO - [2026-02-12T18:59:16.902+0700] {dag.py:4138} INFO - Setting next_dagrun for dag_scraping_daily to 2026-02-12 05:00:00+00:00, run_after=2026-02-12 17:00:00+00:00
[2026-02-12T18:59:16.928+0700] {processor.py:208} INFO - Processing /opt/airflow/dags/dag_scraping_daily.py took 0.158 seconds
[2026-02-12T18:59:47.334+0700] {processor.py:186} INFO - Started process (PID=1293) to work on /opt/airflow/dags/dag_scraping_daily.py
[2026-02-12T18:59:47.335+0700] {processor.py:914} INFO - Processing file /opt/airflow/dags/dag_scraping_daily.py for tasks to queue
[2026-02-12T18:59:47.338+0700] {logging_mixin.py:190} INFO - [2026-02-12T18:59:47.338+0700] {dagbag.py:587} INFO - Filling up the DagBag from /opt/airflow/dags/dag_scraping_daily.py
[2026-02-12T18:59:47.372+0700] {processor.py:925} INFO - DAG(s) 'dag_scraping_daily' retrieved from /opt/airflow/dags/dag_scraping_daily.py
[2026-02-12T18:59:47.404+0700] {logging_mixin.py:190} INFO - [2026-02-12T18:59:47.403+0700] {dag.py:3211} INFO - Sync 1 DAGs
[2026-02-12T18:59:47.429+0700] {logging_mixin.py:190} INFO - [2026-02-12T18:59:47.429+0700] {dag.py:4138} INFO - Setting next_dagrun for dag_scraping_daily to 2026-02-12 05:00:00+00:00, run_after=2026-02-12 17:00:00+00:00
[2026-02-12T18:59:47.451+0700] {processor.py:208} INFO - Processing /opt/airflow/dags/dag_scraping_daily.py took 0.127 seconds
[2026-02-12T19:00:17.854+0700] {processor.py:186} INFO - Started process (PID=1303) to work on /opt/airflow/dags/dag_scraping_daily.py
[2026-02-12T19:00:17.855+0700] {processor.py:914} INFO - Processing file /opt/airflow/dags/dag_scraping_daily.py for tasks to queue
[2026-02-12T19:00:17.859+0700] {logging_mixin.py:190} INFO - [2026-02-12T19:00:17.859+0700] {dagbag.py:587} INFO - Filling up the DagBag from /opt/airflow/dags/dag_scraping_daily.py
[2026-02-12T19:00:17.888+0700] {processor.py:925} INFO - DAG(s) 'dag_scraping_daily' retrieved from /opt/airflow/dags/dag_scraping_daily.py
[2026-02-12T19:00:17.917+0700] {logging_mixin.py:190} INFO - [2026-02-12T19:00:17.916+0700] {dag.py:3211} INFO - Sync 1 DAGs
[2026-02-12T19:00:17.945+0700] {logging_mixin.py:190} INFO - [2026-02-12T19:00:17.944+0700] {dag.py:4138} INFO - Setting next_dagrun for dag_scraping_daily to 2026-02-12 05:00:00+00:00, run_after=2026-02-12 17:00:00+00:00
[2026-02-12T19:00:17.969+0700] {processor.py:208} INFO - Processing /opt/airflow/dags/dag_scraping_daily.py took 0.122 seconds
[2026-02-12T19:00:48.729+0700] {processor.py:186} INFO - Started process (PID=1313) to work on /opt/airflow/dags/dag_scraping_daily.py
[2026-02-12T19:00:48.731+0700] {processor.py:914} INFO - Processing file /opt/airflow/dags/dag_scraping_daily.py for tasks to queue
[2026-02-12T19:00:48.735+0700] {logging_mixin.py:190} INFO - [2026-02-12T19:00:48.735+0700] {dagbag.py:587} INFO - Filling up the DagBag from /opt/airflow/dags/dag_scraping_daily.py
[2026-02-12T19:00:48.770+0700] {processor.py:925} INFO - DAG(s) 'dag_scraping_daily' retrieved from /opt/airflow/dags/dag_scraping_daily.py
[2026-02-12T19:00:48.803+0700] {logging_mixin.py:190} INFO - [2026-02-12T19:00:48.802+0700] {dag.py:3211} INFO - Sync 1 DAGs
[2026-02-12T19:00:48.832+0700] {logging_mixin.py:190} INFO - [2026-02-12T19:00:48.832+0700] {dag.py:4138} INFO - Setting next_dagrun for dag_scraping_daily to 2026-02-12 05:00:00+00:00, run_after=2026-02-12 17:00:00+00:00
[2026-02-12T19:00:48.857+0700] {processor.py:208} INFO - Processing /opt/airflow/dags/dag_scraping_daily.py took 0.136 seconds
[2026-02-12T19:01:19.203+0700] {processor.py:186} INFO - Started process (PID=1323) to work on /opt/airflow/dags/dag_scraping_daily.py
[2026-02-12T19:01:19.204+0700] {processor.py:914} INFO - Processing file /opt/airflow/dags/dag_scraping_daily.py for tasks to queue
[2026-02-12T19:01:19.209+0700] {logging_mixin.py:190} INFO - [2026-02-12T19:01:19.209+0700] {dagbag.py:587} INFO - Filling up the DagBag from /opt/airflow/dags/dag_scraping_daily.py
[2026-02-12T19:01:19.252+0700] {processor.py:925} INFO - DAG(s) 'dag_scraping_daily' retrieved from /opt/airflow/dags/dag_scraping_daily.py
[2026-02-12T19:01:19.297+0700] {logging_mixin.py:190} INFO - [2026-02-12T19:01:19.296+0700] {dag.py:3211} INFO - Sync 1 DAGs
[2026-02-12T19:01:19.331+0700] {logging_mixin.py:190} INFO - [2026-02-12T19:01:19.331+0700] {dag.py:4138} INFO - Setting next_dagrun for dag_scraping_daily to 2026-02-12 05:00:00+00:00, run_after=2026-02-12 17:00:00+00:00
[2026-02-12T19:01:19.358+0700] {processor.py:208} INFO - Processing /opt/airflow/dags/dag_scraping_daily.py took 0.165 seconds
[2026-02-12T19:01:49.491+0700] {processor.py:186} INFO - Started process (PID=1333) to work on /opt/airflow/dags/dag_scraping_daily.py
[2026-02-12T19:01:49.493+0700] {processor.py:914} INFO - Processing file /opt/airflow/dags/dag_scraping_daily.py for tasks to queue
[2026-02-12T19:01:49.496+0700] {logging_mixin.py:190} INFO - [2026-02-12T19:01:49.496+0700] {dagbag.py:587} INFO - Filling up the DagBag from /opt/airflow/dags/dag_scraping_daily.py
[2026-02-12T19:01:49.529+0700] {processor.py:925} INFO - DAG(s) 'dag_scraping_daily' retrieved from /opt/airflow/dags/dag_scraping_daily.py
[2026-02-12T19:01:49.572+0700] {logging_mixin.py:190} INFO - [2026-02-12T19:01:49.571+0700] {dag.py:3211} INFO - Sync 1 DAGs
[2026-02-12T19:01:49.601+0700] {logging_mixin.py:190} INFO - [2026-02-12T19:01:49.601+0700] {dag.py:4138} INFO - Setting next_dagrun for dag_scraping_daily to 2026-02-12 05:00:00+00:00, run_after=2026-02-12 17:00:00+00:00
[2026-02-12T19:01:49.623+0700] {processor.py:208} INFO - Processing /opt/airflow/dags/dag_scraping_daily.py took 0.140 seconds
[2026-02-12T19:02:20.146+0700] {processor.py:186} INFO - Started process (PID=1343) to work on /opt/airflow/dags/dag_scraping_daily.py
[2026-02-12T19:02:20.147+0700] {processor.py:914} INFO - Processing file /opt/airflow/dags/dag_scraping_daily.py for tasks to queue
[2026-02-12T19:02:20.151+0700] {logging_mixin.py:190} INFO - [2026-02-12T19:02:20.150+0700] {dagbag.py:587} INFO - Filling up the DagBag from /opt/airflow/dags/dag_scraping_daily.py
[2026-02-12T19:02:20.183+0700] {processor.py:925} INFO - DAG(s) 'dag_scraping_daily' retrieved from /opt/airflow/dags/dag_scraping_daily.py
[2026-02-12T19:02:20.214+0700] {logging_mixin.py:190} INFO - [2026-02-12T19:02:20.213+0700] {dag.py:3211} INFO - Sync 1 DAGs
[2026-02-12T19:02:20.241+0700] {logging_mixin.py:190} INFO - [2026-02-12T19:02:20.241+0700] {dag.py:4138} INFO - Setting next_dagrun for dag_scraping_daily to 2026-02-12 05:00:00+00:00, run_after=2026-02-12 17:00:00+00:00
[2026-02-12T19:02:20.275+0700] {processor.py:208} INFO - Processing /opt/airflow/dags/dag_scraping_daily.py took 0.137 seconds
[2026-02-12T19:02:50.804+0700] {processor.py:186} INFO - Started process (PID=1353) to work on /opt/airflow/dags/dag_scraping_daily.py
[2026-02-12T19:02:50.806+0700] {processor.py:914} INFO - Processing file /opt/airflow/dags/dag_scraping_daily.py for tasks to queue
[2026-02-12T19:02:50.813+0700] {logging_mixin.py:190} INFO - [2026-02-12T19:02:50.812+0700] {dagbag.py:587} INFO - Filling up the DagBag from /opt/airflow/dags/dag_scraping_daily.py
[2026-02-12T19:02:50.852+0700] {processor.py:925} INFO - DAG(s) 'dag_scraping_daily' retrieved from /opt/airflow/dags/dag_scraping_daily.py
[2026-02-12T19:02:50.895+0700] {logging_mixin.py:190} INFO - [2026-02-12T19:02:50.894+0700] {dag.py:3211} INFO - Sync 1 DAGs
[2026-02-12T19:02:50.931+0700] {logging_mixin.py:190} INFO - [2026-02-12T19:02:50.931+0700] {dag.py:4138} INFO - Setting next_dagrun for dag_scraping_daily to 2026-02-12 05:00:00+00:00, run_after=2026-02-12 17:00:00+00:00
[2026-02-12T19:02:50.963+0700] {processor.py:208} INFO - Processing /opt/airflow/dags/dag_scraping_daily.py took 0.169 seconds
[2026-02-12T19:03:21.534+0700] {processor.py:186} INFO - Started process (PID=1363) to work on /opt/airflow/dags/dag_scraping_daily.py
[2026-02-12T19:03:21.536+0700] {processor.py:914} INFO - Processing file /opt/airflow/dags/dag_scraping_daily.py for tasks to queue
[2026-02-12T19:03:21.540+0700] {logging_mixin.py:190} INFO - [2026-02-12T19:03:21.539+0700] {dagbag.py:587} INFO - Filling up the DagBag from /opt/airflow/dags/dag_scraping_daily.py
[2026-02-12T19:03:21.576+0700] {processor.py:925} INFO - DAG(s) 'dag_scraping_daily' retrieved from /opt/airflow/dags/dag_scraping_daily.py
[2026-02-12T19:03:21.605+0700] {logging_mixin.py:190} INFO - [2026-02-12T19:03:21.604+0700] {dag.py:3211} INFO - Sync 1 DAGs
[2026-02-12T19:03:21.630+0700] {logging_mixin.py:190} INFO - [2026-02-12T19:03:21.630+0700] {dag.py:4138} INFO - Setting next_dagrun for dag_scraping_daily to 2026-02-12 05:00:00+00:00, run_after=2026-02-12 17:00:00+00:00
[2026-02-12T19:03:21.664+0700] {processor.py:208} INFO - Processing /opt/airflow/dags/dag_scraping_daily.py took 0.141 seconds
[2026-02-12T19:03:51.951+0700] {processor.py:186} INFO - Started process (PID=1373) to work on /opt/airflow/dags/dag_scraping_daily.py
[2026-02-12T19:03:51.953+0700] {processor.py:914} INFO - Processing file /opt/airflow/dags/dag_scraping_daily.py for tasks to queue
[2026-02-12T19:03:51.959+0700] {logging_mixin.py:190} INFO - [2026-02-12T19:03:51.958+0700] {dagbag.py:587} INFO - Filling up the DagBag from /opt/airflow/dags/dag_scraping_daily.py
[2026-02-12T19:03:52.003+0700] {processor.py:925} INFO - DAG(s) 'dag_scraping_daily' retrieved from /opt/airflow/dags/dag_scraping_daily.py
[2026-02-12T19:03:52.040+0700] {logging_mixin.py:190} INFO - [2026-02-12T19:03:52.040+0700] {dag.py:3211} INFO - Sync 1 DAGs
[2026-02-12T19:03:52.070+0700] {logging_mixin.py:190} INFO - [2026-02-12T19:03:52.069+0700] {dag.py:4138} INFO - Setting next_dagrun for dag_scraping_daily to 2026-02-12 05:00:00+00:00, run_after=2026-02-12 17:00:00+00:00
[2026-02-12T19:03:52.091+0700] {processor.py:208} INFO - Processing /opt/airflow/dags/dag_scraping_daily.py took 0.150 seconds
[2026-02-12T19:04:22.762+0700] {processor.py:186} INFO - Started process (PID=1383) to work on /opt/airflow/dags/dag_scraping_daily.py
[2026-02-12T19:04:22.764+0700] {processor.py:914} INFO - Processing file /opt/airflow/dags/dag_scraping_daily.py for tasks to queue
[2026-02-12T19:04:22.769+0700] {logging_mixin.py:190} INFO - [2026-02-12T19:04:22.767+0700] {dagbag.py:587} INFO - Filling up the DagBag from /opt/airflow/dags/dag_scraping_daily.py
[2026-02-12T19:04:22.806+0700] {processor.py:925} INFO - DAG(s) 'dag_scraping_daily' retrieved from /opt/airflow/dags/dag_scraping_daily.py
[2026-02-12T19:04:22.845+0700] {logging_mixin.py:190} INFO - [2026-02-12T19:04:22.844+0700] {dag.py:3211} INFO - Sync 1 DAGs
[2026-02-12T19:04:22.884+0700] {logging_mixin.py:190} INFO - [2026-02-12T19:04:22.884+0700] {dag.py:4138} INFO - Setting next_dagrun for dag_scraping_daily to 2026-02-12 05:00:00+00:00, run_after=2026-02-12 17:00:00+00:00
[2026-02-12T19:04:22.912+0700] {processor.py:208} INFO - Processing /opt/airflow/dags/dag_scraping_daily.py took 0.159 seconds
[2026-02-12T19:04:53.163+0700] {processor.py:186} INFO - Started process (PID=1393) to work on /opt/airflow/dags/dag_scraping_daily.py
[2026-02-12T19:04:53.166+0700] {processor.py:914} INFO - Processing file /opt/airflow/dags/dag_scraping_daily.py for tasks to queue
[2026-02-12T19:04:53.171+0700] {logging_mixin.py:190} INFO - [2026-02-12T19:04:53.170+0700] {dagbag.py:587} INFO - Filling up the DagBag from /opt/airflow/dags/dag_scraping_daily.py
[2026-02-12T19:04:53.210+0700] {processor.py:925} INFO - DAG(s) 'dag_scraping_daily' retrieved from /opt/airflow/dags/dag_scraping_daily.py
[2026-02-12T19:04:53.244+0700] {logging_mixin.py:190} INFO - [2026-02-12T19:04:53.244+0700] {dag.py:3211} INFO - Sync 1 DAGs
[2026-02-12T19:04:53.270+0700] {logging_mixin.py:190} INFO - [2026-02-12T19:04:53.269+0700] {dag.py:4138} INFO - Setting next_dagrun for dag_scraping_daily to 2026-02-12 05:00:00+00:00, run_after=2026-02-12 17:00:00+00:00
[2026-02-12T19:04:53.294+0700] {processor.py:208} INFO - Processing /opt/airflow/dags/dag_scraping_daily.py took 0.140 seconds
[2026-02-12T19:05:24.182+0700] {processor.py:186} INFO - Started process (PID=1403) to work on /opt/airflow/dags/dag_scraping_daily.py
[2026-02-12T19:05:24.184+0700] {processor.py:914} INFO - Processing file /opt/airflow/dags/dag_scraping_daily.py for tasks to queue
[2026-02-12T19:05:24.187+0700] {logging_mixin.py:190} INFO - [2026-02-12T19:05:24.186+0700] {dagbag.py:587} INFO - Filling up the DagBag from /opt/airflow/dags/dag_scraping_daily.py
[2026-02-12T19:05:24.219+0700] {processor.py:925} INFO - DAG(s) 'dag_scraping_daily' retrieved from /opt/airflow/dags/dag_scraping_daily.py
[2026-02-12T19:05:24.253+0700] {logging_mixin.py:190} INFO - [2026-02-12T19:05:24.253+0700] {dag.py:3211} INFO - Sync 1 DAGs
[2026-02-12T19:05:24.285+0700] {logging_mixin.py:190} INFO - [2026-02-12T19:05:24.285+0700] {dag.py:4138} INFO - Setting next_dagrun for dag_scraping_daily to 2026-02-12 05:00:00+00:00, run_after=2026-02-12 17:00:00+00:00
[2026-02-12T19:05:24.310+0700] {processor.py:208} INFO - Processing /opt/airflow/dags/dag_scraping_daily.py took 0.136 seconds
[2026-02-12T19:05:54.541+0700] {processor.py:186} INFO - Started process (PID=1413) to work on /opt/airflow/dags/dag_scraping_daily.py
[2026-02-12T19:05:54.542+0700] {processor.py:914} INFO - Processing file /opt/airflow/dags/dag_scraping_daily.py for tasks to queue
[2026-02-12T19:05:54.547+0700] {logging_mixin.py:190} INFO - [2026-02-12T19:05:54.546+0700] {dagbag.py:587} INFO - Filling up the DagBag from /opt/airflow/dags/dag_scraping_daily.py
[2026-02-12T19:05:54.577+0700] {processor.py:925} INFO - DAG(s) 'dag_scraping_daily' retrieved from /opt/airflow/dags/dag_scraping_daily.py
[2026-02-12T19:05:54.613+0700] {logging_mixin.py:190} INFO - [2026-02-12T19:05:54.613+0700] {dag.py:3211} INFO - Sync 1 DAGs
[2026-02-12T19:05:54.648+0700] {logging_mixin.py:190} INFO - [2026-02-12T19:05:54.648+0700] {dag.py:4138} INFO - Setting next_dagrun for dag_scraping_daily to 2026-02-12 05:00:00+00:00, run_after=2026-02-12 17:00:00+00:00
[2026-02-12T19:05:54.671+0700] {processor.py:208} INFO - Processing /opt/airflow/dags/dag_scraping_daily.py took 0.141 seconds
[2026-02-12T19:06:24.942+0700] {processor.py:186} INFO - Started process (PID=1423) to work on /opt/airflow/dags/dag_scraping_daily.py
[2026-02-12T19:06:24.944+0700] {processor.py:914} INFO - Processing file /opt/airflow/dags/dag_scraping_daily.py for tasks to queue
[2026-02-12T19:06:24.948+0700] {logging_mixin.py:190} INFO - [2026-02-12T19:06:24.948+0700] {dagbag.py:587} INFO - Filling up the DagBag from /opt/airflow/dags/dag_scraping_daily.py
[2026-02-12T19:06:24.983+0700] {processor.py:925} INFO - DAG(s) 'dag_scraping_daily' retrieved from /opt/airflow/dags/dag_scraping_daily.py
[2026-02-12T19:06:25.016+0700] {logging_mixin.py:190} INFO - [2026-02-12T19:06:25.016+0700] {dag.py:3211} INFO - Sync 1 DAGs
[2026-02-12T19:06:25.043+0700] {logging_mixin.py:190} INFO - [2026-02-12T19:06:25.043+0700] {dag.py:4138} INFO - Setting next_dagrun for dag_scraping_daily to 2026-02-12 05:00:00+00:00, run_after=2026-02-12 17:00:00+00:00
[2026-02-12T19:06:25.066+0700] {processor.py:208} INFO - Processing /opt/airflow/dags/dag_scraping_daily.py took 0.133 seconds
[2026-02-12T19:06:55.664+0700] {processor.py:186} INFO - Started process (PID=1433) to work on /opt/airflow/dags/dag_scraping_daily.py
[2026-02-12T19:06:55.666+0700] {processor.py:914} INFO - Processing file /opt/airflow/dags/dag_scraping_daily.py for tasks to queue
[2026-02-12T19:06:55.671+0700] {logging_mixin.py:190} INFO - [2026-02-12T19:06:55.670+0700] {dagbag.py:587} INFO - Filling up the DagBag from /opt/airflow/dags/dag_scraping_daily.py
[2026-02-12T19:06:55.711+0700] {processor.py:925} INFO - DAG(s) 'dag_scraping_daily' retrieved from /opt/airflow/dags/dag_scraping_daily.py
[2026-02-12T19:06:55.744+0700] {logging_mixin.py:190} INFO - [2026-02-12T19:06:55.744+0700] {dag.py:3211} INFO - Sync 1 DAGs
[2026-02-12T19:06:55.769+0700] {logging_mixin.py:190} INFO - [2026-02-12T19:06:55.769+0700] {dag.py:4138} INFO - Setting next_dagrun for dag_scraping_daily to 2026-02-12 05:00:00+00:00, run_after=2026-02-12 17:00:00+00:00
[2026-02-12T19:06:55.792+0700] {processor.py:208} INFO - Processing /opt/airflow/dags/dag_scraping_daily.py took 0.136 seconds
[2026-02-12T19:07:26.400+0700] {processor.py:186} INFO - Started process (PID=1443) to work on /opt/airflow/dags/dag_scraping_daily.py
[2026-02-12T19:07:26.402+0700] {processor.py:914} INFO - Processing file /opt/airflow/dags/dag_scraping_daily.py for tasks to queue
[2026-02-12T19:07:26.405+0700] {logging_mixin.py:190} INFO - [2026-02-12T19:07:26.405+0700] {dagbag.py:587} INFO - Filling up the DagBag from /opt/airflow/dags/dag_scraping_daily.py
[2026-02-12T19:07:26.444+0700] {processor.py:925} INFO - DAG(s) 'dag_scraping_daily' retrieved from /opt/airflow/dags/dag_scraping_daily.py
[2026-02-12T19:07:26.484+0700] {logging_mixin.py:190} INFO - [2026-02-12T19:07:26.483+0700] {dag.py:3211} INFO - Sync 1 DAGs
[2026-02-12T19:07:26.517+0700] {logging_mixin.py:190} INFO - [2026-02-12T19:07:26.517+0700] {dag.py:4138} INFO - Setting next_dagrun for dag_scraping_daily to 2026-02-12 05:00:00+00:00, run_after=2026-02-12 17:00:00+00:00
[2026-02-12T19:07:26.545+0700] {processor.py:208} INFO - Processing /opt/airflow/dags/dag_scraping_daily.py took 0.156 seconds
[2026-02-12T19:07:56.792+0700] {processor.py:186} INFO - Started process (PID=1453) to work on /opt/airflow/dags/dag_scraping_daily.py
[2026-02-12T19:07:56.795+0700] {processor.py:914} INFO - Processing file /opt/airflow/dags/dag_scraping_daily.py for tasks to queue
[2026-02-12T19:07:56.799+0700] {logging_mixin.py:190} INFO - [2026-02-12T19:07:56.799+0700] {dagbag.py:587} INFO - Filling up the DagBag from /opt/airflow/dags/dag_scraping_daily.py
[2026-02-12T19:07:56.839+0700] {processor.py:925} INFO - DAG(s) 'dag_scraping_daily' retrieved from /opt/airflow/dags/dag_scraping_daily.py
[2026-02-12T19:07:56.881+0700] {logging_mixin.py:190} INFO - [2026-02-12T19:07:56.880+0700] {dag.py:3211} INFO - Sync 1 DAGs
[2026-02-12T19:07:56.912+0700] {logging_mixin.py:190} INFO - [2026-02-12T19:07:56.912+0700] {dag.py:4138} INFO - Setting next_dagrun for dag_scraping_daily to 2026-02-12 05:00:00+00:00, run_after=2026-02-12 17:00:00+00:00
[2026-02-12T19:07:56.937+0700] {processor.py:208} INFO - Processing /opt/airflow/dags/dag_scraping_daily.py took 0.154 seconds
[2026-02-12T19:08:35.326+0700] {processor.py:186} INFO - Started process (PID=1463) to work on /opt/airflow/dags/dag_scraping_daily.py
[2026-02-12T19:08:35.328+0700] {processor.py:914} INFO - Processing file /opt/airflow/dags/dag_scraping_daily.py for tasks to queue
[2026-02-12T19:08:35.334+0700] {logging_mixin.py:190} INFO - [2026-02-12T19:08:35.334+0700] {dagbag.py:587} INFO - Filling up the DagBag from /opt/airflow/dags/dag_scraping_daily.py
[2026-02-12T19:08:35.370+0700] {processor.py:925} INFO - DAG(s) 'dag_scraping_daily' retrieved from /opt/airflow/dags/dag_scraping_daily.py
[2026-02-12T19:08:35.405+0700] {logging_mixin.py:190} INFO - [2026-02-12T19:08:35.405+0700] {dag.py:3211} INFO - Sync 1 DAGs
[2026-02-12T19:08:35.439+0700] {logging_mixin.py:190} INFO - [2026-02-12T19:08:35.439+0700] {dag.py:4138} INFO - Setting next_dagrun for dag_scraping_daily to 2026-02-12 05:00:00+00:00, run_after=2026-02-12 17:00:00+00:00
[2026-02-12T19:08:35.467+0700] {processor.py:208} INFO - Processing /opt/airflow/dags/dag_scraping_daily.py took 0.155 seconds
[2026-02-12T19:09:05.774+0700] {processor.py:186} INFO - Started process (PID=1473) to work on /opt/airflow/dags/dag_scraping_daily.py
[2026-02-12T19:09:05.777+0700] {processor.py:914} INFO - Processing file /opt/airflow/dags/dag_scraping_daily.py for tasks to queue
[2026-02-12T19:09:05.783+0700] {logging_mixin.py:190} INFO - [2026-02-12T19:09:05.783+0700] {dagbag.py:587} INFO - Filling up the DagBag from /opt/airflow/dags/dag_scraping_daily.py
[2026-02-12T19:09:05.835+0700] {processor.py:925} INFO - DAG(s) 'dag_scraping_daily' retrieved from /opt/airflow/dags/dag_scraping_daily.py
[2026-02-12T19:09:05.882+0700] {logging_mixin.py:190} INFO - [2026-02-12T19:09:05.882+0700] {dag.py:3211} INFO - Sync 1 DAGs
[2026-02-12T19:09:05.918+0700] {logging_mixin.py:190} INFO - [2026-02-12T19:09:05.918+0700] {dag.py:4138} INFO - Setting next_dagrun for dag_scraping_daily to 2026-02-12 05:00:00+00:00, run_after=2026-02-12 17:00:00+00:00
[2026-02-12T19:09:05.944+0700] {processor.py:208} INFO - Processing /opt/airflow/dags/dag_scraping_daily.py took 0.182 seconds
[2026-02-12T19:09:36.483+0700] {processor.py:186} INFO - Started process (PID=1483) to work on /opt/airflow/dags/dag_scraping_daily.py
[2026-02-12T19:09:36.485+0700] {processor.py:914} INFO - Processing file /opt/airflow/dags/dag_scraping_daily.py for tasks to queue
[2026-02-12T19:09:36.490+0700] {logging_mixin.py:190} INFO - [2026-02-12T19:09:36.489+0700] {dagbag.py:587} INFO - Filling up the DagBag from /opt/airflow/dags/dag_scraping_daily.py
[2026-02-12T19:09:36.532+0700] {processor.py:925} INFO - DAG(s) 'dag_scraping_daily' retrieved from /opt/airflow/dags/dag_scraping_daily.py
[2026-02-12T19:09:36.566+0700] {logging_mixin.py:190} INFO - [2026-02-12T19:09:36.565+0700] {dag.py:3211} INFO - Sync 1 DAGs
[2026-02-12T19:09:36.605+0700] {logging_mixin.py:190} INFO - [2026-02-12T19:09:36.604+0700] {dag.py:4138} INFO - Setting next_dagrun for dag_scraping_daily to 2026-02-12 05:00:00+00:00, run_after=2026-02-12 17:00:00+00:00
[2026-02-12T19:09:36.632+0700] {processor.py:208} INFO - Processing /opt/airflow/dags/dag_scraping_daily.py took 0.159 seconds
[2026-02-12T19:10:07.130+0700] {processor.py:186} INFO - Started process (PID=1493) to work on /opt/airflow/dags/dag_scraping_daily.py
[2026-02-12T19:10:07.133+0700] {processor.py:914} INFO - Processing file /opt/airflow/dags/dag_scraping_daily.py for tasks to queue
[2026-02-12T19:10:07.138+0700] {logging_mixin.py:190} INFO - [2026-02-12T19:10:07.138+0700] {dagbag.py:587} INFO - Filling up the DagBag from /opt/airflow/dags/dag_scraping_daily.py
[2026-02-12T19:10:07.181+0700] {processor.py:925} INFO - DAG(s) 'dag_scraping_daily' retrieved from /opt/airflow/dags/dag_scraping_daily.py
[2026-02-12T19:10:07.229+0700] {logging_mixin.py:190} INFO - [2026-02-12T19:10:07.229+0700] {dag.py:3211} INFO - Sync 1 DAGs
[2026-02-12T19:10:07.266+0700] {logging_mixin.py:190} INFO - [2026-02-12T19:10:07.265+0700] {dag.py:4138} INFO - Setting next_dagrun for dag_scraping_daily to 2026-02-12 05:00:00+00:00, run_after=2026-02-12 17:00:00+00:00
[2026-02-12T19:10:07.293+0700] {processor.py:208} INFO - Processing /opt/airflow/dags/dag_scraping_daily.py took 0.180 seconds
[2026-02-12T19:10:38.231+0700] {processor.py:186} INFO - Started process (PID=1503) to work on /opt/airflow/dags/dag_scraping_daily.py
[2026-02-12T19:10:38.234+0700] {processor.py:914} INFO - Processing file /opt/airflow/dags/dag_scraping_daily.py for tasks to queue
[2026-02-12T19:10:38.238+0700] {logging_mixin.py:190} INFO - [2026-02-12T19:10:38.237+0700] {dagbag.py:587} INFO - Filling up the DagBag from /opt/airflow/dags/dag_scraping_daily.py
[2026-02-12T19:10:38.281+0700] {processor.py:925} INFO - DAG(s) 'dag_scraping_daily' retrieved from /opt/airflow/dags/dag_scraping_daily.py
[2026-02-12T19:10:38.326+0700] {logging_mixin.py:190} INFO - [2026-02-12T19:10:38.325+0700] {dag.py:3211} INFO - Sync 1 DAGs
[2026-02-12T19:10:38.368+0700] {logging_mixin.py:190} INFO - [2026-02-12T19:10:38.368+0700] {dag.py:4138} INFO - Setting next_dagrun for dag_scraping_daily to 2026-02-12 05:00:00+00:00, run_after=2026-02-12 17:00:00+00:00
[2026-02-12T19:10:38.400+0700] {processor.py:208} INFO - Processing /opt/airflow/dags/dag_scraping_daily.py took 0.178 seconds
[2026-02-12T19:11:08.687+0700] {processor.py:186} INFO - Started process (PID=1514) to work on /opt/airflow/dags/dag_scraping_daily.py
[2026-02-12T19:11:08.689+0700] {processor.py:914} INFO - Processing file /opt/airflow/dags/dag_scraping_daily.py for tasks to queue
[2026-02-12T19:11:08.697+0700] {logging_mixin.py:190} INFO - [2026-02-12T19:11:08.697+0700] {dagbag.py:587} INFO - Filling up the DagBag from /opt/airflow/dags/dag_scraping_daily.py
[2026-02-12T19:11:08.760+0700] {processor.py:925} INFO - DAG(s) 'dag_scraping_daily' retrieved from /opt/airflow/dags/dag_scraping_daily.py
[2026-02-12T19:11:08.808+0700] {logging_mixin.py:190} INFO - [2026-02-12T19:11:08.808+0700] {dag.py:3211} INFO - Sync 1 DAGs
[2026-02-12T19:11:08.846+0700] {logging_mixin.py:190} INFO - [2026-02-12T19:11:08.846+0700] {dag.py:4138} INFO - Setting next_dagrun for dag_scraping_daily to 2026-02-12 05:00:00+00:00, run_after=2026-02-12 17:00:00+00:00
[2026-02-12T19:11:08.879+0700] {processor.py:208} INFO - Processing /opt/airflow/dags/dag_scraping_daily.py took 0.211 seconds
[2026-02-12T19:11:39.108+0700] {processor.py:186} INFO - Started process (PID=1524) to work on /opt/airflow/dags/dag_scraping_daily.py
[2026-02-12T19:11:39.110+0700] {processor.py:914} INFO - Processing file /opt/airflow/dags/dag_scraping_daily.py for tasks to queue
[2026-02-12T19:11:39.115+0700] {logging_mixin.py:190} INFO - [2026-02-12T19:11:39.115+0700] {dagbag.py:587} INFO - Filling up the DagBag from /opt/airflow/dags/dag_scraping_daily.py
[2026-02-12T19:11:39.154+0700] {processor.py:925} INFO - DAG(s) 'dag_scraping_daily' retrieved from /opt/airflow/dags/dag_scraping_daily.py
[2026-02-12T19:11:39.202+0700] {logging_mixin.py:190} INFO - [2026-02-12T19:11:39.202+0700] {dag.py:3211} INFO - Sync 1 DAGs
[2026-02-12T19:11:39.246+0700] {logging_mixin.py:190} INFO - [2026-02-12T19:11:39.246+0700] {dag.py:4138} INFO - Setting next_dagrun for dag_scraping_daily to 2026-02-12 05:00:00+00:00, run_after=2026-02-12 17:00:00+00:00
[2026-02-12T19:11:39.279+0700] {processor.py:208} INFO - Processing /opt/airflow/dags/dag_scraping_daily.py took 0.183 seconds
[2026-02-12T19:12:10.170+0700] {processor.py:186} INFO - Started process (PID=1535) to work on /opt/airflow/dags/dag_scraping_daily.py
[2026-02-12T19:12:10.172+0700] {processor.py:914} INFO - Processing file /opt/airflow/dags/dag_scraping_daily.py for tasks to queue
[2026-02-12T19:12:10.178+0700] {logging_mixin.py:190} INFO - [2026-02-12T19:12:10.178+0700] {dagbag.py:587} INFO - Filling up the DagBag from /opt/airflow/dags/dag_scraping_daily.py
[2026-02-12T19:12:10.216+0700] {processor.py:925} INFO - DAG(s) 'dag_scraping_daily' retrieved from /opt/airflow/dags/dag_scraping_daily.py
[2026-02-12T19:12:10.261+0700] {logging_mixin.py:190} INFO - [2026-02-12T19:12:10.261+0700] {dag.py:3211} INFO - Sync 1 DAGs
[2026-02-12T19:12:10.323+0700] {logging_mixin.py:190} INFO - [2026-02-12T19:12:10.322+0700] {dag.py:4138} INFO - Setting next_dagrun for dag_scraping_daily to 2026-02-12 05:00:00+00:00, run_after=2026-02-12 17:00:00+00:00
[2026-02-12T19:12:10.360+0700] {processor.py:208} INFO - Processing /opt/airflow/dags/dag_scraping_daily.py took 0.201 seconds
[2026-02-12T19:13:55.012+0700] {processor.py:186} INFO - Started process (PID=1545) to work on /opt/airflow/dags/dag_scraping_daily.py
[2026-02-12T19:13:55.016+0700] {processor.py:914} INFO - Processing file /opt/airflow/dags/dag_scraping_daily.py for tasks to queue
[2026-02-12T19:13:55.018+0700] {logging_mixin.py:190} INFO - [2026-02-12T19:13:55.018+0700] {dagbag.py:587} INFO - Filling up the DagBag from /opt/airflow/dags/dag_scraping_daily.py
[2026-02-12T19:13:55.054+0700] {processor.py:925} INFO - DAG(s) 'dag_scraping_daily' retrieved from /opt/airflow/dags/dag_scraping_daily.py
[2026-02-12T19:13:55.089+0700] {logging_mixin.py:190} INFO - [2026-02-12T19:13:55.088+0700] {dag.py:3211} INFO - Sync 1 DAGs
[2026-02-12T19:13:55.124+0700] {logging_mixin.py:190} INFO - [2026-02-12T19:13:55.124+0700] {dag.py:4138} INFO - Setting next_dagrun for dag_scraping_daily to 2026-02-12 05:00:00+00:00, run_after=2026-02-12 17:00:00+00:00
[2026-02-12T19:13:55.161+0700] {processor.py:208} INFO - Processing /opt/airflow/dags/dag_scraping_daily.py took 0.158 seconds
[2026-02-12T19:14:26.240+0700] {processor.py:186} INFO - Started process (PID=1555) to work on /opt/airflow/dags/dag_scraping_daily.py
[2026-02-12T19:14:26.242+0700] {processor.py:914} INFO - Processing file /opt/airflow/dags/dag_scraping_daily.py for tasks to queue
[2026-02-12T19:14:26.248+0700] {logging_mixin.py:190} INFO - [2026-02-12T19:14:26.247+0700] {dagbag.py:587} INFO - Filling up the DagBag from /opt/airflow/dags/dag_scraping_daily.py
[2026-02-12T19:14:26.285+0700] {processor.py:925} INFO - DAG(s) 'dag_scraping_daily' retrieved from /opt/airflow/dags/dag_scraping_daily.py
[2026-02-12T19:14:26.319+0700] {logging_mixin.py:190} INFO - [2026-02-12T19:14:26.319+0700] {dag.py:3211} INFO - Sync 1 DAGs
[2026-02-12T19:14:26.353+0700] {logging_mixin.py:190} INFO - [2026-02-12T19:14:26.353+0700] {dag.py:4138} INFO - Setting next_dagrun for dag_scraping_daily to 2026-02-12 05:00:00+00:00, run_after=2026-02-12 17:00:00+00:00
[2026-02-12T19:14:26.377+0700] {processor.py:208} INFO - Processing /opt/airflow/dags/dag_scraping_daily.py took 0.149 seconds
[2026-02-12T19:14:56.578+0700] {processor.py:186} INFO - Started process (PID=1565) to work on /opt/airflow/dags/dag_scraping_daily.py
[2026-02-12T19:14:56.580+0700] {processor.py:914} INFO - Processing file /opt/airflow/dags/dag_scraping_daily.py for tasks to queue
[2026-02-12T19:14:56.584+0700] {logging_mixin.py:190} INFO - [2026-02-12T19:14:56.584+0700] {dagbag.py:587} INFO - Filling up the DagBag from /opt/airflow/dags/dag_scraping_daily.py
[2026-02-12T19:14:56.619+0700] {processor.py:925} INFO - DAG(s) 'dag_scraping_daily' retrieved from /opt/airflow/dags/dag_scraping_daily.py
[2026-02-12T19:14:56.653+0700] {logging_mixin.py:190} INFO - [2026-02-12T19:14:56.652+0700] {dag.py:3211} INFO - Sync 1 DAGs
[2026-02-12T19:14:56.685+0700] {logging_mixin.py:190} INFO - [2026-02-12T19:14:56.685+0700] {dag.py:4138} INFO - Setting next_dagrun for dag_scraping_daily to 2026-02-12 05:00:00+00:00, run_after=2026-02-12 17:00:00+00:00
[2026-02-12T19:14:56.710+0700] {processor.py:208} INFO - Processing /opt/airflow/dags/dag_scraping_daily.py took 0.140 seconds
[2026-02-12T19:15:26.949+0700] {processor.py:186} INFO - Started process (PID=1575) to work on /opt/airflow/dags/dag_scraping_daily.py
[2026-02-12T19:15:26.951+0700] {processor.py:914} INFO - Processing file /opt/airflow/dags/dag_scraping_daily.py for tasks to queue
[2026-02-12T19:15:26.957+0700] {logging_mixin.py:190} INFO - [2026-02-12T19:15:26.956+0700] {dagbag.py:587} INFO - Filling up the DagBag from /opt/airflow/dags/dag_scraping_daily.py
[2026-02-12T19:15:27.003+0700] {processor.py:925} INFO - DAG(s) 'dag_scraping_daily' retrieved from /opt/airflow/dags/dag_scraping_daily.py
[2026-02-12T19:15:27.045+0700] {logging_mixin.py:190} INFO - [2026-02-12T19:15:27.045+0700] {dag.py:3211} INFO - Sync 1 DAGs
[2026-02-12T19:15:27.079+0700] {logging_mixin.py:190} INFO - [2026-02-12T19:15:27.079+0700] {dag.py:4138} INFO - Setting next_dagrun for dag_scraping_daily to 2026-02-12 05:00:00+00:00, run_after=2026-02-12 17:00:00+00:00
[2026-02-12T19:15:27.111+0700] {processor.py:208} INFO - Processing /opt/airflow/dags/dag_scraping_daily.py took 0.175 seconds
[2026-02-12T19:15:57.379+0700] {processor.py:186} INFO - Started process (PID=1587) to work on /opt/airflow/dags/dag_scraping_daily.py
[2026-02-12T19:15:57.381+0700] {processor.py:914} INFO - Processing file /opt/airflow/dags/dag_scraping_daily.py for tasks to queue
[2026-02-12T19:15:57.383+0700] {logging_mixin.py:190} INFO - [2026-02-12T19:15:57.383+0700] {dagbag.py:587} INFO - Filling up the DagBag from /opt/airflow/dags/dag_scraping_daily.py
[2026-02-12T19:15:57.428+0700] {processor.py:925} INFO - DAG(s) 'dag_scraping_daily' retrieved from /opt/airflow/dags/dag_scraping_daily.py
[2026-02-12T19:15:57.455+0700] {logging_mixin.py:190} INFO - [2026-02-12T19:15:57.454+0700] {dag.py:3211} INFO - Sync 1 DAGs
[2026-02-12T19:15:57.490+0700] {logging_mixin.py:190} INFO - [2026-02-12T19:15:57.489+0700] {dag.py:4138} INFO - Setting next_dagrun for dag_scraping_daily to 2026-02-12 05:00:00+00:00, run_after=2026-02-12 17:00:00+00:00
[2026-02-12T19:15:57.515+0700] {processor.py:208} INFO - Processing /opt/airflow/dags/dag_scraping_daily.py took 0.142 seconds
[2026-02-12T19:16:27.600+0700] {processor.py:186} INFO - Started process (PID=1597) to work on /opt/airflow/dags/dag_scraping_daily.py
[2026-02-12T19:16:27.601+0700] {processor.py:914} INFO - Processing file /opt/airflow/dags/dag_scraping_daily.py for tasks to queue
[2026-02-12T19:16:27.605+0700] {logging_mixin.py:190} INFO - [2026-02-12T19:16:27.604+0700] {dagbag.py:587} INFO - Filling up the DagBag from /opt/airflow/dags/dag_scraping_daily.py
[2026-02-12T19:16:27.655+0700] {processor.py:925} INFO - DAG(s) 'dag_scraping_daily' retrieved from /opt/airflow/dags/dag_scraping_daily.py
[2026-02-12T19:16:27.688+0700] {logging_mixin.py:190} INFO - [2026-02-12T19:16:27.688+0700] {dag.py:3211} INFO - Sync 1 DAGs
[2026-02-12T19:16:27.713+0700] {logging_mixin.py:190} INFO - [2026-02-12T19:16:27.713+0700] {dag.py:4138} INFO - Setting next_dagrun for dag_scraping_daily to 2026-02-12 05:00:00+00:00, run_after=2026-02-12 17:00:00+00:00
[2026-02-12T19:16:27.739+0700] {processor.py:208} INFO - Processing /opt/airflow/dags/dag_scraping_daily.py took 0.147 seconds
[2026-02-12T19:16:58.320+0700] {processor.py:186} INFO - Started process (PID=1605) to work on /opt/airflow/dags/dag_scraping_daily.py
[2026-02-12T19:16:58.322+0700] {processor.py:914} INFO - Processing file /opt/airflow/dags/dag_scraping_daily.py for tasks to queue
[2026-02-12T19:16:58.326+0700] {logging_mixin.py:190} INFO - [2026-02-12T19:16:58.325+0700] {dagbag.py:587} INFO - Filling up the DagBag from /opt/airflow/dags/dag_scraping_daily.py
[2026-02-12T19:16:58.365+0700] {processor.py:925} INFO - DAG(s) 'dag_scraping_daily' retrieved from /opt/airflow/dags/dag_scraping_daily.py
[2026-02-12T19:16:58.405+0700] {logging_mixin.py:190} INFO - [2026-02-12T19:16:58.405+0700] {dag.py:3211} INFO - Sync 1 DAGs
[2026-02-12T19:16:58.441+0700] {logging_mixin.py:190} INFO - [2026-02-12T19:16:58.440+0700] {dag.py:4138} INFO - Setting next_dagrun for dag_scraping_daily to 2026-02-12 05:00:00+00:00, run_after=2026-02-12 17:00:00+00:00
[2026-02-12T19:16:58.463+0700] {processor.py:208} INFO - Processing /opt/airflow/dags/dag_scraping_daily.py took 0.152 seconds
[2026-02-12T19:17:29.109+0700] {processor.py:186} INFO - Started process (PID=1615) to work on /opt/airflow/dags/dag_scraping_daily.py
[2026-02-12T19:17:29.111+0700] {processor.py:914} INFO - Processing file /opt/airflow/dags/dag_scraping_daily.py for tasks to queue
[2026-02-12T19:17:29.114+0700] {logging_mixin.py:190} INFO - [2026-02-12T19:17:29.113+0700] {dagbag.py:587} INFO - Filling up the DagBag from /opt/airflow/dags/dag_scraping_daily.py
[2026-02-12T19:17:29.158+0700] {processor.py:925} INFO - DAG(s) 'dag_scraping_daily' retrieved from /opt/airflow/dags/dag_scraping_daily.py
[2026-02-12T19:17:29.190+0700] {logging_mixin.py:190} INFO - [2026-02-12T19:17:29.189+0700] {dag.py:3211} INFO - Sync 1 DAGs
[2026-02-12T19:17:29.219+0700] {logging_mixin.py:190} INFO - [2026-02-12T19:17:29.219+0700] {dag.py:4138} INFO - Setting next_dagrun for dag_scraping_daily to 2026-02-12 05:00:00+00:00, run_after=2026-02-12 17:00:00+00:00
[2026-02-12T19:17:29.246+0700] {processor.py:208} INFO - Processing /opt/airflow/dags/dag_scraping_daily.py took 0.144 seconds
[2026-02-12T19:17:59.876+0700] {processor.py:186} INFO - Started process (PID=1625) to work on /opt/airflow/dags/dag_scraping_daily.py
[2026-02-12T19:17:59.877+0700] {processor.py:914} INFO - Processing file /opt/airflow/dags/dag_scraping_daily.py for tasks to queue
[2026-02-12T19:17:59.880+0700] {logging_mixin.py:190} INFO - [2026-02-12T19:17:59.880+0700] {dagbag.py:587} INFO - Filling up the DagBag from /opt/airflow/dags/dag_scraping_daily.py
[2026-02-12T19:17:59.919+0700] {processor.py:925} INFO - DAG(s) 'dag_scraping_daily' retrieved from /opt/airflow/dags/dag_scraping_daily.py
[2026-02-12T19:17:59.951+0700] {logging_mixin.py:190} INFO - [2026-02-12T19:17:59.950+0700] {dag.py:3211} INFO - Sync 1 DAGs
[2026-02-12T19:17:59.979+0700] {logging_mixin.py:190} INFO - [2026-02-12T19:17:59.978+0700] {dag.py:4138} INFO - Setting next_dagrun for dag_scraping_daily to 2026-02-12 05:00:00+00:00, run_after=2026-02-12 17:00:00+00:00
[2026-02-12T19:18:00.003+0700] {processor.py:208} INFO - Processing /opt/airflow/dags/dag_scraping_daily.py took 0.134 seconds
[2026-02-12T19:18:30.832+0700] {processor.py:186} INFO - Started process (PID=1635) to work on /opt/airflow/dags/dag_scraping_daily.py
[2026-02-12T19:18:30.833+0700] {processor.py:914} INFO - Processing file /opt/airflow/dags/dag_scraping_daily.py for tasks to queue
[2026-02-12T19:18:30.837+0700] {logging_mixin.py:190} INFO - [2026-02-12T19:18:30.836+0700] {dagbag.py:587} INFO - Filling up the DagBag from /opt/airflow/dags/dag_scraping_daily.py
[2026-02-12T19:18:30.867+0700] {processor.py:925} INFO - DAG(s) 'dag_scraping_daily' retrieved from /opt/airflow/dags/dag_scraping_daily.py
[2026-02-12T19:18:30.902+0700] {logging_mixin.py:190} INFO - [2026-02-12T19:18:30.902+0700] {dag.py:3211} INFO - Sync 1 DAGs
[2026-02-12T19:18:30.929+0700] {logging_mixin.py:190} INFO - [2026-02-12T19:18:30.928+0700] {dag.py:4138} INFO - Setting next_dagrun for dag_scraping_daily to 2026-02-12 05:00:00+00:00, run_after=2026-02-12 17:00:00+00:00
[2026-02-12T19:18:30.951+0700] {processor.py:208} INFO - Processing /opt/airflow/dags/dag_scraping_daily.py took 0.126 seconds
[2026-02-12T19:19:43.839+0700] {processor.py:186} INFO - Started process (PID=1645) to work on /opt/airflow/dags/dag_scraping_daily.py
[2026-02-12T19:19:43.841+0700] {processor.py:914} INFO - Processing file /opt/airflow/dags/dag_scraping_daily.py for tasks to queue
[2026-02-12T19:19:43.846+0700] {logging_mixin.py:190} INFO - [2026-02-12T19:19:43.845+0700] {dagbag.py:587} INFO - Filling up the DagBag from /opt/airflow/dags/dag_scraping_daily.py
[2026-02-12T19:19:41.936+0700] {processor.py:925} INFO - DAG(s) 'dag_scraping_daily' retrieved from /opt/airflow/dags/dag_scraping_daily.py
[2026-02-12T19:19:43.943+0700] {logging_mixin.py:190} INFO - [2026-02-12T19:19:43.943+0700] {dag.py:3211} INFO - Sync 1 DAGs
[2026-02-12T19:19:43.988+0700] {logging_mixin.py:190} INFO - [2026-02-12T19:19:43.987+0700] {dag.py:4138} INFO - Setting next_dagrun for dag_scraping_daily to 2026-02-12 05:00:00+00:00, run_after=2026-02-12 17:00:00+00:00
[2026-02-12T19:19:44.019+0700] {processor.py:208} INFO - Processing /opt/airflow/dags/dag_scraping_daily.py took 0.201 seconds
[2026-02-12T19:20:14.279+0700] {processor.py:186} INFO - Started process (PID=1655) to work on /opt/airflow/dags/dag_scraping_daily.py
[2026-02-12T19:20:14.281+0700] {processor.py:914} INFO - Processing file /opt/airflow/dags/dag_scraping_daily.py for tasks to queue
[2026-02-12T19:20:14.285+0700] {logging_mixin.py:190} INFO - [2026-02-12T19:20:14.285+0700] {dagbag.py:587} INFO - Filling up the DagBag from /opt/airflow/dags/dag_scraping_daily.py
[2026-02-12T19:20:14.319+0700] {processor.py:925} INFO - DAG(s) 'dag_scraping_daily' retrieved from /opt/airflow/dags/dag_scraping_daily.py
[2026-02-12T19:20:14.353+0700] {logging_mixin.py:190} INFO - [2026-02-12T19:20:14.352+0700] {dag.py:3211} INFO - Sync 1 DAGs
[2026-02-12T19:20:14.383+0700] {logging_mixin.py:190} INFO - [2026-02-12T19:20:14.383+0700] {dag.py:4138} INFO - Setting next_dagrun for dag_scraping_daily to 2026-02-12 05:00:00+00:00, run_after=2026-02-12 17:00:00+00:00
[2026-02-12T19:20:14.407+0700] {processor.py:208} INFO - Processing /opt/airflow/dags/dag_scraping_daily.py took 0.134 seconds
[2026-02-12T19:20:45.174+0700] {processor.py:186} INFO - Started process (PID=1665) to work on /opt/airflow/dags/dag_scraping_daily.py
[2026-02-12T19:20:45.176+0700] {processor.py:914} INFO - Processing file /opt/airflow/dags/dag_scraping_daily.py for tasks to queue
[2026-02-12T19:20:45.180+0700] {logging_mixin.py:190} INFO - [2026-02-12T19:20:45.180+0700] {dagbag.py:587} INFO - Filling up the DagBag from /opt/airflow/dags/dag_scraping_daily.py
[2026-02-12T19:20:45.210+0700] {processor.py:925} INFO - DAG(s) 'dag_scraping_daily' retrieved from /opt/airflow/dags/dag_scraping_daily.py
[2026-02-12T19:20:45.246+0700] {logging_mixin.py:190} INFO - [2026-02-12T19:20:45.246+0700] {dag.py:3211} INFO - Sync 1 DAGs
[2026-02-12T19:20:45.275+0700] {logging_mixin.py:190} INFO - [2026-02-12T19:20:45.275+0700] {dag.py:4138} INFO - Setting next_dagrun for dag_scraping_daily to 2026-02-12 05:00:00+00:00, run_after=2026-02-12 17:00:00+00:00
[2026-02-12T19:20:45.301+0700] {processor.py:208} INFO - Processing /opt/airflow/dags/dag_scraping_daily.py took 0.136 seconds
[2026-02-12T19:21:15.555+0700] {processor.py:186} INFO - Started process (PID=1675) to work on /opt/airflow/dags/dag_scraping_daily.py
[2026-02-12T19:21:15.557+0700] {processor.py:914} INFO - Processing file /opt/airflow/dags/dag_scraping_daily.py for tasks to queue
[2026-02-12T19:21:15.560+0700] {logging_mixin.py:190} INFO - [2026-02-12T19:21:15.560+0700] {dagbag.py:587} INFO - Filling up the DagBag from /opt/airflow/dags/dag_scraping_daily.py
[2026-02-12T19:21:15.592+0700] {processor.py:925} INFO - DAG(s) 'dag_scraping_daily' retrieved from /opt/airflow/dags/dag_scraping_daily.py
[2026-02-12T19:21:15.624+0700] {logging_mixin.py:190} INFO - [2026-02-12T19:21:15.624+0700] {dag.py:3211} INFO - Sync 1 DAGs
[2026-02-12T19:21:15.652+0700] {logging_mixin.py:190} INFO - [2026-02-12T19:21:15.652+0700] {dag.py:4138} INFO - Setting next_dagrun for dag_scraping_daily to 2026-02-12 05:00:00+00:00, run_after=2026-02-12 17:00:00+00:00
[2026-02-12T19:21:15.676+0700] {processor.py:208} INFO - Processing /opt/airflow/dags/dag_scraping_daily.py took 0.130 seconds
[2026-02-12T19:21:45.887+0700] {processor.py:186} INFO - Started process (PID=1685) to work on /opt/airflow/dags/dag_scraping_daily.py
[2026-02-12T19:21:45.888+0700] {processor.py:914} INFO - Processing file /opt/airflow/dags/dag_scraping_daily.py for tasks to queue
[2026-02-12T19:21:45.893+0700] {logging_mixin.py:190} INFO - [2026-02-12T19:21:45.892+0700] {dagbag.py:587} INFO - Filling up the DagBag from /opt/airflow/dags/dag_scraping_daily.py
[2026-02-12T19:21:45.931+0700] {processor.py:925} INFO - DAG(s) 'dag_scraping_daily' retrieved from /opt/airflow/dags/dag_scraping_daily.py
[2026-02-12T19:21:45.970+0700] {logging_mixin.py:190} INFO - [2026-02-12T19:21:45.970+0700] {dag.py:3211} INFO - Sync 1 DAGs
[2026-02-12T19:21:46.001+0700] {logging_mixin.py:190} INFO - [2026-02-12T19:21:46.001+0700] {dag.py:4138} INFO - Setting next_dagrun for dag_scraping_daily to 2026-02-12 05:00:00+00:00, run_after=2026-02-12 17:00:00+00:00
[2026-02-12T19:21:46.023+0700] {processor.py:208} INFO - Processing /opt/airflow/dags/dag_scraping_daily.py took 0.147 seconds
[2026-02-12T19:22:16.821+0700] {processor.py:186} INFO - Started process (PID=1695) to work on /opt/airflow/dags/dag_scraping_daily.py
[2026-02-12T19:22:16.823+0700] {processor.py:914} INFO - Processing file /opt/airflow/dags/dag_scraping_daily.py for tasks to queue
[2026-02-12T19:22:16.828+0700] {logging_mixin.py:190} INFO - [2026-02-12T19:22:16.827+0700] {dagbag.py:587} INFO - Filling up the DagBag from /opt/airflow/dags/dag_scraping_daily.py
[2026-02-12T19:22:16.862+0700] {processor.py:925} INFO - DAG(s) 'dag_scraping_daily' retrieved from /opt/airflow/dags/dag_scraping_daily.py
[2026-02-12T19:22:16.897+0700] {logging_mixin.py:190} INFO - [2026-02-12T19:22:16.896+0700] {dag.py:3211} INFO - Sync 1 DAGs
[2026-02-12T19:22:16.928+0700] {logging_mixin.py:190} INFO - [2026-02-12T19:22:16.928+0700] {dag.py:4138} INFO - Setting next_dagrun for dag_scraping_daily to 2026-02-12 05:00:00+00:00, run_after=2026-02-12 17:00:00+00:00
[2026-02-12T19:22:16.957+0700] {processor.py:208} INFO - Processing /opt/airflow/dags/dag_scraping_daily.py took 0.145 seconds
[2026-02-12T19:22:47.624+0700] {processor.py:186} INFO - Started process (PID=1705) to work on /opt/airflow/dags/dag_scraping_daily.py
[2026-02-12T19:22:47.626+0700] {processor.py:914} INFO - Processing file /opt/airflow/dags/dag_scraping_daily.py for tasks to queue
[2026-02-12T19:22:47.629+0700] {logging_mixin.py:190} INFO - [2026-02-12T19:22:47.628+0700] {dagbag.py:587} INFO - Filling up the DagBag from /opt/airflow/dags/dag_scraping_daily.py
[2026-02-12T19:22:47.661+0700] {processor.py:925} INFO - DAG(s) 'dag_scraping_daily' retrieved from /opt/airflow/dags/dag_scraping_daily.py
[2026-02-12T19:22:47.696+0700] {logging_mixin.py:190} INFO - [2026-02-12T19:22:47.695+0700] {dag.py:3211} INFO - Sync 1 DAGs
[2026-02-12T19:22:47.731+0700] {logging_mixin.py:190} INFO - [2026-02-12T19:22:47.731+0700] {dag.py:4138} INFO - Setting next_dagrun for dag_scraping_daily to 2026-02-12 05:00:00+00:00, run_after=2026-02-12 17:00:00+00:00
[2026-02-12T19:22:47.756+0700] {processor.py:208} INFO - Processing /opt/airflow/dags/dag_scraping_daily.py took 0.142 seconds
[2026-02-12T19:23:18.450+0700] {processor.py:186} INFO - Started process (PID=1715) to work on /opt/airflow/dags/dag_scraping_daily.py
[2026-02-12T19:23:18.452+0700] {processor.py:914} INFO - Processing file /opt/airflow/dags/dag_scraping_daily.py for tasks to queue
[2026-02-12T19:23:18.457+0700] {logging_mixin.py:190} INFO - [2026-02-12T19:23:18.456+0700] {dagbag.py:587} INFO - Filling up the DagBag from /opt/airflow/dags/dag_scraping_daily.py
[2026-02-12T19:23:18.491+0700] {processor.py:925} INFO - DAG(s) 'dag_scraping_daily' retrieved from /opt/airflow/dags/dag_scraping_daily.py
[2026-02-12T19:23:18.521+0700] {logging_mixin.py:190} INFO - [2026-02-12T19:23:18.521+0700] {dag.py:3211} INFO - Sync 1 DAGs
[2026-02-12T19:23:18.554+0700] {logging_mixin.py:190} INFO - [2026-02-12T19:23:18.554+0700] {dag.py:4138} INFO - Setting next_dagrun for dag_scraping_daily to 2026-02-12 05:00:00+00:00, run_after=2026-02-12 17:00:00+00:00
[2026-02-12T19:23:18.579+0700] {processor.py:208} INFO - Processing /opt/airflow/dags/dag_scraping_daily.py took 0.139 seconds
[2026-02-12T19:23:49.264+0700] {processor.py:186} INFO - Started process (PID=1725) to work on /opt/airflow/dags/dag_scraping_daily.py
[2026-02-12T19:23:49.265+0700] {processor.py:914} INFO - Processing file /opt/airflow/dags/dag_scraping_daily.py for tasks to queue
[2026-02-12T19:23:49.269+0700] {logging_mixin.py:190} INFO - [2026-02-12T19:23:49.269+0700] {dagbag.py:587} INFO - Filling up the DagBag from /opt/airflow/dags/dag_scraping_daily.py
[2026-02-12T19:23:49.310+0700] {processor.py:925} INFO - DAG(s) 'dag_scraping_daily' retrieved from /opt/airflow/dags/dag_scraping_daily.py
[2026-02-12T19:23:49.347+0700] {logging_mixin.py:190} INFO - [2026-02-12T19:23:49.347+0700] {dag.py:3211} INFO - Sync 1 DAGs
[2026-02-12T19:23:49.375+0700] {logging_mixin.py:190} INFO - [2026-02-12T19:23:49.375+0700] {dag.py:4138} INFO - Setting next_dagrun for dag_scraping_daily to 2026-02-12 05:00:00+00:00, run_after=2026-02-12 17:00:00+00:00
[2026-02-12T19:23:49.402+0700] {processor.py:208} INFO - Processing /opt/airflow/dags/dag_scraping_daily.py took 0.148 seconds
[2026-02-12T19:24:59.996+0700] {processor.py:186} INFO - Started process (PID=1735) to work on /opt/airflow/dags/dag_scraping_daily.py
[2026-02-12T19:24:59.998+0700] {processor.py:914} INFO - Processing file /opt/airflow/dags/dag_scraping_daily.py for tasks to queue
[2026-02-12T19:25:00.001+0700] {logging_mixin.py:190} INFO - [2026-02-12T19:25:00.001+0700] {dagbag.py:587} INFO - Filling up the DagBag from /opt/airflow/dags/dag_scraping_daily.py
[2026-02-12T19:25:00.047+0700] {processor.py:925} INFO - DAG(s) 'dag_scraping_daily' retrieved from /opt/airflow/dags/dag_scraping_daily.py
[2026-02-12T19:25:00.083+0700] {logging_mixin.py:190} INFO - [2026-02-12T19:25:00.082+0700] {dag.py:3211} INFO - Sync 1 DAGs
[2026-02-12T19:25:00.118+0700] {logging_mixin.py:190} INFO - [2026-02-12T19:25:00.118+0700] {dag.py:4138} INFO - Setting next_dagrun for dag_scraping_daily to 2026-02-12 05:00:00+00:00, run_after=2026-02-12 17:00:00+00:00
[2026-02-12T19:25:00.142+0700] {processor.py:208} INFO - Processing /opt/airflow/dags/dag_scraping_daily.py took 0.154 seconds
[2026-02-12T19:25:30.514+0700] {processor.py:186} INFO - Started process (PID=1745) to work on /opt/airflow/dags/dag_scraping_daily.py
[2026-02-12T19:25:30.516+0700] {processor.py:914} INFO - Processing file /opt/airflow/dags/dag_scraping_daily.py for tasks to queue
[2026-02-12T19:25:30.520+0700] {logging_mixin.py:190} INFO - [2026-02-12T19:25:30.520+0700] {dagbag.py:587} INFO - Filling up the DagBag from /opt/airflow/dags/dag_scraping_daily.py
[2026-02-12T19:25:30.562+0700] {processor.py:925} INFO - DAG(s) 'dag_scraping_daily' retrieved from /opt/airflow/dags/dag_scraping_daily.py
[2026-02-12T19:25:30.592+0700] {logging_mixin.py:190} INFO - [2026-02-12T19:25:30.592+0700] {dag.py:3211} INFO - Sync 1 DAGs
[2026-02-12T19:25:30.622+0700] {logging_mixin.py:190} INFO - [2026-02-12T19:25:30.621+0700] {dag.py:4138} INFO - Setting next_dagrun for dag_scraping_daily to 2026-02-12 05:00:00+00:00, run_after=2026-02-12 17:00:00+00:00
[2026-02-12T19:25:30.653+0700] {processor.py:208} INFO - Processing /opt/airflow/dags/dag_scraping_daily.py took 0.154 seconds
[2026-02-12T19:26:00.792+0700] {processor.py:186} INFO - Started process (PID=1755) to work on /opt/airflow/dags/dag_scraping_daily.py
[2026-02-12T19:26:00.794+0700] {processor.py:914} INFO - Processing file /opt/airflow/dags/dag_scraping_daily.py for tasks to queue
[2026-02-12T19:26:00.799+0700] {logging_mixin.py:190} INFO - [2026-02-12T19:26:00.798+0700] {dagbag.py:587} INFO - Filling up the DagBag from /opt/airflow/dags/dag_scraping_daily.py
[2026-02-12T19:26:00.833+0700] {processor.py:925} INFO - DAG(s) 'dag_scraping_daily' retrieved from /opt/airflow/dags/dag_scraping_daily.py
[2026-02-12T19:26:00.870+0700] {logging_mixin.py:190} INFO - [2026-02-12T19:26:00.870+0700] {dag.py:3211} INFO - Sync 1 DAGs
[2026-02-12T19:26:00.908+0700] {logging_mixin.py:190} INFO - [2026-02-12T19:26:00.907+0700] {dag.py:4138} INFO - Setting next_dagrun for dag_scraping_daily to 2026-02-12 05:00:00+00:00, run_after=2026-02-12 17:00:00+00:00
[2026-02-12T19:26:00.935+0700] {processor.py:208} INFO - Processing /opt/airflow/dags/dag_scraping_daily.py took 0.153 seconds
[2026-02-12T19:26:31.089+0700] {processor.py:186} INFO - Started process (PID=1765) to work on /opt/airflow/dags/dag_scraping_daily.py
[2026-02-12T19:26:31.091+0700] {processor.py:914} INFO - Processing file /opt/airflow/dags/dag_scraping_daily.py for tasks to queue
[2026-02-12T19:26:31.095+0700] {logging_mixin.py:190} INFO - [2026-02-12T19:26:31.095+0700] {dagbag.py:587} INFO - Filling up the DagBag from /opt/airflow/dags/dag_scraping_daily.py
[2026-02-12T19:26:31.126+0700] {processor.py:925} INFO - DAG(s) 'dag_scraping_daily' retrieved from /opt/airflow/dags/dag_scraping_daily.py
[2026-02-12T19:26:31.168+0700] {logging_mixin.py:190} INFO - [2026-02-12T19:26:31.168+0700] {dag.py:3211} INFO - Sync 1 DAGs
[2026-02-12T19:26:31.201+0700] {logging_mixin.py:190} INFO - [2026-02-12T19:26:31.201+0700] {dag.py:4138} INFO - Setting next_dagrun for dag_scraping_daily to 2026-02-12 05:00:00+00:00, run_after=2026-02-12 17:00:00+00:00
[2026-02-12T19:26:31.229+0700] {processor.py:208} INFO - Processing /opt/airflow/dags/dag_scraping_daily.py took 0.150 seconds
[2026-02-12T19:27:01.544+0700] {processor.py:186} INFO - Started process (PID=1775) to work on /opt/airflow/dags/dag_scraping_daily.py
[2026-02-12T19:27:01.545+0700] {processor.py:914} INFO - Processing file /opt/airflow/dags/dag_scraping_daily.py for tasks to queue
[2026-02-12T19:27:01.550+0700] {logging_mixin.py:190} INFO - [2026-02-12T19:27:01.550+0700] {dagbag.py:587} INFO - Filling up the DagBag from /opt/airflow/dags/dag_scraping_daily.py
[2026-02-12T19:27:01.591+0700] {processor.py:925} INFO - DAG(s) 'dag_scraping_daily' retrieved from /opt/airflow/dags/dag_scraping_daily.py
[2026-02-12T19:27:01.626+0700] {logging_mixin.py:190} INFO - [2026-02-12T19:27:01.626+0700] {dag.py:3211} INFO - Sync 1 DAGs
[2026-02-12T19:27:01.654+0700] {logging_mixin.py:190} INFO - [2026-02-12T19:27:01.653+0700] {dag.py:4138} INFO - Setting next_dagrun for dag_scraping_daily to 2026-02-12 05:00:00+00:00, run_after=2026-02-12 17:00:00+00:00
[2026-02-12T19:27:01.677+0700] {processor.py:208} INFO - Processing /opt/airflow/dags/dag_scraping_daily.py took 0.141 seconds
[2026-02-12T19:27:32.402+0700] {processor.py:186} INFO - Started process (PID=1785) to work on /opt/airflow/dags/dag_scraping_daily.py
[2026-02-12T19:27:32.403+0700] {processor.py:914} INFO - Processing file /opt/airflow/dags/dag_scraping_daily.py for tasks to queue
[2026-02-12T19:27:32.406+0700] {logging_mixin.py:190} INFO - [2026-02-12T19:27:32.406+0700] {dagbag.py:587} INFO - Filling up the DagBag from /opt/airflow/dags/dag_scraping_daily.py
[2026-02-12T19:27:32.434+0700] {processor.py:925} INFO - DAG(s) 'dag_scraping_daily' retrieved from /opt/airflow/dags/dag_scraping_daily.py
[2026-02-12T19:27:32.464+0700] {logging_mixin.py:190} INFO - [2026-02-12T19:27:32.463+0700] {dag.py:3211} INFO - Sync 1 DAGs
[2026-02-12T19:27:32.497+0700] {logging_mixin.py:190} INFO - [2026-02-12T19:27:32.496+0700] {dag.py:4138} INFO - Setting next_dagrun for dag_scraping_daily to 2026-02-12 05:00:00+00:00, run_after=2026-02-12 17:00:00+00:00
[2026-02-12T19:27:32.525+0700] {processor.py:208} INFO - Processing /opt/airflow/dags/dag_scraping_daily.py took 0.134 seconds
[2026-02-12T19:28:02.854+0700] {processor.py:186} INFO - Started process (PID=1795) to work on /opt/airflow/dags/dag_scraping_daily.py
[2026-02-12T19:28:02.855+0700] {processor.py:914} INFO - Processing file /opt/airflow/dags/dag_scraping_daily.py for tasks to queue
[2026-02-12T19:28:02.858+0700] {logging_mixin.py:190} INFO - [2026-02-12T19:28:02.858+0700] {dagbag.py:587} INFO - Filling up the DagBag from /opt/airflow/dags/dag_scraping_daily.py
[2026-02-12T19:28:02.888+0700] {processor.py:925} INFO - DAG(s) 'dag_scraping_daily' retrieved from /opt/airflow/dags/dag_scraping_daily.py
[2026-02-12T19:28:02.920+0700] {logging_mixin.py:190} INFO - [2026-02-12T19:28:02.919+0700] {dag.py:3211} INFO - Sync 1 DAGs
[2026-02-12T19:28:02.946+0700] {logging_mixin.py:190} INFO - [2026-02-12T19:28:02.946+0700] {dag.py:4138} INFO - Setting next_dagrun for dag_scraping_daily to 2026-02-12 05:00:00+00:00, run_after=2026-02-12 17:00:00+00:00
[2026-02-12T19:28:02.970+0700] {processor.py:208} INFO - Processing /opt/airflow/dags/dag_scraping_daily.py took 0.124 seconds
[2026-02-12T19:28:33.715+0700] {processor.py:186} INFO - Started process (PID=1805) to work on /opt/airflow/dags/dag_scraping_daily.py
[2026-02-12T19:28:33.717+0700] {processor.py:914} INFO - Processing file /opt/airflow/dags/dag_scraping_daily.py for tasks to queue
[2026-02-12T19:28:33.722+0700] {logging_mixin.py:190} INFO - [2026-02-12T19:28:33.721+0700] {dagbag.py:587} INFO - Filling up the DagBag from /opt/airflow/dags/dag_scraping_daily.py
[2026-02-12T19:28:33.750+0700] {processor.py:925} INFO - DAG(s) 'dag_scraping_daily' retrieved from /opt/airflow/dags/dag_scraping_daily.py
[2026-02-12T19:28:33.778+0700] {logging_mixin.py:190} INFO - [2026-02-12T19:28:33.778+0700] {dag.py:3211} INFO - Sync 1 DAGs
[2026-02-12T19:28:33.808+0700] {logging_mixin.py:190} INFO - [2026-02-12T19:28:33.808+0700] {dag.py:4138} INFO - Setting next_dagrun for dag_scraping_daily to 2026-02-12 05:00:00+00:00, run_after=2026-02-12 17:00:00+00:00
[2026-02-12T19:28:33.831+0700] {processor.py:208} INFO - Processing /opt/airflow/dags/dag_scraping_daily.py took 0.123 seconds
[2026-02-12T19:29:04.376+0700] {processor.py:186} INFO - Started process (PID=1815) to work on /opt/airflow/dags/dag_scraping_daily.py
[2026-02-12T19:29:04.378+0700] {processor.py:914} INFO - Processing file /opt/airflow/dags/dag_scraping_daily.py for tasks to queue
[2026-02-12T19:29:04.381+0700] {logging_mixin.py:190} INFO - [2026-02-12T19:29:04.381+0700] {dagbag.py:587} INFO - Filling up the DagBag from /opt/airflow/dags/dag_scraping_daily.py
[2026-02-12T19:29:04.409+0700] {processor.py:925} INFO - DAG(s) 'dag_scraping_daily' retrieved from /opt/airflow/dags/dag_scraping_daily.py
[2026-02-12T19:29:04.444+0700] {logging_mixin.py:190} INFO - [2026-02-12T19:29:04.444+0700] {dag.py:3211} INFO - Sync 1 DAGs
[2026-02-12T19:29:04.476+0700] {logging_mixin.py:190} INFO - [2026-02-12T19:29:04.476+0700] {dag.py:4138} INFO - Setting next_dagrun for dag_scraping_daily to 2026-02-12 05:00:00+00:00, run_after=2026-02-12 17:00:00+00:00
[2026-02-12T19:29:04.500+0700] {processor.py:208} INFO - Processing /opt/airflow/dags/dag_scraping_daily.py took 0.130 seconds
[2026-02-12T19:29:34.745+0700] {processor.py:186} INFO - Started process (PID=1825) to work on /opt/airflow/dags/dag_scraping_daily.py
[2026-02-12T19:29:34.746+0700] {processor.py:914} INFO - Processing file /opt/airflow/dags/dag_scraping_daily.py for tasks to queue
[2026-02-12T19:29:34.751+0700] {logging_mixin.py:190} INFO - [2026-02-12T19:29:34.750+0700] {dagbag.py:587} INFO - Filling up the DagBag from /opt/airflow/dags/dag_scraping_daily.py
[2026-02-12T19:29:34.793+0700] {processor.py:925} INFO - DAG(s) 'dag_scraping_daily' retrieved from /opt/airflow/dags/dag_scraping_daily.py
[2026-02-12T19:29:34.840+0700] {logging_mixin.py:190} INFO - [2026-02-12T19:29:34.839+0700] {dag.py:3211} INFO - Sync 1 DAGs
[2026-02-12T19:29:34.875+0700] {logging_mixin.py:190} INFO - [2026-02-12T19:29:34.875+0700] {dag.py:4138} INFO - Setting next_dagrun for dag_scraping_daily to 2026-02-12 05:00:00+00:00, run_after=2026-02-12 17:00:00+00:00
[2026-02-12T19:29:34.902+0700] {processor.py:208} INFO - Processing /opt/airflow/dags/dag_scraping_daily.py took 0.168 seconds
[2026-02-12T19:30:05.538+0700] {processor.py:186} INFO - Started process (PID=1835) to work on /opt/airflow/dags/dag_scraping_daily.py
[2026-02-12T19:30:05.540+0700] {processor.py:914} INFO - Processing file /opt/airflow/dags/dag_scraping_daily.py for tasks to queue
[2026-02-12T19:30:05.545+0700] {logging_mixin.py:190} INFO - [2026-02-12T19:30:05.544+0700] {dagbag.py:587} INFO - Filling up the DagBag from /opt/airflow/dags/dag_scraping_daily.py
[2026-02-12T19:30:05.584+0700] {processor.py:925} INFO - DAG(s) 'dag_scraping_daily' retrieved from /opt/airflow/dags/dag_scraping_daily.py
[2026-02-12T19:30:05.622+0700] {logging_mixin.py:190} INFO - [2026-02-12T19:30:05.622+0700] {dag.py:3211} INFO - Sync 1 DAGs
[2026-02-12T19:30:05.653+0700] {logging_mixin.py:190} INFO - [2026-02-12T19:30:05.652+0700] {dag.py:4138} INFO - Setting next_dagrun for dag_scraping_daily to 2026-02-12 05:00:00+00:00, run_after=2026-02-12 17:00:00+00:00
[2026-02-12T19:30:05.676+0700] {processor.py:208} INFO - Processing /opt/airflow/dags/dag_scraping_daily.py took 0.147 seconds
[2026-02-12T19:30:35.842+0700] {processor.py:186} INFO - Started process (PID=1845) to work on /opt/airflow/dags/dag_scraping_daily.py
[2026-02-12T19:30:35.843+0700] {processor.py:914} INFO - Processing file /opt/airflow/dags/dag_scraping_daily.py for tasks to queue
[2026-02-12T19:30:35.848+0700] {logging_mixin.py:190} INFO - [2026-02-12T19:30:35.847+0700] {dagbag.py:587} INFO - Filling up the DagBag from /opt/airflow/dags/dag_scraping_daily.py
[2026-02-12T19:30:35.875+0700] {processor.py:925} INFO - DAG(s) 'dag_scraping_daily' retrieved from /opt/airflow/dags/dag_scraping_daily.py
[2026-02-12T19:30:35.910+0700] {logging_mixin.py:190} INFO - [2026-02-12T19:30:35.910+0700] {dag.py:3211} INFO - Sync 1 DAGs
[2026-02-12T19:30:35.938+0700] {logging_mixin.py:190} INFO - [2026-02-12T19:30:35.938+0700] {dag.py:4138} INFO - Setting next_dagrun for dag_scraping_daily to 2026-02-12 05:00:00+00:00, run_after=2026-02-12 17:00:00+00:00
[2026-02-12T19:30:35.960+0700] {processor.py:208} INFO - Processing /opt/airflow/dags/dag_scraping_daily.py took 0.127 seconds
[2026-02-12T19:31:06.292+0700] {processor.py:186} INFO - Started process (PID=1855) to work on /opt/airflow/dags/dag_scraping_daily.py
[2026-02-12T19:31:06.294+0700] {processor.py:914} INFO - Processing file /opt/airflow/dags/dag_scraping_daily.py for tasks to queue
[2026-02-12T19:31:06.297+0700] {logging_mixin.py:190} INFO - [2026-02-12T19:31:06.297+0700] {dagbag.py:587} INFO - Filling up the DagBag from /opt/airflow/dags/dag_scraping_daily.py
[2026-02-12T19:31:06.326+0700] {processor.py:925} INFO - DAG(s) 'dag_scraping_daily' retrieved from /opt/airflow/dags/dag_scraping_daily.py
[2026-02-12T19:31:06.360+0700] {logging_mixin.py:190} INFO - [2026-02-12T19:31:06.360+0700] {dag.py:3211} INFO - Sync 1 DAGs
[2026-02-12T19:31:06.391+0700] {logging_mixin.py:190} INFO - [2026-02-12T19:31:06.390+0700] {dag.py:4138} INFO - Setting next_dagrun for dag_scraping_daily to 2026-02-12 05:00:00+00:00, run_after=2026-02-12 17:00:00+00:00
[2026-02-12T19:31:06.414+0700] {processor.py:208} INFO - Processing /opt/airflow/dags/dag_scraping_daily.py took 0.128 seconds
[2026-02-12T19:31:36.989+0700] {processor.py:186} INFO - Started process (PID=1865) to work on /opt/airflow/dags/dag_scraping_daily.py
[2026-02-12T19:31:36.991+0700] {processor.py:914} INFO - Processing file /opt/airflow/dags/dag_scraping_daily.py for tasks to queue
[2026-02-12T19:31:36.996+0700] {logging_mixin.py:190} INFO - [2026-02-12T19:31:36.995+0700] {dagbag.py:587} INFO - Filling up the DagBag from /opt/airflow/dags/dag_scraping_daily.py
[2026-02-12T19:31:37.035+0700] {processor.py:925} INFO - DAG(s) 'dag_scraping_daily' retrieved from /opt/airflow/dags/dag_scraping_daily.py
[2026-02-12T19:31:37.071+0700] {logging_mixin.py:190} INFO - [2026-02-12T19:31:37.071+0700] {dag.py:3211} INFO - Sync 1 DAGs
[2026-02-12T19:31:37.108+0700] {logging_mixin.py:190} INFO - [2026-02-12T19:31:37.107+0700] {dag.py:4138} INFO - Setting next_dagrun for dag_scraping_daily to 2026-02-12 05:00:00+00:00, run_after=2026-02-12 17:00:00+00:00
[2026-02-12T19:31:37.130+0700] {processor.py:208} INFO - Processing /opt/airflow/dags/dag_scraping_daily.py took 0.152 seconds
[2026-02-12T19:32:07.341+0700] {processor.py:186} INFO - Started process (PID=1875) to work on /opt/airflow/dags/dag_scraping_daily.py
[2026-02-12T19:32:07.342+0700] {processor.py:914} INFO - Processing file /opt/airflow/dags/dag_scraping_daily.py for tasks to queue
[2026-02-12T19:32:07.345+0700] {logging_mixin.py:190} INFO - [2026-02-12T19:32:07.344+0700] {dagbag.py:587} INFO - Filling up the DagBag from /opt/airflow/dags/dag_scraping_daily.py
[2026-02-12T19:32:07.379+0700] {processor.py:925} INFO - DAG(s) 'dag_scraping_daily' retrieved from /opt/airflow/dags/dag_scraping_daily.py
[2026-02-12T19:32:07.413+0700] {logging_mixin.py:190} INFO - [2026-02-12T19:32:07.413+0700] {dag.py:3211} INFO - Sync 1 DAGs
[2026-02-12T19:32:07.445+0700] {logging_mixin.py:190} INFO - [2026-02-12T19:32:07.445+0700] {dag.py:4138} INFO - Setting next_dagrun for dag_scraping_daily to 2026-02-12 05:00:00+00:00, run_after=2026-02-12 17:00:00+00:00
[2026-02-12T19:32:07.472+0700] {processor.py:208} INFO - Processing /opt/airflow/dags/dag_scraping_daily.py took 0.140 seconds
[2026-02-12T19:32:37.634+0700] {processor.py:186} INFO - Started process (PID=1885) to work on /opt/airflow/dags/dag_scraping_daily.py
[2026-02-12T19:32:37.636+0700] {processor.py:914} INFO - Processing file /opt/airflow/dags/dag_scraping_daily.py for tasks to queue
[2026-02-12T19:32:37.641+0700] {logging_mixin.py:190} INFO - [2026-02-12T19:32:37.640+0700] {dagbag.py:587} INFO - Filling up the DagBag from /opt/airflow/dags/dag_scraping_daily.py
[2026-02-12T19:32:37.671+0700] {processor.py:925} INFO - DAG(s) 'dag_scraping_daily' retrieved from /opt/airflow/dags/dag_scraping_daily.py
[2026-02-12T19:32:37.702+0700] {logging_mixin.py:190} INFO - [2026-02-12T19:32:37.702+0700] {dag.py:3211} INFO - Sync 1 DAGs
[2026-02-12T19:32:37.736+0700] {logging_mixin.py:190} INFO - [2026-02-12T19:32:37.736+0700] {dag.py:4138} INFO - Setting next_dagrun for dag_scraping_daily to 2026-02-12 05:00:00+00:00, run_after=2026-02-12 17:00:00+00:00
[2026-02-12T19:32:37.764+0700] {processor.py:208} INFO - Processing /opt/airflow/dags/dag_scraping_daily.py took 0.138 seconds
[2026-02-12T19:33:08.736+0700] {processor.py:186} INFO - Started process (PID=1895) to work on /opt/airflow/dags/dag_scraping_daily.py
[2026-02-12T19:33:08.738+0700] {processor.py:914} INFO - Processing file /opt/airflow/dags/dag_scraping_daily.py for tasks to queue
[2026-02-12T19:33:08.744+0700] {logging_mixin.py:190} INFO - [2026-02-12T19:33:08.743+0700] {dagbag.py:587} INFO - Filling up the DagBag from /opt/airflow/dags/dag_scraping_daily.py
[2026-02-12T19:33:08.789+0700] {processor.py:925} INFO - DAG(s) 'dag_scraping_daily' retrieved from /opt/airflow/dags/dag_scraping_daily.py
[2026-02-12T19:33:08.831+0700] {logging_mixin.py:190} INFO - [2026-02-12T19:33:08.831+0700] {dag.py:3211} INFO - Sync 1 DAGs
[2026-02-12T19:33:08.864+0700] {logging_mixin.py:190} INFO - [2026-02-12T19:33:08.864+0700] {dag.py:4138} INFO - Setting next_dagrun for dag_scraping_daily to 2026-02-12 05:00:00+00:00, run_after=2026-02-12 17:00:00+00:00
[2026-02-12T19:33:08.890+0700] {processor.py:208} INFO - Processing /opt/airflow/dags/dag_scraping_daily.py took 0.161 seconds
[2026-02-12T19:33:39.072+0700] {processor.py:186} INFO - Started process (PID=1905) to work on /opt/airflow/dags/dag_scraping_daily.py
[2026-02-12T19:33:39.074+0700] {processor.py:914} INFO - Processing file /opt/airflow/dags/dag_scraping_daily.py for tasks to queue
[2026-02-12T19:33:39.077+0700] {logging_mixin.py:190} INFO - [2026-02-12T19:33:39.076+0700] {dagbag.py:587} INFO - Filling up the DagBag from /opt/airflow/dags/dag_scraping_daily.py
[2026-02-12T19:33:39.112+0700] {processor.py:925} INFO - DAG(s) 'dag_scraping_daily' retrieved from /opt/airflow/dags/dag_scraping_daily.py
[2026-02-12T19:33:39.152+0700] {logging_mixin.py:190} INFO - [2026-02-12T19:33:39.152+0700] {dag.py:3211} INFO - Sync 1 DAGs
[2026-02-12T19:33:39.184+0700] {logging_mixin.py:190} INFO - [2026-02-12T19:33:39.183+0700] {dag.py:4138} INFO - Setting next_dagrun for dag_scraping_daily to 2026-02-12 05:00:00+00:00, run_after=2026-02-12 17:00:00+00:00
[2026-02-12T19:33:39.210+0700] {processor.py:208} INFO - Processing /opt/airflow/dags/dag_scraping_daily.py took 0.145 seconds
[2026-02-12T19:34:10.074+0700] {processor.py:186} INFO - Started process (PID=1915) to work on /opt/airflow/dags/dag_scraping_daily.py
[2026-02-12T19:34:10.075+0700] {processor.py:914} INFO - Processing file /opt/airflow/dags/dag_scraping_daily.py for tasks to queue
[2026-02-12T19:34:10.078+0700] {logging_mixin.py:190} INFO - [2026-02-12T19:34:10.078+0700] {dagbag.py:587} INFO - Filling up the DagBag from /opt/airflow/dags/dag_scraping_daily.py
[2026-02-12T19:34:10.117+0700] {processor.py:925} INFO - DAG(s) 'dag_scraping_daily' retrieved from /opt/airflow/dags/dag_scraping_daily.py
[2026-02-12T19:34:10.109+0700] {logging_mixin.py:190} INFO - [2026-02-12T19:34:10.109+0700] {dag.py:3211} INFO - Sync 1 DAGs
[2026-02-12T19:34:10.141+0700] {logging_mixin.py:190} INFO - [2026-02-12T19:34:10.141+0700] {dag.py:4138} INFO - Setting next_dagrun for dag_scraping_daily to 2026-02-12 05:00:00+00:00, run_after=2026-02-12 17:00:00+00:00
[2026-02-12T19:34:10.167+0700] {processor.py:208} INFO - Processing /opt/airflow/dags/dag_scraping_daily.py took 0.143 seconds
[2026-02-12T19:34:40.386+0700] {processor.py:186} INFO - Started process (PID=1925) to work on /opt/airflow/dags/dag_scraping_daily.py
[2026-02-12T19:34:40.387+0700] {processor.py:914} INFO - Processing file /opt/airflow/dags/dag_scraping_daily.py for tasks to queue
[2026-02-12T19:34:40.391+0700] {logging_mixin.py:190} INFO - [2026-02-12T19:34:40.390+0700] {dagbag.py:587} INFO - Filling up the DagBag from /opt/airflow/dags/dag_scraping_daily.py
[2026-02-12T19:34:40.439+0700] {processor.py:925} INFO - DAG(s) 'dag_scraping_daily' retrieved from /opt/airflow/dags/dag_scraping_daily.py
[2026-02-12T19:34:40.482+0700] {logging_mixin.py:190} INFO - [2026-02-12T19:34:40.481+0700] {dag.py:3211} INFO - Sync 1 DAGs
[2026-02-12T19:34:40.515+0700] {logging_mixin.py:190} INFO - [2026-02-12T19:34:40.515+0700] {dag.py:4138} INFO - Setting next_dagrun for dag_scraping_daily to 2026-02-12 05:00:00+00:00, run_after=2026-02-12 17:00:00+00:00
[2026-02-12T19:34:40.544+0700] {processor.py:208} INFO - Processing /opt/airflow/dags/dag_scraping_daily.py took 0.171 seconds
[2026-02-12T19:35:10.844+0700] {processor.py:186} INFO - Started process (PID=1935) to work on /opt/airflow/dags/dag_scraping_daily.py
[2026-02-12T19:35:10.846+0700] {processor.py:914} INFO - Processing file /opt/airflow/dags/dag_scraping_daily.py for tasks to queue
[2026-02-12T19:35:10.849+0700] {logging_mixin.py:190} INFO - [2026-02-12T19:35:10.848+0700] {dagbag.py:587} INFO - Filling up the DagBag from /opt/airflow/dags/dag_scraping_daily.py
[2026-02-12T19:35:10.887+0700] {processor.py:925} INFO - DAG(s) 'dag_scraping_daily' retrieved from /opt/airflow/dags/dag_scraping_daily.py
[2026-02-12T19:35:10.925+0700] {logging_mixin.py:190} INFO - [2026-02-12T19:35:10.924+0700] {dag.py:3211} INFO - Sync 1 DAGs
[2026-02-12T19:35:10.962+0700] {logging_mixin.py:190} INFO - [2026-02-12T19:35:10.962+0700] {dag.py:4138} INFO - Setting next_dagrun for dag_scraping_daily to 2026-02-12 05:00:00+00:00, run_after=2026-02-12 17:00:00+00:00
[2026-02-12T19:35:10.993+0700] {processor.py:208} INFO - Processing /opt/airflow/dags/dag_scraping_daily.py took 0.155 seconds
[2026-02-12T19:35:41.180+0700] {processor.py:186} INFO - Started process (PID=1945) to work on /opt/airflow/dags/dag_scraping_daily.py
[2026-02-12T19:35:41.181+0700] {processor.py:914} INFO - Processing file /opt/airflow/dags/dag_scraping_daily.py for tasks to queue
[2026-02-12T19:35:41.184+0700] {logging_mixin.py:190} INFO - [2026-02-12T19:35:41.183+0700] {dagbag.py:587} INFO - Filling up the DagBag from /opt/airflow/dags/dag_scraping_daily.py
[2026-02-12T19:35:41.209+0700] {processor.py:925} INFO - DAG(s) 'dag_scraping_daily' retrieved from /opt/airflow/dags/dag_scraping_daily.py
[2026-02-12T19:35:41.241+0700] {logging_mixin.py:190} INFO - [2026-02-12T19:35:41.241+0700] {dag.py:3211} INFO - Sync 1 DAGs
[2026-02-12T19:35:41.274+0700] {logging_mixin.py:190} INFO - [2026-02-12T19:35:41.274+0700] {dag.py:4138} INFO - Setting next_dagrun for dag_scraping_daily to 2026-02-12 05:00:00+00:00, run_after=2026-02-12 17:00:00+00:00
[2026-02-12T19:35:41.297+0700] {processor.py:208} INFO - Processing /opt/airflow/dags/dag_scraping_daily.py took 0.123 seconds
[2026-02-12T19:36:11.891+0700] {processor.py:186} INFO - Started process (PID=1955) to work on /opt/airflow/dags/dag_scraping_daily.py
[2026-02-12T19:36:11.893+0700] {processor.py:914} INFO - Processing file /opt/airflow/dags/dag_scraping_daily.py for tasks to queue
[2026-02-12T19:36:11.897+0700] {logging_mixin.py:190} INFO - [2026-02-12T19:36:11.897+0700] {dagbag.py:587} INFO - Filling up the DagBag from /opt/airflow/dags/dag_scraping_daily.py
[2026-02-12T19:36:11.950+0700] {processor.py:925} INFO - DAG(s) 'dag_scraping_daily' retrieved from /opt/airflow/dags/dag_scraping_daily.py
[2026-02-12T19:36:11.986+0700] {logging_mixin.py:190} INFO - [2026-02-12T19:36:11.986+0700] {dag.py:3211} INFO - Sync 1 DAGs
[2026-02-12T19:36:12.023+0700] {logging_mixin.py:190} INFO - [2026-02-12T19:36:12.022+0700] {dag.py:4138} INFO - Setting next_dagrun for dag_scraping_daily to 2026-02-12 05:00:00+00:00, run_after=2026-02-12 17:00:00+00:00
[2026-02-12T19:36:12.050+0700] {processor.py:208} INFO - Processing /opt/airflow/dags/dag_scraping_daily.py took 0.167 seconds
[2026-02-12T19:36:42.269+0700] {processor.py:186} INFO - Started process (PID=1965) to work on /opt/airflow/dags/dag_scraping_daily.py
[2026-02-12T19:36:42.275+0700] {processor.py:914} INFO - Processing file /opt/airflow/dags/dag_scraping_daily.py for tasks to queue
[2026-02-12T19:36:42.282+0700] {logging_mixin.py:190} INFO - [2026-02-12T19:36:42.281+0700] {dagbag.py:587} INFO - Filling up the DagBag from /opt/airflow/dags/dag_scraping_daily.py
[2026-02-12T19:36:42.330+0700] {processor.py:925} INFO - DAG(s) 'dag_scraping_daily' retrieved from /opt/airflow/dags/dag_scraping_daily.py
[2026-02-12T19:36:42.369+0700] {logging_mixin.py:190} INFO - [2026-02-12T19:36:42.368+0700] {dag.py:3211} INFO - Sync 1 DAGs
[2026-02-12T19:36:42.401+0700] {logging_mixin.py:190} INFO - [2026-02-12T19:36:42.400+0700] {dag.py:4138} INFO - Setting next_dagrun for dag_scraping_daily to 2026-02-12 05:00:00+00:00, run_after=2026-02-12 17:00:00+00:00
[2026-02-12T19:36:42.432+0700] {processor.py:208} INFO - Processing /opt/airflow/dags/dag_scraping_daily.py took 0.175 seconds
[2026-02-12T19:37:13.342+0700] {processor.py:186} INFO - Started process (PID=1975) to work on /opt/airflow/dags/dag_scraping_daily.py
[2026-02-12T19:37:13.343+0700] {processor.py:914} INFO - Processing file /opt/airflow/dags/dag_scraping_daily.py for tasks to queue
[2026-02-12T19:37:13.346+0700] {logging_mixin.py:190} INFO - [2026-02-12T19:37:13.345+0700] {dagbag.py:587} INFO - Filling up the DagBag from /opt/airflow/dags/dag_scraping_daily.py
[2026-02-12T19:37:13.378+0700] {processor.py:925} INFO - DAG(s) 'dag_scraping_daily' retrieved from /opt/airflow/dags/dag_scraping_daily.py
[2026-02-12T19:37:13.411+0700] {logging_mixin.py:190} INFO - [2026-02-12T19:37:13.410+0700] {dag.py:3211} INFO - Sync 1 DAGs
[2026-02-12T19:37:13.442+0700] {logging_mixin.py:190} INFO - [2026-02-12T19:37:13.442+0700] {dag.py:4138} INFO - Setting next_dagrun for dag_scraping_daily to 2026-02-12 05:00:00+00:00, run_after=2026-02-12 17:00:00+00:00
[2026-02-12T19:37:13.466+0700] {processor.py:208} INFO - Processing /opt/airflow/dags/dag_scraping_daily.py took 0.131 seconds
[2026-02-12T19:37:44.329+0700] {processor.py:186} INFO - Started process (PID=1985) to work on /opt/airflow/dags/dag_scraping_daily.py
[2026-02-12T19:37:44.332+0700] {processor.py:914} INFO - Processing file /opt/airflow/dags/dag_scraping_daily.py for tasks to queue
[2026-02-12T19:37:44.336+0700] {logging_mixin.py:190} INFO - [2026-02-12T19:37:44.335+0700] {dagbag.py:587} INFO - Filling up the DagBag from /opt/airflow/dags/dag_scraping_daily.py
[2026-02-12T19:37:44.365+0700] {processor.py:925} INFO - DAG(s) 'dag_scraping_daily' retrieved from /opt/airflow/dags/dag_scraping_daily.py
[2026-02-12T19:37:44.392+0700] {logging_mixin.py:190} INFO - [2026-02-12T19:37:44.392+0700] {dag.py:3211} INFO - Sync 1 DAGs
[2026-02-12T19:37:44.420+0700] {logging_mixin.py:190} INFO - [2026-02-12T19:37:44.419+0700] {dag.py:4138} INFO - Setting next_dagrun for dag_scraping_daily to 2026-02-12 05:00:00+00:00, run_after=2026-02-12 17:00:00+00:00
[2026-02-12T19:37:44.444+0700] {processor.py:208} INFO - Processing /opt/airflow/dags/dag_scraping_daily.py took 0.122 seconds
[2026-02-12T19:38:14.709+0700] {processor.py:186} INFO - Started process (PID=1995) to work on /opt/airflow/dags/dag_scraping_daily.py
[2026-02-12T19:38:14.711+0700] {processor.py:914} INFO - Processing file /opt/airflow/dags/dag_scraping_daily.py for tasks to queue
[2026-02-12T19:38:14.716+0700] {logging_mixin.py:190} INFO - [2026-02-12T19:38:14.715+0700] {dagbag.py:587} INFO - Filling up the DagBag from /opt/airflow/dags/dag_scraping_daily.py
[2026-02-12T19:38:14.754+0700] {processor.py:925} INFO - DAG(s) 'dag_scraping_daily' retrieved from /opt/airflow/dags/dag_scraping_daily.py
[2026-02-12T19:38:14.782+0700] {logging_mixin.py:190} INFO - [2026-02-12T19:38:14.782+0700] {dag.py:3211} INFO - Sync 1 DAGs
[2026-02-12T19:38:14.813+0700] {logging_mixin.py:190} INFO - [2026-02-12T19:38:14.813+0700] {dag.py:4138} INFO - Setting next_dagrun for dag_scraping_daily to 2026-02-12 05:00:00+00:00, run_after=2026-02-12 17:00:00+00:00
[2026-02-12T19:38:14.837+0700] {processor.py:208} INFO - Processing /opt/airflow/dags/dag_scraping_daily.py took 0.137 seconds
[2026-02-12T19:38:45.815+0700] {processor.py:186} INFO - Started process (PID=2005) to work on /opt/airflow/dags/dag_scraping_daily.py
[2026-02-12T19:38:45.816+0700] {processor.py:914} INFO - Processing file /opt/airflow/dags/dag_scraping_daily.py for tasks to queue
[2026-02-12T19:38:45.820+0700] {logging_mixin.py:190} INFO - [2026-02-12T19:38:45.819+0700] {dagbag.py:587} INFO - Filling up the DagBag from /opt/airflow/dags/dag_scraping_daily.py
[2026-02-12T19:38:45.847+0700] {processor.py:925} INFO - DAG(s) 'dag_scraping_daily' retrieved from /opt/airflow/dags/dag_scraping_daily.py
[2026-02-12T19:38:45.880+0700] {logging_mixin.py:190} INFO - [2026-02-12T19:38:45.879+0700] {dag.py:3211} INFO - Sync 1 DAGs
[2026-02-12T19:38:45.909+0700] {logging_mixin.py:190} INFO - [2026-02-12T19:38:45.909+0700] {dag.py:4138} INFO - Setting next_dagrun for dag_scraping_daily to 2026-02-12 05:00:00+00:00, run_after=2026-02-12 17:00:00+00:00
[2026-02-12T19:38:45.934+0700] {processor.py:208} INFO - Processing /opt/airflow/dags/dag_scraping_daily.py took 0.126 seconds
[2026-02-12T19:39:16.357+0700] {processor.py:186} INFO - Started process (PID=2015) to work on /opt/airflow/dags/dag_scraping_daily.py
[2026-02-12T19:39:16.359+0700] {processor.py:914} INFO - Processing file /opt/airflow/dags/dag_scraping_daily.py for tasks to queue
[2026-02-12T19:39:16.362+0700] {logging_mixin.py:190} INFO - [2026-02-12T19:39:16.362+0700] {dagbag.py:587} INFO - Filling up the DagBag from /opt/airflow/dags/dag_scraping_daily.py
[2026-02-12T19:39:16.402+0700] {processor.py:925} INFO - DAG(s) 'dag_scraping_daily' retrieved from /opt/airflow/dags/dag_scraping_daily.py
[2026-02-12T19:39:16.436+0700] {logging_mixin.py:190} INFO - [2026-02-12T19:39:16.435+0700] {dag.py:3211} INFO - Sync 1 DAGs
[2026-02-12T19:39:16.464+0700] {logging_mixin.py:190} INFO - [2026-02-12T19:39:16.464+0700] {dag.py:4138} INFO - Setting next_dagrun for dag_scraping_daily to 2026-02-12 05:00:00+00:00, run_after=2026-02-12 17:00:00+00:00
[2026-02-12T19:39:16.490+0700] {processor.py:208} INFO - Processing /opt/airflow/dags/dag_scraping_daily.py took 0.147 seconds
[2026-02-12T19:39:46.791+0700] {processor.py:186} INFO - Started process (PID=2025) to work on /opt/airflow/dags/dag_scraping_daily.py
[2026-02-12T19:39:46.792+0700] {processor.py:914} INFO - Processing file /opt/airflow/dags/dag_scraping_daily.py for tasks to queue
[2026-02-12T19:39:46.797+0700] {logging_mixin.py:190} INFO - [2026-02-12T19:39:46.796+0700] {dagbag.py:587} INFO - Filling up the DagBag from /opt/airflow/dags/dag_scraping_daily.py
[2026-02-12T19:39:46.836+0700] {processor.py:925} INFO - DAG(s) 'dag_scraping_daily' retrieved from /opt/airflow/dags/dag_scraping_daily.py
[2026-02-12T19:39:46.866+0700] {logging_mixin.py:190} INFO - [2026-02-12T19:39:46.865+0700] {dag.py:3211} INFO - Sync 1 DAGs
[2026-02-12T19:39:46.899+0700] {logging_mixin.py:190} INFO - [2026-02-12T19:39:46.899+0700] {dag.py:4138} INFO - Setting next_dagrun for dag_scraping_daily to 2026-02-12 05:00:00+00:00, run_after=2026-02-12 17:00:00+00:00
[2026-02-12T19:39:46.926+0700] {processor.py:208} INFO - Processing /opt/airflow/dags/dag_scraping_daily.py took 0.143 seconds
[2026-02-12T19:40:17.477+0700] {processor.py:186} INFO - Started process (PID=2035) to work on /opt/airflow/dags/dag_scraping_daily.py
[2026-02-12T19:40:17.479+0700] {processor.py:914} INFO - Processing file /opt/airflow/dags/dag_scraping_daily.py for tasks to queue
[2026-02-12T19:40:17.482+0700] {logging_mixin.py:190} INFO - [2026-02-12T19:40:17.481+0700] {dagbag.py:587} INFO - Filling up the DagBag from /opt/airflow/dags/dag_scraping_daily.py
[2026-02-12T19:40:17.506+0700] {processor.py:925} INFO - DAG(s) 'dag_scraping_daily' retrieved from /opt/airflow/dags/dag_scraping_daily.py
[2026-02-12T19:40:17.535+0700] {logging_mixin.py:190} INFO - [2026-02-12T19:40:17.535+0700] {dag.py:3211} INFO - Sync 1 DAGs
[2026-02-12T19:40:17.563+0700] {logging_mixin.py:190} INFO - [2026-02-12T19:40:17.563+0700] {dag.py:4138} INFO - Setting next_dagrun for dag_scraping_daily to 2026-02-12 05:00:00+00:00, run_after=2026-02-12 17:00:00+00:00
[2026-02-12T19:40:17.586+0700] {processor.py:208} INFO - Processing /opt/airflow/dags/dag_scraping_daily.py took 0.117 seconds
[2026-02-12T19:40:47.988+0700] {processor.py:186} INFO - Started process (PID=2045) to work on /opt/airflow/dags/dag_scraping_daily.py
[2026-02-12T19:40:47.992+0700] {processor.py:914} INFO - Processing file /opt/airflow/dags/dag_scraping_daily.py for tasks to queue
[2026-02-12T19:40:47.996+0700] {logging_mixin.py:190} INFO - [2026-02-12T19:40:47.996+0700] {dagbag.py:587} INFO - Filling up the DagBag from /opt/airflow/dags/dag_scraping_daily.py
[2026-02-12T19:40:48.042+0700] {processor.py:925} INFO - DAG(s) 'dag_scraping_daily' retrieved from /opt/airflow/dags/dag_scraping_daily.py
[2026-02-12T19:40:48.073+0700] {logging_mixin.py:190} INFO - [2026-02-12T19:40:48.073+0700] {dag.py:3211} INFO - Sync 1 DAGs
[2026-02-12T19:40:48.099+0700] {logging_mixin.py:190} INFO - [2026-02-12T19:40:48.099+0700] {dag.py:4138} INFO - Setting next_dagrun for dag_scraping_daily to 2026-02-12 05:00:00+00:00, run_after=2026-02-12 17:00:00+00:00
[2026-02-12T19:40:48.121+0700] {processor.py:208} INFO - Processing /opt/airflow/dags/dag_scraping_daily.py took 0.147 seconds
[2026-02-12T19:41:18.686+0700] {processor.py:186} INFO - Started process (PID=2055) to work on /opt/airflow/dags/dag_scraping_daily.py
[2026-02-12T19:41:18.688+0700] {processor.py:914} INFO - Processing file /opt/airflow/dags/dag_scraping_daily.py for tasks to queue
[2026-02-12T19:41:18.691+0700] {logging_mixin.py:190} INFO - [2026-02-12T19:41:18.690+0700] {dagbag.py:587} INFO - Filling up the DagBag from /opt/airflow/dags/dag_scraping_daily.py
[2026-02-12T19:41:18.729+0700] {processor.py:925} INFO - DAG(s) 'dag_scraping_daily' retrieved from /opt/airflow/dags/dag_scraping_daily.py
[2026-02-12T19:41:18.764+0700] {logging_mixin.py:190} INFO - [2026-02-12T19:41:18.763+0700] {dag.py:3211} INFO - Sync 1 DAGs
[2026-02-12T19:41:18.797+0700] {logging_mixin.py:190} INFO - [2026-02-12T19:41:18.797+0700] {dag.py:4138} INFO - Setting next_dagrun for dag_scraping_daily to 2026-02-12 05:00:00+00:00, run_after=2026-02-12 17:00:00+00:00
[2026-02-12T19:41:18.825+0700] {processor.py:208} INFO - Processing /opt/airflow/dags/dag_scraping_daily.py took 0.145 seconds
[2026-02-12T19:41:49.042+0700] {processor.py:186} INFO - Started process (PID=2065) to work on /opt/airflow/dags/dag_scraping_daily.py
[2026-02-12T19:41:49.044+0700] {processor.py:914} INFO - Processing file /opt/airflow/dags/dag_scraping_daily.py for tasks to queue
[2026-02-12T19:41:49.047+0700] {logging_mixin.py:190} INFO - [2026-02-12T19:41:49.046+0700] {dagbag.py:587} INFO - Filling up the DagBag from /opt/airflow/dags/dag_scraping_daily.py
[2026-02-12T19:41:49.089+0700] {processor.py:925} INFO - DAG(s) 'dag_scraping_daily' retrieved from /opt/airflow/dags/dag_scraping_daily.py
[2026-02-12T19:41:49.118+0700] {logging_mixin.py:190} INFO - [2026-02-12T19:41:49.118+0700] {dag.py:3211} INFO - Sync 1 DAGs
[2026-02-12T19:41:49.145+0700] {logging_mixin.py:190} INFO - [2026-02-12T19:41:49.145+0700] {dag.py:4138} INFO - Setting next_dagrun for dag_scraping_daily to 2026-02-12 05:00:00+00:00, run_after=2026-02-12 17:00:00+00:00
[2026-02-12T19:41:49.171+0700] {processor.py:208} INFO - Processing /opt/airflow/dags/dag_scraping_daily.py took 0.138 seconds
[2026-02-12T19:42:19.492+0700] {processor.py:186} INFO - Started process (PID=2075) to work on /opt/airflow/dags/dag_scraping_daily.py
[2026-02-12T19:42:19.494+0700] {processor.py:914} INFO - Processing file /opt/airflow/dags/dag_scraping_daily.py for tasks to queue
[2026-02-12T19:42:19.496+0700] {logging_mixin.py:190} INFO - [2026-02-12T19:42:19.496+0700] {dagbag.py:587} INFO - Filling up the DagBag from /opt/airflow/dags/dag_scraping_daily.py
[2026-02-12T19:42:19.522+0700] {processor.py:925} INFO - DAG(s) 'dag_scraping_daily' retrieved from /opt/airflow/dags/dag_scraping_daily.py
[2026-02-12T19:42:19.554+0700] {logging_mixin.py:190} INFO - [2026-02-12T19:42:19.553+0700] {dag.py:3211} INFO - Sync 1 DAGs
[2026-02-12T19:42:19.585+0700] {logging_mixin.py:190} INFO - [2026-02-12T19:42:19.584+0700] {dag.py:4138} INFO - Setting next_dagrun for dag_scraping_daily to 2026-02-12 05:00:00+00:00, run_after=2026-02-12 17:00:00+00:00
[2026-02-12T19:42:19.612+0700] {processor.py:208} INFO - Processing /opt/airflow/dags/dag_scraping_daily.py took 0.128 seconds
[2026-02-12T19:42:49.836+0700] {processor.py:186} INFO - Started process (PID=2085) to work on /opt/airflow/dags/dag_scraping_daily.py
[2026-02-12T19:42:49.837+0700] {processor.py:914} INFO - Processing file /opt/airflow/dags/dag_scraping_daily.py for tasks to queue
[2026-02-12T19:42:49.841+0700] {logging_mixin.py:190} INFO - [2026-02-12T19:42:49.841+0700] {dagbag.py:587} INFO - Filling up the DagBag from /opt/airflow/dags/dag_scraping_daily.py
[2026-02-12T19:42:49.873+0700] {processor.py:925} INFO - DAG(s) 'dag_scraping_daily' retrieved from /opt/airflow/dags/dag_scraping_daily.py
[2026-02-12T19:42:49.908+0700] {logging_mixin.py:190} INFO - [2026-02-12T19:42:49.908+0700] {dag.py:3211} INFO - Sync 1 DAGs
[2026-02-12T19:42:49.944+0700] {logging_mixin.py:190} INFO - [2026-02-12T19:42:49.944+0700] {dag.py:4138} INFO - Setting next_dagrun for dag_scraping_daily to 2026-02-12 05:00:00+00:00, run_after=2026-02-12 17:00:00+00:00
[2026-02-12T19:42:49.969+0700] {processor.py:208} INFO - Processing /opt/airflow/dags/dag_scraping_daily.py took 0.141 seconds
[2026-02-12T19:43:20.092+0700] {processor.py:186} INFO - Started process (PID=2095) to work on /opt/airflow/dags/dag_scraping_daily.py
[2026-02-12T19:43:20.093+0700] {processor.py:914} INFO - Processing file /opt/airflow/dags/dag_scraping_daily.py for tasks to queue
[2026-02-12T19:43:20.097+0700] {logging_mixin.py:190} INFO - [2026-02-12T19:43:20.097+0700] {dagbag.py:587} INFO - Filling up the DagBag from /opt/airflow/dags/dag_scraping_daily.py
[2026-02-12T19:43:20.128+0700] {processor.py:925} INFO - DAG(s) 'dag_scraping_daily' retrieved from /opt/airflow/dags/dag_scraping_daily.py
[2026-02-12T19:43:20.166+0700] {logging_mixin.py:190} INFO - [2026-02-12T19:43:20.166+0700] {dag.py:3211} INFO - Sync 1 DAGs
[2026-02-12T19:43:20.189+0700] {logging_mixin.py:190} INFO - [2026-02-12T19:43:20.189+0700] {dag.py:4138} INFO - Setting next_dagrun for dag_scraping_daily to 2026-02-12 05:00:00+00:00, run_after=2026-02-12 17:00:00+00:00
[2026-02-12T19:43:20.215+0700] {processor.py:208} INFO - Processing /opt/airflow/dags/dag_scraping_daily.py took 0.131 seconds
[2026-02-12T19:43:50.386+0700] {processor.py:186} INFO - Started process (PID=2105) to work on /opt/airflow/dags/dag_scraping_daily.py
[2026-02-12T19:43:50.388+0700] {processor.py:914} INFO - Processing file /opt/airflow/dags/dag_scraping_daily.py for tasks to queue
[2026-02-12T19:43:50.391+0700] {logging_mixin.py:190} INFO - [2026-02-12T19:43:50.391+0700] {dagbag.py:587} INFO - Filling up the DagBag from /opt/airflow/dags/dag_scraping_daily.py
[2026-02-12T19:43:50.429+0700] {processor.py:925} INFO - DAG(s) 'dag_scraping_daily' retrieved from /opt/airflow/dags/dag_scraping_daily.py
[2026-02-12T19:43:50.461+0700] {logging_mixin.py:190} INFO - [2026-02-12T19:43:50.461+0700] {dag.py:3211} INFO - Sync 1 DAGs
[2026-02-12T19:43:50.495+0700] {logging_mixin.py:190} INFO - [2026-02-12T19:43:50.494+0700] {dag.py:4138} INFO - Setting next_dagrun for dag_scraping_daily to 2026-02-12 05:00:00+00:00, run_after=2026-02-12 17:00:00+00:00
[2026-02-12T19:43:50.524+0700] {processor.py:208} INFO - Processing /opt/airflow/dags/dag_scraping_daily.py took 0.151 seconds
[2026-02-12T19:44:21.247+0700] {processor.py:186} INFO - Started process (PID=2115) to work on /opt/airflow/dags/dag_scraping_daily.py
[2026-02-12T19:44:21.248+0700] {processor.py:914} INFO - Processing file /opt/airflow/dags/dag_scraping_daily.py for tasks to queue
[2026-02-12T19:44:21.252+0700] {logging_mixin.py:190} INFO - [2026-02-12T19:44:21.251+0700] {dagbag.py:587} INFO - Filling up the DagBag from /opt/airflow/dags/dag_scraping_daily.py
[2026-02-12T19:44:21.286+0700] {processor.py:925} INFO - DAG(s) 'dag_scraping_daily' retrieved from /opt/airflow/dags/dag_scraping_daily.py
[2026-02-12T19:44:21.315+0700] {logging_mixin.py:190} INFO - [2026-02-12T19:44:21.315+0700] {dag.py:3211} INFO - Sync 1 DAGs
[2026-02-12T19:44:21.346+0700] {logging_mixin.py:190} INFO - [2026-02-12T19:44:21.345+0700] {dag.py:4138} INFO - Setting next_dagrun for dag_scraping_daily to 2026-02-12 05:00:00+00:00, run_after=2026-02-12 17:00:00+00:00
[2026-02-12T19:44:21.372+0700] {processor.py:208} INFO - Processing /opt/airflow/dags/dag_scraping_daily.py took 0.133 seconds
[2026-02-12T19:44:51.522+0700] {processor.py:186} INFO - Started process (PID=2125) to work on /opt/airflow/dags/dag_scraping_daily.py
[2026-02-12T19:44:51.525+0700] {processor.py:914} INFO - Processing file /opt/airflow/dags/dag_scraping_daily.py for tasks to queue
[2026-02-12T19:44:51.528+0700] {logging_mixin.py:190} INFO - [2026-02-12T19:44:51.528+0700] {dagbag.py:587} INFO - Filling up the DagBag from /opt/airflow/dags/dag_scraping_daily.py
[2026-02-12T19:44:51.562+0700] {processor.py:925} INFO - DAG(s) 'dag_scraping_daily' retrieved from /opt/airflow/dags/dag_scraping_daily.py
[2026-02-12T19:44:51.601+0700] {logging_mixin.py:190} INFO - [2026-02-12T19:44:51.600+0700] {dag.py:3211} INFO - Sync 1 DAGs
[2026-02-12T19:44:51.645+0700] {logging_mixin.py:190} INFO - [2026-02-12T19:44:51.644+0700] {dag.py:4138} INFO - Setting next_dagrun for dag_scraping_daily to 2026-02-12 05:00:00+00:00, run_after=2026-02-12 17:00:00+00:00
[2026-02-12T19:44:51.678+0700] {processor.py:208} INFO - Processing /opt/airflow/dags/dag_scraping_daily.py took 0.166 seconds
[2026-02-12T19:45:21.976+0700] {processor.py:186} INFO - Started process (PID=2135) to work on /opt/airflow/dags/dag_scraping_daily.py
[2026-02-12T19:45:21.978+0700] {processor.py:914} INFO - Processing file /opt/airflow/dags/dag_scraping_daily.py for tasks to queue
[2026-02-12T19:45:21.985+0700] {logging_mixin.py:190} INFO - [2026-02-12T19:45:21.984+0700] {dagbag.py:587} INFO - Filling up the DagBag from /opt/airflow/dags/dag_scraping_daily.py
[2026-02-12T19:45:22.017+0700] {processor.py:925} INFO - DAG(s) 'dag_scraping_daily' retrieved from /opt/airflow/dags/dag_scraping_daily.py
[2026-02-12T19:45:22.062+0700] {logging_mixin.py:190} INFO - [2026-02-12T19:45:22.061+0700] {dag.py:3211} INFO - Sync 1 DAGs
[2026-02-12T19:45:22.105+0700] {logging_mixin.py:190} INFO - [2026-02-12T19:45:22.104+0700] {dag.py:4138} INFO - Setting next_dagrun for dag_scraping_daily to 2026-02-12 05:00:00+00:00, run_after=2026-02-12 17:00:00+00:00
[2026-02-12T19:45:22.135+0700] {processor.py:208} INFO - Processing /opt/airflow/dags/dag_scraping_daily.py took 0.171 seconds
[2026-02-12T19:45:52.376+0700] {processor.py:186} INFO - Started process (PID=2145) to work on /opt/airflow/dags/dag_scraping_daily.py
[2026-02-12T19:45:52.379+0700] {processor.py:914} INFO - Processing file /opt/airflow/dags/dag_scraping_daily.py for tasks to queue
[2026-02-12T19:45:52.383+0700] {logging_mixin.py:190} INFO - [2026-02-12T19:45:52.382+0700] {dagbag.py:587} INFO - Filling up the DagBag from /opt/airflow/dags/dag_scraping_daily.py
[2026-02-12T19:45:52.431+0700] {processor.py:925} INFO - DAG(s) 'dag_scraping_daily' retrieved from /opt/airflow/dags/dag_scraping_daily.py
[2026-02-12T19:45:52.475+0700] {logging_mixin.py:190} INFO - [2026-02-12T19:45:52.474+0700] {dag.py:3211} INFO - Sync 1 DAGs
[2026-02-12T19:45:52.516+0700] {logging_mixin.py:190} INFO - [2026-02-12T19:45:52.515+0700] {dag.py:4138} INFO - Setting next_dagrun for dag_scraping_daily to 2026-02-12 05:00:00+00:00, run_after=2026-02-12 17:00:00+00:00
[2026-02-12T19:45:52.545+0700] {processor.py:208} INFO - Processing /opt/airflow/dags/dag_scraping_daily.py took 0.180 seconds
[2026-02-12T19:46:23.183+0700] {processor.py:186} INFO - Started process (PID=2155) to work on /opt/airflow/dags/dag_scraping_daily.py
[2026-02-12T19:46:23.185+0700] {processor.py:914} INFO - Processing file /opt/airflow/dags/dag_scraping_daily.py for tasks to queue
[2026-02-12T19:46:23.189+0700] {logging_mixin.py:190} INFO - [2026-02-12T19:46:23.189+0700] {dagbag.py:587} INFO - Filling up the DagBag from /opt/airflow/dags/dag_scraping_daily.py
[2026-02-12T19:46:23.225+0700] {processor.py:925} INFO - DAG(s) 'dag_scraping_daily' retrieved from /opt/airflow/dags/dag_scraping_daily.py
[2026-02-12T19:46:23.267+0700] {logging_mixin.py:190} INFO - [2026-02-12T19:46:23.267+0700] {dag.py:3211} INFO - Sync 1 DAGs
[2026-02-12T19:46:23.308+0700] {logging_mixin.py:190} INFO - [2026-02-12T19:46:23.308+0700] {dag.py:4138} INFO - Setting next_dagrun for dag_scraping_daily to 2026-02-12 05:00:00+00:00, run_after=2026-02-12 17:00:00+00:00
[2026-02-12T19:46:23.339+0700] {processor.py:208} INFO - Processing /opt/airflow/dags/dag_scraping_daily.py took 0.165 seconds
[2026-02-12T19:46:54.151+0700] {processor.py:186} INFO - Started process (PID=2165) to work on /opt/airflow/dags/dag_scraping_daily.py
[2026-02-12T19:46:54.153+0700] {processor.py:914} INFO - Processing file /opt/airflow/dags/dag_scraping_daily.py for tasks to queue
[2026-02-12T19:46:54.158+0700] {logging_mixin.py:190} INFO - [2026-02-12T19:46:54.157+0700] {dagbag.py:587} INFO - Filling up the DagBag from /opt/airflow/dags/dag_scraping_daily.py
[2026-02-12T19:46:54.197+0700] {processor.py:925} INFO - DAG(s) 'dag_scraping_daily' retrieved from /opt/airflow/dags/dag_scraping_daily.py
[2026-02-12T19:46:54.252+0700] {logging_mixin.py:190} INFO - [2026-02-12T19:46:54.251+0700] {dag.py:3211} INFO - Sync 1 DAGs
[2026-02-12T19:46:54.295+0700] {logging_mixin.py:190} INFO - [2026-02-12T19:46:54.294+0700] {dag.py:4138} INFO - Setting next_dagrun for dag_scraping_daily to 2026-02-12 05:00:00+00:00, run_after=2026-02-12 17:00:00+00:00
[2026-02-12T19:46:54.327+0700] {processor.py:208} INFO - Processing /opt/airflow/dags/dag_scraping_daily.py took 0.186 seconds
[2026-02-12T19:47:24.941+0700] {processor.py:186} INFO - Started process (PID=2175) to work on /opt/airflow/dags/dag_scraping_daily.py
[2026-02-12T19:47:24.944+0700] {processor.py:914} INFO - Processing file /opt/airflow/dags/dag_scraping_daily.py for tasks to queue
[2026-02-12T19:47:24.949+0700] {logging_mixin.py:190} INFO - [2026-02-12T19:47:24.948+0700] {dagbag.py:587} INFO - Filling up the DagBag from /opt/airflow/dags/dag_scraping_daily.py
[2026-02-12T19:47:24.994+0700] {processor.py:925} INFO - DAG(s) 'dag_scraping_daily' retrieved from /opt/airflow/dags/dag_scraping_daily.py
[2026-02-12T19:47:25.044+0700] {logging_mixin.py:190} INFO - [2026-02-12T19:47:25.044+0700] {dag.py:3211} INFO - Sync 1 DAGs
[2026-02-12T19:47:25.087+0700] {logging_mixin.py:190} INFO - [2026-02-12T19:47:25.087+0700] {dag.py:4138} INFO - Setting next_dagrun for dag_scraping_daily to 2026-02-12 05:00:00+00:00, run_after=2026-02-12 17:00:00+00:00
[2026-02-12T19:47:25.121+0700] {processor.py:208} INFO - Processing /opt/airflow/dags/dag_scraping_daily.py took 0.190 seconds
[2026-02-12T19:47:55.672+0700] {processor.py:186} INFO - Started process (PID=2185) to work on /opt/airflow/dags/dag_scraping_daily.py
[2026-02-12T19:47:55.673+0700] {processor.py:914} INFO - Processing file /opt/airflow/dags/dag_scraping_daily.py for tasks to queue
[2026-02-12T19:47:55.677+0700] {logging_mixin.py:190} INFO - [2026-02-12T19:47:55.677+0700] {dagbag.py:587} INFO - Filling up the DagBag from /opt/airflow/dags/dag_scraping_daily.py
[2026-02-12T19:47:55.715+0700] {processor.py:925} INFO - DAG(s) 'dag_scraping_daily' retrieved from /opt/airflow/dags/dag_scraping_daily.py
[2026-02-12T19:47:55.759+0700] {logging_mixin.py:190} INFO - [2026-02-12T19:47:55.759+0700] {dag.py:3211} INFO - Sync 1 DAGs
[2026-02-12T19:47:55.798+0700] {logging_mixin.py:190} INFO - [2026-02-12T19:47:55.798+0700] {dag.py:4138} INFO - Setting next_dagrun for dag_scraping_daily to 2026-02-12 05:00:00+00:00, run_after=2026-02-12 17:00:00+00:00
[2026-02-12T19:47:55.829+0700] {processor.py:208} INFO - Processing /opt/airflow/dags/dag_scraping_daily.py took 0.167 seconds
[2026-02-12T19:48:25.955+0700] {processor.py:186} INFO - Started process (PID=2195) to work on /opt/airflow/dags/dag_scraping_daily.py
[2026-02-12T19:48:25.957+0700] {processor.py:914} INFO - Processing file /opt/airflow/dags/dag_scraping_daily.py for tasks to queue
[2026-02-12T19:48:25.962+0700] {logging_mixin.py:190} INFO - [2026-02-12T19:48:25.961+0700] {dagbag.py:587} INFO - Filling up the DagBag from /opt/airflow/dags/dag_scraping_daily.py
[2026-02-12T19:48:25.995+0700] {processor.py:925} INFO - DAG(s) 'dag_scraping_daily' retrieved from /opt/airflow/dags/dag_scraping_daily.py
[2026-02-12T19:48:26.037+0700] {logging_mixin.py:190} INFO - [2026-02-12T19:48:26.037+0700] {dag.py:3211} INFO - Sync 1 DAGs
[2026-02-12T19:48:26.077+0700] {logging_mixin.py:190} INFO - [2026-02-12T19:48:26.077+0700] {dag.py:4138} INFO - Setting next_dagrun for dag_scraping_daily to 2026-02-12 05:00:00+00:00, run_after=2026-02-12 17:00:00+00:00
[2026-02-12T19:48:26.106+0700] {processor.py:208} INFO - Processing /opt/airflow/dags/dag_scraping_daily.py took 0.164 seconds
[2026-02-12T19:48:56.759+0700] {processor.py:186} INFO - Started process (PID=2205) to work on /opt/airflow/dags/dag_scraping_daily.py
[2026-02-12T19:48:56.761+0700] {processor.py:914} INFO - Processing file /opt/airflow/dags/dag_scraping_daily.py for tasks to queue
[2026-02-12T19:48:56.766+0700] {logging_mixin.py:190} INFO - [2026-02-12T19:48:56.765+0700] {dagbag.py:587} INFO - Filling up the DagBag from /opt/airflow/dags/dag_scraping_daily.py
[2026-02-12T19:48:56.817+0700] {processor.py:925} INFO - DAG(s) 'dag_scraping_daily' retrieved from /opt/airflow/dags/dag_scraping_daily.py
[2026-02-12T19:48:56.879+0700] {logging_mixin.py:190} INFO - [2026-02-12T19:48:56.879+0700] {dag.py:3211} INFO - Sync 1 DAGs
[2026-02-12T19:48:56.925+0700] {logging_mixin.py:190} INFO - [2026-02-12T19:48:56.925+0700] {dag.py:4138} INFO - Setting next_dagrun for dag_scraping_daily to 2026-02-12 05:00:00+00:00, run_after=2026-02-12 17:00:00+00:00
[2026-02-12T19:48:56.963+0700] {processor.py:208} INFO - Processing /opt/airflow/dags/dag_scraping_daily.py took 0.216 seconds
[2026-02-12T19:49:27.178+0700] {processor.py:186} INFO - Started process (PID=2215) to work on /opt/airflow/dags/dag_scraping_daily.py
[2026-02-12T19:49:27.180+0700] {processor.py:914} INFO - Processing file /opt/airflow/dags/dag_scraping_daily.py for tasks to queue
[2026-02-12T19:49:27.186+0700] {logging_mixin.py:190} INFO - [2026-02-12T19:49:27.185+0700] {dagbag.py:587} INFO - Filling up the DagBag from /opt/airflow/dags/dag_scraping_daily.py
[2026-02-12T19:49:27.219+0700] {processor.py:925} INFO - DAG(s) 'dag_scraping_daily' retrieved from /opt/airflow/dags/dag_scraping_daily.py
[2026-02-12T19:49:27.264+0700] {logging_mixin.py:190} INFO - [2026-02-12T19:49:27.263+0700] {dag.py:3211} INFO - Sync 1 DAGs
[2026-02-12T19:49:27.308+0700] {logging_mixin.py:190} INFO - [2026-02-12T19:49:27.308+0700] {dag.py:4138} INFO - Setting next_dagrun for dag_scraping_daily to 2026-02-12 05:00:00+00:00, run_after=2026-02-12 17:00:00+00:00
[2026-02-12T19:49:27.342+0700] {processor.py:208} INFO - Processing /opt/airflow/dags/dag_scraping_daily.py took 0.176 seconds
[2026-02-12T19:49:57.837+0700] {processor.py:186} INFO - Started process (PID=2225) to work on /opt/airflow/dags/dag_scraping_daily.py
[2026-02-12T19:49:57.839+0700] {processor.py:914} INFO - Processing file /opt/airflow/dags/dag_scraping_daily.py for tasks to queue
[2026-02-12T19:49:57.843+0700] {logging_mixin.py:190} INFO - [2026-02-12T19:49:57.842+0700] {dagbag.py:587} INFO - Filling up the DagBag from /opt/airflow/dags/dag_scraping_daily.py
[2026-02-12T19:49:57.898+0700] {processor.py:925} INFO - DAG(s) 'dag_scraping_daily' retrieved from /opt/airflow/dags/dag_scraping_daily.py
[2026-02-12T19:49:57.953+0700] {logging_mixin.py:190} INFO - [2026-02-12T19:49:57.953+0700] {dag.py:3211} INFO - Sync 1 DAGs
[2026-02-12T19:49:58.000+0700] {logging_mixin.py:190} INFO - [2026-02-12T19:49:58.000+0700] {dag.py:4138} INFO - Setting next_dagrun for dag_scraping_daily to 2026-02-12 05:00:00+00:00, run_after=2026-02-12 17:00:00+00:00
[2026-02-12T19:49:58.050+0700] {processor.py:208} INFO - Processing /opt/airflow/dags/dag_scraping_daily.py took 0.223 seconds
[2026-02-12T19:50:28.842+0700] {processor.py:186} INFO - Started process (PID=2235) to work on /opt/airflow/dags/dag_scraping_daily.py
[2026-02-12T19:50:28.844+0700] {processor.py:914} INFO - Processing file /opt/airflow/dags/dag_scraping_daily.py for tasks to queue
[2026-02-12T19:50:28.848+0700] {logging_mixin.py:190} INFO - [2026-02-12T19:50:28.848+0700] {dagbag.py:587} INFO - Filling up the DagBag from /opt/airflow/dags/dag_scraping_daily.py
[2026-02-12T19:50:28.896+0700] {processor.py:925} INFO - DAG(s) 'dag_scraping_daily' retrieved from /opt/airflow/dags/dag_scraping_daily.py
[2026-02-12T19:50:28.938+0700] {logging_mixin.py:190} INFO - [2026-02-12T19:50:28.938+0700] {dag.py:3211} INFO - Sync 1 DAGs
[2026-02-12T19:50:28.980+0700] {logging_mixin.py:190} INFO - [2026-02-12T19:50:28.980+0700] {dag.py:4138} INFO - Setting next_dagrun for dag_scraping_daily to 2026-02-12 05:00:00+00:00, run_after=2026-02-12 17:00:00+00:00
[2026-02-12T19:50:29.014+0700] {processor.py:208} INFO - Processing /opt/airflow/dags/dag_scraping_daily.py took 0.184 seconds
[2026-02-12T19:50:59.450+0700] {processor.py:186} INFO - Started process (PID=2246) to work on /opt/airflow/dags/dag_scraping_daily.py
[2026-02-12T19:50:59.452+0700] {processor.py:914} INFO - Processing file /opt/airflow/dags/dag_scraping_daily.py for tasks to queue
[2026-02-12T19:50:59.458+0700] {logging_mixin.py:190} INFO - [2026-02-12T19:50:59.457+0700] {dagbag.py:587} INFO - Filling up the DagBag from /opt/airflow/dags/dag_scraping_daily.py
[2026-02-12T19:50:59.501+0700] {processor.py:925} INFO - DAG(s) 'dag_scraping_daily' retrieved from /opt/airflow/dags/dag_scraping_daily.py
[2026-02-12T19:50:59.543+0700] {logging_mixin.py:190} INFO - [2026-02-12T19:50:59.542+0700] {dag.py:3211} INFO - Sync 1 DAGs
[2026-02-12T19:50:59.587+0700] {logging_mixin.py:190} INFO - [2026-02-12T19:50:59.586+0700] {dag.py:4138} INFO - Setting next_dagrun for dag_scraping_daily to 2026-02-12 05:00:00+00:00, run_after=2026-02-12 17:00:00+00:00
[2026-02-12T19:50:59.622+0700] {processor.py:208} INFO - Processing /opt/airflow/dags/dag_scraping_daily.py took 0.180 seconds
[2026-02-12T19:51:30.038+0700] {processor.py:186} INFO - Started process (PID=2256) to work on /opt/airflow/dags/dag_scraping_daily.py
[2026-02-12T19:51:30.041+0700] {processor.py:914} INFO - Processing file /opt/airflow/dags/dag_scraping_daily.py for tasks to queue
[2026-02-12T19:51:30.049+0700] {logging_mixin.py:190} INFO - [2026-02-12T19:51:30.048+0700] {dagbag.py:587} INFO - Filling up the DagBag from /opt/airflow/dags/dag_scraping_daily.py
[2026-02-12T19:51:30.085+0700] {processor.py:925} INFO - DAG(s) 'dag_scraping_daily' retrieved from /opt/airflow/dags/dag_scraping_daily.py
[2026-02-12T19:51:30.131+0700] {logging_mixin.py:190} INFO - [2026-02-12T19:51:30.130+0700] {dag.py:3211} INFO - Sync 1 DAGs
[2026-02-12T19:51:30.173+0700] {logging_mixin.py:190} INFO - [2026-02-12T19:51:30.173+0700] {dag.py:4138} INFO - Setting next_dagrun for dag_scraping_daily to 2026-02-12 05:00:00+00:00, run_after=2026-02-12 17:00:00+00:00
[2026-02-12T19:51:30.207+0700] {processor.py:208} INFO - Processing /opt/airflow/dags/dag_scraping_daily.py took 0.179 seconds
[2026-02-12T19:52:00.579+0700] {processor.py:186} INFO - Started process (PID=2266) to work on /opt/airflow/dags/dag_scraping_daily.py
[2026-02-12T19:52:00.582+0700] {processor.py:914} INFO - Processing file /opt/airflow/dags/dag_scraping_daily.py for tasks to queue
[2026-02-12T19:52:00.587+0700] {logging_mixin.py:190} INFO - [2026-02-12T19:52:00.586+0700] {dagbag.py:587} INFO - Filling up the DagBag from /opt/airflow/dags/dag_scraping_daily.py
[2026-02-12T19:52:00.627+0700] {processor.py:925} INFO - DAG(s) 'dag_scraping_daily' retrieved from /opt/airflow/dags/dag_scraping_daily.py
[2026-02-12T19:52:00.701+0700] {logging_mixin.py:190} INFO - [2026-02-12T19:52:00.701+0700] {dag.py:3211} INFO - Sync 1 DAGs
[2026-02-12T19:52:00.766+0700] {logging_mixin.py:190} INFO - [2026-02-12T19:52:00.766+0700] {dag.py:4138} INFO - Setting next_dagrun for dag_scraping_daily to 2026-02-12 05:00:00+00:00, run_after=2026-02-12 17:00:00+00:00
[2026-02-12T19:52:00.828+0700] {processor.py:208} INFO - Processing /opt/airflow/dags/dag_scraping_daily.py took 0.259 seconds
[2026-02-12T19:52:31.926+0700] {processor.py:186} INFO - Started process (PID=2277) to work on /opt/airflow/dags/dag_scraping_daily.py
[2026-02-12T19:52:31.928+0700] {processor.py:914} INFO - Processing file /opt/airflow/dags/dag_scraping_daily.py for tasks to queue
[2026-02-12T19:52:31.933+0700] {logging_mixin.py:190} INFO - [2026-02-12T19:52:31.932+0700] {dagbag.py:587} INFO - Filling up the DagBag from /opt/airflow/dags/dag_scraping_daily.py
[2026-02-12T19:52:31.974+0700] {processor.py:925} INFO - DAG(s) 'dag_scraping_daily' retrieved from /opt/airflow/dags/dag_scraping_daily.py
[2026-02-12T19:52:32.020+0700] {logging_mixin.py:190} INFO - [2026-02-12T19:52:32.020+0700] {dag.py:3211} INFO - Sync 1 DAGs
[2026-02-12T19:52:32.068+0700] {logging_mixin.py:190} INFO - [2026-02-12T19:52:32.068+0700] {dag.py:4138} INFO - Setting next_dagrun for dag_scraping_daily to 2026-02-12 05:00:00+00:00, run_after=2026-02-12 17:00:00+00:00
[2026-02-12T19:52:32.122+0700] {processor.py:208} INFO - Processing /opt/airflow/dags/dag_scraping_daily.py took 0.208 seconds
[2026-02-12T19:57:55.604+0700] {processor.py:186} INFO - Started process (PID=2287) to work on /opt/airflow/dags/dag_scraping_daily.py
[2026-02-12T19:57:55.606+0700] {processor.py:914} INFO - Processing file /opt/airflow/dags/dag_scraping_daily.py for tasks to queue
[2026-02-12T19:57:55.611+0700] {logging_mixin.py:190} INFO - [2026-02-12T19:57:55.611+0700] {dagbag.py:587} INFO - Filling up the DagBag from /opt/airflow/dags/dag_scraping_daily.py
[2026-02-12T19:57:53.678+0700] {processor.py:925} INFO - DAG(s) 'dag_scraping_daily' retrieved from /opt/airflow/dags/dag_scraping_daily.py
[2026-02-12T19:57:53.748+0700] {logging_mixin.py:190} INFO - [2026-02-12T19:57:53.747+0700] {dag.py:3211} INFO - Sync 1 DAGs
[2026-02-12T19:57:53.822+0700] {logging_mixin.py:190} INFO - [2026-02-12T19:57:53.822+0700] {dag.py:4138} INFO - Setting next_dagrun for dag_scraping_daily to 2026-02-12 05:00:00+00:00, run_after=2026-02-12 17:00:00+00:00
[2026-02-12T19:57:53.884+0700] {processor.py:208} INFO - Processing /opt/airflow/dags/dag_scraping_daily.py took 0.285 seconds
[2026-02-12T19:57:55.981+0700] {processor.py:186} INFO - Started process (PID=2297) to work on /opt/airflow/dags/dag_scraping_daily.py
[2026-02-12T19:57:55.983+0700] {processor.py:914} INFO - Processing file /opt/airflow/dags/dag_scraping_daily.py for tasks to queue
[2026-02-12T19:57:55.988+0700] {logging_mixin.py:190} INFO - [2026-02-12T19:57:55.988+0700] {dagbag.py:587} INFO - Filling up the DagBag from /opt/airflow/dags/dag_scraping_daily.py
[2026-02-12T19:57:56.029+0700] {processor.py:925} INFO - DAG(s) 'dag_scraping_daily' retrieved from /opt/airflow/dags/dag_scraping_daily.py
[2026-02-12T19:57:56.066+0700] {logging_mixin.py:190} INFO - [2026-02-12T19:57:56.065+0700] {taskinstance.py:3303} ERROR - {'DAG Id': 'dag_scraping_daily', 'Task Id': 'task_process_sentiment', 'Run Id': 'scheduled__2026-02-07T05:00:00+00:00', 'Hostname': '72dd812d095d'}
[2026-02-12T19:57:56.137+0700] {logging_mixin.py:190} INFO - [2026-02-12T19:57:56.136+0700] {taskinstance.py:1225} INFO - Marking task as UP_FOR_RETRY. dag_id=dag_scraping_daily, task_id=task_process_sentiment, run_id=scheduled__2026-02-07T05:00:00+00:00, execution_date=20260207T050000, start_date=20260212T112617, end_date=20260212T125756
[2026-02-12T19:57:56.166+0700] {logging_mixin.py:190} INFO - [2026-02-12T19:57:56.165+0700] {processor.py:876} INFO - Executed callback for <TaskInstance: dag_scraping_daily.task_process_sentiment scheduled__2026-02-07T05:00:00+00:00 [up_for_retry]> in state up_for_retry
[2026-02-12T19:57:56.196+0700] {logging_mixin.py:190} INFO - [2026-02-12T19:57:56.196+0700] {dag.py:3211} INFO - Sync 1 DAGs
[2026-02-12T19:57:56.235+0700] {logging_mixin.py:190} INFO - [2026-02-12T19:57:56.235+0700] {dag.py:4138} INFO - Setting next_dagrun for dag_scraping_daily to 2026-02-12 05:00:00+00:00, run_after=2026-02-12 17:00:00+00:00
[2026-02-12T19:57:56.267+0700] {processor.py:208} INFO - Processing /opt/airflow/dags/dag_scraping_daily.py took 0.293 seconds
[2026-02-12T19:58:27.244+0700] {processor.py:186} INFO - Started process (PID=2312) to work on /opt/airflow/dags/dag_scraping_daily.py
[2026-02-12T19:58:27.246+0700] {processor.py:914} INFO - Processing file /opt/airflow/dags/dag_scraping_daily.py for tasks to queue
[2026-02-12T19:58:27.256+0700] {logging_mixin.py:190} INFO - [2026-02-12T19:58:27.255+0700] {dagbag.py:587} INFO - Filling up the DagBag from /opt/airflow/dags/dag_scraping_daily.py
[2026-02-12T19:58:27.295+0700] {processor.py:925} INFO - DAG(s) 'dag_scraping_daily' retrieved from /opt/airflow/dags/dag_scraping_daily.py
[2026-02-12T19:58:27.329+0700] {logging_mixin.py:190} INFO - [2026-02-12T19:58:27.329+0700] {taskinstance.py:3303} ERROR - {'DAG Id': 'dag_scraping_daily', 'Task Id': 'task_process_sentiment', 'Run Id': 'manual__2026-02-12T11:29:41.020610+00:00', 'Hostname': '72dd812d095d'}
[2026-02-12T19:58:27.385+0700] {logging_mixin.py:190} INFO - [2026-02-12T19:58:27.385+0700] {taskinstance.py:1225} INFO - Marking task as UP_FOR_RETRY. dag_id=dag_scraping_daily, task_id=task_process_sentiment, run_id=manual__2026-02-12T11:29:41.020610+00:00, execution_date=20260212T112941, start_date=20260212T112955, end_date=20260212T125827
[2026-02-12T19:58:27.468+0700] {logging_mixin.py:190} INFO - [2026-02-12T19:58:27.468+0700] {processor.py:876} INFO - Executed callback for <TaskInstance: dag_scraping_daily.task_process_sentiment manual__2026-02-12T11:29:41.020610+00:00 [up_for_retry]> in state up_for_retry
[2026-02-12T19:58:27.474+0700] {logging_mixin.py:190} INFO - [2026-02-12T19:58:27.474+0700] {taskinstance.py:3303} ERROR - {'DAG Id': 'dag_scraping_daily', 'Task Id': 'task_process_sentiment', 'Run Id': 'scheduled__2026-02-11T17:00:00+00:00', 'Hostname': '72dd812d095d'}
[2026-02-12T19:58:27.497+0700] {logging_mixin.py:190} INFO - [2026-02-12T19:58:27.496+0700] {taskinstance.py:1225} INFO - Marking task as UP_FOR_RETRY. dag_id=dag_scraping_daily, task_id=task_process_sentiment, run_id=scheduled__2026-02-11T17:00:00+00:00, execution_date=20260211T170000, start_date=20260212T112617, end_date=20260212T125827
[2026-02-12T19:58:27.507+0700] {logging_mixin.py:190} INFO - [2026-02-12T19:58:27.507+0700] {processor.py:876} INFO - Executed callback for <TaskInstance: dag_scraping_daily.task_process_sentiment scheduled__2026-02-11T17:00:00+00:00 [up_for_retry]> in state up_for_retry
[2026-02-12T19:58:27.529+0700] {logging_mixin.py:190} INFO - [2026-02-12T19:58:27.529+0700] {dag.py:3211} INFO - Sync 1 DAGs
[2026-02-12T19:58:27.561+0700] {logging_mixin.py:190} INFO - [2026-02-12T19:58:27.561+0700] {dag.py:4138} INFO - Setting next_dagrun for dag_scraping_daily to 2026-02-12 05:00:00+00:00, run_after=2026-02-12 17:00:00+00:00
[2026-02-12T19:58:27.591+0700] {processor.py:208} INFO - Processing /opt/airflow/dags/dag_scraping_daily.py took 0.361 seconds
[2026-02-12T19:58:58.158+0700] {processor.py:186} INFO - Started process (PID=2322) to work on /opt/airflow/dags/dag_scraping_daily.py
[2026-02-12T19:58:58.161+0700] {processor.py:914} INFO - Processing file /opt/airflow/dags/dag_scraping_daily.py for tasks to queue
[2026-02-12T19:58:58.180+0700] {logging_mixin.py:190} INFO - [2026-02-12T19:58:58.178+0700] {dagbag.py:587} INFO - Filling up the DagBag from /opt/airflow/dags/dag_scraping_daily.py
[2026-02-12T19:58:58.246+0700] {processor.py:925} INFO - DAG(s) 'dag_scraping_daily' retrieved from /opt/airflow/dags/dag_scraping_daily.py
[2026-02-12T19:58:58.320+0700] {logging_mixin.py:190} INFO - [2026-02-12T19:58:58.320+0700] {dag.py:3211} INFO - Sync 1 DAGs
[2026-02-12T19:58:58.384+0700] {logging_mixin.py:190} INFO - [2026-02-12T19:58:58.384+0700] {dag.py:4138} INFO - Setting next_dagrun for dag_scraping_daily to 2026-02-12 05:00:00+00:00, run_after=2026-02-12 17:00:00+00:00
[2026-02-12T19:58:58.429+0700] {processor.py:208} INFO - Processing /opt/airflow/dags/dag_scraping_daily.py took 0.288 seconds
[2026-02-12T19:59:28.773+0700] {processor.py:186} INFO - Started process (PID=2332) to work on /opt/airflow/dags/dag_scraping_daily.py
[2026-02-12T19:59:28.775+0700] {processor.py:914} INFO - Processing file /opt/airflow/dags/dag_scraping_daily.py for tasks to queue
[2026-02-12T19:59:28.779+0700] {logging_mixin.py:190} INFO - [2026-02-12T19:59:28.779+0700] {dagbag.py:587} INFO - Filling up the DagBag from /opt/airflow/dags/dag_scraping_daily.py
[2026-02-12T19:59:28.811+0700] {processor.py:925} INFO - DAG(s) 'dag_scraping_daily' retrieved from /opt/airflow/dags/dag_scraping_daily.py
[2026-02-12T19:59:28.850+0700] {logging_mixin.py:190} INFO - [2026-02-12T19:59:28.850+0700] {dag.py:3211} INFO - Sync 1 DAGs
[2026-02-12T19:59:28.887+0700] {logging_mixin.py:190} INFO - [2026-02-12T19:59:28.887+0700] {dag.py:4138} INFO - Setting next_dagrun for dag_scraping_daily to 2026-02-12 05:00:00+00:00, run_after=2026-02-12 17:00:00+00:00
[2026-02-12T19:59:28.922+0700] {processor.py:208} INFO - Processing /opt/airflow/dags/dag_scraping_daily.py took 0.161 seconds
[2026-02-12T19:59:59.690+0700] {processor.py:186} INFO - Started process (PID=2364) to work on /opt/airflow/dags/dag_scraping_daily.py
[2026-02-12T19:59:59.693+0700] {processor.py:914} INFO - Processing file /opt/airflow/dags/dag_scraping_daily.py for tasks to queue
[2026-02-12T19:59:59.700+0700] {logging_mixin.py:190} INFO - [2026-02-12T19:59:59.699+0700] {dagbag.py:587} INFO - Filling up the DagBag from /opt/airflow/dags/dag_scraping_daily.py
[2026-02-12T19:59:59.745+0700] {processor.py:925} INFO - DAG(s) 'dag_scraping_daily' retrieved from /opt/airflow/dags/dag_scraping_daily.py
[2026-02-12T19:59:59.812+0700] {logging_mixin.py:190} INFO - [2026-02-12T19:59:59.811+0700] {dag.py:3211} INFO - Sync 1 DAGs
[2026-02-12T19:59:59.864+0700] {logging_mixin.py:190} INFO - [2026-02-12T19:59:59.863+0700] {dag.py:4138} INFO - Setting next_dagrun for dag_scraping_daily to 2026-02-12 05:00:00+00:00, run_after=2026-02-12 17:00:00+00:00
[2026-02-12T19:59:59.927+0700] {processor.py:208} INFO - Processing /opt/airflow/dags/dag_scraping_daily.py took 0.249 seconds
[2026-02-12T20:00:30.539+0700] {processor.py:186} INFO - Started process (PID=2374) to work on /opt/airflow/dags/dag_scraping_daily.py
[2026-02-12T20:00:30.541+0700] {processor.py:914} INFO - Processing file /opt/airflow/dags/dag_scraping_daily.py for tasks to queue
[2026-02-12T20:00:30.545+0700] {logging_mixin.py:190} INFO - [2026-02-12T20:00:30.545+0700] {dagbag.py:587} INFO - Filling up the DagBag from /opt/airflow/dags/dag_scraping_daily.py
[2026-02-12T20:00:30.591+0700] {processor.py:925} INFO - DAG(s) 'dag_scraping_daily' retrieved from /opt/airflow/dags/dag_scraping_daily.py
[2026-02-12T20:00:30.646+0700] {logging_mixin.py:190} INFO - [2026-02-12T20:00:30.646+0700] {dag.py:3211} INFO - Sync 1 DAGs
[2026-02-12T20:00:30.700+0700] {logging_mixin.py:190} INFO - [2026-02-12T20:00:30.700+0700] {dag.py:4138} INFO - Setting next_dagrun for dag_scraping_daily to 2026-02-12 05:00:00+00:00, run_after=2026-02-12 17:00:00+00:00
[2026-02-12T20:00:30.751+0700] {processor.py:208} INFO - Processing /opt/airflow/dags/dag_scraping_daily.py took 0.221 seconds
[2026-02-12T20:01:01.878+0700] {processor.py:186} INFO - Started process (PID=2384) to work on /opt/airflow/dags/dag_scraping_daily.py
[2026-02-12T20:01:01.881+0700] {processor.py:914} INFO - Processing file /opt/airflow/dags/dag_scraping_daily.py for tasks to queue
[2026-02-12T20:01:01.889+0700] {logging_mixin.py:190} INFO - [2026-02-12T20:01:01.888+0700] {dagbag.py:587} INFO - Filling up the DagBag from /opt/airflow/dags/dag_scraping_daily.py
[2026-02-12T20:01:01.949+0700] {processor.py:925} INFO - DAG(s) 'dag_scraping_daily' retrieved from /opt/airflow/dags/dag_scraping_daily.py
[2026-02-12T20:01:02.050+0700] {logging_mixin.py:190} INFO - [2026-02-12T20:01:02.049+0700] {dag.py:3211} INFO - Sync 1 DAGs
[2026-02-12T20:01:02.125+0700] {logging_mixin.py:190} INFO - [2026-02-12T20:01:02.124+0700] {dag.py:4138} INFO - Setting next_dagrun for dag_scraping_daily to 2026-02-12 05:00:00+00:00, run_after=2026-02-12 17:00:00+00:00
[2026-02-12T20:01:02.165+0700] {processor.py:208} INFO - Processing /opt/airflow/dags/dag_scraping_daily.py took 0.300 seconds
[2026-02-12T22:03:04.480+0700] {processor.py:186} INFO - Started process (PID=167) to work on /opt/airflow/dags/dag_scraping_daily.py
[2026-02-12T22:03:04.483+0700] {processor.py:914} INFO - Processing file /opt/airflow/dags/dag_scraping_daily.py for tasks to queue
[2026-02-12T22:03:04.492+0700] {logging_mixin.py:190} INFO - [2026-02-12T22:03:04.490+0700] {dagbag.py:587} INFO - Filling up the DagBag from /opt/airflow/dags/dag_scraping_daily.py
[2026-02-12T22:03:04.536+0700] {processor.py:925} INFO - DAG(s) 'dag_scraping_daily' retrieved from /opt/airflow/dags/dag_scraping_daily.py
[2026-02-12T22:03:04.618+0700] {logging_mixin.py:190} INFO - [2026-02-12T22:03:04.618+0700] {dag.py:3211} INFO - Sync 1 DAGs
[2026-02-12T22:03:04.686+0700] {logging_mixin.py:190} INFO - [2026-02-12T22:03:04.685+0700] {dag.py:4138} INFO - Setting next_dagrun for dag_scraping_daily to 2026-02-12 05:00:00+00:00, run_after=2026-02-12 17:00:00+00:00
[2026-02-12T22:03:04.727+0700] {processor.py:208} INFO - Processing /opt/airflow/dags/dag_scraping_daily.py took 0.265 seconds
[2026-02-12T22:03:36.815+0700] {processor.py:186} INFO - Started process (PID=213) to work on /opt/airflow/dags/dag_scraping_daily.py
[2026-02-12T22:03:36.816+0700] {processor.py:914} INFO - Processing file /opt/airflow/dags/dag_scraping_daily.py for tasks to queue
[2026-02-12T22:03:36.820+0700] {logging_mixin.py:190} INFO - [2026-02-12T22:03:36.820+0700] {dagbag.py:587} INFO - Filling up the DagBag from /opt/airflow/dags/dag_scraping_daily.py
[2026-02-12T22:03:36.849+0700] {processor.py:925} INFO - DAG(s) 'dag_scraping_daily' retrieved from /opt/airflow/dags/dag_scraping_daily.py
[2026-02-12T22:03:36.888+0700] {logging_mixin.py:190} INFO - [2026-02-12T22:03:36.887+0700] {dag.py:3211} INFO - Sync 1 DAGs
[2026-02-12T22:03:36.920+0700] {logging_mixin.py:190} INFO - [2026-02-12T22:03:36.920+0700] {dag.py:4138} INFO - Setting next_dagrun for dag_scraping_daily to 2026-02-12 05:00:00+00:00, run_after=2026-02-12 17:00:00+00:00
[2026-02-12T22:03:36.945+0700] {processor.py:208} INFO - Processing /opt/airflow/dags/dag_scraping_daily.py took 0.138 seconds
[2026-02-12T22:04:09.655+0700] {processor.py:186} INFO - Started process (PID=288) to work on /opt/airflow/dags/dag_scraping_daily.py
[2026-02-12T22:04:09.656+0700] {processor.py:914} INFO - Processing file /opt/airflow/dags/dag_scraping_daily.py for tasks to queue
[2026-02-12T22:04:09.666+0700] {logging_mixin.py:190} INFO - [2026-02-12T22:04:09.665+0700] {dagbag.py:587} INFO - Filling up the DagBag from /opt/airflow/dags/dag_scraping_daily.py
[2026-02-12T22:04:09.696+0700] {processor.py:925} INFO - DAG(s) 'dag_scraping_daily' retrieved from /opt/airflow/dags/dag_scraping_daily.py
[2026-02-12T22:04:09.748+0700] {logging_mixin.py:190} INFO - [2026-02-12T22:04:09.748+0700] {dag.py:3211} INFO - Sync 1 DAGs
[2026-02-12T22:04:09.782+0700] {logging_mixin.py:190} INFO - [2026-02-12T22:04:09.782+0700] {dag.py:4138} INFO - Setting next_dagrun for dag_scraping_daily to 2026-02-12 05:00:00+00:00, run_after=2026-02-12 17:00:00+00:00
[2026-02-12T22:04:09.824+0700] {processor.py:208} INFO - Processing /opt/airflow/dags/dag_scraping_daily.py took 0.182 seconds
[2026-02-12T22:04:41.930+0700] {processor.py:186} INFO - Started process (PID=299) to work on /opt/airflow/dags/dag_scraping_daily.py
[2026-02-12T22:04:41.932+0700] {processor.py:914} INFO - Processing file /opt/airflow/dags/dag_scraping_daily.py for tasks to queue
[2026-02-12T22:04:41.936+0700] {logging_mixin.py:190} INFO - [2026-02-12T22:04:41.935+0700] {dagbag.py:587} INFO - Filling up the DagBag from /opt/airflow/dags/dag_scraping_daily.py
[2026-02-12T22:04:41.968+0700] {processor.py:925} INFO - DAG(s) 'dag_scraping_daily' retrieved from /opt/airflow/dags/dag_scraping_daily.py
[2026-02-12T22:04:42.001+0700] {logging_mixin.py:190} INFO - [2026-02-12T22:04:42.001+0700] {dag.py:3211} INFO - Sync 1 DAGs
[2026-02-12T22:04:42.026+0700] {logging_mixin.py:190} INFO - [2026-02-12T22:04:42.025+0700] {dag.py:4138} INFO - Setting next_dagrun for dag_scraping_daily to 2026-02-12 05:00:00+00:00, run_after=2026-02-12 17:00:00+00:00
[2026-02-12T22:04:42.047+0700] {processor.py:208} INFO - Processing /opt/airflow/dags/dag_scraping_daily.py took 0.125 seconds
[2026-02-12T22:05:13.764+0700] {processor.py:186} INFO - Started process (PID=309) to work on /opt/airflow/dags/dag_scraping_daily.py
[2026-02-12T22:05:13.766+0700] {processor.py:914} INFO - Processing file /opt/airflow/dags/dag_scraping_daily.py for tasks to queue
[2026-02-12T22:05:13.769+0700] {logging_mixin.py:190} INFO - [2026-02-12T22:05:13.768+0700] {dagbag.py:587} INFO - Filling up the DagBag from /opt/airflow/dags/dag_scraping_daily.py
[2026-02-12T22:05:13.786+0700] {processor.py:925} INFO - DAG(s) 'dag_scraping_daily' retrieved from /opt/airflow/dags/dag_scraping_daily.py
[2026-02-12T22:05:13.810+0700] {logging_mixin.py:190} INFO - [2026-02-12T22:05:13.810+0700] {dag.py:3211} INFO - Sync 1 DAGs
[2026-02-12T22:05:13.833+0700] {logging_mixin.py:190} INFO - [2026-02-12T22:05:13.833+0700] {dag.py:4138} INFO - Setting next_dagrun for dag_scraping_daily to 2026-02-12 05:00:00+00:00, run_after=2026-02-12 17:00:00+00:00
[2026-02-12T22:05:13.854+0700] {processor.py:208} INFO - Processing /opt/airflow/dags/dag_scraping_daily.py took 0.097 seconds
[2026-02-12T22:05:44.188+0700] {processor.py:186} INFO - Started process (PID=319) to work on /opt/airflow/dags/dag_scraping_daily.py
[2026-02-12T22:05:44.190+0700] {processor.py:914} INFO - Processing file /opt/airflow/dags/dag_scraping_daily.py for tasks to queue
[2026-02-12T22:05:44.193+0700] {logging_mixin.py:190} INFO - [2026-02-12T22:05:44.192+0700] {dagbag.py:587} INFO - Filling up the DagBag from /opt/airflow/dags/dag_scraping_daily.py
[2026-02-12T22:05:44.211+0700] {processor.py:925} INFO - DAG(s) 'dag_scraping_daily' retrieved from /opt/airflow/dags/dag_scraping_daily.py
[2026-02-12T22:05:44.237+0700] {logging_mixin.py:190} INFO - [2026-02-12T22:05:44.237+0700] {dag.py:3211} INFO - Sync 1 DAGs
[2026-02-12T22:05:44.260+0700] {logging_mixin.py:190} INFO - [2026-02-12T22:05:44.260+0700] {dag.py:4138} INFO - Setting next_dagrun for dag_scraping_daily to 2026-02-12 05:00:00+00:00, run_after=2026-02-12 17:00:00+00:00
[2026-02-12T22:05:45.808+0700] {processor.py:208} INFO - Processing /opt/airflow/dags/dag_scraping_daily.py took 0.103 seconds
[2026-02-12T22:06:18.399+0700] {processor.py:186} INFO - Started process (PID=329) to work on /opt/airflow/dags/dag_scraping_daily.py
[2026-02-12T22:06:18.401+0700] {processor.py:914} INFO - Processing file /opt/airflow/dags/dag_scraping_daily.py for tasks to queue
[2026-02-12T22:06:18.404+0700] {logging_mixin.py:190} INFO - [2026-02-12T22:06:18.404+0700] {dagbag.py:587} INFO - Filling up the DagBag from /opt/airflow/dags/dag_scraping_daily.py
[2026-02-12T22:06:18.430+0700] {processor.py:925} INFO - DAG(s) 'dag_scraping_daily' retrieved from /opt/airflow/dags/dag_scraping_daily.py
[2026-02-12T22:06:18.461+0700] {logging_mixin.py:190} INFO - [2026-02-12T22:06:18.461+0700] {dag.py:3211} INFO - Sync 1 DAGs
[2026-02-12T22:06:18.490+0700] {logging_mixin.py:190} INFO - [2026-02-12T22:06:18.490+0700] {dag.py:4138} INFO - Setting next_dagrun for dag_scraping_daily to 2026-02-12 05:00:00+00:00, run_after=2026-02-12 17:00:00+00:00
[2026-02-12T22:06:18.513+0700] {processor.py:208} INFO - Processing /opt/airflow/dags/dag_scraping_daily.py took 0.123 seconds
[2026-02-12T22:06:50.628+0700] {processor.py:186} INFO - Started process (PID=360) to work on /opt/airflow/dags/dag_scraping_daily.py
[2026-02-12T22:06:50.633+0700] {processor.py:914} INFO - Processing file /opt/airflow/dags/dag_scraping_daily.py for tasks to queue
[2026-02-12T22:06:50.641+0700] {logging_mixin.py:190} INFO - [2026-02-12T22:06:50.637+0700] {dagbag.py:587} INFO - Filling up the DagBag from /opt/airflow/dags/dag_scraping_daily.py
[2026-02-12T22:06:50.689+0700] {processor.py:925} INFO - DAG(s) 'dag_scraping_daily' retrieved from /opt/airflow/dags/dag_scraping_daily.py
[2026-02-12T22:06:50.776+0700] {logging_mixin.py:190} INFO - [2026-02-12T22:06:50.776+0700] {dag.py:3211} INFO - Sync 1 DAGs
[2026-02-12T22:06:50.823+0700] {logging_mixin.py:190} INFO - [2026-02-12T22:06:50.823+0700] {dag.py:4138} INFO - Setting next_dagrun for dag_scraping_daily to 2026-02-12 05:00:00+00:00, run_after=2026-02-12 17:00:00+00:00
[2026-02-12T22:06:50.865+0700] {processor.py:208} INFO - Processing /opt/airflow/dags/dag_scraping_daily.py took 0.258 seconds
[2026-02-12T22:07:21.110+0700] {processor.py:186} INFO - Started process (PID=424) to work on /opt/airflow/dags/dag_scraping_daily.py
[2026-02-12T22:07:21.112+0700] {processor.py:914} INFO - Processing file /opt/airflow/dags/dag_scraping_daily.py for tasks to queue
[2026-02-12T22:07:21.115+0700] {logging_mixin.py:190} INFO - [2026-02-12T22:07:21.115+0700] {dagbag.py:587} INFO - Filling up the DagBag from /opt/airflow/dags/dag_scraping_daily.py
[2026-02-12T22:07:22.652+0700] {processor.py:925} INFO - DAG(s) 'dag_scraping_daily' retrieved from /opt/airflow/dags/dag_scraping_daily.py
[2026-02-12T22:07:22.685+0700] {logging_mixin.py:190} INFO - [2026-02-12T22:07:22.684+0700] {dag.py:3211} INFO - Sync 1 DAGs
[2026-02-12T22:07:22.715+0700] {logging_mixin.py:190} INFO - [2026-02-12T22:07:22.715+0700] {dag.py:4138} INFO - Setting next_dagrun for dag_scraping_daily to 2026-02-12 05:00:00+00:00, run_after=2026-02-12 17:00:00+00:00
[2026-02-12T22:07:22.737+0700] {processor.py:208} INFO - Processing /opt/airflow/dags/dag_scraping_daily.py took 0.123 seconds
[2026-02-12T22:07:55.767+0700] {processor.py:186} INFO - Started process (PID=557) to work on /opt/airflow/dags/dag_scraping_daily.py
[2026-02-12T22:07:55.769+0700] {processor.py:914} INFO - Processing file /opt/airflow/dags/dag_scraping_daily.py for tasks to queue
[2026-02-12T22:07:55.776+0700] {logging_mixin.py:190} INFO - [2026-02-12T22:07:55.775+0700] {dagbag.py:587} INFO - Filling up the DagBag from /opt/airflow/dags/dag_scraping_daily.py
[2026-02-12T22:07:55.839+0700] {processor.py:925} INFO - DAG(s) 'dag_scraping_daily' retrieved from /opt/airflow/dags/dag_scraping_daily.py
[2026-02-12T22:07:55.929+0700] {logging_mixin.py:190} INFO - [2026-02-12T22:07:55.928+0700] {dag.py:3211} INFO - Sync 1 DAGs
[2026-02-12T22:07:56.028+0700] {logging_mixin.py:190} INFO - [2026-02-12T22:07:56.028+0700] {dag.py:4138} INFO - Setting next_dagrun for dag_scraping_daily to 2026-02-12 05:00:00+00:00, run_after=2026-02-12 17:00:00+00:00
[2026-02-12T22:07:56.079+0700] {processor.py:208} INFO - Processing /opt/airflow/dags/dag_scraping_daily.py took 0.343 seconds
[2026-02-12T22:08:27.565+0700] {processor.py:186} INFO - Started process (PID=691) to work on /opt/airflow/dags/dag_scraping_daily.py
[2026-02-12T22:08:27.567+0700] {processor.py:914} INFO - Processing file /opt/airflow/dags/dag_scraping_daily.py for tasks to queue
[2026-02-12T22:08:27.570+0700] {logging_mixin.py:190} INFO - [2026-02-12T22:08:27.570+0700] {dagbag.py:587} INFO - Filling up the DagBag from /opt/airflow/dags/dag_scraping_daily.py
[2026-02-12T22:08:27.592+0700] {processor.py:925} INFO - DAG(s) 'dag_scraping_daily' retrieved from /opt/airflow/dags/dag_scraping_daily.py
[2026-02-12T22:08:27.627+0700] {logging_mixin.py:190} INFO - [2026-02-12T22:08:27.626+0700] {dag.py:3211} INFO - Sync 1 DAGs
[2026-02-12T22:08:27.660+0700] {logging_mixin.py:190} INFO - [2026-02-12T22:08:27.659+0700] {dag.py:4138} INFO - Setting next_dagrun for dag_scraping_daily to 2026-02-12 05:00:00+00:00, run_after=2026-02-12 17:00:00+00:00
[2026-02-12T22:08:27.683+0700] {processor.py:208} INFO - Processing /opt/airflow/dags/dag_scraping_daily.py took 0.127 seconds
[2026-02-12T22:08:57.958+0700] {processor.py:186} INFO - Started process (PID=701) to work on /opt/airflow/dags/dag_scraping_daily.py
[2026-02-12T22:08:57.960+0700] {processor.py:914} INFO - Processing file /opt/airflow/dags/dag_scraping_daily.py for tasks to queue
[2026-02-12T22:08:57.963+0700] {logging_mixin.py:190} INFO - [2026-02-12T22:08:57.962+0700] {dagbag.py:587} INFO - Filling up the DagBag from /opt/airflow/dags/dag_scraping_daily.py
[2026-02-12T22:08:57.989+0700] {processor.py:925} INFO - DAG(s) 'dag_scraping_daily' retrieved from /opt/airflow/dags/dag_scraping_daily.py
[2026-02-12T22:08:59.537+0700] {logging_mixin.py:190} INFO - [2026-02-12T22:08:59.537+0700] {dag.py:3211} INFO - Sync 1 DAGs
[2026-02-12T22:08:59.563+0700] {logging_mixin.py:190} INFO - [2026-02-12T22:08:59.562+0700] {dag.py:4138} INFO - Setting next_dagrun for dag_scraping_daily to 2026-02-12 05:00:00+00:00, run_after=2026-02-12 17:00:00+00:00
[2026-02-12T22:08:59.583+0700] {processor.py:208} INFO - Processing /opt/airflow/dags/dag_scraping_daily.py took 0.114 seconds
[2026-02-12T22:09:32.025+0700] {processor.py:186} INFO - Started process (PID=711) to work on /opt/airflow/dags/dag_scraping_daily.py
[2026-02-12T22:09:32.027+0700] {processor.py:914} INFO - Processing file /opt/airflow/dags/dag_scraping_daily.py for tasks to queue
[2026-02-12T22:09:32.029+0700] {logging_mixin.py:190} INFO - [2026-02-12T22:09:32.028+0700] {dagbag.py:587} INFO - Filling up the DagBag from /opt/airflow/dags/dag_scraping_daily.py
[2026-02-12T22:09:32.048+0700] {processor.py:925} INFO - DAG(s) 'dag_scraping_daily' retrieved from /opt/airflow/dags/dag_scraping_daily.py
[2026-02-12T22:09:32.082+0700] {logging_mixin.py:190} INFO - [2026-02-12T22:09:32.082+0700] {dag.py:3211} INFO - Sync 1 DAGs
[2026-02-12T22:09:32.109+0700] {logging_mixin.py:190} INFO - [2026-02-12T22:09:32.109+0700] {dag.py:4138} INFO - Setting next_dagrun for dag_scraping_daily to 2026-02-12 05:00:00+00:00, run_after=2026-02-12 17:00:00+00:00
[2026-02-12T22:09:32.140+0700] {processor.py:208} INFO - Processing /opt/airflow/dags/dag_scraping_daily.py took 0.122 seconds
[2026-02-12T22:10:04.677+0700] {processor.py:186} INFO - Started process (PID=721) to work on /opt/airflow/dags/dag_scraping_daily.py
[2026-02-12T22:10:04.679+0700] {processor.py:914} INFO - Processing file /opt/airflow/dags/dag_scraping_daily.py for tasks to queue
[2026-02-12T22:10:04.681+0700] {logging_mixin.py:190} INFO - [2026-02-12T22:10:04.681+0700] {dagbag.py:587} INFO - Filling up the DagBag from /opt/airflow/dags/dag_scraping_daily.py
[2026-02-12T22:10:04.700+0700] {processor.py:925} INFO - DAG(s) 'dag_scraping_daily' retrieved from /opt/airflow/dags/dag_scraping_daily.py
[2026-02-12T22:10:04.728+0700] {logging_mixin.py:190} INFO - [2026-02-12T22:10:04.728+0700] {dag.py:3211} INFO - Sync 1 DAGs
[2026-02-12T22:10:04.754+0700] {logging_mixin.py:190} INFO - [2026-02-12T22:10:04.754+0700] {dag.py:4138} INFO - Setting next_dagrun for dag_scraping_daily to 2026-02-12 05:00:00+00:00, run_after=2026-02-12 17:00:00+00:00
[2026-02-12T22:10:04.781+0700] {processor.py:208} INFO - Processing /opt/airflow/dags/dag_scraping_daily.py took 0.109 seconds
[2026-02-12T22:10:36.796+0700] {processor.py:186} INFO - Started process (PID=731) to work on /opt/airflow/dags/dag_scraping_daily.py
[2026-02-12T22:10:36.798+0700] {processor.py:914} INFO - Processing file /opt/airflow/dags/dag_scraping_daily.py for tasks to queue
[2026-02-12T22:10:36.802+0700] {logging_mixin.py:190} INFO - [2026-02-12T22:10:36.802+0700] {dagbag.py:587} INFO - Filling up the DagBag from /opt/airflow/dags/dag_scraping_daily.py
[2026-02-12T22:10:36.833+0700] {processor.py:925} INFO - DAG(s) 'dag_scraping_daily' retrieved from /opt/airflow/dags/dag_scraping_daily.py
[2026-02-12T22:10:36.864+0700] {logging_mixin.py:190} INFO - [2026-02-12T22:10:36.863+0700] {dag.py:3211} INFO - Sync 1 DAGs
[2026-02-12T22:10:36.899+0700] {logging_mixin.py:190} INFO - [2026-02-12T22:10:36.899+0700] {dag.py:4138} INFO - Setting next_dagrun for dag_scraping_daily to 2026-02-12 05:00:00+00:00, run_after=2026-02-12 17:00:00+00:00
[2026-02-12T22:10:36.932+0700] {processor.py:208} INFO - Processing /opt/airflow/dags/dag_scraping_daily.py took 0.145 seconds
[2026-02-12T22:11:08.339+0700] {processor.py:186} INFO - Started process (PID=858) to work on /opt/airflow/dags/dag_scraping_daily.py
[2026-02-12T22:11:08.341+0700] {processor.py:914} INFO - Processing file /opt/airflow/dags/dag_scraping_daily.py for tasks to queue
[2026-02-12T22:11:08.345+0700] {logging_mixin.py:190} INFO - [2026-02-12T22:11:08.344+0700] {dagbag.py:587} INFO - Filling up the DagBag from /opt/airflow/dags/dag_scraping_daily.py
[2026-02-12T22:11:08.372+0700] {processor.py:925} INFO - DAG(s) 'dag_scraping_daily' retrieved from /opt/airflow/dags/dag_scraping_daily.py
[2026-02-12T22:11:08.403+0700] {logging_mixin.py:190} INFO - [2026-02-12T22:11:08.403+0700] {dag.py:3211} INFO - Sync 1 DAGs
[2026-02-12T22:11:08.432+0700] {logging_mixin.py:190} INFO - [2026-02-12T22:11:08.431+0700] {dag.py:4138} INFO - Setting next_dagrun for dag_scraping_daily to 2026-02-12 05:00:00+00:00, run_after=2026-02-12 17:00:00+00:00
[2026-02-12T22:11:08.792+0700] {processor.py:208} INFO - Processing /opt/airflow/dags/dag_scraping_daily.py took 0.458 seconds
[2026-02-12T22:11:40.649+0700] {processor.py:186} INFO - Started process (PID=868) to work on /opt/airflow/dags/dag_scraping_daily.py
[2026-02-12T22:11:40.653+0700] {processor.py:914} INFO - Processing file /opt/airflow/dags/dag_scraping_daily.py for tasks to queue
[2026-02-12T22:11:40.657+0700] {logging_mixin.py:190} INFO - [2026-02-12T22:11:40.656+0700] {dagbag.py:587} INFO - Filling up the DagBag from /opt/airflow/dags/dag_scraping_daily.py
[2026-02-12T22:11:40.736+0700] {processor.py:925} INFO - DAG(s) 'dag_scraping_daily' retrieved from /opt/airflow/dags/dag_scraping_daily.py
[2026-02-12T22:11:40.828+0700] {logging_mixin.py:190} INFO - [2026-02-12T22:11:40.828+0700] {dag.py:3211} INFO - Sync 1 DAGs
[2026-02-12T22:11:41.313+0700] {logging_mixin.py:190} INFO - [2026-02-12T22:11:41.313+0700] {dag.py:4138} INFO - Setting next_dagrun for dag_scraping_daily to 2026-02-12 05:00:00+00:00, run_after=2026-02-12 17:00:00+00:00
[2026-02-12T22:11:41.344+0700] {processor.py:208} INFO - Processing /opt/airflow/dags/dag_scraping_daily.py took 0.705 seconds
[2026-02-12T22:12:13.260+0700] {processor.py:186} INFO - Started process (PID=878) to work on /opt/airflow/dags/dag_scraping_daily.py
[2026-02-12T22:12:13.263+0700] {processor.py:914} INFO - Processing file /opt/airflow/dags/dag_scraping_daily.py for tasks to queue
[2026-02-12T22:12:13.267+0700] {logging_mixin.py:190} INFO - [2026-02-12T22:12:13.266+0700] {dagbag.py:587} INFO - Filling up the DagBag from /opt/airflow/dags/dag_scraping_daily.py
[2026-02-12T22:12:13.297+0700] {processor.py:925} INFO - DAG(s) 'dag_scraping_daily' retrieved from /opt/airflow/dags/dag_scraping_daily.py
[2026-02-12T22:12:13.547+0700] {logging_mixin.py:190} INFO - [2026-02-12T22:12:13.547+0700] {dag.py:3211} INFO - Sync 1 DAGs
[2026-02-12T22:12:13.573+0700] {logging_mixin.py:190} INFO - [2026-02-12T22:12:13.573+0700] {dag.py:4138} INFO - Setting next_dagrun for dag_scraping_daily to 2026-02-12 05:00:00+00:00, run_after=2026-02-12 17:00:00+00:00
[2026-02-12T22:12:13.599+0700] {processor.py:208} INFO - Processing /opt/airflow/dags/dag_scraping_daily.py took 0.348 seconds
[2026-02-12T22:12:44.902+0700] {processor.py:186} INFO - Started process (PID=888) to work on /opt/airflow/dags/dag_scraping_daily.py
[2026-02-12T22:12:44.903+0700] {processor.py:914} INFO - Processing file /opt/airflow/dags/dag_scraping_daily.py for tasks to queue
[2026-02-12T22:12:44.905+0700] {logging_mixin.py:190} INFO - [2026-02-12T22:12:44.905+0700] {dagbag.py:587} INFO - Filling up the DagBag from /opt/airflow/dags/dag_scraping_daily.py
[2026-02-12T22:12:44.925+0700] {processor.py:925} INFO - DAG(s) 'dag_scraping_daily' retrieved from /opt/airflow/dags/dag_scraping_daily.py
[2026-02-12T22:12:44.957+0700] {logging_mixin.py:190} INFO - [2026-02-12T22:12:44.957+0700] {dag.py:3211} INFO - Sync 1 DAGs
[2026-02-12T22:12:44.980+0700] {logging_mixin.py:190} INFO - [2026-02-12T22:12:44.980+0700] {dag.py:4138} INFO - Setting next_dagrun for dag_scraping_daily to 2026-02-12 05:00:00+00:00, run_after=2026-02-12 17:00:00+00:00
[2026-02-12T22:12:45.006+0700] {processor.py:208} INFO - Processing /opt/airflow/dags/dag_scraping_daily.py took 0.111 seconds
[2026-02-12T22:13:17.470+0700] {processor.py:186} INFO - Started process (PID=898) to work on /opt/airflow/dags/dag_scraping_daily.py
[2026-02-12T22:13:17.471+0700] {processor.py:914} INFO - Processing file /opt/airflow/dags/dag_scraping_daily.py for tasks to queue
[2026-02-12T22:13:17.473+0700] {logging_mixin.py:190} INFO - [2026-02-12T22:13:17.473+0700] {dagbag.py:587} INFO - Filling up the DagBag from /opt/airflow/dags/dag_scraping_daily.py
[2026-02-12T22:13:17.490+0700] {processor.py:925} INFO - DAG(s) 'dag_scraping_daily' retrieved from /opt/airflow/dags/dag_scraping_daily.py
[2026-02-12T22:13:17.513+0700] {logging_mixin.py:190} INFO - [2026-02-12T22:13:17.513+0700] {dag.py:3211} INFO - Sync 1 DAGs
[2026-02-12T22:13:17.536+0700] {logging_mixin.py:190} INFO - [2026-02-12T22:13:17.536+0700] {dag.py:4138} INFO - Setting next_dagrun for dag_scraping_daily to 2026-02-12 05:00:00+00:00, run_after=2026-02-12 17:00:00+00:00
[2026-02-12T22:13:17.560+0700] {processor.py:208} INFO - Processing /opt/airflow/dags/dag_scraping_daily.py took 0.094 seconds
[2026-02-12T22:13:49.549+0700] {processor.py:186} INFO - Started process (PID=929) to work on /opt/airflow/dags/dag_scraping_daily.py
[2026-02-12T22:13:49.550+0700] {processor.py:914} INFO - Processing file /opt/airflow/dags/dag_scraping_daily.py for tasks to queue
[2026-02-12T22:13:49.555+0700] {logging_mixin.py:190} INFO - [2026-02-12T22:13:49.554+0700] {dagbag.py:587} INFO - Filling up the DagBag from /opt/airflow/dags/dag_scraping_daily.py
[2026-02-12T22:13:49.584+0700] {processor.py:925} INFO - DAG(s) 'dag_scraping_daily' retrieved from /opt/airflow/dags/dag_scraping_daily.py
[2026-02-12T22:13:49.611+0700] {logging_mixin.py:190} INFO - [2026-02-12T22:13:49.611+0700] {dag.py:3211} INFO - Sync 1 DAGs
[2026-02-12T22:13:49.635+0700] {logging_mixin.py:190} INFO - [2026-02-12T22:13:49.634+0700] {dag.py:4138} INFO - Setting next_dagrun for dag_scraping_daily to 2026-02-12 05:00:00+00:00, run_after=2026-02-12 17:00:00+00:00
[2026-02-12T22:13:49.656+0700] {processor.py:208} INFO - Processing /opt/airflow/dags/dag_scraping_daily.py took 0.114 seconds
[2026-02-12T22:14:21.904+0700] {processor.py:186} INFO - Started process (PID=939) to work on /opt/airflow/dags/dag_scraping_daily.py
[2026-02-12T22:14:21.905+0700] {processor.py:914} INFO - Processing file /opt/airflow/dags/dag_scraping_daily.py for tasks to queue
[2026-02-12T22:14:21.907+0700] {logging_mixin.py:190} INFO - [2026-02-12T22:14:21.906+0700] {dagbag.py:587} INFO - Filling up the DagBag from /opt/airflow/dags/dag_scraping_daily.py
[2026-02-12T22:14:21.924+0700] {processor.py:925} INFO - DAG(s) 'dag_scraping_daily' retrieved from /opt/airflow/dags/dag_scraping_daily.py
[2026-02-12T22:14:21.954+0700] {logging_mixin.py:190} INFO - [2026-02-12T22:14:21.954+0700] {dag.py:3211} INFO - Sync 1 DAGs
[2026-02-12T22:14:22.166+0700] {logging_mixin.py:190} INFO - [2026-02-12T22:14:22.165+0700] {dag.py:4138} INFO - Setting next_dagrun for dag_scraping_daily to 2026-02-12 05:00:00+00:00, run_after=2026-02-12 17:00:00+00:00
[2026-02-12T22:14:22.193+0700] {processor.py:208} INFO - Processing /opt/airflow/dags/dag_scraping_daily.py took 0.295 seconds
[2026-02-12T22:14:53.672+0700] {processor.py:186} INFO - Started process (PID=949) to work on /opt/airflow/dags/dag_scraping_daily.py
[2026-02-12T22:14:53.674+0700] {processor.py:914} INFO - Processing file /opt/airflow/dags/dag_scraping_daily.py for tasks to queue
[2026-02-12T22:14:53.676+0700] {logging_mixin.py:190} INFO - [2026-02-12T22:14:53.675+0700] {dagbag.py:587} INFO - Filling up the DagBag from /opt/airflow/dags/dag_scraping_daily.py
[2026-02-12T22:14:53.698+0700] {processor.py:925} INFO - DAG(s) 'dag_scraping_daily' retrieved from /opt/airflow/dags/dag_scraping_daily.py
[2026-02-12T22:14:53.730+0700] {logging_mixin.py:190} INFO - [2026-02-12T22:14:53.730+0700] {dag.py:3211} INFO - Sync 1 DAGs
[2026-02-12T22:14:53.919+0700] {logging_mixin.py:190} INFO - [2026-02-12T22:14:53.919+0700] {dag.py:4138} INFO - Setting next_dagrun for dag_scraping_daily to 2026-02-12 05:00:00+00:00, run_after=2026-02-12 17:00:00+00:00
[2026-02-12T22:14:53.943+0700] {processor.py:208} INFO - Processing /opt/airflow/dags/dag_scraping_daily.py took 0.276 seconds
[2026-02-12T22:15:26.073+0700] {processor.py:186} INFO - Started process (PID=959) to work on /opt/airflow/dags/dag_scraping_daily.py
[2026-02-12T22:15:26.074+0700] {processor.py:914} INFO - Processing file /opt/airflow/dags/dag_scraping_daily.py for tasks to queue
[2026-02-12T22:15:26.077+0700] {logging_mixin.py:190} INFO - [2026-02-12T22:15:26.077+0700] {dagbag.py:587} INFO - Filling up the DagBag from /opt/airflow/dags/dag_scraping_daily.py
[2026-02-12T22:15:26.098+0700] {processor.py:925} INFO - DAG(s) 'dag_scraping_daily' retrieved from /opt/airflow/dags/dag_scraping_daily.py
[2026-02-12T22:15:26.291+0700] {logging_mixin.py:190} INFO - [2026-02-12T22:15:26.291+0700] {dag.py:3211} INFO - Sync 1 DAGs
[2026-02-12T22:15:26.313+0700] {logging_mixin.py:190} INFO - [2026-02-12T22:15:26.313+0700] {dag.py:4138} INFO - Setting next_dagrun for dag_scraping_daily to 2026-02-12 05:00:00+00:00, run_after=2026-02-12 17:00:00+00:00
[2026-02-12T22:15:26.334+0700] {processor.py:208} INFO - Processing /opt/airflow/dags/dag_scraping_daily.py took 0.267 seconds
[2026-02-12T22:15:57.793+0700] {processor.py:186} INFO - Started process (PID=969) to work on /opt/airflow/dags/dag_scraping_daily.py
[2026-02-12T22:15:57.794+0700] {processor.py:914} INFO - Processing file /opt/airflow/dags/dag_scraping_daily.py for tasks to queue
[2026-02-12T22:15:57.797+0700] {logging_mixin.py:190} INFO - [2026-02-12T22:15:57.796+0700] {dagbag.py:587} INFO - Filling up the DagBag from /opt/airflow/dags/dag_scraping_daily.py
[2026-02-12T22:15:57.819+0700] {processor.py:925} INFO - DAG(s) 'dag_scraping_daily' retrieved from /opt/airflow/dags/dag_scraping_daily.py
[2026-02-12T22:15:57.850+0700] {logging_mixin.py:190} INFO - [2026-02-12T22:15:57.850+0700] {dag.py:3211} INFO - Sync 1 DAGs
[2026-02-12T22:15:57.875+0700] {logging_mixin.py:190} INFO - [2026-02-12T22:15:57.875+0700] {dag.py:4138} INFO - Setting next_dagrun for dag_scraping_daily to 2026-02-12 05:00:00+00:00, run_after=2026-02-12 17:00:00+00:00
[2026-02-12T22:15:57.898+0700] {processor.py:208} INFO - Processing /opt/airflow/dags/dag_scraping_daily.py took 0.110 seconds
[2026-02-12T22:16:30.709+0700] {processor.py:186} INFO - Started process (PID=979) to work on /opt/airflow/dags/dag_scraping_daily.py
[2026-02-12T22:16:30.711+0700] {processor.py:914} INFO - Processing file /opt/airflow/dags/dag_scraping_daily.py for tasks to queue
[2026-02-12T22:16:30.715+0700] {logging_mixin.py:190} INFO - [2026-02-12T22:16:30.714+0700] {dagbag.py:587} INFO - Filling up the DagBag from /opt/airflow/dags/dag_scraping_daily.py
[2026-02-12T22:16:30.739+0700] {processor.py:925} INFO - DAG(s) 'dag_scraping_daily' retrieved from /opt/airflow/dags/dag_scraping_daily.py
[2026-02-12T22:16:30.770+0700] {logging_mixin.py:190} INFO - [2026-02-12T22:16:30.770+0700] {dag.py:3211} INFO - Sync 1 DAGs
[2026-02-12T22:16:30.795+0700] {logging_mixin.py:190} INFO - [2026-02-12T22:16:30.794+0700] {dag.py:4138} INFO - Setting next_dagrun for dag_scraping_daily to 2026-02-12 05:00:00+00:00, run_after=2026-02-12 17:00:00+00:00
[2026-02-12T22:16:30.822+0700] {processor.py:208} INFO - Processing /opt/airflow/dags/dag_scraping_daily.py took 0.121 seconds
[2026-02-12T22:17:02.286+0700] {processor.py:186} INFO - Started process (PID=989) to work on /opt/airflow/dags/dag_scraping_daily.py
[2026-02-12T22:17:02.287+0700] {processor.py:914} INFO - Processing file /opt/airflow/dags/dag_scraping_daily.py for tasks to queue
[2026-02-12T22:17:02.290+0700] {logging_mixin.py:190} INFO - [2026-02-12T22:17:02.290+0700] {dagbag.py:587} INFO - Filling up the DagBag from /opt/airflow/dags/dag_scraping_daily.py
[2026-02-12T22:17:02.308+0700] {processor.py:925} INFO - DAG(s) 'dag_scraping_daily' retrieved from /opt/airflow/dags/dag_scraping_daily.py
[2026-02-12T22:17:02.331+0700] {logging_mixin.py:190} INFO - [2026-02-12T22:17:02.331+0700] {dag.py:3211} INFO - Sync 1 DAGs
[2026-02-12T22:17:02.353+0700] {logging_mixin.py:190} INFO - [2026-02-12T22:17:02.353+0700] {dag.py:4138} INFO - Setting next_dagrun for dag_scraping_daily to 2026-02-12 05:00:00+00:00, run_after=2026-02-12 17:00:00+00:00
[2026-02-12T22:17:02.563+0700] {processor.py:208} INFO - Processing /opt/airflow/dags/dag_scraping_daily.py took 0.282 seconds
[2026-02-12T22:17:35.660+0700] {processor.py:186} INFO - Started process (PID=999) to work on /opt/airflow/dags/dag_scraping_daily.py
[2026-02-12T22:17:35.662+0700] {processor.py:914} INFO - Processing file /opt/airflow/dags/dag_scraping_daily.py for tasks to queue
[2026-02-12T22:17:35.665+0700] {logging_mixin.py:190} INFO - [2026-02-12T22:17:35.665+0700] {dagbag.py:587} INFO - Filling up the DagBag from /opt/airflow/dags/dag_scraping_daily.py
[2026-02-12T22:17:35.686+0700] {processor.py:925} INFO - DAG(s) 'dag_scraping_daily' retrieved from /opt/airflow/dags/dag_scraping_daily.py
[2026-02-12T22:17:35.716+0700] {logging_mixin.py:190} INFO - [2026-02-12T22:17:35.715+0700] {dag.py:3211} INFO - Sync 1 DAGs
[2026-02-12T22:17:35.904+0700] {logging_mixin.py:190} INFO - [2026-02-12T22:17:35.904+0700] {dag.py:4138} INFO - Setting next_dagrun for dag_scraping_daily to 2026-02-12 05:00:00+00:00, run_after=2026-02-12 17:00:00+00:00
[2026-02-12T22:17:35.923+0700] {processor.py:208} INFO - Processing /opt/airflow/dags/dag_scraping_daily.py took 0.270 seconds
[2026-02-12T22:18:07.468+0700] {processor.py:186} INFO - Started process (PID=1009) to work on /opt/airflow/dags/dag_scraping_daily.py
[2026-02-12T22:18:07.469+0700] {processor.py:914} INFO - Processing file /opt/airflow/dags/dag_scraping_daily.py for tasks to queue
[2026-02-12T22:18:07.473+0700] {logging_mixin.py:190} INFO - [2026-02-12T22:18:07.473+0700] {dagbag.py:587} INFO - Filling up the DagBag from /opt/airflow/dags/dag_scraping_daily.py
[2026-02-12T22:18:07.496+0700] {processor.py:925} INFO - DAG(s) 'dag_scraping_daily' retrieved from /opt/airflow/dags/dag_scraping_daily.py
[2026-02-12T22:18:07.522+0700] {logging_mixin.py:190} INFO - [2026-02-12T22:18:07.522+0700] {dag.py:3211} INFO - Sync 1 DAGs
[2026-02-12T22:18:07.683+0700] {logging_mixin.py:190} INFO - [2026-02-12T22:18:07.682+0700] {dag.py:4138} INFO - Setting next_dagrun for dag_scraping_daily to 2026-02-12 05:00:00+00:00, run_after=2026-02-12 17:00:00+00:00
[2026-02-12T22:18:07.706+0700] {processor.py:208} INFO - Processing /opt/airflow/dags/dag_scraping_daily.py took 0.246 seconds
[2026-02-12T22:18:39.232+0700] {processor.py:186} INFO - Started process (PID=1019) to work on /opt/airflow/dags/dag_scraping_daily.py
[2026-02-12T22:18:39.233+0700] {processor.py:914} INFO - Processing file /opt/airflow/dags/dag_scraping_daily.py for tasks to queue
[2026-02-12T22:18:39.236+0700] {logging_mixin.py:190} INFO - [2026-02-12T22:18:39.235+0700] {dagbag.py:587} INFO - Filling up the DagBag from /opt/airflow/dags/dag_scraping_daily.py
[2026-02-12T22:18:39.257+0700] {processor.py:925} INFO - DAG(s) 'dag_scraping_daily' retrieved from /opt/airflow/dags/dag_scraping_daily.py
[2026-02-12T22:18:39.496+0700] {logging_mixin.py:190} INFO - [2026-02-12T22:18:39.495+0700] {dag.py:3211} INFO - Sync 1 DAGs
[2026-02-12T22:18:39.540+0700] {logging_mixin.py:190} INFO - [2026-02-12T22:18:39.539+0700] {dag.py:4138} INFO - Setting next_dagrun for dag_scraping_daily to 2026-02-12 05:00:00+00:00, run_after=2026-02-12 17:00:00+00:00
[2026-02-12T22:18:39.582+0700] {processor.py:208} INFO - Processing /opt/airflow/dags/dag_scraping_daily.py took 0.357 seconds
[2026-02-12T22:19:12.046+0700] {processor.py:186} INFO - Started process (PID=1029) to work on /opt/airflow/dags/dag_scraping_daily.py
[2026-02-12T22:19:12.047+0700] {processor.py:914} INFO - Processing file /opt/airflow/dags/dag_scraping_daily.py for tasks to queue
[2026-02-12T22:19:12.049+0700] {logging_mixin.py:190} INFO - [2026-02-12T22:19:12.049+0700] {dagbag.py:587} INFO - Filling up the DagBag from /opt/airflow/dags/dag_scraping_daily.py
[2026-02-12T22:19:12.067+0700] {processor.py:925} INFO - DAG(s) 'dag_scraping_daily' retrieved from /opt/airflow/dags/dag_scraping_daily.py
[2026-02-12T22:19:12.096+0700] {logging_mixin.py:190} INFO - [2026-02-12T22:19:12.095+0700] {dag.py:3211} INFO - Sync 1 DAGs
[2026-02-12T22:19:12.127+0700] {logging_mixin.py:190} INFO - [2026-02-12T22:19:12.127+0700] {dag.py:4138} INFO - Setting next_dagrun for dag_scraping_daily to 2026-02-12 05:00:00+00:00, run_after=2026-02-12 17:00:00+00:00
[2026-02-12T22:19:12.152+0700] {processor.py:208} INFO - Processing /opt/airflow/dags/dag_scraping_daily.py took 0.113 seconds
[2026-02-12T22:19:43.706+0700] {processor.py:186} INFO - Started process (PID=1039) to work on /opt/airflow/dags/dag_scraping_daily.py
[2026-02-12T22:19:43.707+0700] {processor.py:914} INFO - Processing file /opt/airflow/dags/dag_scraping_daily.py for tasks to queue
[2026-02-12T22:19:43.710+0700] {logging_mixin.py:190} INFO - [2026-02-12T22:19:43.709+0700] {dagbag.py:587} INFO - Filling up the DagBag from /opt/airflow/dags/dag_scraping_daily.py
[2026-02-12T22:19:43.729+0700] {processor.py:925} INFO - DAG(s) 'dag_scraping_daily' retrieved from /opt/airflow/dags/dag_scraping_daily.py
[2026-02-12T22:19:43.754+0700] {logging_mixin.py:190} INFO - [2026-02-12T22:19:43.754+0700] {dag.py:3211} INFO - Sync 1 DAGs
[2026-02-12T22:19:43.779+0700] {logging_mixin.py:190} INFO - [2026-02-12T22:19:43.779+0700] {dag.py:4138} INFO - Setting next_dagrun for dag_scraping_daily to 2026-02-12 05:00:00+00:00, run_after=2026-02-12 17:00:00+00:00
[2026-02-12T22:19:43.803+0700] {processor.py:208} INFO - Processing /opt/airflow/dags/dag_scraping_daily.py took 0.104 seconds
[2026-02-12T22:20:16.210+0700] {processor.py:186} INFO - Started process (PID=1049) to work on /opt/airflow/dags/dag_scraping_daily.py
[2026-02-12T22:20:16.211+0700] {processor.py:914} INFO - Processing file /opt/airflow/dags/dag_scraping_daily.py for tasks to queue
[2026-02-12T22:20:16.215+0700] {logging_mixin.py:190} INFO - [2026-02-12T22:20:16.214+0700] {dagbag.py:587} INFO - Filling up the DagBag from /opt/airflow/dags/dag_scraping_daily.py
[2026-02-12T22:20:16.247+0700] {processor.py:925} INFO - DAG(s) 'dag_scraping_daily' retrieved from /opt/airflow/dags/dag_scraping_daily.py
[2026-02-12T22:20:16.274+0700] {logging_mixin.py:190} INFO - [2026-02-12T22:20:16.274+0700] {dag.py:3211} INFO - Sync 1 DAGs
[2026-02-12T22:20:16.313+0700] {logging_mixin.py:190} INFO - [2026-02-12T22:20:16.313+0700] {dag.py:4138} INFO - Setting next_dagrun for dag_scraping_daily to 2026-02-12 05:00:00+00:00, run_after=2026-02-12 17:00:00+00:00
[2026-02-12T22:20:16.350+0700] {processor.py:208} INFO - Processing /opt/airflow/dags/dag_scraping_daily.py took 0.147 seconds
[2026-02-12T22:20:47.814+0700] {processor.py:186} INFO - Started process (PID=1059) to work on /opt/airflow/dags/dag_scraping_daily.py
[2026-02-12T22:20:47.815+0700] {processor.py:914} INFO - Processing file /opt/airflow/dags/dag_scraping_daily.py for tasks to queue
[2026-02-12T22:20:47.819+0700] {logging_mixin.py:190} INFO - [2026-02-12T22:20:47.819+0700] {dagbag.py:587} INFO - Filling up the DagBag from /opt/airflow/dags/dag_scraping_daily.py
[2026-02-12T22:20:47.838+0700] {processor.py:925} INFO - DAG(s) 'dag_scraping_daily' retrieved from /opt/airflow/dags/dag_scraping_daily.py
[2026-02-12T22:20:47.863+0700] {logging_mixin.py:190} INFO - [2026-02-12T22:20:47.863+0700] {dag.py:3211} INFO - Sync 1 DAGs
[2026-02-12T22:20:47.890+0700] {logging_mixin.py:190} INFO - [2026-02-12T22:20:47.890+0700] {dag.py:4138} INFO - Setting next_dagrun for dag_scraping_daily to 2026-02-12 05:00:00+00:00, run_after=2026-02-12 17:00:00+00:00
[2026-02-12T22:20:47.917+0700] {processor.py:208} INFO - Processing /opt/airflow/dags/dag_scraping_daily.py took 0.110 seconds
[2026-02-12T22:21:20.399+0700] {processor.py:186} INFO - Started process (PID=1069) to work on /opt/airflow/dags/dag_scraping_daily.py
[2026-02-12T22:21:20.400+0700] {processor.py:914} INFO - Processing file /opt/airflow/dags/dag_scraping_daily.py for tasks to queue
[2026-02-12T22:21:20.404+0700] {logging_mixin.py:190} INFO - [2026-02-12T22:21:20.403+0700] {dagbag.py:587} INFO - Filling up the DagBag from /opt/airflow/dags/dag_scraping_daily.py
[2026-02-12T22:21:20.426+0700] {processor.py:925} INFO - DAG(s) 'dag_scraping_daily' retrieved from /opt/airflow/dags/dag_scraping_daily.py
[2026-02-12T22:21:20.456+0700] {logging_mixin.py:190} INFO - [2026-02-12T22:21:20.456+0700] {dag.py:3211} INFO - Sync 1 DAGs
[2026-02-12T22:21:20.482+0700] {logging_mixin.py:190} INFO - [2026-02-12T22:21:20.481+0700] {dag.py:4138} INFO - Setting next_dagrun for dag_scraping_daily to 2026-02-12 05:00:00+00:00, run_after=2026-02-12 17:00:00+00:00
[2026-02-12T22:21:20.507+0700] {processor.py:208} INFO - Processing /opt/airflow/dags/dag_scraping_daily.py took 0.116 seconds
[2026-02-12T22:21:52.174+0700] {processor.py:186} INFO - Started process (PID=1079) to work on /opt/airflow/dags/dag_scraping_daily.py
[2026-02-12T22:21:52.176+0700] {processor.py:914} INFO - Processing file /opt/airflow/dags/dag_scraping_daily.py for tasks to queue
[2026-02-12T22:21:52.180+0700] {logging_mixin.py:190} INFO - [2026-02-12T22:21:52.179+0700] {dagbag.py:587} INFO - Filling up the DagBag from /opt/airflow/dags/dag_scraping_daily.py
[2026-02-12T22:21:52.202+0700] {processor.py:925} INFO - DAG(s) 'dag_scraping_daily' retrieved from /opt/airflow/dags/dag_scraping_daily.py
[2026-02-12T22:21:52.240+0700] {logging_mixin.py:190} INFO - [2026-02-12T22:21:52.240+0700] {dag.py:3211} INFO - Sync 1 DAGs
[2026-02-12T22:21:52.273+0700] {logging_mixin.py:190} INFO - [2026-02-12T22:21:52.273+0700] {dag.py:4138} INFO - Setting next_dagrun for dag_scraping_daily to 2026-02-12 05:00:00+00:00, run_after=2026-02-12 17:00:00+00:00
[2026-02-12T22:21:52.301+0700] {processor.py:208} INFO - Processing /opt/airflow/dags/dag_scraping_daily.py took 0.138 seconds
[2026-02-12T22:22:24.838+0700] {processor.py:186} INFO - Started process (PID=1089) to work on /opt/airflow/dags/dag_scraping_daily.py
[2026-02-12T22:22:24.840+0700] {processor.py:914} INFO - Processing file /opt/airflow/dags/dag_scraping_daily.py for tasks to queue
[2026-02-12T22:22:24.844+0700] {logging_mixin.py:190} INFO - [2026-02-12T22:22:24.843+0700] {dagbag.py:587} INFO - Filling up the DagBag from /opt/airflow/dags/dag_scraping_daily.py
[2026-02-12T22:22:24.866+0700] {processor.py:925} INFO - DAG(s) 'dag_scraping_daily' retrieved from /opt/airflow/dags/dag_scraping_daily.py
[2026-02-12T22:22:24.902+0700] {logging_mixin.py:190} INFO - [2026-02-12T22:22:24.901+0700] {dag.py:3211} INFO - Sync 1 DAGs
[2026-02-12T22:22:24.934+0700] {logging_mixin.py:190} INFO - [2026-02-12T22:22:24.933+0700] {dag.py:4138} INFO - Setting next_dagrun for dag_scraping_daily to 2026-02-12 05:00:00+00:00, run_after=2026-02-12 17:00:00+00:00
[2026-02-12T22:22:24.958+0700] {processor.py:208} INFO - Processing /opt/airflow/dags/dag_scraping_daily.py took 0.129 seconds
[2026-02-12T22:22:57.024+0700] {processor.py:186} INFO - Started process (PID=1099) to work on /opt/airflow/dags/dag_scraping_daily.py
[2026-02-12T22:22:57.025+0700] {processor.py:914} INFO - Processing file /opt/airflow/dags/dag_scraping_daily.py for tasks to queue
[2026-02-12T22:22:57.028+0700] {logging_mixin.py:190} INFO - [2026-02-12T22:22:57.027+0700] {dagbag.py:587} INFO - Filling up the DagBag from /opt/airflow/dags/dag_scraping_daily.py
[2026-02-12T22:22:57.046+0700] {processor.py:925} INFO - DAG(s) 'dag_scraping_daily' retrieved from /opt/airflow/dags/dag_scraping_daily.py
[2026-02-12T22:22:57.072+0700] {logging_mixin.py:190} INFO - [2026-02-12T22:22:57.071+0700] {dag.py:3211} INFO - Sync 1 DAGs
[2026-02-12T22:22:57.093+0700] {logging_mixin.py:190} INFO - [2026-02-12T22:22:57.092+0700] {dag.py:4138} INFO - Setting next_dagrun for dag_scraping_daily to 2026-02-12 05:00:00+00:00, run_after=2026-02-12 17:00:00+00:00
[2026-02-12T22:22:57.112+0700] {processor.py:208} INFO - Processing /opt/airflow/dags/dag_scraping_daily.py took 0.094 seconds
[2026-02-12T22:23:27.207+0700] {processor.py:186} INFO - Started process (PID=1109) to work on /opt/airflow/dags/dag_scraping_daily.py
[2026-02-12T22:23:27.208+0700] {processor.py:914} INFO - Processing file /opt/airflow/dags/dag_scraping_daily.py for tasks to queue
[2026-02-12T22:23:27.212+0700] {logging_mixin.py:190} INFO - [2026-02-12T22:23:27.211+0700] {dagbag.py:587} INFO - Filling up the DagBag from /opt/airflow/dags/dag_scraping_daily.py
[2026-02-12T22:23:27.230+0700] {processor.py:925} INFO - DAG(s) 'dag_scraping_daily' retrieved from /opt/airflow/dags/dag_scraping_daily.py
[2026-02-12T22:23:27.255+0700] {logging_mixin.py:190} INFO - [2026-02-12T22:23:27.255+0700] {dag.py:3211} INFO - Sync 1 DAGs
[2026-02-12T22:23:27.278+0700] {logging_mixin.py:190} INFO - [2026-02-12T22:23:27.278+0700] {dag.py:4138} INFO - Setting next_dagrun for dag_scraping_daily to 2026-02-12 05:00:00+00:00, run_after=2026-02-12 17:00:00+00:00
[2026-02-12T22:23:27.299+0700] {processor.py:208} INFO - Processing /opt/airflow/dags/dag_scraping_daily.py took 0.098 seconds
[2026-02-12T22:23:58.186+0700] {processor.py:186} INFO - Started process (PID=1119) to work on /opt/airflow/dags/dag_scraping_daily.py
[2026-02-12T22:23:58.187+0700] {processor.py:914} INFO - Processing file /opt/airflow/dags/dag_scraping_daily.py for tasks to queue
[2026-02-12T22:23:58.189+0700] {logging_mixin.py:190} INFO - [2026-02-12T22:23:58.189+0700] {dagbag.py:587} INFO - Filling up the DagBag from /opt/airflow/dags/dag_scraping_daily.py
[2026-02-12T22:23:58.208+0700] {processor.py:925} INFO - DAG(s) 'dag_scraping_daily' retrieved from /opt/airflow/dags/dag_scraping_daily.py
[2026-02-12T22:23:58.231+0700] {logging_mixin.py:190} INFO - [2026-02-12T22:23:58.230+0700] {dag.py:3211} INFO - Sync 1 DAGs
[2026-02-12T22:23:58.251+0700] {logging_mixin.py:190} INFO - [2026-02-12T22:23:58.251+0700] {dag.py:4138} INFO - Setting next_dagrun for dag_scraping_daily to 2026-02-12 05:00:00+00:00, run_after=2026-02-12 17:00:00+00:00
[2026-02-12T22:23:58.271+0700] {processor.py:208} INFO - Processing /opt/airflow/dags/dag_scraping_daily.py took 0.091 seconds
[2026-02-12T22:24:29.109+0700] {processor.py:186} INFO - Started process (PID=1129) to work on /opt/airflow/dags/dag_scraping_daily.py
[2026-02-12T22:24:29.110+0700] {processor.py:914} INFO - Processing file /opt/airflow/dags/dag_scraping_daily.py for tasks to queue
[2026-02-12T22:24:29.113+0700] {logging_mixin.py:190} INFO - [2026-02-12T22:24:29.113+0700] {dagbag.py:587} INFO - Filling up the DagBag from /opt/airflow/dags/dag_scraping_daily.py
[2026-02-12T22:24:29.132+0700] {processor.py:925} INFO - DAG(s) 'dag_scraping_daily' retrieved from /opt/airflow/dags/dag_scraping_daily.py
[2026-02-12T22:24:29.158+0700] {logging_mixin.py:190} INFO - [2026-02-12T22:24:29.157+0700] {dag.py:3211} INFO - Sync 1 DAGs
[2026-02-12T22:24:29.179+0700] {logging_mixin.py:190} INFO - [2026-02-12T22:24:29.179+0700] {dag.py:4138} INFO - Setting next_dagrun for dag_scraping_daily to 2026-02-12 05:00:00+00:00, run_after=2026-02-12 17:00:00+00:00
[2026-02-12T22:24:29.200+0700] {processor.py:208} INFO - Processing /opt/airflow/dags/dag_scraping_daily.py took 0.097 seconds
[2026-02-12T22:24:59.797+0700] {processor.py:186} INFO - Started process (PID=1139) to work on /opt/airflow/dags/dag_scraping_daily.py
[2026-02-12T22:24:59.798+0700] {processor.py:914} INFO - Processing file /opt/airflow/dags/dag_scraping_daily.py for tasks to queue
[2026-02-12T22:24:59.800+0700] {logging_mixin.py:190} INFO - [2026-02-12T22:24:59.800+0700] {dagbag.py:587} INFO - Filling up the DagBag from /opt/airflow/dags/dag_scraping_daily.py
[2026-02-12T22:24:59.818+0700] {processor.py:925} INFO - DAG(s) 'dag_scraping_daily' retrieved from /opt/airflow/dags/dag_scraping_daily.py
[2026-02-12T22:24:59.841+0700] {logging_mixin.py:190} INFO - [2026-02-12T22:24:59.841+0700] {dag.py:3211} INFO - Sync 1 DAGs
[2026-02-12T22:24:59.862+0700] {logging_mixin.py:190} INFO - [2026-02-12T22:24:59.862+0700] {dag.py:4138} INFO - Setting next_dagrun for dag_scraping_daily to 2026-02-12 05:00:00+00:00, run_after=2026-02-12 17:00:00+00:00
[2026-02-12T22:24:59.883+0700] {processor.py:208} INFO - Processing /opt/airflow/dags/dag_scraping_daily.py took 0.092 seconds
[2026-02-12T22:25:30.474+0700] {processor.py:186} INFO - Started process (PID=1149) to work on /opt/airflow/dags/dag_scraping_daily.py
[2026-02-12T22:25:30.475+0700] {processor.py:914} INFO - Processing file /opt/airflow/dags/dag_scraping_daily.py for tasks to queue
[2026-02-12T22:25:30.478+0700] {logging_mixin.py:190} INFO - [2026-02-12T22:25:30.477+0700] {dagbag.py:587} INFO - Filling up the DagBag from /opt/airflow/dags/dag_scraping_daily.py
[2026-02-12T22:25:30.496+0700] {processor.py:925} INFO - DAG(s) 'dag_scraping_daily' retrieved from /opt/airflow/dags/dag_scraping_daily.py
[2026-02-12T22:25:30.520+0700] {logging_mixin.py:190} INFO - [2026-02-12T22:25:30.520+0700] {dag.py:3211} INFO - Sync 1 DAGs
[2026-02-12T22:25:30.541+0700] {logging_mixin.py:190} INFO - [2026-02-12T22:25:30.541+0700] {dag.py:4138} INFO - Setting next_dagrun for dag_scraping_daily to 2026-02-12 05:00:00+00:00, run_after=2026-02-12 17:00:00+00:00
[2026-02-12T22:25:30.561+0700] {processor.py:208} INFO - Processing /opt/airflow/dags/dag_scraping_daily.py took 0.092 seconds
[2026-02-12T22:26:01.001+0700] {processor.py:186} INFO - Started process (PID=1159) to work on /opt/airflow/dags/dag_scraping_daily.py
[2026-02-12T22:26:01.001+0700] {processor.py:914} INFO - Processing file /opt/airflow/dags/dag_scraping_daily.py for tasks to queue
[2026-02-12T22:26:01.004+0700] {logging_mixin.py:190} INFO - [2026-02-12T22:26:01.004+0700] {dagbag.py:587} INFO - Filling up the DagBag from /opt/airflow/dags/dag_scraping_daily.py
[2026-02-12T22:26:01.025+0700] {processor.py:925} INFO - DAG(s) 'dag_scraping_daily' retrieved from /opt/airflow/dags/dag_scraping_daily.py
[2026-02-12T22:26:01.056+0700] {logging_mixin.py:190} INFO - [2026-02-12T22:26:01.055+0700] {dag.py:3211} INFO - Sync 1 DAGs
[2026-02-12T22:26:01.094+0700] {logging_mixin.py:190} INFO - [2026-02-12T22:26:01.094+0700] {dag.py:4138} INFO - Setting next_dagrun for dag_scraping_daily to 2026-02-12 05:00:00+00:00, run_after=2026-02-12 17:00:00+00:00
[2026-02-12T22:26:01.119+0700] {processor.py:208} INFO - Processing /opt/airflow/dags/dag_scraping_daily.py took 0.124 seconds
[2026-02-12T22:26:31.684+0700] {processor.py:186} INFO - Started process (PID=1169) to work on /opt/airflow/dags/dag_scraping_daily.py
[2026-02-12T22:26:31.685+0700] {processor.py:914} INFO - Processing file /opt/airflow/dags/dag_scraping_daily.py for tasks to queue
[2026-02-12T22:26:31.688+0700] {logging_mixin.py:190} INFO - [2026-02-12T22:26:31.687+0700] {dagbag.py:587} INFO - Filling up the DagBag from /opt/airflow/dags/dag_scraping_daily.py
[2026-02-12T22:26:31.704+0700] {processor.py:925} INFO - DAG(s) 'dag_scraping_daily' retrieved from /opt/airflow/dags/dag_scraping_daily.py
[2026-02-12T22:26:31.727+0700] {logging_mixin.py:190} INFO - [2026-02-12T22:26:31.727+0700] {dag.py:3211} INFO - Sync 1 DAGs
[2026-02-12T22:26:31.753+0700] {logging_mixin.py:190} INFO - [2026-02-12T22:26:31.752+0700] {dag.py:4138} INFO - Setting next_dagrun for dag_scraping_daily to 2026-02-12 05:00:00+00:00, run_after=2026-02-12 17:00:00+00:00
[2026-02-12T22:26:31.774+0700] {processor.py:208} INFO - Processing /opt/airflow/dags/dag_scraping_daily.py took 0.095 seconds
[2026-02-12T22:27:02.767+0700] {processor.py:186} INFO - Started process (PID=1179) to work on /opt/airflow/dags/dag_scraping_daily.py
[2026-02-12T22:27:02.768+0700] {processor.py:914} INFO - Processing file /opt/airflow/dags/dag_scraping_daily.py for tasks to queue
[2026-02-12T22:27:02.771+0700] {logging_mixin.py:190} INFO - [2026-02-12T22:27:02.771+0700] {dagbag.py:587} INFO - Filling up the DagBag from /opt/airflow/dags/dag_scraping_daily.py
[2026-02-12T22:27:02.786+0700] {processor.py:925} INFO - DAG(s) 'dag_scraping_daily' retrieved from /opt/airflow/dags/dag_scraping_daily.py
[2026-02-12T22:27:02.806+0700] {logging_mixin.py:190} INFO - [2026-02-12T22:27:02.806+0700] {dag.py:3211} INFO - Sync 1 DAGs
[2026-02-12T22:27:02.828+0700] {logging_mixin.py:190} INFO - [2026-02-12T22:27:02.828+0700] {dag.py:4138} INFO - Setting next_dagrun for dag_scraping_daily to 2026-02-12 05:00:00+00:00, run_after=2026-02-12 17:00:00+00:00
[2026-02-12T22:27:02.848+0700] {processor.py:208} INFO - Processing /opt/airflow/dags/dag_scraping_daily.py took 0.088 seconds
[2026-02-12T22:27:33.492+0700] {processor.py:186} INFO - Started process (PID=1189) to work on /opt/airflow/dags/dag_scraping_daily.py
[2026-02-12T22:27:33.493+0700] {processor.py:914} INFO - Processing file /opt/airflow/dags/dag_scraping_daily.py for tasks to queue
[2026-02-12T22:27:33.495+0700] {logging_mixin.py:190} INFO - [2026-02-12T22:27:33.495+0700] {dagbag.py:587} INFO - Filling up the DagBag from /opt/airflow/dags/dag_scraping_daily.py
[2026-02-12T22:27:33.516+0700] {processor.py:925} INFO - DAG(s) 'dag_scraping_daily' retrieved from /opt/airflow/dags/dag_scraping_daily.py
[2026-02-12T22:27:33.542+0700] {logging_mixin.py:190} INFO - [2026-02-12T22:27:33.542+0700] {dag.py:3211} INFO - Sync 1 DAGs
[2026-02-12T22:27:33.566+0700] {logging_mixin.py:190} INFO - [2026-02-12T22:27:33.566+0700] {dag.py:4138} INFO - Setting next_dagrun for dag_scraping_daily to 2026-02-12 05:00:00+00:00, run_after=2026-02-12 17:00:00+00:00
[2026-02-12T22:27:33.589+0700] {processor.py:208} INFO - Processing /opt/airflow/dags/dag_scraping_daily.py took 0.104 seconds
[2026-02-12T22:28:04.027+0700] {processor.py:186} INFO - Started process (PID=1199) to work on /opt/airflow/dags/dag_scraping_daily.py
[2026-02-12T22:28:04.030+0700] {processor.py:914} INFO - Processing file /opt/airflow/dags/dag_scraping_daily.py for tasks to queue
[2026-02-12T22:28:04.035+0700] {logging_mixin.py:190} INFO - [2026-02-12T22:28:04.034+0700] {dagbag.py:587} INFO - Filling up the DagBag from /opt/airflow/dags/dag_scraping_daily.py
[2026-02-12T22:28:04.063+0700] {processor.py:925} INFO - DAG(s) 'dag_scraping_daily' retrieved from /opt/airflow/dags/dag_scraping_daily.py
[2026-02-12T22:28:04.100+0700] {logging_mixin.py:190} INFO - [2026-02-12T22:28:04.099+0700] {dag.py:3211} INFO - Sync 1 DAGs
[2026-02-12T22:28:04.126+0700] {logging_mixin.py:190} INFO - [2026-02-12T22:28:04.126+0700] {dag.py:4138} INFO - Setting next_dagrun for dag_scraping_daily to 2026-02-12 05:00:00+00:00, run_after=2026-02-12 17:00:00+00:00
[2026-02-12T22:28:04.149+0700] {processor.py:208} INFO - Processing /opt/airflow/dags/dag_scraping_daily.py took 0.130 seconds
[2026-02-12T22:28:34.855+0700] {processor.py:186} INFO - Started process (PID=1209) to work on /opt/airflow/dags/dag_scraping_daily.py
[2026-02-12T22:28:34.856+0700] {processor.py:914} INFO - Processing file /opt/airflow/dags/dag_scraping_daily.py for tasks to queue
[2026-02-12T22:28:34.858+0700] {logging_mixin.py:190} INFO - [2026-02-12T22:28:34.858+0700] {dagbag.py:587} INFO - Filling up the DagBag from /opt/airflow/dags/dag_scraping_daily.py
[2026-02-12T22:28:34.874+0700] {processor.py:925} INFO - DAG(s) 'dag_scraping_daily' retrieved from /opt/airflow/dags/dag_scraping_daily.py
[2026-02-12T22:28:34.896+0700] {logging_mixin.py:190} INFO - [2026-02-12T22:28:34.896+0700] {dag.py:3211} INFO - Sync 1 DAGs
[2026-02-12T22:28:34.918+0700] {logging_mixin.py:190} INFO - [2026-02-12T22:28:34.918+0700] {dag.py:4138} INFO - Setting next_dagrun for dag_scraping_daily to 2026-02-12 05:00:00+00:00, run_after=2026-02-12 17:00:00+00:00
[2026-02-12T22:28:34.939+0700] {processor.py:208} INFO - Processing /opt/airflow/dags/dag_scraping_daily.py took 0.089 seconds
[2026-02-12T22:29:05.493+0700] {processor.py:186} INFO - Started process (PID=1219) to work on /opt/airflow/dags/dag_scraping_daily.py
[2026-02-12T22:29:05.494+0700] {processor.py:914} INFO - Processing file /opt/airflow/dags/dag_scraping_daily.py for tasks to queue
[2026-02-12T22:29:05.496+0700] {logging_mixin.py:190} INFO - [2026-02-12T22:29:05.496+0700] {dagbag.py:587} INFO - Filling up the DagBag from /opt/airflow/dags/dag_scraping_daily.py
[2026-02-12T22:29:05.513+0700] {processor.py:925} INFO - DAG(s) 'dag_scraping_daily' retrieved from /opt/airflow/dags/dag_scraping_daily.py
[2026-02-12T22:29:05.538+0700] {logging_mixin.py:190} INFO - [2026-02-12T22:29:05.538+0700] {dag.py:3211} INFO - Sync 1 DAGs
[2026-02-12T22:29:05.560+0700] {logging_mixin.py:190} INFO - [2026-02-12T22:29:05.560+0700] {dag.py:4138} INFO - Setting next_dagrun for dag_scraping_daily to 2026-02-12 05:00:00+00:00, run_after=2026-02-12 17:00:00+00:00
[2026-02-12T22:29:05.580+0700] {processor.py:208} INFO - Processing /opt/airflow/dags/dag_scraping_daily.py took 0.091 seconds
[2026-02-12T22:29:36.256+0700] {processor.py:186} INFO - Started process (PID=1229) to work on /opt/airflow/dags/dag_scraping_daily.py
[2026-02-12T22:29:36.258+0700] {processor.py:914} INFO - Processing file /opt/airflow/dags/dag_scraping_daily.py for tasks to queue
[2026-02-12T22:29:36.261+0700] {logging_mixin.py:190} INFO - [2026-02-12T22:29:36.261+0700] {dagbag.py:587} INFO - Filling up the DagBag from /opt/airflow/dags/dag_scraping_daily.py
[2026-02-12T22:29:36.280+0700] {processor.py:925} INFO - DAG(s) 'dag_scraping_daily' retrieved from /opt/airflow/dags/dag_scraping_daily.py
[2026-02-12T22:29:36.303+0700] {logging_mixin.py:190} INFO - [2026-02-12T22:29:36.303+0700] {dag.py:3211} INFO - Sync 1 DAGs
[2026-02-12T22:29:36.325+0700] {logging_mixin.py:190} INFO - [2026-02-12T22:29:36.324+0700] {dag.py:4138} INFO - Setting next_dagrun for dag_scraping_daily to 2026-02-12 05:00:00+00:00, run_after=2026-02-12 17:00:00+00:00
[2026-02-12T22:29:36.347+0700] {processor.py:208} INFO - Processing /opt/airflow/dags/dag_scraping_daily.py took 0.098 seconds
[2026-02-12T22:30:06.868+0700] {processor.py:186} INFO - Started process (PID=1239) to work on /opt/airflow/dags/dag_scraping_daily.py
[2026-02-12T22:30:06.869+0700] {processor.py:914} INFO - Processing file /opt/airflow/dags/dag_scraping_daily.py for tasks to queue
[2026-02-12T22:30:06.872+0700] {logging_mixin.py:190} INFO - [2026-02-12T22:30:06.872+0700] {dagbag.py:587} INFO - Filling up the DagBag from /opt/airflow/dags/dag_scraping_daily.py
[2026-02-12T22:30:06.890+0700] {processor.py:925} INFO - DAG(s) 'dag_scraping_daily' retrieved from /opt/airflow/dags/dag_scraping_daily.py
[2026-02-12T22:30:06.915+0700] {logging_mixin.py:190} INFO - [2026-02-12T22:30:06.915+0700] {dag.py:3211} INFO - Sync 1 DAGs
[2026-02-12T22:30:06.940+0700] {logging_mixin.py:190} INFO - [2026-02-12T22:30:06.940+0700] {dag.py:4138} INFO - Setting next_dagrun for dag_scraping_daily to 2026-02-12 05:00:00+00:00, run_after=2026-02-12 17:00:00+00:00
[2026-02-12T22:30:06.961+0700] {processor.py:208} INFO - Processing /opt/airflow/dags/dag_scraping_daily.py took 0.100 seconds
[2026-02-12T22:30:37.631+0700] {processor.py:186} INFO - Started process (PID=1249) to work on /opt/airflow/dags/dag_scraping_daily.py
[2026-02-12T22:30:37.632+0700] {processor.py:914} INFO - Processing file /opt/airflow/dags/dag_scraping_daily.py for tasks to queue
[2026-02-12T22:30:37.635+0700] {logging_mixin.py:190} INFO - [2026-02-12T22:30:37.635+0700] {dagbag.py:587} INFO - Filling up the DagBag from /opt/airflow/dags/dag_scraping_daily.py
[2026-02-12T22:30:37.653+0700] {processor.py:925} INFO - DAG(s) 'dag_scraping_daily' retrieved from /opt/airflow/dags/dag_scraping_daily.py
[2026-02-12T22:30:37.680+0700] {logging_mixin.py:190} INFO - [2026-02-12T22:30:37.680+0700] {dag.py:3211} INFO - Sync 1 DAGs
[2026-02-12T22:30:37.702+0700] {logging_mixin.py:190} INFO - [2026-02-12T22:30:37.702+0700] {dag.py:4138} INFO - Setting next_dagrun for dag_scraping_daily to 2026-02-12 05:00:00+00:00, run_after=2026-02-12 17:00:00+00:00
[2026-02-12T22:30:37.723+0700] {processor.py:208} INFO - Processing /opt/airflow/dags/dag_scraping_daily.py took 0.097 seconds
[2026-02-12T22:31:08.342+0700] {processor.py:186} INFO - Started process (PID=1259) to work on /opt/airflow/dags/dag_scraping_daily.py
[2026-02-12T22:31:08.342+0700] {processor.py:914} INFO - Processing file /opt/airflow/dags/dag_scraping_daily.py for tasks to queue
[2026-02-12T22:31:08.344+0700] {logging_mixin.py:190} INFO - [2026-02-12T22:31:08.344+0700] {dagbag.py:587} INFO - Filling up the DagBag from /opt/airflow/dags/dag_scraping_daily.py
[2026-02-12T22:31:08.363+0700] {processor.py:925} INFO - DAG(s) 'dag_scraping_daily' retrieved from /opt/airflow/dags/dag_scraping_daily.py
[2026-02-12T22:31:08.393+0700] {logging_mixin.py:190} INFO - [2026-02-12T22:31:08.392+0700] {dag.py:3211} INFO - Sync 1 DAGs
[2026-02-12T22:31:08.420+0700] {logging_mixin.py:190} INFO - [2026-02-12T22:31:08.420+0700] {dag.py:4138} INFO - Setting next_dagrun for dag_scraping_daily to 2026-02-12 05:00:00+00:00, run_after=2026-02-12 17:00:00+00:00
[2026-02-12T22:31:08.441+0700] {processor.py:208} INFO - Processing /opt/airflow/dags/dag_scraping_daily.py took 0.105 seconds
[2026-02-12T22:31:39.093+0700] {processor.py:186} INFO - Started process (PID=1269) to work on /opt/airflow/dags/dag_scraping_daily.py
[2026-02-12T22:31:39.095+0700] {processor.py:914} INFO - Processing file /opt/airflow/dags/dag_scraping_daily.py for tasks to queue
[2026-02-12T22:31:39.099+0700] {logging_mixin.py:190} INFO - [2026-02-12T22:31:39.099+0700] {dagbag.py:587} INFO - Filling up the DagBag from /opt/airflow/dags/dag_scraping_daily.py
[2026-02-12T22:31:39.135+0700] {processor.py:925} INFO - DAG(s) 'dag_scraping_daily' retrieved from /opt/airflow/dags/dag_scraping_daily.py
[2026-02-12T22:31:39.172+0700] {logging_mixin.py:190} INFO - [2026-02-12T22:31:39.172+0700] {dag.py:3211} INFO - Sync 1 DAGs
[2026-02-12T22:31:39.198+0700] {logging_mixin.py:190} INFO - [2026-02-12T22:31:39.198+0700] {dag.py:4138} INFO - Setting next_dagrun for dag_scraping_daily to 2026-02-12 05:00:00+00:00, run_after=2026-02-12 17:00:00+00:00
[2026-02-12T22:31:39.215+0700] {processor.py:208} INFO - Processing /opt/airflow/dags/dag_scraping_daily.py took 0.133 seconds
[2026-02-12T22:32:09.876+0700] {processor.py:186} INFO - Started process (PID=1279) to work on /opt/airflow/dags/dag_scraping_daily.py
[2026-02-12T22:32:09.878+0700] {processor.py:914} INFO - Processing file /opt/airflow/dags/dag_scraping_daily.py for tasks to queue
[2026-02-12T22:32:09.880+0700] {logging_mixin.py:190} INFO - [2026-02-12T22:32:09.880+0700] {dagbag.py:587} INFO - Filling up the DagBag from /opt/airflow/dags/dag_scraping_daily.py
[2026-02-12T22:32:09.904+0700] {processor.py:925} INFO - DAG(s) 'dag_scraping_daily' retrieved from /opt/airflow/dags/dag_scraping_daily.py
[2026-02-12T22:32:09.936+0700] {logging_mixin.py:190} INFO - [2026-02-12T22:32:09.936+0700] {dag.py:3211} INFO - Sync 1 DAGs
[2026-02-12T22:32:09.973+0700] {logging_mixin.py:190} INFO - [2026-02-12T22:32:09.973+0700] {dag.py:4138} INFO - Setting next_dagrun for dag_scraping_daily to 2026-02-12 05:00:00+00:00, run_after=2026-02-12 17:00:00+00:00
[2026-02-12T22:32:10.010+0700] {processor.py:208} INFO - Processing /opt/airflow/dags/dag_scraping_daily.py took 0.141 seconds
[2026-02-12T22:32:40.533+0700] {processor.py:186} INFO - Started process (PID=1286) to work on /opt/airflow/dags/dag_scraping_daily.py
[2026-02-12T22:32:40.534+0700] {processor.py:914} INFO - Processing file /opt/airflow/dags/dag_scraping_daily.py for tasks to queue
[2026-02-12T22:32:40.538+0700] {logging_mixin.py:190} INFO - [2026-02-12T22:32:40.537+0700] {dagbag.py:587} INFO - Filling up the DagBag from /opt/airflow/dags/dag_scraping_daily.py
[2026-02-12T22:32:40.564+0700] {processor.py:925} INFO - DAG(s) 'dag_scraping_daily' retrieved from /opt/airflow/dags/dag_scraping_daily.py
[2026-02-12T22:32:40.597+0700] {logging_mixin.py:190} INFO - [2026-02-12T22:32:40.596+0700] {dag.py:3211} INFO - Sync 1 DAGs
[2026-02-12T22:32:40.632+0700] {logging_mixin.py:190} INFO - [2026-02-12T22:32:40.632+0700] {dag.py:4138} INFO - Setting next_dagrun for dag_scraping_daily to 2026-02-12 05:00:00+00:00, run_after=2026-02-12 17:00:00+00:00
[2026-02-12T22:32:40.662+0700] {processor.py:208} INFO - Processing /opt/airflow/dags/dag_scraping_daily.py took 0.138 seconds
[2026-02-12T22:33:11.270+0700] {processor.py:186} INFO - Started process (PID=1296) to work on /opt/airflow/dags/dag_scraping_daily.py
[2026-02-12T22:33:11.272+0700] {processor.py:914} INFO - Processing file /opt/airflow/dags/dag_scraping_daily.py for tasks to queue
[2026-02-12T22:33:11.276+0700] {logging_mixin.py:190} INFO - [2026-02-12T22:33:11.276+0700] {dagbag.py:587} INFO - Filling up the DagBag from /opt/airflow/dags/dag_scraping_daily.py
[2026-02-12T22:33:11.308+0700] {processor.py:925} INFO - DAG(s) 'dag_scraping_daily' retrieved from /opt/airflow/dags/dag_scraping_daily.py
[2026-02-12T22:33:11.344+0700] {logging_mixin.py:190} INFO - [2026-02-12T22:33:11.344+0700] {dag.py:3211} INFO - Sync 1 DAGs
[2026-02-12T22:33:11.378+0700] {logging_mixin.py:190} INFO - [2026-02-12T22:33:11.378+0700] {dag.py:4138} INFO - Setting next_dagrun for dag_scraping_daily to 2026-02-12 05:00:00+00:00, run_after=2026-02-12 17:00:00+00:00
[2026-02-12T22:33:11.404+0700] {processor.py:208} INFO - Processing /opt/airflow/dags/dag_scraping_daily.py took 0.141 seconds
[2026-02-12T22:33:42.955+0700] {processor.py:186} INFO - Started process (PID=1309) to work on /opt/airflow/dags/dag_scraping_daily.py
[2026-02-12T22:33:42.956+0700] {processor.py:914} INFO - Processing file /opt/airflow/dags/dag_scraping_daily.py for tasks to queue
[2026-02-12T22:33:42.959+0700] {logging_mixin.py:190} INFO - [2026-02-12T22:33:42.959+0700] {dagbag.py:587} INFO - Filling up the DagBag from /opt/airflow/dags/dag_scraping_daily.py
[2026-02-12T22:33:42.984+0700] {processor.py:925} INFO - DAG(s) 'dag_scraping_daily' retrieved from /opt/airflow/dags/dag_scraping_daily.py
[2026-02-12T22:33:43.026+0700] {logging_mixin.py:190} INFO - [2026-02-12T22:33:43.026+0700] {dag.py:3211} INFO - Sync 1 DAGs
[2026-02-12T22:33:43.062+0700] {logging_mixin.py:190} INFO - [2026-02-12T22:33:43.062+0700] {dag.py:4138} INFO - Setting next_dagrun for dag_scraping_daily to 2026-02-12 05:00:00+00:00, run_after=2026-02-12 17:00:00+00:00
[2026-02-12T22:33:43.083+0700] {processor.py:208} INFO - Processing /opt/airflow/dags/dag_scraping_daily.py took 0.137 seconds
[2026-02-12T22:35:50.405+0700] {processor.py:186} INFO - Started process (PID=167) to work on /opt/airflow/dags/dag_scraping_daily.py
[2026-02-12T22:35:50.407+0700] {processor.py:914} INFO - Processing file /opt/airflow/dags/dag_scraping_daily.py for tasks to queue
[2026-02-12T22:35:50.410+0700] {logging_mixin.py:190} INFO - [2026-02-12T22:35:50.410+0700] {dagbag.py:587} INFO - Filling up the DagBag from /opt/airflow/dags/dag_scraping_daily.py
[2026-02-12T22:35:50.435+0700] {processor.py:925} INFO - DAG(s) 'dag_scraping_daily' retrieved from /opt/airflow/dags/dag_scraping_daily.py
[2026-02-12T22:35:50.482+0700] {logging_mixin.py:190} INFO - [2026-02-12T22:35:50.481+0700] {dag.py:3211} INFO - Sync 1 DAGs
[2026-02-12T22:35:52.025+0700] {logging_mixin.py:190} INFO - [2026-02-12T22:35:52.025+0700] {dag.py:4138} INFO - Setting next_dagrun for dag_scraping_daily to 2026-02-12 05:00:00+00:00, run_after=2026-02-12 17:00:00+00:00
[2026-02-12T22:35:52.045+0700] {processor.py:208} INFO - Processing /opt/airflow/dags/dag_scraping_daily.py took 0.132 seconds
[2026-02-12T22:36:24.755+0700] {processor.py:186} INFO - Started process (PID=177) to work on /opt/airflow/dags/dag_scraping_daily.py
[2026-02-12T22:36:24.756+0700] {processor.py:914} INFO - Processing file /opt/airflow/dags/dag_scraping_daily.py for tasks to queue
[2026-02-12T22:36:24.759+0700] {logging_mixin.py:190} INFO - [2026-02-12T22:36:24.758+0700] {dagbag.py:587} INFO - Filling up the DagBag from /opt/airflow/dags/dag_scraping_daily.py
[2026-02-12T22:36:24.775+0700] {processor.py:925} INFO - DAG(s) 'dag_scraping_daily' retrieved from /opt/airflow/dags/dag_scraping_daily.py
[2026-02-12T22:36:24.803+0700] {logging_mixin.py:190} INFO - [2026-02-12T22:36:24.803+0700] {dag.py:3211} INFO - Sync 1 DAGs
[2026-02-12T22:36:24.826+0700] {logging_mixin.py:190} INFO - [2026-02-12T22:36:24.826+0700] {dag.py:4138} INFO - Setting next_dagrun for dag_scraping_daily to 2026-02-12 05:00:00+00:00, run_after=2026-02-12 17:00:00+00:00
[2026-02-12T22:36:24.846+0700] {processor.py:208} INFO - Processing /opt/airflow/dags/dag_scraping_daily.py took 0.097 seconds
[2026-02-12T22:36:57.909+0700] {processor.py:186} INFO - Started process (PID=187) to work on /opt/airflow/dags/dag_scraping_daily.py
[2026-02-12T22:36:57.910+0700] {processor.py:914} INFO - Processing file /opt/airflow/dags/dag_scraping_daily.py for tasks to queue
[2026-02-12T22:36:57.913+0700] {logging_mixin.py:190} INFO - [2026-02-12T22:36:57.912+0700] {dagbag.py:587} INFO - Filling up the DagBag from /opt/airflow/dags/dag_scraping_daily.py
[2026-02-12T22:36:57.929+0700] {processor.py:925} INFO - DAG(s) 'dag_scraping_daily' retrieved from /opt/airflow/dags/dag_scraping_daily.py
[2026-02-12T22:36:57.952+0700] {logging_mixin.py:190} INFO - [2026-02-12T22:36:57.952+0700] {dag.py:3211} INFO - Sync 1 DAGs
[2026-02-12T22:36:57.974+0700] {logging_mixin.py:190} INFO - [2026-02-12T22:36:57.973+0700] {dag.py:4138} INFO - Setting next_dagrun for dag_scraping_daily to 2026-02-12 05:00:00+00:00, run_after=2026-02-12 17:00:00+00:00
[2026-02-12T22:36:57.995+0700] {processor.py:208} INFO - Processing /opt/airflow/dags/dag_scraping_daily.py took 0.091 seconds
[2026-02-12T22:37:29.532+0700] {processor.py:186} INFO - Started process (PID=197) to work on /opt/airflow/dags/dag_scraping_daily.py
[2026-02-12T22:37:29.533+0700] {processor.py:914} INFO - Processing file /opt/airflow/dags/dag_scraping_daily.py for tasks to queue
[2026-02-12T22:37:29.537+0700] {logging_mixin.py:190} INFO - [2026-02-12T22:37:29.536+0700] {dagbag.py:587} INFO - Filling up the DagBag from /opt/airflow/dags/dag_scraping_daily.py
[2026-02-12T22:37:29.553+0700] {processor.py:925} INFO - DAG(s) 'dag_scraping_daily' retrieved from /opt/airflow/dags/dag_scraping_daily.py
[2026-02-12T22:37:29.579+0700] {logging_mixin.py:190} INFO - [2026-02-12T22:37:29.579+0700] {dag.py:3211} INFO - Sync 1 DAGs
[2026-02-12T22:37:29.601+0700] {logging_mixin.py:190} INFO - [2026-02-12T22:37:29.601+0700] {dag.py:4138} INFO - Setting next_dagrun for dag_scraping_daily to 2026-02-12 05:00:00+00:00, run_after=2026-02-12 17:00:00+00:00
[2026-02-12T22:37:29.624+0700] {processor.py:208} INFO - Processing /opt/airflow/dags/dag_scraping_daily.py took 0.098 seconds
[2026-02-12T22:38:02.333+0700] {processor.py:186} INFO - Started process (PID=207) to work on /opt/airflow/dags/dag_scraping_daily.py
[2026-02-12T22:38:02.335+0700] {processor.py:914} INFO - Processing file /opt/airflow/dags/dag_scraping_daily.py for tasks to queue
[2026-02-12T22:38:02.338+0700] {logging_mixin.py:190} INFO - [2026-02-12T22:38:02.337+0700] {dagbag.py:587} INFO - Filling up the DagBag from /opt/airflow/dags/dag_scraping_daily.py
[2026-02-12T22:38:02.356+0700] {processor.py:925} INFO - DAG(s) 'dag_scraping_daily' retrieved from /opt/airflow/dags/dag_scraping_daily.py
[2026-02-12T22:38:02.383+0700] {logging_mixin.py:190} INFO - [2026-02-12T22:38:02.383+0700] {dag.py:3211} INFO - Sync 1 DAGs
[2026-02-12T22:38:02.410+0700] {logging_mixin.py:190} INFO - [2026-02-12T22:38:02.410+0700] {dag.py:4138} INFO - Setting next_dagrun for dag_scraping_daily to 2026-02-12 05:00:00+00:00, run_after=2026-02-12 17:00:00+00:00
[2026-02-12T22:38:02.432+0700] {processor.py:208} INFO - Processing /opt/airflow/dags/dag_scraping_daily.py took 0.105 seconds
[2026-02-12T22:38:35.180+0700] {processor.py:186} INFO - Started process (PID=217) to work on /opt/airflow/dags/dag_scraping_daily.py
[2026-02-12T22:38:35.181+0700] {processor.py:914} INFO - Processing file /opt/airflow/dags/dag_scraping_daily.py for tasks to queue
[2026-02-12T22:38:35.186+0700] {logging_mixin.py:190} INFO - [2026-02-12T22:38:35.185+0700] {dagbag.py:587} INFO - Filling up the DagBag from /opt/airflow/dags/dag_scraping_daily.py
[2026-02-12T22:38:35.217+0700] {processor.py:925} INFO - DAG(s) 'dag_scraping_daily' retrieved from /opt/airflow/dags/dag_scraping_daily.py
[2026-02-12T22:38:35.266+0700] {logging_mixin.py:190} INFO - [2026-02-12T22:38:35.266+0700] {dag.py:3211} INFO - Sync 1 DAGs
[2026-02-12T22:38:35.300+0700] {logging_mixin.py:190} INFO - [2026-02-12T22:38:35.300+0700] {dag.py:4138} INFO - Setting next_dagrun for dag_scraping_daily to 2026-02-12 05:00:00+00:00, run_after=2026-02-12 17:00:00+00:00
[2026-02-12T22:38:35.328+0700] {processor.py:208} INFO - Processing /opt/airflow/dags/dag_scraping_daily.py took 0.158 seconds
[2026-02-12T22:39:07.147+0700] {processor.py:186} INFO - Started process (PID=227) to work on /opt/airflow/dags/dag_scraping_daily.py
[2026-02-12T22:39:07.149+0700] {processor.py:914} INFO - Processing file /opt/airflow/dags/dag_scraping_daily.py for tasks to queue
[2026-02-12T22:39:07.152+0700] {logging_mixin.py:190} INFO - [2026-02-12T22:39:07.152+0700] {dagbag.py:587} INFO - Filling up the DagBag from /opt/airflow/dags/dag_scraping_daily.py
[2026-02-12T22:39:07.177+0700] {processor.py:925} INFO - DAG(s) 'dag_scraping_daily' retrieved from /opt/airflow/dags/dag_scraping_daily.py
[2026-02-12T22:39:07.216+0700] {logging_mixin.py:190} INFO - [2026-02-12T22:39:07.216+0700] {dag.py:3211} INFO - Sync 1 DAGs
[2026-02-12T22:39:07.249+0700] {logging_mixin.py:190} INFO - [2026-02-12T22:39:07.249+0700] {dag.py:4138} INFO - Setting next_dagrun for dag_scraping_daily to 2026-02-12 05:00:00+00:00, run_after=2026-02-12 17:00:00+00:00
[2026-02-12T22:39:07.275+0700] {processor.py:208} INFO - Processing /opt/airflow/dags/dag_scraping_daily.py took 0.137 seconds
[2026-02-12T22:39:39.839+0700] {processor.py:186} INFO - Started process (PID=237) to work on /opt/airflow/dags/dag_scraping_daily.py
[2026-02-12T22:39:39.841+0700] {processor.py:914} INFO - Processing file /opt/airflow/dags/dag_scraping_daily.py for tasks to queue
[2026-02-12T22:39:39.847+0700] {logging_mixin.py:190} INFO - [2026-02-12T22:39:39.846+0700] {dagbag.py:587} INFO - Filling up the DagBag from /opt/airflow/dags/dag_scraping_daily.py
[2026-02-12T22:39:39.924+0700] {processor.py:925} INFO - DAG(s) 'dag_scraping_daily' retrieved from /opt/airflow/dags/dag_scraping_daily.py
[2026-02-12T22:39:39.978+0700] {logging_mixin.py:190} INFO - [2026-02-12T22:39:39.978+0700] {dag.py:3211} INFO - Sync 1 DAGs
[2026-02-12T22:39:40.023+0700] {logging_mixin.py:190} INFO - [2026-02-12T22:39:40.023+0700] {dag.py:4138} INFO - Setting next_dagrun for dag_scraping_daily to 2026-02-12 05:00:00+00:00, run_after=2026-02-12 17:00:00+00:00
[2026-02-12T22:39:40.054+0700] {processor.py:208} INFO - Processing /opt/airflow/dags/dag_scraping_daily.py took 0.234 seconds
[2026-02-12T22:40:10.258+0700] {processor.py:186} INFO - Started process (PID=247) to work on /opt/airflow/dags/dag_scraping_daily.py
[2026-02-12T22:40:10.259+0700] {processor.py:914} INFO - Processing file /opt/airflow/dags/dag_scraping_daily.py for tasks to queue
[2026-02-12T22:40:10.261+0700] {logging_mixin.py:190} INFO - [2026-02-12T22:40:10.261+0700] {dagbag.py:587} INFO - Filling up the DagBag from /opt/airflow/dags/dag_scraping_daily.py
[2026-02-12T22:40:10.277+0700] {processor.py:925} INFO - DAG(s) 'dag_scraping_daily' retrieved from /opt/airflow/dags/dag_scraping_daily.py
[2026-02-12T22:40:11.816+0700] {logging_mixin.py:190} INFO - [2026-02-12T22:40:11.815+0700] {dag.py:3211} INFO - Sync 1 DAGs
[2026-02-12T22:40:11.837+0700] {logging_mixin.py:190} INFO - [2026-02-12T22:40:11.837+0700] {dag.py:4138} INFO - Setting next_dagrun for dag_scraping_daily to 2026-02-12 05:00:00+00:00, run_after=2026-02-12 17:00:00+00:00
[2026-02-12T22:40:11.864+0700] {processor.py:208} INFO - Processing /opt/airflow/dags/dag_scraping_daily.py took 0.094 seconds
