[2026-02-12T18:25:59.193+0700] {processor.py:186} INFO - Started process (PID=166) to work on /opt/airflow/dags/dag_scraping_twitter.py
[2026-02-12T18:25:59.198+0700] {processor.py:914} INFO - Processing file /opt/airflow/dags/dag_scraping_twitter.py for tasks to queue
[2026-02-12T18:25:59.217+0700] {logging_mixin.py:190} INFO - [2026-02-12T18:25:59.216+0700] {dagbag.py:587} INFO - Filling up the DagBag from /opt/airflow/dags/dag_scraping_twitter.py
[2026-02-12T18:25:59.382+0700] {processor.py:925} INFO - DAG(s) 'dag_scraping_twitter' retrieved from /opt/airflow/dags/dag_scraping_twitter.py
[2026-02-12T18:25:59.707+0700] {logging_mixin.py:190} INFO - [2026-02-12T18:25:59.706+0700] {dag.py:3211} INFO - Sync 1 DAGs
[2026-02-12T18:25:59.933+0700] {logging_mixin.py:190} INFO - [2026-02-12T18:25:59.933+0700] {dag.py:4138} INFO - Setting next_dagrun for dag_scraping_twitter to 2026-02-12 11:00:00+00:00, run_after=2026-02-12 23:00:00+00:00
[2026-02-12T18:26:00.099+0700] {processor.py:208} INFO - Processing /opt/airflow/dags/dag_scraping_twitter.py took 0.969 seconds
[2026-02-12T18:26:31.947+0700] {processor.py:186} INFO - Started process (PID=222) to work on /opt/airflow/dags/dag_scraping_twitter.py
[2026-02-12T18:26:31.950+0700] {processor.py:914} INFO - Processing file /opt/airflow/dags/dag_scraping_twitter.py for tasks to queue
[2026-02-12T18:26:31.963+0700] {logging_mixin.py:190} INFO - [2026-02-12T18:26:31.962+0700] {dagbag.py:587} INFO - Filling up the DagBag from /opt/airflow/dags/dag_scraping_twitter.py
[2026-02-12T18:26:32.067+0700] {processor.py:925} INFO - DAG(s) 'dag_scraping_twitter' retrieved from /opt/airflow/dags/dag_scraping_twitter.py
[2026-02-12T18:26:32.208+0700] {logging_mixin.py:190} INFO - [2026-02-12T18:26:32.207+0700] {dag.py:3211} INFO - Sync 1 DAGs
[2026-02-12T18:26:32.272+0700] {logging_mixin.py:190} INFO - [2026-02-12T18:26:32.271+0700] {dag.py:4138} INFO - Setting next_dagrun for dag_scraping_twitter to 2026-02-12 11:00:00+00:00, run_after=2026-02-12 23:00:00+00:00
[2026-02-12T18:26:32.334+0700] {processor.py:208} INFO - Processing /opt/airflow/dags/dag_scraping_twitter.py took 0.423 seconds
[2026-02-12T18:27:03.185+0700] {processor.py:186} INFO - Started process (PID=312) to work on /opt/airflow/dags/dag_scraping_twitter.py
[2026-02-12T18:27:03.187+0700] {processor.py:914} INFO - Processing file /opt/airflow/dags/dag_scraping_twitter.py for tasks to queue
[2026-02-12T18:27:03.190+0700] {logging_mixin.py:190} INFO - [2026-02-12T18:27:03.189+0700] {dagbag.py:587} INFO - Filling up the DagBag from /opt/airflow/dags/dag_scraping_twitter.py
[2026-02-12T18:27:03.219+0700] {processor.py:925} INFO - DAG(s) 'dag_scraping_twitter' retrieved from /opt/airflow/dags/dag_scraping_twitter.py
[2026-02-12T18:27:03.259+0700] {logging_mixin.py:190} INFO - [2026-02-12T18:27:03.258+0700] {dag.py:3211} INFO - Sync 1 DAGs
[2026-02-12T18:27:03.299+0700] {logging_mixin.py:190} INFO - [2026-02-12T18:27:03.298+0700] {dag.py:4138} INFO - Setting next_dagrun for dag_scraping_twitter to 2026-02-12 11:00:00+00:00, run_after=2026-02-12 23:00:00+00:00
[2026-02-12T18:27:03.333+0700] {processor.py:208} INFO - Processing /opt/airflow/dags/dag_scraping_twitter.py took 0.157 seconds
[2026-02-12T18:27:33.458+0700] {processor.py:186} INFO - Started process (PID=322) to work on /opt/airflow/dags/dag_scraping_twitter.py
[2026-02-12T18:27:33.460+0700] {processor.py:914} INFO - Processing file /opt/airflow/dags/dag_scraping_twitter.py for tasks to queue
[2026-02-12T18:27:33.463+0700] {logging_mixin.py:190} INFO - [2026-02-12T18:27:33.463+0700] {dagbag.py:587} INFO - Filling up the DagBag from /opt/airflow/dags/dag_scraping_twitter.py
[2026-02-12T18:27:33.510+0700] {processor.py:925} INFO - DAG(s) 'dag_scraping_twitter' retrieved from /opt/airflow/dags/dag_scraping_twitter.py
[2026-02-12T18:27:33.545+0700] {logging_mixin.py:190} INFO - [2026-02-12T18:27:33.544+0700] {dag.py:3211} INFO - Sync 1 DAGs
[2026-02-12T18:27:33.579+0700] {logging_mixin.py:190} INFO - [2026-02-12T18:27:33.579+0700] {dag.py:4138} INFO - Setting next_dagrun for dag_scraping_twitter to 2026-02-12 11:00:00+00:00, run_after=2026-02-12 23:00:00+00:00
[2026-02-12T18:27:33.613+0700] {processor.py:208} INFO - Processing /opt/airflow/dags/dag_scraping_twitter.py took 0.164 seconds
[2026-02-12T18:28:04.422+0700] {processor.py:186} INFO - Started process (PID=332) to work on /opt/airflow/dags/dag_scraping_twitter.py
[2026-02-12T18:28:04.425+0700] {processor.py:914} INFO - Processing file /opt/airflow/dags/dag_scraping_twitter.py for tasks to queue
[2026-02-12T18:28:04.431+0700] {logging_mixin.py:190} INFO - [2026-02-12T18:28:04.431+0700] {dagbag.py:587} INFO - Filling up the DagBag from /opt/airflow/dags/dag_scraping_twitter.py
[2026-02-12T18:28:04.479+0700] {processor.py:925} INFO - DAG(s) 'dag_scraping_twitter' retrieved from /opt/airflow/dags/dag_scraping_twitter.py
[2026-02-12T18:28:04.538+0700] {logging_mixin.py:190} INFO - [2026-02-12T18:28:04.538+0700] {dag.py:3211} INFO - Sync 1 DAGs
[2026-02-12T18:28:04.578+0700] {logging_mixin.py:190} INFO - [2026-02-12T18:28:04.578+0700] {dag.py:4138} INFO - Setting next_dagrun for dag_scraping_twitter to 2026-02-12 11:00:00+00:00, run_after=2026-02-12 23:00:00+00:00
[2026-02-12T18:28:04.619+0700] {processor.py:208} INFO - Processing /opt/airflow/dags/dag_scraping_twitter.py took 0.210 seconds
[2026-02-12T18:28:34.993+0700] {processor.py:186} INFO - Started process (PID=342) to work on /opt/airflow/dags/dag_scraping_twitter.py
[2026-02-12T18:28:34.996+0700] {processor.py:914} INFO - Processing file /opt/airflow/dags/dag_scraping_twitter.py for tasks to queue
[2026-02-12T18:28:35.001+0700] {logging_mixin.py:190} INFO - [2026-02-12T18:28:35.000+0700] {dagbag.py:587} INFO - Filling up the DagBag from /opt/airflow/dags/dag_scraping_twitter.py
[2026-02-12T18:28:35.039+0700] {processor.py:925} INFO - DAG(s) 'dag_scraping_twitter' retrieved from /opt/airflow/dags/dag_scraping_twitter.py
[2026-02-12T18:28:35.080+0700] {logging_mixin.py:190} INFO - [2026-02-12T18:28:35.079+0700] {dag.py:3211} INFO - Sync 1 DAGs
[2026-02-12T18:28:35.116+0700] {logging_mixin.py:190} INFO - [2026-02-12T18:28:35.116+0700] {dag.py:4138} INFO - Setting next_dagrun for dag_scraping_twitter to 2026-02-12 11:00:00+00:00, run_after=2026-02-12 23:00:00+00:00
[2026-02-12T18:28:36.603+0700] {processor.py:208} INFO - Processing /opt/airflow/dags/dag_scraping_twitter.py took 1.629 seconds
[2026-02-12T18:29:07.049+0700] {processor.py:186} INFO - Started process (PID=353) to work on /opt/airflow/dags/dag_scraping_twitter.py
[2026-02-12T18:29:07.066+0700] {processor.py:914} INFO - Processing file /opt/airflow/dags/dag_scraping_twitter.py for tasks to queue
[2026-02-12T18:29:07.070+0700] {logging_mixin.py:190} INFO - [2026-02-12T18:29:07.069+0700] {dagbag.py:587} INFO - Filling up the DagBag from /opt/airflow/dags/dag_scraping_twitter.py
[2026-02-12T18:29:07.105+0700] {processor.py:925} INFO - DAG(s) 'dag_scraping_twitter' retrieved from /opt/airflow/dags/dag_scraping_twitter.py
[2026-02-12T18:29:07.151+0700] {logging_mixin.py:190} INFO - [2026-02-12T18:29:07.150+0700] {dag.py:3211} INFO - Sync 1 DAGs
[2026-02-12T18:29:07.197+0700] {logging_mixin.py:190} INFO - [2026-02-12T18:29:07.196+0700] {dag.py:4138} INFO - Setting next_dagrun for dag_scraping_twitter to 2026-02-12 11:00:00+00:00, run_after=2026-02-12 23:00:00+00:00
[2026-02-12T18:29:07.233+0700] {processor.py:208} INFO - Processing /opt/airflow/dags/dag_scraping_twitter.py took 0.194 seconds
[2026-02-12T18:29:38.145+0700] {processor.py:186} INFO - Started process (PID=363) to work on /opt/airflow/dags/dag_scraping_twitter.py
[2026-02-12T18:29:38.147+0700] {processor.py:914} INFO - Processing file /opt/airflow/dags/dag_scraping_twitter.py for tasks to queue
[2026-02-12T18:29:38.150+0700] {logging_mixin.py:190} INFO - [2026-02-12T18:29:38.149+0700] {dagbag.py:587} INFO - Filling up the DagBag from /opt/airflow/dags/dag_scraping_twitter.py
[2026-02-12T18:29:38.185+0700] {processor.py:925} INFO - DAG(s) 'dag_scraping_twitter' retrieved from /opt/airflow/dags/dag_scraping_twitter.py
[2026-02-12T18:29:38.223+0700] {logging_mixin.py:190} INFO - [2026-02-12T18:29:38.223+0700] {dag.py:3211} INFO - Sync 1 DAGs
[2026-02-12T18:29:38.259+0700] {logging_mixin.py:190} INFO - [2026-02-12T18:29:38.258+0700] {dag.py:4138} INFO - Setting next_dagrun for dag_scraping_twitter to 2026-02-12 11:00:00+00:00, run_after=2026-02-12 23:00:00+00:00
[2026-02-12T18:29:38.287+0700] {processor.py:208} INFO - Processing /opt/airflow/dags/dag_scraping_twitter.py took 0.156 seconds
[2026-02-12T18:30:08.577+0700] {processor.py:186} INFO - Started process (PID=461) to work on /opt/airflow/dags/dag_scraping_twitter.py
[2026-02-12T18:30:08.579+0700] {processor.py:914} INFO - Processing file /opt/airflow/dags/dag_scraping_twitter.py for tasks to queue
[2026-02-12T18:30:08.582+0700] {logging_mixin.py:190} INFO - [2026-02-12T18:30:08.581+0700] {dagbag.py:587} INFO - Filling up the DagBag from /opt/airflow/dags/dag_scraping_twitter.py
[2026-02-12T18:30:08.617+0700] {processor.py:925} INFO - DAG(s) 'dag_scraping_twitter' retrieved from /opt/airflow/dags/dag_scraping_twitter.py
[2026-02-12T18:30:08.654+0700] {logging_mixin.py:190} INFO - [2026-02-12T18:30:08.654+0700] {dag.py:3211} INFO - Sync 1 DAGs
[2026-02-12T18:30:08.694+0700] {logging_mixin.py:190} INFO - [2026-02-12T18:30:08.693+0700] {dag.py:4138} INFO - Setting next_dagrun for dag_scraping_twitter to 2026-02-12 11:00:00+00:00, run_after=2026-02-12 23:00:00+00:00
[2026-02-12T18:30:08.725+0700] {processor.py:208} INFO - Processing /opt/airflow/dags/dag_scraping_twitter.py took 0.157 seconds
[2026-02-12T18:30:39.241+0700] {processor.py:186} INFO - Started process (PID=471) to work on /opt/airflow/dags/dag_scraping_twitter.py
[2026-02-12T18:30:39.244+0700] {processor.py:914} INFO - Processing file /opt/airflow/dags/dag_scraping_twitter.py for tasks to queue
[2026-02-12T18:30:39.275+0700] {logging_mixin.py:190} INFO - [2026-02-12T18:30:39.271+0700] {dagbag.py:587} INFO - Filling up the DagBag from /opt/airflow/dags/dag_scraping_twitter.py
[2026-02-12T18:30:39.347+0700] {processor.py:925} INFO - DAG(s) 'dag_scraping_twitter' retrieved from /opt/airflow/dags/dag_scraping_twitter.py
[2026-02-12T18:30:39.420+0700] {logging_mixin.py:190} INFO - [2026-02-12T18:30:39.420+0700] {dag.py:3211} INFO - Sync 1 DAGs
[2026-02-12T18:30:39.495+0700] {logging_mixin.py:190} INFO - [2026-02-12T18:30:39.495+0700] {dag.py:4138} INFO - Setting next_dagrun for dag_scraping_twitter to 2026-02-12 11:00:00+00:00, run_after=2026-02-12 23:00:00+00:00
[2026-02-12T18:30:39.530+0700] {processor.py:208} INFO - Processing /opt/airflow/dags/dag_scraping_twitter.py took 0.311 seconds
[2026-02-12T18:31:09.801+0700] {processor.py:186} INFO - Started process (PID=481) to work on /opt/airflow/dags/dag_scraping_twitter.py
[2026-02-12T18:31:09.803+0700] {processor.py:914} INFO - Processing file /opt/airflow/dags/dag_scraping_twitter.py for tasks to queue
[2026-02-12T18:31:09.811+0700] {logging_mixin.py:190} INFO - [2026-02-12T18:31:09.810+0700] {dagbag.py:587} INFO - Filling up the DagBag from /opt/airflow/dags/dag_scraping_twitter.py
[2026-02-12T18:31:09.870+0700] {processor.py:925} INFO - DAG(s) 'dag_scraping_twitter' retrieved from /opt/airflow/dags/dag_scraping_twitter.py
[2026-02-12T18:31:09.945+0700] {logging_mixin.py:190} INFO - [2026-02-12T18:31:09.945+0700] {dag.py:3211} INFO - Sync 1 DAGs
[2026-02-12T18:31:09.994+0700] {logging_mixin.py:190} INFO - [2026-02-12T18:31:09.993+0700] {dag.py:4138} INFO - Setting next_dagrun for dag_scraping_twitter to 2026-02-12 11:00:00+00:00, run_after=2026-02-12 23:00:00+00:00
[2026-02-12T18:31:10.041+0700] {processor.py:208} INFO - Processing /opt/airflow/dags/dag_scraping_twitter.py took 0.253 seconds
[2026-02-12T18:31:40.476+0700] {processor.py:186} INFO - Started process (PID=491) to work on /opt/airflow/dags/dag_scraping_twitter.py
[2026-02-12T18:31:40.479+0700] {processor.py:914} INFO - Processing file /opt/airflow/dags/dag_scraping_twitter.py for tasks to queue
[2026-02-12T18:31:40.482+0700] {logging_mixin.py:190} INFO - [2026-02-12T18:31:40.482+0700] {dagbag.py:587} INFO - Filling up the DagBag from /opt/airflow/dags/dag_scraping_twitter.py
[2026-02-12T18:31:40.538+0700] {processor.py:925} INFO - DAG(s) 'dag_scraping_twitter' retrieved from /opt/airflow/dags/dag_scraping_twitter.py
[2026-02-12T18:31:40.642+0700] {logging_mixin.py:190} INFO - [2026-02-12T18:31:40.640+0700] {dag.py:3211} INFO - Sync 1 DAGs
[2026-02-12T18:31:40.738+0700] {logging_mixin.py:190} INFO - [2026-02-12T18:31:40.738+0700] {dag.py:4138} INFO - Setting next_dagrun for dag_scraping_twitter to 2026-02-12 11:00:00+00:00, run_after=2026-02-12 23:00:00+00:00
[2026-02-12T18:31:40.798+0700] {processor.py:208} INFO - Processing /opt/airflow/dags/dag_scraping_twitter.py took 0.339 seconds
[2026-02-12T18:32:10.951+0700] {processor.py:186} INFO - Started process (PID=502) to work on /opt/airflow/dags/dag_scraping_twitter.py
[2026-02-12T18:32:10.954+0700] {processor.py:914} INFO - Processing file /opt/airflow/dags/dag_scraping_twitter.py for tasks to queue
[2026-02-12T18:32:10.959+0700] {logging_mixin.py:190} INFO - [2026-02-12T18:32:10.958+0700] {dagbag.py:587} INFO - Filling up the DagBag from /opt/airflow/dags/dag_scraping_twitter.py
[2026-02-12T18:32:11.006+0700] {processor.py:925} INFO - DAG(s) 'dag_scraping_twitter' retrieved from /opt/airflow/dags/dag_scraping_twitter.py
[2026-02-12T18:32:11.063+0700] {logging_mixin.py:190} INFO - [2026-02-12T18:32:11.063+0700] {dag.py:3211} INFO - Sync 1 DAGs
[2026-02-12T18:32:11.131+0700] {logging_mixin.py:190} INFO - [2026-02-12T18:32:11.130+0700] {dag.py:4138} INFO - Setting next_dagrun for dag_scraping_twitter to 2026-02-12 11:00:00+00:00, run_after=2026-02-12 23:00:00+00:00
[2026-02-12T18:32:11.171+0700] {processor.py:208} INFO - Processing /opt/airflow/dags/dag_scraping_twitter.py took 0.239 seconds
[2026-02-12T18:32:42.251+0700] {processor.py:186} INFO - Started process (PID=512) to work on /opt/airflow/dags/dag_scraping_twitter.py
[2026-02-12T18:32:42.254+0700] {processor.py:914} INFO - Processing file /opt/airflow/dags/dag_scraping_twitter.py for tasks to queue
[2026-02-12T18:32:42.261+0700] {logging_mixin.py:190} INFO - [2026-02-12T18:32:42.259+0700] {dagbag.py:587} INFO - Filling up the DagBag from /opt/airflow/dags/dag_scraping_twitter.py
[2026-02-12T18:32:42.320+0700] {processor.py:925} INFO - DAG(s) 'dag_scraping_twitter' retrieved from /opt/airflow/dags/dag_scraping_twitter.py
[2026-02-12T18:32:42.355+0700] {logging_mixin.py:190} INFO - [2026-02-12T18:32:42.355+0700] {dag.py:3211} INFO - Sync 1 DAGs
[2026-02-12T18:32:42.389+0700] {logging_mixin.py:190} INFO - [2026-02-12T18:32:42.389+0700] {dag.py:4138} INFO - Setting next_dagrun for dag_scraping_twitter to 2026-02-12 11:00:00+00:00, run_after=2026-02-12 23:00:00+00:00
[2026-02-12T18:32:42.418+0700] {processor.py:208} INFO - Processing /opt/airflow/dags/dag_scraping_twitter.py took 0.180 seconds
[2026-02-12T18:33:13.122+0700] {processor.py:186} INFO - Started process (PID=533) to work on /opt/airflow/dags/dag_scraping_twitter.py
[2026-02-12T18:33:13.124+0700] {processor.py:914} INFO - Processing file /opt/airflow/dags/dag_scraping_twitter.py for tasks to queue
[2026-02-12T18:33:13.130+0700] {logging_mixin.py:190} INFO - [2026-02-12T18:33:13.129+0700] {dagbag.py:587} INFO - Filling up the DagBag from /opt/airflow/dags/dag_scraping_twitter.py
[2026-02-12T18:33:13.177+0700] {processor.py:925} INFO - DAG(s) 'dag_scraping_twitter' retrieved from /opt/airflow/dags/dag_scraping_twitter.py
[2026-02-12T18:33:13.220+0700] {logging_mixin.py:190} INFO - [2026-02-12T18:33:13.219+0700] {dag.py:3211} INFO - Sync 1 DAGs
[2026-02-12T18:33:13.271+0700] {logging_mixin.py:190} INFO - [2026-02-12T18:33:13.271+0700] {dag.py:4138} INFO - Setting next_dagrun for dag_scraping_twitter to 2026-02-12 11:00:00+00:00, run_after=2026-02-12 23:00:00+00:00
[2026-02-12T18:33:14.153+0700] {processor.py:208} INFO - Processing /opt/airflow/dags/dag_scraping_twitter.py took 1.037 seconds
[2026-02-12T18:33:44.800+0700] {processor.py:186} INFO - Started process (PID=543) to work on /opt/airflow/dags/dag_scraping_twitter.py
[2026-02-12T18:33:44.803+0700] {processor.py:914} INFO - Processing file /opt/airflow/dags/dag_scraping_twitter.py for tasks to queue
[2026-02-12T18:33:44.807+0700] {logging_mixin.py:190} INFO - [2026-02-12T18:33:44.807+0700] {dagbag.py:587} INFO - Filling up the DagBag from /opt/airflow/dags/dag_scraping_twitter.py
[2026-02-12T18:33:44.859+0700] {processor.py:925} INFO - DAG(s) 'dag_scraping_twitter' retrieved from /opt/airflow/dags/dag_scraping_twitter.py
[2026-02-12T18:33:44.919+0700] {logging_mixin.py:190} INFO - [2026-02-12T18:33:44.919+0700] {dag.py:3211} INFO - Sync 1 DAGs
[2026-02-12T18:33:45.200+0700] {logging_mixin.py:190} INFO - [2026-02-12T18:33:45.200+0700] {dag.py:4138} INFO - Setting next_dagrun for dag_scraping_twitter to 2026-02-12 11:00:00+00:00, run_after=2026-02-12 23:00:00+00:00
[2026-02-12T18:33:45.225+0700] {processor.py:208} INFO - Processing /opt/airflow/dags/dag_scraping_twitter.py took 0.439 seconds
[2026-02-12T18:34:15.517+0700] {processor.py:186} INFO - Started process (PID=553) to work on /opt/airflow/dags/dag_scraping_twitter.py
[2026-02-12T18:34:15.522+0700] {processor.py:914} INFO - Processing file /opt/airflow/dags/dag_scraping_twitter.py for tasks to queue
[2026-02-12T18:34:15.525+0700] {logging_mixin.py:190} INFO - [2026-02-12T18:34:15.525+0700] {dagbag.py:587} INFO - Filling up the DagBag from /opt/airflow/dags/dag_scraping_twitter.py
[2026-02-12T18:34:15.562+0700] {processor.py:925} INFO - DAG(s) 'dag_scraping_twitter' retrieved from /opt/airflow/dags/dag_scraping_twitter.py
[2026-02-12T18:34:15.625+0700] {logging_mixin.py:190} INFO - [2026-02-12T18:34:15.624+0700] {dag.py:3211} INFO - Sync 1 DAGs
[2026-02-12T18:34:16.027+0700] {logging_mixin.py:190} INFO - [2026-02-12T18:34:16.027+0700] {dag.py:4138} INFO - Setting next_dagrun for dag_scraping_twitter to 2026-02-12 11:00:00+00:00, run_after=2026-02-12 23:00:00+00:00
[2026-02-12T18:34:16.051+0700] {processor.py:208} INFO - Processing /opt/airflow/dags/dag_scraping_twitter.py took 0.542 seconds
[2026-02-12T18:34:46.922+0700] {processor.py:186} INFO - Started process (PID=607) to work on /opt/airflow/dags/dag_scraping_twitter.py
[2026-02-12T18:34:46.924+0700] {processor.py:914} INFO - Processing file /opt/airflow/dags/dag_scraping_twitter.py for tasks to queue
[2026-02-12T18:34:46.928+0700] {logging_mixin.py:190} INFO - [2026-02-12T18:34:46.928+0700] {dagbag.py:587} INFO - Filling up the DagBag from /opt/airflow/dags/dag_scraping_twitter.py
[2026-02-12T18:34:46.975+0700] {processor.py:925} INFO - DAG(s) 'dag_scraping_twitter' retrieved from /opt/airflow/dags/dag_scraping_twitter.py
[2026-02-12T18:34:47.319+0700] {logging_mixin.py:190} INFO - [2026-02-12T18:34:47.319+0700] {dag.py:3211} INFO - Sync 1 DAGs
[2026-02-12T18:34:47.354+0700] {logging_mixin.py:190} INFO - [2026-02-12T18:34:47.354+0700] {dag.py:4138} INFO - Setting next_dagrun for dag_scraping_twitter to 2026-02-12 11:00:00+00:00, run_after=2026-02-12 23:00:00+00:00
[2026-02-12T18:34:47.383+0700] {processor.py:208} INFO - Processing /opt/airflow/dags/dag_scraping_twitter.py took 0.471 seconds
[2026-02-12T18:35:17.575+0700] {processor.py:186} INFO - Started process (PID=617) to work on /opt/airflow/dags/dag_scraping_twitter.py
[2026-02-12T18:35:17.577+0700] {processor.py:914} INFO - Processing file /opt/airflow/dags/dag_scraping_twitter.py for tasks to queue
[2026-02-12T18:35:17.583+0700] {logging_mixin.py:190} INFO - [2026-02-12T18:35:17.582+0700] {dagbag.py:587} INFO - Filling up the DagBag from /opt/airflow/dags/dag_scraping_twitter.py
[2026-02-12T18:35:17.675+0700] {processor.py:925} INFO - DAG(s) 'dag_scraping_twitter' retrieved from /opt/airflow/dags/dag_scraping_twitter.py
[2026-02-12T18:35:17.716+0700] {logging_mixin.py:190} INFO - [2026-02-12T18:35:17.716+0700] {dag.py:3211} INFO - Sync 1 DAGs
[2026-02-12T18:35:17.757+0700] {logging_mixin.py:190} INFO - [2026-02-12T18:35:17.756+0700] {dag.py:4138} INFO - Setting next_dagrun for dag_scraping_twitter to 2026-02-12 11:00:00+00:00, run_after=2026-02-12 23:00:00+00:00
[2026-02-12T18:35:17.787+0700] {processor.py:208} INFO - Processing /opt/airflow/dags/dag_scraping_twitter.py took 0.220 seconds
[2026-02-12T18:35:48.589+0700] {processor.py:186} INFO - Started process (PID=627) to work on /opt/airflow/dags/dag_scraping_twitter.py
[2026-02-12T18:35:48.591+0700] {processor.py:914} INFO - Processing file /opt/airflow/dags/dag_scraping_twitter.py for tasks to queue
[2026-02-12T18:35:48.595+0700] {logging_mixin.py:190} INFO - [2026-02-12T18:35:48.594+0700] {dagbag.py:587} INFO - Filling up the DagBag from /opt/airflow/dags/dag_scraping_twitter.py
[2026-02-12T18:35:48.638+0700] {processor.py:925} INFO - DAG(s) 'dag_scraping_twitter' retrieved from /opt/airflow/dags/dag_scraping_twitter.py
[2026-02-12T18:35:48.671+0700] {logging_mixin.py:190} INFO - [2026-02-12T18:35:48.671+0700] {dag.py:3211} INFO - Sync 1 DAGs
[2026-02-12T18:35:48.698+0700] {logging_mixin.py:190} INFO - [2026-02-12T18:35:48.698+0700] {dag.py:4138} INFO - Setting next_dagrun for dag_scraping_twitter to 2026-02-12 11:00:00+00:00, run_after=2026-02-12 23:00:00+00:00
[2026-02-12T18:35:48.725+0700] {processor.py:208} INFO - Processing /opt/airflow/dags/dag_scraping_twitter.py took 0.144 seconds
[2026-02-12T18:36:19.581+0700] {processor.py:186} INFO - Started process (PID=637) to work on /opt/airflow/dags/dag_scraping_twitter.py
[2026-02-12T18:36:19.583+0700] {processor.py:914} INFO - Processing file /opt/airflow/dags/dag_scraping_twitter.py for tasks to queue
[2026-02-12T18:36:19.586+0700] {logging_mixin.py:190} INFO - [2026-02-12T18:36:19.586+0700] {dagbag.py:587} INFO - Filling up the DagBag from /opt/airflow/dags/dag_scraping_twitter.py
[2026-02-12T18:36:19.621+0700] {processor.py:925} INFO - DAG(s) 'dag_scraping_twitter' retrieved from /opt/airflow/dags/dag_scraping_twitter.py
[2026-02-12T18:36:19.660+0700] {logging_mixin.py:190} INFO - [2026-02-12T18:36:19.660+0700] {dag.py:3211} INFO - Sync 1 DAGs
[2026-02-12T18:36:20.654+0700] {logging_mixin.py:190} INFO - [2026-02-12T18:36:20.654+0700] {dag.py:4138} INFO - Setting next_dagrun for dag_scraping_twitter to 2026-02-12 11:00:00+00:00, run_after=2026-02-12 23:00:00+00:00
[2026-02-12T18:36:20.682+0700] {processor.py:208} INFO - Processing /opt/airflow/dags/dag_scraping_twitter.py took 1.115 seconds
[2026-02-12T18:37:52.962+0700] {processor.py:186} INFO - Started process (PID=649) to work on /opt/airflow/dags/dag_scraping_twitter.py
[2026-02-12T18:37:53.010+0700] {processor.py:914} INFO - Processing file /opt/airflow/dags/dag_scraping_twitter.py for tasks to queue
[2026-02-12T18:37:53.034+0700] {logging_mixin.py:190} INFO - [2026-02-12T18:37:53.034+0700] {dagbag.py:587} INFO - Filling up the DagBag from /opt/airflow/dags/dag_scraping_twitter.py
[2026-02-12T18:37:53.695+0700] {processor.py:925} INFO - DAG(s) 'dag_scraping_twitter' retrieved from /opt/airflow/dags/dag_scraping_twitter.py
[2026-02-12T18:37:54.210+0700] {logging_mixin.py:190} INFO - [2026-02-12T18:37:54.209+0700] {dag.py:3211} INFO - Sync 1 DAGs
[2026-02-12T18:37:55.302+0700] {logging_mixin.py:190} INFO - [2026-02-12T18:37:55.301+0700] {dag.py:4138} INFO - Setting next_dagrun for dag_scraping_twitter to 2026-02-12 11:00:00+00:00, run_after=2026-02-12 23:00:00+00:00
[2026-02-12T18:37:55.368+0700] {processor.py:208} INFO - Processing /opt/airflow/dags/dag_scraping_twitter.py took 2.745 seconds
[2026-02-12T18:38:27.002+0700] {processor.py:186} INFO - Started process (PID=726) to work on /opt/airflow/dags/dag_scraping_twitter.py
[2026-02-12T18:38:27.005+0700] {processor.py:914} INFO - Processing file /opt/airflow/dags/dag_scraping_twitter.py for tasks to queue
[2026-02-12T18:38:27.011+0700] {logging_mixin.py:190} INFO - [2026-02-12T18:38:27.010+0700] {dagbag.py:587} INFO - Filling up the DagBag from /opt/airflow/dags/dag_scraping_twitter.py
[2026-02-12T18:38:27.117+0700] {processor.py:925} INFO - DAG(s) 'dag_scraping_twitter' retrieved from /opt/airflow/dags/dag_scraping_twitter.py
[2026-02-12T18:38:25.436+0700] {logging_mixin.py:190} INFO - [2026-02-12T18:38:25.435+0700] {dag.py:3211} INFO - Sync 1 DAGs
[2026-02-12T18:38:25.463+0700] {logging_mixin.py:190} INFO - [2026-02-12T18:38:25.462+0700] {dag.py:4138} INFO - Setting next_dagrun for dag_scraping_twitter to 2026-02-12 11:00:00+00:00, run_after=2026-02-12 23:00:00+00:00
[2026-02-12T18:38:25.490+0700] {processor.py:208} INFO - Processing /opt/airflow/dags/dag_scraping_twitter.py took 0.565 seconds
[2026-02-12T18:38:57.403+0700] {processor.py:186} INFO - Started process (PID=736) to work on /opt/airflow/dags/dag_scraping_twitter.py
[2026-02-12T18:38:57.404+0700] {processor.py:914} INFO - Processing file /opt/airflow/dags/dag_scraping_twitter.py for tasks to queue
[2026-02-12T18:38:57.407+0700] {logging_mixin.py:190} INFO - [2026-02-12T18:38:57.407+0700] {dagbag.py:587} INFO - Filling up the DagBag from /opt/airflow/dags/dag_scraping_twitter.py
[2026-02-12T18:38:57.458+0700] {processor.py:925} INFO - DAG(s) 'dag_scraping_twitter' retrieved from /opt/airflow/dags/dag_scraping_twitter.py
[2026-02-12T18:38:57.488+0700] {logging_mixin.py:190} INFO - [2026-02-12T18:38:57.488+0700] {dag.py:3211} INFO - Sync 1 DAGs
[2026-02-12T18:38:55.303+0700] {logging_mixin.py:190} INFO - [2026-02-12T18:38:55.302+0700] {dag.py:4138} INFO - Setting next_dagrun for dag_scraping_twitter to 2026-02-12 11:00:00+00:00, run_after=2026-02-12 23:00:00+00:00
[2026-02-12T18:38:55.331+0700] {processor.py:208} INFO - Processing /opt/airflow/dags/dag_scraping_twitter.py took 0.148 seconds
[2026-02-12T18:39:25.411+0700] {processor.py:186} INFO - Started process (PID=746) to work on /opt/airflow/dags/dag_scraping_twitter.py
[2026-02-12T18:39:25.413+0700] {processor.py:914} INFO - Processing file /opt/airflow/dags/dag_scraping_twitter.py for tasks to queue
[2026-02-12T18:39:25.417+0700] {logging_mixin.py:190} INFO - [2026-02-12T18:39:25.416+0700] {dagbag.py:587} INFO - Filling up the DagBag from /opt/airflow/dags/dag_scraping_twitter.py
[2026-02-12T18:39:25.450+0700] {processor.py:925} INFO - DAG(s) 'dag_scraping_twitter' retrieved from /opt/airflow/dags/dag_scraping_twitter.py
[2026-02-12T18:39:25.489+0700] {logging_mixin.py:190} INFO - [2026-02-12T18:39:25.489+0700] {dag.py:3211} INFO - Sync 1 DAGs
[2026-02-12T18:39:25.524+0700] {logging_mixin.py:190} INFO - [2026-02-12T18:39:25.523+0700] {dag.py:4138} INFO - Setting next_dagrun for dag_scraping_twitter to 2026-02-12 11:00:00+00:00, run_after=2026-02-12 23:00:00+00:00
[2026-02-12T18:39:25.550+0700] {processor.py:208} INFO - Processing /opt/airflow/dags/dag_scraping_twitter.py took 0.147 seconds
[2026-02-12T18:39:56.369+0700] {processor.py:186} INFO - Started process (PID=756) to work on /opt/airflow/dags/dag_scraping_twitter.py
[2026-02-12T18:39:56.370+0700] {processor.py:914} INFO - Processing file /opt/airflow/dags/dag_scraping_twitter.py for tasks to queue
[2026-02-12T18:39:56.373+0700] {logging_mixin.py:190} INFO - [2026-02-12T18:39:56.373+0700] {dagbag.py:587} INFO - Filling up the DagBag from /opt/airflow/dags/dag_scraping_twitter.py
[2026-02-12T18:39:56.416+0700] {processor.py:925} INFO - DAG(s) 'dag_scraping_twitter' retrieved from /opt/airflow/dags/dag_scraping_twitter.py
[2026-02-12T18:39:56.461+0700] {logging_mixin.py:190} INFO - [2026-02-12T18:39:56.461+0700] {dag.py:3211} INFO - Sync 1 DAGs
[2026-02-12T18:39:56.520+0700] {logging_mixin.py:190} INFO - [2026-02-12T18:39:56.520+0700] {dag.py:4138} INFO - Setting next_dagrun for dag_scraping_twitter to 2026-02-12 11:00:00+00:00, run_after=2026-02-12 23:00:00+00:00
[2026-02-12T18:39:56.773+0700] {processor.py:208} INFO - Processing /opt/airflow/dags/dag_scraping_twitter.py took 0.412 seconds
[2026-02-12T18:40:27.585+0700] {processor.py:186} INFO - Started process (PID=766) to work on /opt/airflow/dags/dag_scraping_twitter.py
[2026-02-12T18:40:27.587+0700] {processor.py:914} INFO - Processing file /opt/airflow/dags/dag_scraping_twitter.py for tasks to queue
[2026-02-12T18:40:27.590+0700] {logging_mixin.py:190} INFO - [2026-02-12T18:40:27.590+0700] {dagbag.py:587} INFO - Filling up the DagBag from /opt/airflow/dags/dag_scraping_twitter.py
[2026-02-12T18:40:27.643+0700] {processor.py:925} INFO - DAG(s) 'dag_scraping_twitter' retrieved from /opt/airflow/dags/dag_scraping_twitter.py
[2026-02-12T18:40:27.674+0700] {logging_mixin.py:190} INFO - [2026-02-12T18:40:27.673+0700] {dag.py:3211} INFO - Sync 1 DAGs
[2026-02-12T18:40:27.897+0700] {logging_mixin.py:190} INFO - [2026-02-12T18:40:27.897+0700] {dag.py:4138} INFO - Setting next_dagrun for dag_scraping_twitter to 2026-02-12 11:00:00+00:00, run_after=2026-02-12 23:00:00+00:00
[2026-02-12T18:40:27.929+0700] {processor.py:208} INFO - Processing /opt/airflow/dags/dag_scraping_twitter.py took 0.350 seconds
[2026-02-12T18:40:58.049+0700] {processor.py:186} INFO - Started process (PID=776) to work on /opt/airflow/dags/dag_scraping_twitter.py
[2026-02-12T18:40:58.051+0700] {processor.py:914} INFO - Processing file /opt/airflow/dags/dag_scraping_twitter.py for tasks to queue
[2026-02-12T18:40:58.055+0700] {logging_mixin.py:190} INFO - [2026-02-12T18:40:58.055+0700] {dagbag.py:587} INFO - Filling up the DagBag from /opt/airflow/dags/dag_scraping_twitter.py
[2026-02-12T18:40:58.111+0700] {processor.py:925} INFO - DAG(s) 'dag_scraping_twitter' retrieved from /opt/airflow/dags/dag_scraping_twitter.py
[2026-02-12T18:40:58.148+0700] {logging_mixin.py:190} INFO - [2026-02-12T18:40:58.147+0700] {dag.py:3211} INFO - Sync 1 DAGs
[2026-02-12T18:40:58.628+0700] {logging_mixin.py:190} INFO - [2026-02-12T18:40:58.628+0700] {dag.py:4138} INFO - Setting next_dagrun for dag_scraping_twitter to 2026-02-12 11:00:00+00:00, run_after=2026-02-12 23:00:00+00:00
[2026-02-12T18:40:58.655+0700] {processor.py:208} INFO - Processing /opt/airflow/dags/dag_scraping_twitter.py took 0.613 seconds
[2026-02-12T18:41:28.891+0700] {processor.py:186} INFO - Started process (PID=786) to work on /opt/airflow/dags/dag_scraping_twitter.py
[2026-02-12T18:41:28.897+0700] {processor.py:914} INFO - Processing file /opt/airflow/dags/dag_scraping_twitter.py for tasks to queue
[2026-02-12T18:41:28.911+0700] {logging_mixin.py:190} INFO - [2026-02-12T18:41:28.907+0700] {dagbag.py:587} INFO - Filling up the DagBag from /opt/airflow/dags/dag_scraping_twitter.py
[2026-02-12T18:41:28.990+0700] {processor.py:925} INFO - DAG(s) 'dag_scraping_twitter' retrieved from /opt/airflow/dags/dag_scraping_twitter.py
[2026-02-12T18:41:30.273+0700] {logging_mixin.py:190} INFO - [2026-02-12T18:41:30.272+0700] {dag.py:3211} INFO - Sync 1 DAGs
[2026-02-12T18:41:30.315+0700] {logging_mixin.py:190} INFO - [2026-02-12T18:41:30.315+0700] {dag.py:4138} INFO - Setting next_dagrun for dag_scraping_twitter to 2026-02-12 11:00:00+00:00, run_after=2026-02-12 23:00:00+00:00
[2026-02-12T18:41:30.355+0700] {processor.py:208} INFO - Processing /opt/airflow/dags/dag_scraping_twitter.py took 1.489 seconds
[2026-02-12T18:42:00.509+0700] {processor.py:186} INFO - Started process (PID=797) to work on /opt/airflow/dags/dag_scraping_twitter.py
[2026-02-12T18:42:00.520+0700] {processor.py:914} INFO - Processing file /opt/airflow/dags/dag_scraping_twitter.py for tasks to queue
[2026-02-12T18:42:00.530+0700] {logging_mixin.py:190} INFO - [2026-02-12T18:42:00.530+0700] {dagbag.py:587} INFO - Filling up the DagBag from /opt/airflow/dags/dag_scraping_twitter.py
[2026-02-12T18:42:00.591+0700] {processor.py:925} INFO - DAG(s) 'dag_scraping_twitter' retrieved from /opt/airflow/dags/dag_scraping_twitter.py
[2026-02-12T18:42:00.670+0700] {logging_mixin.py:190} INFO - [2026-02-12T18:42:00.670+0700] {dag.py:3211} INFO - Sync 1 DAGs
[2026-02-12T18:42:00.743+0700] {logging_mixin.py:190} INFO - [2026-02-12T18:42:00.742+0700] {dag.py:4138} INFO - Setting next_dagrun for dag_scraping_twitter to 2026-02-12 11:00:00+00:00, run_after=2026-02-12 23:00:00+00:00
[2026-02-12T18:42:00.808+0700] {processor.py:208} INFO - Processing /opt/airflow/dags/dag_scraping_twitter.py took 0.316 seconds
[2026-02-12T18:46:29.884+0700] {processor.py:186} INFO - Started process (PID=814) to work on /opt/airflow/dags/dag_scraping_twitter.py
[2026-02-12T18:46:29.891+0700] {processor.py:914} INFO - Processing file /opt/airflow/dags/dag_scraping_twitter.py for tasks to queue
[2026-02-12T18:46:29.898+0700] {logging_mixin.py:190} INFO - [2026-02-12T18:46:29.897+0700] {dagbag.py:587} INFO - Filling up the DagBag from /opt/airflow/dags/dag_scraping_twitter.py
[2026-02-12T18:46:30.102+0700] {processor.py:925} INFO - DAG(s) 'dag_scraping_twitter' retrieved from /opt/airflow/dags/dag_scraping_twitter.py
[2026-02-12T18:46:30.188+0700] {logging_mixin.py:190} INFO - [2026-02-12T18:46:30.188+0700] {dag.py:3211} INFO - Sync 1 DAGs
[2026-02-12T18:46:30.306+0700] {logging_mixin.py:190} INFO - [2026-02-12T18:46:30.306+0700] {dag.py:4138} INFO - Setting next_dagrun for dag_scraping_twitter to 2026-02-12 11:00:00+00:00, run_after=2026-02-12 23:00:00+00:00
[2026-02-12T18:46:30.375+0700] {processor.py:208} INFO - Processing /opt/airflow/dags/dag_scraping_twitter.py took 0.520 seconds
[2026-02-12T18:47:01.475+0700] {processor.py:186} INFO - Started process (PID=908) to work on /opt/airflow/dags/dag_scraping_twitter.py
[2026-02-12T18:47:01.477+0700] {processor.py:914} INFO - Processing file /opt/airflow/dags/dag_scraping_twitter.py for tasks to queue
[2026-02-12T18:47:01.482+0700] {logging_mixin.py:190} INFO - [2026-02-12T18:47:01.481+0700] {dagbag.py:587} INFO - Filling up the DagBag from /opt/airflow/dags/dag_scraping_twitter.py
[2026-02-12T18:47:01.518+0700] {processor.py:925} INFO - DAG(s) 'dag_scraping_twitter' retrieved from /opt/airflow/dags/dag_scraping_twitter.py
[2026-02-12T18:47:01.555+0700] {logging_mixin.py:190} INFO - [2026-02-12T18:47:01.555+0700] {dag.py:3211} INFO - Sync 1 DAGs
[2026-02-12T18:47:01.586+0700] {logging_mixin.py:190} INFO - [2026-02-12T18:47:01.586+0700] {dag.py:4138} INFO - Setting next_dagrun for dag_scraping_twitter to 2026-02-12 11:00:00+00:00, run_after=2026-02-12 23:00:00+00:00
[2026-02-12T18:47:01.619+0700] {processor.py:208} INFO - Processing /opt/airflow/dags/dag_scraping_twitter.py took 0.162 seconds
[2026-02-12T18:47:31.935+0700] {processor.py:186} INFO - Started process (PID=918) to work on /opt/airflow/dags/dag_scraping_twitter.py
[2026-02-12T18:47:31.937+0700] {processor.py:914} INFO - Processing file /opt/airflow/dags/dag_scraping_twitter.py for tasks to queue
[2026-02-12T18:47:31.941+0700] {logging_mixin.py:190} INFO - [2026-02-12T18:47:31.940+0700] {dagbag.py:587} INFO - Filling up the DagBag from /opt/airflow/dags/dag_scraping_twitter.py
[2026-02-12T18:47:31.971+0700] {processor.py:925} INFO - DAG(s) 'dag_scraping_twitter' retrieved from /opt/airflow/dags/dag_scraping_twitter.py
[2026-02-12T18:47:32.007+0700] {logging_mixin.py:190} INFO - [2026-02-12T18:47:32.006+0700] {dag.py:3211} INFO - Sync 1 DAGs
[2026-02-12T18:47:32.045+0700] {logging_mixin.py:190} INFO - [2026-02-12T18:47:32.045+0700] {dag.py:4138} INFO - Setting next_dagrun for dag_scraping_twitter to 2026-02-12 11:00:00+00:00, run_after=2026-02-12 23:00:00+00:00
[2026-02-12T18:47:32.073+0700] {processor.py:208} INFO - Processing /opt/airflow/dags/dag_scraping_twitter.py took 0.148 seconds
[2026-02-12T18:48:02.976+0700] {processor.py:186} INFO - Started process (PID=928) to work on /opt/airflow/dags/dag_scraping_twitter.py
[2026-02-12T18:48:02.977+0700] {processor.py:914} INFO - Processing file /opt/airflow/dags/dag_scraping_twitter.py for tasks to queue
[2026-02-12T18:48:02.981+0700] {logging_mixin.py:190} INFO - [2026-02-12T18:48:02.981+0700] {dagbag.py:587} INFO - Filling up the DagBag from /opt/airflow/dags/dag_scraping_twitter.py
[2026-02-12T18:48:03.012+0700] {processor.py:925} INFO - DAG(s) 'dag_scraping_twitter' retrieved from /opt/airflow/dags/dag_scraping_twitter.py
[2026-02-12T18:48:03.050+0700] {logging_mixin.py:190} INFO - [2026-02-12T18:48:03.050+0700] {dag.py:3211} INFO - Sync 1 DAGs
[2026-02-12T18:48:03.080+0700] {logging_mixin.py:190} INFO - [2026-02-12T18:48:03.080+0700] {dag.py:4138} INFO - Setting next_dagrun for dag_scraping_twitter to 2026-02-12 11:00:00+00:00, run_after=2026-02-12 23:00:00+00:00
[2026-02-12T18:48:03.102+0700] {processor.py:208} INFO - Processing /opt/airflow/dags/dag_scraping_twitter.py took 0.133 seconds
[2026-02-12T18:48:33.412+0700] {processor.py:186} INFO - Started process (PID=938) to work on /opt/airflow/dags/dag_scraping_twitter.py
[2026-02-12T18:48:33.413+0700] {processor.py:914} INFO - Processing file /opt/airflow/dags/dag_scraping_twitter.py for tasks to queue
[2026-02-12T18:48:33.417+0700] {logging_mixin.py:190} INFO - [2026-02-12T18:48:33.416+0700] {dagbag.py:587} INFO - Filling up the DagBag from /opt/airflow/dags/dag_scraping_twitter.py
[2026-02-12T18:48:33.454+0700] {processor.py:925} INFO - DAG(s) 'dag_scraping_twitter' retrieved from /opt/airflow/dags/dag_scraping_twitter.py
[2026-02-12T18:48:33.487+0700] {logging_mixin.py:190} INFO - [2026-02-12T18:48:33.487+0700] {dag.py:3211} INFO - Sync 1 DAGs
[2026-02-12T18:48:33.515+0700] {logging_mixin.py:190} INFO - [2026-02-12T18:48:33.515+0700] {dag.py:4138} INFO - Setting next_dagrun for dag_scraping_twitter to 2026-02-12 11:00:00+00:00, run_after=2026-02-12 23:00:00+00:00
[2026-02-12T18:48:33.546+0700] {processor.py:208} INFO - Processing /opt/airflow/dags/dag_scraping_twitter.py took 0.143 seconds
[2026-02-12T18:49:03.893+0700] {processor.py:186} INFO - Started process (PID=948) to work on /opt/airflow/dags/dag_scraping_twitter.py
[2026-02-12T18:49:03.895+0700] {processor.py:914} INFO - Processing file /opt/airflow/dags/dag_scraping_twitter.py for tasks to queue
[2026-02-12T18:49:03.898+0700] {logging_mixin.py:190} INFO - [2026-02-12T18:49:03.898+0700] {dagbag.py:587} INFO - Filling up the DagBag from /opt/airflow/dags/dag_scraping_twitter.py
[2026-02-12T18:49:03.942+0700] {processor.py:925} INFO - DAG(s) 'dag_scraping_twitter' retrieved from /opt/airflow/dags/dag_scraping_twitter.py
[2026-02-12T18:49:03.985+0700] {logging_mixin.py:190} INFO - [2026-02-12T18:49:03.985+0700] {dag.py:3211} INFO - Sync 1 DAGs
[2026-02-12T18:49:04.029+0700] {logging_mixin.py:190} INFO - [2026-02-12T18:49:04.028+0700] {dag.py:4138} INFO - Setting next_dagrun for dag_scraping_twitter to 2026-02-12 11:00:00+00:00, run_after=2026-02-12 23:00:00+00:00
[2026-02-12T18:49:04.058+0700] {processor.py:208} INFO - Processing /opt/airflow/dags/dag_scraping_twitter.py took 0.173 seconds
[2026-02-12T18:49:34.709+0700] {processor.py:186} INFO - Started process (PID=958) to work on /opt/airflow/dags/dag_scraping_twitter.py
[2026-02-12T18:49:34.711+0700] {processor.py:914} INFO - Processing file /opt/airflow/dags/dag_scraping_twitter.py for tasks to queue
[2026-02-12T18:49:34.715+0700] {logging_mixin.py:190} INFO - [2026-02-12T18:49:34.715+0700] {dagbag.py:587} INFO - Filling up the DagBag from /opt/airflow/dags/dag_scraping_twitter.py
[2026-02-12T18:49:34.757+0700] {processor.py:925} INFO - DAG(s) 'dag_scraping_twitter' retrieved from /opt/airflow/dags/dag_scraping_twitter.py
[2026-02-12T18:49:34.800+0700] {logging_mixin.py:190} INFO - [2026-02-12T18:49:34.800+0700] {dag.py:3211} INFO - Sync 1 DAGs
[2026-02-12T18:49:34.831+0700] {logging_mixin.py:190} INFO - [2026-02-12T18:49:34.831+0700] {dag.py:4138} INFO - Setting next_dagrun for dag_scraping_twitter to 2026-02-12 11:00:00+00:00, run_after=2026-02-12 23:00:00+00:00
[2026-02-12T18:49:34.861+0700] {processor.py:208} INFO - Processing /opt/airflow/dags/dag_scraping_twitter.py took 0.160 seconds
[2026-02-12T18:50:05.831+0700] {processor.py:186} INFO - Started process (PID=968) to work on /opt/airflow/dags/dag_scraping_twitter.py
[2026-02-12T18:50:05.833+0700] {processor.py:914} INFO - Processing file /opt/airflow/dags/dag_scraping_twitter.py for tasks to queue
[2026-02-12T18:50:05.838+0700] {logging_mixin.py:190} INFO - [2026-02-12T18:50:05.837+0700] {dagbag.py:587} INFO - Filling up the DagBag from /opt/airflow/dags/dag_scraping_twitter.py
[2026-02-12T18:50:05.867+0700] {processor.py:925} INFO - DAG(s) 'dag_scraping_twitter' retrieved from /opt/airflow/dags/dag_scraping_twitter.py
[2026-02-12T18:50:05.902+0700] {logging_mixin.py:190} INFO - [2026-02-12T18:50:05.901+0700] {dag.py:3211} INFO - Sync 1 DAGs
[2026-02-12T18:50:05.937+0700] {logging_mixin.py:190} INFO - [2026-02-12T18:50:05.937+0700] {dag.py:4138} INFO - Setting next_dagrun for dag_scraping_twitter to 2026-02-12 11:00:00+00:00, run_after=2026-02-12 23:00:00+00:00
[2026-02-12T18:50:05.964+0700] {processor.py:208} INFO - Processing /opt/airflow/dags/dag_scraping_twitter.py took 0.140 seconds
[2026-02-12T18:50:36.544+0700] {processor.py:186} INFO - Started process (PID=989) to work on /opt/airflow/dags/dag_scraping_twitter.py
[2026-02-12T18:50:36.546+0700] {processor.py:914} INFO - Processing file /opt/airflow/dags/dag_scraping_twitter.py for tasks to queue
[2026-02-12T18:50:36.550+0700] {logging_mixin.py:190} INFO - [2026-02-12T18:50:36.549+0700] {dagbag.py:587} INFO - Filling up the DagBag from /opt/airflow/dags/dag_scraping_twitter.py
[2026-02-12T18:50:36.589+0700] {processor.py:925} INFO - DAG(s) 'dag_scraping_twitter' retrieved from /opt/airflow/dags/dag_scraping_twitter.py
[2026-02-12T18:50:36.637+0700] {logging_mixin.py:190} INFO - [2026-02-12T18:50:36.637+0700] {dag.py:3211} INFO - Sync 1 DAGs
[2026-02-12T18:50:36.669+0700] {logging_mixin.py:190} INFO - [2026-02-12T18:50:36.668+0700] {dag.py:4138} INFO - Setting next_dagrun for dag_scraping_twitter to 2026-02-12 11:00:00+00:00, run_after=2026-02-12 23:00:00+00:00
[2026-02-12T18:50:36.697+0700] {processor.py:208} INFO - Processing /opt/airflow/dags/dag_scraping_twitter.py took 0.161 seconds
[2026-02-12T18:51:07.012+0700] {processor.py:186} INFO - Started process (PID=1010) to work on /opt/airflow/dags/dag_scraping_twitter.py
[2026-02-12T18:51:07.014+0700] {processor.py:914} INFO - Processing file /opt/airflow/dags/dag_scraping_twitter.py for tasks to queue
[2026-02-12T18:51:07.019+0700] {logging_mixin.py:190} INFO - [2026-02-12T18:51:07.019+0700] {dagbag.py:587} INFO - Filling up the DagBag from /opt/airflow/dags/dag_scraping_twitter.py
[2026-02-12T18:51:07.056+0700] {processor.py:925} INFO - DAG(s) 'dag_scraping_twitter' retrieved from /opt/airflow/dags/dag_scraping_twitter.py
[2026-02-12T18:51:07.090+0700] {logging_mixin.py:190} INFO - [2026-02-12T18:51:07.090+0700] {dag.py:3211} INFO - Sync 1 DAGs
[2026-02-12T18:51:07.126+0700] {logging_mixin.py:190} INFO - [2026-02-12T18:51:07.126+0700] {dag.py:4138} INFO - Setting next_dagrun for dag_scraping_twitter to 2026-02-12 11:00:00+00:00, run_after=2026-02-12 23:00:00+00:00
[2026-02-12T18:51:07.163+0700] {processor.py:208} INFO - Processing /opt/airflow/dags/dag_scraping_twitter.py took 0.161 seconds
[2026-02-12T18:51:37.706+0700] {processor.py:186} INFO - Started process (PID=1020) to work on /opt/airflow/dags/dag_scraping_twitter.py
[2026-02-12T18:51:37.708+0700] {processor.py:914} INFO - Processing file /opt/airflow/dags/dag_scraping_twitter.py for tasks to queue
[2026-02-12T18:51:37.712+0700] {logging_mixin.py:190} INFO - [2026-02-12T18:51:37.712+0700] {dagbag.py:587} INFO - Filling up the DagBag from /opt/airflow/dags/dag_scraping_twitter.py
[2026-02-12T18:51:37.749+0700] {processor.py:925} INFO - DAG(s) 'dag_scraping_twitter' retrieved from /opt/airflow/dags/dag_scraping_twitter.py
[2026-02-12T18:51:37.790+0700] {logging_mixin.py:190} INFO - [2026-02-12T18:51:37.790+0700] {dag.py:3211} INFO - Sync 1 DAGs
[2026-02-12T18:51:37.826+0700] {logging_mixin.py:190} INFO - [2026-02-12T18:51:37.826+0700] {dag.py:4138} INFO - Setting next_dagrun for dag_scraping_twitter to 2026-02-12 11:00:00+00:00, run_after=2026-02-12 23:00:00+00:00
[2026-02-12T18:51:37.855+0700] {processor.py:208} INFO - Processing /opt/airflow/dags/dag_scraping_twitter.py took 0.159 seconds
[2026-02-12T18:52:08.794+0700] {processor.py:186} INFO - Started process (PID=1030) to work on /opt/airflow/dags/dag_scraping_twitter.py
[2026-02-12T18:52:08.795+0700] {processor.py:914} INFO - Processing file /opt/airflow/dags/dag_scraping_twitter.py for tasks to queue
[2026-02-12T18:52:08.797+0700] {logging_mixin.py:190} INFO - [2026-02-12T18:52:08.797+0700] {dagbag.py:587} INFO - Filling up the DagBag from /opt/airflow/dags/dag_scraping_twitter.py
[2026-02-12T18:52:08.833+0700] {processor.py:925} INFO - DAG(s) 'dag_scraping_twitter' retrieved from /opt/airflow/dags/dag_scraping_twitter.py
[2026-02-12T18:52:08.865+0700] {logging_mixin.py:190} INFO - [2026-02-12T18:52:08.865+0700] {dag.py:3211} INFO - Sync 1 DAGs
[2026-02-12T18:52:08.896+0700] {logging_mixin.py:190} INFO - [2026-02-12T18:52:08.896+0700] {dag.py:4138} INFO - Setting next_dagrun for dag_scraping_twitter to 2026-02-12 11:00:00+00:00, run_after=2026-02-12 23:00:00+00:00
[2026-02-12T18:52:08.935+0700] {processor.py:208} INFO - Processing /opt/airflow/dags/dag_scraping_twitter.py took 0.153 seconds
[2026-02-12T18:52:39.114+0700] {processor.py:186} INFO - Started process (PID=1117) to work on /opt/airflow/dags/dag_scraping_twitter.py
[2026-02-12T18:52:39.117+0700] {processor.py:914} INFO - Processing file /opt/airflow/dags/dag_scraping_twitter.py for tasks to queue
[2026-02-12T18:52:39.121+0700] {logging_mixin.py:190} INFO - [2026-02-12T18:52:39.120+0700] {dagbag.py:587} INFO - Filling up the DagBag from /opt/airflow/dags/dag_scraping_twitter.py
[2026-02-12T18:52:39.159+0700] {processor.py:925} INFO - DAG(s) 'dag_scraping_twitter' retrieved from /opt/airflow/dags/dag_scraping_twitter.py
[2026-02-12T18:52:39.198+0700] {logging_mixin.py:190} INFO - [2026-02-12T18:52:39.198+0700] {dag.py:3211} INFO - Sync 1 DAGs
[2026-02-12T18:52:39.229+0700] {logging_mixin.py:190} INFO - [2026-02-12T18:52:39.229+0700] {dag.py:4138} INFO - Setting next_dagrun for dag_scraping_twitter to 2026-02-12 11:00:00+00:00, run_after=2026-02-12 23:00:00+00:00
[2026-02-12T18:52:39.255+0700] {processor.py:208} INFO - Processing /opt/airflow/dags/dag_scraping_twitter.py took 0.152 seconds
[2026-02-12T18:53:10.190+0700] {processor.py:186} INFO - Started process (PID=1155) to work on /opt/airflow/dags/dag_scraping_twitter.py
[2026-02-12T18:53:10.192+0700] {processor.py:914} INFO - Processing file /opt/airflow/dags/dag_scraping_twitter.py for tasks to queue
[2026-02-12T18:53:10.196+0700] {logging_mixin.py:190} INFO - [2026-02-12T18:53:10.196+0700] {dagbag.py:587} INFO - Filling up the DagBag from /opt/airflow/dags/dag_scraping_twitter.py
[2026-02-12T18:53:10.229+0700] {processor.py:925} INFO - DAG(s) 'dag_scraping_twitter' retrieved from /opt/airflow/dags/dag_scraping_twitter.py
[2026-02-12T18:53:10.266+0700] {logging_mixin.py:190} INFO - [2026-02-12T18:53:10.265+0700] {dag.py:3211} INFO - Sync 1 DAGs
[2026-02-12T18:53:10.298+0700] {logging_mixin.py:190} INFO - [2026-02-12T18:53:10.297+0700] {dag.py:4138} INFO - Setting next_dagrun for dag_scraping_twitter to 2026-02-12 11:00:00+00:00, run_after=2026-02-12 23:00:00+00:00
[2026-02-12T18:53:10.327+0700] {processor.py:208} INFO - Processing /opt/airflow/dags/dag_scraping_twitter.py took 0.149 seconds
[2026-02-12T18:53:40.512+0700] {processor.py:186} INFO - Started process (PID=1165) to work on /opt/airflow/dags/dag_scraping_twitter.py
[2026-02-12T18:53:40.514+0700] {processor.py:914} INFO - Processing file /opt/airflow/dags/dag_scraping_twitter.py for tasks to queue
[2026-02-12T18:53:40.520+0700] {logging_mixin.py:190} INFO - [2026-02-12T18:53:40.519+0700] {dagbag.py:587} INFO - Filling up the DagBag from /opt/airflow/dags/dag_scraping_twitter.py
[2026-02-12T18:53:40.587+0700] {processor.py:925} INFO - DAG(s) 'dag_scraping_twitter' retrieved from /opt/airflow/dags/dag_scraping_twitter.py
[2026-02-12T18:53:40.638+0700] {logging_mixin.py:190} INFO - [2026-02-12T18:53:40.638+0700] {dag.py:3211} INFO - Sync 1 DAGs
[2026-02-12T18:53:40.684+0700] {logging_mixin.py:190} INFO - [2026-02-12T18:53:40.684+0700] {dag.py:4138} INFO - Setting next_dagrun for dag_scraping_twitter to 2026-02-12 11:00:00+00:00, run_after=2026-02-12 23:00:00+00:00
[2026-02-12T18:53:40.722+0700] {processor.py:208} INFO - Processing /opt/airflow/dags/dag_scraping_twitter.py took 0.218 seconds
[2026-02-12T18:54:10.877+0700] {processor.py:186} INFO - Started process (PID=1175) to work on /opt/airflow/dags/dag_scraping_twitter.py
[2026-02-12T18:54:10.879+0700] {processor.py:914} INFO - Processing file /opt/airflow/dags/dag_scraping_twitter.py for tasks to queue
[2026-02-12T18:54:10.886+0700] {logging_mixin.py:190} INFO - [2026-02-12T18:54:10.885+0700] {dagbag.py:587} INFO - Filling up the DagBag from /opt/airflow/dags/dag_scraping_twitter.py
[2026-02-12T18:54:10.919+0700] {processor.py:925} INFO - DAG(s) 'dag_scraping_twitter' retrieved from /opt/airflow/dags/dag_scraping_twitter.py
[2026-02-12T18:54:10.967+0700] {logging_mixin.py:190} INFO - [2026-02-12T18:54:10.967+0700] {dag.py:3211} INFO - Sync 1 DAGs
[2026-02-12T18:54:11.030+0700] {logging_mixin.py:190} INFO - [2026-02-12T18:54:11.030+0700] {dag.py:4138} INFO - Setting next_dagrun for dag_scraping_twitter to 2026-02-12 11:00:00+00:00, run_after=2026-02-12 23:00:00+00:00
[2026-02-12T18:54:11.076+0700] {processor.py:208} INFO - Processing /opt/airflow/dags/dag_scraping_twitter.py took 0.212 seconds
[2026-02-12T18:54:41.449+0700] {processor.py:186} INFO - Started process (PID=1185) to work on /opt/airflow/dags/dag_scraping_twitter.py
[2026-02-12T18:54:41.451+0700] {processor.py:914} INFO - Processing file /opt/airflow/dags/dag_scraping_twitter.py for tasks to queue
[2026-02-12T18:54:41.454+0700] {logging_mixin.py:190} INFO - [2026-02-12T18:54:41.454+0700] {dagbag.py:587} INFO - Filling up the DagBag from /opt/airflow/dags/dag_scraping_twitter.py
[2026-02-12T18:54:41.493+0700] {processor.py:925} INFO - DAG(s) 'dag_scraping_twitter' retrieved from /opt/airflow/dags/dag_scraping_twitter.py
[2026-02-12T18:54:41.575+0700] {logging_mixin.py:190} INFO - [2026-02-12T18:54:41.575+0700] {dag.py:3211} INFO - Sync 1 DAGs
[2026-02-12T18:54:41.664+0700] {logging_mixin.py:190} INFO - [2026-02-12T18:54:41.663+0700] {dag.py:4138} INFO - Setting next_dagrun for dag_scraping_twitter to 2026-02-12 11:00:00+00:00, run_after=2026-02-12 23:00:00+00:00
[2026-02-12T18:54:41.712+0700] {processor.py:208} INFO - Processing /opt/airflow/dags/dag_scraping_twitter.py took 0.271 seconds
[2026-02-12T18:55:12.019+0700] {processor.py:186} INFO - Started process (PID=1196) to work on /opt/airflow/dags/dag_scraping_twitter.py
[2026-02-12T18:55:12.021+0700] {processor.py:914} INFO - Processing file /opt/airflow/dags/dag_scraping_twitter.py for tasks to queue
[2026-02-12T18:55:12.025+0700] {logging_mixin.py:190} INFO - [2026-02-12T18:55:12.025+0700] {dagbag.py:587} INFO - Filling up the DagBag from /opt/airflow/dags/dag_scraping_twitter.py
[2026-02-12T18:55:12.061+0700] {processor.py:925} INFO - DAG(s) 'dag_scraping_twitter' retrieved from /opt/airflow/dags/dag_scraping_twitter.py
[2026-02-12T18:55:12.099+0700] {logging_mixin.py:190} INFO - [2026-02-12T18:55:12.099+0700] {dag.py:3211} INFO - Sync 1 DAGs
[2026-02-12T18:55:12.133+0700] {logging_mixin.py:190} INFO - [2026-02-12T18:55:12.133+0700] {dag.py:4138} INFO - Setting next_dagrun for dag_scraping_twitter to 2026-02-12 11:00:00+00:00, run_after=2026-02-12 23:00:00+00:00
[2026-02-12T18:55:12.165+0700] {processor.py:208} INFO - Processing /opt/airflow/dags/dag_scraping_twitter.py took 0.154 seconds
[2026-02-12T18:55:42.275+0700] {processor.py:186} INFO - Started process (PID=1210) to work on /opt/airflow/dags/dag_scraping_twitter.py
[2026-02-12T18:55:42.276+0700] {processor.py:914} INFO - Processing file /opt/airflow/dags/dag_scraping_twitter.py for tasks to queue
[2026-02-12T18:55:42.281+0700] {logging_mixin.py:190} INFO - [2026-02-12T18:55:42.280+0700] {dagbag.py:587} INFO - Filling up the DagBag from /opt/airflow/dags/dag_scraping_twitter.py
[2026-02-12T18:55:42.313+0700] {processor.py:925} INFO - DAG(s) 'dag_scraping_twitter' retrieved from /opt/airflow/dags/dag_scraping_twitter.py
[2026-02-12T18:55:42.358+0700] {logging_mixin.py:190} INFO - [2026-02-12T18:55:42.358+0700] {dag.py:3211} INFO - Sync 1 DAGs
[2026-02-12T18:55:42.388+0700] {logging_mixin.py:190} INFO - [2026-02-12T18:55:42.388+0700] {dag.py:4138} INFO - Setting next_dagrun for dag_scraping_twitter to 2026-02-12 11:00:00+00:00, run_after=2026-02-12 23:00:00+00:00
[2026-02-12T18:55:42.412+0700] {processor.py:208} INFO - Processing /opt/airflow/dags/dag_scraping_twitter.py took 0.145 seconds
[2026-02-12T18:56:12.725+0700] {processor.py:186} INFO - Started process (PID=1220) to work on /opt/airflow/dags/dag_scraping_twitter.py
[2026-02-12T18:56:12.727+0700] {processor.py:914} INFO - Processing file /opt/airflow/dags/dag_scraping_twitter.py for tasks to queue
[2026-02-12T18:56:12.733+0700] {logging_mixin.py:190} INFO - [2026-02-12T18:56:12.732+0700] {dagbag.py:587} INFO - Filling up the DagBag from /opt/airflow/dags/dag_scraping_twitter.py
[2026-02-12T18:56:12.769+0700] {processor.py:925} INFO - DAG(s) 'dag_scraping_twitter' retrieved from /opt/airflow/dags/dag_scraping_twitter.py
[2026-02-12T18:56:12.802+0700] {logging_mixin.py:190} INFO - [2026-02-12T18:56:12.802+0700] {dag.py:3211} INFO - Sync 1 DAGs
[2026-02-12T18:56:12.835+0700] {logging_mixin.py:190} INFO - [2026-02-12T18:56:12.834+0700] {dag.py:4138} INFO - Setting next_dagrun for dag_scraping_twitter to 2026-02-12 11:00:00+00:00, run_after=2026-02-12 23:00:00+00:00
[2026-02-12T18:56:12.856+0700] {processor.py:208} INFO - Processing /opt/airflow/dags/dag_scraping_twitter.py took 0.145 seconds
[2026-02-12T18:56:43.580+0700] {processor.py:186} INFO - Started process (PID=1230) to work on /opt/airflow/dags/dag_scraping_twitter.py
[2026-02-12T18:56:43.582+0700] {processor.py:914} INFO - Processing file /opt/airflow/dags/dag_scraping_twitter.py for tasks to queue
[2026-02-12T18:56:43.585+0700] {logging_mixin.py:190} INFO - [2026-02-12T18:56:43.585+0700] {dagbag.py:587} INFO - Filling up the DagBag from /opt/airflow/dags/dag_scraping_twitter.py
[2026-02-12T18:56:43.626+0700] {processor.py:925} INFO - DAG(s) 'dag_scraping_twitter' retrieved from /opt/airflow/dags/dag_scraping_twitter.py
[2026-02-12T18:56:43.677+0700] {logging_mixin.py:190} INFO - [2026-02-12T18:56:43.677+0700] {dag.py:3211} INFO - Sync 1 DAGs
[2026-02-12T18:56:43.724+0700] {logging_mixin.py:190} INFO - [2026-02-12T18:56:43.724+0700] {dag.py:4138} INFO - Setting next_dagrun for dag_scraping_twitter to 2026-02-12 11:00:00+00:00, run_after=2026-02-12 23:00:00+00:00
[2026-02-12T18:56:43.791+0700] {processor.py:208} INFO - Processing /opt/airflow/dags/dag_scraping_twitter.py took 0.219 seconds
[2026-02-12T18:57:14.684+0700] {processor.py:186} INFO - Started process (PID=1240) to work on /opt/airflow/dags/dag_scraping_twitter.py
[2026-02-12T18:57:14.685+0700] {processor.py:914} INFO - Processing file /opt/airflow/dags/dag_scraping_twitter.py for tasks to queue
[2026-02-12T18:57:14.689+0700] {logging_mixin.py:190} INFO - [2026-02-12T18:57:14.689+0700] {dagbag.py:587} INFO - Filling up the DagBag from /opt/airflow/dags/dag_scraping_twitter.py
[2026-02-12T18:57:14.723+0700] {processor.py:925} INFO - DAG(s) 'dag_scraping_twitter' retrieved from /opt/airflow/dags/dag_scraping_twitter.py
[2026-02-12T18:57:14.753+0700] {logging_mixin.py:190} INFO - [2026-02-12T18:57:14.753+0700] {dag.py:3211} INFO - Sync 1 DAGs
[2026-02-12T18:57:14.785+0700] {logging_mixin.py:190} INFO - [2026-02-12T18:57:14.785+0700] {dag.py:4138} INFO - Setting next_dagrun for dag_scraping_twitter to 2026-02-12 11:00:00+00:00, run_after=2026-02-12 23:00:00+00:00
[2026-02-12T18:57:14.811+0700] {processor.py:208} INFO - Processing /opt/airflow/dags/dag_scraping_twitter.py took 0.137 seconds
[2026-02-12T18:57:44.999+0700] {processor.py:186} INFO - Started process (PID=1250) to work on /opt/airflow/dags/dag_scraping_twitter.py
[2026-02-12T18:57:45.001+0700] {processor.py:914} INFO - Processing file /opt/airflow/dags/dag_scraping_twitter.py for tasks to queue
[2026-02-12T18:57:45.005+0700] {logging_mixin.py:190} INFO - [2026-02-12T18:57:45.005+0700] {dagbag.py:587} INFO - Filling up the DagBag from /opt/airflow/dags/dag_scraping_twitter.py
[2026-02-12T18:57:45.043+0700] {processor.py:925} INFO - DAG(s) 'dag_scraping_twitter' retrieved from /opt/airflow/dags/dag_scraping_twitter.py
[2026-02-12T18:57:45.082+0700] {logging_mixin.py:190} INFO - [2026-02-12T18:57:45.082+0700] {dag.py:3211} INFO - Sync 1 DAGs
[2026-02-12T18:57:45.111+0700] {logging_mixin.py:190} INFO - [2026-02-12T18:57:45.110+0700] {dag.py:4138} INFO - Setting next_dagrun for dag_scraping_twitter to 2026-02-12 11:00:00+00:00, run_after=2026-02-12 23:00:00+00:00
[2026-02-12T18:57:45.137+0700] {processor.py:208} INFO - Processing /opt/airflow/dags/dag_scraping_twitter.py took 0.150 seconds
[2026-02-12T18:58:15.559+0700] {processor.py:186} INFO - Started process (PID=1260) to work on /opt/airflow/dags/dag_scraping_twitter.py
[2026-02-12T18:58:15.561+0700] {processor.py:914} INFO - Processing file /opt/airflow/dags/dag_scraping_twitter.py for tasks to queue
[2026-02-12T18:58:15.566+0700] {logging_mixin.py:190} INFO - [2026-02-12T18:58:15.566+0700] {dagbag.py:587} INFO - Filling up the DagBag from /opt/airflow/dags/dag_scraping_twitter.py
[2026-02-12T18:58:15.601+0700] {processor.py:925} INFO - DAG(s) 'dag_scraping_twitter' retrieved from /opt/airflow/dags/dag_scraping_twitter.py
[2026-02-12T18:58:15.641+0700] {logging_mixin.py:190} INFO - [2026-02-12T18:58:15.640+0700] {dag.py:3211} INFO - Sync 1 DAGs
[2026-02-12T18:58:15.670+0700] {logging_mixin.py:190} INFO - [2026-02-12T18:58:15.670+0700] {dag.py:4138} INFO - Setting next_dagrun for dag_scraping_twitter to 2026-02-12 11:00:00+00:00, run_after=2026-02-12 23:00:00+00:00
[2026-02-12T18:58:15.698+0700] {processor.py:208} INFO - Processing /opt/airflow/dags/dag_scraping_twitter.py took 0.150 seconds
[2026-02-12T18:58:46.372+0700] {processor.py:186} INFO - Started process (PID=1270) to work on /opt/airflow/dags/dag_scraping_twitter.py
[2026-02-12T18:58:46.373+0700] {processor.py:914} INFO - Processing file /opt/airflow/dags/dag_scraping_twitter.py for tasks to queue
[2026-02-12T18:58:46.378+0700] {logging_mixin.py:190} INFO - [2026-02-12T18:58:46.377+0700] {dagbag.py:587} INFO - Filling up the DagBag from /opt/airflow/dags/dag_scraping_twitter.py
[2026-02-12T18:58:46.407+0700] {processor.py:925} INFO - DAG(s) 'dag_scraping_twitter' retrieved from /opt/airflow/dags/dag_scraping_twitter.py
[2026-02-12T18:58:46.443+0700] {logging_mixin.py:190} INFO - [2026-02-12T18:58:46.442+0700] {dag.py:3211} INFO - Sync 1 DAGs
[2026-02-12T18:58:46.473+0700] {logging_mixin.py:190} INFO - [2026-02-12T18:58:46.472+0700] {dag.py:4138} INFO - Setting next_dagrun for dag_scraping_twitter to 2026-02-12 11:00:00+00:00, run_after=2026-02-12 23:00:00+00:00
[2026-02-12T18:58:46.496+0700] {processor.py:208} INFO - Processing /opt/airflow/dags/dag_scraping_twitter.py took 0.132 seconds
[2026-02-12T18:59:16.772+0700] {processor.py:186} INFO - Started process (PID=1280) to work on /opt/airflow/dags/dag_scraping_twitter.py
[2026-02-12T18:59:16.774+0700] {processor.py:914} INFO - Processing file /opt/airflow/dags/dag_scraping_twitter.py for tasks to queue
[2026-02-12T18:59:16.778+0700] {logging_mixin.py:190} INFO - [2026-02-12T18:59:16.778+0700] {dagbag.py:587} INFO - Filling up the DagBag from /opt/airflow/dags/dag_scraping_twitter.py
[2026-02-12T18:59:16.815+0700] {processor.py:925} INFO - DAG(s) 'dag_scraping_twitter' retrieved from /opt/airflow/dags/dag_scraping_twitter.py
[2026-02-12T18:59:16.859+0700] {logging_mixin.py:190} INFO - [2026-02-12T18:59:16.859+0700] {dag.py:3211} INFO - Sync 1 DAGs
[2026-02-12T18:59:16.895+0700] {logging_mixin.py:190} INFO - [2026-02-12T18:59:16.895+0700] {dag.py:4138} INFO - Setting next_dagrun for dag_scraping_twitter to 2026-02-12 11:00:00+00:00, run_after=2026-02-12 23:00:00+00:00
[2026-02-12T18:59:16.920+0700] {processor.py:208} INFO - Processing /opt/airflow/dags/dag_scraping_twitter.py took 0.158 seconds
[2026-02-12T18:59:47.326+0700] {processor.py:186} INFO - Started process (PID=1290) to work on /opt/airflow/dags/dag_scraping_twitter.py
[2026-02-12T18:59:47.328+0700] {processor.py:914} INFO - Processing file /opt/airflow/dags/dag_scraping_twitter.py for tasks to queue
[2026-02-12T18:59:47.332+0700] {logging_mixin.py:190} INFO - [2026-02-12T18:59:47.331+0700] {dagbag.py:587} INFO - Filling up the DagBag from /opt/airflow/dags/dag_scraping_twitter.py
[2026-02-12T18:59:47.366+0700] {processor.py:925} INFO - DAG(s) 'dag_scraping_twitter' retrieved from /opt/airflow/dags/dag_scraping_twitter.py
[2026-02-12T18:59:47.400+0700] {logging_mixin.py:190} INFO - [2026-02-12T18:59:47.399+0700] {dag.py:3211} INFO - Sync 1 DAGs
[2026-02-12T18:59:47.426+0700] {logging_mixin.py:190} INFO - [2026-02-12T18:59:47.426+0700] {dag.py:4138} INFO - Setting next_dagrun for dag_scraping_twitter to 2026-02-12 11:00:00+00:00, run_after=2026-02-12 23:00:00+00:00
[2026-02-12T18:59:47.450+0700] {processor.py:208} INFO - Processing /opt/airflow/dags/dag_scraping_twitter.py took 0.135 seconds
[2026-02-12T19:00:17.847+0700] {processor.py:186} INFO - Started process (PID=1300) to work on /opt/airflow/dags/dag_scraping_twitter.py
[2026-02-12T19:00:17.848+0700] {processor.py:914} INFO - Processing file /opt/airflow/dags/dag_scraping_twitter.py for tasks to queue
[2026-02-12T19:00:17.852+0700] {logging_mixin.py:190} INFO - [2026-02-12T19:00:17.851+0700] {dagbag.py:587} INFO - Filling up the DagBag from /opt/airflow/dags/dag_scraping_twitter.py
[2026-02-12T19:00:17.885+0700] {processor.py:925} INFO - DAG(s) 'dag_scraping_twitter' retrieved from /opt/airflow/dags/dag_scraping_twitter.py
[2026-02-12T19:00:17.917+0700] {logging_mixin.py:190} INFO - [2026-02-12T19:00:17.916+0700] {dag.py:3211} INFO - Sync 1 DAGs
[2026-02-12T19:00:17.945+0700] {logging_mixin.py:190} INFO - [2026-02-12T19:00:17.945+0700] {dag.py:4138} INFO - Setting next_dagrun for dag_scraping_twitter to 2026-02-12 11:00:00+00:00, run_after=2026-02-12 23:00:00+00:00
[2026-02-12T19:00:17.973+0700] {processor.py:208} INFO - Processing /opt/airflow/dags/dag_scraping_twitter.py took 0.134 seconds
[2026-02-12T19:00:48.721+0700] {processor.py:186} INFO - Started process (PID=1310) to work on /opt/airflow/dags/dag_scraping_twitter.py
[2026-02-12T19:00:48.723+0700] {processor.py:914} INFO - Processing file /opt/airflow/dags/dag_scraping_twitter.py for tasks to queue
[2026-02-12T19:00:48.727+0700] {logging_mixin.py:190} INFO - [2026-02-12T19:00:48.727+0700] {dagbag.py:587} INFO - Filling up the DagBag from /opt/airflow/dags/dag_scraping_twitter.py
[2026-02-12T19:00:48.766+0700] {processor.py:925} INFO - DAG(s) 'dag_scraping_twitter' retrieved from /opt/airflow/dags/dag_scraping_twitter.py
[2026-02-12T19:00:48.803+0700] {logging_mixin.py:190} INFO - [2026-02-12T19:00:48.803+0700] {dag.py:3211} INFO - Sync 1 DAGs
[2026-02-12T19:00:48.832+0700] {logging_mixin.py:190} INFO - [2026-02-12T19:00:48.832+0700] {dag.py:4138} INFO - Setting next_dagrun for dag_scraping_twitter to 2026-02-12 11:00:00+00:00, run_after=2026-02-12 23:00:00+00:00
[2026-02-12T19:00:48.858+0700] {processor.py:208} INFO - Processing /opt/airflow/dags/dag_scraping_twitter.py took 0.146 seconds
[2026-02-12T19:01:19.191+0700] {processor.py:186} INFO - Started process (PID=1320) to work on /opt/airflow/dags/dag_scraping_twitter.py
[2026-02-12T19:01:19.193+0700] {processor.py:914} INFO - Processing file /opt/airflow/dags/dag_scraping_twitter.py for tasks to queue
[2026-02-12T19:01:19.200+0700] {logging_mixin.py:190} INFO - [2026-02-12T19:01:19.199+0700] {dagbag.py:587} INFO - Filling up the DagBag from /opt/airflow/dags/dag_scraping_twitter.py
[2026-02-12T19:01:19.243+0700] {processor.py:925} INFO - DAG(s) 'dag_scraping_twitter' retrieved from /opt/airflow/dags/dag_scraping_twitter.py
[2026-02-12T19:01:19.286+0700] {logging_mixin.py:190} INFO - [2026-02-12T19:01:19.286+0700] {dag.py:3211} INFO - Sync 1 DAGs
[2026-02-12T19:01:19.325+0700] {logging_mixin.py:190} INFO - [2026-02-12T19:01:19.324+0700] {dag.py:4138} INFO - Setting next_dagrun for dag_scraping_twitter to 2026-02-12 11:00:00+00:00, run_after=2026-02-12 23:00:00+00:00
[2026-02-12T19:01:19.357+0700] {processor.py:208} INFO - Processing /opt/airflow/dags/dag_scraping_twitter.py took 0.175 seconds
[2026-02-12T19:01:49.482+0700] {processor.py:186} INFO - Started process (PID=1330) to work on /opt/airflow/dags/dag_scraping_twitter.py
[2026-02-12T19:01:49.484+0700] {processor.py:914} INFO - Processing file /opt/airflow/dags/dag_scraping_twitter.py for tasks to queue
[2026-02-12T19:01:49.486+0700] {logging_mixin.py:190} INFO - [2026-02-12T19:01:49.486+0700] {dagbag.py:587} INFO - Filling up the DagBag from /opt/airflow/dags/dag_scraping_twitter.py
[2026-02-12T19:01:49.522+0700] {processor.py:925} INFO - DAG(s) 'dag_scraping_twitter' retrieved from /opt/airflow/dags/dag_scraping_twitter.py
[2026-02-12T19:01:49.561+0700] {logging_mixin.py:190} INFO - [2026-02-12T19:01:49.561+0700] {dag.py:3211} INFO - Sync 1 DAGs
[2026-02-12T19:01:49.592+0700] {logging_mixin.py:190} INFO - [2026-02-12T19:01:49.592+0700] {dag.py:4138} INFO - Setting next_dagrun for dag_scraping_twitter to 2026-02-12 11:00:00+00:00, run_after=2026-02-12 23:00:00+00:00
[2026-02-12T19:01:49.614+0700] {processor.py:208} INFO - Processing /opt/airflow/dags/dag_scraping_twitter.py took 0.141 seconds
[2026-02-12T19:02:20.134+0700] {processor.py:186} INFO - Started process (PID=1340) to work on /opt/airflow/dags/dag_scraping_twitter.py
[2026-02-12T19:02:20.136+0700] {processor.py:914} INFO - Processing file /opt/airflow/dags/dag_scraping_twitter.py for tasks to queue
[2026-02-12T19:02:20.140+0700] {logging_mixin.py:190} INFO - [2026-02-12T19:02:20.140+0700] {dagbag.py:587} INFO - Filling up the DagBag from /opt/airflow/dags/dag_scraping_twitter.py
[2026-02-12T19:02:20.175+0700] {processor.py:925} INFO - DAG(s) 'dag_scraping_twitter' retrieved from /opt/airflow/dags/dag_scraping_twitter.py
[2026-02-12T19:02:20.207+0700] {logging_mixin.py:190} INFO - [2026-02-12T19:02:20.207+0700] {dag.py:3211} INFO - Sync 1 DAGs
[2026-02-12T19:02:20.234+0700] {logging_mixin.py:190} INFO - [2026-02-12T19:02:20.234+0700] {dag.py:4138} INFO - Setting next_dagrun for dag_scraping_twitter to 2026-02-12 11:00:00+00:00, run_after=2026-02-12 23:00:00+00:00
[2026-02-12T19:02:20.264+0700] {processor.py:208} INFO - Processing /opt/airflow/dags/dag_scraping_twitter.py took 0.141 seconds
[2026-02-12T19:02:50.794+0700] {processor.py:186} INFO - Started process (PID=1350) to work on /opt/airflow/dags/dag_scraping_twitter.py
[2026-02-12T19:02:50.796+0700] {processor.py:914} INFO - Processing file /opt/airflow/dags/dag_scraping_twitter.py for tasks to queue
[2026-02-12T19:02:50.801+0700] {logging_mixin.py:190} INFO - [2026-02-12T19:02:50.800+0700] {dagbag.py:587} INFO - Filling up the DagBag from /opt/airflow/dags/dag_scraping_twitter.py
[2026-02-12T19:02:50.841+0700] {processor.py:925} INFO - DAG(s) 'dag_scraping_twitter' retrieved from /opt/airflow/dags/dag_scraping_twitter.py
[2026-02-12T19:02:50.887+0700] {logging_mixin.py:190} INFO - [2026-02-12T19:02:50.887+0700] {dag.py:3211} INFO - Sync 1 DAGs
[2026-02-12T19:02:50.922+0700] {logging_mixin.py:190} INFO - [2026-02-12T19:02:50.922+0700] {dag.py:4138} INFO - Setting next_dagrun for dag_scraping_twitter to 2026-02-12 11:00:00+00:00, run_after=2026-02-12 23:00:00+00:00
[2026-02-12T19:02:50.953+0700] {processor.py:208} INFO - Processing /opt/airflow/dags/dag_scraping_twitter.py took 0.169 seconds
[2026-02-12T19:03:21.525+0700] {processor.py:186} INFO - Started process (PID=1360) to work on /opt/airflow/dags/dag_scraping_twitter.py
[2026-02-12T19:03:21.527+0700] {processor.py:914} INFO - Processing file /opt/airflow/dags/dag_scraping_twitter.py for tasks to queue
[2026-02-12T19:03:21.532+0700] {logging_mixin.py:190} INFO - [2026-02-12T19:03:21.531+0700] {dagbag.py:587} INFO - Filling up the DagBag from /opt/airflow/dags/dag_scraping_twitter.py
[2026-02-12T19:03:21.572+0700] {processor.py:925} INFO - DAG(s) 'dag_scraping_twitter' retrieved from /opt/airflow/dags/dag_scraping_twitter.py
[2026-02-12T19:03:21.602+0700] {logging_mixin.py:190} INFO - [2026-02-12T19:03:21.602+0700] {dag.py:3211} INFO - Sync 1 DAGs
[2026-02-12T19:03:21.629+0700] {logging_mixin.py:190} INFO - [2026-02-12T19:03:21.629+0700] {dag.py:4138} INFO - Setting next_dagrun for dag_scraping_twitter to 2026-02-12 11:00:00+00:00, run_after=2026-02-12 23:00:00+00:00
[2026-02-12T19:03:21.664+0700] {processor.py:208} INFO - Processing /opt/airflow/dags/dag_scraping_twitter.py took 0.150 seconds
[2026-02-12T19:03:51.938+0700] {processor.py:186} INFO - Started process (PID=1370) to work on /opt/airflow/dags/dag_scraping_twitter.py
[2026-02-12T19:03:51.939+0700] {processor.py:914} INFO - Processing file /opt/airflow/dags/dag_scraping_twitter.py for tasks to queue
[2026-02-12T19:03:51.944+0700] {logging_mixin.py:190} INFO - [2026-02-12T19:03:51.944+0700] {dagbag.py:587} INFO - Filling up the DagBag from /opt/airflow/dags/dag_scraping_twitter.py
[2026-02-12T19:03:51.983+0700] {processor.py:925} INFO - DAG(s) 'dag_scraping_twitter' retrieved from /opt/airflow/dags/dag_scraping_twitter.py
[2026-02-12T19:03:52.020+0700] {logging_mixin.py:190} INFO - [2026-02-12T19:03:52.020+0700] {dag.py:3211} INFO - Sync 1 DAGs
[2026-02-12T19:03:52.050+0700] {logging_mixin.py:190} INFO - [2026-02-12T19:03:52.050+0700] {dag.py:4138} INFO - Setting next_dagrun for dag_scraping_twitter to 2026-02-12 11:00:00+00:00, run_after=2026-02-12 23:00:00+00:00
[2026-02-12T19:03:52.073+0700] {processor.py:208} INFO - Processing /opt/airflow/dags/dag_scraping_twitter.py took 0.143 seconds
[2026-02-12T19:04:22.752+0700] {processor.py:186} INFO - Started process (PID=1380) to work on /opt/airflow/dags/dag_scraping_twitter.py
[2026-02-12T19:04:22.754+0700] {processor.py:914} INFO - Processing file /opt/airflow/dags/dag_scraping_twitter.py for tasks to queue
[2026-02-12T19:04:22.758+0700] {logging_mixin.py:190} INFO - [2026-02-12T19:04:22.757+0700] {dagbag.py:587} INFO - Filling up the DagBag from /opt/airflow/dags/dag_scraping_twitter.py
[2026-02-12T19:04:22.797+0700] {processor.py:925} INFO - DAG(s) 'dag_scraping_twitter' retrieved from /opt/airflow/dags/dag_scraping_twitter.py
[2026-02-12T19:04:22.839+0700] {logging_mixin.py:190} INFO - [2026-02-12T19:04:22.838+0700] {dag.py:3211} INFO - Sync 1 DAGs
[2026-02-12T19:04:22.882+0700] {logging_mixin.py:190} INFO - [2026-02-12T19:04:22.881+0700] {dag.py:4138} INFO - Setting next_dagrun for dag_scraping_twitter to 2026-02-12 11:00:00+00:00, run_after=2026-02-12 23:00:00+00:00
[2026-02-12T19:04:22.912+0700] {processor.py:208} INFO - Processing /opt/airflow/dags/dag_scraping_twitter.py took 0.171 seconds
[2026-02-12T19:04:53.152+0700] {processor.py:186} INFO - Started process (PID=1390) to work on /opt/airflow/dags/dag_scraping_twitter.py
[2026-02-12T19:04:53.154+0700] {processor.py:914} INFO - Processing file /opt/airflow/dags/dag_scraping_twitter.py for tasks to queue
[2026-02-12T19:04:53.159+0700] {logging_mixin.py:190} INFO - [2026-02-12T19:04:53.158+0700] {dagbag.py:587} INFO - Filling up the DagBag from /opt/airflow/dags/dag_scraping_twitter.py
[2026-02-12T19:04:53.194+0700] {processor.py:925} INFO - DAG(s) 'dag_scraping_twitter' retrieved from /opt/airflow/dags/dag_scraping_twitter.py
[2026-02-12T19:04:53.229+0700] {logging_mixin.py:190} INFO - [2026-02-12T19:04:53.229+0700] {dag.py:3211} INFO - Sync 1 DAGs
[2026-02-12T19:04:53.259+0700] {logging_mixin.py:190} INFO - [2026-02-12T19:04:53.259+0700] {dag.py:4138} INFO - Setting next_dagrun for dag_scraping_twitter to 2026-02-12 11:00:00+00:00, run_after=2026-02-12 23:00:00+00:00
[2026-02-12T19:04:53.282+0700] {processor.py:208} INFO - Processing /opt/airflow/dags/dag_scraping_twitter.py took 0.140 seconds
[2026-02-12T19:05:24.178+0700] {processor.py:186} INFO - Started process (PID=1400) to work on /opt/airflow/dags/dag_scraping_twitter.py
[2026-02-12T19:05:24.181+0700] {processor.py:914} INFO - Processing file /opt/airflow/dags/dag_scraping_twitter.py for tasks to queue
[2026-02-12T19:05:24.184+0700] {logging_mixin.py:190} INFO - [2026-02-12T19:05:24.184+0700] {dagbag.py:587} INFO - Filling up the DagBag from /opt/airflow/dags/dag_scraping_twitter.py
[2026-02-12T19:05:24.218+0700] {processor.py:925} INFO - DAG(s) 'dag_scraping_twitter' retrieved from /opt/airflow/dags/dag_scraping_twitter.py
[2026-02-12T19:05:24.253+0700] {logging_mixin.py:190} INFO - [2026-02-12T19:05:24.252+0700] {dag.py:3211} INFO - Sync 1 DAGs
[2026-02-12T19:05:24.286+0700] {logging_mixin.py:190} INFO - [2026-02-12T19:05:24.286+0700] {dag.py:4138} INFO - Setting next_dagrun for dag_scraping_twitter to 2026-02-12 11:00:00+00:00, run_after=2026-02-12 23:00:00+00:00
[2026-02-12T19:05:24.311+0700] {processor.py:208} INFO - Processing /opt/airflow/dags/dag_scraping_twitter.py took 0.141 seconds
[2026-02-12T19:05:54.524+0700] {processor.py:186} INFO - Started process (PID=1410) to work on /opt/airflow/dags/dag_scraping_twitter.py
[2026-02-12T19:05:54.525+0700] {processor.py:914} INFO - Processing file /opt/airflow/dags/dag_scraping_twitter.py for tasks to queue
[2026-02-12T19:05:54.530+0700] {logging_mixin.py:190} INFO - [2026-02-12T19:05:54.529+0700] {dagbag.py:587} INFO - Filling up the DagBag from /opt/airflow/dags/dag_scraping_twitter.py
[2026-02-12T19:05:54.564+0700] {processor.py:925} INFO - DAG(s) 'dag_scraping_twitter' retrieved from /opt/airflow/dags/dag_scraping_twitter.py
[2026-02-12T19:05:54.601+0700] {logging_mixin.py:190} INFO - [2026-02-12T19:05:54.601+0700] {dag.py:3211} INFO - Sync 1 DAGs
[2026-02-12T19:05:54.637+0700] {logging_mixin.py:190} INFO - [2026-02-12T19:05:54.637+0700] {dag.py:4138} INFO - Setting next_dagrun for dag_scraping_twitter to 2026-02-12 11:00:00+00:00, run_after=2026-02-12 23:00:00+00:00
[2026-02-12T19:05:54.660+0700] {processor.py:208} INFO - Processing /opt/airflow/dags/dag_scraping_twitter.py took 0.147 seconds
[2026-02-12T19:06:24.939+0700] {processor.py:186} INFO - Started process (PID=1420) to work on /opt/airflow/dags/dag_scraping_twitter.py
[2026-02-12T19:06:24.941+0700] {processor.py:914} INFO - Processing file /opt/airflow/dags/dag_scraping_twitter.py for tasks to queue
[2026-02-12T19:06:24.946+0700] {logging_mixin.py:190} INFO - [2026-02-12T19:06:24.946+0700] {dagbag.py:587} INFO - Filling up the DagBag from /opt/airflow/dags/dag_scraping_twitter.py
[2026-02-12T19:06:24.982+0700] {processor.py:925} INFO - DAG(s) 'dag_scraping_twitter' retrieved from /opt/airflow/dags/dag_scraping_twitter.py
[2026-02-12T19:06:25.016+0700] {logging_mixin.py:190} INFO - [2026-02-12T19:06:25.016+0700] {dag.py:3211} INFO - Sync 1 DAGs
[2026-02-12T19:06:25.043+0700] {logging_mixin.py:190} INFO - [2026-02-12T19:06:25.043+0700] {dag.py:4138} INFO - Setting next_dagrun for dag_scraping_twitter to 2026-02-12 11:00:00+00:00, run_after=2026-02-12 23:00:00+00:00
[2026-02-12T19:06:25.066+0700] {processor.py:208} INFO - Processing /opt/airflow/dags/dag_scraping_twitter.py took 0.136 seconds
[2026-02-12T19:06:55.655+0700] {processor.py:186} INFO - Started process (PID=1430) to work on /opt/airflow/dags/dag_scraping_twitter.py
[2026-02-12T19:06:55.656+0700] {processor.py:914} INFO - Processing file /opt/airflow/dags/dag_scraping_twitter.py for tasks to queue
[2026-02-12T19:06:55.660+0700] {logging_mixin.py:190} INFO - [2026-02-12T19:06:55.660+0700] {dagbag.py:587} INFO - Filling up the DagBag from /opt/airflow/dags/dag_scraping_twitter.py
[2026-02-12T19:06:55.699+0700] {processor.py:925} INFO - DAG(s) 'dag_scraping_twitter' retrieved from /opt/airflow/dags/dag_scraping_twitter.py
[2026-02-12T19:06:55.732+0700] {logging_mixin.py:190} INFO - [2026-02-12T19:06:55.732+0700] {dag.py:3211} INFO - Sync 1 DAGs
[2026-02-12T19:06:55.761+0700] {logging_mixin.py:190} INFO - [2026-02-12T19:06:55.761+0700] {dag.py:4138} INFO - Setting next_dagrun for dag_scraping_twitter to 2026-02-12 11:00:00+00:00, run_after=2026-02-12 23:00:00+00:00
[2026-02-12T19:06:55.784+0700] {processor.py:208} INFO - Processing /opt/airflow/dags/dag_scraping_twitter.py took 0.140 seconds
[2026-02-12T19:07:26.388+0700] {processor.py:186} INFO - Started process (PID=1440) to work on /opt/airflow/dags/dag_scraping_twitter.py
[2026-02-12T19:07:26.390+0700] {processor.py:914} INFO - Processing file /opt/airflow/dags/dag_scraping_twitter.py for tasks to queue
[2026-02-12T19:07:26.393+0700] {logging_mixin.py:190} INFO - [2026-02-12T19:07:26.393+0700] {dagbag.py:587} INFO - Filling up the DagBag from /opt/airflow/dags/dag_scraping_twitter.py
[2026-02-12T19:07:26.433+0700] {processor.py:925} INFO - DAG(s) 'dag_scraping_twitter' retrieved from /opt/airflow/dags/dag_scraping_twitter.py
[2026-02-12T19:07:26.476+0700] {logging_mixin.py:190} INFO - [2026-02-12T19:07:26.475+0700] {dag.py:3211} INFO - Sync 1 DAGs
[2026-02-12T19:07:26.510+0700] {logging_mixin.py:190} INFO - [2026-02-12T19:07:26.510+0700] {dag.py:4138} INFO - Setting next_dagrun for dag_scraping_twitter to 2026-02-12 11:00:00+00:00, run_after=2026-02-12 23:00:00+00:00
[2026-02-12T19:07:26.536+0700] {processor.py:208} INFO - Processing /opt/airflow/dags/dag_scraping_twitter.py took 0.158 seconds
[2026-02-12T19:07:56.783+0700] {processor.py:186} INFO - Started process (PID=1450) to work on /opt/airflow/dags/dag_scraping_twitter.py
[2026-02-12T19:07:56.785+0700] {processor.py:914} INFO - Processing file /opt/airflow/dags/dag_scraping_twitter.py for tasks to queue
[2026-02-12T19:07:56.791+0700] {logging_mixin.py:190} INFO - [2026-02-12T19:07:56.790+0700] {dagbag.py:587} INFO - Filling up the DagBag from /opt/airflow/dags/dag_scraping_twitter.py
[2026-02-12T19:07:56.825+0700] {processor.py:925} INFO - DAG(s) 'dag_scraping_twitter' retrieved from /opt/airflow/dags/dag_scraping_twitter.py
[2026-02-12T19:07:56.870+0700] {logging_mixin.py:190} INFO - [2026-02-12T19:07:56.869+0700] {dag.py:3211} INFO - Sync 1 DAGs
[2026-02-12T19:07:56.903+0700] {logging_mixin.py:190} INFO - [2026-02-12T19:07:56.903+0700] {dag.py:4138} INFO - Setting next_dagrun for dag_scraping_twitter to 2026-02-12 11:00:00+00:00, run_after=2026-02-12 23:00:00+00:00
[2026-02-12T19:07:56.928+0700] {processor.py:208} INFO - Processing /opt/airflow/dags/dag_scraping_twitter.py took 0.154 seconds
[2026-02-12T19:08:35.308+0700] {processor.py:186} INFO - Started process (PID=1460) to work on /opt/airflow/dags/dag_scraping_twitter.py
[2026-02-12T19:08:35.310+0700] {processor.py:914} INFO - Processing file /opt/airflow/dags/dag_scraping_twitter.py for tasks to queue
[2026-02-12T19:08:35.315+0700] {logging_mixin.py:190} INFO - [2026-02-12T19:08:35.314+0700] {dagbag.py:587} INFO - Filling up the DagBag from /opt/airflow/dags/dag_scraping_twitter.py
[2026-02-12T19:08:35.353+0700] {processor.py:925} INFO - DAG(s) 'dag_scraping_twitter' retrieved from /opt/airflow/dags/dag_scraping_twitter.py
[2026-02-12T19:08:35.391+0700] {logging_mixin.py:190} INFO - [2026-02-12T19:08:35.391+0700] {dag.py:3211} INFO - Sync 1 DAGs
[2026-02-12T19:08:35.424+0700] {logging_mixin.py:190} INFO - [2026-02-12T19:08:35.423+0700] {dag.py:4138} INFO - Setting next_dagrun for dag_scraping_twitter to 2026-02-12 11:00:00+00:00, run_after=2026-02-12 23:00:00+00:00
[2026-02-12T19:08:35.456+0700] {processor.py:208} INFO - Processing /opt/airflow/dags/dag_scraping_twitter.py took 0.159 seconds
[2026-02-12T19:09:05.757+0700] {processor.py:186} INFO - Started process (PID=1470) to work on /opt/airflow/dags/dag_scraping_twitter.py
[2026-02-12T19:09:05.760+0700] {processor.py:914} INFO - Processing file /opt/airflow/dags/dag_scraping_twitter.py for tasks to queue
[2026-02-12T19:09:05.767+0700] {logging_mixin.py:190} INFO - [2026-02-12T19:09:05.766+0700] {dagbag.py:587} INFO - Filling up the DagBag from /opt/airflow/dags/dag_scraping_twitter.py
[2026-02-12T19:09:05.816+0700] {processor.py:925} INFO - DAG(s) 'dag_scraping_twitter' retrieved from /opt/airflow/dags/dag_scraping_twitter.py
[2026-02-12T19:09:05.875+0700] {logging_mixin.py:190} INFO - [2026-02-12T19:09:05.874+0700] {dag.py:3211} INFO - Sync 1 DAGs
[2026-02-12T19:09:05.913+0700] {logging_mixin.py:190} INFO - [2026-02-12T19:09:05.912+0700] {dag.py:4138} INFO - Setting next_dagrun for dag_scraping_twitter to 2026-02-12 11:00:00+00:00, run_after=2026-02-12 23:00:00+00:00
[2026-02-12T19:09:05.937+0700] {processor.py:208} INFO - Processing /opt/airflow/dags/dag_scraping_twitter.py took 0.192 seconds
[2026-02-12T19:09:36.477+0700] {processor.py:186} INFO - Started process (PID=1480) to work on /opt/airflow/dags/dag_scraping_twitter.py
[2026-02-12T19:09:36.480+0700] {processor.py:914} INFO - Processing file /opt/airflow/dags/dag_scraping_twitter.py for tasks to queue
[2026-02-12T19:09:36.483+0700] {logging_mixin.py:190} INFO - [2026-02-12T19:09:36.483+0700] {dagbag.py:587} INFO - Filling up the DagBag from /opt/airflow/dags/dag_scraping_twitter.py
[2026-02-12T19:09:36.527+0700] {processor.py:925} INFO - DAG(s) 'dag_scraping_twitter' retrieved from /opt/airflow/dags/dag_scraping_twitter.py
[2026-02-12T19:09:36.565+0700] {logging_mixin.py:190} INFO - [2026-02-12T19:09:36.565+0700] {dag.py:3211} INFO - Sync 1 DAGs
[2026-02-12T19:09:36.606+0700] {logging_mixin.py:190} INFO - [2026-02-12T19:09:36.606+0700] {dag.py:4138} INFO - Setting next_dagrun for dag_scraping_twitter to 2026-02-12 11:00:00+00:00, run_after=2026-02-12 23:00:00+00:00
[2026-02-12T19:09:36.632+0700] {processor.py:208} INFO - Processing /opt/airflow/dags/dag_scraping_twitter.py took 0.169 seconds
[2026-02-12T19:10:07.111+0700] {processor.py:186} INFO - Started process (PID=1490) to work on /opt/airflow/dags/dag_scraping_twitter.py
[2026-02-12T19:10:07.113+0700] {processor.py:914} INFO - Processing file /opt/airflow/dags/dag_scraping_twitter.py for tasks to queue
[2026-02-12T19:10:07.118+0700] {logging_mixin.py:190} INFO - [2026-02-12T19:10:07.118+0700] {dagbag.py:587} INFO - Filling up the DagBag from /opt/airflow/dags/dag_scraping_twitter.py
[2026-02-12T19:10:07.166+0700] {processor.py:925} INFO - DAG(s) 'dag_scraping_twitter' retrieved from /opt/airflow/dags/dag_scraping_twitter.py
[2026-02-12T19:10:07.211+0700] {logging_mixin.py:190} INFO - [2026-02-12T19:10:07.211+0700] {dag.py:3211} INFO - Sync 1 DAGs
[2026-02-12T19:10:07.244+0700] {logging_mixin.py:190} INFO - [2026-02-12T19:10:07.243+0700] {dag.py:4138} INFO - Setting next_dagrun for dag_scraping_twitter to 2026-02-12 11:00:00+00:00, run_after=2026-02-12 23:00:00+00:00
[2026-02-12T19:10:07.270+0700] {processor.py:208} INFO - Processing /opt/airflow/dags/dag_scraping_twitter.py took 0.171 seconds
[2026-02-12T19:10:38.223+0700] {processor.py:186} INFO - Started process (PID=1500) to work on /opt/airflow/dags/dag_scraping_twitter.py
[2026-02-12T19:10:38.225+0700] {processor.py:914} INFO - Processing file /opt/airflow/dags/dag_scraping_twitter.py for tasks to queue
[2026-02-12T19:10:38.229+0700] {logging_mixin.py:190} INFO - [2026-02-12T19:10:38.228+0700] {dagbag.py:587} INFO - Filling up the DagBag from /opt/airflow/dags/dag_scraping_twitter.py
[2026-02-12T19:10:38.275+0700] {processor.py:925} INFO - DAG(s) 'dag_scraping_twitter' retrieved from /opt/airflow/dags/dag_scraping_twitter.py
[2026-02-12T19:10:38.326+0700] {logging_mixin.py:190} INFO - [2026-02-12T19:10:38.325+0700] {dag.py:3211} INFO - Sync 1 DAGs
[2026-02-12T19:10:38.368+0700] {logging_mixin.py:190} INFO - [2026-02-12T19:10:38.367+0700] {dag.py:4138} INFO - Setting next_dagrun for dag_scraping_twitter to 2026-02-12 11:00:00+00:00, run_after=2026-02-12 23:00:00+00:00
[2026-02-12T19:10:38.401+0700] {processor.py:208} INFO - Processing /opt/airflow/dags/dag_scraping_twitter.py took 0.190 seconds
[2026-02-12T19:11:08.672+0700] {processor.py:186} INFO - Started process (PID=1511) to work on /opt/airflow/dags/dag_scraping_twitter.py
[2026-02-12T19:11:08.674+0700] {processor.py:914} INFO - Processing file /opt/airflow/dags/dag_scraping_twitter.py for tasks to queue
[2026-02-12T19:11:08.684+0700] {logging_mixin.py:190} INFO - [2026-02-12T19:11:08.683+0700] {dagbag.py:587} INFO - Filling up the DagBag from /opt/airflow/dags/dag_scraping_twitter.py
[2026-02-12T19:11:08.750+0700] {processor.py:925} INFO - DAG(s) 'dag_scraping_twitter' retrieved from /opt/airflow/dags/dag_scraping_twitter.py
[2026-02-12T19:11:08.799+0700] {logging_mixin.py:190} INFO - [2026-02-12T19:11:08.798+0700] {dag.py:3211} INFO - Sync 1 DAGs
[2026-02-12T19:11:08.838+0700] {logging_mixin.py:190} INFO - [2026-02-12T19:11:08.838+0700] {dag.py:4138} INFO - Setting next_dagrun for dag_scraping_twitter to 2026-02-12 11:00:00+00:00, run_after=2026-02-12 23:00:00+00:00
[2026-02-12T19:11:08.872+0700] {processor.py:208} INFO - Processing /opt/airflow/dags/dag_scraping_twitter.py took 0.221 seconds
[2026-02-12T19:11:39.094+0700] {processor.py:186} INFO - Started process (PID=1521) to work on /opt/airflow/dags/dag_scraping_twitter.py
[2026-02-12T19:11:39.096+0700] {processor.py:914} INFO - Processing file /opt/airflow/dags/dag_scraping_twitter.py for tasks to queue
[2026-02-12T19:11:39.100+0700] {logging_mixin.py:190} INFO - [2026-02-12T19:11:39.099+0700] {dagbag.py:587} INFO - Filling up the DagBag from /opt/airflow/dags/dag_scraping_twitter.py
[2026-02-12T19:11:39.141+0700] {processor.py:925} INFO - DAG(s) 'dag_scraping_twitter' retrieved from /opt/airflow/dags/dag_scraping_twitter.py
[2026-02-12T19:11:39.191+0700] {logging_mixin.py:190} INFO - [2026-02-12T19:11:39.191+0700] {dag.py:3211} INFO - Sync 1 DAGs
[2026-02-12T19:11:39.234+0700] {logging_mixin.py:190} INFO - [2026-02-12T19:11:39.234+0700] {dag.py:4138} INFO - Setting next_dagrun for dag_scraping_twitter to 2026-02-12 11:00:00+00:00, run_after=2026-02-12 23:00:00+00:00
[2026-02-12T19:11:39.266+0700] {processor.py:208} INFO - Processing /opt/airflow/dags/dag_scraping_twitter.py took 0.182 seconds
[2026-02-12T19:12:10.154+0700] {processor.py:186} INFO - Started process (PID=1532) to work on /opt/airflow/dags/dag_scraping_twitter.py
[2026-02-12T19:12:10.156+0700] {processor.py:914} INFO - Processing file /opt/airflow/dags/dag_scraping_twitter.py for tasks to queue
[2026-02-12T19:12:10.162+0700] {logging_mixin.py:190} INFO - [2026-02-12T19:12:10.161+0700] {dagbag.py:587} INFO - Filling up the DagBag from /opt/airflow/dags/dag_scraping_twitter.py
[2026-02-12T19:12:10.198+0700] {processor.py:925} INFO - DAG(s) 'dag_scraping_twitter' retrieved from /opt/airflow/dags/dag_scraping_twitter.py
[2026-02-12T19:12:10.245+0700] {logging_mixin.py:190} INFO - [2026-02-12T19:12:10.244+0700] {dag.py:3211} INFO - Sync 1 DAGs
[2026-02-12T19:12:10.298+0700] {logging_mixin.py:190} INFO - [2026-02-12T19:12:10.298+0700] {dag.py:4138} INFO - Setting next_dagrun for dag_scraping_twitter to 2026-02-12 11:00:00+00:00, run_after=2026-02-12 23:00:00+00:00
[2026-02-12T19:12:10.333+0700] {processor.py:208} INFO - Processing /opt/airflow/dags/dag_scraping_twitter.py took 0.190 seconds
[2026-02-12T19:13:55.001+0700] {processor.py:186} INFO - Started process (PID=1542) to work on /opt/airflow/dags/dag_scraping_twitter.py
[2026-02-12T19:13:55.002+0700] {processor.py:914} INFO - Processing file /opt/airflow/dags/dag_scraping_twitter.py for tasks to queue
[2026-02-12T19:13:55.007+0700] {logging_mixin.py:190} INFO - [2026-02-12T19:13:55.007+0700] {dagbag.py:587} INFO - Filling up the DagBag from /opt/airflow/dags/dag_scraping_twitter.py
[2026-02-12T19:13:55.046+0700] {processor.py:925} INFO - DAG(s) 'dag_scraping_twitter' retrieved from /opt/airflow/dags/dag_scraping_twitter.py
[2026-02-12T19:13:55.083+0700] {logging_mixin.py:190} INFO - [2026-02-12T19:13:55.082+0700] {dag.py:3211} INFO - Sync 1 DAGs
[2026-02-12T19:13:55.120+0700] {logging_mixin.py:190} INFO - [2026-02-12T19:13:55.120+0700] {dag.py:4138} INFO - Setting next_dagrun for dag_scraping_twitter to 2026-02-12 11:00:00+00:00, run_after=2026-02-12 23:00:00+00:00
[2026-02-12T19:13:55.159+0700] {processor.py:208} INFO - Processing /opt/airflow/dags/dag_scraping_twitter.py took 0.170 seconds
[2026-02-12T19:14:26.230+0700] {processor.py:186} INFO - Started process (PID=1552) to work on /opt/airflow/dags/dag_scraping_twitter.py
[2026-02-12T19:14:26.233+0700] {processor.py:914} INFO - Processing file /opt/airflow/dags/dag_scraping_twitter.py for tasks to queue
[2026-02-12T19:14:26.244+0700] {logging_mixin.py:190} INFO - [2026-02-12T19:14:26.243+0700] {dagbag.py:587} INFO - Filling up the DagBag from /opt/airflow/dags/dag_scraping_twitter.py
[2026-02-12T19:14:26.285+0700] {processor.py:925} INFO - DAG(s) 'dag_scraping_twitter' retrieved from /opt/airflow/dags/dag_scraping_twitter.py
[2026-02-12T19:14:26.319+0700] {logging_mixin.py:190} INFO - [2026-02-12T19:14:26.319+0700] {dag.py:3211} INFO - Sync 1 DAGs
[2026-02-12T19:14:26.353+0700] {logging_mixin.py:190} INFO - [2026-02-12T19:14:26.353+0700] {dag.py:4138} INFO - Setting next_dagrun for dag_scraping_twitter to 2026-02-12 11:00:00+00:00, run_after=2026-02-12 23:00:00+00:00
[2026-02-12T19:14:26.380+0700] {processor.py:208} INFO - Processing /opt/airflow/dags/dag_scraping_twitter.py took 0.160 seconds
[2026-02-12T19:14:56.571+0700] {processor.py:186} INFO - Started process (PID=1562) to work on /opt/airflow/dags/dag_scraping_twitter.py
[2026-02-12T19:14:56.573+0700] {processor.py:914} INFO - Processing file /opt/airflow/dags/dag_scraping_twitter.py for tasks to queue
[2026-02-12T19:14:56.578+0700] {logging_mixin.py:190} INFO - [2026-02-12T19:14:56.577+0700] {dagbag.py:587} INFO - Filling up the DagBag from /opt/airflow/dags/dag_scraping_twitter.py
[2026-02-12T19:14:56.615+0700] {processor.py:925} INFO - DAG(s) 'dag_scraping_twitter' retrieved from /opt/airflow/dags/dag_scraping_twitter.py
[2026-02-12T19:14:56.648+0700] {logging_mixin.py:190} INFO - [2026-02-12T19:14:56.647+0700] {dag.py:3211} INFO - Sync 1 DAGs
[2026-02-12T19:14:56.681+0700] {logging_mixin.py:190} INFO - [2026-02-12T19:14:56.681+0700] {dag.py:4138} INFO - Setting next_dagrun for dag_scraping_twitter to 2026-02-12 11:00:00+00:00, run_after=2026-02-12 23:00:00+00:00
[2026-02-12T19:14:56.707+0700] {processor.py:208} INFO - Processing /opt/airflow/dags/dag_scraping_twitter.py took 0.144 seconds
[2026-02-12T19:15:26.935+0700] {processor.py:186} INFO - Started process (PID=1572) to work on /opt/airflow/dags/dag_scraping_twitter.py
[2026-02-12T19:15:26.937+0700] {processor.py:914} INFO - Processing file /opt/airflow/dags/dag_scraping_twitter.py for tasks to queue
[2026-02-12T19:15:26.941+0700] {logging_mixin.py:190} INFO - [2026-02-12T19:15:26.941+0700] {dagbag.py:587} INFO - Filling up the DagBag from /opt/airflow/dags/dag_scraping_twitter.py
[2026-02-12T19:15:26.990+0700] {processor.py:925} INFO - DAG(s) 'dag_scraping_twitter' retrieved from /opt/airflow/dags/dag_scraping_twitter.py
[2026-02-12T19:15:27.031+0700] {logging_mixin.py:190} INFO - [2026-02-12T19:15:27.031+0700] {dag.py:3211} INFO - Sync 1 DAGs
[2026-02-12T19:15:27.066+0700] {logging_mixin.py:190} INFO - [2026-02-12T19:15:27.065+0700] {dag.py:4138} INFO - Setting next_dagrun for dag_scraping_twitter to 2026-02-12 11:00:00+00:00, run_after=2026-02-12 23:00:00+00:00
[2026-02-12T19:15:27.096+0700] {processor.py:208} INFO - Processing /opt/airflow/dags/dag_scraping_twitter.py took 0.172 seconds
[2026-02-12T19:15:57.183+0700] {processor.py:186} INFO - Started process (PID=1582) to work on /opt/airflow/dags/dag_scraping_twitter.py
[2026-02-12T19:15:57.184+0700] {processor.py:914} INFO - Processing file /opt/airflow/dags/dag_scraping_twitter.py for tasks to queue
[2026-02-12T19:15:57.188+0700] {logging_mixin.py:190} INFO - [2026-02-12T19:15:57.188+0700] {dagbag.py:587} INFO - Filling up the DagBag from /opt/airflow/dags/dag_scraping_twitter.py
[2026-02-12T19:15:57.230+0700] {processor.py:925} INFO - DAG(s) 'dag_scraping_twitter' retrieved from /opt/airflow/dags/dag_scraping_twitter.py
[2026-02-12T19:15:57.261+0700] {logging_mixin.py:190} INFO - [2026-02-12T19:15:57.261+0700] {dag.py:3211} INFO - Sync 1 DAGs
[2026-02-12T19:15:57.288+0700] {logging_mixin.py:190} INFO - [2026-02-12T19:15:57.287+0700] {dag.py:4138} INFO - Setting next_dagrun for dag_scraping_twitter to 2026-02-12 11:00:00+00:00, run_after=2026-02-12 23:00:00+00:00
[2026-02-12T19:15:57.312+0700] {processor.py:208} INFO - Processing /opt/airflow/dags/dag_scraping_twitter.py took 0.136 seconds
[2026-02-12T19:16:27.408+0700] {processor.py:186} INFO - Started process (PID=1592) to work on /opt/airflow/dags/dag_scraping_twitter.py
[2026-02-12T19:16:27.410+0700] {processor.py:914} INFO - Processing file /opt/airflow/dags/dag_scraping_twitter.py for tasks to queue
[2026-02-12T19:16:27.412+0700] {logging_mixin.py:190} INFO - [2026-02-12T19:16:27.412+0700] {dagbag.py:587} INFO - Filling up the DagBag from /opt/airflow/dags/dag_scraping_twitter.py
[2026-02-12T19:16:27.447+0700] {processor.py:925} INFO - DAG(s) 'dag_scraping_twitter' retrieved from /opt/airflow/dags/dag_scraping_twitter.py
[2026-02-12T19:16:27.476+0700] {logging_mixin.py:190} INFO - [2026-02-12T19:16:27.476+0700] {dag.py:3211} INFO - Sync 1 DAGs
[2026-02-12T19:16:27.503+0700] {logging_mixin.py:190} INFO - [2026-02-12T19:16:27.502+0700] {dag.py:4138} INFO - Setting next_dagrun for dag_scraping_twitter to 2026-02-12 11:00:00+00:00, run_after=2026-02-12 23:00:00+00:00
[2026-02-12T19:16:27.526+0700] {processor.py:208} INFO - Processing /opt/airflow/dags/dag_scraping_twitter.py took 0.124 seconds
[2026-02-12T19:16:58.305+0700] {processor.py:186} INFO - Started process (PID=1602) to work on /opt/airflow/dags/dag_scraping_twitter.py
[2026-02-12T19:16:58.307+0700] {processor.py:914} INFO - Processing file /opt/airflow/dags/dag_scraping_twitter.py for tasks to queue
[2026-02-12T19:16:58.310+0700] {logging_mixin.py:190} INFO - [2026-02-12T19:16:58.310+0700] {dagbag.py:587} INFO - Filling up the DagBag from /opt/airflow/dags/dag_scraping_twitter.py
[2026-02-12T19:16:58.351+0700] {processor.py:925} INFO - DAG(s) 'dag_scraping_twitter' retrieved from /opt/airflow/dags/dag_scraping_twitter.py
[2026-02-12T19:16:58.394+0700] {logging_mixin.py:190} INFO - [2026-02-12T19:16:58.393+0700] {dag.py:3211} INFO - Sync 1 DAGs
[2026-02-12T19:16:58.431+0700] {logging_mixin.py:190} INFO - [2026-02-12T19:16:58.431+0700] {dag.py:4138} INFO - Setting next_dagrun for dag_scraping_twitter to 2026-02-12 11:00:00+00:00, run_after=2026-02-12 23:00:00+00:00
[2026-02-12T19:16:58.454+0700] {processor.py:208} INFO - Processing /opt/airflow/dags/dag_scraping_twitter.py took 0.160 seconds
[2026-02-12T19:17:29.094+0700] {processor.py:186} INFO - Started process (PID=1612) to work on /opt/airflow/dags/dag_scraping_twitter.py
[2026-02-12T19:17:29.097+0700] {processor.py:914} INFO - Processing file /opt/airflow/dags/dag_scraping_twitter.py for tasks to queue
[2026-02-12T19:17:29.101+0700] {logging_mixin.py:190} INFO - [2026-02-12T19:17:29.100+0700] {dagbag.py:587} INFO - Filling up the DagBag from /opt/airflow/dags/dag_scraping_twitter.py
[2026-02-12T19:17:29.147+0700] {processor.py:925} INFO - DAG(s) 'dag_scraping_twitter' retrieved from /opt/airflow/dags/dag_scraping_twitter.py
[2026-02-12T19:17:29.181+0700] {logging_mixin.py:190} INFO - [2026-02-12T19:17:29.180+0700] {dag.py:3211} INFO - Sync 1 DAGs
[2026-02-12T19:17:29.209+0700] {logging_mixin.py:190} INFO - [2026-02-12T19:17:29.209+0700] {dag.py:4138} INFO - Setting next_dagrun for dag_scraping_twitter to 2026-02-12 11:00:00+00:00, run_after=2026-02-12 23:00:00+00:00
[2026-02-12T19:17:29.239+0700] {processor.py:208} INFO - Processing /opt/airflow/dags/dag_scraping_twitter.py took 0.153 seconds
[2026-02-12T19:17:59.871+0700] {processor.py:186} INFO - Started process (PID=1622) to work on /opt/airflow/dags/dag_scraping_twitter.py
[2026-02-12T19:17:59.873+0700] {processor.py:914} INFO - Processing file /opt/airflow/dags/dag_scraping_twitter.py for tasks to queue
[2026-02-12T19:17:59.875+0700] {logging_mixin.py:190} INFO - [2026-02-12T19:17:59.875+0700] {dagbag.py:587} INFO - Filling up the DagBag from /opt/airflow/dags/dag_scraping_twitter.py
[2026-02-12T19:17:59.909+0700] {processor.py:925} INFO - DAG(s) 'dag_scraping_twitter' retrieved from /opt/airflow/dags/dag_scraping_twitter.py
[2026-02-12T19:17:59.944+0700] {logging_mixin.py:190} INFO - [2026-02-12T19:17:59.944+0700] {dag.py:3211} INFO - Sync 1 DAGs
[2026-02-12T19:17:59.976+0700] {logging_mixin.py:190} INFO - [2026-02-12T19:17:59.976+0700] {dag.py:4138} INFO - Setting next_dagrun for dag_scraping_twitter to 2026-02-12 11:00:00+00:00, run_after=2026-02-12 23:00:00+00:00
[2026-02-12T19:18:00.002+0700] {processor.py:208} INFO - Processing /opt/airflow/dags/dag_scraping_twitter.py took 0.139 seconds
[2026-02-12T19:18:30.824+0700] {processor.py:186} INFO - Started process (PID=1632) to work on /opt/airflow/dags/dag_scraping_twitter.py
[2026-02-12T19:18:30.825+0700] {processor.py:914} INFO - Processing file /opt/airflow/dags/dag_scraping_twitter.py for tasks to queue
[2026-02-12T19:18:30.829+0700] {logging_mixin.py:190} INFO - [2026-02-12T19:18:30.829+0700] {dagbag.py:587} INFO - Filling up the DagBag from /opt/airflow/dags/dag_scraping_twitter.py
[2026-02-12T19:18:30.862+0700] {processor.py:925} INFO - DAG(s) 'dag_scraping_twitter' retrieved from /opt/airflow/dags/dag_scraping_twitter.py
[2026-02-12T19:18:30.898+0700] {logging_mixin.py:190} INFO - [2026-02-12T19:18:30.898+0700] {dag.py:3211} INFO - Sync 1 DAGs
[2026-02-12T19:18:30.927+0700] {logging_mixin.py:190} INFO - [2026-02-12T19:18:30.927+0700] {dag.py:4138} INFO - Setting next_dagrun for dag_scraping_twitter to 2026-02-12 11:00:00+00:00, run_after=2026-02-12 23:00:00+00:00
[2026-02-12T19:18:30.950+0700] {processor.py:208} INFO - Processing /opt/airflow/dags/dag_scraping_twitter.py took 0.134 seconds
[2026-02-12T19:19:43.831+0700] {processor.py:186} INFO - Started process (PID=1642) to work on /opt/airflow/dags/dag_scraping_twitter.py
[2026-02-12T19:19:43.833+0700] {processor.py:914} INFO - Processing file /opt/airflow/dags/dag_scraping_twitter.py for tasks to queue
[2026-02-12T19:19:43.838+0700] {logging_mixin.py:190} INFO - [2026-02-12T19:19:43.838+0700] {dagbag.py:587} INFO - Filling up the DagBag from /opt/airflow/dags/dag_scraping_twitter.py
[2026-02-12T19:19:41.922+0700] {processor.py:925} INFO - DAG(s) 'dag_scraping_twitter' retrieved from /opt/airflow/dags/dag_scraping_twitter.py
[2026-02-12T19:19:43.933+0700] {logging_mixin.py:190} INFO - [2026-02-12T19:19:43.933+0700] {dag.py:3211} INFO - Sync 1 DAGs
[2026-02-12T19:19:43.977+0700] {logging_mixin.py:190} INFO - [2026-02-12T19:19:43.977+0700] {dag.py:4138} INFO - Setting next_dagrun for dag_scraping_twitter to 2026-02-12 11:00:00+00:00, run_after=2026-02-12 23:00:00+00:00
[2026-02-12T19:19:44.009+0700] {processor.py:208} INFO - Processing /opt/airflow/dags/dag_scraping_twitter.py took 0.199 seconds
[2026-02-12T19:20:14.272+0700] {processor.py:186} INFO - Started process (PID=1652) to work on /opt/airflow/dags/dag_scraping_twitter.py
[2026-02-12T19:20:14.273+0700] {processor.py:914} INFO - Processing file /opt/airflow/dags/dag_scraping_twitter.py for tasks to queue
[2026-02-12T19:20:14.278+0700] {logging_mixin.py:190} INFO - [2026-02-12T19:20:14.277+0700] {dagbag.py:587} INFO - Filling up the DagBag from /opt/airflow/dags/dag_scraping_twitter.py
[2026-02-12T19:20:14.311+0700] {processor.py:925} INFO - DAG(s) 'dag_scraping_twitter' retrieved from /opt/airflow/dags/dag_scraping_twitter.py
[2026-02-12T19:20:14.350+0700] {logging_mixin.py:190} INFO - [2026-02-12T19:20:14.349+0700] {dag.py:3211} INFO - Sync 1 DAGs
[2026-02-12T19:20:14.381+0700] {logging_mixin.py:190} INFO - [2026-02-12T19:20:14.381+0700] {dag.py:4138} INFO - Setting next_dagrun for dag_scraping_twitter to 2026-02-12 11:00:00+00:00, run_after=2026-02-12 23:00:00+00:00
[2026-02-12T19:20:14.406+0700] {processor.py:208} INFO - Processing /opt/airflow/dags/dag_scraping_twitter.py took 0.142 seconds
[2026-02-12T19:20:45.163+0700] {processor.py:186} INFO - Started process (PID=1662) to work on /opt/airflow/dags/dag_scraping_twitter.py
[2026-02-12T19:20:45.165+0700] {processor.py:914} INFO - Processing file /opt/airflow/dags/dag_scraping_twitter.py for tasks to queue
[2026-02-12T19:20:45.169+0700] {logging_mixin.py:190} INFO - [2026-02-12T19:20:45.168+0700] {dagbag.py:587} INFO - Filling up the DagBag from /opt/airflow/dags/dag_scraping_twitter.py
[2026-02-12T19:20:45.198+0700] {processor.py:925} INFO - DAG(s) 'dag_scraping_twitter' retrieved from /opt/airflow/dags/dag_scraping_twitter.py
[2026-02-12T19:20:45.238+0700] {logging_mixin.py:190} INFO - [2026-02-12T19:20:45.237+0700] {dag.py:3211} INFO - Sync 1 DAGs
[2026-02-12T19:20:45.265+0700] {logging_mixin.py:190} INFO - [2026-02-12T19:20:45.265+0700] {dag.py:4138} INFO - Setting next_dagrun for dag_scraping_twitter to 2026-02-12 11:00:00+00:00, run_after=2026-02-12 23:00:00+00:00
[2026-02-12T19:20:45.291+0700] {processor.py:208} INFO - Processing /opt/airflow/dags/dag_scraping_twitter.py took 0.136 seconds
[2026-02-12T19:21:15.545+0700] {processor.py:186} INFO - Started process (PID=1672) to work on /opt/airflow/dags/dag_scraping_twitter.py
[2026-02-12T19:21:15.546+0700] {processor.py:914} INFO - Processing file /opt/airflow/dags/dag_scraping_twitter.py for tasks to queue
[2026-02-12T19:21:15.549+0700] {logging_mixin.py:190} INFO - [2026-02-12T19:21:15.549+0700] {dagbag.py:587} INFO - Filling up the DagBag from /opt/airflow/dags/dag_scraping_twitter.py
[2026-02-12T19:21:15.585+0700] {processor.py:925} INFO - DAG(s) 'dag_scraping_twitter' retrieved from /opt/airflow/dags/dag_scraping_twitter.py
[2026-02-12T19:21:15.620+0700] {logging_mixin.py:190} INFO - [2026-02-12T19:21:15.620+0700] {dag.py:3211} INFO - Sync 1 DAGs
[2026-02-12T19:21:15.649+0700] {logging_mixin.py:190} INFO - [2026-02-12T19:21:15.649+0700] {dag.py:4138} INFO - Setting next_dagrun for dag_scraping_twitter to 2026-02-12 11:00:00+00:00, run_after=2026-02-12 23:00:00+00:00
[2026-02-12T19:21:15.673+0700] {processor.py:208} INFO - Processing /opt/airflow/dags/dag_scraping_twitter.py took 0.135 seconds
[2026-02-12T19:21:45.880+0700] {processor.py:186} INFO - Started process (PID=1682) to work on /opt/airflow/dags/dag_scraping_twitter.py
[2026-02-12T19:21:45.882+0700] {processor.py:914} INFO - Processing file /opt/airflow/dags/dag_scraping_twitter.py for tasks to queue
[2026-02-12T19:21:45.887+0700] {logging_mixin.py:190} INFO - [2026-02-12T19:21:45.887+0700] {dagbag.py:587} INFO - Filling up the DagBag from /opt/airflow/dags/dag_scraping_twitter.py
[2026-02-12T19:21:45.928+0700] {processor.py:925} INFO - DAG(s) 'dag_scraping_twitter' retrieved from /opt/airflow/dags/dag_scraping_twitter.py
[2026-02-12T19:21:45.964+0700] {logging_mixin.py:190} INFO - [2026-02-12T19:21:45.964+0700] {dag.py:3211} INFO - Sync 1 DAGs
[2026-02-12T19:21:46.000+0700] {logging_mixin.py:190} INFO - [2026-02-12T19:21:46.000+0700] {dag.py:4138} INFO - Setting next_dagrun for dag_scraping_twitter to 2026-02-12 11:00:00+00:00, run_after=2026-02-12 23:00:00+00:00
[2026-02-12T19:21:46.025+0700] {processor.py:208} INFO - Processing /opt/airflow/dags/dag_scraping_twitter.py took 0.157 seconds
[2026-02-12T19:22:16.812+0700] {processor.py:186} INFO - Started process (PID=1692) to work on /opt/airflow/dags/dag_scraping_twitter.py
[2026-02-12T19:22:16.814+0700] {processor.py:914} INFO - Processing file /opt/airflow/dags/dag_scraping_twitter.py for tasks to queue
[2026-02-12T19:22:16.818+0700] {logging_mixin.py:190} INFO - [2026-02-12T19:22:16.817+0700] {dagbag.py:587} INFO - Filling up the DagBag from /opt/airflow/dags/dag_scraping_twitter.py
[2026-02-12T19:22:16.851+0700] {processor.py:925} INFO - DAG(s) 'dag_scraping_twitter' retrieved from /opt/airflow/dags/dag_scraping_twitter.py
[2026-02-12T19:22:16.892+0700] {logging_mixin.py:190} INFO - [2026-02-12T19:22:16.892+0700] {dag.py:3211} INFO - Sync 1 DAGs
[2026-02-12T19:22:16.929+0700] {logging_mixin.py:190} INFO - [2026-02-12T19:22:16.929+0700] {dag.py:4138} INFO - Setting next_dagrun for dag_scraping_twitter to 2026-02-12 11:00:00+00:00, run_after=2026-02-12 23:00:00+00:00
[2026-02-12T19:22:16.960+0700] {processor.py:208} INFO - Processing /opt/airflow/dags/dag_scraping_twitter.py took 0.155 seconds
[2026-02-12T19:22:47.614+0700] {processor.py:186} INFO - Started process (PID=1702) to work on /opt/airflow/dags/dag_scraping_twitter.py
[2026-02-12T19:22:47.616+0700] {processor.py:914} INFO - Processing file /opt/airflow/dags/dag_scraping_twitter.py for tasks to queue
[2026-02-12T19:22:47.619+0700] {logging_mixin.py:190} INFO - [2026-02-12T19:22:47.619+0700] {dagbag.py:587} INFO - Filling up the DagBag from /opt/airflow/dags/dag_scraping_twitter.py
[2026-02-12T19:22:47.651+0700] {processor.py:925} INFO - DAG(s) 'dag_scraping_twitter' retrieved from /opt/airflow/dags/dag_scraping_twitter.py
[2026-02-12T19:22:47.685+0700] {logging_mixin.py:190} INFO - [2026-02-12T19:22:47.685+0700] {dag.py:3211} INFO - Sync 1 DAGs
[2026-02-12T19:22:47.721+0700] {logging_mixin.py:190} INFO - [2026-02-12T19:22:47.720+0700] {dag.py:4138} INFO - Setting next_dagrun for dag_scraping_twitter to 2026-02-12 11:00:00+00:00, run_after=2026-02-12 23:00:00+00:00
[2026-02-12T19:22:47.744+0700] {processor.py:208} INFO - Processing /opt/airflow/dags/dag_scraping_twitter.py took 0.140 seconds
[2026-02-12T19:23:18.435+0700] {processor.py:186} INFO - Started process (PID=1712) to work on /opt/airflow/dags/dag_scraping_twitter.py
[2026-02-12T19:23:18.437+0700] {processor.py:914} INFO - Processing file /opt/airflow/dags/dag_scraping_twitter.py for tasks to queue
[2026-02-12T19:23:18.442+0700] {logging_mixin.py:190} INFO - [2026-02-12T19:23:18.441+0700] {dagbag.py:587} INFO - Filling up the DagBag from /opt/airflow/dags/dag_scraping_twitter.py
[2026-02-12T19:23:18.480+0700] {processor.py:925} INFO - DAG(s) 'dag_scraping_twitter' retrieved from /opt/airflow/dags/dag_scraping_twitter.py
[2026-02-12T19:23:18.515+0700] {logging_mixin.py:190} INFO - [2026-02-12T19:23:18.515+0700] {dag.py:3211} INFO - Sync 1 DAGs
[2026-02-12T19:23:18.547+0700] {logging_mixin.py:190} INFO - [2026-02-12T19:23:18.546+0700] {dag.py:4138} INFO - Setting next_dagrun for dag_scraping_twitter to 2026-02-12 11:00:00+00:00, run_after=2026-02-12 23:00:00+00:00
[2026-02-12T19:23:18.572+0700] {processor.py:208} INFO - Processing /opt/airflow/dags/dag_scraping_twitter.py took 0.147 seconds
[2026-02-12T19:23:49.255+0700] {processor.py:186} INFO - Started process (PID=1722) to work on /opt/airflow/dags/dag_scraping_twitter.py
[2026-02-12T19:23:49.257+0700] {processor.py:914} INFO - Processing file /opt/airflow/dags/dag_scraping_twitter.py for tasks to queue
[2026-02-12T19:23:49.261+0700] {logging_mixin.py:190} INFO - [2026-02-12T19:23:49.261+0700] {dagbag.py:587} INFO - Filling up the DagBag from /opt/airflow/dags/dag_scraping_twitter.py
[2026-02-12T19:23:49.303+0700] {processor.py:925} INFO - DAG(s) 'dag_scraping_twitter' retrieved from /opt/airflow/dags/dag_scraping_twitter.py
[2026-02-12T19:23:49.344+0700] {logging_mixin.py:190} INFO - [2026-02-12T19:23:49.344+0700] {dag.py:3211} INFO - Sync 1 DAGs
[2026-02-12T19:23:49.372+0700] {logging_mixin.py:190} INFO - [2026-02-12T19:23:49.372+0700] {dag.py:4138} INFO - Setting next_dagrun for dag_scraping_twitter to 2026-02-12 11:00:00+00:00, run_after=2026-02-12 23:00:00+00:00
[2026-02-12T19:23:49.400+0700] {processor.py:208} INFO - Processing /opt/airflow/dags/dag_scraping_twitter.py took 0.153 seconds
[2026-02-12T19:24:59.985+0700] {processor.py:186} INFO - Started process (PID=1732) to work on /opt/airflow/dags/dag_scraping_twitter.py
[2026-02-12T19:24:59.987+0700] {processor.py:914} INFO - Processing file /opt/airflow/dags/dag_scraping_twitter.py for tasks to queue
[2026-02-12T19:24:59.993+0700] {logging_mixin.py:190} INFO - [2026-02-12T19:24:59.992+0700] {dagbag.py:587} INFO - Filling up the DagBag from /opt/airflow/dags/dag_scraping_twitter.py
[2026-02-12T19:25:00.037+0700] {processor.py:925} INFO - DAG(s) 'dag_scraping_twitter' retrieved from /opt/airflow/dags/dag_scraping_twitter.py
[2026-02-12T19:25:00.076+0700] {logging_mixin.py:190} INFO - [2026-02-12T19:25:00.076+0700] {dag.py:3211} INFO - Sync 1 DAGs
[2026-02-12T19:25:00.113+0700] {logging_mixin.py:190} INFO - [2026-02-12T19:25:00.113+0700] {dag.py:4138} INFO - Setting next_dagrun for dag_scraping_twitter to 2026-02-12 11:00:00+00:00, run_after=2026-02-12 23:00:00+00:00
[2026-02-12T19:25:00.138+0700] {processor.py:208} INFO - Processing /opt/airflow/dags/dag_scraping_twitter.py took 0.163 seconds
[2026-02-12T19:25:30.503+0700] {processor.py:186} INFO - Started process (PID=1742) to work on /opt/airflow/dags/dag_scraping_twitter.py
[2026-02-12T19:25:30.506+0700] {processor.py:914} INFO - Processing file /opt/airflow/dags/dag_scraping_twitter.py for tasks to queue
[2026-02-12T19:25:30.511+0700] {logging_mixin.py:190} INFO - [2026-02-12T19:25:30.510+0700] {dagbag.py:587} INFO - Filling up the DagBag from /opt/airflow/dags/dag_scraping_twitter.py
[2026-02-12T19:25:30.549+0700] {processor.py:925} INFO - DAG(s) 'dag_scraping_twitter' retrieved from /opt/airflow/dags/dag_scraping_twitter.py
[2026-02-12T19:25:30.584+0700] {logging_mixin.py:190} INFO - [2026-02-12T19:25:30.584+0700] {dag.py:3211} INFO - Sync 1 DAGs
[2026-02-12T19:25:30.610+0700] {logging_mixin.py:190} INFO - [2026-02-12T19:25:30.610+0700] {dag.py:4138} INFO - Setting next_dagrun for dag_scraping_twitter to 2026-02-12 11:00:00+00:00, run_after=2026-02-12 23:00:00+00:00
[2026-02-12T19:25:30.639+0700] {processor.py:208} INFO - Processing /opt/airflow/dags/dag_scraping_twitter.py took 0.149 seconds
[2026-02-12T19:26:00.783+0700] {processor.py:186} INFO - Started process (PID=1752) to work on /opt/airflow/dags/dag_scraping_twitter.py
[2026-02-12T19:26:00.786+0700] {processor.py:914} INFO - Processing file /opt/airflow/dags/dag_scraping_twitter.py for tasks to queue
[2026-02-12T19:26:00.790+0700] {logging_mixin.py:190} INFO - [2026-02-12T19:26:00.790+0700] {dagbag.py:587} INFO - Filling up the DagBag from /opt/airflow/dags/dag_scraping_twitter.py
[2026-02-12T19:26:00.830+0700] {processor.py:925} INFO - DAG(s) 'dag_scraping_twitter' retrieved from /opt/airflow/dags/dag_scraping_twitter.py
[2026-02-12T19:26:00.871+0700] {logging_mixin.py:190} INFO - [2026-02-12T19:26:00.870+0700] {dag.py:3211} INFO - Sync 1 DAGs
[2026-02-12T19:26:00.910+0700] {logging_mixin.py:190} INFO - [2026-02-12T19:26:00.910+0700] {dag.py:4138} INFO - Setting next_dagrun for dag_scraping_twitter to 2026-02-12 11:00:00+00:00, run_after=2026-02-12 23:00:00+00:00
[2026-02-12T19:26:00.937+0700] {processor.py:208} INFO - Processing /opt/airflow/dags/dag_scraping_twitter.py took 0.164 seconds
[2026-02-12T19:26:31.077+0700] {processor.py:186} INFO - Started process (PID=1762) to work on /opt/airflow/dags/dag_scraping_twitter.py
[2026-02-12T19:26:31.078+0700] {processor.py:914} INFO - Processing file /opt/airflow/dags/dag_scraping_twitter.py for tasks to queue
[2026-02-12T19:26:31.084+0700] {logging_mixin.py:190} INFO - [2026-02-12T19:26:31.084+0700] {dagbag.py:587} INFO - Filling up the DagBag from /opt/airflow/dags/dag_scraping_twitter.py
[2026-02-12T19:26:31.114+0700] {processor.py:925} INFO - DAG(s) 'dag_scraping_twitter' retrieved from /opt/airflow/dags/dag_scraping_twitter.py
[2026-02-12T19:26:31.151+0700] {logging_mixin.py:190} INFO - [2026-02-12T19:26:31.151+0700] {dag.py:3211} INFO - Sync 1 DAGs
[2026-02-12T19:26:31.190+0700] {logging_mixin.py:190} INFO - [2026-02-12T19:26:31.190+0700] {dag.py:4138} INFO - Setting next_dagrun for dag_scraping_twitter to 2026-02-12 11:00:00+00:00, run_after=2026-02-12 23:00:00+00:00
[2026-02-12T19:26:31.218+0700] {processor.py:208} INFO - Processing /opt/airflow/dags/dag_scraping_twitter.py took 0.150 seconds
[2026-02-12T19:27:01.538+0700] {processor.py:186} INFO - Started process (PID=1772) to work on /opt/airflow/dags/dag_scraping_twitter.py
[2026-02-12T19:27:01.540+0700] {processor.py:914} INFO - Processing file /opt/airflow/dags/dag_scraping_twitter.py for tasks to queue
[2026-02-12T19:27:01.546+0700] {logging_mixin.py:190} INFO - [2026-02-12T19:27:01.545+0700] {dagbag.py:587} INFO - Filling up the DagBag from /opt/airflow/dags/dag_scraping_twitter.py
[2026-02-12T19:27:01.583+0700] {processor.py:925} INFO - DAG(s) 'dag_scraping_twitter' retrieved from /opt/airflow/dags/dag_scraping_twitter.py
[2026-02-12T19:27:01.619+0700] {logging_mixin.py:190} INFO - [2026-02-12T19:27:01.619+0700] {dag.py:3211} INFO - Sync 1 DAGs
[2026-02-12T19:27:01.650+0700] {logging_mixin.py:190} INFO - [2026-02-12T19:27:01.650+0700] {dag.py:4138} INFO - Setting next_dagrun for dag_scraping_twitter to 2026-02-12 11:00:00+00:00, run_after=2026-02-12 23:00:00+00:00
[2026-02-12T19:27:01.674+0700] {processor.py:208} INFO - Processing /opt/airflow/dags/dag_scraping_twitter.py took 0.143 seconds
[2026-02-12T19:27:32.386+0700] {processor.py:186} INFO - Started process (PID=1782) to work on /opt/airflow/dags/dag_scraping_twitter.py
[2026-02-12T19:27:32.388+0700] {processor.py:914} INFO - Processing file /opt/airflow/dags/dag_scraping_twitter.py for tasks to queue
[2026-02-12T19:27:32.392+0700] {logging_mixin.py:190} INFO - [2026-02-12T19:27:32.391+0700] {dagbag.py:587} INFO - Filling up the DagBag from /opt/airflow/dags/dag_scraping_twitter.py
[2026-02-12T19:27:32.426+0700] {processor.py:925} INFO - DAG(s) 'dag_scraping_twitter' retrieved from /opt/airflow/dags/dag_scraping_twitter.py
[2026-02-12T19:27:32.458+0700] {logging_mixin.py:190} INFO - [2026-02-12T19:27:32.457+0700] {dag.py:3211} INFO - Sync 1 DAGs
[2026-02-12T19:27:32.488+0700] {logging_mixin.py:190} INFO - [2026-02-12T19:27:32.488+0700] {dag.py:4138} INFO - Setting next_dagrun for dag_scraping_twitter to 2026-02-12 11:00:00+00:00, run_after=2026-02-12 23:00:00+00:00
[2026-02-12T19:27:32.519+0700] {processor.py:208} INFO - Processing /opt/airflow/dags/dag_scraping_twitter.py took 0.143 seconds
[2026-02-12T19:28:02.846+0700] {processor.py:186} INFO - Started process (PID=1792) to work on /opt/airflow/dags/dag_scraping_twitter.py
[2026-02-12T19:28:02.848+0700] {processor.py:914} INFO - Processing file /opt/airflow/dags/dag_scraping_twitter.py for tasks to queue
[2026-02-12T19:28:02.851+0700] {logging_mixin.py:190} INFO - [2026-02-12T19:28:02.851+0700] {dagbag.py:587} INFO - Filling up the DagBag from /opt/airflow/dags/dag_scraping_twitter.py
[2026-02-12T19:28:02.881+0700] {processor.py:925} INFO - DAG(s) 'dag_scraping_twitter' retrieved from /opt/airflow/dags/dag_scraping_twitter.py
[2026-02-12T19:28:02.916+0700] {logging_mixin.py:190} INFO - [2026-02-12T19:28:02.916+0700] {dag.py:3211} INFO - Sync 1 DAGs
[2026-02-12T19:28:02.946+0700] {logging_mixin.py:190} INFO - [2026-02-12T19:28:02.946+0700] {dag.py:4138} INFO - Setting next_dagrun for dag_scraping_twitter to 2026-02-12 11:00:00+00:00, run_after=2026-02-12 23:00:00+00:00
[2026-02-12T19:28:02.970+0700] {processor.py:208} INFO - Processing /opt/airflow/dags/dag_scraping_twitter.py took 0.133 seconds
[2026-02-12T19:28:33.710+0700] {processor.py:186} INFO - Started process (PID=1802) to work on /opt/airflow/dags/dag_scraping_twitter.py
[2026-02-12T19:28:33.711+0700] {processor.py:914} INFO - Processing file /opt/airflow/dags/dag_scraping_twitter.py for tasks to queue
[2026-02-12T19:28:33.714+0700] {logging_mixin.py:190} INFO - [2026-02-12T19:28:33.714+0700] {dagbag.py:587} INFO - Filling up the DagBag from /opt/airflow/dags/dag_scraping_twitter.py
[2026-02-12T19:28:33.745+0700] {processor.py:925} INFO - DAG(s) 'dag_scraping_twitter' retrieved from /opt/airflow/dags/dag_scraping_twitter.py
[2026-02-12T19:28:33.777+0700] {logging_mixin.py:190} INFO - [2026-02-12T19:28:33.776+0700] {dag.py:3211} INFO - Sync 1 DAGs
[2026-02-12T19:28:33.809+0700] {logging_mixin.py:190} INFO - [2026-02-12T19:28:33.809+0700] {dag.py:4138} INFO - Setting next_dagrun for dag_scraping_twitter to 2026-02-12 11:00:00+00:00, run_after=2026-02-12 23:00:00+00:00
[2026-02-12T19:28:33.831+0700] {processor.py:208} INFO - Processing /opt/airflow/dags/dag_scraping_twitter.py took 0.130 seconds
[2026-02-12T19:29:04.375+0700] {processor.py:186} INFO - Started process (PID=1812) to work on /opt/airflow/dags/dag_scraping_twitter.py
[2026-02-12T19:29:04.376+0700] {processor.py:914} INFO - Processing file /opt/airflow/dags/dag_scraping_twitter.py for tasks to queue
[2026-02-12T19:29:04.379+0700] {logging_mixin.py:190} INFO - [2026-02-12T19:29:04.379+0700] {dagbag.py:587} INFO - Filling up the DagBag from /opt/airflow/dags/dag_scraping_twitter.py
[2026-02-12T19:29:04.409+0700] {processor.py:925} INFO - DAG(s) 'dag_scraping_twitter' retrieved from /opt/airflow/dags/dag_scraping_twitter.py
[2026-02-12T19:29:04.447+0700] {logging_mixin.py:190} INFO - [2026-02-12T19:29:04.446+0700] {dag.py:3211} INFO - Sync 1 DAGs
[2026-02-12T19:29:04.480+0700] {logging_mixin.py:190} INFO - [2026-02-12T19:29:04.479+0700] {dag.py:4138} INFO - Setting next_dagrun for dag_scraping_twitter to 2026-02-12 11:00:00+00:00, run_after=2026-02-12 23:00:00+00:00
[2026-02-12T19:29:04.502+0700] {processor.py:208} INFO - Processing /opt/airflow/dags/dag_scraping_twitter.py took 0.135 seconds
[2026-02-12T19:29:34.725+0700] {processor.py:186} INFO - Started process (PID=1822) to work on /opt/airflow/dags/dag_scraping_twitter.py
[2026-02-12T19:29:34.727+0700] {processor.py:914} INFO - Processing file /opt/airflow/dags/dag_scraping_twitter.py for tasks to queue
[2026-02-12T19:29:34.731+0700] {logging_mixin.py:190} INFO - [2026-02-12T19:29:34.730+0700] {dagbag.py:587} INFO - Filling up the DagBag from /opt/airflow/dags/dag_scraping_twitter.py
[2026-02-12T19:29:34.771+0700] {processor.py:925} INFO - DAG(s) 'dag_scraping_twitter' retrieved from /opt/airflow/dags/dag_scraping_twitter.py
[2026-02-12T19:29:34.824+0700] {logging_mixin.py:190} INFO - [2026-02-12T19:29:34.824+0700] {dag.py:3211} INFO - Sync 1 DAGs
[2026-02-12T19:29:34.866+0700] {logging_mixin.py:190} INFO - [2026-02-12T19:29:34.866+0700] {dag.py:4138} INFO - Setting next_dagrun for dag_scraping_twitter to 2026-02-12 11:00:00+00:00, run_after=2026-02-12 23:00:00+00:00
[2026-02-12T19:29:34.896+0700] {processor.py:208} INFO - Processing /opt/airflow/dags/dag_scraping_twitter.py took 0.180 seconds
[2026-02-12T19:30:05.528+0700] {processor.py:186} INFO - Started process (PID=1832) to work on /opt/airflow/dags/dag_scraping_twitter.py
[2026-02-12T19:30:05.530+0700] {processor.py:914} INFO - Processing file /opt/airflow/dags/dag_scraping_twitter.py for tasks to queue
[2026-02-12T19:30:05.534+0700] {logging_mixin.py:190} INFO - [2026-02-12T19:30:05.533+0700] {dagbag.py:587} INFO - Filling up the DagBag from /opt/airflow/dags/dag_scraping_twitter.py
[2026-02-12T19:30:05.572+0700] {processor.py:925} INFO - DAG(s) 'dag_scraping_twitter' retrieved from /opt/airflow/dags/dag_scraping_twitter.py
[2026-02-12T19:30:05.610+0700] {logging_mixin.py:190} INFO - [2026-02-12T19:30:05.610+0700] {dag.py:3211} INFO - Sync 1 DAGs
[2026-02-12T19:30:05.644+0700] {logging_mixin.py:190} INFO - [2026-02-12T19:30:05.643+0700] {dag.py:4138} INFO - Setting next_dagrun for dag_scraping_twitter to 2026-02-12 11:00:00+00:00, run_after=2026-02-12 23:00:00+00:00
[2026-02-12T19:30:05.666+0700] {processor.py:208} INFO - Processing /opt/airflow/dags/dag_scraping_twitter.py took 0.148 seconds
[2026-02-12T19:30:35.835+0700] {processor.py:186} INFO - Started process (PID=1842) to work on /opt/airflow/dags/dag_scraping_twitter.py
[2026-02-12T19:30:35.837+0700] {processor.py:914} INFO - Processing file /opt/airflow/dags/dag_scraping_twitter.py for tasks to queue
[2026-02-12T19:30:35.842+0700] {logging_mixin.py:190} INFO - [2026-02-12T19:30:35.841+0700] {dagbag.py:587} INFO - Filling up the DagBag from /opt/airflow/dags/dag_scraping_twitter.py
[2026-02-12T19:30:35.872+0700] {processor.py:925} INFO - DAG(s) 'dag_scraping_twitter' retrieved from /opt/airflow/dags/dag_scraping_twitter.py
[2026-02-12T19:30:35.910+0700] {logging_mixin.py:190} INFO - [2026-02-12T19:30:35.910+0700] {dag.py:3211} INFO - Sync 1 DAGs
[2026-02-12T19:30:35.937+0700] {logging_mixin.py:190} INFO - [2026-02-12T19:30:35.936+0700] {dag.py:4138} INFO - Setting next_dagrun for dag_scraping_twitter to 2026-02-12 11:00:00+00:00, run_after=2026-02-12 23:00:00+00:00
[2026-02-12T19:30:35.960+0700] {processor.py:208} INFO - Processing /opt/airflow/dags/dag_scraping_twitter.py took 0.133 seconds
[2026-02-12T19:31:06.283+0700] {processor.py:186} INFO - Started process (PID=1852) to work on /opt/airflow/dags/dag_scraping_twitter.py
[2026-02-12T19:31:06.284+0700] {processor.py:914} INFO - Processing file /opt/airflow/dags/dag_scraping_twitter.py for tasks to queue
[2026-02-12T19:31:06.287+0700] {logging_mixin.py:190} INFO - [2026-02-12T19:31:06.287+0700] {dagbag.py:587} INFO - Filling up the DagBag from /opt/airflow/dags/dag_scraping_twitter.py
[2026-02-12T19:31:06.317+0700] {processor.py:925} INFO - DAG(s) 'dag_scraping_twitter' retrieved from /opt/airflow/dags/dag_scraping_twitter.py
[2026-02-12T19:31:06.352+0700] {logging_mixin.py:190} INFO - [2026-02-12T19:31:06.352+0700] {dag.py:3211} INFO - Sync 1 DAGs
[2026-02-12T19:31:06.383+0700] {logging_mixin.py:190} INFO - [2026-02-12T19:31:06.383+0700] {dag.py:4138} INFO - Setting next_dagrun for dag_scraping_twitter to 2026-02-12 11:00:00+00:00, run_after=2026-02-12 23:00:00+00:00
[2026-02-12T19:31:06.406+0700] {processor.py:208} INFO - Processing /opt/airflow/dags/dag_scraping_twitter.py took 0.132 seconds
[2026-02-12T19:31:36.981+0700] {processor.py:186} INFO - Started process (PID=1862) to work on /opt/airflow/dags/dag_scraping_twitter.py
[2026-02-12T19:31:36.982+0700] {processor.py:914} INFO - Processing file /opt/airflow/dags/dag_scraping_twitter.py for tasks to queue
[2026-02-12T19:31:36.987+0700] {logging_mixin.py:190} INFO - [2026-02-12T19:31:36.986+0700] {dagbag.py:587} INFO - Filling up the DagBag from /opt/airflow/dags/dag_scraping_twitter.py
[2026-02-12T19:31:37.031+0700] {processor.py:925} INFO - DAG(s) 'dag_scraping_twitter' retrieved from /opt/airflow/dags/dag_scraping_twitter.py
[2026-02-12T19:31:37.071+0700] {logging_mixin.py:190} INFO - [2026-02-12T19:31:37.071+0700] {dag.py:3211} INFO - Sync 1 DAGs
[2026-02-12T19:31:37.108+0700] {logging_mixin.py:190} INFO - [2026-02-12T19:31:37.107+0700] {dag.py:4138} INFO - Setting next_dagrun for dag_scraping_twitter to 2026-02-12 11:00:00+00:00, run_after=2026-02-12 23:00:00+00:00
[2026-02-12T19:31:37.135+0700] {processor.py:208} INFO - Processing /opt/airflow/dags/dag_scraping_twitter.py took 0.166 seconds
[2026-02-12T19:32:07.337+0700] {processor.py:186} INFO - Started process (PID=1872) to work on /opt/airflow/dags/dag_scraping_twitter.py
[2026-02-12T19:32:07.339+0700] {processor.py:914} INFO - Processing file /opt/airflow/dags/dag_scraping_twitter.py for tasks to queue
[2026-02-12T19:32:07.342+0700] {logging_mixin.py:190} INFO - [2026-02-12T19:32:07.342+0700] {dagbag.py:587} INFO - Filling up the DagBag from /opt/airflow/dags/dag_scraping_twitter.py
[2026-02-12T19:32:07.380+0700] {processor.py:925} INFO - DAG(s) 'dag_scraping_twitter' retrieved from /opt/airflow/dags/dag_scraping_twitter.py
[2026-02-12T19:32:07.413+0700] {logging_mixin.py:190} INFO - [2026-02-12T19:32:07.413+0700] {dag.py:3211} INFO - Sync 1 DAGs
[2026-02-12T19:32:07.446+0700] {logging_mixin.py:190} INFO - [2026-02-12T19:32:07.446+0700] {dag.py:4138} INFO - Setting next_dagrun for dag_scraping_twitter to 2026-02-12 11:00:00+00:00, run_after=2026-02-12 23:00:00+00:00
[2026-02-12T19:32:07.473+0700] {processor.py:208} INFO - Processing /opt/airflow/dags/dag_scraping_twitter.py took 0.144 seconds
[2026-02-12T19:32:37.623+0700] {processor.py:186} INFO - Started process (PID=1882) to work on /opt/airflow/dags/dag_scraping_twitter.py
[2026-02-12T19:32:37.625+0700] {processor.py:914} INFO - Processing file /opt/airflow/dags/dag_scraping_twitter.py for tasks to queue
[2026-02-12T19:32:37.629+0700] {logging_mixin.py:190} INFO - [2026-02-12T19:32:37.628+0700] {dagbag.py:587} INFO - Filling up the DagBag from /opt/airflow/dags/dag_scraping_twitter.py
[2026-02-12T19:32:37.658+0700] {processor.py:925} INFO - DAG(s) 'dag_scraping_twitter' retrieved from /opt/airflow/dags/dag_scraping_twitter.py
[2026-02-12T19:32:37.691+0700] {logging_mixin.py:190} INFO - [2026-02-12T19:32:37.690+0700] {dag.py:3211} INFO - Sync 1 DAGs
[2026-02-12T19:32:37.724+0700] {logging_mixin.py:190} INFO - [2026-02-12T19:32:37.723+0700] {dag.py:4138} INFO - Setting next_dagrun for dag_scraping_twitter to 2026-02-12 11:00:00+00:00, run_after=2026-02-12 23:00:00+00:00
[2026-02-12T19:32:37.749+0700] {processor.py:208} INFO - Processing /opt/airflow/dags/dag_scraping_twitter.py took 0.134 seconds
[2026-02-12T19:33:08.729+0700] {processor.py:186} INFO - Started process (PID=1892) to work on /opt/airflow/dags/dag_scraping_twitter.py
[2026-02-12T19:33:08.731+0700] {processor.py:914} INFO - Processing file /opt/airflow/dags/dag_scraping_twitter.py for tasks to queue
[2026-02-12T19:33:08.735+0700] {logging_mixin.py:190} INFO - [2026-02-12T19:33:08.735+0700] {dagbag.py:587} INFO - Filling up the DagBag from /opt/airflow/dags/dag_scraping_twitter.py
[2026-02-12T19:33:08.784+0700] {processor.py:925} INFO - DAG(s) 'dag_scraping_twitter' retrieved from /opt/airflow/dags/dag_scraping_twitter.py
[2026-02-12T19:33:08.827+0700] {logging_mixin.py:190} INFO - [2026-02-12T19:33:08.826+0700] {dag.py:3211} INFO - Sync 1 DAGs
[2026-02-12T19:33:08.862+0700] {logging_mixin.py:190} INFO - [2026-02-12T19:33:08.862+0700] {dag.py:4138} INFO - Setting next_dagrun for dag_scraping_twitter to 2026-02-12 11:00:00+00:00, run_after=2026-02-12 23:00:00+00:00
[2026-02-12T19:33:08.888+0700] {processor.py:208} INFO - Processing /opt/airflow/dags/dag_scraping_twitter.py took 0.169 seconds
[2026-02-12T19:33:39.057+0700] {processor.py:186} INFO - Started process (PID=1902) to work on /opt/airflow/dags/dag_scraping_twitter.py
[2026-02-12T19:33:39.059+0700] {processor.py:914} INFO - Processing file /opt/airflow/dags/dag_scraping_twitter.py for tasks to queue
[2026-02-12T19:33:39.062+0700] {logging_mixin.py:190} INFO - [2026-02-12T19:33:39.061+0700] {dagbag.py:587} INFO - Filling up the DagBag from /opt/airflow/dags/dag_scraping_twitter.py
[2026-02-12T19:33:39.096+0700] {processor.py:925} INFO - DAG(s) 'dag_scraping_twitter' retrieved from /opt/airflow/dags/dag_scraping_twitter.py
[2026-02-12T19:33:39.135+0700] {logging_mixin.py:190} INFO - [2026-02-12T19:33:39.135+0700] {dag.py:3211} INFO - Sync 1 DAGs
[2026-02-12T19:33:39.168+0700] {logging_mixin.py:190} INFO - [2026-02-12T19:33:39.167+0700] {dag.py:4138} INFO - Setting next_dagrun for dag_scraping_twitter to 2026-02-12 11:00:00+00:00, run_after=2026-02-12 23:00:00+00:00
[2026-02-12T19:33:39.194+0700] {processor.py:208} INFO - Processing /opt/airflow/dags/dag_scraping_twitter.py took 0.146 seconds
[2026-02-12T19:34:10.063+0700] {processor.py:186} INFO - Started process (PID=1912) to work on /opt/airflow/dags/dag_scraping_twitter.py
[2026-02-12T19:34:10.064+0700] {processor.py:914} INFO - Processing file /opt/airflow/dags/dag_scraping_twitter.py for tasks to queue
[2026-02-12T19:34:10.067+0700] {logging_mixin.py:190} INFO - [2026-02-12T19:34:10.067+0700] {dagbag.py:587} INFO - Filling up the DagBag from /opt/airflow/dags/dag_scraping_twitter.py
[2026-02-12T19:34:10.109+0700] {processor.py:925} INFO - DAG(s) 'dag_scraping_twitter' retrieved from /opt/airflow/dags/dag_scraping_twitter.py
[2026-02-12T19:34:10.104+0700] {logging_mixin.py:190} INFO - [2026-02-12T19:34:10.104+0700] {dag.py:3211} INFO - Sync 1 DAGs
[2026-02-12T19:34:10.133+0700] {logging_mixin.py:190} INFO - [2026-02-12T19:34:10.133+0700] {dag.py:4138} INFO - Setting next_dagrun for dag_scraping_twitter to 2026-02-12 11:00:00+00:00, run_after=2026-02-12 23:00:00+00:00
[2026-02-12T19:34:10.160+0700] {processor.py:208} INFO - Processing /opt/airflow/dags/dag_scraping_twitter.py took 0.147 seconds
[2026-02-12T19:34:40.367+0700] {processor.py:186} INFO - Started process (PID=1922) to work on /opt/airflow/dags/dag_scraping_twitter.py
[2026-02-12T19:34:40.372+0700] {processor.py:914} INFO - Processing file /opt/airflow/dags/dag_scraping_twitter.py for tasks to queue
[2026-02-12T19:34:40.376+0700] {logging_mixin.py:190} INFO - [2026-02-12T19:34:40.375+0700] {dagbag.py:587} INFO - Filling up the DagBag from /opt/airflow/dags/dag_scraping_twitter.py
[2026-02-12T19:34:40.421+0700] {processor.py:925} INFO - DAG(s) 'dag_scraping_twitter' retrieved from /opt/airflow/dags/dag_scraping_twitter.py
[2026-02-12T19:34:40.463+0700] {logging_mixin.py:190} INFO - [2026-02-12T19:34:40.463+0700] {dag.py:3211} INFO - Sync 1 DAGs
[2026-02-12T19:34:40.502+0700] {logging_mixin.py:190} INFO - [2026-02-12T19:34:40.501+0700] {dag.py:4138} INFO - Setting next_dagrun for dag_scraping_twitter to 2026-02-12 11:00:00+00:00, run_after=2026-02-12 23:00:00+00:00
[2026-02-12T19:34:40.531+0700] {processor.py:208} INFO - Processing /opt/airflow/dags/dag_scraping_twitter.py took 0.177 seconds
[2026-02-12T19:35:10.832+0700] {processor.py:186} INFO - Started process (PID=1932) to work on /opt/airflow/dags/dag_scraping_twitter.py
[2026-02-12T19:35:10.833+0700] {processor.py:914} INFO - Processing file /opt/airflow/dags/dag_scraping_twitter.py for tasks to queue
[2026-02-12T19:35:10.837+0700] {logging_mixin.py:190} INFO - [2026-02-12T19:35:10.837+0700] {dagbag.py:587} INFO - Filling up the DagBag from /opt/airflow/dags/dag_scraping_twitter.py
[2026-02-12T19:35:10.878+0700] {processor.py:925} INFO - DAG(s) 'dag_scraping_twitter' retrieved from /opt/airflow/dags/dag_scraping_twitter.py
[2026-02-12T19:35:10.916+0700] {logging_mixin.py:190} INFO - [2026-02-12T19:35:10.916+0700] {dag.py:3211} INFO - Sync 1 DAGs
[2026-02-12T19:35:10.954+0700] {logging_mixin.py:190} INFO - [2026-02-12T19:35:10.954+0700] {dag.py:4138} INFO - Setting next_dagrun for dag_scraping_twitter to 2026-02-12 11:00:00+00:00, run_after=2026-02-12 23:00:00+00:00
[2026-02-12T19:35:10.985+0700] {processor.py:208} INFO - Processing /opt/airflow/dags/dag_scraping_twitter.py took 0.163 seconds
[2026-02-12T19:35:41.169+0700] {processor.py:186} INFO - Started process (PID=1942) to work on /opt/airflow/dags/dag_scraping_twitter.py
[2026-02-12T19:35:41.170+0700] {processor.py:914} INFO - Processing file /opt/airflow/dags/dag_scraping_twitter.py for tasks to queue
[2026-02-12T19:35:41.173+0700] {logging_mixin.py:190} INFO - [2026-02-12T19:35:41.173+0700] {dagbag.py:587} INFO - Filling up the DagBag from /opt/airflow/dags/dag_scraping_twitter.py
[2026-02-12T19:35:41.199+0700] {processor.py:925} INFO - DAG(s) 'dag_scraping_twitter' retrieved from /opt/airflow/dags/dag_scraping_twitter.py
[2026-02-12T19:35:41.227+0700] {logging_mixin.py:190} INFO - [2026-02-12T19:35:41.227+0700] {dag.py:3211} INFO - Sync 1 DAGs
[2026-02-12T19:35:41.261+0700] {logging_mixin.py:190} INFO - [2026-02-12T19:35:41.261+0700] {dag.py:4138} INFO - Setting next_dagrun for dag_scraping_twitter to 2026-02-12 11:00:00+00:00, run_after=2026-02-12 23:00:00+00:00
[2026-02-12T19:35:41.285+0700] {processor.py:208} INFO - Processing /opt/airflow/dags/dag_scraping_twitter.py took 0.123 seconds
[2026-02-12T19:36:11.876+0700] {processor.py:186} INFO - Started process (PID=1952) to work on /opt/airflow/dags/dag_scraping_twitter.py
[2026-02-12T19:36:11.879+0700] {processor.py:914} INFO - Processing file /opt/airflow/dags/dag_scraping_twitter.py for tasks to queue
[2026-02-12T19:36:11.884+0700] {logging_mixin.py:190} INFO - [2026-02-12T19:36:11.884+0700] {dagbag.py:587} INFO - Filling up the DagBag from /opt/airflow/dags/dag_scraping_twitter.py
[2026-02-12T19:36:11.936+0700] {processor.py:925} INFO - DAG(s) 'dag_scraping_twitter' retrieved from /opt/airflow/dags/dag_scraping_twitter.py
[2026-02-12T19:36:11.979+0700] {logging_mixin.py:190} INFO - [2026-02-12T19:36:11.979+0700] {dag.py:3211} INFO - Sync 1 DAGs
[2026-02-12T19:36:12.011+0700] {logging_mixin.py:190} INFO - [2026-02-12T19:36:12.010+0700] {dag.py:4138} INFO - Setting next_dagrun for dag_scraping_twitter to 2026-02-12 11:00:00+00:00, run_after=2026-02-12 23:00:00+00:00
[2026-02-12T19:36:12.046+0700] {processor.py:208} INFO - Processing /opt/airflow/dags/dag_scraping_twitter.py took 0.180 seconds
[2026-02-12T19:36:42.256+0700] {processor.py:186} INFO - Started process (PID=1962) to work on /opt/airflow/dags/dag_scraping_twitter.py
[2026-02-12T19:36:42.258+0700] {processor.py:914} INFO - Processing file /opt/airflow/dags/dag_scraping_twitter.py for tasks to queue
[2026-02-12T19:36:42.263+0700] {logging_mixin.py:190} INFO - [2026-02-12T19:36:42.262+0700] {dagbag.py:587} INFO - Filling up the DagBag from /opt/airflow/dags/dag_scraping_twitter.py
[2026-02-12T19:36:42.310+0700] {processor.py:925} INFO - DAG(s) 'dag_scraping_twitter' retrieved from /opt/airflow/dags/dag_scraping_twitter.py
[2026-02-12T19:36:42.347+0700] {logging_mixin.py:190} INFO - [2026-02-12T19:36:42.346+0700] {dag.py:3211} INFO - Sync 1 DAGs
[2026-02-12T19:36:42.381+0700] {logging_mixin.py:190} INFO - [2026-02-12T19:36:42.381+0700] {dag.py:4138} INFO - Setting next_dagrun for dag_scraping_twitter to 2026-02-12 11:00:00+00:00, run_after=2026-02-12 23:00:00+00:00
[2026-02-12T19:36:42.412+0700] {processor.py:208} INFO - Processing /opt/airflow/dags/dag_scraping_twitter.py took 0.164 seconds
[2026-02-12T19:37:13.337+0700] {processor.py:186} INFO - Started process (PID=1972) to work on /opt/airflow/dags/dag_scraping_twitter.py
[2026-02-12T19:37:13.338+0700] {processor.py:914} INFO - Processing file /opt/airflow/dags/dag_scraping_twitter.py for tasks to queue
[2026-02-12T19:37:13.341+0700] {logging_mixin.py:190} INFO - [2026-02-12T19:37:13.341+0700] {dagbag.py:587} INFO - Filling up the DagBag from /opt/airflow/dags/dag_scraping_twitter.py
[2026-02-12T19:37:13.374+0700] {processor.py:925} INFO - DAG(s) 'dag_scraping_twitter' retrieved from /opt/airflow/dags/dag_scraping_twitter.py
[2026-02-12T19:37:13.409+0700] {logging_mixin.py:190} INFO - [2026-02-12T19:37:13.408+0700] {dag.py:3211} INFO - Sync 1 DAGs
[2026-02-12T19:37:13.442+0700] {logging_mixin.py:190} INFO - [2026-02-12T19:37:13.442+0700] {dag.py:4138} INFO - Setting next_dagrun for dag_scraping_twitter to 2026-02-12 11:00:00+00:00, run_after=2026-02-12 23:00:00+00:00
[2026-02-12T19:37:13.468+0700] {processor.py:208} INFO - Processing /opt/airflow/dags/dag_scraping_twitter.py took 0.140 seconds
[2026-02-12T19:37:44.322+0700] {processor.py:186} INFO - Started process (PID=1982) to work on /opt/airflow/dags/dag_scraping_twitter.py
[2026-02-12T19:37:44.324+0700] {processor.py:914} INFO - Processing file /opt/airflow/dags/dag_scraping_twitter.py for tasks to queue
[2026-02-12T19:37:44.327+0700] {logging_mixin.py:190} INFO - [2026-02-12T19:37:44.327+0700] {dagbag.py:587} INFO - Filling up the DagBag from /opt/airflow/dags/dag_scraping_twitter.py
[2026-02-12T19:37:44.363+0700] {processor.py:925} INFO - DAG(s) 'dag_scraping_twitter' retrieved from /opt/airflow/dags/dag_scraping_twitter.py
[2026-02-12T19:37:44.392+0700] {logging_mixin.py:190} INFO - [2026-02-12T19:37:44.392+0700] {dag.py:3211} INFO - Sync 1 DAGs
[2026-02-12T19:37:44.420+0700] {logging_mixin.py:190} INFO - [2026-02-12T19:37:44.419+0700] {dag.py:4138} INFO - Setting next_dagrun for dag_scraping_twitter to 2026-02-12 11:00:00+00:00, run_after=2026-02-12 23:00:00+00:00
[2026-02-12T19:37:44.444+0700] {processor.py:208} INFO - Processing /opt/airflow/dags/dag_scraping_twitter.py took 0.132 seconds
[2026-02-12T19:38:14.697+0700] {processor.py:186} INFO - Started process (PID=1992) to work on /opt/airflow/dags/dag_scraping_twitter.py
[2026-02-12T19:38:14.698+0700] {processor.py:914} INFO - Processing file /opt/airflow/dags/dag_scraping_twitter.py for tasks to queue
[2026-02-12T19:38:14.703+0700] {logging_mixin.py:190} INFO - [2026-02-12T19:38:14.703+0700] {dagbag.py:587} INFO - Filling up the DagBag from /opt/airflow/dags/dag_scraping_twitter.py
[2026-02-12T19:38:14.736+0700] {processor.py:925} INFO - DAG(s) 'dag_scraping_twitter' retrieved from /opt/airflow/dags/dag_scraping_twitter.py
[2026-02-12T19:38:14.767+0700] {logging_mixin.py:190} INFO - [2026-02-12T19:38:14.766+0700] {dag.py:3211} INFO - Sync 1 DAGs
[2026-02-12T19:38:14.794+0700] {logging_mixin.py:190} INFO - [2026-02-12T19:38:14.794+0700] {dag.py:4138} INFO - Setting next_dagrun for dag_scraping_twitter to 2026-02-12 11:00:00+00:00, run_after=2026-02-12 23:00:00+00:00
[2026-02-12T19:38:14.823+0700] {processor.py:208} INFO - Processing /opt/airflow/dags/dag_scraping_twitter.py took 0.134 seconds
[2026-02-12T19:38:45.807+0700] {processor.py:186} INFO - Started process (PID=2002) to work on /opt/airflow/dags/dag_scraping_twitter.py
[2026-02-12T19:38:45.808+0700] {processor.py:914} INFO - Processing file /opt/airflow/dags/dag_scraping_twitter.py for tasks to queue
[2026-02-12T19:38:45.811+0700] {logging_mixin.py:190} INFO - [2026-02-12T19:38:45.811+0700] {dagbag.py:587} INFO - Filling up the DagBag from /opt/airflow/dags/dag_scraping_twitter.py
[2026-02-12T19:38:45.841+0700] {processor.py:925} INFO - DAG(s) 'dag_scraping_twitter' retrieved from /opt/airflow/dags/dag_scraping_twitter.py
[2026-02-12T19:38:45.875+0700] {logging_mixin.py:190} INFO - [2026-02-12T19:38:45.875+0700] {dag.py:3211} INFO - Sync 1 DAGs
[2026-02-12T19:38:45.904+0700] {logging_mixin.py:190} INFO - [2026-02-12T19:38:45.904+0700] {dag.py:4138} INFO - Setting next_dagrun for dag_scraping_twitter to 2026-02-12 11:00:00+00:00, run_after=2026-02-12 23:00:00+00:00
[2026-02-12T19:38:45.929+0700] {processor.py:208} INFO - Processing /opt/airflow/dags/dag_scraping_twitter.py took 0.131 seconds
[2026-02-12T19:39:16.348+0700] {processor.py:186} INFO - Started process (PID=2012) to work on /opt/airflow/dags/dag_scraping_twitter.py
[2026-02-12T19:39:16.353+0700] {processor.py:914} INFO - Processing file /opt/airflow/dags/dag_scraping_twitter.py for tasks to queue
[2026-02-12T19:39:16.357+0700] {logging_mixin.py:190} INFO - [2026-02-12T19:39:16.356+0700] {dagbag.py:587} INFO - Filling up the DagBag from /opt/airflow/dags/dag_scraping_twitter.py
[2026-02-12T19:39:16.397+0700] {processor.py:925} INFO - DAG(s) 'dag_scraping_twitter' retrieved from /opt/airflow/dags/dag_scraping_twitter.py
[2026-02-12T19:39:16.427+0700] {logging_mixin.py:190} INFO - [2026-02-12T19:39:16.427+0700] {dag.py:3211} INFO - Sync 1 DAGs
[2026-02-12T19:39:16.459+0700] {logging_mixin.py:190} INFO - [2026-02-12T19:39:16.458+0700] {dag.py:4138} INFO - Setting next_dagrun for dag_scraping_twitter to 2026-02-12 11:00:00+00:00, run_after=2026-02-12 23:00:00+00:00
[2026-02-12T19:39:16.485+0700] {processor.py:208} INFO - Processing /opt/airflow/dags/dag_scraping_twitter.py took 0.156 seconds
[2026-02-12T19:39:46.784+0700] {processor.py:186} INFO - Started process (PID=2022) to work on /opt/airflow/dags/dag_scraping_twitter.py
[2026-02-12T19:39:46.785+0700] {processor.py:914} INFO - Processing file /opt/airflow/dags/dag_scraping_twitter.py for tasks to queue
[2026-02-12T19:39:46.790+0700] {logging_mixin.py:190} INFO - [2026-02-12T19:39:46.790+0700] {dagbag.py:587} INFO - Filling up the DagBag from /opt/airflow/dags/dag_scraping_twitter.py
[2026-02-12T19:39:46.833+0700] {processor.py:925} INFO - DAG(s) 'dag_scraping_twitter' retrieved from /opt/airflow/dags/dag_scraping_twitter.py
[2026-02-12T19:39:46.867+0700] {logging_mixin.py:190} INFO - [2026-02-12T19:39:46.867+0700] {dag.py:3211} INFO - Sync 1 DAGs
[2026-02-12T19:39:46.899+0700] {logging_mixin.py:190} INFO - [2026-02-12T19:39:46.899+0700] {dag.py:4138} INFO - Setting next_dagrun for dag_scraping_twitter to 2026-02-12 11:00:00+00:00, run_after=2026-02-12 23:00:00+00:00
[2026-02-12T19:39:46.926+0700] {processor.py:208} INFO - Processing /opt/airflow/dags/dag_scraping_twitter.py took 0.151 seconds
[2026-02-12T19:40:17.464+0700] {processor.py:186} INFO - Started process (PID=2032) to work on /opt/airflow/dags/dag_scraping_twitter.py
[2026-02-12T19:40:17.466+0700] {processor.py:914} INFO - Processing file /opt/airflow/dags/dag_scraping_twitter.py for tasks to queue
[2026-02-12T19:40:17.468+0700] {logging_mixin.py:190} INFO - [2026-02-12T19:40:17.468+0700] {dagbag.py:587} INFO - Filling up the DagBag from /opt/airflow/dags/dag_scraping_twitter.py
[2026-02-12T19:40:17.494+0700] {processor.py:925} INFO - DAG(s) 'dag_scraping_twitter' retrieved from /opt/airflow/dags/dag_scraping_twitter.py
[2026-02-12T19:40:17.524+0700] {logging_mixin.py:190} INFO - [2026-02-12T19:40:17.523+0700] {dag.py:3211} INFO - Sync 1 DAGs
[2026-02-12T19:40:17.553+0700] {logging_mixin.py:190} INFO - [2026-02-12T19:40:17.553+0700] {dag.py:4138} INFO - Setting next_dagrun for dag_scraping_twitter to 2026-02-12 11:00:00+00:00, run_after=2026-02-12 23:00:00+00:00
[2026-02-12T19:40:17.574+0700] {processor.py:208} INFO - Processing /opt/airflow/dags/dag_scraping_twitter.py took 0.121 seconds
[2026-02-12T19:40:47.976+0700] {processor.py:186} INFO - Started process (PID=2042) to work on /opt/airflow/dags/dag_scraping_twitter.py
[2026-02-12T19:40:47.981+0700] {processor.py:914} INFO - Processing file /opt/airflow/dags/dag_scraping_twitter.py for tasks to queue
[2026-02-12T19:40:47.989+0700] {logging_mixin.py:190} INFO - [2026-02-12T19:40:47.988+0700] {dagbag.py:587} INFO - Filling up the DagBag from /opt/airflow/dags/dag_scraping_twitter.py
[2026-02-12T19:40:48.027+0700] {processor.py:925} INFO - DAG(s) 'dag_scraping_twitter' retrieved from /opt/airflow/dags/dag_scraping_twitter.py
[2026-02-12T19:40:48.061+0700] {logging_mixin.py:190} INFO - [2026-02-12T19:40:48.061+0700] {dag.py:3211} INFO - Sync 1 DAGs
[2026-02-12T19:40:48.089+0700] {logging_mixin.py:190} INFO - [2026-02-12T19:40:48.089+0700] {dag.py:4138} INFO - Setting next_dagrun for dag_scraping_twitter to 2026-02-12 11:00:00+00:00, run_after=2026-02-12 23:00:00+00:00
[2026-02-12T19:40:48.113+0700] {processor.py:208} INFO - Processing /opt/airflow/dags/dag_scraping_twitter.py took 0.145 seconds
[2026-02-12T19:41:18.681+0700] {processor.py:186} INFO - Started process (PID=2052) to work on /opt/airflow/dags/dag_scraping_twitter.py
[2026-02-12T19:41:18.683+0700] {processor.py:914} INFO - Processing file /opt/airflow/dags/dag_scraping_twitter.py for tasks to queue
[2026-02-12T19:41:18.686+0700] {logging_mixin.py:190} INFO - [2026-02-12T19:41:18.685+0700] {dagbag.py:587} INFO - Filling up the DagBag from /opt/airflow/dags/dag_scraping_twitter.py
[2026-02-12T19:41:18.730+0700] {processor.py:925} INFO - DAG(s) 'dag_scraping_twitter' retrieved from /opt/airflow/dags/dag_scraping_twitter.py
[2026-02-12T19:41:18.766+0700] {logging_mixin.py:190} INFO - [2026-02-12T19:41:18.766+0700] {dag.py:3211} INFO - Sync 1 DAGs
[2026-02-12T19:41:18.798+0700] {logging_mixin.py:190} INFO - [2026-02-12T19:41:18.798+0700] {dag.py:4138} INFO - Setting next_dagrun for dag_scraping_twitter to 2026-02-12 11:00:00+00:00, run_after=2026-02-12 23:00:00+00:00
[2026-02-12T19:41:18.825+0700] {processor.py:208} INFO - Processing /opt/airflow/dags/dag_scraping_twitter.py took 0.153 seconds
[2026-02-12T19:41:49.031+0700] {processor.py:186} INFO - Started process (PID=2062) to work on /opt/airflow/dags/dag_scraping_twitter.py
[2026-02-12T19:41:49.033+0700] {processor.py:914} INFO - Processing file /opt/airflow/dags/dag_scraping_twitter.py for tasks to queue
[2026-02-12T19:41:49.036+0700] {logging_mixin.py:190} INFO - [2026-02-12T19:41:49.036+0700] {dagbag.py:587} INFO - Filling up the DagBag from /opt/airflow/dags/dag_scraping_twitter.py
[2026-02-12T19:41:49.074+0700] {processor.py:925} INFO - DAG(s) 'dag_scraping_twitter' retrieved from /opt/airflow/dags/dag_scraping_twitter.py
[2026-02-12T19:41:49.108+0700] {logging_mixin.py:190} INFO - [2026-02-12T19:41:49.108+0700] {dag.py:3211} INFO - Sync 1 DAGs
[2026-02-12T19:41:49.135+0700] {logging_mixin.py:190} INFO - [2026-02-12T19:41:49.135+0700] {dag.py:4138} INFO - Setting next_dagrun for dag_scraping_twitter to 2026-02-12 11:00:00+00:00, run_after=2026-02-12 23:00:00+00:00
[2026-02-12T19:41:49.161+0700] {processor.py:208} INFO - Processing /opt/airflow/dags/dag_scraping_twitter.py took 0.138 seconds
[2026-02-12T19:42:19.487+0700] {processor.py:186} INFO - Started process (PID=2072) to work on /opt/airflow/dags/dag_scraping_twitter.py
[2026-02-12T19:42:19.488+0700] {processor.py:914} INFO - Processing file /opt/airflow/dags/dag_scraping_twitter.py for tasks to queue
[2026-02-12T19:42:19.492+0700] {logging_mixin.py:190} INFO - [2026-02-12T19:42:19.492+0700] {dagbag.py:587} INFO - Filling up the DagBag from /opt/airflow/dags/dag_scraping_twitter.py
[2026-02-12T19:42:19.522+0700] {processor.py:925} INFO - DAG(s) 'dag_scraping_twitter' retrieved from /opt/airflow/dags/dag_scraping_twitter.py
[2026-02-12T19:42:19.554+0700] {logging_mixin.py:190} INFO - [2026-02-12T19:42:19.553+0700] {dag.py:3211} INFO - Sync 1 DAGs
[2026-02-12T19:42:19.586+0700] {logging_mixin.py:190} INFO - [2026-02-12T19:42:19.586+0700] {dag.py:4138} INFO - Setting next_dagrun for dag_scraping_twitter to 2026-02-12 11:00:00+00:00, run_after=2026-02-12 23:00:00+00:00
[2026-02-12T19:42:19.612+0700] {processor.py:208} INFO - Processing /opt/airflow/dags/dag_scraping_twitter.py took 0.134 seconds
[2026-02-12T19:42:49.827+0700] {processor.py:186} INFO - Started process (PID=2082) to work on /opt/airflow/dags/dag_scraping_twitter.py
[2026-02-12T19:42:49.829+0700] {processor.py:914} INFO - Processing file /opt/airflow/dags/dag_scraping_twitter.py for tasks to queue
[2026-02-12T19:42:49.832+0700] {logging_mixin.py:190} INFO - [2026-02-12T19:42:49.832+0700] {dagbag.py:587} INFO - Filling up the DagBag from /opt/airflow/dags/dag_scraping_twitter.py
[2026-02-12T19:42:49.866+0700] {processor.py:925} INFO - DAG(s) 'dag_scraping_twitter' retrieved from /opt/airflow/dags/dag_scraping_twitter.py
[2026-02-12T19:42:49.906+0700] {logging_mixin.py:190} INFO - [2026-02-12T19:42:49.905+0700] {dag.py:3211} INFO - Sync 1 DAGs
[2026-02-12T19:42:49.943+0700] {logging_mixin.py:190} INFO - [2026-02-12T19:42:49.943+0700] {dag.py:4138} INFO - Setting next_dagrun for dag_scraping_twitter to 2026-02-12 11:00:00+00:00, run_after=2026-02-12 23:00:00+00:00
[2026-02-12T19:42:49.970+0700] {processor.py:208} INFO - Processing /opt/airflow/dags/dag_scraping_twitter.py took 0.152 seconds
[2026-02-12T19:43:20.088+0700] {processor.py:186} INFO - Started process (PID=2092) to work on /opt/airflow/dags/dag_scraping_twitter.py
[2026-02-12T19:43:20.092+0700] {processor.py:914} INFO - Processing file /opt/airflow/dags/dag_scraping_twitter.py for tasks to queue
[2026-02-12T19:43:20.095+0700] {logging_mixin.py:190} INFO - [2026-02-12T19:43:20.095+0700] {dagbag.py:587} INFO - Filling up the DagBag from /opt/airflow/dags/dag_scraping_twitter.py
[2026-02-12T19:43:20.128+0700] {processor.py:925} INFO - DAG(s) 'dag_scraping_twitter' retrieved from /opt/airflow/dags/dag_scraping_twitter.py
[2026-02-12T19:43:20.164+0700] {logging_mixin.py:190} INFO - [2026-02-12T19:43:20.163+0700] {dag.py:3211} INFO - Sync 1 DAGs
[2026-02-12T19:43:20.189+0700] {logging_mixin.py:190} INFO - [2026-02-12T19:43:20.189+0700] {dag.py:4138} INFO - Setting next_dagrun for dag_scraping_twitter to 2026-02-12 11:00:00+00:00, run_after=2026-02-12 23:00:00+00:00
[2026-02-12T19:43:20.214+0700] {processor.py:208} INFO - Processing /opt/airflow/dags/dag_scraping_twitter.py took 0.134 seconds
[2026-02-12T19:43:50.367+0700] {processor.py:186} INFO - Started process (PID=2102) to work on /opt/airflow/dags/dag_scraping_twitter.py
[2026-02-12T19:43:50.370+0700] {processor.py:914} INFO - Processing file /opt/airflow/dags/dag_scraping_twitter.py for tasks to queue
[2026-02-12T19:43:50.373+0700] {logging_mixin.py:190} INFO - [2026-02-12T19:43:50.373+0700] {dagbag.py:587} INFO - Filling up the DagBag from /opt/airflow/dags/dag_scraping_twitter.py
[2026-02-12T19:43:50.416+0700] {processor.py:925} INFO - DAG(s) 'dag_scraping_twitter' retrieved from /opt/airflow/dags/dag_scraping_twitter.py
[2026-02-12T19:43:50.447+0700] {logging_mixin.py:190} INFO - [2026-02-12T19:43:50.447+0700] {dag.py:3211} INFO - Sync 1 DAGs
[2026-02-12T19:43:50.479+0700] {logging_mixin.py:190} INFO - [2026-02-12T19:43:50.479+0700] {dag.py:4138} INFO - Setting next_dagrun for dag_scraping_twitter to 2026-02-12 11:00:00+00:00, run_after=2026-02-12 23:00:00+00:00
[2026-02-12T19:43:50.507+0700] {processor.py:208} INFO - Processing /opt/airflow/dags/dag_scraping_twitter.py took 0.150 seconds
[2026-02-12T19:44:21.239+0700] {processor.py:186} INFO - Started process (PID=2112) to work on /opt/airflow/dags/dag_scraping_twitter.py
[2026-02-12T19:44:21.241+0700] {processor.py:914} INFO - Processing file /opt/airflow/dags/dag_scraping_twitter.py for tasks to queue
[2026-02-12T19:44:21.246+0700] {logging_mixin.py:190} INFO - [2026-02-12T19:44:21.245+0700] {dagbag.py:587} INFO - Filling up the DagBag from /opt/airflow/dags/dag_scraping_twitter.py
[2026-02-12T19:44:21.280+0700] {processor.py:925} INFO - DAG(s) 'dag_scraping_twitter' retrieved from /opt/airflow/dags/dag_scraping_twitter.py
[2026-02-12T19:44:21.315+0700] {logging_mixin.py:190} INFO - [2026-02-12T19:44:21.315+0700] {dag.py:3211} INFO - Sync 1 DAGs
[2026-02-12T19:44:21.345+0700] {logging_mixin.py:190} INFO - [2026-02-12T19:44:21.345+0700] {dag.py:4138} INFO - Setting next_dagrun for dag_scraping_twitter to 2026-02-12 11:00:00+00:00, run_after=2026-02-12 23:00:00+00:00
[2026-02-12T19:44:21.373+0700] {processor.py:208} INFO - Processing /opt/airflow/dags/dag_scraping_twitter.py took 0.146 seconds
[2026-02-12T19:44:51.522+0700] {processor.py:186} INFO - Started process (PID=2122) to work on /opt/airflow/dags/dag_scraping_twitter.py
[2026-02-12T19:44:51.525+0700] {processor.py:914} INFO - Processing file /opt/airflow/dags/dag_scraping_twitter.py for tasks to queue
[2026-02-12T19:44:51.528+0700] {logging_mixin.py:190} INFO - [2026-02-12T19:44:51.528+0700] {dagbag.py:587} INFO - Filling up the DagBag from /opt/airflow/dags/dag_scraping_twitter.py
[2026-02-12T19:44:51.563+0700] {processor.py:925} INFO - DAG(s) 'dag_scraping_twitter' retrieved from /opt/airflow/dags/dag_scraping_twitter.py
[2026-02-12T19:44:51.602+0700] {logging_mixin.py:190} INFO - [2026-02-12T19:44:51.602+0700] {dag.py:3211} INFO - Sync 1 DAGs
[2026-02-12T19:44:51.641+0700] {logging_mixin.py:190} INFO - [2026-02-12T19:44:51.641+0700] {dag.py:4138} INFO - Setting next_dagrun for dag_scraping_twitter to 2026-02-12 11:00:00+00:00, run_after=2026-02-12 23:00:00+00:00
[2026-02-12T19:44:51.676+0700] {processor.py:208} INFO - Processing /opt/airflow/dags/dag_scraping_twitter.py took 0.164 seconds
[2026-02-12T19:45:21.958+0700] {processor.py:186} INFO - Started process (PID=2132) to work on /opt/airflow/dags/dag_scraping_twitter.py
[2026-02-12T19:45:21.960+0700] {processor.py:914} INFO - Processing file /opt/airflow/dags/dag_scraping_twitter.py for tasks to queue
[2026-02-12T19:45:21.967+0700] {logging_mixin.py:190} INFO - [2026-02-12T19:45:21.966+0700] {dagbag.py:587} INFO - Filling up the DagBag from /opt/airflow/dags/dag_scraping_twitter.py
[2026-02-12T19:45:22.004+0700] {processor.py:925} INFO - DAG(s) 'dag_scraping_twitter' retrieved from /opt/airflow/dags/dag_scraping_twitter.py
[2026-02-12T19:45:22.047+0700] {logging_mixin.py:190} INFO - [2026-02-12T19:45:22.047+0700] {dag.py:3211} INFO - Sync 1 DAGs
[2026-02-12T19:45:22.089+0700] {logging_mixin.py:190} INFO - [2026-02-12T19:45:22.089+0700] {dag.py:4138} INFO - Setting next_dagrun for dag_scraping_twitter to 2026-02-12 11:00:00+00:00, run_after=2026-02-12 23:00:00+00:00
[2026-02-12T19:45:22.117+0700] {processor.py:208} INFO - Processing /opt/airflow/dags/dag_scraping_twitter.py took 0.171 seconds
[2026-02-12T19:45:52.371+0700] {processor.py:186} INFO - Started process (PID=2142) to work on /opt/airflow/dags/dag_scraping_twitter.py
[2026-02-12T19:45:52.374+0700] {processor.py:914} INFO - Processing file /opt/airflow/dags/dag_scraping_twitter.py for tasks to queue
[2026-02-12T19:45:52.382+0700] {logging_mixin.py:190} INFO - [2026-02-12T19:45:52.381+0700] {dagbag.py:587} INFO - Filling up the DagBag from /opt/airflow/dags/dag_scraping_twitter.py
[2026-02-12T19:45:52.431+0700] {processor.py:925} INFO - DAG(s) 'dag_scraping_twitter' retrieved from /opt/airflow/dags/dag_scraping_twitter.py
[2026-02-12T19:45:52.475+0700] {logging_mixin.py:190} INFO - [2026-02-12T19:45:52.474+0700] {dag.py:3211} INFO - Sync 1 DAGs
[2026-02-12T19:45:52.516+0700] {logging_mixin.py:190} INFO - [2026-02-12T19:45:52.515+0700] {dag.py:4138} INFO - Setting next_dagrun for dag_scraping_twitter to 2026-02-12 11:00:00+00:00, run_after=2026-02-12 23:00:00+00:00
[2026-02-12T19:45:52.545+0700] {processor.py:208} INFO - Processing /opt/airflow/dags/dag_scraping_twitter.py took 0.194 seconds
[2026-02-12T19:46:23.176+0700] {processor.py:186} INFO - Started process (PID=2152) to work on /opt/airflow/dags/dag_scraping_twitter.py
[2026-02-12T19:46:23.178+0700] {processor.py:914} INFO - Processing file /opt/airflow/dags/dag_scraping_twitter.py for tasks to queue
[2026-02-12T19:46:23.181+0700] {logging_mixin.py:190} INFO - [2026-02-12T19:46:23.181+0700] {dagbag.py:587} INFO - Filling up the DagBag from /opt/airflow/dags/dag_scraping_twitter.py
[2026-02-12T19:46:23.221+0700] {processor.py:925} INFO - DAG(s) 'dag_scraping_twitter' retrieved from /opt/airflow/dags/dag_scraping_twitter.py
[2026-02-12T19:46:23.267+0700] {logging_mixin.py:190} INFO - [2026-02-12T19:46:23.267+0700] {dag.py:3211} INFO - Sync 1 DAGs
[2026-02-12T19:46:23.308+0700] {logging_mixin.py:190} INFO - [2026-02-12T19:46:23.308+0700] {dag.py:4138} INFO - Setting next_dagrun for dag_scraping_twitter to 2026-02-12 11:00:00+00:00, run_after=2026-02-12 23:00:00+00:00
[2026-02-12T19:46:23.339+0700] {processor.py:208} INFO - Processing /opt/airflow/dags/dag_scraping_twitter.py took 0.177 seconds
[2026-02-12T19:46:54.138+0700] {processor.py:186} INFO - Started process (PID=2162) to work on /opt/airflow/dags/dag_scraping_twitter.py
[2026-02-12T19:46:54.139+0700] {processor.py:914} INFO - Processing file /opt/airflow/dags/dag_scraping_twitter.py for tasks to queue
[2026-02-12T19:46:54.144+0700] {logging_mixin.py:190} INFO - [2026-02-12T19:46:54.143+0700] {dagbag.py:587} INFO - Filling up the DagBag from /opt/airflow/dags/dag_scraping_twitter.py
[2026-02-12T19:46:54.181+0700] {processor.py:925} INFO - DAG(s) 'dag_scraping_twitter' retrieved from /opt/airflow/dags/dag_scraping_twitter.py
[2026-02-12T19:46:54.232+0700] {logging_mixin.py:190} INFO - [2026-02-12T19:46:54.232+0700] {dag.py:3211} INFO - Sync 1 DAGs
[2026-02-12T19:46:54.276+0700] {logging_mixin.py:190} INFO - [2026-02-12T19:46:54.276+0700] {dag.py:4138} INFO - Setting next_dagrun for dag_scraping_twitter to 2026-02-12 11:00:00+00:00, run_after=2026-02-12 23:00:00+00:00
[2026-02-12T19:46:54.306+0700] {processor.py:208} INFO - Processing /opt/airflow/dags/dag_scraping_twitter.py took 0.179 seconds
[2026-02-12T19:47:24.932+0700] {processor.py:186} INFO - Started process (PID=2172) to work on /opt/airflow/dags/dag_scraping_twitter.py
[2026-02-12T19:47:24.934+0700] {processor.py:914} INFO - Processing file /opt/airflow/dags/dag_scraping_twitter.py for tasks to queue
[2026-02-12T19:47:24.940+0700] {logging_mixin.py:190} INFO - [2026-02-12T19:47:24.939+0700] {dagbag.py:587} INFO - Filling up the DagBag from /opt/airflow/dags/dag_scraping_twitter.py
[2026-02-12T19:47:24.984+0700] {processor.py:925} INFO - DAG(s) 'dag_scraping_twitter' retrieved from /opt/airflow/dags/dag_scraping_twitter.py
[2026-02-12T19:47:25.040+0700] {logging_mixin.py:190} INFO - [2026-02-12T19:47:25.039+0700] {dag.py:3211} INFO - Sync 1 DAGs
[2026-02-12T19:47:25.083+0700] {logging_mixin.py:190} INFO - [2026-02-12T19:47:25.083+0700] {dag.py:4138} INFO - Setting next_dagrun for dag_scraping_twitter to 2026-02-12 11:00:00+00:00, run_after=2026-02-12 23:00:00+00:00
[2026-02-12T19:47:25.120+0700] {processor.py:208} INFO - Processing /opt/airflow/dags/dag_scraping_twitter.py took 0.201 seconds
[2026-02-12T19:47:55.660+0700] {processor.py:186} INFO - Started process (PID=2182) to work on /opt/airflow/dags/dag_scraping_twitter.py
[2026-02-12T19:47:55.662+0700] {processor.py:914} INFO - Processing file /opt/airflow/dags/dag_scraping_twitter.py for tasks to queue
[2026-02-12T19:47:55.666+0700] {logging_mixin.py:190} INFO - [2026-02-12T19:47:55.665+0700] {dagbag.py:587} INFO - Filling up the DagBag from /opt/airflow/dags/dag_scraping_twitter.py
[2026-02-12T19:47:55.701+0700] {processor.py:925} INFO - DAG(s) 'dag_scraping_twitter' retrieved from /opt/airflow/dags/dag_scraping_twitter.py
[2026-02-12T19:47:55.748+0700] {logging_mixin.py:190} INFO - [2026-02-12T19:47:55.748+0700] {dag.py:3211} INFO - Sync 1 DAGs
[2026-02-12T19:47:55.787+0700] {logging_mixin.py:190} INFO - [2026-02-12T19:47:55.787+0700] {dag.py:4138} INFO - Setting next_dagrun for dag_scraping_twitter to 2026-02-12 11:00:00+00:00, run_after=2026-02-12 23:00:00+00:00
[2026-02-12T19:47:55.818+0700] {processor.py:208} INFO - Processing /opt/airflow/dags/dag_scraping_twitter.py took 0.170 seconds
[2026-02-12T19:48:25.928+0700] {processor.py:186} INFO - Started process (PID=2192) to work on /opt/airflow/dags/dag_scraping_twitter.py
[2026-02-12T19:48:25.930+0700] {processor.py:914} INFO - Processing file /opt/airflow/dags/dag_scraping_twitter.py for tasks to queue
[2026-02-12T19:48:25.937+0700] {logging_mixin.py:190} INFO - [2026-02-12T19:48:25.936+0700] {dagbag.py:587} INFO - Filling up the DagBag from /opt/airflow/dags/dag_scraping_twitter.py
[2026-02-12T19:48:25.973+0700] {processor.py:925} INFO - DAG(s) 'dag_scraping_twitter' retrieved from /opt/airflow/dags/dag_scraping_twitter.py
[2026-02-12T19:48:26.018+0700] {logging_mixin.py:190} INFO - [2026-02-12T19:48:26.017+0700] {dag.py:3211} INFO - Sync 1 DAGs
[2026-02-12T19:48:26.055+0700] {logging_mixin.py:190} INFO - [2026-02-12T19:48:26.054+0700] {dag.py:4138} INFO - Setting next_dagrun for dag_scraping_twitter to 2026-02-12 11:00:00+00:00, run_after=2026-02-12 23:00:00+00:00
[2026-02-12T19:48:26.087+0700] {processor.py:208} INFO - Processing /opt/airflow/dags/dag_scraping_twitter.py took 0.170 seconds
[2026-02-12T19:48:56.740+0700] {processor.py:186} INFO - Started process (PID=2202) to work on /opt/airflow/dags/dag_scraping_twitter.py
[2026-02-12T19:48:56.743+0700] {processor.py:914} INFO - Processing file /opt/airflow/dags/dag_scraping_twitter.py for tasks to queue
[2026-02-12T19:48:56.747+0700] {logging_mixin.py:190} INFO - [2026-02-12T19:48:56.747+0700] {dagbag.py:587} INFO - Filling up the DagBag from /opt/airflow/dags/dag_scraping_twitter.py
[2026-02-12T19:48:56.791+0700] {processor.py:925} INFO - DAG(s) 'dag_scraping_twitter' retrieved from /opt/airflow/dags/dag_scraping_twitter.py
[2026-02-12T19:48:56.860+0700] {logging_mixin.py:190} INFO - [2026-02-12T19:48:56.859+0700] {dag.py:3211} INFO - Sync 1 DAGs
[2026-02-12T19:48:56.910+0700] {logging_mixin.py:190} INFO - [2026-02-12T19:48:56.910+0700] {dag.py:4138} INFO - Setting next_dagrun for dag_scraping_twitter to 2026-02-12 11:00:00+00:00, run_after=2026-02-12 23:00:00+00:00
[2026-02-12T19:48:56.949+0700] {processor.py:208} INFO - Processing /opt/airflow/dags/dag_scraping_twitter.py took 0.222 seconds
[2026-02-12T19:49:27.160+0700] {processor.py:186} INFO - Started process (PID=2212) to work on /opt/airflow/dags/dag_scraping_twitter.py
[2026-02-12T19:49:27.161+0700] {processor.py:914} INFO - Processing file /opt/airflow/dags/dag_scraping_twitter.py for tasks to queue
[2026-02-12T19:49:27.168+0700] {logging_mixin.py:190} INFO - [2026-02-12T19:49:27.167+0700] {dagbag.py:587} INFO - Filling up the DagBag from /opt/airflow/dags/dag_scraping_twitter.py
[2026-02-12T19:49:27.205+0700] {processor.py:925} INFO - DAG(s) 'dag_scraping_twitter' retrieved from /opt/airflow/dags/dag_scraping_twitter.py
[2026-02-12T19:49:27.247+0700] {logging_mixin.py:190} INFO - [2026-02-12T19:49:27.247+0700] {dag.py:3211} INFO - Sync 1 DAGs
[2026-02-12T19:49:27.287+0700] {logging_mixin.py:190} INFO - [2026-02-12T19:49:27.287+0700] {dag.py:4138} INFO - Setting next_dagrun for dag_scraping_twitter to 2026-02-12 11:00:00+00:00, run_after=2026-02-12 23:00:00+00:00
[2026-02-12T19:49:27.319+0700] {processor.py:208} INFO - Processing /opt/airflow/dags/dag_scraping_twitter.py took 0.170 seconds
[2026-02-12T19:49:57.829+0700] {processor.py:186} INFO - Started process (PID=2222) to work on /opt/airflow/dags/dag_scraping_twitter.py
[2026-02-12T19:49:57.831+0700] {processor.py:914} INFO - Processing file /opt/airflow/dags/dag_scraping_twitter.py for tasks to queue
[2026-02-12T19:49:57.835+0700] {logging_mixin.py:190} INFO - [2026-02-12T19:49:57.834+0700] {dagbag.py:587} INFO - Filling up the DagBag from /opt/airflow/dags/dag_scraping_twitter.py
[2026-02-12T19:49:57.873+0700] {processor.py:925} INFO - DAG(s) 'dag_scraping_twitter' retrieved from /opt/airflow/dags/dag_scraping_twitter.py
[2026-02-12T19:49:57.931+0700] {logging_mixin.py:190} INFO - [2026-02-12T19:49:57.930+0700] {dag.py:3211} INFO - Sync 1 DAGs
[2026-02-12T19:49:57.986+0700] {logging_mixin.py:190} INFO - [2026-02-12T19:49:57.986+0700] {dag.py:4138} INFO - Setting next_dagrun for dag_scraping_twitter to 2026-02-12 11:00:00+00:00, run_after=2026-02-12 23:00:00+00:00
[2026-02-12T19:49:58.037+0700] {processor.py:208} INFO - Processing /opt/airflow/dags/dag_scraping_twitter.py took 0.220 seconds
[2026-02-12T19:50:28.826+0700] {processor.py:186} INFO - Started process (PID=2232) to work on /opt/airflow/dags/dag_scraping_twitter.py
[2026-02-12T19:50:28.828+0700] {processor.py:914} INFO - Processing file /opt/airflow/dags/dag_scraping_twitter.py for tasks to queue
[2026-02-12T19:50:28.833+0700] {logging_mixin.py:190} INFO - [2026-02-12T19:50:28.832+0700] {dagbag.py:587} INFO - Filling up the DagBag from /opt/airflow/dags/dag_scraping_twitter.py
[2026-02-12T19:50:28.883+0700] {processor.py:925} INFO - DAG(s) 'dag_scraping_twitter' retrieved from /opt/airflow/dags/dag_scraping_twitter.py
[2026-02-12T19:50:28.925+0700] {logging_mixin.py:190} INFO - [2026-02-12T19:50:28.925+0700] {dag.py:3211} INFO - Sync 1 DAGs
[2026-02-12T19:50:28.967+0700] {logging_mixin.py:190} INFO - [2026-02-12T19:50:28.966+0700] {dag.py:4138} INFO - Setting next_dagrun for dag_scraping_twitter to 2026-02-12 11:00:00+00:00, run_after=2026-02-12 23:00:00+00:00
[2026-02-12T19:50:28.998+0700] {processor.py:208} INFO - Processing /opt/airflow/dags/dag_scraping_twitter.py took 0.185 seconds
[2026-02-12T19:50:59.444+0700] {processor.py:186} INFO - Started process (PID=2243) to work on /opt/airflow/dags/dag_scraping_twitter.py
[2026-02-12T19:50:59.446+0700] {processor.py:914} INFO - Processing file /opt/airflow/dags/dag_scraping_twitter.py for tasks to queue
[2026-02-12T19:50:59.450+0700] {logging_mixin.py:190} INFO - [2026-02-12T19:50:59.450+0700] {dagbag.py:587} INFO - Filling up the DagBag from /opt/airflow/dags/dag_scraping_twitter.py
[2026-02-12T19:50:59.496+0700] {processor.py:925} INFO - DAG(s) 'dag_scraping_twitter' retrieved from /opt/airflow/dags/dag_scraping_twitter.py
[2026-02-12T19:50:59.543+0700] {logging_mixin.py:190} INFO - [2026-02-12T19:50:59.542+0700] {dag.py:3211} INFO - Sync 1 DAGs
[2026-02-12T19:50:59.587+0700] {logging_mixin.py:190} INFO - [2026-02-12T19:50:59.586+0700] {dag.py:4138} INFO - Setting next_dagrun for dag_scraping_twitter to 2026-02-12 11:00:00+00:00, run_after=2026-02-12 23:00:00+00:00
[2026-02-12T19:50:59.619+0700] {processor.py:208} INFO - Processing /opt/airflow/dags/dag_scraping_twitter.py took 0.187 seconds
[2026-02-12T19:51:30.030+0700] {processor.py:186} INFO - Started process (PID=2253) to work on /opt/airflow/dags/dag_scraping_twitter.py
[2026-02-12T19:51:30.032+0700] {processor.py:914} INFO - Processing file /opt/airflow/dags/dag_scraping_twitter.py for tasks to queue
[2026-02-12T19:51:30.037+0700] {logging_mixin.py:190} INFO - [2026-02-12T19:51:30.036+0700] {dagbag.py:587} INFO - Filling up the DagBag from /opt/airflow/dags/dag_scraping_twitter.py
[2026-02-12T19:51:30.075+0700] {processor.py:925} INFO - DAG(s) 'dag_scraping_twitter' retrieved from /opt/airflow/dags/dag_scraping_twitter.py
[2026-02-12T19:51:30.121+0700] {logging_mixin.py:190} INFO - [2026-02-12T19:51:30.121+0700] {dag.py:3211} INFO - Sync 1 DAGs
[2026-02-12T19:51:30.161+0700] {logging_mixin.py:190} INFO - [2026-02-12T19:51:30.160+0700] {dag.py:4138} INFO - Setting next_dagrun for dag_scraping_twitter to 2026-02-12 11:00:00+00:00, run_after=2026-02-12 23:00:00+00:00
[2026-02-12T19:51:30.201+0700] {processor.py:208} INFO - Processing /opt/airflow/dags/dag_scraping_twitter.py took 0.183 seconds
[2026-02-12T19:52:00.571+0700] {processor.py:186} INFO - Started process (PID=2263) to work on /opt/airflow/dags/dag_scraping_twitter.py
[2026-02-12T19:52:00.573+0700] {processor.py:914} INFO - Processing file /opt/airflow/dags/dag_scraping_twitter.py for tasks to queue
[2026-02-12T19:52:00.578+0700] {logging_mixin.py:190} INFO - [2026-02-12T19:52:00.577+0700] {dagbag.py:587} INFO - Filling up the DagBag from /opt/airflow/dags/dag_scraping_twitter.py
[2026-02-12T19:52:00.619+0700] {processor.py:925} INFO - DAG(s) 'dag_scraping_twitter' retrieved from /opt/airflow/dags/dag_scraping_twitter.py
[2026-02-12T19:52:00.703+0700] {logging_mixin.py:190} INFO - [2026-02-12T19:52:00.703+0700] {dag.py:3211} INFO - Sync 1 DAGs
[2026-02-12T19:52:00.774+0700] {logging_mixin.py:190} INFO - [2026-02-12T19:52:00.774+0700] {dag.py:4138} INFO - Setting next_dagrun for dag_scraping_twitter to 2026-02-12 11:00:00+00:00, run_after=2026-02-12 23:00:00+00:00
[2026-02-12T19:52:00.833+0700] {processor.py:208} INFO - Processing /opt/airflow/dags/dag_scraping_twitter.py took 0.275 seconds
[2026-02-12T19:52:31.917+0700] {processor.py:186} INFO - Started process (PID=2274) to work on /opt/airflow/dags/dag_scraping_twitter.py
[2026-02-12T19:52:31.919+0700] {processor.py:914} INFO - Processing file /opt/airflow/dags/dag_scraping_twitter.py for tasks to queue
[2026-02-12T19:52:31.923+0700] {logging_mixin.py:190} INFO - [2026-02-12T19:52:31.923+0700] {dagbag.py:587} INFO - Filling up the DagBag from /opt/airflow/dags/dag_scraping_twitter.py
[2026-02-12T19:52:31.962+0700] {processor.py:925} INFO - DAG(s) 'dag_scraping_twitter' retrieved from /opt/airflow/dags/dag_scraping_twitter.py
[2026-02-12T19:52:32.012+0700] {logging_mixin.py:190} INFO - [2026-02-12T19:52:32.011+0700] {dag.py:3211} INFO - Sync 1 DAGs
[2026-02-12T19:52:32.055+0700] {logging_mixin.py:190} INFO - [2026-02-12T19:52:32.054+0700] {dag.py:4138} INFO - Setting next_dagrun for dag_scraping_twitter to 2026-02-12 11:00:00+00:00, run_after=2026-02-12 23:00:00+00:00
[2026-02-12T19:52:32.095+0700] {processor.py:208} INFO - Processing /opt/airflow/dags/dag_scraping_twitter.py took 0.191 seconds
[2026-02-12T19:57:55.589+0700] {processor.py:186} INFO - Started process (PID=2284) to work on /opt/airflow/dags/dag_scraping_twitter.py
[2026-02-12T19:57:55.590+0700] {processor.py:914} INFO - Processing file /opt/airflow/dags/dag_scraping_twitter.py for tasks to queue
[2026-02-12T19:57:55.595+0700] {logging_mixin.py:190} INFO - [2026-02-12T19:57:55.595+0700] {dagbag.py:587} INFO - Filling up the DagBag from /opt/airflow/dags/dag_scraping_twitter.py
[2026-02-12T19:57:53.654+0700] {processor.py:925} INFO - DAG(s) 'dag_scraping_twitter' retrieved from /opt/airflow/dags/dag_scraping_twitter.py
[2026-02-12T19:57:53.713+0700] {logging_mixin.py:190} INFO - [2026-02-12T19:57:53.713+0700] {dag.py:3211} INFO - Sync 1 DAGs
[2026-02-12T19:57:53.773+0700] {logging_mixin.py:190} INFO - [2026-02-12T19:57:53.773+0700] {dag.py:4138} INFO - Setting next_dagrun for dag_scraping_twitter to 2026-02-12 11:00:00+00:00, run_after=2026-02-12 23:00:00+00:00
[2026-02-12T19:57:53.835+0700] {processor.py:208} INFO - Processing /opt/airflow/dags/dag_scraping_twitter.py took 0.253 seconds
[2026-02-12T19:57:55.956+0700] {processor.py:186} INFO - Started process (PID=2294) to work on /opt/airflow/dags/dag_scraping_twitter.py
[2026-02-12T19:57:55.958+0700] {processor.py:914} INFO - Processing file /opt/airflow/dags/dag_scraping_twitter.py for tasks to queue
[2026-02-12T19:57:55.963+0700] {logging_mixin.py:190} INFO - [2026-02-12T19:57:55.963+0700] {dagbag.py:587} INFO - Filling up the DagBag from /opt/airflow/dags/dag_scraping_twitter.py
[2026-02-12T19:57:55.999+0700] {processor.py:925} INFO - DAG(s) 'dag_scraping_twitter' retrieved from /opt/airflow/dags/dag_scraping_twitter.py
[2026-02-12T19:57:56.044+0700] {logging_mixin.py:190} INFO - [2026-02-12T19:57:56.043+0700] {taskinstance.py:3303} ERROR - {'DAG Id': 'dag_scraping_twitter', 'Task Id': 'task_process_sentiment', 'Run Id': 'scheduled__2026-02-11T23:00:00+00:00', 'Hostname': '72dd812d095d'}
[2026-02-12T19:57:56.126+0700] {logging_mixin.py:190} INFO - [2026-02-12T19:57:56.126+0700] {taskinstance.py:1225} INFO - Marking task as FAILED. dag_id=dag_scraping_twitter, task_id=task_process_sentiment, run_id=scheduled__2026-02-11T23:00:00+00:00, execution_date=20260211T230000, start_date=20260212T113426, end_date=20260212T125756
[2026-02-12T19:57:56.154+0700] {logging_mixin.py:190} INFO - [2026-02-12T19:57:56.153+0700] {processor.py:876} INFO - Executed callback for <TaskInstance: dag_scraping_twitter.task_process_sentiment scheduled__2026-02-11T23:00:00+00:00 [failed]> in state failed
[2026-02-12T19:57:56.188+0700] {logging_mixin.py:190} INFO - [2026-02-12T19:57:56.188+0700] {dag.py:3211} INFO - Sync 1 DAGs
[2026-02-12T19:57:56.232+0700] {logging_mixin.py:190} INFO - [2026-02-12T19:57:56.232+0700] {dag.py:4138} INFO - Setting next_dagrun for dag_scraping_twitter to 2026-02-12 11:00:00+00:00, run_after=2026-02-12 23:00:00+00:00
[2026-02-12T19:57:56.264+0700] {processor.py:208} INFO - Processing /opt/airflow/dags/dag_scraping_twitter.py took 0.322 seconds
[2026-02-12T19:57:56.359+0700] {processor.py:186} INFO - Started process (PID=2304) to work on /opt/airflow/dags/dag_scraping_twitter.py
[2026-02-12T19:57:56.362+0700] {processor.py:914} INFO - Processing file /opt/airflow/dags/dag_scraping_twitter.py for tasks to queue
[2026-02-12T19:57:56.374+0700] {logging_mixin.py:190} INFO - [2026-02-12T19:57:56.373+0700] {dagbag.py:587} INFO - Filling up the DagBag from /opt/airflow/dags/dag_scraping_twitter.py
[2026-02-12T19:57:56.416+0700] {processor.py:925} INFO - DAG(s) 'dag_scraping_twitter' retrieved from /opt/airflow/dags/dag_scraping_twitter.py
[2026-02-12T19:57:56.467+0700] {logging_mixin.py:190} INFO - [2026-02-12T19:57:56.467+0700] {taskinstance.py:3303} ERROR - {'DAG Id': 'dag_scraping_twitter', 'Task Id': 'task_process_sentiment', 'Run Id': 'scheduled__2026-02-06T23:00:00+00:00', 'Hostname': '72dd812d095d'}
[2026-02-12T19:57:56.544+0700] {logging_mixin.py:190} INFO - [2026-02-12T19:57:56.543+0700] {taskinstance.py:1225} INFO - Marking task as FAILED. dag_id=dag_scraping_twitter, task_id=task_process_sentiment, run_id=scheduled__2026-02-06T23:00:00+00:00, execution_date=20260206T230000, start_date=20260212T115514, end_date=20260212T125756
[2026-02-12T19:57:56.572+0700] {logging_mixin.py:190} INFO - [2026-02-12T19:57:56.572+0700] {processor.py:876} INFO - Executed callback for <TaskInstance: dag_scraping_twitter.task_process_sentiment scheduled__2026-02-06T23:00:00+00:00 [failed]> in state failed
[2026-02-12T19:57:56.606+0700] {logging_mixin.py:190} INFO - [2026-02-12T19:57:56.606+0700] {dag.py:3211} INFO - Sync 1 DAGs
[2026-02-12T19:57:56.655+0700] {logging_mixin.py:190} INFO - [2026-02-12T19:57:56.654+0700] {dag.py:4138} INFO - Setting next_dagrun for dag_scraping_twitter to 2026-02-12 11:00:00+00:00, run_after=2026-02-12 23:00:00+00:00
[2026-02-12T19:57:56.688+0700] {processor.py:208} INFO - Processing /opt/airflow/dags/dag_scraping_twitter.py took 0.340 seconds
[2026-02-12T19:58:27.218+0700] {processor.py:186} INFO - Started process (PID=2309) to work on /opt/airflow/dags/dag_scraping_twitter.py
[2026-02-12T19:58:27.223+0700] {processor.py:914} INFO - Processing file /opt/airflow/dags/dag_scraping_twitter.py for tasks to queue
[2026-02-12T19:58:27.232+0700] {logging_mixin.py:190} INFO - [2026-02-12T19:58:27.231+0700] {dagbag.py:587} INFO - Filling up the DagBag from /opt/airflow/dags/dag_scraping_twitter.py
[2026-02-12T19:58:27.277+0700] {processor.py:925} INFO - DAG(s) 'dag_scraping_twitter' retrieved from /opt/airflow/dags/dag_scraping_twitter.py
[2026-02-12T19:58:27.329+0700] {logging_mixin.py:190} INFO - [2026-02-12T19:58:27.329+0700] {dag.py:3211} INFO - Sync 1 DAGs
[2026-02-12T19:58:27.372+0700] {logging_mixin.py:190} INFO - [2026-02-12T19:58:27.372+0700] {dag.py:4138} INFO - Setting next_dagrun for dag_scraping_twitter to 2026-02-12 11:00:00+00:00, run_after=2026-02-12 23:00:00+00:00
[2026-02-12T19:58:27.463+0700] {processor.py:208} INFO - Processing /opt/airflow/dags/dag_scraping_twitter.py took 0.261 seconds
[2026-02-12T19:58:58.150+0700] {processor.py:186} INFO - Started process (PID=2319) to work on /opt/airflow/dags/dag_scraping_twitter.py
[2026-02-12T19:58:58.153+0700] {processor.py:914} INFO - Processing file /opt/airflow/dags/dag_scraping_twitter.py for tasks to queue
[2026-02-12T19:58:58.164+0700] {logging_mixin.py:190} INFO - [2026-02-12T19:58:58.163+0700] {dagbag.py:587} INFO - Filling up the DagBag from /opt/airflow/dags/dag_scraping_twitter.py
[2026-02-12T19:58:58.239+0700] {processor.py:925} INFO - DAG(s) 'dag_scraping_twitter' retrieved from /opt/airflow/dags/dag_scraping_twitter.py
[2026-02-12T19:58:58.320+0700] {logging_mixin.py:190} INFO - [2026-02-12T19:58:58.320+0700] {dag.py:3211} INFO - Sync 1 DAGs
[2026-02-12T19:58:58.395+0700] {logging_mixin.py:190} INFO - [2026-02-12T19:58:58.394+0700] {dag.py:4138} INFO - Setting next_dagrun for dag_scraping_twitter to 2026-02-12 11:00:00+00:00, run_after=2026-02-12 23:00:00+00:00
[2026-02-12T19:58:58.437+0700] {processor.py:208} INFO - Processing /opt/airflow/dags/dag_scraping_twitter.py took 0.306 seconds
[2026-02-12T19:59:28.761+0700] {processor.py:186} INFO - Started process (PID=2329) to work on /opt/airflow/dags/dag_scraping_twitter.py
[2026-02-12T19:59:28.762+0700] {processor.py:914} INFO - Processing file /opt/airflow/dags/dag_scraping_twitter.py for tasks to queue
[2026-02-12T19:59:28.767+0700] {logging_mixin.py:190} INFO - [2026-02-12T19:59:28.767+0700] {dagbag.py:587} INFO - Filling up the DagBag from /opt/airflow/dags/dag_scraping_twitter.py
[2026-02-12T19:59:28.800+0700] {processor.py:925} INFO - DAG(s) 'dag_scraping_twitter' retrieved from /opt/airflow/dags/dag_scraping_twitter.py
[2026-02-12T19:59:28.839+0700] {logging_mixin.py:190} INFO - [2026-02-12T19:59:28.838+0700] {dag.py:3211} INFO - Sync 1 DAGs
[2026-02-12T19:59:28.880+0700] {logging_mixin.py:190} INFO - [2026-02-12T19:59:28.879+0700] {dag.py:4138} INFO - Setting next_dagrun for dag_scraping_twitter to 2026-02-12 11:00:00+00:00, run_after=2026-02-12 23:00:00+00:00
[2026-02-12T19:59:28.911+0700] {processor.py:208} INFO - Processing /opt/airflow/dags/dag_scraping_twitter.py took 0.164 seconds
[2026-02-12T19:59:59.676+0700] {processor.py:186} INFO - Started process (PID=2361) to work on /opt/airflow/dags/dag_scraping_twitter.py
[2026-02-12T19:59:59.678+0700] {processor.py:914} INFO - Processing file /opt/airflow/dags/dag_scraping_twitter.py for tasks to queue
[2026-02-12T19:59:59.683+0700] {logging_mixin.py:190} INFO - [2026-02-12T19:59:59.683+0700] {dagbag.py:587} INFO - Filling up the DagBag from /opt/airflow/dags/dag_scraping_twitter.py
[2026-02-12T19:59:59.728+0700] {processor.py:925} INFO - DAG(s) 'dag_scraping_twitter' retrieved from /opt/airflow/dags/dag_scraping_twitter.py
[2026-02-12T19:59:59.806+0700] {logging_mixin.py:190} INFO - [2026-02-12T19:59:59.806+0700] {dag.py:3211} INFO - Sync 1 DAGs
[2026-02-12T19:59:59.861+0700] {logging_mixin.py:190} INFO - [2026-02-12T19:59:59.861+0700] {dag.py:4138} INFO - Setting next_dagrun for dag_scraping_twitter to 2026-02-12 11:00:00+00:00, run_after=2026-02-12 23:00:00+00:00
[2026-02-12T19:59:59.936+0700] {processor.py:208} INFO - Processing /opt/airflow/dags/dag_scraping_twitter.py took 0.273 seconds
[2026-02-12T20:00:30.537+0700] {processor.py:186} INFO - Started process (PID=2371) to work on /opt/airflow/dags/dag_scraping_twitter.py
[2026-02-12T20:00:30.539+0700] {processor.py:914} INFO - Processing file /opt/airflow/dags/dag_scraping_twitter.py for tasks to queue
[2026-02-12T20:00:30.543+0700] {logging_mixin.py:190} INFO - [2026-02-12T20:00:30.542+0700] {dagbag.py:587} INFO - Filling up the DagBag from /opt/airflow/dags/dag_scraping_twitter.py
[2026-02-12T20:00:30.591+0700] {processor.py:925} INFO - DAG(s) 'dag_scraping_twitter' retrieved from /opt/airflow/dags/dag_scraping_twitter.py
[2026-02-12T20:00:30.646+0700] {logging_mixin.py:190} INFO - [2026-02-12T20:00:30.645+0700] {dag.py:3211} INFO - Sync 1 DAGs
[2026-02-12T20:00:30.701+0700] {logging_mixin.py:190} INFO - [2026-02-12T20:00:30.700+0700] {dag.py:4138} INFO - Setting next_dagrun for dag_scraping_twitter to 2026-02-12 11:00:00+00:00, run_after=2026-02-12 23:00:00+00:00
[2026-02-12T20:00:30.759+0700] {processor.py:208} INFO - Processing /opt/airflow/dags/dag_scraping_twitter.py took 0.232 seconds
[2026-02-12T20:01:01.865+0700] {processor.py:186} INFO - Started process (PID=2381) to work on /opt/airflow/dags/dag_scraping_twitter.py
[2026-02-12T20:01:01.867+0700] {processor.py:914} INFO - Processing file /opt/airflow/dags/dag_scraping_twitter.py for tasks to queue
[2026-02-12T20:01:01.876+0700] {logging_mixin.py:190} INFO - [2026-02-12T20:01:01.875+0700] {dagbag.py:587} INFO - Filling up the DagBag from /opt/airflow/dags/dag_scraping_twitter.py
[2026-02-12T20:01:01.925+0700] {processor.py:925} INFO - DAG(s) 'dag_scraping_twitter' retrieved from /opt/airflow/dags/dag_scraping_twitter.py
[2026-02-12T20:01:02.024+0700] {logging_mixin.py:190} INFO - [2026-02-12T20:01:02.023+0700] {dag.py:3211} INFO - Sync 1 DAGs
[2026-02-12T20:01:02.103+0700] {logging_mixin.py:190} INFO - [2026-02-12T20:01:02.102+0700] {dag.py:4138} INFO - Setting next_dagrun for dag_scraping_twitter to 2026-02-12 11:00:00+00:00, run_after=2026-02-12 23:00:00+00:00
[2026-02-12T20:01:02.150+0700] {processor.py:208} INFO - Processing /opt/airflow/dags/dag_scraping_twitter.py took 0.298 seconds
[2026-02-12T22:03:04.443+0700] {processor.py:186} INFO - Started process (PID=163) to work on /opt/airflow/dags/dag_scraping_twitter.py
[2026-02-12T22:03:04.451+0700] {processor.py:914} INFO - Processing file /opt/airflow/dags/dag_scraping_twitter.py for tasks to queue
[2026-02-12T22:03:04.466+0700] {logging_mixin.py:190} INFO - [2026-02-12T22:03:04.459+0700] {dagbag.py:587} INFO - Filling up the DagBag from /opt/airflow/dags/dag_scraping_twitter.py
[2026-02-12T22:03:04.516+0700] {processor.py:925} INFO - DAG(s) 'dag_scraping_twitter' retrieved from /opt/airflow/dags/dag_scraping_twitter.py
[2026-02-12T22:03:04.627+0700] {logging_mixin.py:190} INFO - [2026-02-12T22:03:04.627+0700] {dag.py:3211} INFO - Sync 1 DAGs
[2026-02-12T22:03:04.686+0700] {logging_mixin.py:190} INFO - [2026-02-12T22:03:04.685+0700] {dag.py:4138} INFO - Setting next_dagrun for dag_scraping_twitter to 2026-02-12 11:00:00+00:00, run_after=2026-02-12 23:00:00+00:00
[2026-02-12T22:03:04.714+0700] {processor.py:208} INFO - Processing /opt/airflow/dags/dag_scraping_twitter.py took 0.304 seconds
[2026-02-12T22:03:36.806+0700] {processor.py:186} INFO - Started process (PID=210) to work on /opt/airflow/dags/dag_scraping_twitter.py
[2026-02-12T22:03:36.808+0700] {processor.py:914} INFO - Processing file /opt/airflow/dags/dag_scraping_twitter.py for tasks to queue
[2026-02-12T22:03:36.812+0700] {logging_mixin.py:190} INFO - [2026-02-12T22:03:36.811+0700] {dagbag.py:587} INFO - Filling up the DagBag from /opt/airflow/dags/dag_scraping_twitter.py
[2026-02-12T22:03:36.844+0700] {processor.py:925} INFO - DAG(s) 'dag_scraping_twitter' retrieved from /opt/airflow/dags/dag_scraping_twitter.py
[2026-02-12T22:03:36.886+0700] {logging_mixin.py:190} INFO - [2026-02-12T22:03:36.886+0700] {dag.py:3211} INFO - Sync 1 DAGs
[2026-02-12T22:03:36.920+0700] {logging_mixin.py:190} INFO - [2026-02-12T22:03:36.920+0700] {dag.py:4138} INFO - Setting next_dagrun for dag_scraping_twitter to 2026-02-12 11:00:00+00:00, run_after=2026-02-12 23:00:00+00:00
[2026-02-12T22:03:36.944+0700] {processor.py:208} INFO - Processing /opt/airflow/dags/dag_scraping_twitter.py took 0.147 seconds
[2026-02-12T22:04:09.649+0700] {processor.py:186} INFO - Started process (PID=286) to work on /opt/airflow/dags/dag_scraping_twitter.py
[2026-02-12T22:04:09.651+0700] {processor.py:914} INFO - Processing file /opt/airflow/dags/dag_scraping_twitter.py for tasks to queue
[2026-02-12T22:04:09.657+0700] {logging_mixin.py:190} INFO - [2026-02-12T22:04:09.657+0700] {dagbag.py:587} INFO - Filling up the DagBag from /opt/airflow/dags/dag_scraping_twitter.py
[2026-02-12T22:04:09.693+0700] {processor.py:925} INFO - DAG(s) 'dag_scraping_twitter' retrieved from /opt/airflow/dags/dag_scraping_twitter.py
[2026-02-12T22:04:09.732+0700] {logging_mixin.py:190} INFO - [2026-02-12T22:04:09.731+0700] {dag.py:3211} INFO - Sync 1 DAGs
[2026-02-12T22:04:09.759+0700] {logging_mixin.py:190} INFO - [2026-02-12T22:04:09.759+0700] {dag.py:4138} INFO - Setting next_dagrun for dag_scraping_twitter to 2026-02-12 11:00:00+00:00, run_after=2026-02-12 23:00:00+00:00
[2026-02-12T22:04:09.804+0700] {processor.py:208} INFO - Processing /opt/airflow/dags/dag_scraping_twitter.py took 0.176 seconds
[2026-02-12T22:04:41.916+0700] {processor.py:186} INFO - Started process (PID=296) to work on /opt/airflow/dags/dag_scraping_twitter.py
[2026-02-12T22:04:41.918+0700] {processor.py:914} INFO - Processing file /opt/airflow/dags/dag_scraping_twitter.py for tasks to queue
[2026-02-12T22:04:41.922+0700] {logging_mixin.py:190} INFO - [2026-02-12T22:04:41.921+0700] {dagbag.py:587} INFO - Filling up the DagBag from /opt/airflow/dags/dag_scraping_twitter.py
[2026-02-12T22:04:41.952+0700] {processor.py:925} INFO - DAG(s) 'dag_scraping_twitter' retrieved from /opt/airflow/dags/dag_scraping_twitter.py
[2026-02-12T22:04:41.987+0700] {logging_mixin.py:190} INFO - [2026-02-12T22:04:41.986+0700] {dag.py:3211} INFO - Sync 1 DAGs
[2026-02-12T22:04:42.015+0700] {logging_mixin.py:190} INFO - [2026-02-12T22:04:42.015+0700] {dag.py:4138} INFO - Setting next_dagrun for dag_scraping_twitter to 2026-02-12 11:00:00+00:00, run_after=2026-02-12 23:00:00+00:00
[2026-02-12T22:04:42.036+0700] {processor.py:208} INFO - Processing /opt/airflow/dags/dag_scraping_twitter.py took 0.129 seconds
[2026-02-12T22:05:13.755+0700] {processor.py:186} INFO - Started process (PID=306) to work on /opt/airflow/dags/dag_scraping_twitter.py
[2026-02-12T22:05:13.756+0700] {processor.py:914} INFO - Processing file /opt/airflow/dags/dag_scraping_twitter.py for tasks to queue
[2026-02-12T22:05:13.759+0700] {logging_mixin.py:190} INFO - [2026-02-12T22:05:13.759+0700] {dagbag.py:587} INFO - Filling up the DagBag from /opt/airflow/dags/dag_scraping_twitter.py
[2026-02-12T22:05:13.777+0700] {processor.py:925} INFO - DAG(s) 'dag_scraping_twitter' retrieved from /opt/airflow/dags/dag_scraping_twitter.py
[2026-02-12T22:05:13.801+0700] {logging_mixin.py:190} INFO - [2026-02-12T22:05:13.801+0700] {dag.py:3211} INFO - Sync 1 DAGs
[2026-02-12T22:05:13.824+0700] {logging_mixin.py:190} INFO - [2026-02-12T22:05:13.824+0700] {dag.py:4138} INFO - Setting next_dagrun for dag_scraping_twitter to 2026-02-12 11:00:00+00:00, run_after=2026-02-12 23:00:00+00:00
[2026-02-12T22:05:13.845+0700] {processor.py:208} INFO - Processing /opt/airflow/dags/dag_scraping_twitter.py took 0.095 seconds
[2026-02-12T22:05:44.181+0700] {processor.py:186} INFO - Started process (PID=316) to work on /opt/airflow/dags/dag_scraping_twitter.py
[2026-02-12T22:05:44.182+0700] {processor.py:914} INFO - Processing file /opt/airflow/dags/dag_scraping_twitter.py for tasks to queue
[2026-02-12T22:05:44.185+0700] {logging_mixin.py:190} INFO - [2026-02-12T22:05:44.185+0700] {dagbag.py:587} INFO - Filling up the DagBag from /opt/airflow/dags/dag_scraping_twitter.py
[2026-02-12T22:05:44.205+0700] {processor.py:925} INFO - DAG(s) 'dag_scraping_twitter' retrieved from /opt/airflow/dags/dag_scraping_twitter.py
[2026-02-12T22:05:44.233+0700] {logging_mixin.py:190} INFO - [2026-02-12T22:05:44.233+0700] {dag.py:3211} INFO - Sync 1 DAGs
[2026-02-12T22:05:44.258+0700] {logging_mixin.py:190} INFO - [2026-02-12T22:05:44.258+0700] {dag.py:4138} INFO - Setting next_dagrun for dag_scraping_twitter to 2026-02-12 11:00:00+00:00, run_after=2026-02-12 23:00:00+00:00
[2026-02-12T22:05:45.806+0700] {processor.py:208} INFO - Processing /opt/airflow/dags/dag_scraping_twitter.py took 0.108 seconds
[2026-02-12T22:06:18.388+0700] {processor.py:186} INFO - Started process (PID=326) to work on /opt/airflow/dags/dag_scraping_twitter.py
[2026-02-12T22:06:18.390+0700] {processor.py:914} INFO - Processing file /opt/airflow/dags/dag_scraping_twitter.py for tasks to queue
[2026-02-12T22:06:18.394+0700] {logging_mixin.py:190} INFO - [2026-02-12T22:06:18.394+0700] {dagbag.py:587} INFO - Filling up the DagBag from /opt/airflow/dags/dag_scraping_twitter.py
[2026-02-12T22:06:18.426+0700] {processor.py:925} INFO - DAG(s) 'dag_scraping_twitter' retrieved from /opt/airflow/dags/dag_scraping_twitter.py
[2026-02-12T22:06:18.461+0700] {logging_mixin.py:190} INFO - [2026-02-12T22:06:18.461+0700] {dag.py:3211} INFO - Sync 1 DAGs
[2026-02-12T22:06:18.489+0700] {logging_mixin.py:190} INFO - [2026-02-12T22:06:18.489+0700] {dag.py:4138} INFO - Setting next_dagrun for dag_scraping_twitter to 2026-02-12 11:00:00+00:00, run_after=2026-02-12 23:00:00+00:00
[2026-02-12T22:06:18.512+0700] {processor.py:208} INFO - Processing /opt/airflow/dags/dag_scraping_twitter.py took 0.135 seconds
[2026-02-12T22:06:50.618+0700] {processor.py:186} INFO - Started process (PID=357) to work on /opt/airflow/dags/dag_scraping_twitter.py
[2026-02-12T22:06:50.625+0700] {processor.py:914} INFO - Processing file /opt/airflow/dags/dag_scraping_twitter.py for tasks to queue
[2026-02-12T22:06:50.633+0700] {logging_mixin.py:190} INFO - [2026-02-12T22:06:50.632+0700] {dagbag.py:587} INFO - Filling up the DagBag from /opt/airflow/dags/dag_scraping_twitter.py
[2026-02-12T22:06:50.683+0700] {processor.py:925} INFO - DAG(s) 'dag_scraping_twitter' retrieved from /opt/airflow/dags/dag_scraping_twitter.py
[2026-02-12T22:06:50.778+0700] {logging_mixin.py:190} INFO - [2026-02-12T22:06:50.778+0700] {dag.py:3211} INFO - Sync 1 DAGs
[2026-02-12T22:06:50.825+0700] {logging_mixin.py:190} INFO - [2026-02-12T22:06:50.825+0700] {dag.py:4138} INFO - Setting next_dagrun for dag_scraping_twitter to 2026-02-12 11:00:00+00:00, run_after=2026-02-12 23:00:00+00:00
[2026-02-12T22:06:50.871+0700] {processor.py:208} INFO - Processing /opt/airflow/dags/dag_scraping_twitter.py took 0.269 seconds
[2026-02-12T22:07:21.103+0700] {processor.py:186} INFO - Started process (PID=421) to work on /opt/airflow/dags/dag_scraping_twitter.py
[2026-02-12T22:07:21.104+0700] {processor.py:914} INFO - Processing file /opt/airflow/dags/dag_scraping_twitter.py for tasks to queue
[2026-02-12T22:07:21.107+0700] {logging_mixin.py:190} INFO - [2026-02-12T22:07:21.107+0700] {dagbag.py:587} INFO - Filling up the DagBag from /opt/airflow/dags/dag_scraping_twitter.py
[2026-02-12T22:07:22.643+0700] {processor.py:925} INFO - DAG(s) 'dag_scraping_twitter' retrieved from /opt/airflow/dags/dag_scraping_twitter.py
[2026-02-12T22:07:22.676+0700] {logging_mixin.py:190} INFO - [2026-02-12T22:07:22.675+0700] {dag.py:3211} INFO - Sync 1 DAGs
[2026-02-12T22:07:22.704+0700] {logging_mixin.py:190} INFO - [2026-02-12T22:07:22.704+0700] {dag.py:4138} INFO - Setting next_dagrun for dag_scraping_twitter to 2026-02-12 11:00:00+00:00, run_after=2026-02-12 23:00:00+00:00
[2026-02-12T22:07:22.728+0700] {processor.py:208} INFO - Processing /opt/airflow/dags/dag_scraping_twitter.py took 0.123 seconds
[2026-02-12T22:07:55.752+0700] {processor.py:186} INFO - Started process (PID=554) to work on /opt/airflow/dags/dag_scraping_twitter.py
[2026-02-12T22:07:55.756+0700] {processor.py:914} INFO - Processing file /opt/airflow/dags/dag_scraping_twitter.py for tasks to queue
[2026-02-12T22:07:55.767+0700] {logging_mixin.py:190} INFO - [2026-02-12T22:07:55.766+0700] {dagbag.py:587} INFO - Filling up the DagBag from /opt/airflow/dags/dag_scraping_twitter.py
[2026-02-12T22:07:55.821+0700] {processor.py:925} INFO - DAG(s) 'dag_scraping_twitter' retrieved from /opt/airflow/dags/dag_scraping_twitter.py
[2026-02-12T22:07:55.933+0700] {logging_mixin.py:190} INFO - [2026-02-12T22:07:55.932+0700] {dag.py:3211} INFO - Sync 1 DAGs
[2026-02-12T22:07:56.030+0700] {logging_mixin.py:190} INFO - [2026-02-12T22:07:56.029+0700] {dag.py:4138} INFO - Setting next_dagrun for dag_scraping_twitter to 2026-02-12 11:00:00+00:00, run_after=2026-02-12 23:00:00+00:00
[2026-02-12T22:07:56.079+0700] {processor.py:208} INFO - Processing /opt/airflow/dags/dag_scraping_twitter.py took 0.348 seconds
[2026-02-12T22:08:27.552+0700] {processor.py:186} INFO - Started process (PID=688) to work on /opt/airflow/dags/dag_scraping_twitter.py
[2026-02-12T22:08:27.553+0700] {processor.py:914} INFO - Processing file /opt/airflow/dags/dag_scraping_twitter.py for tasks to queue
[2026-02-12T22:08:27.556+0700] {logging_mixin.py:190} INFO - [2026-02-12T22:08:27.556+0700] {dagbag.py:587} INFO - Filling up the DagBag from /opt/airflow/dags/dag_scraping_twitter.py
[2026-02-12T22:08:27.586+0700] {processor.py:925} INFO - DAG(s) 'dag_scraping_twitter' retrieved from /opt/airflow/dags/dag_scraping_twitter.py
[2026-02-12T22:08:27.622+0700] {logging_mixin.py:190} INFO - [2026-02-12T22:08:27.621+0700] {dag.py:3211} INFO - Sync 1 DAGs
[2026-02-12T22:08:27.656+0700] {logging_mixin.py:190} INFO - [2026-02-12T22:08:27.656+0700] {dag.py:4138} INFO - Setting next_dagrun for dag_scraping_twitter to 2026-02-12 11:00:00+00:00, run_after=2026-02-12 23:00:00+00:00
[2026-02-12T22:08:27.681+0700] {processor.py:208} INFO - Processing /opt/airflow/dags/dag_scraping_twitter.py took 0.135 seconds
[2026-02-12T22:08:57.946+0700] {processor.py:186} INFO - Started process (PID=698) to work on /opt/airflow/dags/dag_scraping_twitter.py
[2026-02-12T22:08:57.947+0700] {processor.py:914} INFO - Processing file /opt/airflow/dags/dag_scraping_twitter.py for tasks to queue
[2026-02-12T22:08:57.950+0700] {logging_mixin.py:190} INFO - [2026-02-12T22:08:57.950+0700] {dagbag.py:587} INFO - Filling up the DagBag from /opt/airflow/dags/dag_scraping_twitter.py
[2026-02-12T22:08:57.979+0700] {processor.py:925} INFO - DAG(s) 'dag_scraping_twitter' retrieved from /opt/airflow/dags/dag_scraping_twitter.py
[2026-02-12T22:08:59.535+0700] {logging_mixin.py:190} INFO - [2026-02-12T22:08:59.534+0700] {dag.py:3211} INFO - Sync 1 DAGs
[2026-02-12T22:08:59.561+0700] {logging_mixin.py:190} INFO - [2026-02-12T22:08:59.560+0700] {dag.py:4138} INFO - Setting next_dagrun for dag_scraping_twitter to 2026-02-12 11:00:00+00:00, run_after=2026-02-12 23:00:00+00:00
[2026-02-12T22:08:59.582+0700] {processor.py:208} INFO - Processing /opt/airflow/dags/dag_scraping_twitter.py took 0.124 seconds
[2026-02-12T22:09:32.016+0700] {processor.py:186} INFO - Started process (PID=708) to work on /opt/airflow/dags/dag_scraping_twitter.py
[2026-02-12T22:09:32.018+0700] {processor.py:914} INFO - Processing file /opt/airflow/dags/dag_scraping_twitter.py for tasks to queue
[2026-02-12T22:09:32.021+0700] {logging_mixin.py:190} INFO - [2026-02-12T22:09:32.020+0700] {dagbag.py:587} INFO - Filling up the DagBag from /opt/airflow/dags/dag_scraping_twitter.py
[2026-02-12T22:09:32.041+0700] {processor.py:925} INFO - DAG(s) 'dag_scraping_twitter' retrieved from /opt/airflow/dags/dag_scraping_twitter.py
[2026-02-12T22:09:32.074+0700] {logging_mixin.py:190} INFO - [2026-02-12T22:09:32.073+0700] {dag.py:3211} INFO - Sync 1 DAGs
[2026-02-12T22:09:32.101+0700] {logging_mixin.py:190} INFO - [2026-02-12T22:09:32.101+0700] {dag.py:4138} INFO - Setting next_dagrun for dag_scraping_twitter to 2026-02-12 11:00:00+00:00, run_after=2026-02-12 23:00:00+00:00
[2026-02-12T22:09:32.129+0700] {processor.py:208} INFO - Processing /opt/airflow/dags/dag_scraping_twitter.py took 0.119 seconds
[2026-02-12T22:10:04.669+0700] {processor.py:186} INFO - Started process (PID=718) to work on /opt/airflow/dags/dag_scraping_twitter.py
[2026-02-12T22:10:04.671+0700] {processor.py:914} INFO - Processing file /opt/airflow/dags/dag_scraping_twitter.py for tasks to queue
[2026-02-12T22:10:04.674+0700] {logging_mixin.py:190} INFO - [2026-02-12T22:10:04.673+0700] {dagbag.py:587} INFO - Filling up the DagBag from /opt/airflow/dags/dag_scraping_twitter.py
[2026-02-12T22:10:04.693+0700] {processor.py:925} INFO - DAG(s) 'dag_scraping_twitter' retrieved from /opt/airflow/dags/dag_scraping_twitter.py
[2026-02-12T22:10:04.723+0700] {logging_mixin.py:190} INFO - [2026-02-12T22:10:04.723+0700] {dag.py:3211} INFO - Sync 1 DAGs
[2026-02-12T22:10:04.749+0700] {logging_mixin.py:190} INFO - [2026-02-12T22:10:04.748+0700] {dag.py:4138} INFO - Setting next_dagrun for dag_scraping_twitter to 2026-02-12 11:00:00+00:00, run_after=2026-02-12 23:00:00+00:00
[2026-02-12T22:10:04.774+0700] {processor.py:208} INFO - Processing /opt/airflow/dags/dag_scraping_twitter.py took 0.112 seconds
[2026-02-12T22:10:36.787+0700] {processor.py:186} INFO - Started process (PID=728) to work on /opt/airflow/dags/dag_scraping_twitter.py
[2026-02-12T22:10:36.789+0700] {processor.py:914} INFO - Processing file /opt/airflow/dags/dag_scraping_twitter.py for tasks to queue
[2026-02-12T22:10:36.794+0700] {logging_mixin.py:190} INFO - [2026-02-12T22:10:36.794+0700] {dagbag.py:587} INFO - Filling up the DagBag from /opt/airflow/dags/dag_scraping_twitter.py
[2026-02-12T22:10:36.828+0700] {processor.py:925} INFO - DAG(s) 'dag_scraping_twitter' retrieved from /opt/airflow/dags/dag_scraping_twitter.py
[2026-02-12T22:10:36.862+0700] {logging_mixin.py:190} INFO - [2026-02-12T22:10:36.862+0700] {dag.py:3211} INFO - Sync 1 DAGs
[2026-02-12T22:10:36.897+0700] {logging_mixin.py:190} INFO - [2026-02-12T22:10:36.896+0700] {dag.py:4138} INFO - Setting next_dagrun for dag_scraping_twitter to 2026-02-12 11:00:00+00:00, run_after=2026-02-12 23:00:00+00:00
[2026-02-12T22:10:36.931+0700] {processor.py:208} INFO - Processing /opt/airflow/dags/dag_scraping_twitter.py took 0.154 seconds
[2026-02-12T22:11:08.339+0700] {processor.py:186} INFO - Started process (PID=855) to work on /opt/airflow/dags/dag_scraping_twitter.py
[2026-02-12T22:11:08.341+0700] {processor.py:914} INFO - Processing file /opt/airflow/dags/dag_scraping_twitter.py for tasks to queue
[2026-02-12T22:11:08.345+0700] {logging_mixin.py:190} INFO - [2026-02-12T22:11:08.345+0700] {dagbag.py:587} INFO - Filling up the DagBag from /opt/airflow/dags/dag_scraping_twitter.py
[2026-02-12T22:11:08.372+0700] {processor.py:925} INFO - DAG(s) 'dag_scraping_twitter' retrieved from /opt/airflow/dags/dag_scraping_twitter.py
[2026-02-12T22:11:08.403+0700] {logging_mixin.py:190} INFO - [2026-02-12T22:11:08.403+0700] {dag.py:3211} INFO - Sync 1 DAGs
[2026-02-12T22:11:08.432+0700] {logging_mixin.py:190} INFO - [2026-02-12T22:11:08.431+0700] {dag.py:4138} INFO - Setting next_dagrun for dag_scraping_twitter to 2026-02-12 11:00:00+00:00, run_after=2026-02-12 23:00:00+00:00
[2026-02-12T22:11:08.768+0700] {processor.py:208} INFO - Processing /opt/airflow/dags/dag_scraping_twitter.py took 0.435 seconds
[2026-02-12T22:11:40.647+0700] {processor.py:186} INFO - Started process (PID=865) to work on /opt/airflow/dags/dag_scraping_twitter.py
[2026-02-12T22:11:40.649+0700] {processor.py:914} INFO - Processing file /opt/airflow/dags/dag_scraping_twitter.py for tasks to queue
[2026-02-12T22:11:40.657+0700] {logging_mixin.py:190} INFO - [2026-02-12T22:11:40.656+0700] {dagbag.py:587} INFO - Filling up the DagBag from /opt/airflow/dags/dag_scraping_twitter.py
[2026-02-12T22:11:40.738+0700] {processor.py:925} INFO - DAG(s) 'dag_scraping_twitter' retrieved from /opt/airflow/dags/dag_scraping_twitter.py
[2026-02-12T22:11:40.823+0700] {logging_mixin.py:190} INFO - [2026-02-12T22:11:40.822+0700] {dag.py:3211} INFO - Sync 1 DAGs
[2026-02-12T22:11:41.317+0700] {logging_mixin.py:190} INFO - [2026-02-12T22:11:41.317+0700] {dag.py:4138} INFO - Setting next_dagrun for dag_scraping_twitter to 2026-02-12 11:00:00+00:00, run_after=2026-02-12 23:00:00+00:00
[2026-02-12T22:11:41.353+0700] {processor.py:208} INFO - Processing /opt/airflow/dags/dag_scraping_twitter.py took 0.717 seconds
[2026-02-12T22:12:13.256+0700] {processor.py:186} INFO - Started process (PID=875) to work on /opt/airflow/dags/dag_scraping_twitter.py
[2026-02-12T22:12:13.257+0700] {processor.py:914} INFO - Processing file /opt/airflow/dags/dag_scraping_twitter.py for tasks to queue
[2026-02-12T22:12:13.261+0700] {logging_mixin.py:190} INFO - [2026-02-12T22:12:13.261+0700] {dagbag.py:587} INFO - Filling up the DagBag from /opt/airflow/dags/dag_scraping_twitter.py
[2026-02-12T22:12:13.292+0700] {processor.py:925} INFO - DAG(s) 'dag_scraping_twitter' retrieved from /opt/airflow/dags/dag_scraping_twitter.py
[2026-02-12T22:12:13.547+0700] {logging_mixin.py:190} INFO - [2026-02-12T22:12:13.547+0700] {dag.py:3211} INFO - Sync 1 DAGs
[2026-02-12T22:12:13.573+0700] {logging_mixin.py:190} INFO - [2026-02-12T22:12:13.572+0700] {dag.py:4138} INFO - Setting next_dagrun for dag_scraping_twitter to 2026-02-12 11:00:00+00:00, run_after=2026-02-12 23:00:00+00:00
[2026-02-12T22:12:13.599+0700] {processor.py:208} INFO - Processing /opt/airflow/dags/dag_scraping_twitter.py took 0.351 seconds
[2026-02-12T22:12:44.895+0700] {processor.py:186} INFO - Started process (PID=885) to work on /opt/airflow/dags/dag_scraping_twitter.py
[2026-02-12T22:12:44.896+0700] {processor.py:914} INFO - Processing file /opt/airflow/dags/dag_scraping_twitter.py for tasks to queue
[2026-02-12T22:12:44.898+0700] {logging_mixin.py:190} INFO - [2026-02-12T22:12:44.898+0700] {dagbag.py:587} INFO - Filling up the DagBag from /opt/airflow/dags/dag_scraping_twitter.py
[2026-02-12T22:12:44.919+0700] {processor.py:925} INFO - DAG(s) 'dag_scraping_twitter' retrieved from /opt/airflow/dags/dag_scraping_twitter.py
[2026-02-12T22:12:44.951+0700] {logging_mixin.py:190} INFO - [2026-02-12T22:12:44.951+0700] {dag.py:3211} INFO - Sync 1 DAGs
[2026-02-12T22:12:44.976+0700] {logging_mixin.py:190} INFO - [2026-02-12T22:12:44.976+0700] {dag.py:4138} INFO - Setting next_dagrun for dag_scraping_twitter to 2026-02-12 11:00:00+00:00, run_after=2026-02-12 23:00:00+00:00
[2026-02-12T22:12:45.004+0700] {processor.py:208} INFO - Processing /opt/airflow/dags/dag_scraping_twitter.py took 0.116 seconds
[2026-02-12T22:13:17.465+0700] {processor.py:186} INFO - Started process (PID=895) to work on /opt/airflow/dags/dag_scraping_twitter.py
[2026-02-12T22:13:17.466+0700] {processor.py:914} INFO - Processing file /opt/airflow/dags/dag_scraping_twitter.py for tasks to queue
[2026-02-12T22:13:17.472+0700] {logging_mixin.py:190} INFO - [2026-02-12T22:13:17.472+0700] {dagbag.py:587} INFO - Filling up the DagBag from /opt/airflow/dags/dag_scraping_twitter.py
[2026-02-12T22:13:17.490+0700] {processor.py:925} INFO - DAG(s) 'dag_scraping_twitter' retrieved from /opt/airflow/dags/dag_scraping_twitter.py
[2026-02-12T22:13:17.513+0700] {logging_mixin.py:190} INFO - [2026-02-12T22:13:17.513+0700] {dag.py:3211} INFO - Sync 1 DAGs
[2026-02-12T22:13:17.536+0700] {logging_mixin.py:190} INFO - [2026-02-12T22:13:17.536+0700] {dag.py:4138} INFO - Setting next_dagrun for dag_scraping_twitter to 2026-02-12 11:00:00+00:00, run_after=2026-02-12 23:00:00+00:00
[2026-02-12T22:13:17.560+0700] {processor.py:208} INFO - Processing /opt/airflow/dags/dag_scraping_twitter.py took 0.101 seconds
[2026-02-12T22:13:49.541+0700] {processor.py:186} INFO - Started process (PID=926) to work on /opt/airflow/dags/dag_scraping_twitter.py
[2026-02-12T22:13:49.542+0700] {processor.py:914} INFO - Processing file /opt/airflow/dags/dag_scraping_twitter.py for tasks to queue
[2026-02-12T22:13:49.544+0700] {logging_mixin.py:190} INFO - [2026-02-12T22:13:49.544+0700] {dagbag.py:587} INFO - Filling up the DagBag from /opt/airflow/dags/dag_scraping_twitter.py
[2026-02-12T22:13:49.574+0700] {processor.py:925} INFO - DAG(s) 'dag_scraping_twitter' retrieved from /opt/airflow/dags/dag_scraping_twitter.py
[2026-02-12T22:13:49.603+0700] {logging_mixin.py:190} INFO - [2026-02-12T22:13:49.603+0700] {dag.py:3211} INFO - Sync 1 DAGs
[2026-02-12T22:13:49.628+0700] {logging_mixin.py:190} INFO - [2026-02-12T22:13:49.628+0700] {dag.py:4138} INFO - Setting next_dagrun for dag_scraping_twitter to 2026-02-12 11:00:00+00:00, run_after=2026-02-12 23:00:00+00:00
[2026-02-12T22:13:49.652+0700] {processor.py:208} INFO - Processing /opt/airflow/dags/dag_scraping_twitter.py took 0.119 seconds
[2026-02-12T22:14:21.898+0700] {processor.py:186} INFO - Started process (PID=936) to work on /opt/airflow/dags/dag_scraping_twitter.py
[2026-02-12T22:14:21.899+0700] {processor.py:914} INFO - Processing file /opt/airflow/dags/dag_scraping_twitter.py for tasks to queue
[2026-02-12T22:14:21.901+0700] {logging_mixin.py:190} INFO - [2026-02-12T22:14:21.901+0700] {dagbag.py:587} INFO - Filling up the DagBag from /opt/airflow/dags/dag_scraping_twitter.py
[2026-02-12T22:14:21.920+0700] {processor.py:925} INFO - DAG(s) 'dag_scraping_twitter' retrieved from /opt/airflow/dags/dag_scraping_twitter.py
[2026-02-12T22:14:21.949+0700] {logging_mixin.py:190} INFO - [2026-02-12T22:14:21.949+0700] {dag.py:3211} INFO - Sync 1 DAGs
[2026-02-12T22:14:22.182+0700] {logging_mixin.py:190} INFO - [2026-02-12T22:14:22.182+0700] {dag.py:4138} INFO - Setting next_dagrun for dag_scraping_twitter to 2026-02-12 11:00:00+00:00, run_after=2026-02-12 23:00:00+00:00
[2026-02-12T22:14:22.214+0700] {processor.py:208} INFO - Processing /opt/airflow/dags/dag_scraping_twitter.py took 0.322 seconds
[2026-02-12T22:14:53.664+0700] {processor.py:186} INFO - Started process (PID=946) to work on /opt/airflow/dags/dag_scraping_twitter.py
[2026-02-12T22:14:53.665+0700] {processor.py:914} INFO - Processing file /opt/airflow/dags/dag_scraping_twitter.py for tasks to queue
[2026-02-12T22:14:53.669+0700] {logging_mixin.py:190} INFO - [2026-02-12T22:14:53.668+0700] {dagbag.py:587} INFO - Filling up the DagBag from /opt/airflow/dags/dag_scraping_twitter.py
[2026-02-12T22:14:53.692+0700] {processor.py:925} INFO - DAG(s) 'dag_scraping_twitter' retrieved from /opt/airflow/dags/dag_scraping_twitter.py
[2026-02-12T22:14:53.725+0700] {logging_mixin.py:190} INFO - [2026-02-12T22:14:53.725+0700] {dag.py:3211} INFO - Sync 1 DAGs
[2026-02-12T22:14:53.919+0700] {logging_mixin.py:190} INFO - [2026-02-12T22:14:53.918+0700] {dag.py:4138} INFO - Setting next_dagrun for dag_scraping_twitter to 2026-02-12 11:00:00+00:00, run_after=2026-02-12 23:00:00+00:00
[2026-02-12T22:14:53.945+0700] {processor.py:208} INFO - Processing /opt/airflow/dags/dag_scraping_twitter.py took 0.287 seconds
[2026-02-12T22:15:26.067+0700] {processor.py:186} INFO - Started process (PID=956) to work on /opt/airflow/dags/dag_scraping_twitter.py
[2026-02-12T22:15:26.068+0700] {processor.py:914} INFO - Processing file /opt/airflow/dags/dag_scraping_twitter.py for tasks to queue
[2026-02-12T22:15:26.071+0700] {logging_mixin.py:190} INFO - [2026-02-12T22:15:26.070+0700] {dagbag.py:587} INFO - Filling up the DagBag from /opt/airflow/dags/dag_scraping_twitter.py
[2026-02-12T22:15:26.091+0700] {processor.py:925} INFO - DAG(s) 'dag_scraping_twitter' retrieved from /opt/airflow/dags/dag_scraping_twitter.py
[2026-02-12T22:15:26.303+0700] {logging_mixin.py:190} INFO - [2026-02-12T22:15:26.303+0700] {dag.py:3211} INFO - Sync 1 DAGs
[2026-02-12T22:15:26.325+0700] {logging_mixin.py:190} INFO - [2026-02-12T22:15:26.325+0700] {dag.py:4138} INFO - Setting next_dagrun for dag_scraping_twitter to 2026-02-12 11:00:00+00:00, run_after=2026-02-12 23:00:00+00:00
[2026-02-12T22:15:26.349+0700] {processor.py:208} INFO - Processing /opt/airflow/dags/dag_scraping_twitter.py took 0.288 seconds
[2026-02-12T22:15:57.788+0700] {processor.py:186} INFO - Started process (PID=966) to work on /opt/airflow/dags/dag_scraping_twitter.py
[2026-02-12T22:15:57.789+0700] {processor.py:914} INFO - Processing file /opt/airflow/dags/dag_scraping_twitter.py for tasks to queue
[2026-02-12T22:15:57.792+0700] {logging_mixin.py:190} INFO - [2026-02-12T22:15:57.792+0700] {dagbag.py:587} INFO - Filling up the DagBag from /opt/airflow/dags/dag_scraping_twitter.py
[2026-02-12T22:15:57.814+0700] {processor.py:925} INFO - DAG(s) 'dag_scraping_twitter' retrieved from /opt/airflow/dags/dag_scraping_twitter.py
[2026-02-12T22:15:57.848+0700] {logging_mixin.py:190} INFO - [2026-02-12T22:15:57.848+0700] {dag.py:3211} INFO - Sync 1 DAGs
[2026-02-12T22:15:57.873+0700] {logging_mixin.py:190} INFO - [2026-02-12T22:15:57.873+0700] {dag.py:4138} INFO - Setting next_dagrun for dag_scraping_twitter to 2026-02-12 11:00:00+00:00, run_after=2026-02-12 23:00:00+00:00
[2026-02-12T22:15:57.897+0700] {processor.py:208} INFO - Processing /opt/airflow/dags/dag_scraping_twitter.py took 0.114 seconds
[2026-02-12T22:16:30.696+0700] {processor.py:186} INFO - Started process (PID=976) to work on /opt/airflow/dags/dag_scraping_twitter.py
[2026-02-12T22:16:30.698+0700] {processor.py:914} INFO - Processing file /opt/airflow/dags/dag_scraping_twitter.py for tasks to queue
[2026-02-12T22:16:30.703+0700] {logging_mixin.py:190} INFO - [2026-02-12T22:16:30.702+0700] {dagbag.py:587} INFO - Filling up the DagBag from /opt/airflow/dags/dag_scraping_twitter.py
[2026-02-12T22:16:30.730+0700] {processor.py:925} INFO - DAG(s) 'dag_scraping_twitter' retrieved from /opt/airflow/dags/dag_scraping_twitter.py
[2026-02-12T22:16:30.763+0700] {logging_mixin.py:190} INFO - [2026-02-12T22:16:30.762+0700] {dag.py:3211} INFO - Sync 1 DAGs
[2026-02-12T22:16:30.789+0700] {logging_mixin.py:190} INFO - [2026-02-12T22:16:30.788+0700] {dag.py:4138} INFO - Setting next_dagrun for dag_scraping_twitter to 2026-02-12 11:00:00+00:00, run_after=2026-02-12 23:00:00+00:00
[2026-02-12T22:16:30.812+0700] {processor.py:208} INFO - Processing /opt/airflow/dags/dag_scraping_twitter.py took 0.123 seconds
[2026-02-12T22:17:02.280+0700] {processor.py:186} INFO - Started process (PID=986) to work on /opt/airflow/dags/dag_scraping_twitter.py
[2026-02-12T22:17:02.281+0700] {processor.py:914} INFO - Processing file /opt/airflow/dags/dag_scraping_twitter.py for tasks to queue
[2026-02-12T22:17:02.284+0700] {logging_mixin.py:190} INFO - [2026-02-12T22:17:02.284+0700] {dagbag.py:587} INFO - Filling up the DagBag from /opt/airflow/dags/dag_scraping_twitter.py
[2026-02-12T22:17:02.302+0700] {processor.py:925} INFO - DAG(s) 'dag_scraping_twitter' retrieved from /opt/airflow/dags/dag_scraping_twitter.py
[2026-02-12T22:17:02.328+0700] {logging_mixin.py:190} INFO - [2026-02-12T22:17:02.327+0700] {dag.py:3211} INFO - Sync 1 DAGs
[2026-02-12T22:17:02.349+0700] {logging_mixin.py:190} INFO - [2026-02-12T22:17:02.349+0700] {dag.py:4138} INFO - Setting next_dagrun for dag_scraping_twitter to 2026-02-12 11:00:00+00:00, run_after=2026-02-12 23:00:00+00:00
[2026-02-12T22:17:02.544+0700] {processor.py:208} INFO - Processing /opt/airflow/dags/dag_scraping_twitter.py took 0.271 seconds
[2026-02-12T22:17:35.657+0700] {processor.py:186} INFO - Started process (PID=996) to work on /opt/airflow/dags/dag_scraping_twitter.py
[2026-02-12T22:17:35.659+0700] {processor.py:914} INFO - Processing file /opt/airflow/dags/dag_scraping_twitter.py for tasks to queue
[2026-02-12T22:17:35.662+0700] {logging_mixin.py:190} INFO - [2026-02-12T22:17:35.661+0700] {dagbag.py:587} INFO - Filling up the DagBag from /opt/airflow/dags/dag_scraping_twitter.py
[2026-02-12T22:17:35.686+0700] {processor.py:925} INFO - DAG(s) 'dag_scraping_twitter' retrieved from /opt/airflow/dags/dag_scraping_twitter.py
[2026-02-12T22:17:35.715+0700] {logging_mixin.py:190} INFO - [2026-02-12T22:17:35.715+0700] {dag.py:3211} INFO - Sync 1 DAGs
[2026-02-12T22:17:35.896+0700] {logging_mixin.py:190} INFO - [2026-02-12T22:17:35.896+0700] {dag.py:4138} INFO - Setting next_dagrun for dag_scraping_twitter to 2026-02-12 11:00:00+00:00, run_after=2026-02-12 23:00:00+00:00
[2026-02-12T22:17:35.915+0700] {processor.py:208} INFO - Processing /opt/airflow/dags/dag_scraping_twitter.py took 0.267 seconds
[2026-02-12T22:18:07.459+0700] {processor.py:186} INFO - Started process (PID=1006) to work on /opt/airflow/dags/dag_scraping_twitter.py
[2026-02-12T22:18:07.461+0700] {processor.py:914} INFO - Processing file /opt/airflow/dags/dag_scraping_twitter.py for tasks to queue
[2026-02-12T22:18:07.464+0700] {logging_mixin.py:190} INFO - [2026-02-12T22:18:07.464+0700] {dagbag.py:587} INFO - Filling up the DagBag from /opt/airflow/dags/dag_scraping_twitter.py
[2026-02-12T22:18:07.492+0700] {processor.py:925} INFO - DAG(s) 'dag_scraping_twitter' retrieved from /opt/airflow/dags/dag_scraping_twitter.py
[2026-02-12T22:18:07.521+0700] {logging_mixin.py:190} INFO - [2026-02-12T22:18:07.521+0700] {dag.py:3211} INFO - Sync 1 DAGs
[2026-02-12T22:18:07.683+0700] {logging_mixin.py:190} INFO - [2026-02-12T22:18:07.682+0700] {dag.py:4138} INFO - Setting next_dagrun for dag_scraping_twitter to 2026-02-12 11:00:00+00:00, run_after=2026-02-12 23:00:00+00:00
[2026-02-12T22:18:07.707+0700] {processor.py:208} INFO - Processing /opt/airflow/dags/dag_scraping_twitter.py took 0.255 seconds
[2026-02-12T22:18:39.224+0700] {processor.py:186} INFO - Started process (PID=1016) to work on /opt/airflow/dags/dag_scraping_twitter.py
[2026-02-12T22:18:39.225+0700] {processor.py:914} INFO - Processing file /opt/airflow/dags/dag_scraping_twitter.py for tasks to queue
[2026-02-12T22:18:39.228+0700] {logging_mixin.py:190} INFO - [2026-02-12T22:18:39.228+0700] {dagbag.py:587} INFO - Filling up the DagBag from /opt/airflow/dags/dag_scraping_twitter.py
[2026-02-12T22:18:39.249+0700] {processor.py:925} INFO - DAG(s) 'dag_scraping_twitter' retrieved from /opt/airflow/dags/dag_scraping_twitter.py
[2026-02-12T22:18:39.491+0700] {logging_mixin.py:190} INFO - [2026-02-12T22:18:39.490+0700] {dag.py:3211} INFO - Sync 1 DAGs
[2026-02-12T22:18:39.530+0700] {logging_mixin.py:190} INFO - [2026-02-12T22:18:39.530+0700] {dag.py:4138} INFO - Setting next_dagrun for dag_scraping_twitter to 2026-02-12 11:00:00+00:00, run_after=2026-02-12 23:00:00+00:00
[2026-02-12T22:18:39.570+0700] {processor.py:208} INFO - Processing /opt/airflow/dags/dag_scraping_twitter.py took 0.351 seconds
[2026-02-12T22:19:12.039+0700] {processor.py:186} INFO - Started process (PID=1026) to work on /opt/airflow/dags/dag_scraping_twitter.py
[2026-02-12T22:19:12.040+0700] {processor.py:914} INFO - Processing file /opt/airflow/dags/dag_scraping_twitter.py for tasks to queue
[2026-02-12T22:19:12.043+0700] {logging_mixin.py:190} INFO - [2026-02-12T22:19:12.042+0700] {dagbag.py:587} INFO - Filling up the DagBag from /opt/airflow/dags/dag_scraping_twitter.py
[2026-02-12T22:19:12.060+0700] {processor.py:925} INFO - DAG(s) 'dag_scraping_twitter' retrieved from /opt/airflow/dags/dag_scraping_twitter.py
[2026-02-12T22:19:12.088+0700] {logging_mixin.py:190} INFO - [2026-02-12T22:19:12.088+0700] {dag.py:3211} INFO - Sync 1 DAGs
[2026-02-12T22:19:12.112+0700] {logging_mixin.py:190} INFO - [2026-02-12T22:19:12.112+0700] {dag.py:4138} INFO - Setting next_dagrun for dag_scraping_twitter to 2026-02-12 11:00:00+00:00, run_after=2026-02-12 23:00:00+00:00
[2026-02-12T22:19:12.141+0700] {processor.py:208} INFO - Processing /opt/airflow/dags/dag_scraping_twitter.py took 0.108 seconds
[2026-02-12T22:19:43.700+0700] {processor.py:186} INFO - Started process (PID=1036) to work on /opt/airflow/dags/dag_scraping_twitter.py
[2026-02-12T22:19:43.701+0700] {processor.py:914} INFO - Processing file /opt/airflow/dags/dag_scraping_twitter.py for tasks to queue
[2026-02-12T22:19:43.704+0700] {logging_mixin.py:190} INFO - [2026-02-12T22:19:43.704+0700] {dagbag.py:587} INFO - Filling up the DagBag from /opt/airflow/dags/dag_scraping_twitter.py
[2026-02-12T22:19:43.722+0700] {processor.py:925} INFO - DAG(s) 'dag_scraping_twitter' retrieved from /opt/airflow/dags/dag_scraping_twitter.py
[2026-02-12T22:19:43.749+0700] {logging_mixin.py:190} INFO - [2026-02-12T22:19:43.749+0700] {dag.py:3211} INFO - Sync 1 DAGs
[2026-02-12T22:19:43.778+0700] {logging_mixin.py:190} INFO - [2026-02-12T22:19:43.777+0700] {dag.py:4138} INFO - Setting next_dagrun for dag_scraping_twitter to 2026-02-12 11:00:00+00:00, run_after=2026-02-12 23:00:00+00:00
[2026-02-12T22:19:43.803+0700] {processor.py:208} INFO - Processing /opt/airflow/dags/dag_scraping_twitter.py took 0.110 seconds
[2026-02-12T22:20:16.202+0700] {processor.py:186} INFO - Started process (PID=1046) to work on /opt/airflow/dags/dag_scraping_twitter.py
[2026-02-12T22:20:16.203+0700] {processor.py:914} INFO - Processing file /opt/airflow/dags/dag_scraping_twitter.py for tasks to queue
[2026-02-12T22:20:16.207+0700] {logging_mixin.py:190} INFO - [2026-02-12T22:20:16.207+0700] {dagbag.py:587} INFO - Filling up the DagBag from /opt/airflow/dags/dag_scraping_twitter.py
[2026-02-12T22:20:16.235+0700] {processor.py:925} INFO - DAG(s) 'dag_scraping_twitter' retrieved from /opt/airflow/dags/dag_scraping_twitter.py
[2026-02-12T22:20:16.267+0700] {logging_mixin.py:190} INFO - [2026-02-12T22:20:16.267+0700] {dag.py:3211} INFO - Sync 1 DAGs
[2026-02-12T22:20:16.299+0700] {logging_mixin.py:190} INFO - [2026-02-12T22:20:16.299+0700] {dag.py:4138} INFO - Setting next_dagrun for dag_scraping_twitter to 2026-02-12 11:00:00+00:00, run_after=2026-02-12 23:00:00+00:00
[2026-02-12T22:20:16.340+0700] {processor.py:208} INFO - Processing /opt/airflow/dags/dag_scraping_twitter.py took 0.146 seconds
[2026-02-12T22:20:47.806+0700] {processor.py:186} INFO - Started process (PID=1056) to work on /opt/airflow/dags/dag_scraping_twitter.py
[2026-02-12T22:20:47.807+0700] {processor.py:914} INFO - Processing file /opt/airflow/dags/dag_scraping_twitter.py for tasks to queue
[2026-02-12T22:20:47.810+0700] {logging_mixin.py:190} INFO - [2026-02-12T22:20:47.810+0700] {dagbag.py:587} INFO - Filling up the DagBag from /opt/airflow/dags/dag_scraping_twitter.py
[2026-02-12T22:20:47.831+0700] {processor.py:925} INFO - DAG(s) 'dag_scraping_twitter' retrieved from /opt/airflow/dags/dag_scraping_twitter.py
[2026-02-12T22:20:47.857+0700] {logging_mixin.py:190} INFO - [2026-02-12T22:20:47.856+0700] {dag.py:3211} INFO - Sync 1 DAGs
[2026-02-12T22:20:47.881+0700] {logging_mixin.py:190} INFO - [2026-02-12T22:20:47.881+0700] {dag.py:4138} INFO - Setting next_dagrun for dag_scraping_twitter to 2026-02-12 11:00:00+00:00, run_after=2026-02-12 23:00:00+00:00
[2026-02-12T22:20:47.904+0700] {processor.py:208} INFO - Processing /opt/airflow/dags/dag_scraping_twitter.py took 0.104 seconds
[2026-02-12T22:21:20.394+0700] {processor.py:186} INFO - Started process (PID=1066) to work on /opt/airflow/dags/dag_scraping_twitter.py
[2026-02-12T22:21:20.396+0700] {processor.py:914} INFO - Processing file /opt/airflow/dags/dag_scraping_twitter.py for tasks to queue
[2026-02-12T22:21:20.399+0700] {logging_mixin.py:190} INFO - [2026-02-12T22:21:20.399+0700] {dagbag.py:587} INFO - Filling up the DagBag from /opt/airflow/dags/dag_scraping_twitter.py
[2026-02-12T22:21:20.424+0700] {processor.py:925} INFO - DAG(s) 'dag_scraping_twitter' retrieved from /opt/airflow/dags/dag_scraping_twitter.py
[2026-02-12T22:21:20.456+0700] {logging_mixin.py:190} INFO - [2026-02-12T22:21:20.456+0700] {dag.py:3211} INFO - Sync 1 DAGs
[2026-02-12T22:21:20.483+0700] {logging_mixin.py:190} INFO - [2026-02-12T22:21:20.483+0700] {dag.py:4138} INFO - Setting next_dagrun for dag_scraping_twitter to 2026-02-12 11:00:00+00:00, run_after=2026-02-12 23:00:00+00:00
[2026-02-12T22:21:20.507+0700] {processor.py:208} INFO - Processing /opt/airflow/dags/dag_scraping_twitter.py took 0.122 seconds
[2026-02-12T22:21:52.161+0700] {processor.py:186} INFO - Started process (PID=1076) to work on /opt/airflow/dags/dag_scraping_twitter.py
[2026-02-12T22:21:52.162+0700] {processor.py:914} INFO - Processing file /opt/airflow/dags/dag_scraping_twitter.py for tasks to queue
[2026-02-12T22:21:52.167+0700] {logging_mixin.py:190} INFO - [2026-02-12T22:21:52.166+0700] {dagbag.py:587} INFO - Filling up the DagBag from /opt/airflow/dags/dag_scraping_twitter.py
[2026-02-12T22:21:52.196+0700] {processor.py:925} INFO - DAG(s) 'dag_scraping_twitter' retrieved from /opt/airflow/dags/dag_scraping_twitter.py
[2026-02-12T22:21:52.231+0700] {logging_mixin.py:190} INFO - [2026-02-12T22:21:52.231+0700] {dag.py:3211} INFO - Sync 1 DAGs
[2026-02-12T22:21:52.263+0700] {logging_mixin.py:190} INFO - [2026-02-12T22:21:52.263+0700] {dag.py:4138} INFO - Setting next_dagrun for dag_scraping_twitter to 2026-02-12 11:00:00+00:00, run_after=2026-02-12 23:00:00+00:00
[2026-02-12T22:21:52.288+0700] {processor.py:208} INFO - Processing /opt/airflow/dags/dag_scraping_twitter.py took 0.139 seconds
[2026-02-12T22:22:24.826+0700] {processor.py:186} INFO - Started process (PID=1086) to work on /opt/airflow/dags/dag_scraping_twitter.py
[2026-02-12T22:22:24.828+0700] {processor.py:914} INFO - Processing file /opt/airflow/dags/dag_scraping_twitter.py for tasks to queue
[2026-02-12T22:22:24.832+0700] {logging_mixin.py:190} INFO - [2026-02-12T22:22:24.831+0700] {dagbag.py:587} INFO - Filling up the DagBag from /opt/airflow/dags/dag_scraping_twitter.py
[2026-02-12T22:22:24.861+0700] {processor.py:925} INFO - DAG(s) 'dag_scraping_twitter' retrieved from /opt/airflow/dags/dag_scraping_twitter.py
[2026-02-12T22:22:24.897+0700] {logging_mixin.py:190} INFO - [2026-02-12T22:22:24.897+0700] {dag.py:3211} INFO - Sync 1 DAGs
[2026-02-12T22:22:24.929+0700] {logging_mixin.py:190} INFO - [2026-02-12T22:22:24.928+0700] {dag.py:4138} INFO - Setting next_dagrun for dag_scraping_twitter to 2026-02-12 11:00:00+00:00, run_after=2026-02-12 23:00:00+00:00
[2026-02-12T22:22:24.954+0700] {processor.py:208} INFO - Processing /opt/airflow/dags/dag_scraping_twitter.py took 0.137 seconds
[2026-02-12T22:22:57.018+0700] {processor.py:186} INFO - Started process (PID=1096) to work on /opt/airflow/dags/dag_scraping_twitter.py
[2026-02-12T22:22:57.019+0700] {processor.py:914} INFO - Processing file /opt/airflow/dags/dag_scraping_twitter.py for tasks to queue
[2026-02-12T22:22:57.021+0700] {logging_mixin.py:190} INFO - [2026-02-12T22:22:57.021+0700] {dagbag.py:587} INFO - Filling up the DagBag from /opt/airflow/dags/dag_scraping_twitter.py
[2026-02-12T22:22:57.041+0700] {processor.py:925} INFO - DAG(s) 'dag_scraping_twitter' retrieved from /opt/airflow/dags/dag_scraping_twitter.py
[2026-02-12T22:22:57.069+0700] {logging_mixin.py:190} INFO - [2026-02-12T22:22:57.069+0700] {dag.py:3211} INFO - Sync 1 DAGs
[2026-02-12T22:22:57.091+0700] {logging_mixin.py:190} INFO - [2026-02-12T22:22:57.090+0700] {dag.py:4138} INFO - Setting next_dagrun for dag_scraping_twitter to 2026-02-12 11:00:00+00:00, run_after=2026-02-12 23:00:00+00:00
[2026-02-12T22:22:57.112+0700] {processor.py:208} INFO - Processing /opt/airflow/dags/dag_scraping_twitter.py took 0.101 seconds
[2026-02-12T22:23:27.204+0700] {processor.py:186} INFO - Started process (PID=1106) to work on /opt/airflow/dags/dag_scraping_twitter.py
[2026-02-12T22:23:27.205+0700] {processor.py:914} INFO - Processing file /opt/airflow/dags/dag_scraping_twitter.py for tasks to queue
[2026-02-12T22:23:27.208+0700] {logging_mixin.py:190} INFO - [2026-02-12T22:23:27.207+0700] {dagbag.py:587} INFO - Filling up the DagBag from /opt/airflow/dags/dag_scraping_twitter.py
[2026-02-12T22:23:27.226+0700] {processor.py:925} INFO - DAG(s) 'dag_scraping_twitter' retrieved from /opt/airflow/dags/dag_scraping_twitter.py
[2026-02-12T22:23:27.252+0700] {logging_mixin.py:190} INFO - [2026-02-12T22:23:27.251+0700] {dag.py:3211} INFO - Sync 1 DAGs
[2026-02-12T22:23:27.274+0700] {logging_mixin.py:190} INFO - [2026-02-12T22:23:27.274+0700] {dag.py:4138} INFO - Setting next_dagrun for dag_scraping_twitter to 2026-02-12 11:00:00+00:00, run_after=2026-02-12 23:00:00+00:00
[2026-02-12T22:23:27.295+0700] {processor.py:208} INFO - Processing /opt/airflow/dags/dag_scraping_twitter.py took 0.097 seconds
[2026-02-12T22:23:58.180+0700] {processor.py:186} INFO - Started process (PID=1116) to work on /opt/airflow/dags/dag_scraping_twitter.py
[2026-02-12T22:23:58.181+0700] {processor.py:914} INFO - Processing file /opt/airflow/dags/dag_scraping_twitter.py for tasks to queue
[2026-02-12T22:23:58.183+0700] {logging_mixin.py:190} INFO - [2026-02-12T22:23:58.183+0700] {dagbag.py:587} INFO - Filling up the DagBag from /opt/airflow/dags/dag_scraping_twitter.py
[2026-02-12T22:23:58.202+0700] {processor.py:925} INFO - DAG(s) 'dag_scraping_twitter' retrieved from /opt/airflow/dags/dag_scraping_twitter.py
[2026-02-12T22:23:58.227+0700] {logging_mixin.py:190} INFO - [2026-02-12T22:23:58.227+0700] {dag.py:3211} INFO - Sync 1 DAGs
[2026-02-12T22:23:58.248+0700] {logging_mixin.py:190} INFO - [2026-02-12T22:23:58.248+0700] {dag.py:4138} INFO - Setting next_dagrun for dag_scraping_twitter to 2026-02-12 11:00:00+00:00, run_after=2026-02-12 23:00:00+00:00
[2026-02-12T22:23:58.268+0700] {processor.py:208} INFO - Processing /opt/airflow/dags/dag_scraping_twitter.py took 0.095 seconds
[2026-02-12T22:24:29.102+0700] {processor.py:186} INFO - Started process (PID=1126) to work on /opt/airflow/dags/dag_scraping_twitter.py
[2026-02-12T22:24:29.103+0700] {processor.py:914} INFO - Processing file /opt/airflow/dags/dag_scraping_twitter.py for tasks to queue
[2026-02-12T22:24:29.106+0700] {logging_mixin.py:190} INFO - [2026-02-12T22:24:29.105+0700] {dagbag.py:587} INFO - Filling up the DagBag from /opt/airflow/dags/dag_scraping_twitter.py
[2026-02-12T22:24:29.125+0700] {processor.py:925} INFO - DAG(s) 'dag_scraping_twitter' retrieved from /opt/airflow/dags/dag_scraping_twitter.py
[2026-02-12T22:24:29.151+0700] {logging_mixin.py:190} INFO - [2026-02-12T22:24:29.151+0700] {dag.py:3211} INFO - Sync 1 DAGs
[2026-02-12T22:24:29.172+0700] {logging_mixin.py:190} INFO - [2026-02-12T22:24:29.172+0700] {dag.py:4138} INFO - Setting next_dagrun for dag_scraping_twitter to 2026-02-12 11:00:00+00:00, run_after=2026-02-12 23:00:00+00:00
[2026-02-12T22:24:29.194+0700] {processor.py:208} INFO - Processing /opt/airflow/dags/dag_scraping_twitter.py took 0.097 seconds
[2026-02-12T22:24:59.789+0700] {processor.py:186} INFO - Started process (PID=1136) to work on /opt/airflow/dags/dag_scraping_twitter.py
[2026-02-12T22:24:59.790+0700] {processor.py:914} INFO - Processing file /opt/airflow/dags/dag_scraping_twitter.py for tasks to queue
[2026-02-12T22:24:59.793+0700] {logging_mixin.py:190} INFO - [2026-02-12T22:24:59.793+0700] {dagbag.py:587} INFO - Filling up the DagBag from /opt/airflow/dags/dag_scraping_twitter.py
[2026-02-12T22:24:59.811+0700] {processor.py:925} INFO - DAG(s) 'dag_scraping_twitter' retrieved from /opt/airflow/dags/dag_scraping_twitter.py
[2026-02-12T22:24:59.836+0700] {logging_mixin.py:190} INFO - [2026-02-12T22:24:59.835+0700] {dag.py:3211} INFO - Sync 1 DAGs
[2026-02-12T22:24:59.857+0700] {logging_mixin.py:190} INFO - [2026-02-12T22:24:59.856+0700] {dag.py:4138} INFO - Setting next_dagrun for dag_scraping_twitter to 2026-02-12 11:00:00+00:00, run_after=2026-02-12 23:00:00+00:00
[2026-02-12T22:24:59.877+0700] {processor.py:208} INFO - Processing /opt/airflow/dags/dag_scraping_twitter.py took 0.095 seconds
[2026-02-12T22:25:30.468+0700] {processor.py:186} INFO - Started process (PID=1146) to work on /opt/airflow/dags/dag_scraping_twitter.py
[2026-02-12T22:25:30.469+0700] {processor.py:914} INFO - Processing file /opt/airflow/dags/dag_scraping_twitter.py for tasks to queue
[2026-02-12T22:25:30.471+0700] {logging_mixin.py:190} INFO - [2026-02-12T22:25:30.471+0700] {dagbag.py:587} INFO - Filling up the DagBag from /opt/airflow/dags/dag_scraping_twitter.py
[2026-02-12T22:25:30.489+0700] {processor.py:925} INFO - DAG(s) 'dag_scraping_twitter' retrieved from /opt/airflow/dags/dag_scraping_twitter.py
[2026-02-12T22:25:30.515+0700] {logging_mixin.py:190} INFO - [2026-02-12T22:25:30.514+0700] {dag.py:3211} INFO - Sync 1 DAGs
[2026-02-12T22:25:30.536+0700] {logging_mixin.py:190} INFO - [2026-02-12T22:25:30.536+0700] {dag.py:4138} INFO - Setting next_dagrun for dag_scraping_twitter to 2026-02-12 11:00:00+00:00, run_after=2026-02-12 23:00:00+00:00
[2026-02-12T22:25:30.557+0700] {processor.py:208} INFO - Processing /opt/airflow/dags/dag_scraping_twitter.py took 0.094 seconds
[2026-02-12T22:26:00.993+0700] {processor.py:186} INFO - Started process (PID=1156) to work on /opt/airflow/dags/dag_scraping_twitter.py
[2026-02-12T22:26:00.994+0700] {processor.py:914} INFO - Processing file /opt/airflow/dags/dag_scraping_twitter.py for tasks to queue
[2026-02-12T22:26:00.997+0700] {logging_mixin.py:190} INFO - [2026-02-12T22:26:00.996+0700] {dagbag.py:587} INFO - Filling up the DagBag from /opt/airflow/dags/dag_scraping_twitter.py
[2026-02-12T22:26:01.017+0700] {processor.py:925} INFO - DAG(s) 'dag_scraping_twitter' retrieved from /opt/airflow/dags/dag_scraping_twitter.py
[2026-02-12T22:26:01.051+0700] {logging_mixin.py:190} INFO - [2026-02-12T22:26:01.051+0700] {dag.py:3211} INFO - Sync 1 DAGs
[2026-02-12T22:26:01.088+0700] {logging_mixin.py:190} INFO - [2026-02-12T22:26:01.088+0700] {dag.py:4138} INFO - Setting next_dagrun for dag_scraping_twitter to 2026-02-12 11:00:00+00:00, run_after=2026-02-12 23:00:00+00:00
[2026-02-12T22:26:01.116+0700] {processor.py:208} INFO - Processing /opt/airflow/dags/dag_scraping_twitter.py took 0.128 seconds
[2026-02-12T22:26:31.679+0700] {processor.py:186} INFO - Started process (PID=1166) to work on /opt/airflow/dags/dag_scraping_twitter.py
[2026-02-12T22:26:31.681+0700] {processor.py:914} INFO - Processing file /opt/airflow/dags/dag_scraping_twitter.py for tasks to queue
[2026-02-12T22:26:31.683+0700] {logging_mixin.py:190} INFO - [2026-02-12T22:26:31.683+0700] {dagbag.py:587} INFO - Filling up the DagBag from /opt/airflow/dags/dag_scraping_twitter.py
[2026-02-12T22:26:31.702+0700] {processor.py:925} INFO - DAG(s) 'dag_scraping_twitter' retrieved from /opt/airflow/dags/dag_scraping_twitter.py
[2026-02-12T22:26:31.727+0700] {logging_mixin.py:190} INFO - [2026-02-12T22:26:31.727+0700] {dag.py:3211} INFO - Sync 1 DAGs
[2026-02-12T22:26:31.753+0700] {logging_mixin.py:190} INFO - [2026-02-12T22:26:31.753+0700] {dag.py:4138} INFO - Setting next_dagrun for dag_scraping_twitter to 2026-02-12 11:00:00+00:00, run_after=2026-02-12 23:00:00+00:00
[2026-02-12T22:26:31.773+0700] {processor.py:208} INFO - Processing /opt/airflow/dags/dag_scraping_twitter.py took 0.100 seconds
[2026-02-12T22:27:02.761+0700] {processor.py:186} INFO - Started process (PID=1176) to work on /opt/airflow/dags/dag_scraping_twitter.py
[2026-02-12T22:27:02.765+0700] {processor.py:914} INFO - Processing file /opt/airflow/dags/dag_scraping_twitter.py for tasks to queue
[2026-02-12T22:27:02.767+0700] {logging_mixin.py:190} INFO - [2026-02-12T22:27:02.766+0700] {dagbag.py:587} INFO - Filling up the DagBag from /opt/airflow/dags/dag_scraping_twitter.py
[2026-02-12T22:27:02.784+0700] {processor.py:925} INFO - DAG(s) 'dag_scraping_twitter' retrieved from /opt/airflow/dags/dag_scraping_twitter.py
[2026-02-12T22:27:02.806+0700] {logging_mixin.py:190} INFO - [2026-02-12T22:27:02.806+0700] {dag.py:3211} INFO - Sync 1 DAGs
[2026-02-12T22:27:02.831+0700] {logging_mixin.py:190} INFO - [2026-02-12T22:27:02.830+0700] {dag.py:4138} INFO - Setting next_dagrun for dag_scraping_twitter to 2026-02-12 11:00:00+00:00, run_after=2026-02-12 23:00:00+00:00
[2026-02-12T22:27:02.850+0700] {processor.py:208} INFO - Processing /opt/airflow/dags/dag_scraping_twitter.py took 0.096 seconds
[2026-02-12T22:27:33.486+0700] {processor.py:186} INFO - Started process (PID=1186) to work on /opt/airflow/dags/dag_scraping_twitter.py
[2026-02-12T22:27:33.488+0700] {processor.py:914} INFO - Processing file /opt/airflow/dags/dag_scraping_twitter.py for tasks to queue
[2026-02-12T22:27:33.491+0700] {logging_mixin.py:190} INFO - [2026-02-12T22:27:33.491+0700] {dagbag.py:587} INFO - Filling up the DagBag from /opt/airflow/dags/dag_scraping_twitter.py
[2026-02-12T22:27:33.514+0700] {processor.py:925} INFO - DAG(s) 'dag_scraping_twitter' retrieved from /opt/airflow/dags/dag_scraping_twitter.py
[2026-02-12T22:27:33.542+0700] {logging_mixin.py:190} INFO - [2026-02-12T22:27:33.542+0700] {dag.py:3211} INFO - Sync 1 DAGs
[2026-02-12T22:27:33.566+0700] {logging_mixin.py:190} INFO - [2026-02-12T22:27:33.566+0700] {dag.py:4138} INFO - Setting next_dagrun for dag_scraping_twitter to 2026-02-12 11:00:00+00:00, run_after=2026-02-12 23:00:00+00:00
[2026-02-12T22:27:33.589+0700] {processor.py:208} INFO - Processing /opt/airflow/dags/dag_scraping_twitter.py took 0.110 seconds
[2026-02-12T22:28:04.017+0700] {processor.py:186} INFO - Started process (PID=1196) to work on /opt/airflow/dags/dag_scraping_twitter.py
[2026-02-12T22:28:04.019+0700] {processor.py:914} INFO - Processing file /opt/airflow/dags/dag_scraping_twitter.py for tasks to queue
[2026-02-12T22:28:04.021+0700] {logging_mixin.py:190} INFO - [2026-02-12T22:28:04.021+0700] {dagbag.py:587} INFO - Filling up the DagBag from /opt/airflow/dags/dag_scraping_twitter.py
[2026-02-12T22:28:04.054+0700] {processor.py:925} INFO - DAG(s) 'dag_scraping_twitter' retrieved from /opt/airflow/dags/dag_scraping_twitter.py
[2026-02-12T22:28:04.090+0700] {logging_mixin.py:190} INFO - [2026-02-12T22:28:04.089+0700] {dag.py:3211} INFO - Sync 1 DAGs
[2026-02-12T22:28:04.118+0700] {logging_mixin.py:190} INFO - [2026-02-12T22:28:04.117+0700] {dag.py:4138} INFO - Setting next_dagrun for dag_scraping_twitter to 2026-02-12 11:00:00+00:00, run_after=2026-02-12 23:00:00+00:00
[2026-02-12T22:28:04.138+0700] {processor.py:208} INFO - Processing /opt/airflow/dags/dag_scraping_twitter.py took 0.130 seconds
[2026-02-12T22:28:34.849+0700] {processor.py:186} INFO - Started process (PID=1206) to work on /opt/airflow/dags/dag_scraping_twitter.py
[2026-02-12T22:28:34.850+0700] {processor.py:914} INFO - Processing file /opt/airflow/dags/dag_scraping_twitter.py for tasks to queue
[2026-02-12T22:28:34.852+0700] {logging_mixin.py:190} INFO - [2026-02-12T22:28:34.852+0700] {dagbag.py:587} INFO - Filling up the DagBag from /opt/airflow/dags/dag_scraping_twitter.py
[2026-02-12T22:28:34.868+0700] {processor.py:925} INFO - DAG(s) 'dag_scraping_twitter' retrieved from /opt/airflow/dags/dag_scraping_twitter.py
[2026-02-12T22:28:34.892+0700] {logging_mixin.py:190} INFO - [2026-02-12T22:28:34.892+0700] {dag.py:3211} INFO - Sync 1 DAGs
[2026-02-12T22:28:34.914+0700] {logging_mixin.py:190} INFO - [2026-02-12T22:28:34.914+0700] {dag.py:4138} INFO - Setting next_dagrun for dag_scraping_twitter to 2026-02-12 11:00:00+00:00, run_after=2026-02-12 23:00:00+00:00
[2026-02-12T22:28:34.935+0700] {processor.py:208} INFO - Processing /opt/airflow/dags/dag_scraping_twitter.py took 0.091 seconds
[2026-02-12T22:29:05.487+0700] {processor.py:186} INFO - Started process (PID=1216) to work on /opt/airflow/dags/dag_scraping_twitter.py
[2026-02-12T22:29:05.488+0700] {processor.py:914} INFO - Processing file /opt/airflow/dags/dag_scraping_twitter.py for tasks to queue
[2026-02-12T22:29:05.490+0700] {logging_mixin.py:190} INFO - [2026-02-12T22:29:05.490+0700] {dagbag.py:587} INFO - Filling up the DagBag from /opt/airflow/dags/dag_scraping_twitter.py
[2026-02-12T22:29:05.506+0700] {processor.py:925} INFO - DAG(s) 'dag_scraping_twitter' retrieved from /opt/airflow/dags/dag_scraping_twitter.py
[2026-02-12T22:29:05.531+0700] {logging_mixin.py:190} INFO - [2026-02-12T22:29:05.530+0700] {dag.py:3211} INFO - Sync 1 DAGs
[2026-02-12T22:29:05.552+0700] {logging_mixin.py:190} INFO - [2026-02-12T22:29:05.552+0700] {dag.py:4138} INFO - Setting next_dagrun for dag_scraping_twitter to 2026-02-12 11:00:00+00:00, run_after=2026-02-12 23:00:00+00:00
[2026-02-12T22:29:05.573+0700] {processor.py:208} INFO - Processing /opt/airflow/dags/dag_scraping_twitter.py took 0.091 seconds
[2026-02-12T22:29:36.250+0700] {processor.py:186} INFO - Started process (PID=1226) to work on /opt/airflow/dags/dag_scraping_twitter.py
[2026-02-12T22:29:36.252+0700] {processor.py:914} INFO - Processing file /opt/airflow/dags/dag_scraping_twitter.py for tasks to queue
[2026-02-12T22:29:36.255+0700] {logging_mixin.py:190} INFO - [2026-02-12T22:29:36.254+0700] {dagbag.py:587} INFO - Filling up the DagBag from /opt/airflow/dags/dag_scraping_twitter.py
[2026-02-12T22:29:36.277+0700] {processor.py:925} INFO - DAG(s) 'dag_scraping_twitter' retrieved from /opt/airflow/dags/dag_scraping_twitter.py
[2026-02-12T22:29:36.303+0700] {logging_mixin.py:190} INFO - [2026-02-12T22:29:36.303+0700] {dag.py:3211} INFO - Sync 1 DAGs
[2026-02-12T22:29:36.325+0700] {logging_mixin.py:190} INFO - [2026-02-12T22:29:36.325+0700] {dag.py:4138} INFO - Setting next_dagrun for dag_scraping_twitter to 2026-02-12 11:00:00+00:00, run_after=2026-02-12 23:00:00+00:00
[2026-02-12T22:29:36.348+0700] {processor.py:208} INFO - Processing /opt/airflow/dags/dag_scraping_twitter.py took 0.105 seconds
[2026-02-12T22:30:06.861+0700] {processor.py:186} INFO - Started process (PID=1236) to work on /opt/airflow/dags/dag_scraping_twitter.py
[2026-02-12T22:30:06.862+0700] {processor.py:914} INFO - Processing file /opt/airflow/dags/dag_scraping_twitter.py for tasks to queue
[2026-02-12T22:30:06.864+0700] {logging_mixin.py:190} INFO - [2026-02-12T22:30:06.863+0700] {dagbag.py:587} INFO - Filling up the DagBag from /opt/airflow/dags/dag_scraping_twitter.py
[2026-02-12T22:30:06.884+0700] {processor.py:925} INFO - DAG(s) 'dag_scraping_twitter' retrieved from /opt/airflow/dags/dag_scraping_twitter.py
[2026-02-12T22:30:06.910+0700] {logging_mixin.py:190} INFO - [2026-02-12T22:30:06.910+0700] {dag.py:3211} INFO - Sync 1 DAGs
[2026-02-12T22:30:06.934+0700] {logging_mixin.py:190} INFO - [2026-02-12T22:30:06.934+0700] {dag.py:4138} INFO - Setting next_dagrun for dag_scraping_twitter to 2026-02-12 11:00:00+00:00, run_after=2026-02-12 23:00:00+00:00
[2026-02-12T22:30:06.956+0700] {processor.py:208} INFO - Processing /opt/airflow/dags/dag_scraping_twitter.py took 0.101 seconds
[2026-02-12T22:30:37.624+0700] {processor.py:186} INFO - Started process (PID=1246) to work on /opt/airflow/dags/dag_scraping_twitter.py
[2026-02-12T22:30:37.625+0700] {processor.py:914} INFO - Processing file /opt/airflow/dags/dag_scraping_twitter.py for tasks to queue
[2026-02-12T22:30:37.627+0700] {logging_mixin.py:190} INFO - [2026-02-12T22:30:37.627+0700] {dagbag.py:587} INFO - Filling up the DagBag from /opt/airflow/dags/dag_scraping_twitter.py
[2026-02-12T22:30:37.644+0700] {processor.py:925} INFO - DAG(s) 'dag_scraping_twitter' retrieved from /opt/airflow/dags/dag_scraping_twitter.py
[2026-02-12T22:30:37.671+0700] {logging_mixin.py:190} INFO - [2026-02-12T22:30:37.671+0700] {dag.py:3211} INFO - Sync 1 DAGs
[2026-02-12T22:30:37.694+0700] {logging_mixin.py:190} INFO - [2026-02-12T22:30:37.694+0700] {dag.py:4138} INFO - Setting next_dagrun for dag_scraping_twitter to 2026-02-12 11:00:00+00:00, run_after=2026-02-12 23:00:00+00:00
[2026-02-12T22:30:37.717+0700] {processor.py:208} INFO - Processing /opt/airflow/dags/dag_scraping_twitter.py took 0.098 seconds
[2026-02-12T22:31:08.336+0700] {processor.py:186} INFO - Started process (PID=1256) to work on /opt/airflow/dags/dag_scraping_twitter.py
[2026-02-12T22:31:08.338+0700] {processor.py:914} INFO - Processing file /opt/airflow/dags/dag_scraping_twitter.py for tasks to queue
[2026-02-12T22:31:08.340+0700] {logging_mixin.py:190} INFO - [2026-02-12T22:31:08.340+0700] {dagbag.py:587} INFO - Filling up the DagBag from /opt/airflow/dags/dag_scraping_twitter.py
[2026-02-12T22:31:08.360+0700] {processor.py:925} INFO - DAG(s) 'dag_scraping_twitter' retrieved from /opt/airflow/dags/dag_scraping_twitter.py
[2026-02-12T22:31:08.392+0700] {logging_mixin.py:190} INFO - [2026-02-12T22:31:08.391+0700] {dag.py:3211} INFO - Sync 1 DAGs
[2026-02-12T22:31:08.419+0700] {logging_mixin.py:190} INFO - [2026-02-12T22:31:08.419+0700] {dag.py:4138} INFO - Setting next_dagrun for dag_scraping_twitter to 2026-02-12 11:00:00+00:00, run_after=2026-02-12 23:00:00+00:00
[2026-02-12T22:31:08.441+0700] {processor.py:208} INFO - Processing /opt/airflow/dags/dag_scraping_twitter.py took 0.112 seconds
[2026-02-12T22:31:39.082+0700] {processor.py:186} INFO - Started process (PID=1266) to work on /opt/airflow/dags/dag_scraping_twitter.py
[2026-02-12T22:31:39.084+0700] {processor.py:914} INFO - Processing file /opt/airflow/dags/dag_scraping_twitter.py for tasks to queue
[2026-02-12T22:31:39.090+0700] {logging_mixin.py:190} INFO - [2026-02-12T22:31:39.089+0700] {dagbag.py:587} INFO - Filling up the DagBag from /opt/airflow/dags/dag_scraping_twitter.py
[2026-02-12T22:31:39.123+0700] {processor.py:925} INFO - DAG(s) 'dag_scraping_twitter' retrieved from /opt/airflow/dags/dag_scraping_twitter.py
[2026-02-12T22:31:39.162+0700] {logging_mixin.py:190} INFO - [2026-02-12T22:31:39.161+0700] {dag.py:3211} INFO - Sync 1 DAGs
[2026-02-12T22:31:39.193+0700] {logging_mixin.py:190} INFO - [2026-02-12T22:31:39.193+0700] {dag.py:4138} INFO - Setting next_dagrun for dag_scraping_twitter to 2026-02-12 11:00:00+00:00, run_after=2026-02-12 23:00:00+00:00
[2026-02-12T22:31:39.210+0700] {processor.py:208} INFO - Processing /opt/airflow/dags/dag_scraping_twitter.py took 0.137 seconds
[2026-02-12T22:32:09.869+0700] {processor.py:186} INFO - Started process (PID=1276) to work on /opt/airflow/dags/dag_scraping_twitter.py
[2026-02-12T22:32:10.723+0700] {processor.py:914} INFO - Processing file /opt/airflow/dags/dag_scraping_twitter.py for tasks to queue
[2026-02-12T22:32:10.726+0700] {logging_mixin.py:190} INFO - [2026-02-12T22:32:10.726+0700] {dagbag.py:587} INFO - Filling up the DagBag from /opt/airflow/dags/dag_scraping_twitter.py
[2026-02-12T22:32:10.767+0700] {processor.py:925} INFO - DAG(s) 'dag_scraping_twitter' retrieved from /opt/airflow/dags/dag_scraping_twitter.py
[2026-02-12T22:32:10.843+0700] {logging_mixin.py:190} INFO - [2026-02-12T22:32:10.835+0700] {dag.py:3211} INFO - Sync 1 DAGs
[2026-02-12T22:32:10.905+0700] {logging_mixin.py:190} INFO - [2026-02-12T22:32:10.904+0700] {dag.py:4138} INFO - Setting next_dagrun for dag_scraping_twitter to 2026-02-12 11:00:00+00:00, run_after=2026-02-12 23:00:00+00:00
[2026-02-12T22:32:10.960+0700] {processor.py:208} INFO - Processing /opt/airflow/dags/dag_scraping_twitter.py took 1.099 seconds
[2026-02-12T22:32:41.598+0700] {processor.py:186} INFO - Started process (PID=1291) to work on /opt/airflow/dags/dag_scraping_twitter.py
[2026-02-12T22:32:41.599+0700] {processor.py:914} INFO - Processing file /opt/airflow/dags/dag_scraping_twitter.py for tasks to queue
[2026-02-12T22:32:41.602+0700] {logging_mixin.py:190} INFO - [2026-02-12T22:32:41.602+0700] {dagbag.py:587} INFO - Filling up the DagBag from /opt/airflow/dags/dag_scraping_twitter.py
[2026-02-12T22:32:41.628+0700] {processor.py:925} INFO - DAG(s) 'dag_scraping_twitter' retrieved from /opt/airflow/dags/dag_scraping_twitter.py
[2026-02-12T22:32:41.660+0700] {logging_mixin.py:190} INFO - [2026-02-12T22:32:41.659+0700] {dag.py:3211} INFO - Sync 1 DAGs
[2026-02-12T22:32:41.695+0700] {logging_mixin.py:190} INFO - [2026-02-12T22:32:41.695+0700] {dag.py:4138} INFO - Setting next_dagrun for dag_scraping_twitter to 2026-02-12 11:00:00+00:00, run_after=2026-02-12 23:00:00+00:00
[2026-02-12T22:32:41.721+0700] {processor.py:208} INFO - Processing /opt/airflow/dags/dag_scraping_twitter.py took 0.129 seconds
[2026-02-12T22:33:12.302+0700] {processor.py:186} INFO - Started process (PID=1301) to work on /opt/airflow/dags/dag_scraping_twitter.py
[2026-02-12T22:33:12.303+0700] {processor.py:914} INFO - Processing file /opt/airflow/dags/dag_scraping_twitter.py for tasks to queue
[2026-02-12T22:33:12.306+0700] {logging_mixin.py:190} INFO - [2026-02-12T22:33:12.305+0700] {dagbag.py:587} INFO - Filling up the DagBag from /opt/airflow/dags/dag_scraping_twitter.py
[2026-02-12T22:33:12.331+0700] {processor.py:925} INFO - DAG(s) 'dag_scraping_twitter' retrieved from /opt/airflow/dags/dag_scraping_twitter.py
[2026-02-12T22:33:12.360+0700] {logging_mixin.py:190} INFO - [2026-02-12T22:33:12.360+0700] {dag.py:3211} INFO - Sync 1 DAGs
[2026-02-12T22:33:12.387+0700] {logging_mixin.py:190} INFO - [2026-02-12T22:33:12.386+0700] {dag.py:4138} INFO - Setting next_dagrun for dag_scraping_twitter to 2026-02-12 11:00:00+00:00, run_after=2026-02-12 23:00:00+00:00
[2026-02-12T22:33:12.406+0700] {processor.py:208} INFO - Processing /opt/airflow/dags/dag_scraping_twitter.py took 0.112 seconds
[2026-02-12T22:33:42.946+0700] {processor.py:186} INFO - Started process (PID=1306) to work on /opt/airflow/dags/dag_scraping_twitter.py
[2026-02-12T22:33:42.948+0700] {processor.py:914} INFO - Processing file /opt/airflow/dags/dag_scraping_twitter.py for tasks to queue
[2026-02-12T22:33:42.951+0700] {logging_mixin.py:190} INFO - [2026-02-12T22:33:42.950+0700] {dagbag.py:587} INFO - Filling up the DagBag from /opt/airflow/dags/dag_scraping_twitter.py
[2026-02-12T22:33:42.977+0700] {processor.py:925} INFO - DAG(s) 'dag_scraping_twitter' retrieved from /opt/airflow/dags/dag_scraping_twitter.py
[2026-02-12T22:33:43.020+0700] {logging_mixin.py:190} INFO - [2026-02-12T22:33:43.020+0700] {dag.py:3211} INFO - Sync 1 DAGs
[2026-02-12T22:33:43.054+0700] {logging_mixin.py:190} INFO - [2026-02-12T22:33:43.054+0700] {dag.py:4138} INFO - Setting next_dagrun for dag_scraping_twitter to 2026-02-12 11:00:00+00:00, run_after=2026-02-12 23:00:00+00:00
[2026-02-12T22:33:43.078+0700] {processor.py:208} INFO - Processing /opt/airflow/dags/dag_scraping_twitter.py took 0.138 seconds
[2026-02-12T22:35:50.394+0700] {processor.py:186} INFO - Started process (PID=164) to work on /opt/airflow/dags/dag_scraping_twitter.py
[2026-02-12T22:35:50.396+0700] {processor.py:914} INFO - Processing file /opt/airflow/dags/dag_scraping_twitter.py for tasks to queue
[2026-02-12T22:35:50.398+0700] {logging_mixin.py:190} INFO - [2026-02-12T22:35:50.398+0700] {dagbag.py:587} INFO - Filling up the DagBag from /opt/airflow/dags/dag_scraping_twitter.py
[2026-02-12T22:35:50.432+0700] {processor.py:925} INFO - DAG(s) 'dag_scraping_twitter' retrieved from /opt/airflow/dags/dag_scraping_twitter.py
[2026-02-12T22:35:50.479+0700] {logging_mixin.py:190} INFO - [2026-02-12T22:35:50.478+0700] {dag.py:3211} INFO - Sync 1 DAGs
[2026-02-12T22:35:52.025+0700] {logging_mixin.py:190} INFO - [2026-02-12T22:35:52.024+0700] {dag.py:4138} INFO - Setting next_dagrun for dag_scraping_twitter to 2026-02-12 11:00:00+00:00, run_after=2026-02-12 23:00:00+00:00
[2026-02-12T22:35:52.047+0700] {processor.py:208} INFO - Processing /opt/airflow/dags/dag_scraping_twitter.py took 0.146 seconds
[2026-02-12T22:36:24.751+0700] {processor.py:186} INFO - Started process (PID=174) to work on /opt/airflow/dags/dag_scraping_twitter.py
[2026-02-12T22:36:24.752+0700] {processor.py:914} INFO - Processing file /opt/airflow/dags/dag_scraping_twitter.py for tasks to queue
[2026-02-12T22:36:24.755+0700] {logging_mixin.py:190} INFO - [2026-02-12T22:36:24.755+0700] {dagbag.py:587} INFO - Filling up the DagBag from /opt/airflow/dags/dag_scraping_twitter.py
[2026-02-12T22:36:24.775+0700] {processor.py:925} INFO - DAG(s) 'dag_scraping_twitter' retrieved from /opt/airflow/dags/dag_scraping_twitter.py
[2026-02-12T22:36:24.803+0700] {logging_mixin.py:190} INFO - [2026-02-12T22:36:24.803+0700] {dag.py:3211} INFO - Sync 1 DAGs
[2026-02-12T22:36:24.826+0700] {logging_mixin.py:190} INFO - [2026-02-12T22:36:24.826+0700] {dag.py:4138} INFO - Setting next_dagrun for dag_scraping_twitter to 2026-02-12 11:00:00+00:00, run_after=2026-02-12 23:00:00+00:00
[2026-02-12T22:36:24.846+0700] {processor.py:208} INFO - Processing /opt/airflow/dags/dag_scraping_twitter.py took 0.104 seconds
[2026-02-12T22:36:57.905+0700] {processor.py:186} INFO - Started process (PID=184) to work on /opt/airflow/dags/dag_scraping_twitter.py
[2026-02-12T22:36:57.906+0700] {processor.py:914} INFO - Processing file /opt/airflow/dags/dag_scraping_twitter.py for tasks to queue
[2026-02-12T22:36:57.909+0700] {logging_mixin.py:190} INFO - [2026-02-12T22:36:57.909+0700] {dagbag.py:587} INFO - Filling up the DagBag from /opt/airflow/dags/dag_scraping_twitter.py
[2026-02-12T22:36:57.927+0700] {processor.py:925} INFO - DAG(s) 'dag_scraping_twitter' retrieved from /opt/airflow/dags/dag_scraping_twitter.py
[2026-02-12T22:36:57.952+0700] {logging_mixin.py:190} INFO - [2026-02-12T22:36:57.952+0700] {dag.py:3211} INFO - Sync 1 DAGs
[2026-02-12T22:36:57.974+0700] {logging_mixin.py:190} INFO - [2026-02-12T22:36:57.973+0700] {dag.py:4138} INFO - Setting next_dagrun for dag_scraping_twitter to 2026-02-12 11:00:00+00:00, run_after=2026-02-12 23:00:00+00:00
[2026-02-12T22:36:57.995+0700] {processor.py:208} INFO - Processing /opt/airflow/dags/dag_scraping_twitter.py took 0.097 seconds
[2026-02-12T22:37:29.527+0700] {processor.py:186} INFO - Started process (PID=194) to work on /opt/airflow/dags/dag_scraping_twitter.py
[2026-02-12T22:37:29.528+0700] {processor.py:914} INFO - Processing file /opt/airflow/dags/dag_scraping_twitter.py for tasks to queue
[2026-02-12T22:37:29.532+0700] {logging_mixin.py:190} INFO - [2026-02-12T22:37:29.532+0700] {dagbag.py:587} INFO - Filling up the DagBag from /opt/airflow/dags/dag_scraping_twitter.py
[2026-02-12T22:37:29.551+0700] {processor.py:925} INFO - DAG(s) 'dag_scraping_twitter' retrieved from /opt/airflow/dags/dag_scraping_twitter.py
[2026-02-12T22:37:29.577+0700] {logging_mixin.py:190} INFO - [2026-02-12T22:37:29.577+0700] {dag.py:3211} INFO - Sync 1 DAGs
[2026-02-12T22:37:29.601+0700] {logging_mixin.py:190} INFO - [2026-02-12T22:37:29.600+0700] {dag.py:4138} INFO - Setting next_dagrun for dag_scraping_twitter to 2026-02-12 11:00:00+00:00, run_after=2026-02-12 23:00:00+00:00
[2026-02-12T22:37:29.624+0700] {processor.py:208} INFO - Processing /opt/airflow/dags/dag_scraping_twitter.py took 0.104 seconds
[2026-02-12T22:38:02.329+0700] {processor.py:186} INFO - Started process (PID=204) to work on /opt/airflow/dags/dag_scraping_twitter.py
[2026-02-12T22:38:02.330+0700] {processor.py:914} INFO - Processing file /opt/airflow/dags/dag_scraping_twitter.py for tasks to queue
[2026-02-12T22:38:02.333+0700] {logging_mixin.py:190} INFO - [2026-02-12T22:38:02.333+0700] {dagbag.py:587} INFO - Filling up the DagBag from /opt/airflow/dags/dag_scraping_twitter.py
[2026-02-12T22:38:02.352+0700] {processor.py:925} INFO - DAG(s) 'dag_scraping_twitter' retrieved from /opt/airflow/dags/dag_scraping_twitter.py
[2026-02-12T22:38:02.381+0700] {logging_mixin.py:190} INFO - [2026-02-12T22:38:02.380+0700] {dag.py:3211} INFO - Sync 1 DAGs
[2026-02-12T22:38:02.408+0700] {logging_mixin.py:190} INFO - [2026-02-12T22:38:02.407+0700] {dag.py:4138} INFO - Setting next_dagrun for dag_scraping_twitter to 2026-02-12 11:00:00+00:00, run_after=2026-02-12 23:00:00+00:00
[2026-02-12T22:38:02.429+0700] {processor.py:208} INFO - Processing /opt/airflow/dags/dag_scraping_twitter.py took 0.107 seconds
[2026-02-12T22:38:35.163+0700] {processor.py:186} INFO - Started process (PID=214) to work on /opt/airflow/dags/dag_scraping_twitter.py
[2026-02-12T22:38:35.166+0700] {processor.py:914} INFO - Processing file /opt/airflow/dags/dag_scraping_twitter.py for tasks to queue
[2026-02-12T22:38:35.171+0700] {logging_mixin.py:190} INFO - [2026-02-12T22:38:35.171+0700] {dagbag.py:587} INFO - Filling up the DagBag from /opt/airflow/dags/dag_scraping_twitter.py
[2026-02-12T22:38:35.207+0700] {processor.py:925} INFO - DAG(s) 'dag_scraping_twitter' retrieved from /opt/airflow/dags/dag_scraping_twitter.py
[2026-02-12T22:38:35.250+0700] {logging_mixin.py:190} INFO - [2026-02-12T22:38:35.249+0700] {dag.py:3211} INFO - Sync 1 DAGs
[2026-02-12T22:38:35.290+0700] {logging_mixin.py:190} INFO - [2026-02-12T22:38:35.289+0700] {dag.py:4138} INFO - Setting next_dagrun for dag_scraping_twitter to 2026-02-12 11:00:00+00:00, run_after=2026-02-12 23:00:00+00:00
[2026-02-12T22:38:35.317+0700] {processor.py:208} INFO - Processing /opt/airflow/dags/dag_scraping_twitter.py took 0.165 seconds
[2026-02-12T22:39:07.138+0700] {processor.py:186} INFO - Started process (PID=224) to work on /opt/airflow/dags/dag_scraping_twitter.py
[2026-02-12T22:39:07.140+0700] {processor.py:914} INFO - Processing file /opt/airflow/dags/dag_scraping_twitter.py for tasks to queue
[2026-02-12T22:39:07.144+0700] {logging_mixin.py:190} INFO - [2026-02-12T22:39:07.143+0700] {dagbag.py:587} INFO - Filling up the DagBag from /opt/airflow/dags/dag_scraping_twitter.py
[2026-02-12T22:39:07.172+0700] {processor.py:925} INFO - DAG(s) 'dag_scraping_twitter' retrieved from /opt/airflow/dags/dag_scraping_twitter.py
[2026-02-12T22:39:07.213+0700] {logging_mixin.py:190} INFO - [2026-02-12T22:39:07.213+0700] {dag.py:3211} INFO - Sync 1 DAGs
[2026-02-12T22:39:07.246+0700] {logging_mixin.py:190} INFO - [2026-02-12T22:39:07.246+0700] {dag.py:4138} INFO - Setting next_dagrun for dag_scraping_twitter to 2026-02-12 11:00:00+00:00, run_after=2026-02-12 23:00:00+00:00
[2026-02-12T22:39:07.273+0700] {processor.py:208} INFO - Processing /opt/airflow/dags/dag_scraping_twitter.py took 0.145 seconds
[2026-02-12T22:39:39.819+0700] {processor.py:186} INFO - Started process (PID=234) to work on /opt/airflow/dags/dag_scraping_twitter.py
[2026-02-12T22:39:39.821+0700] {processor.py:914} INFO - Processing file /opt/airflow/dags/dag_scraping_twitter.py for tasks to queue
[2026-02-12T22:39:39.836+0700] {logging_mixin.py:190} INFO - [2026-02-12T22:39:39.836+0700] {dagbag.py:587} INFO - Filling up the DagBag from /opt/airflow/dags/dag_scraping_twitter.py
[2026-02-12T22:39:39.900+0700] {processor.py:925} INFO - DAG(s) 'dag_scraping_twitter' retrieved from /opt/airflow/dags/dag_scraping_twitter.py
[2026-02-12T22:39:39.965+0700] {logging_mixin.py:190} INFO - [2026-02-12T22:39:39.965+0700] {dag.py:3211} INFO - Sync 1 DAGs
[2026-02-12T22:39:40.010+0700] {logging_mixin.py:190} INFO - [2026-02-12T22:39:40.009+0700] {dag.py:4138} INFO - Setting next_dagrun for dag_scraping_twitter to 2026-02-12 11:00:00+00:00, run_after=2026-02-12 23:00:00+00:00
[2026-02-12T22:39:40.039+0700] {processor.py:208} INFO - Processing /opt/airflow/dags/dag_scraping_twitter.py took 0.230 seconds
[2026-02-12T22:40:10.253+0700] {processor.py:186} INFO - Started process (PID=244) to work on /opt/airflow/dags/dag_scraping_twitter.py
[2026-02-12T22:40:10.254+0700] {processor.py:914} INFO - Processing file /opt/airflow/dags/dag_scraping_twitter.py for tasks to queue
[2026-02-12T22:40:10.256+0700] {logging_mixin.py:190} INFO - [2026-02-12T22:40:10.256+0700] {dagbag.py:587} INFO - Filling up the DagBag from /opt/airflow/dags/dag_scraping_twitter.py
[2026-02-12T22:40:10.273+0700] {processor.py:925} INFO - DAG(s) 'dag_scraping_twitter' retrieved from /opt/airflow/dags/dag_scraping_twitter.py
[2026-02-12T22:40:11.816+0700] {logging_mixin.py:190} INFO - [2026-02-12T22:40:11.815+0700] {dag.py:3211} INFO - Sync 1 DAGs
[2026-02-12T22:40:11.837+0700] {logging_mixin.py:190} INFO - [2026-02-12T22:40:11.837+0700] {dag.py:4138} INFO - Setting next_dagrun for dag_scraping_twitter to 2026-02-12 11:00:00+00:00, run_after=2026-02-12 23:00:00+00:00
[2026-02-12T22:40:11.864+0700] {processor.py:208} INFO - Processing /opt/airflow/dags/dag_scraping_twitter.py took 0.102 seconds
