[2026-02-07T07:00:18.273+0700] {processor.py:186} INFO - Started process (PID=9850) to work on /opt/airflow/dags/dag_scraping_twitter.py
[2026-02-07T07:00:18.275+0700] {processor.py:914} INFO - Processing file /opt/airflow/dags/dag_scraping_twitter.py for tasks to queue
[2026-02-07T07:00:18.278+0700] {logging_mixin.py:190} INFO - [2026-02-07T07:00:18.278+0700] {dagbag.py:587} INFO - Filling up the DagBag from /opt/airflow/dags/dag_scraping_twitter.py
[2026-02-07T07:00:18.298+0700] {processor.py:925} INFO - DAG(s) 'dag_scraping_twitter' retrieved from /opt/airflow/dags/dag_scraping_twitter.py
[2026-02-07T07:00:18.329+0700] {logging_mixin.py:190} INFO - [2026-02-07T07:00:18.328+0700] {dag.py:3211} INFO - Sync 1 DAGs
[2026-02-07T07:00:18.354+0700] {logging_mixin.py:190} INFO - [2026-02-07T07:00:18.354+0700] {dag.py:4138} INFO - Setting next_dagrun for dag_scraping_twitter to 2026-02-06 23:00:00+00:00, run_after=2026-02-07 11:00:00+00:00
[2026-02-07T07:00:18.378+0700] {processor.py:208} INFO - Processing /opt/airflow/dags/dag_scraping_twitter.py took 0.110 seconds
[2026-02-07T07:00:48.554+0700] {processor.py:186} INFO - Started process (PID=9860) to work on /opt/airflow/dags/dag_scraping_twitter.py
[2026-02-07T07:00:48.555+0700] {processor.py:914} INFO - Processing file /opt/airflow/dags/dag_scraping_twitter.py for tasks to queue
[2026-02-07T07:00:48.558+0700] {logging_mixin.py:190} INFO - [2026-02-07T07:00:48.557+0700] {dagbag.py:587} INFO - Filling up the DagBag from /opt/airflow/dags/dag_scraping_twitter.py
[2026-02-07T07:00:48.582+0700] {processor.py:925} INFO - DAG(s) 'dag_scraping_twitter' retrieved from /opt/airflow/dags/dag_scraping_twitter.py
[2026-02-07T07:00:48.610+0700] {logging_mixin.py:190} INFO - [2026-02-07T07:00:48.610+0700] {dag.py:3211} INFO - Sync 1 DAGs
[2026-02-07T07:00:48.636+0700] {logging_mixin.py:190} INFO - [2026-02-07T07:00:48.636+0700] {dag.py:4138} INFO - Setting next_dagrun for dag_scraping_twitter to 2026-02-06 23:00:00+00:00, run_after=2026-02-07 11:00:00+00:00
[2026-02-07T07:00:48.661+0700] {processor.py:208} INFO - Processing /opt/airflow/dags/dag_scraping_twitter.py took 0.114 seconds
[2026-02-07T07:01:18.810+0700] {processor.py:186} INFO - Started process (PID=9870) to work on /opt/airflow/dags/dag_scraping_twitter.py
[2026-02-07T07:01:18.811+0700] {processor.py:914} INFO - Processing file /opt/airflow/dags/dag_scraping_twitter.py for tasks to queue
[2026-02-07T07:01:18.815+0700] {logging_mixin.py:190} INFO - [2026-02-07T07:01:18.814+0700] {dagbag.py:587} INFO - Filling up the DagBag from /opt/airflow/dags/dag_scraping_twitter.py
[2026-02-07T07:01:18.847+0700] {processor.py:925} INFO - DAG(s) 'dag_scraping_twitter' retrieved from /opt/airflow/dags/dag_scraping_twitter.py
[2026-02-07T07:01:18.884+0700] {logging_mixin.py:190} INFO - [2026-02-07T07:01:18.884+0700] {dag.py:3211} INFO - Sync 1 DAGs
[2026-02-07T07:01:18.910+0700] {logging_mixin.py:190} INFO - [2026-02-07T07:01:18.910+0700] {dag.py:4138} INFO - Setting next_dagrun for dag_scraping_twitter to 2026-02-06 23:00:00+00:00, run_after=2026-02-07 11:00:00+00:00
[2026-02-07T07:01:18.932+0700] {processor.py:208} INFO - Processing /opt/airflow/dags/dag_scraping_twitter.py took 0.131 seconds
[2026-02-07T07:01:49.137+0700] {processor.py:186} INFO - Started process (PID=9880) to work on /opt/airflow/dags/dag_scraping_twitter.py
[2026-02-07T07:01:49.138+0700] {processor.py:914} INFO - Processing file /opt/airflow/dags/dag_scraping_twitter.py for tasks to queue
[2026-02-07T07:01:49.140+0700] {logging_mixin.py:190} INFO - [2026-02-07T07:01:49.140+0700] {dagbag.py:587} INFO - Filling up the DagBag from /opt/airflow/dags/dag_scraping_twitter.py
[2026-02-07T07:01:49.160+0700] {processor.py:925} INFO - DAG(s) 'dag_scraping_twitter' retrieved from /opt/airflow/dags/dag_scraping_twitter.py
[2026-02-07T07:01:49.189+0700] {logging_mixin.py:190} INFO - [2026-02-07T07:01:49.189+0700] {dag.py:3211} INFO - Sync 1 DAGs
[2026-02-07T07:01:49.213+0700] {logging_mixin.py:190} INFO - [2026-02-07T07:01:49.212+0700] {dag.py:4138} INFO - Setting next_dagrun for dag_scraping_twitter to 2026-02-06 23:00:00+00:00, run_after=2026-02-07 11:00:00+00:00
[2026-02-07T07:01:49.238+0700] {processor.py:208} INFO - Processing /opt/airflow/dags/dag_scraping_twitter.py took 0.107 seconds
[2026-02-07T07:02:19.548+0700] {processor.py:186} INFO - Started process (PID=9890) to work on /opt/airflow/dags/dag_scraping_twitter.py
[2026-02-07T07:02:19.549+0700] {processor.py:914} INFO - Processing file /opt/airflow/dags/dag_scraping_twitter.py for tasks to queue
[2026-02-07T07:02:19.553+0700] {logging_mixin.py:190} INFO - [2026-02-07T07:02:19.553+0700] {dagbag.py:587} INFO - Filling up the DagBag from /opt/airflow/dags/dag_scraping_twitter.py
[2026-02-07T07:02:19.573+0700] {processor.py:925} INFO - DAG(s) 'dag_scraping_twitter' retrieved from /opt/airflow/dags/dag_scraping_twitter.py
[2026-02-07T07:02:19.602+0700] {logging_mixin.py:190} INFO - [2026-02-07T07:02:19.602+0700] {dag.py:3211} INFO - Sync 1 DAGs
[2026-02-07T07:02:19.627+0700] {logging_mixin.py:190} INFO - [2026-02-07T07:02:19.626+0700] {dag.py:4138} INFO - Setting next_dagrun for dag_scraping_twitter to 2026-02-06 23:00:00+00:00, run_after=2026-02-07 11:00:00+00:00
[2026-02-07T07:02:19.649+0700] {processor.py:208} INFO - Processing /opt/airflow/dags/dag_scraping_twitter.py took 0.108 seconds
[2026-02-07T07:02:49.784+0700] {processor.py:186} INFO - Started process (PID=9900) to work on /opt/airflow/dags/dag_scraping_twitter.py
[2026-02-07T07:02:49.785+0700] {processor.py:914} INFO - Processing file /opt/airflow/dags/dag_scraping_twitter.py for tasks to queue
[2026-02-07T07:02:49.788+0700] {logging_mixin.py:190} INFO - [2026-02-07T07:02:49.787+0700] {dagbag.py:587} INFO - Filling up the DagBag from /opt/airflow/dags/dag_scraping_twitter.py
[2026-02-07T07:02:49.807+0700] {processor.py:925} INFO - DAG(s) 'dag_scraping_twitter' retrieved from /opt/airflow/dags/dag_scraping_twitter.py
[2026-02-07T07:02:49.836+0700] {logging_mixin.py:190} INFO - [2026-02-07T07:02:49.836+0700] {dag.py:3211} INFO - Sync 1 DAGs
[2026-02-07T07:02:49.861+0700] {logging_mixin.py:190} INFO - [2026-02-07T07:02:49.861+0700] {dag.py:4138} INFO - Setting next_dagrun for dag_scraping_twitter to 2026-02-06 23:00:00+00:00, run_after=2026-02-07 11:00:00+00:00
[2026-02-07T07:02:49.887+0700] {processor.py:208} INFO - Processing /opt/airflow/dags/dag_scraping_twitter.py took 0.110 seconds
[2026-02-07T07:03:20.135+0700] {processor.py:186} INFO - Started process (PID=9910) to work on /opt/airflow/dags/dag_scraping_twitter.py
[2026-02-07T07:03:20.136+0700] {processor.py:914} INFO - Processing file /opt/airflow/dags/dag_scraping_twitter.py for tasks to queue
[2026-02-07T07:03:20.138+0700] {logging_mixin.py:190} INFO - [2026-02-07T07:03:20.138+0700] {dagbag.py:587} INFO - Filling up the DagBag from /opt/airflow/dags/dag_scraping_twitter.py
[2026-02-07T07:03:20.157+0700] {processor.py:925} INFO - DAG(s) 'dag_scraping_twitter' retrieved from /opt/airflow/dags/dag_scraping_twitter.py
[2026-02-07T07:03:20.185+0700] {logging_mixin.py:190} INFO - [2026-02-07T07:03:20.184+0700] {dag.py:3211} INFO - Sync 1 DAGs
[2026-02-07T07:03:20.210+0700] {logging_mixin.py:190} INFO - [2026-02-07T07:03:20.209+0700] {dag.py:4138} INFO - Setting next_dagrun for dag_scraping_twitter to 2026-02-06 23:00:00+00:00, run_after=2026-02-07 11:00:00+00:00
[2026-02-07T07:03:20.234+0700] {processor.py:208} INFO - Processing /opt/airflow/dags/dag_scraping_twitter.py took 0.107 seconds
[2026-02-07T07:03:50.631+0700] {processor.py:186} INFO - Started process (PID=9920) to work on /opt/airflow/dags/dag_scraping_twitter.py
[2026-02-07T07:03:50.632+0700] {processor.py:914} INFO - Processing file /opt/airflow/dags/dag_scraping_twitter.py for tasks to queue
[2026-02-07T07:03:50.635+0700] {logging_mixin.py:190} INFO - [2026-02-07T07:03:50.635+0700] {dagbag.py:587} INFO - Filling up the DagBag from /opt/airflow/dags/dag_scraping_twitter.py
[2026-02-07T07:03:50.656+0700] {processor.py:925} INFO - DAG(s) 'dag_scraping_twitter' retrieved from /opt/airflow/dags/dag_scraping_twitter.py
[2026-02-07T07:03:50.687+0700] {logging_mixin.py:190} INFO - [2026-02-07T07:03:50.687+0700] {dag.py:3211} INFO - Sync 1 DAGs
[2026-02-07T07:03:50.713+0700] {logging_mixin.py:190} INFO - [2026-02-07T07:03:50.712+0700] {dag.py:4138} INFO - Setting next_dagrun for dag_scraping_twitter to 2026-02-06 23:00:00+00:00, run_after=2026-02-07 11:00:00+00:00
[2026-02-07T07:03:50.735+0700] {processor.py:208} INFO - Processing /opt/airflow/dags/dag_scraping_twitter.py took 0.112 seconds
[2026-02-07T07:04:21.005+0700] {processor.py:186} INFO - Started process (PID=9930) to work on /opt/airflow/dags/dag_scraping_twitter.py
[2026-02-07T07:04:21.006+0700] {processor.py:914} INFO - Processing file /opt/airflow/dags/dag_scraping_twitter.py for tasks to queue
[2026-02-07T07:04:21.009+0700] {logging_mixin.py:190} INFO - [2026-02-07T07:04:21.008+0700] {dagbag.py:587} INFO - Filling up the DagBag from /opt/airflow/dags/dag_scraping_twitter.py
[2026-02-07T07:04:21.027+0700] {processor.py:925} INFO - DAG(s) 'dag_scraping_twitter' retrieved from /opt/airflow/dags/dag_scraping_twitter.py
[2026-02-07T07:04:21.058+0700] {logging_mixin.py:190} INFO - [2026-02-07T07:04:21.057+0700] {dag.py:3211} INFO - Sync 1 DAGs
[2026-02-07T07:04:21.088+0700] {logging_mixin.py:190} INFO - [2026-02-07T07:04:21.088+0700] {dag.py:4138} INFO - Setting next_dagrun for dag_scraping_twitter to 2026-02-06 23:00:00+00:00, run_after=2026-02-07 11:00:00+00:00
[2026-02-07T07:04:21.112+0700] {processor.py:208} INFO - Processing /opt/airflow/dags/dag_scraping_twitter.py took 0.114 seconds
[2026-02-07T07:04:51.243+0700] {processor.py:186} INFO - Started process (PID=9940) to work on /opt/airflow/dags/dag_scraping_twitter.py
[2026-02-07T07:04:51.244+0700] {processor.py:914} INFO - Processing file /opt/airflow/dags/dag_scraping_twitter.py for tasks to queue
[2026-02-07T07:04:51.247+0700] {logging_mixin.py:190} INFO - [2026-02-07T07:04:51.247+0700] {dagbag.py:587} INFO - Filling up the DagBag from /opt/airflow/dags/dag_scraping_twitter.py
[2026-02-07T07:04:51.275+0700] {processor.py:925} INFO - DAG(s) 'dag_scraping_twitter' retrieved from /opt/airflow/dags/dag_scraping_twitter.py
[2026-02-07T07:04:51.313+0700] {logging_mixin.py:190} INFO - [2026-02-07T07:04:51.313+0700] {dag.py:3211} INFO - Sync 1 DAGs
[2026-02-07T07:04:51.347+0700] {logging_mixin.py:190} INFO - [2026-02-07T07:04:51.347+0700] {dag.py:4138} INFO - Setting next_dagrun for dag_scraping_twitter to 2026-02-06 23:00:00+00:00, run_after=2026-02-07 11:00:00+00:00
[2026-02-07T07:04:51.369+0700] {processor.py:208} INFO - Processing /opt/airflow/dags/dag_scraping_twitter.py took 0.133 seconds
[2026-02-07T07:05:21.691+0700] {processor.py:186} INFO - Started process (PID=9950) to work on /opt/airflow/dags/dag_scraping_twitter.py
[2026-02-07T07:05:21.693+0700] {processor.py:914} INFO - Processing file /opt/airflow/dags/dag_scraping_twitter.py for tasks to queue
[2026-02-07T07:05:21.696+0700] {logging_mixin.py:190} INFO - [2026-02-07T07:05:21.695+0700] {dagbag.py:587} INFO - Filling up the DagBag from /opt/airflow/dags/dag_scraping_twitter.py
[2026-02-07T07:05:21.716+0700] {processor.py:925} INFO - DAG(s) 'dag_scraping_twitter' retrieved from /opt/airflow/dags/dag_scraping_twitter.py
[2026-02-07T07:05:21.745+0700] {logging_mixin.py:190} INFO - [2026-02-07T07:05:21.745+0700] {dag.py:3211} INFO - Sync 1 DAGs
[2026-02-07T07:05:21.769+0700] {logging_mixin.py:190} INFO - [2026-02-07T07:05:21.769+0700] {dag.py:4138} INFO - Setting next_dagrun for dag_scraping_twitter to 2026-02-06 23:00:00+00:00, run_after=2026-02-07 11:00:00+00:00
[2026-02-07T07:05:21.795+0700] {processor.py:208} INFO - Processing /opt/airflow/dags/dag_scraping_twitter.py took 0.112 seconds
[2026-02-07T07:05:51.932+0700] {processor.py:186} INFO - Started process (PID=9960) to work on /opt/airflow/dags/dag_scraping_twitter.py
[2026-02-07T07:05:51.933+0700] {processor.py:914} INFO - Processing file /opt/airflow/dags/dag_scraping_twitter.py for tasks to queue
[2026-02-07T07:05:51.935+0700] {logging_mixin.py:190} INFO - [2026-02-07T07:05:51.935+0700] {dagbag.py:587} INFO - Filling up the DagBag from /opt/airflow/dags/dag_scraping_twitter.py
[2026-02-07T07:05:51.954+0700] {processor.py:925} INFO - DAG(s) 'dag_scraping_twitter' retrieved from /opt/airflow/dags/dag_scraping_twitter.py
[2026-02-07T07:05:51.983+0700] {logging_mixin.py:190} INFO - [2026-02-07T07:05:51.983+0700] {dag.py:3211} INFO - Sync 1 DAGs
[2026-02-07T07:05:52.010+0700] {logging_mixin.py:190} INFO - [2026-02-07T07:05:52.010+0700] {dag.py:4138} INFO - Setting next_dagrun for dag_scraping_twitter to 2026-02-06 23:00:00+00:00, run_after=2026-02-07 11:00:00+00:00
[2026-02-07T07:05:52.035+0700] {processor.py:208} INFO - Processing /opt/airflow/dags/dag_scraping_twitter.py took 0.110 seconds
[2026-02-07T07:06:22.224+0700] {processor.py:186} INFO - Started process (PID=9970) to work on /opt/airflow/dags/dag_scraping_twitter.py
[2026-02-07T07:06:22.226+0700] {processor.py:914} INFO - Processing file /opt/airflow/dags/dag_scraping_twitter.py for tasks to queue
[2026-02-07T07:06:22.230+0700] {logging_mixin.py:190} INFO - [2026-02-07T07:06:22.229+0700] {dagbag.py:587} INFO - Filling up the DagBag from /opt/airflow/dags/dag_scraping_twitter.py
[2026-02-07T07:06:22.252+0700] {processor.py:925} INFO - DAG(s) 'dag_scraping_twitter' retrieved from /opt/airflow/dags/dag_scraping_twitter.py
[2026-02-07T07:06:22.282+0700] {logging_mixin.py:190} INFO - [2026-02-07T07:06:22.281+0700] {dag.py:3211} INFO - Sync 1 DAGs
[2026-02-07T07:06:22.309+0700] {logging_mixin.py:190} INFO - [2026-02-07T07:06:22.309+0700] {dag.py:4138} INFO - Setting next_dagrun for dag_scraping_twitter to 2026-02-06 23:00:00+00:00, run_after=2026-02-07 11:00:00+00:00
[2026-02-07T07:06:22.332+0700] {processor.py:208} INFO - Processing /opt/airflow/dags/dag_scraping_twitter.py took 0.116 seconds
[2026-02-07T07:06:52.451+0700] {processor.py:186} INFO - Started process (PID=9980) to work on /opt/airflow/dags/dag_scraping_twitter.py
[2026-02-07T07:06:52.452+0700] {processor.py:914} INFO - Processing file /opt/airflow/dags/dag_scraping_twitter.py for tasks to queue
[2026-02-07T07:06:52.455+0700] {logging_mixin.py:190} INFO - [2026-02-07T07:06:52.454+0700] {dagbag.py:587} INFO - Filling up the DagBag from /opt/airflow/dags/dag_scraping_twitter.py
[2026-02-07T07:06:52.475+0700] {processor.py:925} INFO - DAG(s) 'dag_scraping_twitter' retrieved from /opt/airflow/dags/dag_scraping_twitter.py
[2026-02-07T07:06:52.512+0700] {logging_mixin.py:190} INFO - [2026-02-07T07:06:52.512+0700] {dag.py:3211} INFO - Sync 1 DAGs
[2026-02-07T07:06:52.540+0700] {logging_mixin.py:190} INFO - [2026-02-07T07:06:52.540+0700] {dag.py:4138} INFO - Setting next_dagrun for dag_scraping_twitter to 2026-02-06 23:00:00+00:00, run_after=2026-02-07 11:00:00+00:00
[2026-02-07T07:06:52.568+0700] {processor.py:208} INFO - Processing /opt/airflow/dags/dag_scraping_twitter.py took 0.123 seconds
[2026-02-07T07:07:22.905+0700] {processor.py:186} INFO - Started process (PID=9990) to work on /opt/airflow/dags/dag_scraping_twitter.py
[2026-02-07T07:07:22.907+0700] {processor.py:914} INFO - Processing file /opt/airflow/dags/dag_scraping_twitter.py for tasks to queue
[2026-02-07T07:07:22.909+0700] {logging_mixin.py:190} INFO - [2026-02-07T07:07:22.909+0700] {dagbag.py:587} INFO - Filling up the DagBag from /opt/airflow/dags/dag_scraping_twitter.py
[2026-02-07T07:07:22.928+0700] {processor.py:925} INFO - DAG(s) 'dag_scraping_twitter' retrieved from /opt/airflow/dags/dag_scraping_twitter.py
[2026-02-07T07:07:22.958+0700] {logging_mixin.py:190} INFO - [2026-02-07T07:07:22.958+0700] {dag.py:3211} INFO - Sync 1 DAGs
[2026-02-07T07:07:22.985+0700] {logging_mixin.py:190} INFO - [2026-02-07T07:07:22.985+0700] {dag.py:4138} INFO - Setting next_dagrun for dag_scraping_twitter to 2026-02-06 23:00:00+00:00, run_after=2026-02-07 11:00:00+00:00
[2026-02-07T07:07:23.010+0700] {processor.py:208} INFO - Processing /opt/airflow/dags/dag_scraping_twitter.py took 0.111 seconds
[2026-02-07T07:07:53.172+0700] {processor.py:186} INFO - Started process (PID=10000) to work on /opt/airflow/dags/dag_scraping_twitter.py
[2026-02-07T07:07:53.173+0700] {processor.py:914} INFO - Processing file /opt/airflow/dags/dag_scraping_twitter.py for tasks to queue
[2026-02-07T07:07:53.175+0700] {logging_mixin.py:190} INFO - [2026-02-07T07:07:53.175+0700] {dagbag.py:587} INFO - Filling up the DagBag from /opt/airflow/dags/dag_scraping_twitter.py
[2026-02-07T07:07:53.192+0700] {processor.py:925} INFO - DAG(s) 'dag_scraping_twitter' retrieved from /opt/airflow/dags/dag_scraping_twitter.py
[2026-02-07T07:07:53.220+0700] {logging_mixin.py:190} INFO - [2026-02-07T07:07:53.219+0700] {dag.py:3211} INFO - Sync 1 DAGs
[2026-02-07T07:07:53.245+0700] {logging_mixin.py:190} INFO - [2026-02-07T07:07:53.245+0700] {dag.py:4138} INFO - Setting next_dagrun for dag_scraping_twitter to 2026-02-06 23:00:00+00:00, run_after=2026-02-07 11:00:00+00:00
[2026-02-07T07:07:53.270+0700] {processor.py:208} INFO - Processing /opt/airflow/dags/dag_scraping_twitter.py took 0.105 seconds
[2026-02-07T07:08:23.460+0700] {processor.py:186} INFO - Started process (PID=10010) to work on /opt/airflow/dags/dag_scraping_twitter.py
[2026-02-07T07:08:23.462+0700] {processor.py:914} INFO - Processing file /opt/airflow/dags/dag_scraping_twitter.py for tasks to queue
[2026-02-07T07:08:23.470+0700] {logging_mixin.py:190} INFO - [2026-02-07T07:08:23.469+0700] {dagbag.py:587} INFO - Filling up the DagBag from /opt/airflow/dags/dag_scraping_twitter.py
[2026-02-07T07:08:23.490+0700] {processor.py:925} INFO - DAG(s) 'dag_scraping_twitter' retrieved from /opt/airflow/dags/dag_scraping_twitter.py
[2026-02-07T07:08:23.517+0700] {logging_mixin.py:190} INFO - [2026-02-07T07:08:23.517+0700] {dag.py:3211} INFO - Sync 1 DAGs
[2026-02-07T07:08:23.541+0700] {logging_mixin.py:190} INFO - [2026-02-07T07:08:23.541+0700] {dag.py:4138} INFO - Setting next_dagrun for dag_scraping_twitter to 2026-02-06 23:00:00+00:00, run_after=2026-02-07 11:00:00+00:00
[2026-02-07T07:08:23.564+0700] {processor.py:208} INFO - Processing /opt/airflow/dags/dag_scraping_twitter.py took 0.110 seconds
[2026-02-07T07:08:53.614+0700] {processor.py:186} INFO - Started process (PID=10020) to work on /opt/airflow/dags/dag_scraping_twitter.py
[2026-02-07T07:08:53.615+0700] {processor.py:914} INFO - Processing file /opt/airflow/dags/dag_scraping_twitter.py for tasks to queue
[2026-02-07T07:08:53.618+0700] {logging_mixin.py:190} INFO - [2026-02-07T07:08:53.618+0700] {dagbag.py:587} INFO - Filling up the DagBag from /opt/airflow/dags/dag_scraping_twitter.py
[2026-02-07T07:08:53.634+0700] {processor.py:925} INFO - DAG(s) 'dag_scraping_twitter' retrieved from /opt/airflow/dags/dag_scraping_twitter.py
[2026-02-07T07:08:53.663+0700] {logging_mixin.py:190} INFO - [2026-02-07T07:08:53.663+0700] {dag.py:3211} INFO - Sync 1 DAGs
[2026-02-07T07:08:53.688+0700] {logging_mixin.py:190} INFO - [2026-02-07T07:08:53.688+0700] {dag.py:4138} INFO - Setting next_dagrun for dag_scraping_twitter to 2026-02-06 23:00:00+00:00, run_after=2026-02-07 11:00:00+00:00
[2026-02-07T07:08:53.712+0700] {processor.py:208} INFO - Processing /opt/airflow/dags/dag_scraping_twitter.py took 0.103 seconds
[2026-02-07T07:09:23.978+0700] {processor.py:186} INFO - Started process (PID=10030) to work on /opt/airflow/dags/dag_scraping_twitter.py
[2026-02-07T07:09:23.979+0700] {processor.py:914} INFO - Processing file /opt/airflow/dags/dag_scraping_twitter.py for tasks to queue
[2026-02-07T07:09:23.982+0700] {logging_mixin.py:190} INFO - [2026-02-07T07:09:23.982+0700] {dagbag.py:587} INFO - Filling up the DagBag from /opt/airflow/dags/dag_scraping_twitter.py
[2026-02-07T07:09:24.001+0700] {processor.py:925} INFO - DAG(s) 'dag_scraping_twitter' retrieved from /opt/airflow/dags/dag_scraping_twitter.py
[2026-02-07T07:09:24.029+0700] {logging_mixin.py:190} INFO - [2026-02-07T07:09:24.029+0700] {dag.py:3211} INFO - Sync 1 DAGs
[2026-02-07T07:09:24.053+0700] {logging_mixin.py:190} INFO - [2026-02-07T07:09:24.053+0700] {dag.py:4138} INFO - Setting next_dagrun for dag_scraping_twitter to 2026-02-06 23:00:00+00:00, run_after=2026-02-07 11:00:00+00:00
[2026-02-07T07:09:24.079+0700] {processor.py:208} INFO - Processing /opt/airflow/dags/dag_scraping_twitter.py took 0.107 seconds
[2026-02-07T07:09:54.253+0700] {processor.py:186} INFO - Started process (PID=10040) to work on /opt/airflow/dags/dag_scraping_twitter.py
[2026-02-07T07:09:54.254+0700] {processor.py:914} INFO - Processing file /opt/airflow/dags/dag_scraping_twitter.py for tasks to queue
[2026-02-07T07:09:54.256+0700] {logging_mixin.py:190} INFO - [2026-02-07T07:09:54.256+0700] {dagbag.py:587} INFO - Filling up the DagBag from /opt/airflow/dags/dag_scraping_twitter.py
[2026-02-07T07:09:54.280+0700] {processor.py:925} INFO - DAG(s) 'dag_scraping_twitter' retrieved from /opt/airflow/dags/dag_scraping_twitter.py
[2026-02-07T07:09:54.310+0700] {logging_mixin.py:190} INFO - [2026-02-07T07:09:54.310+0700] {dag.py:3211} INFO - Sync 1 DAGs
[2026-02-07T07:09:54.334+0700] {logging_mixin.py:190} INFO - [2026-02-07T07:09:54.334+0700] {dag.py:4138} INFO - Setting next_dagrun for dag_scraping_twitter to 2026-02-06 23:00:00+00:00, run_after=2026-02-07 11:00:00+00:00
[2026-02-07T07:09:54.357+0700] {processor.py:208} INFO - Processing /opt/airflow/dags/dag_scraping_twitter.py took 0.112 seconds
[2026-02-07T07:10:24.530+0700] {processor.py:186} INFO - Started process (PID=10050) to work on /opt/airflow/dags/dag_scraping_twitter.py
[2026-02-07T07:10:24.531+0700] {processor.py:914} INFO - Processing file /opt/airflow/dags/dag_scraping_twitter.py for tasks to queue
[2026-02-07T07:10:24.533+0700] {logging_mixin.py:190} INFO - [2026-02-07T07:10:24.533+0700] {dagbag.py:587} INFO - Filling up the DagBag from /opt/airflow/dags/dag_scraping_twitter.py
[2026-02-07T07:10:24.551+0700] {processor.py:925} INFO - DAG(s) 'dag_scraping_twitter' retrieved from /opt/airflow/dags/dag_scraping_twitter.py
[2026-02-07T07:10:24.580+0700] {logging_mixin.py:190} INFO - [2026-02-07T07:10:24.580+0700] {dag.py:3211} INFO - Sync 1 DAGs
[2026-02-07T07:10:24.604+0700] {logging_mixin.py:190} INFO - [2026-02-07T07:10:24.603+0700] {dag.py:4138} INFO - Setting next_dagrun for dag_scraping_twitter to 2026-02-06 23:00:00+00:00, run_after=2026-02-07 11:00:00+00:00
[2026-02-07T07:10:24.627+0700] {processor.py:208} INFO - Processing /opt/airflow/dags/dag_scraping_twitter.py took 0.104 seconds
[2026-02-07T07:10:54.756+0700] {processor.py:186} INFO - Started process (PID=10060) to work on /opt/airflow/dags/dag_scraping_twitter.py
[2026-02-07T07:10:54.757+0700] {processor.py:914} INFO - Processing file /opt/airflow/dags/dag_scraping_twitter.py for tasks to queue
[2026-02-07T07:10:54.759+0700] {logging_mixin.py:190} INFO - [2026-02-07T07:10:54.759+0700] {dagbag.py:587} INFO - Filling up the DagBag from /opt/airflow/dags/dag_scraping_twitter.py
[2026-02-07T07:10:54.777+0700] {processor.py:925} INFO - DAG(s) 'dag_scraping_twitter' retrieved from /opt/airflow/dags/dag_scraping_twitter.py
[2026-02-07T07:10:54.805+0700] {logging_mixin.py:190} INFO - [2026-02-07T07:10:54.805+0700] {dag.py:3211} INFO - Sync 1 DAGs
[2026-02-07T07:10:54.830+0700] {logging_mixin.py:190} INFO - [2026-02-07T07:10:54.830+0700] {dag.py:4138} INFO - Setting next_dagrun for dag_scraping_twitter to 2026-02-06 23:00:00+00:00, run_after=2026-02-07 11:00:00+00:00
[2026-02-07T07:10:54.854+0700] {processor.py:208} INFO - Processing /opt/airflow/dags/dag_scraping_twitter.py took 0.105 seconds
[2026-02-07T07:11:25.008+0700] {processor.py:186} INFO - Started process (PID=10070) to work on /opt/airflow/dags/dag_scraping_twitter.py
[2026-02-07T07:11:25.009+0700] {processor.py:914} INFO - Processing file /opt/airflow/dags/dag_scraping_twitter.py for tasks to queue
[2026-02-07T07:11:25.011+0700] {logging_mixin.py:190} INFO - [2026-02-07T07:11:25.011+0700] {dagbag.py:587} INFO - Filling up the DagBag from /opt/airflow/dags/dag_scraping_twitter.py
[2026-02-07T07:11:25.029+0700] {processor.py:925} INFO - DAG(s) 'dag_scraping_twitter' retrieved from /opt/airflow/dags/dag_scraping_twitter.py
[2026-02-07T07:11:25.058+0700] {logging_mixin.py:190} INFO - [2026-02-07T07:11:25.058+0700] {dag.py:3211} INFO - Sync 1 DAGs
[2026-02-07T07:11:25.082+0700] {logging_mixin.py:190} INFO - [2026-02-07T07:11:25.082+0700] {dag.py:4138} INFO - Setting next_dagrun for dag_scraping_twitter to 2026-02-06 23:00:00+00:00, run_after=2026-02-07 11:00:00+00:00
[2026-02-07T07:11:25.106+0700] {processor.py:208} INFO - Processing /opt/airflow/dags/dag_scraping_twitter.py took 0.104 seconds
[2026-02-07T07:11:55.277+0700] {processor.py:186} INFO - Started process (PID=10080) to work on /opt/airflow/dags/dag_scraping_twitter.py
[2026-02-07T07:11:55.278+0700] {processor.py:914} INFO - Processing file /opt/airflow/dags/dag_scraping_twitter.py for tasks to queue
[2026-02-07T07:11:55.283+0700] {logging_mixin.py:190} INFO - [2026-02-07T07:11:55.282+0700] {dagbag.py:587} INFO - Filling up the DagBag from /opt/airflow/dags/dag_scraping_twitter.py
[2026-02-07T07:11:55.304+0700] {processor.py:925} INFO - DAG(s) 'dag_scraping_twitter' retrieved from /opt/airflow/dags/dag_scraping_twitter.py
[2026-02-07T07:11:55.334+0700] {logging_mixin.py:190} INFO - [2026-02-07T07:11:55.333+0700] {dag.py:3211} INFO - Sync 1 DAGs
[2026-02-07T07:11:55.361+0700] {logging_mixin.py:190} INFO - [2026-02-07T07:11:55.360+0700] {dag.py:4138} INFO - Setting next_dagrun for dag_scraping_twitter to 2026-02-06 23:00:00+00:00, run_after=2026-02-07 11:00:00+00:00
[2026-02-07T07:11:55.387+0700] {processor.py:208} INFO - Processing /opt/airflow/dags/dag_scraping_twitter.py took 0.118 seconds
[2026-02-07T07:12:25.580+0700] {processor.py:186} INFO - Started process (PID=10090) to work on /opt/airflow/dags/dag_scraping_twitter.py
[2026-02-07T07:12:25.582+0700] {processor.py:914} INFO - Processing file /opt/airflow/dags/dag_scraping_twitter.py for tasks to queue
[2026-02-07T07:12:25.584+0700] {logging_mixin.py:190} INFO - [2026-02-07T07:12:25.584+0700] {dagbag.py:587} INFO - Filling up the DagBag from /opt/airflow/dags/dag_scraping_twitter.py
[2026-02-07T07:12:25.606+0700] {processor.py:925} INFO - DAG(s) 'dag_scraping_twitter' retrieved from /opt/airflow/dags/dag_scraping_twitter.py
[2026-02-07T07:12:25.634+0700] {logging_mixin.py:190} INFO - [2026-02-07T07:12:25.634+0700] {dag.py:3211} INFO - Sync 1 DAGs
[2026-02-07T07:12:25.658+0700] {logging_mixin.py:190} INFO - [2026-02-07T07:12:25.658+0700] {dag.py:4138} INFO - Setting next_dagrun for dag_scraping_twitter to 2026-02-06 23:00:00+00:00, run_after=2026-02-07 11:00:00+00:00
[2026-02-07T07:12:25.682+0700] {processor.py:208} INFO - Processing /opt/airflow/dags/dag_scraping_twitter.py took 0.109 seconds
[2026-02-07T07:12:56.014+0700] {processor.py:186} INFO - Started process (PID=10100) to work on /opt/airflow/dags/dag_scraping_twitter.py
[2026-02-07T07:12:56.015+0700] {processor.py:914} INFO - Processing file /opt/airflow/dags/dag_scraping_twitter.py for tasks to queue
[2026-02-07T07:12:56.018+0700] {logging_mixin.py:190} INFO - [2026-02-07T07:12:56.018+0700] {dagbag.py:587} INFO - Filling up the DagBag from /opt/airflow/dags/dag_scraping_twitter.py
[2026-02-07T07:12:56.044+0700] {processor.py:925} INFO - DAG(s) 'dag_scraping_twitter' retrieved from /opt/airflow/dags/dag_scraping_twitter.py
[2026-02-07T07:12:56.072+0700] {logging_mixin.py:190} INFO - [2026-02-07T07:12:56.072+0700] {dag.py:3211} INFO - Sync 1 DAGs
[2026-02-07T07:12:56.097+0700] {logging_mixin.py:190} INFO - [2026-02-07T07:12:56.097+0700] {dag.py:4138} INFO - Setting next_dagrun for dag_scraping_twitter to 2026-02-06 23:00:00+00:00, run_after=2026-02-07 11:00:00+00:00
[2026-02-07T07:12:56.121+0700] {processor.py:208} INFO - Processing /opt/airflow/dags/dag_scraping_twitter.py took 0.114 seconds
[2026-02-07T07:13:26.355+0700] {processor.py:186} INFO - Started process (PID=10110) to work on /opt/airflow/dags/dag_scraping_twitter.py
[2026-02-07T07:13:26.356+0700] {processor.py:914} INFO - Processing file /opt/airflow/dags/dag_scraping_twitter.py for tasks to queue
[2026-02-07T07:13:26.359+0700] {logging_mixin.py:190} INFO - [2026-02-07T07:13:26.359+0700] {dagbag.py:587} INFO - Filling up the DagBag from /opt/airflow/dags/dag_scraping_twitter.py
[2026-02-07T07:13:26.378+0700] {processor.py:925} INFO - DAG(s) 'dag_scraping_twitter' retrieved from /opt/airflow/dags/dag_scraping_twitter.py
[2026-02-07T07:13:26.406+0700] {logging_mixin.py:190} INFO - [2026-02-07T07:13:26.405+0700] {dag.py:3211} INFO - Sync 1 DAGs
[2026-02-07T07:13:26.432+0700] {logging_mixin.py:190} INFO - [2026-02-07T07:13:26.432+0700] {dag.py:4138} INFO - Setting next_dagrun for dag_scraping_twitter to 2026-02-06 23:00:00+00:00, run_after=2026-02-07 11:00:00+00:00
[2026-02-07T07:13:26.456+0700] {processor.py:208} INFO - Processing /opt/airflow/dags/dag_scraping_twitter.py took 0.108 seconds
[2026-02-07T07:13:56.784+0700] {processor.py:186} INFO - Started process (PID=10120) to work on /opt/airflow/dags/dag_scraping_twitter.py
[2026-02-07T07:13:56.785+0700] {processor.py:914} INFO - Processing file /opt/airflow/dags/dag_scraping_twitter.py for tasks to queue
[2026-02-07T07:13:56.788+0700] {logging_mixin.py:190} INFO - [2026-02-07T07:13:56.788+0700] {dagbag.py:587} INFO - Filling up the DagBag from /opt/airflow/dags/dag_scraping_twitter.py
[2026-02-07T07:13:56.807+0700] {processor.py:925} INFO - DAG(s) 'dag_scraping_twitter' retrieved from /opt/airflow/dags/dag_scraping_twitter.py
[2026-02-07T07:13:56.833+0700] {logging_mixin.py:190} INFO - [2026-02-07T07:13:56.833+0700] {dag.py:3211} INFO - Sync 1 DAGs
[2026-02-07T07:13:56.858+0700] {logging_mixin.py:190} INFO - [2026-02-07T07:13:56.858+0700] {dag.py:4138} INFO - Setting next_dagrun for dag_scraping_twitter to 2026-02-06 23:00:00+00:00, run_after=2026-02-07 11:00:00+00:00
[2026-02-07T07:13:56.882+0700] {processor.py:208} INFO - Processing /opt/airflow/dags/dag_scraping_twitter.py took 0.105 seconds
[2026-02-07T07:14:27.189+0700] {processor.py:186} INFO - Started process (PID=10130) to work on /opt/airflow/dags/dag_scraping_twitter.py
[2026-02-07T07:14:27.190+0700] {processor.py:914} INFO - Processing file /opt/airflow/dags/dag_scraping_twitter.py for tasks to queue
[2026-02-07T07:14:27.194+0700] {logging_mixin.py:190} INFO - [2026-02-07T07:14:27.194+0700] {dagbag.py:587} INFO - Filling up the DagBag from /opt/airflow/dags/dag_scraping_twitter.py
[2026-02-07T07:14:27.213+0700] {processor.py:925} INFO - DAG(s) 'dag_scraping_twitter' retrieved from /opt/airflow/dags/dag_scraping_twitter.py
[2026-02-07T07:14:27.249+0700] {logging_mixin.py:190} INFO - [2026-02-07T07:14:27.248+0700] {dag.py:3211} INFO - Sync 1 DAGs
[2026-02-07T07:14:27.279+0700] {logging_mixin.py:190} INFO - [2026-02-07T07:14:27.278+0700] {dag.py:4138} INFO - Setting next_dagrun for dag_scraping_twitter to 2026-02-06 23:00:00+00:00, run_after=2026-02-07 11:00:00+00:00
[2026-02-07T07:14:27.304+0700] {processor.py:208} INFO - Processing /opt/airflow/dags/dag_scraping_twitter.py took 0.122 seconds
[2026-02-07T07:14:57.558+0700] {processor.py:186} INFO - Started process (PID=10140) to work on /opt/airflow/dags/dag_scraping_twitter.py
[2026-02-07T07:14:57.559+0700] {processor.py:914} INFO - Processing file /opt/airflow/dags/dag_scraping_twitter.py for tasks to queue
[2026-02-07T07:14:57.561+0700] {logging_mixin.py:190} INFO - [2026-02-07T07:14:57.561+0700] {dagbag.py:587} INFO - Filling up the DagBag from /opt/airflow/dags/dag_scraping_twitter.py
[2026-02-07T07:14:57.580+0700] {processor.py:925} INFO - DAG(s) 'dag_scraping_twitter' retrieved from /opt/airflow/dags/dag_scraping_twitter.py
[2026-02-07T07:14:57.606+0700] {logging_mixin.py:190} INFO - [2026-02-07T07:14:57.606+0700] {dag.py:3211} INFO - Sync 1 DAGs
[2026-02-07T07:14:57.631+0700] {logging_mixin.py:190} INFO - [2026-02-07T07:14:57.630+0700] {dag.py:4138} INFO - Setting next_dagrun for dag_scraping_twitter to 2026-02-06 23:00:00+00:00, run_after=2026-02-07 11:00:00+00:00
[2026-02-07T07:14:57.656+0700] {processor.py:208} INFO - Processing /opt/airflow/dags/dag_scraping_twitter.py took 0.106 seconds
[2026-02-07T07:15:27.803+0700] {processor.py:186} INFO - Started process (PID=10150) to work on /opt/airflow/dags/dag_scraping_twitter.py
[2026-02-07T07:15:27.804+0700] {processor.py:914} INFO - Processing file /opt/airflow/dags/dag_scraping_twitter.py for tasks to queue
[2026-02-07T07:15:27.808+0700] {logging_mixin.py:190} INFO - [2026-02-07T07:15:27.807+0700] {dagbag.py:587} INFO - Filling up the DagBag from /opt/airflow/dags/dag_scraping_twitter.py
[2026-02-07T07:15:27.827+0700] {processor.py:925} INFO - DAG(s) 'dag_scraping_twitter' retrieved from /opt/airflow/dags/dag_scraping_twitter.py
[2026-02-07T07:15:27.855+0700] {logging_mixin.py:190} INFO - [2026-02-07T07:15:27.855+0700] {dag.py:3211} INFO - Sync 1 DAGs
[2026-02-07T07:15:27.880+0700] {logging_mixin.py:190} INFO - [2026-02-07T07:15:27.879+0700] {dag.py:4138} INFO - Setting next_dagrun for dag_scraping_twitter to 2026-02-06 23:00:00+00:00, run_after=2026-02-07 11:00:00+00:00
[2026-02-07T07:15:27.903+0700] {processor.py:208} INFO - Processing /opt/airflow/dags/dag_scraping_twitter.py took 0.107 seconds
[2026-02-07T07:15:58.028+0700] {processor.py:186} INFO - Started process (PID=10160) to work on /opt/airflow/dags/dag_scraping_twitter.py
[2026-02-07T07:15:58.029+0700] {processor.py:914} INFO - Processing file /opt/airflow/dags/dag_scraping_twitter.py for tasks to queue
[2026-02-07T07:15:58.033+0700] {logging_mixin.py:190} INFO - [2026-02-07T07:15:58.033+0700] {dagbag.py:587} INFO - Filling up the DagBag from /opt/airflow/dags/dag_scraping_twitter.py
[2026-02-07T07:15:58.053+0700] {processor.py:925} INFO - DAG(s) 'dag_scraping_twitter' retrieved from /opt/airflow/dags/dag_scraping_twitter.py
[2026-02-07T07:15:58.081+0700] {logging_mixin.py:190} INFO - [2026-02-07T07:15:58.081+0700] {dag.py:3211} INFO - Sync 1 DAGs
[2026-02-07T07:15:58.110+0700] {logging_mixin.py:190} INFO - [2026-02-07T07:15:58.110+0700] {dag.py:4138} INFO - Setting next_dagrun for dag_scraping_twitter to 2026-02-06 23:00:00+00:00, run_after=2026-02-07 11:00:00+00:00
[2026-02-07T07:15:58.135+0700] {processor.py:208} INFO - Processing /opt/airflow/dags/dag_scraping_twitter.py took 0.113 seconds
[2026-02-07T07:16:28.484+0700] {processor.py:186} INFO - Started process (PID=10170) to work on /opt/airflow/dags/dag_scraping_twitter.py
[2026-02-07T07:16:28.485+0700] {processor.py:914} INFO - Processing file /opt/airflow/dags/dag_scraping_twitter.py for tasks to queue
[2026-02-07T07:16:28.489+0700] {logging_mixin.py:190} INFO - [2026-02-07T07:16:28.488+0700] {dagbag.py:587} INFO - Filling up the DagBag from /opt/airflow/dags/dag_scraping_twitter.py
[2026-02-07T07:16:28.509+0700] {processor.py:925} INFO - DAG(s) 'dag_scraping_twitter' retrieved from /opt/airflow/dags/dag_scraping_twitter.py
[2026-02-07T07:16:28.538+0700] {logging_mixin.py:190} INFO - [2026-02-07T07:16:28.538+0700] {dag.py:3211} INFO - Sync 1 DAGs
[2026-02-07T07:16:28.562+0700] {logging_mixin.py:190} INFO - [2026-02-07T07:16:28.562+0700] {dag.py:4138} INFO - Setting next_dagrun for dag_scraping_twitter to 2026-02-06 23:00:00+00:00, run_after=2026-02-07 11:00:00+00:00
[2026-02-07T07:16:28.587+0700] {processor.py:208} INFO - Processing /opt/airflow/dags/dag_scraping_twitter.py took 0.110 seconds
[2026-02-07T07:16:58.713+0700] {processor.py:186} INFO - Started process (PID=10180) to work on /opt/airflow/dags/dag_scraping_twitter.py
[2026-02-07T07:16:58.715+0700] {processor.py:914} INFO - Processing file /opt/airflow/dags/dag_scraping_twitter.py for tasks to queue
[2026-02-07T07:16:58.719+0700] {logging_mixin.py:190} INFO - [2026-02-07T07:16:58.719+0700] {dagbag.py:587} INFO - Filling up the DagBag from /opt/airflow/dags/dag_scraping_twitter.py
[2026-02-07T07:16:58.741+0700] {processor.py:925} INFO - DAG(s) 'dag_scraping_twitter' retrieved from /opt/airflow/dags/dag_scraping_twitter.py
[2026-02-07T07:16:58.775+0700] {logging_mixin.py:190} INFO - [2026-02-07T07:16:58.775+0700] {dag.py:3211} INFO - Sync 1 DAGs
[2026-02-07T07:16:58.802+0700] {logging_mixin.py:190} INFO - [2026-02-07T07:16:58.802+0700] {dag.py:4138} INFO - Setting next_dagrun for dag_scraping_twitter to 2026-02-06 23:00:00+00:00, run_after=2026-02-07 11:00:00+00:00
[2026-02-07T07:16:58.833+0700] {processor.py:208} INFO - Processing /opt/airflow/dags/dag_scraping_twitter.py took 0.127 seconds
[2026-02-07T07:17:29.153+0700] {processor.py:186} INFO - Started process (PID=10190) to work on /opt/airflow/dags/dag_scraping_twitter.py
[2026-02-07T07:17:29.154+0700] {processor.py:914} INFO - Processing file /opt/airflow/dags/dag_scraping_twitter.py for tasks to queue
[2026-02-07T07:17:29.156+0700] {logging_mixin.py:190} INFO - [2026-02-07T07:17:29.156+0700] {dagbag.py:587} INFO - Filling up the DagBag from /opt/airflow/dags/dag_scraping_twitter.py
[2026-02-07T07:17:29.177+0700] {processor.py:925} INFO - DAG(s) 'dag_scraping_twitter' retrieved from /opt/airflow/dags/dag_scraping_twitter.py
[2026-02-07T07:17:29.208+0700] {logging_mixin.py:190} INFO - [2026-02-07T07:17:29.208+0700] {dag.py:3211} INFO - Sync 1 DAGs
[2026-02-07T07:17:29.242+0700] {logging_mixin.py:190} INFO - [2026-02-07T07:17:29.242+0700] {dag.py:4138} INFO - Setting next_dagrun for dag_scraping_twitter to 2026-02-06 23:00:00+00:00, run_after=2026-02-07 11:00:00+00:00
[2026-02-07T07:17:29.267+0700] {processor.py:208} INFO - Processing /opt/airflow/dags/dag_scraping_twitter.py took 0.120 seconds
[2026-02-07T07:17:59.454+0700] {processor.py:186} INFO - Started process (PID=10200) to work on /opt/airflow/dags/dag_scraping_twitter.py
[2026-02-07T07:17:59.456+0700] {processor.py:914} INFO - Processing file /opt/airflow/dags/dag_scraping_twitter.py for tasks to queue
[2026-02-07T07:17:59.458+0700] {logging_mixin.py:190} INFO - [2026-02-07T07:17:59.458+0700] {dagbag.py:587} INFO - Filling up the DagBag from /opt/airflow/dags/dag_scraping_twitter.py
[2026-02-07T07:17:59.479+0700] {processor.py:925} INFO - DAG(s) 'dag_scraping_twitter' retrieved from /opt/airflow/dags/dag_scraping_twitter.py
[2026-02-07T07:17:59.508+0700] {logging_mixin.py:190} INFO - [2026-02-07T07:17:59.508+0700] {dag.py:3211} INFO - Sync 1 DAGs
[2026-02-07T07:17:59.532+0700] {logging_mixin.py:190} INFO - [2026-02-07T07:17:59.531+0700] {dag.py:4138} INFO - Setting next_dagrun for dag_scraping_twitter to 2026-02-06 23:00:00+00:00, run_after=2026-02-07 11:00:00+00:00
[2026-02-07T07:17:59.555+0700] {processor.py:208} INFO - Processing /opt/airflow/dags/dag_scraping_twitter.py took 0.107 seconds
[2026-02-07T07:18:29.699+0700] {processor.py:186} INFO - Started process (PID=10210) to work on /opt/airflow/dags/dag_scraping_twitter.py
[2026-02-07T07:18:29.700+0700] {processor.py:914} INFO - Processing file /opt/airflow/dags/dag_scraping_twitter.py for tasks to queue
[2026-02-07T07:18:29.703+0700] {logging_mixin.py:190} INFO - [2026-02-07T07:18:29.702+0700] {dagbag.py:587} INFO - Filling up the DagBag from /opt/airflow/dags/dag_scraping_twitter.py
[2026-02-07T07:18:29.725+0700] {processor.py:925} INFO - DAG(s) 'dag_scraping_twitter' retrieved from /opt/airflow/dags/dag_scraping_twitter.py
[2026-02-07T07:18:29.758+0700] {logging_mixin.py:190} INFO - [2026-02-07T07:18:29.758+0700] {dag.py:3211} INFO - Sync 1 DAGs
[2026-02-07T07:18:29.782+0700] {logging_mixin.py:190} INFO - [2026-02-07T07:18:29.782+0700] {dag.py:4138} INFO - Setting next_dagrun for dag_scraping_twitter to 2026-02-06 23:00:00+00:00, run_after=2026-02-07 11:00:00+00:00
[2026-02-07T07:18:29.806+0700] {processor.py:208} INFO - Processing /opt/airflow/dags/dag_scraping_twitter.py took 0.115 seconds
[2026-02-07T07:18:59.867+0700] {processor.py:186} INFO - Started process (PID=10220) to work on /opt/airflow/dags/dag_scraping_twitter.py
[2026-02-07T07:18:59.869+0700] {processor.py:914} INFO - Processing file /opt/airflow/dags/dag_scraping_twitter.py for tasks to queue
[2026-02-07T07:18:59.872+0700] {logging_mixin.py:190} INFO - [2026-02-07T07:18:59.871+0700] {dagbag.py:587} INFO - Filling up the DagBag from /opt/airflow/dags/dag_scraping_twitter.py
[2026-02-07T07:18:59.892+0700] {processor.py:925} INFO - DAG(s) 'dag_scraping_twitter' retrieved from /opt/airflow/dags/dag_scraping_twitter.py
[2026-02-07T07:18:59.921+0700] {logging_mixin.py:190} INFO - [2026-02-07T07:18:59.921+0700] {dag.py:3211} INFO - Sync 1 DAGs
[2026-02-07T07:18:59.949+0700] {logging_mixin.py:190} INFO - [2026-02-07T07:18:59.949+0700] {dag.py:4138} INFO - Setting next_dagrun for dag_scraping_twitter to 2026-02-06 23:00:00+00:00, run_after=2026-02-07 11:00:00+00:00
[2026-02-07T07:18:59.973+0700] {processor.py:208} INFO - Processing /opt/airflow/dags/dag_scraping_twitter.py took 0.116 seconds
[2026-02-07T07:19:30.256+0700] {processor.py:186} INFO - Started process (PID=10230) to work on /opt/airflow/dags/dag_scraping_twitter.py
[2026-02-07T07:19:30.257+0700] {processor.py:914} INFO - Processing file /opt/airflow/dags/dag_scraping_twitter.py for tasks to queue
[2026-02-07T07:19:30.260+0700] {logging_mixin.py:190} INFO - [2026-02-07T07:19:30.260+0700] {dagbag.py:587} INFO - Filling up the DagBag from /opt/airflow/dags/dag_scraping_twitter.py
[2026-02-07T07:19:30.280+0700] {processor.py:925} INFO - DAG(s) 'dag_scraping_twitter' retrieved from /opt/airflow/dags/dag_scraping_twitter.py
[2026-02-07T07:19:30.307+0700] {logging_mixin.py:190} INFO - [2026-02-07T07:19:30.306+0700] {dag.py:3211} INFO - Sync 1 DAGs
[2026-02-07T07:19:30.333+0700] {logging_mixin.py:190} INFO - [2026-02-07T07:19:30.332+0700] {dag.py:4138} INFO - Setting next_dagrun for dag_scraping_twitter to 2026-02-06 23:00:00+00:00, run_after=2026-02-07 11:00:00+00:00
[2026-02-07T07:19:30.357+0700] {processor.py:208} INFO - Processing /opt/airflow/dags/dag_scraping_twitter.py took 0.107 seconds
[2026-02-07T07:20:00.467+0700] {processor.py:186} INFO - Started process (PID=10240) to work on /opt/airflow/dags/dag_scraping_twitter.py
[2026-02-07T07:20:00.468+0700] {processor.py:914} INFO - Processing file /opt/airflow/dags/dag_scraping_twitter.py for tasks to queue
[2026-02-07T07:20:00.470+0700] {logging_mixin.py:190} INFO - [2026-02-07T07:20:00.470+0700] {dagbag.py:587} INFO - Filling up the DagBag from /opt/airflow/dags/dag_scraping_twitter.py
[2026-02-07T07:20:00.489+0700] {processor.py:925} INFO - DAG(s) 'dag_scraping_twitter' retrieved from /opt/airflow/dags/dag_scraping_twitter.py
[2026-02-07T07:20:00.517+0700] {logging_mixin.py:190} INFO - [2026-02-07T07:20:00.517+0700] {dag.py:3211} INFO - Sync 1 DAGs
[2026-02-07T07:20:00.547+0700] {logging_mixin.py:190} INFO - [2026-02-07T07:20:00.547+0700] {dag.py:4138} INFO - Setting next_dagrun for dag_scraping_twitter to 2026-02-06 23:00:00+00:00, run_after=2026-02-07 11:00:00+00:00
[2026-02-07T07:20:00.571+0700] {processor.py:208} INFO - Processing /opt/airflow/dags/dag_scraping_twitter.py took 0.110 seconds
[2026-02-07T07:20:30.904+0700] {processor.py:186} INFO - Started process (PID=10250) to work on /opt/airflow/dags/dag_scraping_twitter.py
[2026-02-07T07:20:30.906+0700] {processor.py:914} INFO - Processing file /opt/airflow/dags/dag_scraping_twitter.py for tasks to queue
[2026-02-07T07:20:30.909+0700] {logging_mixin.py:190} INFO - [2026-02-07T07:20:30.908+0700] {dagbag.py:587} INFO - Filling up the DagBag from /opt/airflow/dags/dag_scraping_twitter.py
[2026-02-07T07:20:30.931+0700] {processor.py:925} INFO - DAG(s) 'dag_scraping_twitter' retrieved from /opt/airflow/dags/dag_scraping_twitter.py
[2026-02-07T07:20:30.961+0700] {logging_mixin.py:190} INFO - [2026-02-07T07:20:30.960+0700] {dag.py:3211} INFO - Sync 1 DAGs
[2026-02-07T07:20:30.986+0700] {logging_mixin.py:190} INFO - [2026-02-07T07:20:30.985+0700] {dag.py:4138} INFO - Setting next_dagrun for dag_scraping_twitter to 2026-02-06 23:00:00+00:00, run_after=2026-02-07 11:00:00+00:00
[2026-02-07T07:20:31.010+0700] {processor.py:208} INFO - Processing /opt/airflow/dags/dag_scraping_twitter.py took 0.113 seconds
[2026-02-07T07:21:01.142+0700] {processor.py:186} INFO - Started process (PID=10260) to work on /opt/airflow/dags/dag_scraping_twitter.py
[2026-02-07T07:21:01.143+0700] {processor.py:914} INFO - Processing file /opt/airflow/dags/dag_scraping_twitter.py for tasks to queue
[2026-02-07T07:21:01.146+0700] {logging_mixin.py:190} INFO - [2026-02-07T07:21:01.146+0700] {dagbag.py:587} INFO - Filling up the DagBag from /opt/airflow/dags/dag_scraping_twitter.py
[2026-02-07T07:21:01.167+0700] {processor.py:925} INFO - DAG(s) 'dag_scraping_twitter' retrieved from /opt/airflow/dags/dag_scraping_twitter.py
[2026-02-07T07:21:01.196+0700] {logging_mixin.py:190} INFO - [2026-02-07T07:21:01.195+0700] {dag.py:3211} INFO - Sync 1 DAGs
[2026-02-07T07:21:01.221+0700] {logging_mixin.py:190} INFO - [2026-02-07T07:21:01.220+0700] {dag.py:4138} INFO - Setting next_dagrun for dag_scraping_twitter to 2026-02-06 23:00:00+00:00, run_after=2026-02-07 11:00:00+00:00
[2026-02-07T07:21:01.244+0700] {processor.py:208} INFO - Processing /opt/airflow/dags/dag_scraping_twitter.py took 0.109 seconds
[2026-02-07T07:21:31.422+0700] {processor.py:186} INFO - Started process (PID=10270) to work on /opt/airflow/dags/dag_scraping_twitter.py
[2026-02-07T07:21:31.423+0700] {processor.py:914} INFO - Processing file /opt/airflow/dags/dag_scraping_twitter.py for tasks to queue
[2026-02-07T07:21:31.427+0700] {logging_mixin.py:190} INFO - [2026-02-07T07:21:31.427+0700] {dagbag.py:587} INFO - Filling up the DagBag from /opt/airflow/dags/dag_scraping_twitter.py
[2026-02-07T07:21:31.447+0700] {processor.py:925} INFO - DAG(s) 'dag_scraping_twitter' retrieved from /opt/airflow/dags/dag_scraping_twitter.py
[2026-02-07T07:21:31.475+0700] {logging_mixin.py:190} INFO - [2026-02-07T07:21:31.475+0700] {dag.py:3211} INFO - Sync 1 DAGs
[2026-02-07T07:21:31.498+0700] {logging_mixin.py:190} INFO - [2026-02-07T07:21:31.498+0700] {dag.py:4138} INFO - Setting next_dagrun for dag_scraping_twitter to 2026-02-06 23:00:00+00:00, run_after=2026-02-07 11:00:00+00:00
[2026-02-07T07:21:31.523+0700] {processor.py:208} INFO - Processing /opt/airflow/dags/dag_scraping_twitter.py took 0.108 seconds
[2026-02-07T07:22:01.764+0700] {processor.py:186} INFO - Started process (PID=10280) to work on /opt/airflow/dags/dag_scraping_twitter.py
[2026-02-07T07:22:01.765+0700] {processor.py:914} INFO - Processing file /opt/airflow/dags/dag_scraping_twitter.py for tasks to queue
[2026-02-07T07:22:01.769+0700] {logging_mixin.py:190} INFO - [2026-02-07T07:22:01.768+0700] {dagbag.py:587} INFO - Filling up the DagBag from /opt/airflow/dags/dag_scraping_twitter.py
[2026-02-07T07:22:01.795+0700] {processor.py:925} INFO - DAG(s) 'dag_scraping_twitter' retrieved from /opt/airflow/dags/dag_scraping_twitter.py
[2026-02-07T07:22:01.827+0700] {logging_mixin.py:190} INFO - [2026-02-07T07:22:01.827+0700] {dag.py:3211} INFO - Sync 1 DAGs
[2026-02-07T07:22:01.852+0700] {logging_mixin.py:190} INFO - [2026-02-07T07:22:01.852+0700] {dag.py:4138} INFO - Setting next_dagrun for dag_scraping_twitter to 2026-02-06 23:00:00+00:00, run_after=2026-02-07 11:00:00+00:00
[2026-02-07T07:22:01.878+0700] {processor.py:208} INFO - Processing /opt/airflow/dags/dag_scraping_twitter.py took 0.124 seconds
[2026-02-07T07:22:32.121+0700] {processor.py:186} INFO - Started process (PID=10290) to work on /opt/airflow/dags/dag_scraping_twitter.py
[2026-02-07T07:22:32.122+0700] {processor.py:914} INFO - Processing file /opt/airflow/dags/dag_scraping_twitter.py for tasks to queue
[2026-02-07T07:22:32.125+0700] {logging_mixin.py:190} INFO - [2026-02-07T07:22:32.125+0700] {dagbag.py:587} INFO - Filling up the DagBag from /opt/airflow/dags/dag_scraping_twitter.py
[2026-02-07T07:22:32.146+0700] {processor.py:925} INFO - DAG(s) 'dag_scraping_twitter' retrieved from /opt/airflow/dags/dag_scraping_twitter.py
[2026-02-07T07:22:32.175+0700] {logging_mixin.py:190} INFO - [2026-02-07T07:22:32.175+0700] {dag.py:3211} INFO - Sync 1 DAGs
[2026-02-07T07:22:32.200+0700] {logging_mixin.py:190} INFO - [2026-02-07T07:22:32.200+0700] {dag.py:4138} INFO - Setting next_dagrun for dag_scraping_twitter to 2026-02-06 23:00:00+00:00, run_after=2026-02-07 11:00:00+00:00
[2026-02-07T07:22:32.224+0700] {processor.py:208} INFO - Processing /opt/airflow/dags/dag_scraping_twitter.py took 0.110 seconds
[2026-02-07T07:23:02.360+0700] {processor.py:186} INFO - Started process (PID=10300) to work on /opt/airflow/dags/dag_scraping_twitter.py
[2026-02-07T07:23:02.361+0700] {processor.py:914} INFO - Processing file /opt/airflow/dags/dag_scraping_twitter.py for tasks to queue
[2026-02-07T07:23:02.364+0700] {logging_mixin.py:190} INFO - [2026-02-07T07:23:02.364+0700] {dagbag.py:587} INFO - Filling up the DagBag from /opt/airflow/dags/dag_scraping_twitter.py
[2026-02-07T07:23:02.382+0700] {processor.py:925} INFO - DAG(s) 'dag_scraping_twitter' retrieved from /opt/airflow/dags/dag_scraping_twitter.py
[2026-02-07T07:23:02.412+0700] {logging_mixin.py:190} INFO - [2026-02-07T07:23:02.412+0700] {dag.py:3211} INFO - Sync 1 DAGs
[2026-02-07T07:23:02.436+0700] {logging_mixin.py:190} INFO - [2026-02-07T07:23:02.436+0700] {dag.py:4138} INFO - Setting next_dagrun for dag_scraping_twitter to 2026-02-06 23:00:00+00:00, run_after=2026-02-07 11:00:00+00:00
[2026-02-07T07:23:02.460+0700] {processor.py:208} INFO - Processing /opt/airflow/dags/dag_scraping_twitter.py took 0.105 seconds
[2026-02-07T07:23:32.618+0700] {processor.py:186} INFO - Started process (PID=10310) to work on /opt/airflow/dags/dag_scraping_twitter.py
[2026-02-07T07:23:32.619+0700] {processor.py:914} INFO - Processing file /opt/airflow/dags/dag_scraping_twitter.py for tasks to queue
[2026-02-07T07:23:32.622+0700] {logging_mixin.py:190} INFO - [2026-02-07T07:23:32.622+0700] {dagbag.py:587} INFO - Filling up the DagBag from /opt/airflow/dags/dag_scraping_twitter.py
[2026-02-07T07:23:32.641+0700] {processor.py:925} INFO - DAG(s) 'dag_scraping_twitter' retrieved from /opt/airflow/dags/dag_scraping_twitter.py
[2026-02-07T07:23:32.670+0700] {logging_mixin.py:190} INFO - [2026-02-07T07:23:32.670+0700] {dag.py:3211} INFO - Sync 1 DAGs
[2026-02-07T07:23:32.694+0700] {logging_mixin.py:190} INFO - [2026-02-07T07:23:32.694+0700] {dag.py:4138} INFO - Setting next_dagrun for dag_scraping_twitter to 2026-02-06 23:00:00+00:00, run_after=2026-02-07 11:00:00+00:00
[2026-02-07T07:23:32.717+0700] {processor.py:208} INFO - Processing /opt/airflow/dags/dag_scraping_twitter.py took 0.106 seconds
[2026-02-07T07:24:02.855+0700] {processor.py:186} INFO - Started process (PID=10320) to work on /opt/airflow/dags/dag_scraping_twitter.py
[2026-02-07T07:24:02.856+0700] {processor.py:914} INFO - Processing file /opt/airflow/dags/dag_scraping_twitter.py for tasks to queue
[2026-02-07T07:24:02.860+0700] {logging_mixin.py:190} INFO - [2026-02-07T07:24:02.859+0700] {dagbag.py:587} INFO - Filling up the DagBag from /opt/airflow/dags/dag_scraping_twitter.py
[2026-02-07T07:24:02.881+0700] {processor.py:925} INFO - DAG(s) 'dag_scraping_twitter' retrieved from /opt/airflow/dags/dag_scraping_twitter.py
[2026-02-07T07:24:02.910+0700] {logging_mixin.py:190} INFO - [2026-02-07T07:24:02.909+0700] {dag.py:3211} INFO - Sync 1 DAGs
[2026-02-07T07:24:02.934+0700] {logging_mixin.py:190} INFO - [2026-02-07T07:24:02.934+0700] {dag.py:4138} INFO - Setting next_dagrun for dag_scraping_twitter to 2026-02-06 23:00:00+00:00, run_after=2026-02-07 11:00:00+00:00
[2026-02-07T07:24:02.958+0700] {processor.py:208} INFO - Processing /opt/airflow/dags/dag_scraping_twitter.py took 0.110 seconds
[2026-02-07T07:24:33.150+0700] {processor.py:186} INFO - Started process (PID=10330) to work on /opt/airflow/dags/dag_scraping_twitter.py
[2026-02-07T07:24:33.151+0700] {processor.py:914} INFO - Processing file /opt/airflow/dags/dag_scraping_twitter.py for tasks to queue
[2026-02-07T07:24:33.153+0700] {logging_mixin.py:190} INFO - [2026-02-07T07:24:33.153+0700] {dagbag.py:587} INFO - Filling up the DagBag from /opt/airflow/dags/dag_scraping_twitter.py
[2026-02-07T07:24:33.176+0700] {processor.py:925} INFO - DAG(s) 'dag_scraping_twitter' retrieved from /opt/airflow/dags/dag_scraping_twitter.py
[2026-02-07T07:24:33.207+0700] {logging_mixin.py:190} INFO - [2026-02-07T07:24:33.207+0700] {dag.py:3211} INFO - Sync 1 DAGs
[2026-02-07T07:24:33.230+0700] {logging_mixin.py:190} INFO - [2026-02-07T07:24:33.230+0700] {dag.py:4138} INFO - Setting next_dagrun for dag_scraping_twitter to 2026-02-06 23:00:00+00:00, run_after=2026-02-07 11:00:00+00:00
[2026-02-07T07:24:33.258+0700] {processor.py:208} INFO - Processing /opt/airflow/dags/dag_scraping_twitter.py took 0.116 seconds
[2026-02-07T07:25:03.559+0700] {processor.py:186} INFO - Started process (PID=10340) to work on /opt/airflow/dags/dag_scraping_twitter.py
[2026-02-07T07:25:03.560+0700] {processor.py:914} INFO - Processing file /opt/airflow/dags/dag_scraping_twitter.py for tasks to queue
[2026-02-07T07:25:03.563+0700] {logging_mixin.py:190} INFO - [2026-02-07T07:25:03.562+0700] {dagbag.py:587} INFO - Filling up the DagBag from /opt/airflow/dags/dag_scraping_twitter.py
[2026-02-07T07:25:03.584+0700] {processor.py:925} INFO - DAG(s) 'dag_scraping_twitter' retrieved from /opt/airflow/dags/dag_scraping_twitter.py
[2026-02-07T07:25:03.611+0700] {logging_mixin.py:190} INFO - [2026-02-07T07:25:03.610+0700] {dag.py:3211} INFO - Sync 1 DAGs
[2026-02-07T07:25:03.636+0700] {logging_mixin.py:190} INFO - [2026-02-07T07:25:03.636+0700] {dag.py:4138} INFO - Setting next_dagrun for dag_scraping_twitter to 2026-02-06 23:00:00+00:00, run_after=2026-02-07 11:00:00+00:00
[2026-02-07T07:25:03.660+0700] {processor.py:208} INFO - Processing /opt/airflow/dags/dag_scraping_twitter.py took 0.107 seconds
[2026-02-07T07:25:33.882+0700] {processor.py:186} INFO - Started process (PID=10350) to work on /opt/airflow/dags/dag_scraping_twitter.py
[2026-02-07T07:25:33.884+0700] {processor.py:914} INFO - Processing file /opt/airflow/dags/dag_scraping_twitter.py for tasks to queue
[2026-02-07T07:25:33.887+0700] {logging_mixin.py:190} INFO - [2026-02-07T07:25:33.886+0700] {dagbag.py:587} INFO - Filling up the DagBag from /opt/airflow/dags/dag_scraping_twitter.py
[2026-02-07T07:25:33.908+0700] {processor.py:925} INFO - DAG(s) 'dag_scraping_twitter' retrieved from /opt/airflow/dags/dag_scraping_twitter.py
[2026-02-07T07:25:33.937+0700] {logging_mixin.py:190} INFO - [2026-02-07T07:25:33.937+0700] {dag.py:3211} INFO - Sync 1 DAGs
[2026-02-07T07:25:33.962+0700] {logging_mixin.py:190} INFO - [2026-02-07T07:25:33.962+0700] {dag.py:4138} INFO - Setting next_dagrun for dag_scraping_twitter to 2026-02-06 23:00:00+00:00, run_after=2026-02-07 11:00:00+00:00
[2026-02-07T07:25:33.986+0700] {processor.py:208} INFO - Processing /opt/airflow/dags/dag_scraping_twitter.py took 0.111 seconds
[2026-02-07T07:26:04.270+0700] {processor.py:186} INFO - Started process (PID=10360) to work on /opt/airflow/dags/dag_scraping_twitter.py
[2026-02-07T07:26:04.271+0700] {processor.py:914} INFO - Processing file /opt/airflow/dags/dag_scraping_twitter.py for tasks to queue
[2026-02-07T07:26:04.275+0700] {logging_mixin.py:190} INFO - [2026-02-07T07:26:04.274+0700] {dagbag.py:587} INFO - Filling up the DagBag from /opt/airflow/dags/dag_scraping_twitter.py
[2026-02-07T07:26:04.293+0700] {processor.py:925} INFO - DAG(s) 'dag_scraping_twitter' retrieved from /opt/airflow/dags/dag_scraping_twitter.py
[2026-02-07T07:26:04.328+0700] {logging_mixin.py:190} INFO - [2026-02-07T07:26:04.327+0700] {dag.py:3211} INFO - Sync 1 DAGs
[2026-02-07T07:26:04.356+0700] {logging_mixin.py:190} INFO - [2026-02-07T07:26:04.355+0700] {dag.py:4138} INFO - Setting next_dagrun for dag_scraping_twitter to 2026-02-06 23:00:00+00:00, run_after=2026-02-07 11:00:00+00:00
[2026-02-07T07:26:04.379+0700] {processor.py:208} INFO - Processing /opt/airflow/dags/dag_scraping_twitter.py took 0.116 seconds
[2026-02-07T07:26:34.597+0700] {processor.py:186} INFO - Started process (PID=10370) to work on /opt/airflow/dags/dag_scraping_twitter.py
[2026-02-07T07:26:34.598+0700] {processor.py:914} INFO - Processing file /opt/airflow/dags/dag_scraping_twitter.py for tasks to queue
[2026-02-07T07:26:34.601+0700] {logging_mixin.py:190} INFO - [2026-02-07T07:26:34.601+0700] {dagbag.py:587} INFO - Filling up the DagBag from /opt/airflow/dags/dag_scraping_twitter.py
[2026-02-07T07:26:34.622+0700] {processor.py:925} INFO - DAG(s) 'dag_scraping_twitter' retrieved from /opt/airflow/dags/dag_scraping_twitter.py
[2026-02-07T07:26:34.651+0700] {logging_mixin.py:190} INFO - [2026-02-07T07:26:34.651+0700] {dag.py:3211} INFO - Sync 1 DAGs
[2026-02-07T07:26:34.677+0700] {logging_mixin.py:190} INFO - [2026-02-07T07:26:34.677+0700] {dag.py:4138} INFO - Setting next_dagrun for dag_scraping_twitter to 2026-02-06 23:00:00+00:00, run_after=2026-02-07 11:00:00+00:00
[2026-02-07T07:26:34.700+0700] {processor.py:208} INFO - Processing /opt/airflow/dags/dag_scraping_twitter.py took 0.109 seconds
[2026-02-07T07:27:04.930+0700] {processor.py:186} INFO - Started process (PID=10380) to work on /opt/airflow/dags/dag_scraping_twitter.py
[2026-02-07T07:27:04.932+0700] {processor.py:914} INFO - Processing file /opt/airflow/dags/dag_scraping_twitter.py for tasks to queue
[2026-02-07T07:27:04.937+0700] {logging_mixin.py:190} INFO - [2026-02-07T07:27:04.937+0700] {dagbag.py:587} INFO - Filling up the DagBag from /opt/airflow/dags/dag_scraping_twitter.py
[2026-02-07T07:27:04.959+0700] {processor.py:925} INFO - DAG(s) 'dag_scraping_twitter' retrieved from /opt/airflow/dags/dag_scraping_twitter.py
[2026-02-07T07:27:04.991+0700] {logging_mixin.py:190} INFO - [2026-02-07T07:27:04.991+0700] {dag.py:3211} INFO - Sync 1 DAGs
[2026-02-07T07:27:05.018+0700] {logging_mixin.py:190} INFO - [2026-02-07T07:27:05.018+0700] {dag.py:4138} INFO - Setting next_dagrun for dag_scraping_twitter to 2026-02-06 23:00:00+00:00, run_after=2026-02-07 11:00:00+00:00
[2026-02-07T07:27:05.041+0700] {processor.py:208} INFO - Processing /opt/airflow/dags/dag_scraping_twitter.py took 0.120 seconds
[2026-02-07T07:27:35.209+0700] {processor.py:186} INFO - Started process (PID=10390) to work on /opt/airflow/dags/dag_scraping_twitter.py
[2026-02-07T07:27:35.211+0700] {processor.py:914} INFO - Processing file /opt/airflow/dags/dag_scraping_twitter.py for tasks to queue
[2026-02-07T07:27:35.213+0700] {logging_mixin.py:190} INFO - [2026-02-07T07:27:35.213+0700] {dagbag.py:587} INFO - Filling up the DagBag from /opt/airflow/dags/dag_scraping_twitter.py
[2026-02-07T07:27:35.232+0700] {processor.py:925} INFO - DAG(s) 'dag_scraping_twitter' retrieved from /opt/airflow/dags/dag_scraping_twitter.py
[2026-02-07T07:27:35.262+0700] {logging_mixin.py:190} INFO - [2026-02-07T07:27:35.262+0700] {dag.py:3211} INFO - Sync 1 DAGs
[2026-02-07T07:27:35.287+0700] {logging_mixin.py:190} INFO - [2026-02-07T07:27:35.287+0700] {dag.py:4138} INFO - Setting next_dagrun for dag_scraping_twitter to 2026-02-06 23:00:00+00:00, run_after=2026-02-07 11:00:00+00:00
[2026-02-07T07:27:35.310+0700] {processor.py:208} INFO - Processing /opt/airflow/dags/dag_scraping_twitter.py took 0.107 seconds
[2026-02-07T07:28:05.581+0700] {processor.py:186} INFO - Started process (PID=10400) to work on /opt/airflow/dags/dag_scraping_twitter.py
[2026-02-07T07:28:05.582+0700] {processor.py:914} INFO - Processing file /opt/airflow/dags/dag_scraping_twitter.py for tasks to queue
[2026-02-07T07:28:05.585+0700] {logging_mixin.py:190} INFO - [2026-02-07T07:28:05.584+0700] {dagbag.py:587} INFO - Filling up the DagBag from /opt/airflow/dags/dag_scraping_twitter.py
[2026-02-07T07:28:05.604+0700] {processor.py:925} INFO - DAG(s) 'dag_scraping_twitter' retrieved from /opt/airflow/dags/dag_scraping_twitter.py
[2026-02-07T07:28:05.633+0700] {logging_mixin.py:190} INFO - [2026-02-07T07:28:05.633+0700] {dag.py:3211} INFO - Sync 1 DAGs
[2026-02-07T07:28:05.659+0700] {logging_mixin.py:190} INFO - [2026-02-07T07:28:05.659+0700] {dag.py:4138} INFO - Setting next_dagrun for dag_scraping_twitter to 2026-02-06 23:00:00+00:00, run_after=2026-02-07 11:00:00+00:00
[2026-02-07T07:28:05.681+0700] {processor.py:208} INFO - Processing /opt/airflow/dags/dag_scraping_twitter.py took 0.108 seconds
[2026-02-07T07:28:35.957+0700] {processor.py:186} INFO - Started process (PID=10410) to work on /opt/airflow/dags/dag_scraping_twitter.py
[2026-02-07T07:28:35.958+0700] {processor.py:914} INFO - Processing file /opt/airflow/dags/dag_scraping_twitter.py for tasks to queue
[2026-02-07T07:28:35.961+0700] {logging_mixin.py:190} INFO - [2026-02-07T07:28:35.961+0700] {dagbag.py:587} INFO - Filling up the DagBag from /opt/airflow/dags/dag_scraping_twitter.py
[2026-02-07T07:28:35.980+0700] {processor.py:925} INFO - DAG(s) 'dag_scraping_twitter' retrieved from /opt/airflow/dags/dag_scraping_twitter.py
[2026-02-07T07:28:36.010+0700] {logging_mixin.py:190} INFO - [2026-02-07T07:28:36.010+0700] {dag.py:3211} INFO - Sync 1 DAGs
[2026-02-07T07:28:36.035+0700] {logging_mixin.py:190} INFO - [2026-02-07T07:28:36.035+0700] {dag.py:4138} INFO - Setting next_dagrun for dag_scraping_twitter to 2026-02-06 23:00:00+00:00, run_after=2026-02-07 11:00:00+00:00
[2026-02-07T07:28:36.059+0700] {processor.py:208} INFO - Processing /opt/airflow/dags/dag_scraping_twitter.py took 0.108 seconds
[2026-02-07T07:29:06.149+0700] {processor.py:186} INFO - Started process (PID=10420) to work on /opt/airflow/dags/dag_scraping_twitter.py
[2026-02-07T07:29:06.150+0700] {processor.py:914} INFO - Processing file /opt/airflow/dags/dag_scraping_twitter.py for tasks to queue
[2026-02-07T07:29:06.152+0700] {logging_mixin.py:190} INFO - [2026-02-07T07:29:06.152+0700] {dagbag.py:587} INFO - Filling up the DagBag from /opt/airflow/dags/dag_scraping_twitter.py
[2026-02-07T07:29:06.172+0700] {processor.py:925} INFO - DAG(s) 'dag_scraping_twitter' retrieved from /opt/airflow/dags/dag_scraping_twitter.py
[2026-02-07T07:29:06.201+0700] {logging_mixin.py:190} INFO - [2026-02-07T07:29:06.200+0700] {dag.py:3211} INFO - Sync 1 DAGs
[2026-02-07T07:29:06.225+0700] {logging_mixin.py:190} INFO - [2026-02-07T07:29:06.224+0700] {dag.py:4138} INFO - Setting next_dagrun for dag_scraping_twitter to 2026-02-06 23:00:00+00:00, run_after=2026-02-07 11:00:00+00:00
[2026-02-07T07:29:06.249+0700] {processor.py:208} INFO - Processing /opt/airflow/dags/dag_scraping_twitter.py took 0.109 seconds
[2026-02-07T07:29:36.504+0700] {processor.py:186} INFO - Started process (PID=10430) to work on /opt/airflow/dags/dag_scraping_twitter.py
[2026-02-07T07:29:36.506+0700] {processor.py:914} INFO - Processing file /opt/airflow/dags/dag_scraping_twitter.py for tasks to queue
[2026-02-07T07:29:36.509+0700] {logging_mixin.py:190} INFO - [2026-02-07T07:29:36.509+0700] {dagbag.py:587} INFO - Filling up the DagBag from /opt/airflow/dags/dag_scraping_twitter.py
[2026-02-07T07:29:36.529+0700] {processor.py:925} INFO - DAG(s) 'dag_scraping_twitter' retrieved from /opt/airflow/dags/dag_scraping_twitter.py
[2026-02-07T07:29:36.557+0700] {logging_mixin.py:190} INFO - [2026-02-07T07:29:36.557+0700] {dag.py:3211} INFO - Sync 1 DAGs
[2026-02-07T07:29:36.583+0700] {logging_mixin.py:190} INFO - [2026-02-07T07:29:36.583+0700] {dag.py:4138} INFO - Setting next_dagrun for dag_scraping_twitter to 2026-02-06 23:00:00+00:00, run_after=2026-02-07 11:00:00+00:00
[2026-02-07T07:29:36.607+0700] {processor.py:208} INFO - Processing /opt/airflow/dags/dag_scraping_twitter.py took 0.116 seconds
[2026-02-07T07:30:06.848+0700] {processor.py:186} INFO - Started process (PID=10440) to work on /opt/airflow/dags/dag_scraping_twitter.py
[2026-02-07T07:30:06.851+0700] {processor.py:914} INFO - Processing file /opt/airflow/dags/dag_scraping_twitter.py for tasks to queue
[2026-02-07T07:30:06.855+0700] {logging_mixin.py:190} INFO - [2026-02-07T07:30:06.854+0700] {dagbag.py:587} INFO - Filling up the DagBag from /opt/airflow/dags/dag_scraping_twitter.py
[2026-02-07T07:30:06.886+0700] {processor.py:925} INFO - DAG(s) 'dag_scraping_twitter' retrieved from /opt/airflow/dags/dag_scraping_twitter.py
[2026-02-07T07:30:06.931+0700] {logging_mixin.py:190} INFO - [2026-02-07T07:30:06.931+0700] {dag.py:3211} INFO - Sync 1 DAGs
[2026-02-07T07:30:06.971+0700] {logging_mixin.py:190} INFO - [2026-02-07T07:30:06.971+0700] {dag.py:4138} INFO - Setting next_dagrun for dag_scraping_twitter to 2026-02-06 23:00:00+00:00, run_after=2026-02-07 11:00:00+00:00
[2026-02-07T07:30:07.007+0700] {processor.py:208} INFO - Processing /opt/airflow/dags/dag_scraping_twitter.py took 0.166 seconds
[2026-02-07T07:30:37.298+0700] {processor.py:186} INFO - Started process (PID=10450) to work on /opt/airflow/dags/dag_scraping_twitter.py
[2026-02-07T07:30:37.299+0700] {processor.py:914} INFO - Processing file /opt/airflow/dags/dag_scraping_twitter.py for tasks to queue
[2026-02-07T07:30:37.302+0700] {logging_mixin.py:190} INFO - [2026-02-07T07:30:37.302+0700] {dagbag.py:587} INFO - Filling up the DagBag from /opt/airflow/dags/dag_scraping_twitter.py
[2026-02-07T07:30:37.321+0700] {processor.py:925} INFO - DAG(s) 'dag_scraping_twitter' retrieved from /opt/airflow/dags/dag_scraping_twitter.py
[2026-02-07T07:30:37.349+0700] {logging_mixin.py:190} INFO - [2026-02-07T07:30:37.349+0700] {dag.py:3211} INFO - Sync 1 DAGs
[2026-02-07T07:30:37.374+0700] {logging_mixin.py:190} INFO - [2026-02-07T07:30:37.373+0700] {dag.py:4138} INFO - Setting next_dagrun for dag_scraping_twitter to 2026-02-06 23:00:00+00:00, run_after=2026-02-07 11:00:00+00:00
[2026-02-07T07:30:37.398+0700] {processor.py:208} INFO - Processing /opt/airflow/dags/dag_scraping_twitter.py took 0.107 seconds
[2026-02-07T07:31:07.505+0700] {processor.py:186} INFO - Started process (PID=10460) to work on /opt/airflow/dags/dag_scraping_twitter.py
[2026-02-07T07:31:07.506+0700] {processor.py:914} INFO - Processing file /opt/airflow/dags/dag_scraping_twitter.py for tasks to queue
[2026-02-07T07:31:07.510+0700] {logging_mixin.py:190} INFO - [2026-02-07T07:31:07.509+0700] {dagbag.py:587} INFO - Filling up the DagBag from /opt/airflow/dags/dag_scraping_twitter.py
[2026-02-07T07:31:07.534+0700] {processor.py:925} INFO - DAG(s) 'dag_scraping_twitter' retrieved from /opt/airflow/dags/dag_scraping_twitter.py
[2026-02-07T07:31:07.572+0700] {logging_mixin.py:190} INFO - [2026-02-07T07:31:07.571+0700] {dag.py:3211} INFO - Sync 1 DAGs
[2026-02-07T07:31:07.603+0700] {logging_mixin.py:190} INFO - [2026-02-07T07:31:07.603+0700] {dag.py:4138} INFO - Setting next_dagrun for dag_scraping_twitter to 2026-02-06 23:00:00+00:00, run_after=2026-02-07 11:00:00+00:00
[2026-02-07T07:31:07.628+0700] {processor.py:208} INFO - Processing /opt/airflow/dags/dag_scraping_twitter.py took 0.131 seconds
[2026-02-07T07:31:37.890+0700] {processor.py:186} INFO - Started process (PID=10470) to work on /opt/airflow/dags/dag_scraping_twitter.py
[2026-02-07T07:31:37.892+0700] {processor.py:914} INFO - Processing file /opt/airflow/dags/dag_scraping_twitter.py for tasks to queue
[2026-02-07T07:31:37.895+0700] {logging_mixin.py:190} INFO - [2026-02-07T07:31:37.895+0700] {dagbag.py:587} INFO - Filling up the DagBag from /opt/airflow/dags/dag_scraping_twitter.py
[2026-02-07T07:31:37.915+0700] {processor.py:925} INFO - DAG(s) 'dag_scraping_twitter' retrieved from /opt/airflow/dags/dag_scraping_twitter.py
[2026-02-07T07:31:37.945+0700] {logging_mixin.py:190} INFO - [2026-02-07T07:31:37.944+0700] {dag.py:3211} INFO - Sync 1 DAGs
[2026-02-07T07:31:37.970+0700] {logging_mixin.py:190} INFO - [2026-02-07T07:31:37.970+0700] {dag.py:4138} INFO - Setting next_dagrun for dag_scraping_twitter to 2026-02-06 23:00:00+00:00, run_after=2026-02-07 11:00:00+00:00
[2026-02-07T07:31:37.994+0700] {processor.py:208} INFO - Processing /opt/airflow/dags/dag_scraping_twitter.py took 0.110 seconds
[2026-02-07T07:32:08.292+0700] {processor.py:186} INFO - Started process (PID=10480) to work on /opt/airflow/dags/dag_scraping_twitter.py
[2026-02-07T07:32:08.293+0700] {processor.py:914} INFO - Processing file /opt/airflow/dags/dag_scraping_twitter.py for tasks to queue
[2026-02-07T07:32:08.296+0700] {logging_mixin.py:190} INFO - [2026-02-07T07:32:08.296+0700] {dagbag.py:587} INFO - Filling up the DagBag from /opt/airflow/dags/dag_scraping_twitter.py
[2026-02-07T07:32:08.317+0700] {processor.py:925} INFO - DAG(s) 'dag_scraping_twitter' retrieved from /opt/airflow/dags/dag_scraping_twitter.py
[2026-02-07T07:32:08.345+0700] {logging_mixin.py:190} INFO - [2026-02-07T07:32:08.345+0700] {dag.py:3211} INFO - Sync 1 DAGs
[2026-02-07T07:32:08.370+0700] {logging_mixin.py:190} INFO - [2026-02-07T07:32:08.369+0700] {dag.py:4138} INFO - Setting next_dagrun for dag_scraping_twitter to 2026-02-06 23:00:00+00:00, run_after=2026-02-07 11:00:00+00:00
[2026-02-07T07:32:08.393+0700] {processor.py:208} INFO - Processing /opt/airflow/dags/dag_scraping_twitter.py took 0.109 seconds
[2026-02-07T07:32:38.530+0700] {processor.py:186} INFO - Started process (PID=10490) to work on /opt/airflow/dags/dag_scraping_twitter.py
[2026-02-07T07:32:38.531+0700] {processor.py:914} INFO - Processing file /opt/airflow/dags/dag_scraping_twitter.py for tasks to queue
[2026-02-07T07:32:38.533+0700] {logging_mixin.py:190} INFO - [2026-02-07T07:32:38.533+0700] {dagbag.py:587} INFO - Filling up the DagBag from /opt/airflow/dags/dag_scraping_twitter.py
[2026-02-07T07:32:38.555+0700] {processor.py:925} INFO - DAG(s) 'dag_scraping_twitter' retrieved from /opt/airflow/dags/dag_scraping_twitter.py
[2026-02-07T07:32:38.585+0700] {logging_mixin.py:190} INFO - [2026-02-07T07:32:38.585+0700] {dag.py:3211} INFO - Sync 1 DAGs
[2026-02-07T07:32:38.610+0700] {logging_mixin.py:190} INFO - [2026-02-07T07:32:38.609+0700] {dag.py:4138} INFO - Setting next_dagrun for dag_scraping_twitter to 2026-02-06 23:00:00+00:00, run_after=2026-02-07 11:00:00+00:00
[2026-02-07T07:32:38.632+0700] {processor.py:208} INFO - Processing /opt/airflow/dags/dag_scraping_twitter.py took 0.109 seconds
[2026-02-07T07:33:08.965+0700] {processor.py:186} INFO - Started process (PID=10500) to work on /opt/airflow/dags/dag_scraping_twitter.py
[2026-02-07T07:33:08.966+0700] {processor.py:914} INFO - Processing file /opt/airflow/dags/dag_scraping_twitter.py for tasks to queue
[2026-02-07T07:33:08.970+0700] {logging_mixin.py:190} INFO - [2026-02-07T07:33:08.970+0700] {dagbag.py:587} INFO - Filling up the DagBag from /opt/airflow/dags/dag_scraping_twitter.py
[2026-02-07T07:33:08.995+0700] {processor.py:925} INFO - DAG(s) 'dag_scraping_twitter' retrieved from /opt/airflow/dags/dag_scraping_twitter.py
[2026-02-07T07:33:09.024+0700] {logging_mixin.py:190} INFO - [2026-02-07T07:33:09.023+0700] {dag.py:3211} INFO - Sync 1 DAGs
[2026-02-07T07:33:09.049+0700] {logging_mixin.py:190} INFO - [2026-02-07T07:33:09.049+0700] {dag.py:4138} INFO - Setting next_dagrun for dag_scraping_twitter to 2026-02-06 23:00:00+00:00, run_after=2026-02-07 11:00:00+00:00
[2026-02-07T07:33:09.072+0700] {processor.py:208} INFO - Processing /opt/airflow/dags/dag_scraping_twitter.py took 0.115 seconds
[2026-02-07T07:33:39.351+0700] {processor.py:186} INFO - Started process (PID=10510) to work on /opt/airflow/dags/dag_scraping_twitter.py
[2026-02-07T07:33:39.352+0700] {processor.py:914} INFO - Processing file /opt/airflow/dags/dag_scraping_twitter.py for tasks to queue
[2026-02-07T07:33:39.356+0700] {logging_mixin.py:190} INFO - [2026-02-07T07:33:39.356+0700] {dagbag.py:587} INFO - Filling up the DagBag from /opt/airflow/dags/dag_scraping_twitter.py
[2026-02-07T07:33:39.377+0700] {processor.py:925} INFO - DAG(s) 'dag_scraping_twitter' retrieved from /opt/airflow/dags/dag_scraping_twitter.py
[2026-02-07T07:33:39.406+0700] {logging_mixin.py:190} INFO - [2026-02-07T07:33:39.406+0700] {dag.py:3211} INFO - Sync 1 DAGs
[2026-02-07T07:33:39.430+0700] {logging_mixin.py:190} INFO - [2026-02-07T07:33:39.430+0700] {dag.py:4138} INFO - Setting next_dagrun for dag_scraping_twitter to 2026-02-06 23:00:00+00:00, run_after=2026-02-07 11:00:00+00:00
[2026-02-07T07:33:39.453+0700] {processor.py:208} INFO - Processing /opt/airflow/dags/dag_scraping_twitter.py took 0.110 seconds
[2026-02-07T07:34:09.633+0700] {processor.py:186} INFO - Started process (PID=10520) to work on /opt/airflow/dags/dag_scraping_twitter.py
[2026-02-07T07:34:09.634+0700] {processor.py:914} INFO - Processing file /opt/airflow/dags/dag_scraping_twitter.py for tasks to queue
[2026-02-07T07:34:09.637+0700] {logging_mixin.py:190} INFO - [2026-02-07T07:34:09.637+0700] {dagbag.py:587} INFO - Filling up the DagBag from /opt/airflow/dags/dag_scraping_twitter.py
[2026-02-07T07:34:09.658+0700] {processor.py:925} INFO - DAG(s) 'dag_scraping_twitter' retrieved from /opt/airflow/dags/dag_scraping_twitter.py
[2026-02-07T07:34:09.688+0700] {logging_mixin.py:190} INFO - [2026-02-07T07:34:09.688+0700] {dag.py:3211} INFO - Sync 1 DAGs
[2026-02-07T07:34:09.714+0700] {logging_mixin.py:190} INFO - [2026-02-07T07:34:09.713+0700] {dag.py:4138} INFO - Setting next_dagrun for dag_scraping_twitter to 2026-02-06 23:00:00+00:00, run_after=2026-02-07 11:00:00+00:00
[2026-02-07T07:34:09.738+0700] {processor.py:208} INFO - Processing /opt/airflow/dags/dag_scraping_twitter.py took 0.112 seconds
[2026-02-07T07:34:39.972+0700] {processor.py:186} INFO - Started process (PID=10530) to work on /opt/airflow/dags/dag_scraping_twitter.py
[2026-02-07T07:34:39.973+0700] {processor.py:914} INFO - Processing file /opt/airflow/dags/dag_scraping_twitter.py for tasks to queue
[2026-02-07T07:34:39.975+0700] {logging_mixin.py:190} INFO - [2026-02-07T07:34:39.975+0700] {dagbag.py:587} INFO - Filling up the DagBag from /opt/airflow/dags/dag_scraping_twitter.py
[2026-02-07T07:34:39.996+0700] {processor.py:925} INFO - DAG(s) 'dag_scraping_twitter' retrieved from /opt/airflow/dags/dag_scraping_twitter.py
[2026-02-07T07:34:40.023+0700] {logging_mixin.py:190} INFO - [2026-02-07T07:34:40.023+0700] {dag.py:3211} INFO - Sync 1 DAGs
[2026-02-07T07:34:40.049+0700] {logging_mixin.py:190} INFO - [2026-02-07T07:34:40.049+0700] {dag.py:4138} INFO - Setting next_dagrun for dag_scraping_twitter to 2026-02-06 23:00:00+00:00, run_after=2026-02-07 11:00:00+00:00
[2026-02-07T07:34:40.074+0700] {processor.py:208} INFO - Processing /opt/airflow/dags/dag_scraping_twitter.py took 0.108 seconds
[2026-02-07T07:35:10.207+0700] {processor.py:186} INFO - Started process (PID=10540) to work on /opt/airflow/dags/dag_scraping_twitter.py
[2026-02-07T07:35:10.208+0700] {processor.py:914} INFO - Processing file /opt/airflow/dags/dag_scraping_twitter.py for tasks to queue
[2026-02-07T07:35:10.211+0700] {logging_mixin.py:190} INFO - [2026-02-07T07:35:10.211+0700] {dagbag.py:587} INFO - Filling up the DagBag from /opt/airflow/dags/dag_scraping_twitter.py
[2026-02-07T07:35:10.234+0700] {processor.py:925} INFO - DAG(s) 'dag_scraping_twitter' retrieved from /opt/airflow/dags/dag_scraping_twitter.py
[2026-02-07T07:35:10.267+0700] {logging_mixin.py:190} INFO - [2026-02-07T07:35:10.267+0700] {dag.py:3211} INFO - Sync 1 DAGs
[2026-02-07T07:35:10.292+0700] {logging_mixin.py:190} INFO - [2026-02-07T07:35:10.292+0700] {dag.py:4138} INFO - Setting next_dagrun for dag_scraping_twitter to 2026-02-06 23:00:00+00:00, run_after=2026-02-07 11:00:00+00:00
[2026-02-07T07:35:10.316+0700] {processor.py:208} INFO - Processing /opt/airflow/dags/dag_scraping_twitter.py took 0.115 seconds
[2026-02-07T07:35:40.489+0700] {processor.py:186} INFO - Started process (PID=10550) to work on /opt/airflow/dags/dag_scraping_twitter.py
[2026-02-07T07:35:40.490+0700] {processor.py:914} INFO - Processing file /opt/airflow/dags/dag_scraping_twitter.py for tasks to queue
[2026-02-07T07:35:40.493+0700] {logging_mixin.py:190} INFO - [2026-02-07T07:35:40.493+0700] {dagbag.py:587} INFO - Filling up the DagBag from /opt/airflow/dags/dag_scraping_twitter.py
[2026-02-07T07:35:40.513+0700] {processor.py:925} INFO - DAG(s) 'dag_scraping_twitter' retrieved from /opt/airflow/dags/dag_scraping_twitter.py
[2026-02-07T07:35:40.544+0700] {logging_mixin.py:190} INFO - [2026-02-07T07:35:40.543+0700] {dag.py:3211} INFO - Sync 1 DAGs
[2026-02-07T07:35:40.567+0700] {logging_mixin.py:190} INFO - [2026-02-07T07:35:40.567+0700] {dag.py:4138} INFO - Setting next_dagrun for dag_scraping_twitter to 2026-02-06 23:00:00+00:00, run_after=2026-02-07 11:00:00+00:00
[2026-02-07T07:35:40.591+0700] {processor.py:208} INFO - Processing /opt/airflow/dags/dag_scraping_twitter.py took 0.109 seconds
[2026-02-07T07:36:10.696+0700] {processor.py:186} INFO - Started process (PID=10560) to work on /opt/airflow/dags/dag_scraping_twitter.py
[2026-02-07T07:36:10.698+0700] {processor.py:914} INFO - Processing file /opt/airflow/dags/dag_scraping_twitter.py for tasks to queue
[2026-02-07T07:36:10.701+0700] {logging_mixin.py:190} INFO - [2026-02-07T07:36:10.701+0700] {dagbag.py:587} INFO - Filling up the DagBag from /opt/airflow/dags/dag_scraping_twitter.py
[2026-02-07T07:36:10.722+0700] {processor.py:925} INFO - DAG(s) 'dag_scraping_twitter' retrieved from /opt/airflow/dags/dag_scraping_twitter.py
[2026-02-07T07:36:10.754+0700] {logging_mixin.py:190} INFO - [2026-02-07T07:36:10.753+0700] {dag.py:3211} INFO - Sync 1 DAGs
[2026-02-07T07:36:10.782+0700] {logging_mixin.py:190} INFO - [2026-02-07T07:36:10.782+0700] {dag.py:4138} INFO - Setting next_dagrun for dag_scraping_twitter to 2026-02-06 23:00:00+00:00, run_after=2026-02-07 11:00:00+00:00
[2026-02-07T07:36:10.806+0700] {processor.py:208} INFO - Processing /opt/airflow/dags/dag_scraping_twitter.py took 0.119 seconds
[2026-02-07T07:36:41.081+0700] {processor.py:186} INFO - Started process (PID=10570) to work on /opt/airflow/dags/dag_scraping_twitter.py
[2026-02-07T07:36:41.083+0700] {processor.py:914} INFO - Processing file /opt/airflow/dags/dag_scraping_twitter.py for tasks to queue
[2026-02-07T07:36:41.086+0700] {logging_mixin.py:190} INFO - [2026-02-07T07:36:41.085+0700] {dagbag.py:587} INFO - Filling up the DagBag from /opt/airflow/dags/dag_scraping_twitter.py
[2026-02-07T07:36:41.107+0700] {processor.py:925} INFO - DAG(s) 'dag_scraping_twitter' retrieved from /opt/airflow/dags/dag_scraping_twitter.py
[2026-02-07T07:36:41.136+0700] {logging_mixin.py:190} INFO - [2026-02-07T07:36:41.136+0700] {dag.py:3211} INFO - Sync 1 DAGs
[2026-02-07T07:36:41.163+0700] {logging_mixin.py:190} INFO - [2026-02-07T07:36:41.162+0700] {dag.py:4138} INFO - Setting next_dagrun for dag_scraping_twitter to 2026-02-06 23:00:00+00:00, run_after=2026-02-07 11:00:00+00:00
[2026-02-07T07:36:41.187+0700] {processor.py:208} INFO - Processing /opt/airflow/dags/dag_scraping_twitter.py took 0.114 seconds
[2026-02-07T07:37:11.327+0700] {processor.py:186} INFO - Started process (PID=10580) to work on /opt/airflow/dags/dag_scraping_twitter.py
[2026-02-07T07:37:11.328+0700] {processor.py:914} INFO - Processing file /opt/airflow/dags/dag_scraping_twitter.py for tasks to queue
[2026-02-07T07:37:11.331+0700] {logging_mixin.py:190} INFO - [2026-02-07T07:37:11.331+0700] {dagbag.py:587} INFO - Filling up the DagBag from /opt/airflow/dags/dag_scraping_twitter.py
[2026-02-07T07:37:11.351+0700] {processor.py:925} INFO - DAG(s) 'dag_scraping_twitter' retrieved from /opt/airflow/dags/dag_scraping_twitter.py
[2026-02-07T07:37:11.381+0700] {logging_mixin.py:190} INFO - [2026-02-07T07:37:11.381+0700] {dag.py:3211} INFO - Sync 1 DAGs
[2026-02-07T07:37:11.405+0700] {logging_mixin.py:190} INFO - [2026-02-07T07:37:11.404+0700] {dag.py:4138} INFO - Setting next_dagrun for dag_scraping_twitter to 2026-02-06 23:00:00+00:00, run_after=2026-02-07 11:00:00+00:00
[2026-02-07T07:37:11.427+0700] {processor.py:208} INFO - Processing /opt/airflow/dags/dag_scraping_twitter.py took 0.107 seconds
[2026-02-07T07:37:41.576+0700] {processor.py:186} INFO - Started process (PID=10590) to work on /opt/airflow/dags/dag_scraping_twitter.py
[2026-02-07T07:37:41.578+0700] {processor.py:914} INFO - Processing file /opt/airflow/dags/dag_scraping_twitter.py for tasks to queue
[2026-02-07T07:37:41.580+0700] {logging_mixin.py:190} INFO - [2026-02-07T07:37:41.580+0700] {dagbag.py:587} INFO - Filling up the DagBag from /opt/airflow/dags/dag_scraping_twitter.py
[2026-02-07T07:37:41.601+0700] {processor.py:925} INFO - DAG(s) 'dag_scraping_twitter' retrieved from /opt/airflow/dags/dag_scraping_twitter.py
[2026-02-07T07:37:41.628+0700] {logging_mixin.py:190} INFO - [2026-02-07T07:37:41.628+0700] {dag.py:3211} INFO - Sync 1 DAGs
[2026-02-07T07:37:41.653+0700] {logging_mixin.py:190} INFO - [2026-02-07T07:37:41.652+0700] {dag.py:4138} INFO - Setting next_dagrun for dag_scraping_twitter to 2026-02-06 23:00:00+00:00, run_after=2026-02-07 11:00:00+00:00
[2026-02-07T07:37:41.677+0700] {processor.py:208} INFO - Processing /opt/airflow/dags/dag_scraping_twitter.py took 0.107 seconds
[2026-02-07T07:38:11.889+0700] {processor.py:186} INFO - Started process (PID=10600) to work on /opt/airflow/dags/dag_scraping_twitter.py
[2026-02-07T07:38:11.890+0700] {processor.py:914} INFO - Processing file /opt/airflow/dags/dag_scraping_twitter.py for tasks to queue
[2026-02-07T07:38:11.894+0700] {logging_mixin.py:190} INFO - [2026-02-07T07:38:11.894+0700] {dagbag.py:587} INFO - Filling up the DagBag from /opt/airflow/dags/dag_scraping_twitter.py
[2026-02-07T07:38:11.914+0700] {processor.py:925} INFO - DAG(s) 'dag_scraping_twitter' retrieved from /opt/airflow/dags/dag_scraping_twitter.py
[2026-02-07T07:38:11.943+0700] {logging_mixin.py:190} INFO - [2026-02-07T07:38:11.942+0700] {dag.py:3211} INFO - Sync 1 DAGs
[2026-02-07T07:38:11.968+0700] {logging_mixin.py:190} INFO - [2026-02-07T07:38:11.968+0700] {dag.py:4138} INFO - Setting next_dagrun for dag_scraping_twitter to 2026-02-06 23:00:00+00:00, run_after=2026-02-07 11:00:00+00:00
[2026-02-07T07:38:11.993+0700] {processor.py:208} INFO - Processing /opt/airflow/dags/dag_scraping_twitter.py took 0.110 seconds
[2026-02-07T07:38:42.280+0700] {processor.py:186} INFO - Started process (PID=10610) to work on /opt/airflow/dags/dag_scraping_twitter.py
[2026-02-07T07:38:42.281+0700] {processor.py:914} INFO - Processing file /opt/airflow/dags/dag_scraping_twitter.py for tasks to queue
[2026-02-07T07:38:42.283+0700] {logging_mixin.py:190} INFO - [2026-02-07T07:38:42.283+0700] {dagbag.py:587} INFO - Filling up the DagBag from /opt/airflow/dags/dag_scraping_twitter.py
[2026-02-07T07:38:42.302+0700] {processor.py:925} INFO - DAG(s) 'dag_scraping_twitter' retrieved from /opt/airflow/dags/dag_scraping_twitter.py
[2026-02-07T07:38:42.329+0700] {logging_mixin.py:190} INFO - [2026-02-07T07:38:42.328+0700] {dag.py:3211} INFO - Sync 1 DAGs
[2026-02-07T07:38:42.354+0700] {logging_mixin.py:190} INFO - [2026-02-07T07:38:42.354+0700] {dag.py:4138} INFO - Setting next_dagrun for dag_scraping_twitter to 2026-02-06 23:00:00+00:00, run_after=2026-02-07 11:00:00+00:00
[2026-02-07T07:38:42.377+0700] {processor.py:208} INFO - Processing /opt/airflow/dags/dag_scraping_twitter.py took 0.105 seconds
[2026-02-07T07:39:12.421+0700] {processor.py:186} INFO - Started process (PID=10620) to work on /opt/airflow/dags/dag_scraping_twitter.py
[2026-02-07T07:39:12.423+0700] {processor.py:914} INFO - Processing file /opt/airflow/dags/dag_scraping_twitter.py for tasks to queue
[2026-02-07T07:39:12.425+0700] {logging_mixin.py:190} INFO - [2026-02-07T07:39:12.425+0700] {dagbag.py:587} INFO - Filling up the DagBag from /opt/airflow/dags/dag_scraping_twitter.py
[2026-02-07T07:39:12.446+0700] {processor.py:925} INFO - DAG(s) 'dag_scraping_twitter' retrieved from /opt/airflow/dags/dag_scraping_twitter.py
[2026-02-07T07:39:12.475+0700] {logging_mixin.py:190} INFO - [2026-02-07T07:39:12.475+0700] {dag.py:3211} INFO - Sync 1 DAGs
[2026-02-07T07:39:12.500+0700] {logging_mixin.py:190} INFO - [2026-02-07T07:39:12.500+0700] {dag.py:4138} INFO - Setting next_dagrun for dag_scraping_twitter to 2026-02-06 23:00:00+00:00, run_after=2026-02-07 11:00:00+00:00
[2026-02-07T07:39:12.522+0700] {processor.py:208} INFO - Processing /opt/airflow/dags/dag_scraping_twitter.py took 0.106 seconds
[2026-02-07T07:39:42.825+0700] {processor.py:186} INFO - Started process (PID=10630) to work on /opt/airflow/dags/dag_scraping_twitter.py
[2026-02-07T07:39:42.827+0700] {processor.py:914} INFO - Processing file /opt/airflow/dags/dag_scraping_twitter.py for tasks to queue
[2026-02-07T07:39:42.831+0700] {logging_mixin.py:190} INFO - [2026-02-07T07:39:42.830+0700] {dagbag.py:587} INFO - Filling up the DagBag from /opt/airflow/dags/dag_scraping_twitter.py
[2026-02-07T07:39:42.856+0700] {processor.py:925} INFO - DAG(s) 'dag_scraping_twitter' retrieved from /opt/airflow/dags/dag_scraping_twitter.py
[2026-02-07T07:39:42.888+0700] {logging_mixin.py:190} INFO - [2026-02-07T07:39:42.888+0700] {dag.py:3211} INFO - Sync 1 DAGs
[2026-02-07T07:39:42.913+0700] {logging_mixin.py:190} INFO - [2026-02-07T07:39:42.913+0700] {dag.py:4138} INFO - Setting next_dagrun for dag_scraping_twitter to 2026-02-06 23:00:00+00:00, run_after=2026-02-07 11:00:00+00:00
[2026-02-07T07:39:42.937+0700] {processor.py:208} INFO - Processing /opt/airflow/dags/dag_scraping_twitter.py took 0.120 seconds
[2026-02-07T07:40:13.029+0700] {processor.py:186} INFO - Started process (PID=10640) to work on /opt/airflow/dags/dag_scraping_twitter.py
[2026-02-07T07:40:13.030+0700] {processor.py:914} INFO - Processing file /opt/airflow/dags/dag_scraping_twitter.py for tasks to queue
[2026-02-07T07:40:13.032+0700] {logging_mixin.py:190} INFO - [2026-02-07T07:40:13.032+0700] {dagbag.py:587} INFO - Filling up the DagBag from /opt/airflow/dags/dag_scraping_twitter.py
[2026-02-07T07:40:13.055+0700] {processor.py:925} INFO - DAG(s) 'dag_scraping_twitter' retrieved from /opt/airflow/dags/dag_scraping_twitter.py
[2026-02-07T07:40:13.088+0700] {logging_mixin.py:190} INFO - [2026-02-07T07:40:13.088+0700] {dag.py:3211} INFO - Sync 1 DAGs
[2026-02-07T07:40:13.117+0700] {logging_mixin.py:190} INFO - [2026-02-07T07:40:13.117+0700] {dag.py:4138} INFO - Setting next_dagrun for dag_scraping_twitter to 2026-02-06 23:00:00+00:00, run_after=2026-02-07 11:00:00+00:00
[2026-02-07T07:40:13.145+0700] {processor.py:208} INFO - Processing /opt/airflow/dags/dag_scraping_twitter.py took 0.123 seconds
[2026-02-07T07:40:43.406+0700] {processor.py:186} INFO - Started process (PID=10650) to work on /opt/airflow/dags/dag_scraping_twitter.py
[2026-02-07T07:40:43.408+0700] {processor.py:914} INFO - Processing file /opt/airflow/dags/dag_scraping_twitter.py for tasks to queue
[2026-02-07T07:40:43.413+0700] {logging_mixin.py:190} INFO - [2026-02-07T07:40:43.413+0700] {dagbag.py:587} INFO - Filling up the DagBag from /opt/airflow/dags/dag_scraping_twitter.py
[2026-02-07T07:40:43.444+0700] {processor.py:925} INFO - DAG(s) 'dag_scraping_twitter' retrieved from /opt/airflow/dags/dag_scraping_twitter.py
[2026-02-07T07:40:43.475+0700] {logging_mixin.py:190} INFO - [2026-02-07T07:40:43.474+0700] {dag.py:3211} INFO - Sync 1 DAGs
[2026-02-07T07:40:43.500+0700] {logging_mixin.py:190} INFO - [2026-02-07T07:40:43.500+0700] {dag.py:4138} INFO - Setting next_dagrun for dag_scraping_twitter to 2026-02-06 23:00:00+00:00, run_after=2026-02-07 11:00:00+00:00
[2026-02-07T07:40:43.526+0700] {processor.py:208} INFO - Processing /opt/airflow/dags/dag_scraping_twitter.py took 0.127 seconds
[2026-02-07T07:41:13.788+0700] {processor.py:186} INFO - Started process (PID=10660) to work on /opt/airflow/dags/dag_scraping_twitter.py
[2026-02-07T07:41:13.789+0700] {processor.py:914} INFO - Processing file /opt/airflow/dags/dag_scraping_twitter.py for tasks to queue
[2026-02-07T07:41:13.792+0700] {logging_mixin.py:190} INFO - [2026-02-07T07:41:13.791+0700] {dagbag.py:587} INFO - Filling up the DagBag from /opt/airflow/dags/dag_scraping_twitter.py
[2026-02-07T07:41:13.810+0700] {processor.py:925} INFO - DAG(s) 'dag_scraping_twitter' retrieved from /opt/airflow/dags/dag_scraping_twitter.py
[2026-02-07T07:41:13.839+0700] {logging_mixin.py:190} INFO - [2026-02-07T07:41:13.839+0700] {dag.py:3211} INFO - Sync 1 DAGs
[2026-02-07T07:41:13.864+0700] {logging_mixin.py:190} INFO - [2026-02-07T07:41:13.863+0700] {dag.py:4138} INFO - Setting next_dagrun for dag_scraping_twitter to 2026-02-06 23:00:00+00:00, run_after=2026-02-07 11:00:00+00:00
[2026-02-07T07:41:13.887+0700] {processor.py:208} INFO - Processing /opt/airflow/dags/dag_scraping_twitter.py took 0.107 seconds
[2026-02-07T07:41:44.040+0700] {processor.py:186} INFO - Started process (PID=10670) to work on /opt/airflow/dags/dag_scraping_twitter.py
[2026-02-07T07:41:44.041+0700] {processor.py:914} INFO - Processing file /opt/airflow/dags/dag_scraping_twitter.py for tasks to queue
[2026-02-07T07:41:44.044+0700] {logging_mixin.py:190} INFO - [2026-02-07T07:41:44.044+0700] {dagbag.py:587} INFO - Filling up the DagBag from /opt/airflow/dags/dag_scraping_twitter.py
[2026-02-07T07:41:44.065+0700] {processor.py:925} INFO - DAG(s) 'dag_scraping_twitter' retrieved from /opt/airflow/dags/dag_scraping_twitter.py
[2026-02-07T07:41:44.095+0700] {logging_mixin.py:190} INFO - [2026-02-07T07:41:44.095+0700] {dag.py:3211} INFO - Sync 1 DAGs
[2026-02-07T07:41:44.121+0700] {logging_mixin.py:190} INFO - [2026-02-07T07:41:44.121+0700] {dag.py:4138} INFO - Setting next_dagrun for dag_scraping_twitter to 2026-02-06 23:00:00+00:00, run_after=2026-02-07 11:00:00+00:00
[2026-02-07T07:41:44.147+0700] {processor.py:208} INFO - Processing /opt/airflow/dags/dag_scraping_twitter.py took 0.114 seconds
[2026-02-07T07:42:14.276+0700] {processor.py:186} INFO - Started process (PID=10680) to work on /opt/airflow/dags/dag_scraping_twitter.py
[2026-02-07T07:42:14.277+0700] {processor.py:914} INFO - Processing file /opt/airflow/dags/dag_scraping_twitter.py for tasks to queue
[2026-02-07T07:42:14.279+0700] {logging_mixin.py:190} INFO - [2026-02-07T07:42:14.279+0700] {dagbag.py:587} INFO - Filling up the DagBag from /opt/airflow/dags/dag_scraping_twitter.py
[2026-02-07T07:42:14.298+0700] {processor.py:925} INFO - DAG(s) 'dag_scraping_twitter' retrieved from /opt/airflow/dags/dag_scraping_twitter.py
[2026-02-07T07:42:14.330+0700] {logging_mixin.py:190} INFO - [2026-02-07T07:42:14.329+0700] {dag.py:3211} INFO - Sync 1 DAGs
[2026-02-07T07:42:14.354+0700] {logging_mixin.py:190} INFO - [2026-02-07T07:42:14.353+0700] {dag.py:4138} INFO - Setting next_dagrun for dag_scraping_twitter to 2026-02-06 23:00:00+00:00, run_after=2026-02-07 11:00:00+00:00
[2026-02-07T07:42:14.380+0700] {processor.py:208} INFO - Processing /opt/airflow/dags/dag_scraping_twitter.py took 0.111 seconds
[2026-02-07T07:42:44.648+0700] {processor.py:186} INFO - Started process (PID=10690) to work on /opt/airflow/dags/dag_scraping_twitter.py
[2026-02-07T07:42:44.649+0700] {processor.py:914} INFO - Processing file /opt/airflow/dags/dag_scraping_twitter.py for tasks to queue
[2026-02-07T07:42:44.653+0700] {logging_mixin.py:190} INFO - [2026-02-07T07:42:44.652+0700] {dagbag.py:587} INFO - Filling up the DagBag from /opt/airflow/dags/dag_scraping_twitter.py
[2026-02-07T07:42:44.672+0700] {processor.py:925} INFO - DAG(s) 'dag_scraping_twitter' retrieved from /opt/airflow/dags/dag_scraping_twitter.py
[2026-02-07T07:42:44.700+0700] {logging_mixin.py:190} INFO - [2026-02-07T07:42:44.700+0700] {dag.py:3211} INFO - Sync 1 DAGs
[2026-02-07T07:42:44.723+0700] {logging_mixin.py:190} INFO - [2026-02-07T07:42:44.723+0700] {dag.py:4138} INFO - Setting next_dagrun for dag_scraping_twitter to 2026-02-06 23:00:00+00:00, run_after=2026-02-07 11:00:00+00:00
[2026-02-07T07:42:44.747+0700] {processor.py:208} INFO - Processing /opt/airflow/dags/dag_scraping_twitter.py took 0.105 seconds
[2026-02-07T07:43:15.041+0700] {processor.py:186} INFO - Started process (PID=10700) to work on /opt/airflow/dags/dag_scraping_twitter.py
[2026-02-07T07:43:15.042+0700] {processor.py:914} INFO - Processing file /opt/airflow/dags/dag_scraping_twitter.py for tasks to queue
[2026-02-07T07:43:15.045+0700] {logging_mixin.py:190} INFO - [2026-02-07T07:43:15.044+0700] {dagbag.py:587} INFO - Filling up the DagBag from /opt/airflow/dags/dag_scraping_twitter.py
[2026-02-07T07:43:15.067+0700] {processor.py:925} INFO - DAG(s) 'dag_scraping_twitter' retrieved from /opt/airflow/dags/dag_scraping_twitter.py
[2026-02-07T07:43:15.097+0700] {logging_mixin.py:190} INFO - [2026-02-07T07:43:15.097+0700] {dag.py:3211} INFO - Sync 1 DAGs
[2026-02-07T07:43:15.121+0700] {logging_mixin.py:190} INFO - [2026-02-07T07:43:15.120+0700] {dag.py:4138} INFO - Setting next_dagrun for dag_scraping_twitter to 2026-02-06 23:00:00+00:00, run_after=2026-02-07 11:00:00+00:00
[2026-02-07T07:43:15.144+0700] {processor.py:208} INFO - Processing /opt/airflow/dags/dag_scraping_twitter.py took 0.111 seconds
[2026-02-07T07:43:45.326+0700] {processor.py:186} INFO - Started process (PID=10710) to work on /opt/airflow/dags/dag_scraping_twitter.py
[2026-02-07T07:43:45.327+0700] {processor.py:914} INFO - Processing file /opt/airflow/dags/dag_scraping_twitter.py for tasks to queue
[2026-02-07T07:43:45.329+0700] {logging_mixin.py:190} INFO - [2026-02-07T07:43:45.329+0700] {dagbag.py:587} INFO - Filling up the DagBag from /opt/airflow/dags/dag_scraping_twitter.py
[2026-02-07T07:43:45.349+0700] {processor.py:925} INFO - DAG(s) 'dag_scraping_twitter' retrieved from /opt/airflow/dags/dag_scraping_twitter.py
[2026-02-07T07:43:45.380+0700] {logging_mixin.py:190} INFO - [2026-02-07T07:43:45.380+0700] {dag.py:3211} INFO - Sync 1 DAGs
[2026-02-07T07:43:45.405+0700] {logging_mixin.py:190} INFO - [2026-02-07T07:43:45.405+0700] {dag.py:4138} INFO - Setting next_dagrun for dag_scraping_twitter to 2026-02-06 23:00:00+00:00, run_after=2026-02-07 11:00:00+00:00
[2026-02-07T07:43:45.429+0700] {processor.py:208} INFO - Processing /opt/airflow/dags/dag_scraping_twitter.py took 0.110 seconds
[2026-02-07T07:44:15.723+0700] {processor.py:186} INFO - Started process (PID=10720) to work on /opt/airflow/dags/dag_scraping_twitter.py
[2026-02-07T07:44:15.725+0700] {processor.py:914} INFO - Processing file /opt/airflow/dags/dag_scraping_twitter.py for tasks to queue
[2026-02-07T07:44:15.728+0700] {logging_mixin.py:190} INFO - [2026-02-07T07:44:15.727+0700] {dagbag.py:587} INFO - Filling up the DagBag from /opt/airflow/dags/dag_scraping_twitter.py
[2026-02-07T07:44:15.748+0700] {processor.py:925} INFO - DAG(s) 'dag_scraping_twitter' retrieved from /opt/airflow/dags/dag_scraping_twitter.py
[2026-02-07T07:44:15.776+0700] {logging_mixin.py:190} INFO - [2026-02-07T07:44:15.776+0700] {dag.py:3211} INFO - Sync 1 DAGs
[2026-02-07T07:44:15.802+0700] {logging_mixin.py:190} INFO - [2026-02-07T07:44:15.801+0700] {dag.py:4138} INFO - Setting next_dagrun for dag_scraping_twitter to 2026-02-06 23:00:00+00:00, run_after=2026-02-07 11:00:00+00:00
[2026-02-07T07:44:15.827+0700] {processor.py:208} INFO - Processing /opt/airflow/dags/dag_scraping_twitter.py took 0.110 seconds
[2026-02-07T07:44:46.023+0700] {processor.py:186} INFO - Started process (PID=10730) to work on /opt/airflow/dags/dag_scraping_twitter.py
[2026-02-07T07:44:46.024+0700] {processor.py:914} INFO - Processing file /opt/airflow/dags/dag_scraping_twitter.py for tasks to queue
[2026-02-07T07:44:46.029+0700] {logging_mixin.py:190} INFO - [2026-02-07T07:44:46.028+0700] {dagbag.py:587} INFO - Filling up the DagBag from /opt/airflow/dags/dag_scraping_twitter.py
[2026-02-07T07:44:46.048+0700] {processor.py:925} INFO - DAG(s) 'dag_scraping_twitter' retrieved from /opt/airflow/dags/dag_scraping_twitter.py
[2026-02-07T07:44:46.076+0700] {logging_mixin.py:190} INFO - [2026-02-07T07:44:46.076+0700] {dag.py:3211} INFO - Sync 1 DAGs
[2026-02-07T07:44:46.102+0700] {logging_mixin.py:190} INFO - [2026-02-07T07:44:46.101+0700] {dag.py:4138} INFO - Setting next_dagrun for dag_scraping_twitter to 2026-02-06 23:00:00+00:00, run_after=2026-02-07 11:00:00+00:00
[2026-02-07T07:44:46.125+0700] {processor.py:208} INFO - Processing /opt/airflow/dags/dag_scraping_twitter.py took 0.109 seconds
[2026-02-07T07:45:16.495+0700] {processor.py:186} INFO - Started process (PID=10740) to work on /opt/airflow/dags/dag_scraping_twitter.py
[2026-02-07T07:45:16.496+0700] {processor.py:914} INFO - Processing file /opt/airflow/dags/dag_scraping_twitter.py for tasks to queue
[2026-02-07T07:45:16.500+0700] {logging_mixin.py:190} INFO - [2026-02-07T07:45:16.500+0700] {dagbag.py:587} INFO - Filling up the DagBag from /opt/airflow/dags/dag_scraping_twitter.py
[2026-02-07T07:45:16.531+0700] {processor.py:925} INFO - DAG(s) 'dag_scraping_twitter' retrieved from /opt/airflow/dags/dag_scraping_twitter.py
[2026-02-07T07:45:16.560+0700] {logging_mixin.py:190} INFO - [2026-02-07T07:45:16.559+0700] {dag.py:3211} INFO - Sync 1 DAGs
[2026-02-07T07:45:16.585+0700] {logging_mixin.py:190} INFO - [2026-02-07T07:45:16.584+0700] {dag.py:4138} INFO - Setting next_dagrun for dag_scraping_twitter to 2026-02-06 23:00:00+00:00, run_after=2026-02-07 11:00:00+00:00
[2026-02-07T07:45:16.610+0700] {processor.py:208} INFO - Processing /opt/airflow/dags/dag_scraping_twitter.py took 0.123 seconds
[2026-02-07T07:45:46.825+0700] {processor.py:186} INFO - Started process (PID=10750) to work on /opt/airflow/dags/dag_scraping_twitter.py
[2026-02-07T07:45:46.827+0700] {processor.py:914} INFO - Processing file /opt/airflow/dags/dag_scraping_twitter.py for tasks to queue
[2026-02-07T07:45:46.830+0700] {logging_mixin.py:190} INFO - [2026-02-07T07:45:46.829+0700] {dagbag.py:587} INFO - Filling up the DagBag from /opt/airflow/dags/dag_scraping_twitter.py
[2026-02-07T07:45:46.850+0700] {processor.py:925} INFO - DAG(s) 'dag_scraping_twitter' retrieved from /opt/airflow/dags/dag_scraping_twitter.py
[2026-02-07T07:45:46.877+0700] {logging_mixin.py:190} INFO - [2026-02-07T07:45:46.877+0700] {dag.py:3211} INFO - Sync 1 DAGs
[2026-02-07T07:45:46.901+0700] {logging_mixin.py:190} INFO - [2026-02-07T07:45:46.901+0700] {dag.py:4138} INFO - Setting next_dagrun for dag_scraping_twitter to 2026-02-06 23:00:00+00:00, run_after=2026-02-07 11:00:00+00:00
[2026-02-07T07:45:46.926+0700] {processor.py:208} INFO - Processing /opt/airflow/dags/dag_scraping_twitter.py took 0.108 seconds
[2026-02-07T07:46:17.210+0700] {processor.py:186} INFO - Started process (PID=10760) to work on /opt/airflow/dags/dag_scraping_twitter.py
[2026-02-07T07:46:17.212+0700] {processor.py:914} INFO - Processing file /opt/airflow/dags/dag_scraping_twitter.py for tasks to queue
[2026-02-07T07:46:17.214+0700] {logging_mixin.py:190} INFO - [2026-02-07T07:46:17.214+0700] {dagbag.py:587} INFO - Filling up the DagBag from /opt/airflow/dags/dag_scraping_twitter.py
[2026-02-07T07:46:17.233+0700] {processor.py:925} INFO - DAG(s) 'dag_scraping_twitter' retrieved from /opt/airflow/dags/dag_scraping_twitter.py
[2026-02-07T07:46:17.262+0700] {logging_mixin.py:190} INFO - [2026-02-07T07:46:17.262+0700] {dag.py:3211} INFO - Sync 1 DAGs
[2026-02-07T07:46:17.286+0700] {logging_mixin.py:190} INFO - [2026-02-07T07:46:17.286+0700] {dag.py:4138} INFO - Setting next_dagrun for dag_scraping_twitter to 2026-02-06 23:00:00+00:00, run_after=2026-02-07 11:00:00+00:00
[2026-02-07T07:46:17.312+0700] {processor.py:208} INFO - Processing /opt/airflow/dags/dag_scraping_twitter.py took 0.109 seconds
[2026-02-07T07:46:47.416+0700] {processor.py:186} INFO - Started process (PID=10770) to work on /opt/airflow/dags/dag_scraping_twitter.py
[2026-02-07T07:46:47.417+0700] {processor.py:914} INFO - Processing file /opt/airflow/dags/dag_scraping_twitter.py for tasks to queue
[2026-02-07T07:46:47.421+0700] {logging_mixin.py:190} INFO - [2026-02-07T07:46:47.421+0700] {dagbag.py:587} INFO - Filling up the DagBag from /opt/airflow/dags/dag_scraping_twitter.py
[2026-02-07T07:46:47.451+0700] {processor.py:925} INFO - DAG(s) 'dag_scraping_twitter' retrieved from /opt/airflow/dags/dag_scraping_twitter.py
[2026-02-07T07:46:47.485+0700] {logging_mixin.py:190} INFO - [2026-02-07T07:46:47.485+0700] {dag.py:3211} INFO - Sync 1 DAGs
[2026-02-07T07:46:47.514+0700] {logging_mixin.py:190} INFO - [2026-02-07T07:46:47.514+0700] {dag.py:4138} INFO - Setting next_dagrun for dag_scraping_twitter to 2026-02-06 23:00:00+00:00, run_after=2026-02-07 11:00:00+00:00
[2026-02-07T07:46:47.540+0700] {processor.py:208} INFO - Processing /opt/airflow/dags/dag_scraping_twitter.py took 0.130 seconds
[2026-02-07T07:47:17.674+0700] {processor.py:186} INFO - Started process (PID=10780) to work on /opt/airflow/dags/dag_scraping_twitter.py
[2026-02-07T07:47:17.676+0700] {processor.py:914} INFO - Processing file /opt/airflow/dags/dag_scraping_twitter.py for tasks to queue
[2026-02-07T07:47:17.680+0700] {logging_mixin.py:190} INFO - [2026-02-07T07:47:17.680+0700] {dagbag.py:587} INFO - Filling up the DagBag from /opt/airflow/dags/dag_scraping_twitter.py
[2026-02-07T07:47:17.710+0700] {processor.py:925} INFO - DAG(s) 'dag_scraping_twitter' retrieved from /opt/airflow/dags/dag_scraping_twitter.py
[2026-02-07T07:47:17.750+0700] {logging_mixin.py:190} INFO - [2026-02-07T07:47:17.749+0700] {dag.py:3211} INFO - Sync 1 DAGs
[2026-02-07T07:47:17.782+0700] {logging_mixin.py:190} INFO - [2026-02-07T07:47:17.781+0700] {dag.py:4138} INFO - Setting next_dagrun for dag_scraping_twitter to 2026-02-06 23:00:00+00:00, run_after=2026-02-07 11:00:00+00:00
[2026-02-07T07:47:17.812+0700] {processor.py:208} INFO - Processing /opt/airflow/dags/dag_scraping_twitter.py took 0.148 seconds
[2026-02-07T07:47:48.122+0700] {processor.py:186} INFO - Started process (PID=10790) to work on /opt/airflow/dags/dag_scraping_twitter.py
[2026-02-07T07:47:48.124+0700] {processor.py:914} INFO - Processing file /opt/airflow/dags/dag_scraping_twitter.py for tasks to queue
[2026-02-07T07:47:48.127+0700] {logging_mixin.py:190} INFO - [2026-02-07T07:47:48.126+0700] {dagbag.py:587} INFO - Filling up the DagBag from /opt/airflow/dags/dag_scraping_twitter.py
[2026-02-07T07:47:48.149+0700] {processor.py:925} INFO - DAG(s) 'dag_scraping_twitter' retrieved from /opt/airflow/dags/dag_scraping_twitter.py
[2026-02-07T07:47:48.179+0700] {logging_mixin.py:190} INFO - [2026-02-07T07:47:48.179+0700] {dag.py:3211} INFO - Sync 1 DAGs
[2026-02-07T07:47:48.204+0700] {logging_mixin.py:190} INFO - [2026-02-07T07:47:48.203+0700] {dag.py:4138} INFO - Setting next_dagrun for dag_scraping_twitter to 2026-02-06 23:00:00+00:00, run_after=2026-02-07 11:00:00+00:00
[2026-02-07T07:47:48.229+0700] {processor.py:208} INFO - Processing /opt/airflow/dags/dag_scraping_twitter.py took 0.115 seconds
[2026-02-07T07:48:18.317+0700] {processor.py:186} INFO - Started process (PID=10800) to work on /opt/airflow/dags/dag_scraping_twitter.py
[2026-02-07T07:48:18.318+0700] {processor.py:914} INFO - Processing file /opt/airflow/dags/dag_scraping_twitter.py for tasks to queue
[2026-02-07T07:48:18.320+0700] {logging_mixin.py:190} INFO - [2026-02-07T07:48:18.320+0700] {dagbag.py:587} INFO - Filling up the DagBag from /opt/airflow/dags/dag_scraping_twitter.py
[2026-02-07T07:48:18.339+0700] {processor.py:925} INFO - DAG(s) 'dag_scraping_twitter' retrieved from /opt/airflow/dags/dag_scraping_twitter.py
[2026-02-07T07:48:18.369+0700] {logging_mixin.py:190} INFO - [2026-02-07T07:48:18.368+0700] {dag.py:3211} INFO - Sync 1 DAGs
[2026-02-07T07:48:18.394+0700] {logging_mixin.py:190} INFO - [2026-02-07T07:48:18.394+0700] {dag.py:4138} INFO - Setting next_dagrun for dag_scraping_twitter to 2026-02-06 23:00:00+00:00, run_after=2026-02-07 11:00:00+00:00
[2026-02-07T07:48:18.417+0700] {processor.py:208} INFO - Processing /opt/airflow/dags/dag_scraping_twitter.py took 0.107 seconds
[2026-02-07T07:48:49.456+0700] {processor.py:186} INFO - Started process (PID=10810) to work on /opt/airflow/dags/dag_scraping_twitter.py
[2026-02-07T07:48:49.457+0700] {processor.py:914} INFO - Processing file /opt/airflow/dags/dag_scraping_twitter.py for tasks to queue
[2026-02-07T07:48:49.460+0700] {logging_mixin.py:190} INFO - [2026-02-07T07:48:49.460+0700] {dagbag.py:587} INFO - Filling up the DagBag from /opt/airflow/dags/dag_scraping_twitter.py
[2026-02-07T07:48:49.482+0700] {processor.py:925} INFO - DAG(s) 'dag_scraping_twitter' retrieved from /opt/airflow/dags/dag_scraping_twitter.py
[2026-02-07T07:48:49.511+0700] {logging_mixin.py:190} INFO - [2026-02-07T07:48:49.510+0700] {dag.py:3211} INFO - Sync 1 DAGs
[2026-02-07T07:48:49.535+0700] {logging_mixin.py:190} INFO - [2026-02-07T07:48:49.535+0700] {dag.py:4138} INFO - Setting next_dagrun for dag_scraping_twitter to 2026-02-06 23:00:00+00:00, run_after=2026-02-07 11:00:00+00:00
[2026-02-07T07:48:49.558+0700] {processor.py:208} INFO - Processing /opt/airflow/dags/dag_scraping_twitter.py took 0.110 seconds
[2026-02-07T07:49:19.790+0700] {processor.py:186} INFO - Started process (PID=10820) to work on /opt/airflow/dags/dag_scraping_twitter.py
[2026-02-07T07:49:19.791+0700] {processor.py:914} INFO - Processing file /opt/airflow/dags/dag_scraping_twitter.py for tasks to queue
[2026-02-07T07:49:19.798+0700] {logging_mixin.py:190} INFO - [2026-02-07T07:49:19.798+0700] {dagbag.py:587} INFO - Filling up the DagBag from /opt/airflow/dags/dag_scraping_twitter.py
[2026-02-07T07:49:19.821+0700] {processor.py:925} INFO - DAG(s) 'dag_scraping_twitter' retrieved from /opt/airflow/dags/dag_scraping_twitter.py
[2026-02-07T07:49:19.849+0700] {logging_mixin.py:190} INFO - [2026-02-07T07:49:19.849+0700] {dag.py:3211} INFO - Sync 1 DAGs
[2026-02-07T07:49:19.874+0700] {logging_mixin.py:190} INFO - [2026-02-07T07:49:19.874+0700] {dag.py:4138} INFO - Setting next_dagrun for dag_scraping_twitter to 2026-02-06 23:00:00+00:00, run_after=2026-02-07 11:00:00+00:00
[2026-02-07T07:49:19.899+0700] {processor.py:208} INFO - Processing /opt/airflow/dags/dag_scraping_twitter.py took 0.116 seconds
[2026-02-07T07:49:50.089+0700] {processor.py:186} INFO - Started process (PID=10830) to work on /opt/airflow/dags/dag_scraping_twitter.py
[2026-02-07T07:49:50.090+0700] {processor.py:914} INFO - Processing file /opt/airflow/dags/dag_scraping_twitter.py for tasks to queue
[2026-02-07T07:49:50.094+0700] {logging_mixin.py:190} INFO - [2026-02-07T07:49:50.093+0700] {dagbag.py:587} INFO - Filling up the DagBag from /opt/airflow/dags/dag_scraping_twitter.py
[2026-02-07T07:49:50.112+0700] {processor.py:925} INFO - DAG(s) 'dag_scraping_twitter' retrieved from /opt/airflow/dags/dag_scraping_twitter.py
[2026-02-07T07:49:50.142+0700] {logging_mixin.py:190} INFO - [2026-02-07T07:49:50.142+0700] {dag.py:3211} INFO - Sync 1 DAGs
[2026-02-07T07:49:50.167+0700] {logging_mixin.py:190} INFO - [2026-02-07T07:49:50.167+0700] {dag.py:4138} INFO - Setting next_dagrun for dag_scraping_twitter to 2026-02-06 23:00:00+00:00, run_after=2026-02-07 11:00:00+00:00
[2026-02-07T07:49:50.192+0700] {processor.py:208} INFO - Processing /opt/airflow/dags/dag_scraping_twitter.py took 0.109 seconds
[2026-02-07T07:50:20.381+0700] {processor.py:186} INFO - Started process (PID=10840) to work on /opt/airflow/dags/dag_scraping_twitter.py
[2026-02-07T07:50:20.382+0700] {processor.py:914} INFO - Processing file /opt/airflow/dags/dag_scraping_twitter.py for tasks to queue
[2026-02-07T07:50:20.385+0700] {logging_mixin.py:190} INFO - [2026-02-07T07:50:20.385+0700] {dagbag.py:587} INFO - Filling up the DagBag from /opt/airflow/dags/dag_scraping_twitter.py
[2026-02-07T07:50:20.405+0700] {processor.py:925} INFO - DAG(s) 'dag_scraping_twitter' retrieved from /opt/airflow/dags/dag_scraping_twitter.py
[2026-02-07T07:50:20.434+0700] {logging_mixin.py:190} INFO - [2026-02-07T07:50:20.434+0700] {dag.py:3211} INFO - Sync 1 DAGs
[2026-02-07T07:50:20.460+0700] {logging_mixin.py:190} INFO - [2026-02-07T07:50:20.460+0700] {dag.py:4138} INFO - Setting next_dagrun for dag_scraping_twitter to 2026-02-06 23:00:00+00:00, run_after=2026-02-07 11:00:00+00:00
[2026-02-07T07:50:20.484+0700] {processor.py:208} INFO - Processing /opt/airflow/dags/dag_scraping_twitter.py took 0.110 seconds
[2026-02-07T07:50:50.814+0700] {processor.py:186} INFO - Started process (PID=10850) to work on /opt/airflow/dags/dag_scraping_twitter.py
[2026-02-07T07:50:50.815+0700] {processor.py:914} INFO - Processing file /opt/airflow/dags/dag_scraping_twitter.py for tasks to queue
[2026-02-07T07:50:50.819+0700] {logging_mixin.py:190} INFO - [2026-02-07T07:50:50.818+0700] {dagbag.py:587} INFO - Filling up the DagBag from /opt/airflow/dags/dag_scraping_twitter.py
[2026-02-07T07:50:50.840+0700] {processor.py:925} INFO - DAG(s) 'dag_scraping_twitter' retrieved from /opt/airflow/dags/dag_scraping_twitter.py
[2026-02-07T07:50:50.868+0700] {logging_mixin.py:190} INFO - [2026-02-07T07:50:50.867+0700] {dag.py:3211} INFO - Sync 1 DAGs
[2026-02-07T07:50:50.891+0700] {logging_mixin.py:190} INFO - [2026-02-07T07:50:50.891+0700] {dag.py:4138} INFO - Setting next_dagrun for dag_scraping_twitter to 2026-02-06 23:00:00+00:00, run_after=2026-02-07 11:00:00+00:00
[2026-02-07T07:50:50.917+0700] {processor.py:208} INFO - Processing /opt/airflow/dags/dag_scraping_twitter.py took 0.110 seconds
[2026-02-07T07:51:21.114+0700] {processor.py:186} INFO - Started process (PID=10860) to work on /opt/airflow/dags/dag_scraping_twitter.py
[2026-02-07T07:51:21.116+0700] {processor.py:914} INFO - Processing file /opt/airflow/dags/dag_scraping_twitter.py for tasks to queue
[2026-02-07T07:51:21.118+0700] {logging_mixin.py:190} INFO - [2026-02-07T07:51:21.118+0700] {dagbag.py:587} INFO - Filling up the DagBag from /opt/airflow/dags/dag_scraping_twitter.py
[2026-02-07T07:51:21.141+0700] {processor.py:925} INFO - DAG(s) 'dag_scraping_twitter' retrieved from /opt/airflow/dags/dag_scraping_twitter.py
[2026-02-07T07:51:21.170+0700] {logging_mixin.py:190} INFO - [2026-02-07T07:51:21.170+0700] {dag.py:3211} INFO - Sync 1 DAGs
[2026-02-07T07:51:21.195+0700] {logging_mixin.py:190} INFO - [2026-02-07T07:51:21.194+0700] {dag.py:4138} INFO - Setting next_dagrun for dag_scraping_twitter to 2026-02-06 23:00:00+00:00, run_after=2026-02-07 11:00:00+00:00
[2026-02-07T07:51:21.217+0700] {processor.py:208} INFO - Processing /opt/airflow/dags/dag_scraping_twitter.py took 0.112 seconds
[2026-02-07T07:51:51.335+0700] {processor.py:186} INFO - Started process (PID=10870) to work on /opt/airflow/dags/dag_scraping_twitter.py
[2026-02-07T07:51:51.336+0700] {processor.py:914} INFO - Processing file /opt/airflow/dags/dag_scraping_twitter.py for tasks to queue
[2026-02-07T07:51:51.339+0700] {logging_mixin.py:190} INFO - [2026-02-07T07:51:51.339+0700] {dagbag.py:587} INFO - Filling up the DagBag from /opt/airflow/dags/dag_scraping_twitter.py
[2026-02-07T07:51:51.357+0700] {processor.py:925} INFO - DAG(s) 'dag_scraping_twitter' retrieved from /opt/airflow/dags/dag_scraping_twitter.py
[2026-02-07T07:51:51.387+0700] {logging_mixin.py:190} INFO - [2026-02-07T07:51:51.386+0700] {dag.py:3211} INFO - Sync 1 DAGs
[2026-02-07T07:51:51.413+0700] {logging_mixin.py:190} INFO - [2026-02-07T07:51:51.413+0700] {dag.py:4138} INFO - Setting next_dagrun for dag_scraping_twitter to 2026-02-06 23:00:00+00:00, run_after=2026-02-07 11:00:00+00:00
[2026-02-07T07:51:51.436+0700] {processor.py:208} INFO - Processing /opt/airflow/dags/dag_scraping_twitter.py took 0.108 seconds
[2026-02-07T07:52:21.718+0700] {processor.py:186} INFO - Started process (PID=10880) to work on /opt/airflow/dags/dag_scraping_twitter.py
[2026-02-07T07:52:21.719+0700] {processor.py:914} INFO - Processing file /opt/airflow/dags/dag_scraping_twitter.py for tasks to queue
[2026-02-07T07:52:21.721+0700] {logging_mixin.py:190} INFO - [2026-02-07T07:52:21.721+0700] {dagbag.py:587} INFO - Filling up the DagBag from /opt/airflow/dags/dag_scraping_twitter.py
[2026-02-07T07:52:21.744+0700] {processor.py:925} INFO - DAG(s) 'dag_scraping_twitter' retrieved from /opt/airflow/dags/dag_scraping_twitter.py
[2026-02-07T07:52:21.771+0700] {logging_mixin.py:190} INFO - [2026-02-07T07:52:21.771+0700] {dag.py:3211} INFO - Sync 1 DAGs
[2026-02-07T07:52:21.797+0700] {logging_mixin.py:190} INFO - [2026-02-07T07:52:21.796+0700] {dag.py:4138} INFO - Setting next_dagrun for dag_scraping_twitter to 2026-02-06 23:00:00+00:00, run_after=2026-02-07 11:00:00+00:00
[2026-02-07T07:52:21.821+0700] {processor.py:208} INFO - Processing /opt/airflow/dags/dag_scraping_twitter.py took 0.111 seconds
[2026-02-07T07:52:51.952+0700] {processor.py:186} INFO - Started process (PID=10890) to work on /opt/airflow/dags/dag_scraping_twitter.py
[2026-02-07T07:52:51.953+0700] {processor.py:914} INFO - Processing file /opt/airflow/dags/dag_scraping_twitter.py for tasks to queue
[2026-02-07T07:52:51.955+0700] {logging_mixin.py:190} INFO - [2026-02-07T07:52:51.955+0700] {dagbag.py:587} INFO - Filling up the DagBag from /opt/airflow/dags/dag_scraping_twitter.py
[2026-02-07T07:52:51.973+0700] {processor.py:925} INFO - DAG(s) 'dag_scraping_twitter' retrieved from /opt/airflow/dags/dag_scraping_twitter.py
[2026-02-07T07:52:51.999+0700] {logging_mixin.py:190} INFO - [2026-02-07T07:52:51.999+0700] {dag.py:3211} INFO - Sync 1 DAGs
[2026-02-07T07:52:52.023+0700] {logging_mixin.py:190} INFO - [2026-02-07T07:52:52.023+0700] {dag.py:4138} INFO - Setting next_dagrun for dag_scraping_twitter to 2026-02-06 23:00:00+00:00, run_after=2026-02-07 11:00:00+00:00
[2026-02-07T07:52:52.048+0700] {processor.py:208} INFO - Processing /opt/airflow/dags/dag_scraping_twitter.py took 0.102 seconds
[2026-02-07T07:53:22.238+0700] {processor.py:186} INFO - Started process (PID=10900) to work on /opt/airflow/dags/dag_scraping_twitter.py
[2026-02-07T07:53:22.239+0700] {processor.py:914} INFO - Processing file /opt/airflow/dags/dag_scraping_twitter.py for tasks to queue
[2026-02-07T07:53:22.241+0700] {logging_mixin.py:190} INFO - [2026-02-07T07:53:22.241+0700] {dagbag.py:587} INFO - Filling up the DagBag from /opt/airflow/dags/dag_scraping_twitter.py
[2026-02-07T07:53:22.262+0700] {processor.py:925} INFO - DAG(s) 'dag_scraping_twitter' retrieved from /opt/airflow/dags/dag_scraping_twitter.py
[2026-02-07T07:53:22.290+0700] {logging_mixin.py:190} INFO - [2026-02-07T07:53:22.290+0700] {dag.py:3211} INFO - Sync 1 DAGs
[2026-02-07T07:53:22.315+0700] {logging_mixin.py:190} INFO - [2026-02-07T07:53:22.315+0700] {dag.py:4138} INFO - Setting next_dagrun for dag_scraping_twitter to 2026-02-06 23:00:00+00:00, run_after=2026-02-07 11:00:00+00:00
[2026-02-07T07:53:22.339+0700] {processor.py:208} INFO - Processing /opt/airflow/dags/dag_scraping_twitter.py took 0.108 seconds
[2026-02-07T07:53:52.533+0700] {processor.py:186} INFO - Started process (PID=10910) to work on /opt/airflow/dags/dag_scraping_twitter.py
[2026-02-07T07:53:52.534+0700] {processor.py:914} INFO - Processing file /opt/airflow/dags/dag_scraping_twitter.py for tasks to queue
[2026-02-07T07:53:52.537+0700] {logging_mixin.py:190} INFO - [2026-02-07T07:53:52.536+0700] {dagbag.py:587} INFO - Filling up the DagBag from /opt/airflow/dags/dag_scraping_twitter.py
[2026-02-07T07:53:52.558+0700] {processor.py:925} INFO - DAG(s) 'dag_scraping_twitter' retrieved from /opt/airflow/dags/dag_scraping_twitter.py
[2026-02-07T07:53:52.585+0700] {logging_mixin.py:190} INFO - [2026-02-07T07:53:52.585+0700] {dag.py:3211} INFO - Sync 1 DAGs
[2026-02-07T07:53:52.611+0700] {logging_mixin.py:190} INFO - [2026-02-07T07:53:52.610+0700] {dag.py:4138} INFO - Setting next_dagrun for dag_scraping_twitter to 2026-02-06 23:00:00+00:00, run_after=2026-02-07 11:00:00+00:00
[2026-02-07T07:53:52.633+0700] {processor.py:208} INFO - Processing /opt/airflow/dags/dag_scraping_twitter.py took 0.106 seconds
[2026-02-07T07:54:22.707+0700] {processor.py:186} INFO - Started process (PID=10920) to work on /opt/airflow/dags/dag_scraping_twitter.py
[2026-02-07T07:54:22.708+0700] {processor.py:914} INFO - Processing file /opt/airflow/dags/dag_scraping_twitter.py for tasks to queue
[2026-02-07T07:54:22.711+0700] {logging_mixin.py:190} INFO - [2026-02-07T07:54:22.711+0700] {dagbag.py:587} INFO - Filling up the DagBag from /opt/airflow/dags/dag_scraping_twitter.py
[2026-02-07T07:54:22.729+0700] {processor.py:925} INFO - DAG(s) 'dag_scraping_twitter' retrieved from /opt/airflow/dags/dag_scraping_twitter.py
[2026-02-07T07:54:22.758+0700] {logging_mixin.py:190} INFO - [2026-02-07T07:54:22.758+0700] {dag.py:3211} INFO - Sync 1 DAGs
[2026-02-07T07:54:22.784+0700] {logging_mixin.py:190} INFO - [2026-02-07T07:54:22.784+0700] {dag.py:4138} INFO - Setting next_dagrun for dag_scraping_twitter to 2026-02-06 23:00:00+00:00, run_after=2026-02-07 11:00:00+00:00
[2026-02-07T07:54:22.809+0700] {processor.py:208} INFO - Processing /opt/airflow/dags/dag_scraping_twitter.py took 0.108 seconds
[2026-02-07T07:54:53.098+0700] {processor.py:186} INFO - Started process (PID=10930) to work on /opt/airflow/dags/dag_scraping_twitter.py
[2026-02-07T07:54:53.101+0700] {processor.py:914} INFO - Processing file /opt/airflow/dags/dag_scraping_twitter.py for tasks to queue
[2026-02-07T07:54:53.104+0700] {logging_mixin.py:190} INFO - [2026-02-07T07:54:53.103+0700] {dagbag.py:587} INFO - Filling up the DagBag from /opt/airflow/dags/dag_scraping_twitter.py
[2026-02-07T07:54:53.123+0700] {processor.py:925} INFO - DAG(s) 'dag_scraping_twitter' retrieved from /opt/airflow/dags/dag_scraping_twitter.py
[2026-02-07T07:54:53.150+0700] {logging_mixin.py:190} INFO - [2026-02-07T07:54:53.150+0700] {dag.py:3211} INFO - Sync 1 DAGs
[2026-02-07T07:54:53.174+0700] {logging_mixin.py:190} INFO - [2026-02-07T07:54:53.174+0700] {dag.py:4138} INFO - Setting next_dagrun for dag_scraping_twitter to 2026-02-06 23:00:00+00:00, run_after=2026-02-07 11:00:00+00:00
[2026-02-07T07:54:53.200+0700] {processor.py:208} INFO - Processing /opt/airflow/dags/dag_scraping_twitter.py took 0.111 seconds
[2026-02-07T07:55:23.353+0700] {processor.py:186} INFO - Started process (PID=10940) to work on /opt/airflow/dags/dag_scraping_twitter.py
[2026-02-07T07:55:23.354+0700] {processor.py:914} INFO - Processing file /opt/airflow/dags/dag_scraping_twitter.py for tasks to queue
[2026-02-07T07:55:23.357+0700] {logging_mixin.py:190} INFO - [2026-02-07T07:55:23.356+0700] {dagbag.py:587} INFO - Filling up the DagBag from /opt/airflow/dags/dag_scraping_twitter.py
[2026-02-07T07:55:23.377+0700] {processor.py:925} INFO - DAG(s) 'dag_scraping_twitter' retrieved from /opt/airflow/dags/dag_scraping_twitter.py
[2026-02-07T07:55:23.406+0700] {logging_mixin.py:190} INFO - [2026-02-07T07:55:23.405+0700] {dag.py:3211} INFO - Sync 1 DAGs
[2026-02-07T07:55:23.430+0700] {logging_mixin.py:190} INFO - [2026-02-07T07:55:23.430+0700] {dag.py:4138} INFO - Setting next_dagrun for dag_scraping_twitter to 2026-02-06 23:00:00+00:00, run_after=2026-02-07 11:00:00+00:00
[2026-02-07T07:55:23.454+0700] {processor.py:208} INFO - Processing /opt/airflow/dags/dag_scraping_twitter.py took 0.108 seconds
[2026-02-07T07:55:53.597+0700] {processor.py:186} INFO - Started process (PID=10950) to work on /opt/airflow/dags/dag_scraping_twitter.py
[2026-02-07T07:55:53.598+0700] {processor.py:914} INFO - Processing file /opt/airflow/dags/dag_scraping_twitter.py for tasks to queue
[2026-02-07T07:55:53.601+0700] {logging_mixin.py:190} INFO - [2026-02-07T07:55:53.600+0700] {dagbag.py:587} INFO - Filling up the DagBag from /opt/airflow/dags/dag_scraping_twitter.py
[2026-02-07T07:55:53.620+0700] {processor.py:925} INFO - DAG(s) 'dag_scraping_twitter' retrieved from /opt/airflow/dags/dag_scraping_twitter.py
[2026-02-07T07:55:53.648+0700] {logging_mixin.py:190} INFO - [2026-02-07T07:55:53.648+0700] {dag.py:3211} INFO - Sync 1 DAGs
[2026-02-07T07:55:53.673+0700] {logging_mixin.py:190} INFO - [2026-02-07T07:55:53.672+0700] {dag.py:4138} INFO - Setting next_dagrun for dag_scraping_twitter to 2026-02-06 23:00:00+00:00, run_after=2026-02-07 11:00:00+00:00
[2026-02-07T07:55:53.697+0700] {processor.py:208} INFO - Processing /opt/airflow/dags/dag_scraping_twitter.py took 0.106 seconds
[2026-02-07T07:56:23.820+0700] {processor.py:186} INFO - Started process (PID=10960) to work on /opt/airflow/dags/dag_scraping_twitter.py
[2026-02-07T07:56:23.822+0700] {processor.py:914} INFO - Processing file /opt/airflow/dags/dag_scraping_twitter.py for tasks to queue
[2026-02-07T07:56:23.826+0700] {logging_mixin.py:190} INFO - [2026-02-07T07:56:23.826+0700] {dagbag.py:587} INFO - Filling up the DagBag from /opt/airflow/dags/dag_scraping_twitter.py
[2026-02-07T07:56:23.849+0700] {processor.py:925} INFO - DAG(s) 'dag_scraping_twitter' retrieved from /opt/airflow/dags/dag_scraping_twitter.py
[2026-02-07T07:56:23.881+0700] {logging_mixin.py:190} INFO - [2026-02-07T07:56:23.880+0700] {dag.py:3211} INFO - Sync 1 DAGs
[2026-02-07T07:56:23.921+0700] {logging_mixin.py:190} INFO - [2026-02-07T07:56:23.921+0700] {dag.py:4138} INFO - Setting next_dagrun for dag_scraping_twitter to 2026-02-06 23:00:00+00:00, run_after=2026-02-07 11:00:00+00:00
[2026-02-07T07:56:23.951+0700] {processor.py:208} INFO - Processing /opt/airflow/dags/dag_scraping_twitter.py took 0.137 seconds
[2026-02-07T07:56:54.167+0700] {processor.py:186} INFO - Started process (PID=10970) to work on /opt/airflow/dags/dag_scraping_twitter.py
[2026-02-07T07:56:54.168+0700] {processor.py:914} INFO - Processing file /opt/airflow/dags/dag_scraping_twitter.py for tasks to queue
[2026-02-07T07:56:54.171+0700] {logging_mixin.py:190} INFO - [2026-02-07T07:56:54.171+0700] {dagbag.py:587} INFO - Filling up the DagBag from /opt/airflow/dags/dag_scraping_twitter.py
[2026-02-07T07:56:54.189+0700] {processor.py:925} INFO - DAG(s) 'dag_scraping_twitter' retrieved from /opt/airflow/dags/dag_scraping_twitter.py
[2026-02-07T07:56:54.216+0700] {logging_mixin.py:190} INFO - [2026-02-07T07:56:54.216+0700] {dag.py:3211} INFO - Sync 1 DAGs
[2026-02-07T07:56:54.240+0700] {logging_mixin.py:190} INFO - [2026-02-07T07:56:54.240+0700] {dag.py:4138} INFO - Setting next_dagrun for dag_scraping_twitter to 2026-02-06 23:00:00+00:00, run_after=2026-02-07 11:00:00+00:00
[2026-02-07T07:56:54.264+0700] {processor.py:208} INFO - Processing /opt/airflow/dags/dag_scraping_twitter.py took 0.104 seconds
[2026-02-07T07:57:24.356+0700] {processor.py:186} INFO - Started process (PID=10980) to work on /opt/airflow/dags/dag_scraping_twitter.py
[2026-02-07T07:57:24.358+0700] {processor.py:914} INFO - Processing file /opt/airflow/dags/dag_scraping_twitter.py for tasks to queue
[2026-02-07T07:57:24.363+0700] {logging_mixin.py:190} INFO - [2026-02-07T07:57:24.363+0700] {dagbag.py:587} INFO - Filling up the DagBag from /opt/airflow/dags/dag_scraping_twitter.py
[2026-02-07T07:57:24.392+0700] {processor.py:925} INFO - DAG(s) 'dag_scraping_twitter' retrieved from /opt/airflow/dags/dag_scraping_twitter.py
[2026-02-07T07:57:24.430+0700] {logging_mixin.py:190} INFO - [2026-02-07T07:57:24.430+0700] {dag.py:3211} INFO - Sync 1 DAGs
[2026-02-07T07:57:24.458+0700] {logging_mixin.py:190} INFO - [2026-02-07T07:57:24.458+0700] {dag.py:4138} INFO - Setting next_dagrun for dag_scraping_twitter to 2026-02-06 23:00:00+00:00, run_after=2026-02-07 11:00:00+00:00
[2026-02-07T07:57:24.482+0700] {processor.py:208} INFO - Processing /opt/airflow/dags/dag_scraping_twitter.py took 0.137 seconds
[2026-02-07T07:57:54.661+0700] {processor.py:186} INFO - Started process (PID=10990) to work on /opt/airflow/dags/dag_scraping_twitter.py
[2026-02-07T07:57:54.662+0700] {processor.py:914} INFO - Processing file /opt/airflow/dags/dag_scraping_twitter.py for tasks to queue
[2026-02-07T07:57:54.665+0700] {logging_mixin.py:190} INFO - [2026-02-07T07:57:54.665+0700] {dagbag.py:587} INFO - Filling up the DagBag from /opt/airflow/dags/dag_scraping_twitter.py
[2026-02-07T07:57:54.685+0700] {processor.py:925} INFO - DAG(s) 'dag_scraping_twitter' retrieved from /opt/airflow/dags/dag_scraping_twitter.py
[2026-02-07T07:57:54.718+0700] {logging_mixin.py:190} INFO - [2026-02-07T07:57:54.717+0700] {dag.py:3211} INFO - Sync 1 DAGs
[2026-02-07T07:57:54.744+0700] {logging_mixin.py:190} INFO - [2026-02-07T07:57:54.744+0700] {dag.py:4138} INFO - Setting next_dagrun for dag_scraping_twitter to 2026-02-06 23:00:00+00:00, run_after=2026-02-07 11:00:00+00:00
[2026-02-07T07:57:54.768+0700] {processor.py:208} INFO - Processing /opt/airflow/dags/dag_scraping_twitter.py took 0.114 seconds
[2026-02-07T07:58:24.878+0700] {processor.py:186} INFO - Started process (PID=11000) to work on /opt/airflow/dags/dag_scraping_twitter.py
[2026-02-07T07:58:24.879+0700] {processor.py:914} INFO - Processing file /opt/airflow/dags/dag_scraping_twitter.py for tasks to queue
[2026-02-07T07:58:24.882+0700] {logging_mixin.py:190} INFO - [2026-02-07T07:58:24.881+0700] {dagbag.py:587} INFO - Filling up the DagBag from /opt/airflow/dags/dag_scraping_twitter.py
[2026-02-07T07:58:24.903+0700] {processor.py:925} INFO - DAG(s) 'dag_scraping_twitter' retrieved from /opt/airflow/dags/dag_scraping_twitter.py
[2026-02-07T07:58:24.931+0700] {logging_mixin.py:190} INFO - [2026-02-07T07:58:24.931+0700] {dag.py:3211} INFO - Sync 1 DAGs
[2026-02-07T07:58:24.955+0700] {logging_mixin.py:190} INFO - [2026-02-07T07:58:24.955+0700] {dag.py:4138} INFO - Setting next_dagrun for dag_scraping_twitter to 2026-02-06 23:00:00+00:00, run_after=2026-02-07 11:00:00+00:00
[2026-02-07T07:58:24.980+0700] {processor.py:208} INFO - Processing /opt/airflow/dags/dag_scraping_twitter.py took 0.110 seconds
[2026-02-07T07:58:55.978+0700] {processor.py:186} INFO - Started process (PID=11010) to work on /opt/airflow/dags/dag_scraping_twitter.py
[2026-02-07T07:58:55.979+0700] {processor.py:914} INFO - Processing file /opt/airflow/dags/dag_scraping_twitter.py for tasks to queue
[2026-02-07T07:58:55.983+0700] {logging_mixin.py:190} INFO - [2026-02-07T07:58:55.983+0700] {dagbag.py:587} INFO - Filling up the DagBag from /opt/airflow/dags/dag_scraping_twitter.py
[2026-02-07T07:58:56.006+0700] {processor.py:925} INFO - DAG(s) 'dag_scraping_twitter' retrieved from /opt/airflow/dags/dag_scraping_twitter.py
[2026-02-07T07:58:56.034+0700] {logging_mixin.py:190} INFO - [2026-02-07T07:58:56.034+0700] {dag.py:3211} INFO - Sync 1 DAGs
[2026-02-07T07:58:56.059+0700] {logging_mixin.py:190} INFO - [2026-02-07T07:58:56.059+0700] {dag.py:4138} INFO - Setting next_dagrun for dag_scraping_twitter to 2026-02-06 23:00:00+00:00, run_after=2026-02-07 11:00:00+00:00
[2026-02-07T07:58:56.083+0700] {processor.py:208} INFO - Processing /opt/airflow/dags/dag_scraping_twitter.py took 0.112 seconds
[2026-02-07T07:59:26.395+0700] {processor.py:186} INFO - Started process (PID=11020) to work on /opt/airflow/dags/dag_scraping_twitter.py
[2026-02-07T07:59:26.396+0700] {processor.py:914} INFO - Processing file /opt/airflow/dags/dag_scraping_twitter.py for tasks to queue
[2026-02-07T07:59:26.400+0700] {logging_mixin.py:190} INFO - [2026-02-07T07:59:26.399+0700] {dagbag.py:587} INFO - Filling up the DagBag from /opt/airflow/dags/dag_scraping_twitter.py
[2026-02-07T07:59:26.422+0700] {processor.py:925} INFO - DAG(s) 'dag_scraping_twitter' retrieved from /opt/airflow/dags/dag_scraping_twitter.py
[2026-02-07T07:59:26.451+0700] {logging_mixin.py:190} INFO - [2026-02-07T07:59:26.451+0700] {dag.py:3211} INFO - Sync 1 DAGs
[2026-02-07T07:59:26.475+0700] {logging_mixin.py:190} INFO - [2026-02-07T07:59:26.475+0700] {dag.py:4138} INFO - Setting next_dagrun for dag_scraping_twitter to 2026-02-06 23:00:00+00:00, run_after=2026-02-07 11:00:00+00:00
[2026-02-07T07:59:26.500+0700] {processor.py:208} INFO - Processing /opt/airflow/dags/dag_scraping_twitter.py took 0.114 seconds
[2026-02-07T07:59:56.691+0700] {processor.py:186} INFO - Started process (PID=11030) to work on /opt/airflow/dags/dag_scraping_twitter.py
[2026-02-07T07:59:56.692+0700] {processor.py:914} INFO - Processing file /opt/airflow/dags/dag_scraping_twitter.py for tasks to queue
[2026-02-07T07:59:56.695+0700] {logging_mixin.py:190} INFO - [2026-02-07T07:59:56.694+0700] {dagbag.py:587} INFO - Filling up the DagBag from /opt/airflow/dags/dag_scraping_twitter.py
[2026-02-07T07:59:56.714+0700] {processor.py:925} INFO - DAG(s) 'dag_scraping_twitter' retrieved from /opt/airflow/dags/dag_scraping_twitter.py
[2026-02-07T07:59:56.743+0700] {logging_mixin.py:190} INFO - [2026-02-07T07:59:56.742+0700] {dag.py:3211} INFO - Sync 1 DAGs
[2026-02-07T07:59:56.766+0700] {logging_mixin.py:190} INFO - [2026-02-07T07:59:56.766+0700] {dag.py:4138} INFO - Setting next_dagrun for dag_scraping_twitter to 2026-02-06 23:00:00+00:00, run_after=2026-02-07 11:00:00+00:00
[2026-02-07T07:59:56.789+0700] {processor.py:208} INFO - Processing /opt/airflow/dags/dag_scraping_twitter.py took 0.105 seconds
[2026-02-07T08:00:27.100+0700] {processor.py:186} INFO - Started process (PID=11040) to work on /opt/airflow/dags/dag_scraping_twitter.py
[2026-02-07T08:00:27.101+0700] {processor.py:914} INFO - Processing file /opt/airflow/dags/dag_scraping_twitter.py for tasks to queue
[2026-02-07T08:00:27.103+0700] {logging_mixin.py:190} INFO - [2026-02-07T08:00:27.103+0700] {dagbag.py:587} INFO - Filling up the DagBag from /opt/airflow/dags/dag_scraping_twitter.py
[2026-02-07T08:00:27.123+0700] {processor.py:925} INFO - DAG(s) 'dag_scraping_twitter' retrieved from /opt/airflow/dags/dag_scraping_twitter.py
[2026-02-07T08:00:27.152+0700] {logging_mixin.py:190} INFO - [2026-02-07T08:00:27.152+0700] {dag.py:3211} INFO - Sync 1 DAGs
[2026-02-07T08:00:27.181+0700] {logging_mixin.py:190} INFO - [2026-02-07T08:00:27.181+0700] {dag.py:4138} INFO - Setting next_dagrun for dag_scraping_twitter to 2026-02-06 23:00:00+00:00, run_after=2026-02-07 11:00:00+00:00
[2026-02-07T08:00:27.207+0700] {processor.py:208} INFO - Processing /opt/airflow/dags/dag_scraping_twitter.py took 0.114 seconds
[2026-02-07T08:00:57.402+0700] {processor.py:186} INFO - Started process (PID=11050) to work on /opt/airflow/dags/dag_scraping_twitter.py
[2026-02-07T08:00:57.403+0700] {processor.py:914} INFO - Processing file /opt/airflow/dags/dag_scraping_twitter.py for tasks to queue
[2026-02-07T08:00:57.406+0700] {logging_mixin.py:190} INFO - [2026-02-07T08:00:57.406+0700] {dagbag.py:587} INFO - Filling up the DagBag from /opt/airflow/dags/dag_scraping_twitter.py
[2026-02-07T08:00:57.425+0700] {processor.py:925} INFO - DAG(s) 'dag_scraping_twitter' retrieved from /opt/airflow/dags/dag_scraping_twitter.py
[2026-02-07T08:00:57.454+0700] {logging_mixin.py:190} INFO - [2026-02-07T08:00:57.453+0700] {dag.py:3211} INFO - Sync 1 DAGs
[2026-02-07T08:00:57.479+0700] {logging_mixin.py:190} INFO - [2026-02-07T08:00:57.479+0700] {dag.py:4138} INFO - Setting next_dagrun for dag_scraping_twitter to 2026-02-06 23:00:00+00:00, run_after=2026-02-07 11:00:00+00:00
[2026-02-07T08:00:57.502+0700] {processor.py:208} INFO - Processing /opt/airflow/dags/dag_scraping_twitter.py took 0.106 seconds
[2026-02-07T08:01:27.587+0700] {processor.py:186} INFO - Started process (PID=11060) to work on /opt/airflow/dags/dag_scraping_twitter.py
[2026-02-07T08:01:27.589+0700] {processor.py:914} INFO - Processing file /opt/airflow/dags/dag_scraping_twitter.py for tasks to queue
[2026-02-07T08:01:27.592+0700] {logging_mixin.py:190} INFO - [2026-02-07T08:01:27.591+0700] {dagbag.py:587} INFO - Filling up the DagBag from /opt/airflow/dags/dag_scraping_twitter.py
[2026-02-07T08:01:27.611+0700] {processor.py:925} INFO - DAG(s) 'dag_scraping_twitter' retrieved from /opt/airflow/dags/dag_scraping_twitter.py
[2026-02-07T08:01:27.640+0700] {logging_mixin.py:190} INFO - [2026-02-07T08:01:27.640+0700] {dag.py:3211} INFO - Sync 1 DAGs
[2026-02-07T08:01:27.664+0700] {logging_mixin.py:190} INFO - [2026-02-07T08:01:27.664+0700] {dag.py:4138} INFO - Setting next_dagrun for dag_scraping_twitter to 2026-02-06 23:00:00+00:00, run_after=2026-02-07 11:00:00+00:00
[2026-02-07T08:01:27.687+0700] {processor.py:208} INFO - Processing /opt/airflow/dags/dag_scraping_twitter.py took 0.106 seconds
[2026-02-07T08:01:57.914+0700] {processor.py:186} INFO - Started process (PID=11070) to work on /opt/airflow/dags/dag_scraping_twitter.py
[2026-02-07T08:01:57.915+0700] {processor.py:914} INFO - Processing file /opt/airflow/dags/dag_scraping_twitter.py for tasks to queue
[2026-02-07T08:01:57.918+0700] {logging_mixin.py:190} INFO - [2026-02-07T08:01:57.918+0700] {dagbag.py:587} INFO - Filling up the DagBag from /opt/airflow/dags/dag_scraping_twitter.py
[2026-02-07T08:01:57.936+0700] {processor.py:925} INFO - DAG(s) 'dag_scraping_twitter' retrieved from /opt/airflow/dags/dag_scraping_twitter.py
[2026-02-07T08:01:57.964+0700] {logging_mixin.py:190} INFO - [2026-02-07T08:01:57.964+0700] {dag.py:3211} INFO - Sync 1 DAGs
[2026-02-07T08:01:57.988+0700] {logging_mixin.py:190} INFO - [2026-02-07T08:01:57.988+0700] {dag.py:4138} INFO - Setting next_dagrun for dag_scraping_twitter to 2026-02-06 23:00:00+00:00, run_after=2026-02-07 11:00:00+00:00
[2026-02-07T08:01:58.013+0700] {processor.py:208} INFO - Processing /opt/airflow/dags/dag_scraping_twitter.py took 0.108 seconds
[2026-02-07T08:02:28.335+0700] {processor.py:186} INFO - Started process (PID=11080) to work on /opt/airflow/dags/dag_scraping_twitter.py
[2026-02-07T08:02:28.336+0700] {processor.py:914} INFO - Processing file /opt/airflow/dags/dag_scraping_twitter.py for tasks to queue
[2026-02-07T08:02:28.338+0700] {logging_mixin.py:190} INFO - [2026-02-07T08:02:28.338+0700] {dagbag.py:587} INFO - Filling up the DagBag from /opt/airflow/dags/dag_scraping_twitter.py
[2026-02-07T08:02:28.357+0700] {processor.py:925} INFO - DAG(s) 'dag_scraping_twitter' retrieved from /opt/airflow/dags/dag_scraping_twitter.py
[2026-02-07T08:02:28.384+0700] {logging_mixin.py:190} INFO - [2026-02-07T08:02:28.383+0700] {dag.py:3211} INFO - Sync 1 DAGs
[2026-02-07T08:02:28.408+0700] {logging_mixin.py:190} INFO - [2026-02-07T08:02:28.408+0700] {dag.py:4138} INFO - Setting next_dagrun for dag_scraping_twitter to 2026-02-06 23:00:00+00:00, run_after=2026-02-07 11:00:00+00:00
[2026-02-07T08:02:28.433+0700] {processor.py:208} INFO - Processing /opt/airflow/dags/dag_scraping_twitter.py took 0.104 seconds
[2026-02-07T08:02:58.601+0700] {processor.py:186} INFO - Started process (PID=11090) to work on /opt/airflow/dags/dag_scraping_twitter.py
[2026-02-07T08:02:58.602+0700] {processor.py:914} INFO - Processing file /opt/airflow/dags/dag_scraping_twitter.py for tasks to queue
[2026-02-07T08:02:58.605+0700] {logging_mixin.py:190} INFO - [2026-02-07T08:02:58.604+0700] {dagbag.py:587} INFO - Filling up the DagBag from /opt/airflow/dags/dag_scraping_twitter.py
[2026-02-07T08:02:58.624+0700] {processor.py:925} INFO - DAG(s) 'dag_scraping_twitter' retrieved from /opt/airflow/dags/dag_scraping_twitter.py
[2026-02-07T08:02:58.652+0700] {logging_mixin.py:190} INFO - [2026-02-07T08:02:58.651+0700] {dag.py:3211} INFO - Sync 1 DAGs
[2026-02-07T08:02:58.677+0700] {logging_mixin.py:190} INFO - [2026-02-07T08:02:58.677+0700] {dag.py:4138} INFO - Setting next_dagrun for dag_scraping_twitter to 2026-02-06 23:00:00+00:00, run_after=2026-02-07 11:00:00+00:00
[2026-02-07T08:02:58.702+0700] {processor.py:208} INFO - Processing /opt/airflow/dags/dag_scraping_twitter.py took 0.108 seconds
[2026-02-07T08:03:28.911+0700] {processor.py:186} INFO - Started process (PID=11100) to work on /opt/airflow/dags/dag_scraping_twitter.py
[2026-02-07T08:03:28.913+0700] {processor.py:914} INFO - Processing file /opt/airflow/dags/dag_scraping_twitter.py for tasks to queue
[2026-02-07T08:03:28.916+0700] {logging_mixin.py:190} INFO - [2026-02-07T08:03:28.916+0700] {dagbag.py:587} INFO - Filling up the DagBag from /opt/airflow/dags/dag_scraping_twitter.py
[2026-02-07T08:03:28.938+0700] {processor.py:925} INFO - DAG(s) 'dag_scraping_twitter' retrieved from /opt/airflow/dags/dag_scraping_twitter.py
[2026-02-07T08:03:28.973+0700] {logging_mixin.py:190} INFO - [2026-02-07T08:03:28.973+0700] {dag.py:3211} INFO - Sync 1 DAGs
[2026-02-07T08:03:29.005+0700] {logging_mixin.py:190} INFO - [2026-02-07T08:03:29.004+0700] {dag.py:4138} INFO - Setting next_dagrun for dag_scraping_twitter to 2026-02-06 23:00:00+00:00, run_after=2026-02-07 11:00:00+00:00
[2026-02-07T08:03:29.031+0700] {processor.py:208} INFO - Processing /opt/airflow/dags/dag_scraping_twitter.py took 0.128 seconds
[2026-02-07T08:03:59.289+0700] {processor.py:186} INFO - Started process (PID=11110) to work on /opt/airflow/dags/dag_scraping_twitter.py
[2026-02-07T08:03:59.290+0700] {processor.py:914} INFO - Processing file /opt/airflow/dags/dag_scraping_twitter.py for tasks to queue
[2026-02-07T08:03:59.293+0700] {logging_mixin.py:190} INFO - [2026-02-07T08:03:59.293+0700] {dagbag.py:587} INFO - Filling up the DagBag from /opt/airflow/dags/dag_scraping_twitter.py
[2026-02-07T08:03:59.313+0700] {processor.py:925} INFO - DAG(s) 'dag_scraping_twitter' retrieved from /opt/airflow/dags/dag_scraping_twitter.py
[2026-02-07T08:03:59.346+0700] {logging_mixin.py:190} INFO - [2026-02-07T08:03:59.346+0700] {dag.py:3211} INFO - Sync 1 DAGs
[2026-02-07T08:03:59.370+0700] {logging_mixin.py:190} INFO - [2026-02-07T08:03:59.370+0700] {dag.py:4138} INFO - Setting next_dagrun for dag_scraping_twitter to 2026-02-06 23:00:00+00:00, run_after=2026-02-07 11:00:00+00:00
[2026-02-07T08:03:59.394+0700] {processor.py:208} INFO - Processing /opt/airflow/dags/dag_scraping_twitter.py took 0.114 seconds
[2026-02-07T08:04:29.521+0700] {processor.py:186} INFO - Started process (PID=11120) to work on /opt/airflow/dags/dag_scraping_twitter.py
[2026-02-07T08:04:29.522+0700] {processor.py:914} INFO - Processing file /opt/airflow/dags/dag_scraping_twitter.py for tasks to queue
[2026-02-07T08:04:29.524+0700] {logging_mixin.py:190} INFO - [2026-02-07T08:04:29.524+0700] {dagbag.py:587} INFO - Filling up the DagBag from /opt/airflow/dags/dag_scraping_twitter.py
[2026-02-07T08:04:29.545+0700] {processor.py:925} INFO - DAG(s) 'dag_scraping_twitter' retrieved from /opt/airflow/dags/dag_scraping_twitter.py
[2026-02-07T08:04:29.574+0700] {logging_mixin.py:190} INFO - [2026-02-07T08:04:29.574+0700] {dag.py:3211} INFO - Sync 1 DAGs
[2026-02-07T08:04:29.603+0700] {logging_mixin.py:190} INFO - [2026-02-07T08:04:29.603+0700] {dag.py:4138} INFO - Setting next_dagrun for dag_scraping_twitter to 2026-02-06 23:00:00+00:00, run_after=2026-02-07 11:00:00+00:00
[2026-02-07T08:04:29.627+0700] {processor.py:208} INFO - Processing /opt/airflow/dags/dag_scraping_twitter.py took 0.112 seconds
[2026-02-07T08:04:59.758+0700] {processor.py:186} INFO - Started process (PID=11130) to work on /opt/airflow/dags/dag_scraping_twitter.py
[2026-02-07T08:04:59.759+0700] {processor.py:914} INFO - Processing file /opt/airflow/dags/dag_scraping_twitter.py for tasks to queue
[2026-02-07T08:04:59.762+0700] {logging_mixin.py:190} INFO - [2026-02-07T08:04:59.762+0700] {dagbag.py:587} INFO - Filling up the DagBag from /opt/airflow/dags/dag_scraping_twitter.py
[2026-02-07T08:04:59.780+0700] {processor.py:925} INFO - DAG(s) 'dag_scraping_twitter' retrieved from /opt/airflow/dags/dag_scraping_twitter.py
[2026-02-07T08:04:59.806+0700] {logging_mixin.py:190} INFO - [2026-02-07T08:04:59.805+0700] {dag.py:3211} INFO - Sync 1 DAGs
[2026-02-07T08:04:59.832+0700] {logging_mixin.py:190} INFO - [2026-02-07T08:04:59.832+0700] {dag.py:4138} INFO - Setting next_dagrun for dag_scraping_twitter to 2026-02-06 23:00:00+00:00, run_after=2026-02-07 11:00:00+00:00
[2026-02-07T08:04:59.856+0700] {processor.py:208} INFO - Processing /opt/airflow/dags/dag_scraping_twitter.py took 0.104 seconds
[2026-02-07T08:05:29.990+0700] {processor.py:186} INFO - Started process (PID=11140) to work on /opt/airflow/dags/dag_scraping_twitter.py
[2026-02-07T08:05:29.991+0700] {processor.py:914} INFO - Processing file /opt/airflow/dags/dag_scraping_twitter.py for tasks to queue
[2026-02-07T08:05:29.993+0700] {logging_mixin.py:190} INFO - [2026-02-07T08:05:29.993+0700] {dagbag.py:587} INFO - Filling up the DagBag from /opt/airflow/dags/dag_scraping_twitter.py
[2026-02-07T08:05:30.011+0700] {processor.py:925} INFO - DAG(s) 'dag_scraping_twitter' retrieved from /opt/airflow/dags/dag_scraping_twitter.py
[2026-02-07T08:05:30.038+0700] {logging_mixin.py:190} INFO - [2026-02-07T08:05:30.038+0700] {dag.py:3211} INFO - Sync 1 DAGs
[2026-02-07T08:05:30.063+0700] {logging_mixin.py:190} INFO - [2026-02-07T08:05:30.062+0700] {dag.py:4138} INFO - Setting next_dagrun for dag_scraping_twitter to 2026-02-06 23:00:00+00:00, run_after=2026-02-07 11:00:00+00:00
[2026-02-07T08:05:30.085+0700] {processor.py:208} INFO - Processing /opt/airflow/dags/dag_scraping_twitter.py took 0.102 seconds
[2026-02-07T08:06:00.269+0700] {processor.py:186} INFO - Started process (PID=11150) to work on /opt/airflow/dags/dag_scraping_twitter.py
[2026-02-07T08:06:00.270+0700] {processor.py:914} INFO - Processing file /opt/airflow/dags/dag_scraping_twitter.py for tasks to queue
[2026-02-07T08:06:00.274+0700] {logging_mixin.py:190} INFO - [2026-02-07T08:06:00.273+0700] {dagbag.py:587} INFO - Filling up the DagBag from /opt/airflow/dags/dag_scraping_twitter.py
[2026-02-07T08:06:00.295+0700] {processor.py:925} INFO - DAG(s) 'dag_scraping_twitter' retrieved from /opt/airflow/dags/dag_scraping_twitter.py
[2026-02-07T08:06:00.325+0700] {logging_mixin.py:190} INFO - [2026-02-07T08:06:00.325+0700] {dag.py:3211} INFO - Sync 1 DAGs
[2026-02-07T08:06:00.352+0700] {logging_mixin.py:190} INFO - [2026-02-07T08:06:00.352+0700] {dag.py:4138} INFO - Setting next_dagrun for dag_scraping_twitter to 2026-02-06 23:00:00+00:00, run_after=2026-02-07 11:00:00+00:00
[2026-02-07T08:06:00.376+0700] {processor.py:208} INFO - Processing /opt/airflow/dags/dag_scraping_twitter.py took 0.114 seconds
[2026-02-07T08:06:30.609+0700] {processor.py:186} INFO - Started process (PID=11160) to work on /opt/airflow/dags/dag_scraping_twitter.py
[2026-02-07T08:06:30.610+0700] {processor.py:914} INFO - Processing file /opt/airflow/dags/dag_scraping_twitter.py for tasks to queue
[2026-02-07T08:06:30.612+0700] {logging_mixin.py:190} INFO - [2026-02-07T08:06:30.612+0700] {dagbag.py:587} INFO - Filling up the DagBag from /opt/airflow/dags/dag_scraping_twitter.py
[2026-02-07T08:06:30.632+0700] {processor.py:925} INFO - DAG(s) 'dag_scraping_twitter' retrieved from /opt/airflow/dags/dag_scraping_twitter.py
[2026-02-07T08:06:30.661+0700] {logging_mixin.py:190} INFO - [2026-02-07T08:06:30.660+0700] {dag.py:3211} INFO - Sync 1 DAGs
[2026-02-07T08:06:30.685+0700] {logging_mixin.py:190} INFO - [2026-02-07T08:06:30.685+0700] {dag.py:4138} INFO - Setting next_dagrun for dag_scraping_twitter to 2026-02-06 23:00:00+00:00, run_after=2026-02-07 11:00:00+00:00
[2026-02-07T08:06:30.710+0700] {processor.py:208} INFO - Processing /opt/airflow/dags/dag_scraping_twitter.py took 0.108 seconds
[2026-02-07T08:07:00.816+0700] {processor.py:186} INFO - Started process (PID=11170) to work on /opt/airflow/dags/dag_scraping_twitter.py
[2026-02-07T08:07:00.817+0700] {processor.py:914} INFO - Processing file /opt/airflow/dags/dag_scraping_twitter.py for tasks to queue
[2026-02-07T08:07:00.819+0700] {logging_mixin.py:190} INFO - [2026-02-07T08:07:00.819+0700] {dagbag.py:587} INFO - Filling up the DagBag from /opt/airflow/dags/dag_scraping_twitter.py
[2026-02-07T08:07:00.840+0700] {processor.py:925} INFO - DAG(s) 'dag_scraping_twitter' retrieved from /opt/airflow/dags/dag_scraping_twitter.py
[2026-02-07T08:07:00.867+0700] {logging_mixin.py:190} INFO - [2026-02-07T08:07:00.867+0700] {dag.py:3211} INFO - Sync 1 DAGs
[2026-02-07T08:07:00.891+0700] {logging_mixin.py:190} INFO - [2026-02-07T08:07:00.891+0700] {dag.py:4138} INFO - Setting next_dagrun for dag_scraping_twitter to 2026-02-06 23:00:00+00:00, run_after=2026-02-07 11:00:00+00:00
[2026-02-07T08:07:00.918+0700] {processor.py:208} INFO - Processing /opt/airflow/dags/dag_scraping_twitter.py took 0.108 seconds
[2026-02-07T08:07:31.176+0700] {processor.py:186} INFO - Started process (PID=11180) to work on /opt/airflow/dags/dag_scraping_twitter.py
[2026-02-07T08:07:31.178+0700] {processor.py:914} INFO - Processing file /opt/airflow/dags/dag_scraping_twitter.py for tasks to queue
[2026-02-07T08:07:31.180+0700] {logging_mixin.py:190} INFO - [2026-02-07T08:07:31.180+0700] {dagbag.py:587} INFO - Filling up the DagBag from /opt/airflow/dags/dag_scraping_twitter.py
[2026-02-07T08:07:31.198+0700] {processor.py:925} INFO - DAG(s) 'dag_scraping_twitter' retrieved from /opt/airflow/dags/dag_scraping_twitter.py
[2026-02-07T08:07:31.227+0700] {logging_mixin.py:190} INFO - [2026-02-07T08:07:31.227+0700] {dag.py:3211} INFO - Sync 1 DAGs
[2026-02-07T08:07:31.252+0700] {logging_mixin.py:190} INFO - [2026-02-07T08:07:31.252+0700] {dag.py:4138} INFO - Setting next_dagrun for dag_scraping_twitter to 2026-02-06 23:00:00+00:00, run_after=2026-02-07 11:00:00+00:00
[2026-02-07T08:07:31.277+0700] {processor.py:208} INFO - Processing /opt/airflow/dags/dag_scraping_twitter.py took 0.106 seconds
[2026-02-07T08:08:01.461+0700] {processor.py:186} INFO - Started process (PID=11190) to work on /opt/airflow/dags/dag_scraping_twitter.py
[2026-02-07T08:08:01.463+0700] {processor.py:914} INFO - Processing file /opt/airflow/dags/dag_scraping_twitter.py for tasks to queue
[2026-02-07T08:08:01.467+0700] {logging_mixin.py:190} INFO - [2026-02-07T08:08:01.467+0700] {dagbag.py:587} INFO - Filling up the DagBag from /opt/airflow/dags/dag_scraping_twitter.py
[2026-02-07T08:08:01.498+0700] {processor.py:925} INFO - DAG(s) 'dag_scraping_twitter' retrieved from /opt/airflow/dags/dag_scraping_twitter.py
[2026-02-07T08:08:01.531+0700] {logging_mixin.py:190} INFO - [2026-02-07T08:08:01.531+0700] {dag.py:3211} INFO - Sync 1 DAGs
[2026-02-07T08:08:01.564+0700] {logging_mixin.py:190} INFO - [2026-02-07T08:08:01.564+0700] {dag.py:4138} INFO - Setting next_dagrun for dag_scraping_twitter to 2026-02-06 23:00:00+00:00, run_after=2026-02-07 11:00:00+00:00
[2026-02-07T08:08:01.589+0700] {processor.py:208} INFO - Processing /opt/airflow/dags/dag_scraping_twitter.py took 0.138 seconds
[2026-02-07T08:08:31.676+0700] {processor.py:186} INFO - Started process (PID=11200) to work on /opt/airflow/dags/dag_scraping_twitter.py
[2026-02-07T08:08:31.677+0700] {processor.py:914} INFO - Processing file /opt/airflow/dags/dag_scraping_twitter.py for tasks to queue
[2026-02-07T08:08:31.681+0700] {logging_mixin.py:190} INFO - [2026-02-07T08:08:31.680+0700] {dagbag.py:587} INFO - Filling up the DagBag from /opt/airflow/dags/dag_scraping_twitter.py
[2026-02-07T08:08:31.703+0700] {processor.py:925} INFO - DAG(s) 'dag_scraping_twitter' retrieved from /opt/airflow/dags/dag_scraping_twitter.py
[2026-02-07T08:08:31.732+0700] {logging_mixin.py:190} INFO - [2026-02-07T08:08:31.732+0700] {dag.py:3211} INFO - Sync 1 DAGs
[2026-02-07T08:08:31.759+0700] {logging_mixin.py:190} INFO - [2026-02-07T08:08:31.759+0700] {dag.py:4138} INFO - Setting next_dagrun for dag_scraping_twitter to 2026-02-06 23:00:00+00:00, run_after=2026-02-07 11:00:00+00:00
[2026-02-07T08:08:31.784+0700] {processor.py:208} INFO - Processing /opt/airflow/dags/dag_scraping_twitter.py took 0.116 seconds
[2026-02-07T08:09:01.878+0700] {processor.py:186} INFO - Started process (PID=11210) to work on /opt/airflow/dags/dag_scraping_twitter.py
[2026-02-07T08:09:01.879+0700] {processor.py:914} INFO - Processing file /opt/airflow/dags/dag_scraping_twitter.py for tasks to queue
[2026-02-07T08:09:01.883+0700] {logging_mixin.py:190} INFO - [2026-02-07T08:09:01.883+0700] {dagbag.py:587} INFO - Filling up the DagBag from /opt/airflow/dags/dag_scraping_twitter.py
[2026-02-07T08:09:01.915+0700] {processor.py:925} INFO - DAG(s) 'dag_scraping_twitter' retrieved from /opt/airflow/dags/dag_scraping_twitter.py
[2026-02-07T08:09:01.952+0700] {logging_mixin.py:190} INFO - [2026-02-07T08:09:01.952+0700] {dag.py:3211} INFO - Sync 1 DAGs
[2026-02-07T08:09:01.988+0700] {logging_mixin.py:190} INFO - [2026-02-07T08:09:01.987+0700] {dag.py:4138} INFO - Setting next_dagrun for dag_scraping_twitter to 2026-02-06 23:00:00+00:00, run_after=2026-02-07 11:00:00+00:00
[2026-02-07T08:09:02.015+0700] {processor.py:208} INFO - Processing /opt/airflow/dags/dag_scraping_twitter.py took 0.148 seconds
[2026-02-07T08:09:32.253+0700] {processor.py:186} INFO - Started process (PID=11220) to work on /opt/airflow/dags/dag_scraping_twitter.py
[2026-02-07T08:09:32.254+0700] {processor.py:914} INFO - Processing file /opt/airflow/dags/dag_scraping_twitter.py for tasks to queue
[2026-02-07T08:09:32.257+0700] {logging_mixin.py:190} INFO - [2026-02-07T08:09:32.257+0700] {dagbag.py:587} INFO - Filling up the DagBag from /opt/airflow/dags/dag_scraping_twitter.py
[2026-02-07T08:09:32.288+0700] {processor.py:925} INFO - DAG(s) 'dag_scraping_twitter' retrieved from /opt/airflow/dags/dag_scraping_twitter.py
[2026-02-07T08:09:32.329+0700] {logging_mixin.py:190} INFO - [2026-02-07T08:09:32.329+0700] {dag.py:3211} INFO - Sync 1 DAGs
[2026-02-07T08:09:32.361+0700] {logging_mixin.py:190} INFO - [2026-02-07T08:09:32.361+0700] {dag.py:4138} INFO - Setting next_dagrun for dag_scraping_twitter to 2026-02-06 23:00:00+00:00, run_after=2026-02-07 11:00:00+00:00
[2026-02-07T08:09:32.382+0700] {processor.py:208} INFO - Processing /opt/airflow/dags/dag_scraping_twitter.py took 0.137 seconds
[2026-02-07T08:10:02.562+0700] {processor.py:186} INFO - Started process (PID=11230) to work on /opt/airflow/dags/dag_scraping_twitter.py
[2026-02-07T08:10:02.563+0700] {processor.py:914} INFO - Processing file /opt/airflow/dags/dag_scraping_twitter.py for tasks to queue
[2026-02-07T08:10:02.568+0700] {logging_mixin.py:190} INFO - [2026-02-07T08:10:02.568+0700] {dagbag.py:587} INFO - Filling up the DagBag from /opt/airflow/dags/dag_scraping_twitter.py
[2026-02-07T08:10:02.587+0700] {processor.py:925} INFO - DAG(s) 'dag_scraping_twitter' retrieved from /opt/airflow/dags/dag_scraping_twitter.py
[2026-02-07T08:10:02.621+0700] {logging_mixin.py:190} INFO - [2026-02-07T08:10:02.621+0700] {dag.py:3211} INFO - Sync 1 DAGs
[2026-02-07T08:10:02.650+0700] {logging_mixin.py:190} INFO - [2026-02-07T08:10:02.650+0700] {dag.py:4138} INFO - Setting next_dagrun for dag_scraping_twitter to 2026-02-06 23:00:00+00:00, run_after=2026-02-07 11:00:00+00:00
[2026-02-07T08:10:02.674+0700] {processor.py:208} INFO - Processing /opt/airflow/dags/dag_scraping_twitter.py took 0.121 seconds
[2026-02-07T08:10:32.786+0700] {processor.py:186} INFO - Started process (PID=11240) to work on /opt/airflow/dags/dag_scraping_twitter.py
[2026-02-07T08:10:32.788+0700] {processor.py:914} INFO - Processing file /opt/airflow/dags/dag_scraping_twitter.py for tasks to queue
[2026-02-07T08:10:32.791+0700] {logging_mixin.py:190} INFO - [2026-02-07T08:10:32.791+0700] {dagbag.py:587} INFO - Filling up the DagBag from /opt/airflow/dags/dag_scraping_twitter.py
[2026-02-07T08:10:32.813+0700] {processor.py:925} INFO - DAG(s) 'dag_scraping_twitter' retrieved from /opt/airflow/dags/dag_scraping_twitter.py
[2026-02-07T08:10:32.844+0700] {logging_mixin.py:190} INFO - [2026-02-07T08:10:32.844+0700] {dag.py:3211} INFO - Sync 1 DAGs
[2026-02-07T08:10:32.872+0700] {logging_mixin.py:190} INFO - [2026-02-07T08:10:32.872+0700] {dag.py:4138} INFO - Setting next_dagrun for dag_scraping_twitter to 2026-02-06 23:00:00+00:00, run_after=2026-02-07 11:00:00+00:00
[2026-02-07T08:10:32.910+0700] {processor.py:208} INFO - Processing /opt/airflow/dags/dag_scraping_twitter.py took 0.130 seconds
[2026-02-07T08:11:03.064+0700] {processor.py:186} INFO - Started process (PID=11250) to work on /opt/airflow/dags/dag_scraping_twitter.py
[2026-02-07T08:11:03.065+0700] {processor.py:914} INFO - Processing file /opt/airflow/dags/dag_scraping_twitter.py for tasks to queue
[2026-02-07T08:11:03.070+0700] {logging_mixin.py:190} INFO - [2026-02-07T08:11:03.069+0700] {dagbag.py:587} INFO - Filling up the DagBag from /opt/airflow/dags/dag_scraping_twitter.py
[2026-02-07T08:11:03.094+0700] {processor.py:925} INFO - DAG(s) 'dag_scraping_twitter' retrieved from /opt/airflow/dags/dag_scraping_twitter.py
[2026-02-07T08:11:03.124+0700] {logging_mixin.py:190} INFO - [2026-02-07T08:11:03.124+0700] {dag.py:3211} INFO - Sync 1 DAGs
[2026-02-07T08:11:03.155+0700] {logging_mixin.py:190} INFO - [2026-02-07T08:11:03.155+0700] {dag.py:4138} INFO - Setting next_dagrun for dag_scraping_twitter to 2026-02-06 23:00:00+00:00, run_after=2026-02-07 11:00:00+00:00
[2026-02-07T08:11:03.180+0700] {processor.py:208} INFO - Processing /opt/airflow/dags/dag_scraping_twitter.py took 0.125 seconds
[2026-02-07T08:11:33.284+0700] {processor.py:186} INFO - Started process (PID=11260) to work on /opt/airflow/dags/dag_scraping_twitter.py
[2026-02-07T08:11:33.285+0700] {processor.py:914} INFO - Processing file /opt/airflow/dags/dag_scraping_twitter.py for tasks to queue
[2026-02-07T08:11:33.288+0700] {logging_mixin.py:190} INFO - [2026-02-07T08:11:33.287+0700] {dagbag.py:587} INFO - Filling up the DagBag from /opt/airflow/dags/dag_scraping_twitter.py
[2026-02-07T08:11:33.318+0700] {processor.py:925} INFO - DAG(s) 'dag_scraping_twitter' retrieved from /opt/airflow/dags/dag_scraping_twitter.py
[2026-02-07T08:11:33.352+0700] {logging_mixin.py:190} INFO - [2026-02-07T08:11:33.352+0700] {dag.py:3211} INFO - Sync 1 DAGs
[2026-02-07T08:11:33.382+0700] {logging_mixin.py:190} INFO - [2026-02-07T08:11:33.381+0700] {dag.py:4138} INFO - Setting next_dagrun for dag_scraping_twitter to 2026-02-06 23:00:00+00:00, run_after=2026-02-07 11:00:00+00:00
[2026-02-07T08:11:33.404+0700] {processor.py:208} INFO - Processing /opt/airflow/dags/dag_scraping_twitter.py took 0.130 seconds
[2026-02-07T08:12:03.689+0700] {processor.py:186} INFO - Started process (PID=11270) to work on /opt/airflow/dags/dag_scraping_twitter.py
[2026-02-07T08:12:03.691+0700] {processor.py:914} INFO - Processing file /opt/airflow/dags/dag_scraping_twitter.py for tasks to queue
[2026-02-07T08:12:03.694+0700] {logging_mixin.py:190} INFO - [2026-02-07T08:12:03.694+0700] {dagbag.py:587} INFO - Filling up the DagBag from /opt/airflow/dags/dag_scraping_twitter.py
[2026-02-07T08:12:03.723+0700] {processor.py:925} INFO - DAG(s) 'dag_scraping_twitter' retrieved from /opt/airflow/dags/dag_scraping_twitter.py
[2026-02-07T08:12:03.760+0700] {logging_mixin.py:190} INFO - [2026-02-07T08:12:03.760+0700] {dag.py:3211} INFO - Sync 1 DAGs
[2026-02-07T08:12:03.791+0700] {logging_mixin.py:190} INFO - [2026-02-07T08:12:03.791+0700] {dag.py:4138} INFO - Setting next_dagrun for dag_scraping_twitter to 2026-02-06 23:00:00+00:00, run_after=2026-02-07 11:00:00+00:00
[2026-02-07T08:12:03.819+0700] {processor.py:208} INFO - Processing /opt/airflow/dags/dag_scraping_twitter.py took 0.138 seconds
[2026-02-07T08:12:34.090+0700] {processor.py:186} INFO - Started process (PID=11280) to work on /opt/airflow/dags/dag_scraping_twitter.py
[2026-02-07T08:12:34.091+0700] {processor.py:914} INFO - Processing file /opt/airflow/dags/dag_scraping_twitter.py for tasks to queue
[2026-02-07T08:12:34.094+0700] {logging_mixin.py:190} INFO - [2026-02-07T08:12:34.094+0700] {dagbag.py:587} INFO - Filling up the DagBag from /opt/airflow/dags/dag_scraping_twitter.py
[2026-02-07T08:12:34.113+0700] {processor.py:925} INFO - DAG(s) 'dag_scraping_twitter' retrieved from /opt/airflow/dags/dag_scraping_twitter.py
[2026-02-07T08:12:34.144+0700] {logging_mixin.py:190} INFO - [2026-02-07T08:12:34.143+0700] {dag.py:3211} INFO - Sync 1 DAGs
[2026-02-07T08:12:34.168+0700] {logging_mixin.py:190} INFO - [2026-02-07T08:12:34.168+0700] {dag.py:4138} INFO - Setting next_dagrun for dag_scraping_twitter to 2026-02-06 23:00:00+00:00, run_after=2026-02-07 11:00:00+00:00
[2026-02-07T08:12:34.192+0700] {processor.py:208} INFO - Processing /opt/airflow/dags/dag_scraping_twitter.py took 0.109 seconds
[2026-02-07T08:13:04.419+0700] {processor.py:186} INFO - Started process (PID=11290) to work on /opt/airflow/dags/dag_scraping_twitter.py
[2026-02-07T08:13:04.420+0700] {processor.py:914} INFO - Processing file /opt/airflow/dags/dag_scraping_twitter.py for tasks to queue
[2026-02-07T08:13:04.423+0700] {logging_mixin.py:190} INFO - [2026-02-07T08:13:04.422+0700] {dagbag.py:587} INFO - Filling up the DagBag from /opt/airflow/dags/dag_scraping_twitter.py
[2026-02-07T08:13:04.441+0700] {processor.py:925} INFO - DAG(s) 'dag_scraping_twitter' retrieved from /opt/airflow/dags/dag_scraping_twitter.py
[2026-02-07T08:13:04.471+0700] {logging_mixin.py:190} INFO - [2026-02-07T08:13:04.471+0700] {dag.py:3211} INFO - Sync 1 DAGs
[2026-02-07T08:13:04.496+0700] {logging_mixin.py:190} INFO - [2026-02-07T08:13:04.496+0700] {dag.py:4138} INFO - Setting next_dagrun for dag_scraping_twitter to 2026-02-06 23:00:00+00:00, run_after=2026-02-07 11:00:00+00:00
[2026-02-07T08:13:04.520+0700] {processor.py:208} INFO - Processing /opt/airflow/dags/dag_scraping_twitter.py took 0.107 seconds
[2026-02-07T08:13:34.685+0700] {processor.py:186} INFO - Started process (PID=11300) to work on /opt/airflow/dags/dag_scraping_twitter.py
[2026-02-07T08:13:34.686+0700] {processor.py:914} INFO - Processing file /opt/airflow/dags/dag_scraping_twitter.py for tasks to queue
[2026-02-07T08:13:34.688+0700] {logging_mixin.py:190} INFO - [2026-02-07T08:13:34.688+0700] {dagbag.py:587} INFO - Filling up the DagBag from /opt/airflow/dags/dag_scraping_twitter.py
[2026-02-07T08:13:34.707+0700] {processor.py:925} INFO - DAG(s) 'dag_scraping_twitter' retrieved from /opt/airflow/dags/dag_scraping_twitter.py
[2026-02-07T08:13:34.737+0700] {logging_mixin.py:190} INFO - [2026-02-07T08:13:34.736+0700] {dag.py:3211} INFO - Sync 1 DAGs
[2026-02-07T08:13:34.761+0700] {logging_mixin.py:190} INFO - [2026-02-07T08:13:34.761+0700] {dag.py:4138} INFO - Setting next_dagrun for dag_scraping_twitter to 2026-02-06 23:00:00+00:00, run_after=2026-02-07 11:00:00+00:00
[2026-02-07T08:13:34.784+0700] {processor.py:208} INFO - Processing /opt/airflow/dags/dag_scraping_twitter.py took 0.107 seconds
[2026-02-07T08:14:04.917+0700] {processor.py:186} INFO - Started process (PID=11310) to work on /opt/airflow/dags/dag_scraping_twitter.py
[2026-02-07T08:14:04.918+0700] {processor.py:914} INFO - Processing file /opt/airflow/dags/dag_scraping_twitter.py for tasks to queue
[2026-02-07T08:14:04.921+0700] {logging_mixin.py:190} INFO - [2026-02-07T08:14:04.920+0700] {dagbag.py:587} INFO - Filling up the DagBag from /opt/airflow/dags/dag_scraping_twitter.py
[2026-02-07T08:14:04.943+0700] {processor.py:925} INFO - DAG(s) 'dag_scraping_twitter' retrieved from /opt/airflow/dags/dag_scraping_twitter.py
[2026-02-07T08:14:04.974+0700] {logging_mixin.py:190} INFO - [2026-02-07T08:14:04.974+0700] {dag.py:3211} INFO - Sync 1 DAGs
[2026-02-07T08:14:05.000+0700] {logging_mixin.py:190} INFO - [2026-02-07T08:14:04.999+0700] {dag.py:4138} INFO - Setting next_dagrun for dag_scraping_twitter to 2026-02-06 23:00:00+00:00, run_after=2026-02-07 11:00:00+00:00
[2026-02-07T08:14:05.025+0700] {processor.py:208} INFO - Processing /opt/airflow/dags/dag_scraping_twitter.py took 0.116 seconds
[2026-02-07T08:14:35.139+0700] {processor.py:186} INFO - Started process (PID=11320) to work on /opt/airflow/dags/dag_scraping_twitter.py
[2026-02-07T08:14:35.140+0700] {processor.py:914} INFO - Processing file /opt/airflow/dags/dag_scraping_twitter.py for tasks to queue
[2026-02-07T08:14:35.143+0700] {logging_mixin.py:190} INFO - [2026-02-07T08:14:35.143+0700] {dagbag.py:587} INFO - Filling up the DagBag from /opt/airflow/dags/dag_scraping_twitter.py
[2026-02-07T08:14:35.167+0700] {processor.py:925} INFO - DAG(s) 'dag_scraping_twitter' retrieved from /opt/airflow/dags/dag_scraping_twitter.py
[2026-02-07T08:14:35.196+0700] {logging_mixin.py:190} INFO - [2026-02-07T08:14:35.196+0700] {dag.py:3211} INFO - Sync 1 DAGs
[2026-02-07T08:14:35.221+0700] {logging_mixin.py:190} INFO - [2026-02-07T08:14:35.220+0700] {dag.py:4138} INFO - Setting next_dagrun for dag_scraping_twitter to 2026-02-06 23:00:00+00:00, run_after=2026-02-07 11:00:00+00:00
[2026-02-07T08:14:35.245+0700] {processor.py:208} INFO - Processing /opt/airflow/dags/dag_scraping_twitter.py took 0.112 seconds
[2026-02-07T08:15:05.406+0700] {processor.py:186} INFO - Started process (PID=11330) to work on /opt/airflow/dags/dag_scraping_twitter.py
[2026-02-07T08:15:05.407+0700] {processor.py:914} INFO - Processing file /opt/airflow/dags/dag_scraping_twitter.py for tasks to queue
[2026-02-07T08:15:05.412+0700] {logging_mixin.py:190} INFO - [2026-02-07T08:15:05.411+0700] {dagbag.py:587} INFO - Filling up the DagBag from /opt/airflow/dags/dag_scraping_twitter.py
[2026-02-07T08:15:05.432+0700] {processor.py:925} INFO - DAG(s) 'dag_scraping_twitter' retrieved from /opt/airflow/dags/dag_scraping_twitter.py
[2026-02-07T08:15:05.462+0700] {logging_mixin.py:190} INFO - [2026-02-07T08:15:05.462+0700] {dag.py:3211} INFO - Sync 1 DAGs
[2026-02-07T08:15:05.486+0700] {logging_mixin.py:190} INFO - [2026-02-07T08:15:05.486+0700] {dag.py:4138} INFO - Setting next_dagrun for dag_scraping_twitter to 2026-02-06 23:00:00+00:00, run_after=2026-02-07 11:00:00+00:00
[2026-02-07T08:15:05.509+0700] {processor.py:208} INFO - Processing /opt/airflow/dags/dag_scraping_twitter.py took 0.110 seconds
[2026-02-07T08:15:35.569+0700] {processor.py:186} INFO - Started process (PID=11340) to work on /opt/airflow/dags/dag_scraping_twitter.py
[2026-02-07T08:15:35.570+0700] {processor.py:914} INFO - Processing file /opt/airflow/dags/dag_scraping_twitter.py for tasks to queue
[2026-02-07T08:15:35.574+0700] {logging_mixin.py:190} INFO - [2026-02-07T08:15:35.574+0700] {dagbag.py:587} INFO - Filling up the DagBag from /opt/airflow/dags/dag_scraping_twitter.py
[2026-02-07T08:15:35.594+0700] {processor.py:925} INFO - DAG(s) 'dag_scraping_twitter' retrieved from /opt/airflow/dags/dag_scraping_twitter.py
[2026-02-07T08:15:35.628+0700] {logging_mixin.py:190} INFO - [2026-02-07T08:15:35.627+0700] {dag.py:3211} INFO - Sync 1 DAGs
[2026-02-07T08:15:35.655+0700] {logging_mixin.py:190} INFO - [2026-02-07T08:15:35.655+0700] {dag.py:4138} INFO - Setting next_dagrun for dag_scraping_twitter to 2026-02-06 23:00:00+00:00, run_after=2026-02-07 11:00:00+00:00
[2026-02-07T08:15:35.679+0700] {processor.py:208} INFO - Processing /opt/airflow/dags/dag_scraping_twitter.py took 0.117 seconds
[2026-02-07T08:16:05.904+0700] {processor.py:186} INFO - Started process (PID=11350) to work on /opt/airflow/dags/dag_scraping_twitter.py
[2026-02-07T08:16:05.905+0700] {processor.py:914} INFO - Processing file /opt/airflow/dags/dag_scraping_twitter.py for tasks to queue
[2026-02-07T08:16:05.907+0700] {logging_mixin.py:190} INFO - [2026-02-07T08:16:05.907+0700] {dagbag.py:587} INFO - Filling up the DagBag from /opt/airflow/dags/dag_scraping_twitter.py
[2026-02-07T08:16:05.927+0700] {processor.py:925} INFO - DAG(s) 'dag_scraping_twitter' retrieved from /opt/airflow/dags/dag_scraping_twitter.py
[2026-02-07T08:16:05.956+0700] {logging_mixin.py:190} INFO - [2026-02-07T08:16:05.956+0700] {dag.py:3211} INFO - Sync 1 DAGs
[2026-02-07T08:16:05.983+0700] {logging_mixin.py:190} INFO - [2026-02-07T08:16:05.982+0700] {dag.py:4138} INFO - Setting next_dagrun for dag_scraping_twitter to 2026-02-06 23:00:00+00:00, run_after=2026-02-07 11:00:00+00:00
[2026-02-07T08:16:06.005+0700] {processor.py:208} INFO - Processing /opt/airflow/dags/dag_scraping_twitter.py took 0.109 seconds
[2026-02-07T08:16:36.089+0700] {processor.py:186} INFO - Started process (PID=11360) to work on /opt/airflow/dags/dag_scraping_twitter.py
[2026-02-07T08:16:36.090+0700] {processor.py:914} INFO - Processing file /opt/airflow/dags/dag_scraping_twitter.py for tasks to queue
[2026-02-07T08:16:36.093+0700] {logging_mixin.py:190} INFO - [2026-02-07T08:16:36.092+0700] {dagbag.py:587} INFO - Filling up the DagBag from /opt/airflow/dags/dag_scraping_twitter.py
[2026-02-07T08:16:36.113+0700] {processor.py:925} INFO - DAG(s) 'dag_scraping_twitter' retrieved from /opt/airflow/dags/dag_scraping_twitter.py
[2026-02-07T08:16:36.143+0700] {logging_mixin.py:190} INFO - [2026-02-07T08:16:36.143+0700] {dag.py:3211} INFO - Sync 1 DAGs
[2026-02-07T08:16:36.166+0700] {logging_mixin.py:190} INFO - [2026-02-07T08:16:36.166+0700] {dag.py:4138} INFO - Setting next_dagrun for dag_scraping_twitter to 2026-02-06 23:00:00+00:00, run_after=2026-02-07 11:00:00+00:00
[2026-02-07T08:16:36.191+0700] {processor.py:208} INFO - Processing /opt/airflow/dags/dag_scraping_twitter.py took 0.108 seconds
[2026-02-07T08:17:06.316+0700] {processor.py:186} INFO - Started process (PID=11370) to work on /opt/airflow/dags/dag_scraping_twitter.py
[2026-02-07T08:17:06.317+0700] {processor.py:914} INFO - Processing file /opt/airflow/dags/dag_scraping_twitter.py for tasks to queue
[2026-02-07T08:17:06.320+0700] {logging_mixin.py:190} INFO - [2026-02-07T08:17:06.320+0700] {dagbag.py:587} INFO - Filling up the DagBag from /opt/airflow/dags/dag_scraping_twitter.py
[2026-02-07T08:17:06.342+0700] {processor.py:925} INFO - DAG(s) 'dag_scraping_twitter' retrieved from /opt/airflow/dags/dag_scraping_twitter.py
[2026-02-07T08:17:06.374+0700] {logging_mixin.py:190} INFO - [2026-02-07T08:17:06.374+0700] {dag.py:3211} INFO - Sync 1 DAGs
[2026-02-07T08:17:06.403+0700] {logging_mixin.py:190} INFO - [2026-02-07T08:17:06.403+0700] {dag.py:4138} INFO - Setting next_dagrun for dag_scraping_twitter to 2026-02-06 23:00:00+00:00, run_after=2026-02-07 11:00:00+00:00
[2026-02-07T08:17:06.427+0700] {processor.py:208} INFO - Processing /opt/airflow/dags/dag_scraping_twitter.py took 0.119 seconds
[2026-02-07T08:17:36.609+0700] {processor.py:186} INFO - Started process (PID=11380) to work on /opt/airflow/dags/dag_scraping_twitter.py
[2026-02-07T08:17:36.611+0700] {processor.py:914} INFO - Processing file /opt/airflow/dags/dag_scraping_twitter.py for tasks to queue
[2026-02-07T08:17:36.614+0700] {logging_mixin.py:190} INFO - [2026-02-07T08:17:36.613+0700] {dagbag.py:587} INFO - Filling up the DagBag from /opt/airflow/dags/dag_scraping_twitter.py
[2026-02-07T08:17:36.638+0700] {processor.py:925} INFO - DAG(s) 'dag_scraping_twitter' retrieved from /opt/airflow/dags/dag_scraping_twitter.py
[2026-02-07T08:17:36.669+0700] {logging_mixin.py:190} INFO - [2026-02-07T08:17:36.669+0700] {dag.py:3211} INFO - Sync 1 DAGs
[2026-02-07T08:17:36.694+0700] {logging_mixin.py:190} INFO - [2026-02-07T08:17:36.694+0700] {dag.py:4138} INFO - Setting next_dagrun for dag_scraping_twitter to 2026-02-06 23:00:00+00:00, run_after=2026-02-07 11:00:00+00:00
[2026-02-07T08:17:36.719+0700] {processor.py:208} INFO - Processing /opt/airflow/dags/dag_scraping_twitter.py took 0.116 seconds
[2026-02-07T08:18:06.939+0700] {processor.py:186} INFO - Started process (PID=11390) to work on /opt/airflow/dags/dag_scraping_twitter.py
[2026-02-07T08:18:06.940+0700] {processor.py:914} INFO - Processing file /opt/airflow/dags/dag_scraping_twitter.py for tasks to queue
[2026-02-07T08:18:06.945+0700] {logging_mixin.py:190} INFO - [2026-02-07T08:18:06.944+0700] {dagbag.py:587} INFO - Filling up the DagBag from /opt/airflow/dags/dag_scraping_twitter.py
[2026-02-07T08:18:06.970+0700] {processor.py:925} INFO - DAG(s) 'dag_scraping_twitter' retrieved from /opt/airflow/dags/dag_scraping_twitter.py
[2026-02-07T08:18:07.006+0700] {logging_mixin.py:190} INFO - [2026-02-07T08:18:07.006+0700] {dag.py:3211} INFO - Sync 1 DAGs
[2026-02-07T08:18:07.037+0700] {logging_mixin.py:190} INFO - [2026-02-07T08:18:07.036+0700] {dag.py:4138} INFO - Setting next_dagrun for dag_scraping_twitter to 2026-02-06 23:00:00+00:00, run_after=2026-02-07 11:00:00+00:00
[2026-02-07T08:18:07.064+0700] {processor.py:208} INFO - Processing /opt/airflow/dags/dag_scraping_twitter.py took 0.133 seconds
[2026-02-07T08:18:38.006+0700] {processor.py:186} INFO - Started process (PID=11400) to work on /opt/airflow/dags/dag_scraping_twitter.py
[2026-02-07T08:18:38.007+0700] {processor.py:914} INFO - Processing file /opt/airflow/dags/dag_scraping_twitter.py for tasks to queue
[2026-02-07T08:18:38.011+0700] {logging_mixin.py:190} INFO - [2026-02-07T08:18:38.010+0700] {dagbag.py:587} INFO - Filling up the DagBag from /opt/airflow/dags/dag_scraping_twitter.py
[2026-02-07T08:18:38.033+0700] {processor.py:925} INFO - DAG(s) 'dag_scraping_twitter' retrieved from /opt/airflow/dags/dag_scraping_twitter.py
[2026-02-07T08:18:38.063+0700] {logging_mixin.py:190} INFO - [2026-02-07T08:18:38.063+0700] {dag.py:3211} INFO - Sync 1 DAGs
[2026-02-07T08:18:38.088+0700] {logging_mixin.py:190} INFO - [2026-02-07T08:18:38.088+0700] {dag.py:4138} INFO - Setting next_dagrun for dag_scraping_twitter to 2026-02-06 23:00:00+00:00, run_after=2026-02-07 11:00:00+00:00
[2026-02-07T08:18:38.111+0700] {processor.py:208} INFO - Processing /opt/airflow/dags/dag_scraping_twitter.py took 0.113 seconds
[2026-02-07T08:19:08.210+0700] {processor.py:186} INFO - Started process (PID=11410) to work on /opt/airflow/dags/dag_scraping_twitter.py
[2026-02-07T08:19:08.212+0700] {processor.py:914} INFO - Processing file /opt/airflow/dags/dag_scraping_twitter.py for tasks to queue
[2026-02-07T08:19:08.215+0700] {logging_mixin.py:190} INFO - [2026-02-07T08:19:08.214+0700] {dagbag.py:587} INFO - Filling up the DagBag from /opt/airflow/dags/dag_scraping_twitter.py
[2026-02-07T08:19:08.239+0700] {processor.py:925} INFO - DAG(s) 'dag_scraping_twitter' retrieved from /opt/airflow/dags/dag_scraping_twitter.py
[2026-02-07T08:19:08.275+0700] {logging_mixin.py:190} INFO - [2026-02-07T08:19:08.275+0700] {dag.py:3211} INFO - Sync 1 DAGs
[2026-02-07T08:19:08.306+0700] {logging_mixin.py:190} INFO - [2026-02-07T08:19:08.306+0700] {dag.py:4138} INFO - Setting next_dagrun for dag_scraping_twitter to 2026-02-06 23:00:00+00:00, run_after=2026-02-07 11:00:00+00:00
[2026-02-07T08:19:08.332+0700] {processor.py:208} INFO - Processing /opt/airflow/dags/dag_scraping_twitter.py took 0.129 seconds
[2026-02-07T08:19:38.437+0700] {processor.py:186} INFO - Started process (PID=11420) to work on /opt/airflow/dags/dag_scraping_twitter.py
[2026-02-07T08:19:38.438+0700] {processor.py:914} INFO - Processing file /opt/airflow/dags/dag_scraping_twitter.py for tasks to queue
[2026-02-07T08:19:38.442+0700] {logging_mixin.py:190} INFO - [2026-02-07T08:19:38.441+0700] {dagbag.py:587} INFO - Filling up the DagBag from /opt/airflow/dags/dag_scraping_twitter.py
[2026-02-07T08:19:38.466+0700] {processor.py:925} INFO - DAG(s) 'dag_scraping_twitter' retrieved from /opt/airflow/dags/dag_scraping_twitter.py
[2026-02-07T08:19:38.495+0700] {logging_mixin.py:190} INFO - [2026-02-07T08:19:38.495+0700] {dag.py:3211} INFO - Sync 1 DAGs
[2026-02-07T08:19:38.524+0700] {logging_mixin.py:190} INFO - [2026-02-07T08:19:38.523+0700] {dag.py:4138} INFO - Setting next_dagrun for dag_scraping_twitter to 2026-02-06 23:00:00+00:00, run_after=2026-02-07 11:00:00+00:00
[2026-02-07T08:19:38.545+0700] {processor.py:208} INFO - Processing /opt/airflow/dags/dag_scraping_twitter.py took 0.117 seconds
[2026-02-07T08:20:08.641+0700] {processor.py:186} INFO - Started process (PID=11430) to work on /opt/airflow/dags/dag_scraping_twitter.py
[2026-02-07T08:20:08.642+0700] {processor.py:914} INFO - Processing file /opt/airflow/dags/dag_scraping_twitter.py for tasks to queue
[2026-02-07T08:20:08.645+0700] {logging_mixin.py:190} INFO - [2026-02-07T08:20:08.645+0700] {dagbag.py:587} INFO - Filling up the DagBag from /opt/airflow/dags/dag_scraping_twitter.py
[2026-02-07T08:20:08.664+0700] {processor.py:925} INFO - DAG(s) 'dag_scraping_twitter' retrieved from /opt/airflow/dags/dag_scraping_twitter.py
[2026-02-07T08:20:08.693+0700] {logging_mixin.py:190} INFO - [2026-02-07T08:20:08.692+0700] {dag.py:3211} INFO - Sync 1 DAGs
[2026-02-07T08:20:08.717+0700] {logging_mixin.py:190} INFO - [2026-02-07T08:20:08.717+0700] {dag.py:4138} INFO - Setting next_dagrun for dag_scraping_twitter to 2026-02-06 23:00:00+00:00, run_after=2026-02-07 11:00:00+00:00
[2026-02-07T08:20:08.742+0700] {processor.py:208} INFO - Processing /opt/airflow/dags/dag_scraping_twitter.py took 0.107 seconds
[2026-02-07T08:20:38.896+0700] {processor.py:186} INFO - Started process (PID=11440) to work on /opt/airflow/dags/dag_scraping_twitter.py
[2026-02-07T08:20:38.897+0700] {processor.py:914} INFO - Processing file /opt/airflow/dags/dag_scraping_twitter.py for tasks to queue
[2026-02-07T08:20:38.899+0700] {logging_mixin.py:190} INFO - [2026-02-07T08:20:38.899+0700] {dagbag.py:587} INFO - Filling up the DagBag from /opt/airflow/dags/dag_scraping_twitter.py
[2026-02-07T08:20:38.919+0700] {processor.py:925} INFO - DAG(s) 'dag_scraping_twitter' retrieved from /opt/airflow/dags/dag_scraping_twitter.py
[2026-02-07T08:20:38.948+0700] {logging_mixin.py:190} INFO - [2026-02-07T08:20:38.947+0700] {dag.py:3211} INFO - Sync 1 DAGs
[2026-02-07T08:20:38.972+0700] {logging_mixin.py:190} INFO - [2026-02-07T08:20:38.972+0700] {dag.py:4138} INFO - Setting next_dagrun for dag_scraping_twitter to 2026-02-06 23:00:00+00:00, run_after=2026-02-07 11:00:00+00:00
[2026-02-07T08:20:38.996+0700] {processor.py:208} INFO - Processing /opt/airflow/dags/dag_scraping_twitter.py took 0.108 seconds
[2026-02-07T08:21:09.163+0700] {processor.py:186} INFO - Started process (PID=11450) to work on /opt/airflow/dags/dag_scraping_twitter.py
[2026-02-07T08:21:09.164+0700] {processor.py:914} INFO - Processing file /opt/airflow/dags/dag_scraping_twitter.py for tasks to queue
[2026-02-07T08:21:09.167+0700] {logging_mixin.py:190} INFO - [2026-02-07T08:21:09.167+0700] {dagbag.py:587} INFO - Filling up the DagBag from /opt/airflow/dags/dag_scraping_twitter.py
[2026-02-07T08:21:09.187+0700] {processor.py:925} INFO - DAG(s) 'dag_scraping_twitter' retrieved from /opt/airflow/dags/dag_scraping_twitter.py
[2026-02-07T08:21:09.215+0700] {logging_mixin.py:190} INFO - [2026-02-07T08:21:09.215+0700] {dag.py:3211} INFO - Sync 1 DAGs
[2026-02-07T08:21:09.240+0700] {logging_mixin.py:190} INFO - [2026-02-07T08:21:09.240+0700] {dag.py:4138} INFO - Setting next_dagrun for dag_scraping_twitter to 2026-02-06 23:00:00+00:00, run_after=2026-02-07 11:00:00+00:00
[2026-02-07T08:21:09.264+0700] {processor.py:208} INFO - Processing /opt/airflow/dags/dag_scraping_twitter.py took 0.108 seconds
[2026-02-07T08:21:39.493+0700] {processor.py:186} INFO - Started process (PID=11460) to work on /opt/airflow/dags/dag_scraping_twitter.py
[2026-02-07T08:21:39.494+0700] {processor.py:914} INFO - Processing file /opt/airflow/dags/dag_scraping_twitter.py for tasks to queue
[2026-02-07T08:21:39.498+0700] {logging_mixin.py:190} INFO - [2026-02-07T08:21:39.497+0700] {dagbag.py:587} INFO - Filling up the DagBag from /opt/airflow/dags/dag_scraping_twitter.py
[2026-02-07T08:21:39.517+0700] {processor.py:925} INFO - DAG(s) 'dag_scraping_twitter' retrieved from /opt/airflow/dags/dag_scraping_twitter.py
[2026-02-07T08:21:39.549+0700] {logging_mixin.py:190} INFO - [2026-02-07T08:21:39.548+0700] {dag.py:3211} INFO - Sync 1 DAGs
[2026-02-07T08:21:39.573+0700] {logging_mixin.py:190} INFO - [2026-02-07T08:21:39.572+0700] {dag.py:4138} INFO - Setting next_dagrun for dag_scraping_twitter to 2026-02-06 23:00:00+00:00, run_after=2026-02-07 11:00:00+00:00
[2026-02-07T08:21:39.596+0700] {processor.py:208} INFO - Processing /opt/airflow/dags/dag_scraping_twitter.py took 0.109 seconds
[2026-02-07T08:22:09.710+0700] {processor.py:186} INFO - Started process (PID=11470) to work on /opt/airflow/dags/dag_scraping_twitter.py
[2026-02-07T08:22:09.711+0700] {processor.py:914} INFO - Processing file /opt/airflow/dags/dag_scraping_twitter.py for tasks to queue
[2026-02-07T08:22:09.716+0700] {logging_mixin.py:190} INFO - [2026-02-07T08:22:09.715+0700] {dagbag.py:587} INFO - Filling up the DagBag from /opt/airflow/dags/dag_scraping_twitter.py
[2026-02-07T08:22:09.736+0700] {processor.py:925} INFO - DAG(s) 'dag_scraping_twitter' retrieved from /opt/airflow/dags/dag_scraping_twitter.py
[2026-02-07T08:22:09.766+0700] {logging_mixin.py:190} INFO - [2026-02-07T08:22:09.766+0700] {dag.py:3211} INFO - Sync 1 DAGs
[2026-02-07T08:22:09.789+0700] {logging_mixin.py:190} INFO - [2026-02-07T08:22:09.789+0700] {dag.py:4138} INFO - Setting next_dagrun for dag_scraping_twitter to 2026-02-06 23:00:00+00:00, run_after=2026-02-07 11:00:00+00:00
[2026-02-07T08:22:09.815+0700] {processor.py:208} INFO - Processing /opt/airflow/dags/dag_scraping_twitter.py took 0.112 seconds
[2026-02-07T08:22:39.938+0700] {processor.py:186} INFO - Started process (PID=11480) to work on /opt/airflow/dags/dag_scraping_twitter.py
[2026-02-07T08:22:39.939+0700] {processor.py:914} INFO - Processing file /opt/airflow/dags/dag_scraping_twitter.py for tasks to queue
[2026-02-07T08:22:39.941+0700] {logging_mixin.py:190} INFO - [2026-02-07T08:22:39.941+0700] {dagbag.py:587} INFO - Filling up the DagBag from /opt/airflow/dags/dag_scraping_twitter.py
[2026-02-07T08:22:39.960+0700] {processor.py:925} INFO - DAG(s) 'dag_scraping_twitter' retrieved from /opt/airflow/dags/dag_scraping_twitter.py
[2026-02-07T08:22:39.989+0700] {logging_mixin.py:190} INFO - [2026-02-07T08:22:39.989+0700] {dag.py:3211} INFO - Sync 1 DAGs
[2026-02-07T08:22:40.015+0700] {logging_mixin.py:190} INFO - [2026-02-07T08:22:40.015+0700] {dag.py:4138} INFO - Setting next_dagrun for dag_scraping_twitter to 2026-02-06 23:00:00+00:00, run_after=2026-02-07 11:00:00+00:00
[2026-02-07T08:22:40.039+0700] {processor.py:208} INFO - Processing /opt/airflow/dags/dag_scraping_twitter.py took 0.107 seconds
[2026-02-07T08:23:10.198+0700] {processor.py:186} INFO - Started process (PID=11490) to work on /opt/airflow/dags/dag_scraping_twitter.py
[2026-02-07T08:23:10.200+0700] {processor.py:914} INFO - Processing file /opt/airflow/dags/dag_scraping_twitter.py for tasks to queue
[2026-02-07T08:23:10.203+0700] {logging_mixin.py:190} INFO - [2026-02-07T08:23:10.202+0700] {dagbag.py:587} INFO - Filling up the DagBag from /opt/airflow/dags/dag_scraping_twitter.py
[2026-02-07T08:23:10.223+0700] {processor.py:925} INFO - DAG(s) 'dag_scraping_twitter' retrieved from /opt/airflow/dags/dag_scraping_twitter.py
[2026-02-07T08:23:10.256+0700] {logging_mixin.py:190} INFO - [2026-02-07T08:23:10.256+0700] {dag.py:3211} INFO - Sync 1 DAGs
[2026-02-07T08:23:10.280+0700] {logging_mixin.py:190} INFO - [2026-02-07T08:23:10.280+0700] {dag.py:4138} INFO - Setting next_dagrun for dag_scraping_twitter to 2026-02-06 23:00:00+00:00, run_after=2026-02-07 11:00:00+00:00
[2026-02-07T08:23:10.303+0700] {processor.py:208} INFO - Processing /opt/airflow/dags/dag_scraping_twitter.py took 0.112 seconds
[2026-02-07T08:23:40.387+0700] {processor.py:186} INFO - Started process (PID=11500) to work on /opt/airflow/dags/dag_scraping_twitter.py
[2026-02-07T08:23:40.389+0700] {processor.py:914} INFO - Processing file /opt/airflow/dags/dag_scraping_twitter.py for tasks to queue
[2026-02-07T08:23:40.391+0700] {logging_mixin.py:190} INFO - [2026-02-07T08:23:40.391+0700] {dagbag.py:587} INFO - Filling up the DagBag from /opt/airflow/dags/dag_scraping_twitter.py
[2026-02-07T08:23:40.413+0700] {processor.py:925} INFO - DAG(s) 'dag_scraping_twitter' retrieved from /opt/airflow/dags/dag_scraping_twitter.py
[2026-02-07T08:23:40.443+0700] {logging_mixin.py:190} INFO - [2026-02-07T08:23:40.443+0700] {dag.py:3211} INFO - Sync 1 DAGs
[2026-02-07T08:23:40.468+0700] {logging_mixin.py:190} INFO - [2026-02-07T08:23:40.467+0700] {dag.py:4138} INFO - Setting next_dagrun for dag_scraping_twitter to 2026-02-06 23:00:00+00:00, run_after=2026-02-07 11:00:00+00:00
[2026-02-07T08:23:40.493+0700] {processor.py:208} INFO - Processing /opt/airflow/dags/dag_scraping_twitter.py took 0.113 seconds
[2026-02-07T08:24:10.622+0700] {processor.py:186} INFO - Started process (PID=11510) to work on /opt/airflow/dags/dag_scraping_twitter.py
[2026-02-07T08:24:10.623+0700] {processor.py:914} INFO - Processing file /opt/airflow/dags/dag_scraping_twitter.py for tasks to queue
[2026-02-07T08:24:10.625+0700] {logging_mixin.py:190} INFO - [2026-02-07T08:24:10.625+0700] {dagbag.py:587} INFO - Filling up the DagBag from /opt/airflow/dags/dag_scraping_twitter.py
[2026-02-07T08:24:10.646+0700] {processor.py:925} INFO - DAG(s) 'dag_scraping_twitter' retrieved from /opt/airflow/dags/dag_scraping_twitter.py
[2026-02-07T08:24:10.675+0700] {logging_mixin.py:190} INFO - [2026-02-07T08:24:10.675+0700] {dag.py:3211} INFO - Sync 1 DAGs
[2026-02-07T08:24:10.700+0700] {logging_mixin.py:190} INFO - [2026-02-07T08:24:10.700+0700] {dag.py:4138} INFO - Setting next_dagrun for dag_scraping_twitter to 2026-02-06 23:00:00+00:00, run_after=2026-02-07 11:00:00+00:00
[2026-02-07T08:24:10.724+0700] {processor.py:208} INFO - Processing /opt/airflow/dags/dag_scraping_twitter.py took 0.108 seconds
[2026-02-07T08:24:40.856+0700] {processor.py:186} INFO - Started process (PID=11520) to work on /opt/airflow/dags/dag_scraping_twitter.py
[2026-02-07T08:24:40.858+0700] {processor.py:914} INFO - Processing file /opt/airflow/dags/dag_scraping_twitter.py for tasks to queue
[2026-02-07T08:24:40.861+0700] {logging_mixin.py:190} INFO - [2026-02-07T08:24:40.860+0700] {dagbag.py:587} INFO - Filling up the DagBag from /opt/airflow/dags/dag_scraping_twitter.py
[2026-02-07T08:24:40.881+0700] {processor.py:925} INFO - DAG(s) 'dag_scraping_twitter' retrieved from /opt/airflow/dags/dag_scraping_twitter.py
[2026-02-07T08:24:40.910+0700] {logging_mixin.py:190} INFO - [2026-02-07T08:24:40.910+0700] {dag.py:3211} INFO - Sync 1 DAGs
[2026-02-07T08:24:40.935+0700] {logging_mixin.py:190} INFO - [2026-02-07T08:24:40.935+0700] {dag.py:4138} INFO - Setting next_dagrun for dag_scraping_twitter to 2026-02-06 23:00:00+00:00, run_after=2026-02-07 11:00:00+00:00
[2026-02-07T08:24:40.960+0700] {processor.py:208} INFO - Processing /opt/airflow/dags/dag_scraping_twitter.py took 0.110 seconds
[2026-02-07T08:25:11.100+0700] {processor.py:186} INFO - Started process (PID=11530) to work on /opt/airflow/dags/dag_scraping_twitter.py
[2026-02-07T08:25:11.101+0700] {processor.py:914} INFO - Processing file /opt/airflow/dags/dag_scraping_twitter.py for tasks to queue
[2026-02-07T08:25:11.105+0700] {logging_mixin.py:190} INFO - [2026-02-07T08:25:11.105+0700] {dagbag.py:587} INFO - Filling up the DagBag from /opt/airflow/dags/dag_scraping_twitter.py
[2026-02-07T08:25:11.128+0700] {processor.py:925} INFO - DAG(s) 'dag_scraping_twitter' retrieved from /opt/airflow/dags/dag_scraping_twitter.py
[2026-02-07T08:25:11.157+0700] {logging_mixin.py:190} INFO - [2026-02-07T08:25:11.157+0700] {dag.py:3211} INFO - Sync 1 DAGs
[2026-02-07T08:25:11.181+0700] {logging_mixin.py:190} INFO - [2026-02-07T08:25:11.181+0700] {dag.py:4138} INFO - Setting next_dagrun for dag_scraping_twitter to 2026-02-06 23:00:00+00:00, run_after=2026-02-07 11:00:00+00:00
[2026-02-07T08:25:11.206+0700] {processor.py:208} INFO - Processing /opt/airflow/dags/dag_scraping_twitter.py took 0.116 seconds
[2026-02-07T08:25:41.324+0700] {processor.py:186} INFO - Started process (PID=11540) to work on /opt/airflow/dags/dag_scraping_twitter.py
[2026-02-07T08:25:41.325+0700] {processor.py:914} INFO - Processing file /opt/airflow/dags/dag_scraping_twitter.py for tasks to queue
[2026-02-07T08:25:41.328+0700] {logging_mixin.py:190} INFO - [2026-02-07T08:25:41.327+0700] {dagbag.py:587} INFO - Filling up the DagBag from /opt/airflow/dags/dag_scraping_twitter.py
[2026-02-07T08:25:41.347+0700] {processor.py:925} INFO - DAG(s) 'dag_scraping_twitter' retrieved from /opt/airflow/dags/dag_scraping_twitter.py
[2026-02-07T08:25:41.376+0700] {logging_mixin.py:190} INFO - [2026-02-07T08:25:41.375+0700] {dag.py:3211} INFO - Sync 1 DAGs
[2026-02-07T08:25:41.412+0700] {logging_mixin.py:190} INFO - [2026-02-07T08:25:41.412+0700] {dag.py:4138} INFO - Setting next_dagrun for dag_scraping_twitter to 2026-02-06 23:00:00+00:00, run_after=2026-02-07 11:00:00+00:00
[2026-02-07T08:25:41.441+0700] {processor.py:208} INFO - Processing /opt/airflow/dags/dag_scraping_twitter.py took 0.125 seconds
[2026-02-07T08:26:11.553+0700] {processor.py:186} INFO - Started process (PID=11550) to work on /opt/airflow/dags/dag_scraping_twitter.py
[2026-02-07T08:26:11.555+0700] {processor.py:914} INFO - Processing file /opt/airflow/dags/dag_scraping_twitter.py for tasks to queue
[2026-02-07T08:26:11.558+0700] {logging_mixin.py:190} INFO - [2026-02-07T08:26:11.558+0700] {dagbag.py:587} INFO - Filling up the DagBag from /opt/airflow/dags/dag_scraping_twitter.py
[2026-02-07T08:26:11.585+0700] {processor.py:925} INFO - DAG(s) 'dag_scraping_twitter' retrieved from /opt/airflow/dags/dag_scraping_twitter.py
[2026-02-07T08:26:11.620+0700] {logging_mixin.py:190} INFO - [2026-02-07T08:26:11.620+0700] {dag.py:3211} INFO - Sync 1 DAGs
[2026-02-07T08:26:11.645+0700] {logging_mixin.py:190} INFO - [2026-02-07T08:26:11.645+0700] {dag.py:4138} INFO - Setting next_dagrun for dag_scraping_twitter to 2026-02-06 23:00:00+00:00, run_after=2026-02-07 11:00:00+00:00
[2026-02-07T08:26:11.668+0700] {processor.py:208} INFO - Processing /opt/airflow/dags/dag_scraping_twitter.py took 0.124 seconds
[2026-02-07T08:26:41.718+0700] {processor.py:186} INFO - Started process (PID=11560) to work on /opt/airflow/dags/dag_scraping_twitter.py
[2026-02-07T08:26:41.719+0700] {processor.py:914} INFO - Processing file /opt/airflow/dags/dag_scraping_twitter.py for tasks to queue
[2026-02-07T08:26:41.722+0700] {logging_mixin.py:190} INFO - [2026-02-07T08:26:41.721+0700] {dagbag.py:587} INFO - Filling up the DagBag from /opt/airflow/dags/dag_scraping_twitter.py
[2026-02-07T08:26:41.740+0700] {processor.py:925} INFO - DAG(s) 'dag_scraping_twitter' retrieved from /opt/airflow/dags/dag_scraping_twitter.py
[2026-02-07T08:26:41.766+0700] {logging_mixin.py:190} INFO - [2026-02-07T08:26:41.766+0700] {dag.py:3211} INFO - Sync 1 DAGs
[2026-02-07T08:26:41.794+0700] {logging_mixin.py:190} INFO - [2026-02-07T08:26:41.794+0700] {dag.py:4138} INFO - Setting next_dagrun for dag_scraping_twitter to 2026-02-06 23:00:00+00:00, run_after=2026-02-07 11:00:00+00:00
[2026-02-07T08:26:41.818+0700] {processor.py:208} INFO - Processing /opt/airflow/dags/dag_scraping_twitter.py took 0.107 seconds
[2026-02-07T08:27:12.151+0700] {processor.py:186} INFO - Started process (PID=11570) to work on /opt/airflow/dags/dag_scraping_twitter.py
[2026-02-07T08:27:12.152+0700] {processor.py:914} INFO - Processing file /opt/airflow/dags/dag_scraping_twitter.py for tasks to queue
[2026-02-07T08:27:12.156+0700] {logging_mixin.py:190} INFO - [2026-02-07T08:27:12.156+0700] {dagbag.py:587} INFO - Filling up the DagBag from /opt/airflow/dags/dag_scraping_twitter.py
[2026-02-07T08:27:12.176+0700] {processor.py:925} INFO - DAG(s) 'dag_scraping_twitter' retrieved from /opt/airflow/dags/dag_scraping_twitter.py
[2026-02-07T08:27:12.204+0700] {logging_mixin.py:190} INFO - [2026-02-07T08:27:12.203+0700] {dag.py:3211} INFO - Sync 1 DAGs
[2026-02-07T08:27:12.228+0700] {logging_mixin.py:190} INFO - [2026-02-07T08:27:12.228+0700] {dag.py:4138} INFO - Setting next_dagrun for dag_scraping_twitter to 2026-02-06 23:00:00+00:00, run_after=2026-02-07 11:00:00+00:00
[2026-02-07T08:27:12.251+0700] {processor.py:208} INFO - Processing /opt/airflow/dags/dag_scraping_twitter.py took 0.107 seconds
[2026-02-07T08:27:42.357+0700] {processor.py:186} INFO - Started process (PID=11580) to work on /opt/airflow/dags/dag_scraping_twitter.py
[2026-02-07T08:27:42.358+0700] {processor.py:914} INFO - Processing file /opt/airflow/dags/dag_scraping_twitter.py for tasks to queue
[2026-02-07T08:27:42.360+0700] {logging_mixin.py:190} INFO - [2026-02-07T08:27:42.360+0700] {dagbag.py:587} INFO - Filling up the DagBag from /opt/airflow/dags/dag_scraping_twitter.py
[2026-02-07T08:27:42.378+0700] {processor.py:925} INFO - DAG(s) 'dag_scraping_twitter' retrieved from /opt/airflow/dags/dag_scraping_twitter.py
[2026-02-07T08:27:42.406+0700] {logging_mixin.py:190} INFO - [2026-02-07T08:27:42.406+0700] {dag.py:3211} INFO - Sync 1 DAGs
[2026-02-07T08:27:42.430+0700] {logging_mixin.py:190} INFO - [2026-02-07T08:27:42.430+0700] {dag.py:4138} INFO - Setting next_dagrun for dag_scraping_twitter to 2026-02-06 23:00:00+00:00, run_after=2026-02-07 11:00:00+00:00
[2026-02-07T08:27:42.456+0700] {processor.py:208} INFO - Processing /opt/airflow/dags/dag_scraping_twitter.py took 0.106 seconds
[2026-02-07T08:28:12.546+0700] {processor.py:186} INFO - Started process (PID=11590) to work on /opt/airflow/dags/dag_scraping_twitter.py
[2026-02-07T08:28:12.547+0700] {processor.py:914} INFO - Processing file /opt/airflow/dags/dag_scraping_twitter.py for tasks to queue
[2026-02-07T08:28:12.550+0700] {logging_mixin.py:190} INFO - [2026-02-07T08:28:12.550+0700] {dagbag.py:587} INFO - Filling up the DagBag from /opt/airflow/dags/dag_scraping_twitter.py
[2026-02-07T08:28:12.570+0700] {processor.py:925} INFO - DAG(s) 'dag_scraping_twitter' retrieved from /opt/airflow/dags/dag_scraping_twitter.py
[2026-02-07T08:28:12.600+0700] {logging_mixin.py:190} INFO - [2026-02-07T08:28:12.600+0700] {dag.py:3211} INFO - Sync 1 DAGs
[2026-02-07T08:28:12.630+0700] {logging_mixin.py:190} INFO - [2026-02-07T08:28:12.630+0700] {dag.py:4138} INFO - Setting next_dagrun for dag_scraping_twitter to 2026-02-06 23:00:00+00:00, run_after=2026-02-07 11:00:00+00:00
[2026-02-07T08:28:12.654+0700] {processor.py:208} INFO - Processing /opt/airflow/dags/dag_scraping_twitter.py took 0.117 seconds
[2026-02-07T08:28:42.762+0700] {processor.py:186} INFO - Started process (PID=11600) to work on /opt/airflow/dags/dag_scraping_twitter.py
[2026-02-07T08:28:42.764+0700] {processor.py:914} INFO - Processing file /opt/airflow/dags/dag_scraping_twitter.py for tasks to queue
[2026-02-07T08:28:42.766+0700] {logging_mixin.py:190} INFO - [2026-02-07T08:28:42.766+0700] {dagbag.py:587} INFO - Filling up the DagBag from /opt/airflow/dags/dag_scraping_twitter.py
[2026-02-07T08:28:42.786+0700] {processor.py:925} INFO - DAG(s) 'dag_scraping_twitter' retrieved from /opt/airflow/dags/dag_scraping_twitter.py
[2026-02-07T08:28:42.818+0700] {logging_mixin.py:190} INFO - [2026-02-07T08:28:42.818+0700] {dag.py:3211} INFO - Sync 1 DAGs
[2026-02-07T08:28:42.842+0700] {logging_mixin.py:190} INFO - [2026-02-07T08:28:42.842+0700] {dag.py:4138} INFO - Setting next_dagrun for dag_scraping_twitter to 2026-02-06 23:00:00+00:00, run_after=2026-02-07 11:00:00+00:00
[2026-02-07T08:28:42.867+0700] {processor.py:208} INFO - Processing /opt/airflow/dags/dag_scraping_twitter.py took 0.111 seconds
[2026-02-07T08:29:13.117+0700] {processor.py:186} INFO - Started process (PID=11610) to work on /opt/airflow/dags/dag_scraping_twitter.py
[2026-02-07T08:29:13.119+0700] {processor.py:914} INFO - Processing file /opt/airflow/dags/dag_scraping_twitter.py for tasks to queue
[2026-02-07T08:29:13.123+0700] {logging_mixin.py:190} INFO - [2026-02-07T08:29:13.123+0700] {dagbag.py:587} INFO - Filling up the DagBag from /opt/airflow/dags/dag_scraping_twitter.py
[2026-02-07T08:29:13.144+0700] {processor.py:925} INFO - DAG(s) 'dag_scraping_twitter' retrieved from /opt/airflow/dags/dag_scraping_twitter.py
[2026-02-07T08:29:13.173+0700] {logging_mixin.py:190} INFO - [2026-02-07T08:29:13.173+0700] {dag.py:3211} INFO - Sync 1 DAGs
[2026-02-07T08:29:13.198+0700] {logging_mixin.py:190} INFO - [2026-02-07T08:29:13.198+0700] {dag.py:4138} INFO - Setting next_dagrun for dag_scraping_twitter to 2026-02-06 23:00:00+00:00, run_after=2026-02-07 11:00:00+00:00
[2026-02-07T08:29:13.222+0700] {processor.py:208} INFO - Processing /opt/airflow/dags/dag_scraping_twitter.py took 0.113 seconds
[2026-02-07T08:29:43.290+0700] {processor.py:186} INFO - Started process (PID=11620) to work on /opt/airflow/dags/dag_scraping_twitter.py
[2026-02-07T08:29:43.291+0700] {processor.py:914} INFO - Processing file /opt/airflow/dags/dag_scraping_twitter.py for tasks to queue
[2026-02-07T08:29:43.295+0700] {logging_mixin.py:190} INFO - [2026-02-07T08:29:43.294+0700] {dagbag.py:587} INFO - Filling up the DagBag from /opt/airflow/dags/dag_scraping_twitter.py
[2026-02-07T08:29:43.314+0700] {processor.py:925} INFO - DAG(s) 'dag_scraping_twitter' retrieved from /opt/airflow/dags/dag_scraping_twitter.py
[2026-02-07T08:29:43.343+0700] {logging_mixin.py:190} INFO - [2026-02-07T08:29:43.342+0700] {dag.py:3211} INFO - Sync 1 DAGs
[2026-02-07T08:29:43.369+0700] {logging_mixin.py:190} INFO - [2026-02-07T08:29:43.369+0700] {dag.py:4138} INFO - Setting next_dagrun for dag_scraping_twitter to 2026-02-06 23:00:00+00:00, run_after=2026-02-07 11:00:00+00:00
[2026-02-07T08:29:43.393+0700] {processor.py:208} INFO - Processing /opt/airflow/dags/dag_scraping_twitter.py took 0.109 seconds
[2026-02-07T08:30:14.511+0700] {processor.py:186} INFO - Started process (PID=11630) to work on /opt/airflow/dags/dag_scraping_twitter.py
[2026-02-07T08:30:14.521+0700] {processor.py:914} INFO - Processing file /opt/airflow/dags/dag_scraping_twitter.py for tasks to queue
[2026-02-07T08:30:14.528+0700] {logging_mixin.py:190} INFO - [2026-02-07T08:30:14.527+0700] {dagbag.py:587} INFO - Filling up the DagBag from /opt/airflow/dags/dag_scraping_twitter.py
[2026-02-07T08:30:14.709+0700] {processor.py:925} INFO - DAG(s) 'dag_scraping_twitter' retrieved from /opt/airflow/dags/dag_scraping_twitter.py
[2026-02-07T08:30:14.798+0700] {logging_mixin.py:190} INFO - [2026-02-07T08:30:14.797+0700] {dag.py:3211} INFO - Sync 1 DAGs
[2026-02-07T08:30:14.873+0700] {logging_mixin.py:190} INFO - [2026-02-07T08:30:14.873+0700] {dag.py:4138} INFO - Setting next_dagrun for dag_scraping_twitter to 2026-02-06 23:00:00+00:00, run_after=2026-02-07 11:00:00+00:00
[2026-02-07T08:30:14.943+0700] {processor.py:208} INFO - Processing /opt/airflow/dags/dag_scraping_twitter.py took 0.454 seconds
[2026-02-07T08:30:45.215+0700] {processor.py:186} INFO - Started process (PID=11640) to work on /opt/airflow/dags/dag_scraping_twitter.py
[2026-02-07T08:30:45.217+0700] {processor.py:914} INFO - Processing file /opt/airflow/dags/dag_scraping_twitter.py for tasks to queue
[2026-02-07T08:30:45.220+0700] {logging_mixin.py:190} INFO - [2026-02-07T08:30:45.220+0700] {dagbag.py:587} INFO - Filling up the DagBag from /opt/airflow/dags/dag_scraping_twitter.py
[2026-02-07T08:30:45.242+0700] {processor.py:925} INFO - DAG(s) 'dag_scraping_twitter' retrieved from /opt/airflow/dags/dag_scraping_twitter.py
[2026-02-07T08:30:45.274+0700] {logging_mixin.py:190} INFO - [2026-02-07T08:30:45.274+0700] {dag.py:3211} INFO - Sync 1 DAGs
[2026-02-07T08:30:45.301+0700] {logging_mixin.py:190} INFO - [2026-02-07T08:30:45.301+0700] {dag.py:4138} INFO - Setting next_dagrun for dag_scraping_twitter to 2026-02-06 23:00:00+00:00, run_after=2026-02-07 11:00:00+00:00
[2026-02-07T08:30:45.324+0700] {processor.py:208} INFO - Processing /opt/airflow/dags/dag_scraping_twitter.py took 0.120 seconds
[2026-02-07T08:31:15.514+0700] {processor.py:186} INFO - Started process (PID=11650) to work on /opt/airflow/dags/dag_scraping_twitter.py
[2026-02-07T08:31:15.516+0700] {processor.py:914} INFO - Processing file /opt/airflow/dags/dag_scraping_twitter.py for tasks to queue
[2026-02-07T08:31:15.520+0700] {logging_mixin.py:190} INFO - [2026-02-07T08:31:15.519+0700] {dagbag.py:587} INFO - Filling up the DagBag from /opt/airflow/dags/dag_scraping_twitter.py
[2026-02-07T08:31:15.551+0700] {processor.py:925} INFO - DAG(s) 'dag_scraping_twitter' retrieved from /opt/airflow/dags/dag_scraping_twitter.py
[2026-02-07T08:31:15.591+0700] {logging_mixin.py:190} INFO - [2026-02-07T08:31:15.591+0700] {dag.py:3211} INFO - Sync 1 DAGs
[2026-02-07T08:31:15.628+0700] {logging_mixin.py:190} INFO - [2026-02-07T08:31:15.627+0700] {dag.py:4138} INFO - Setting next_dagrun for dag_scraping_twitter to 2026-02-06 23:00:00+00:00, run_after=2026-02-07 11:00:00+00:00
[2026-02-07T08:31:15.650+0700] {processor.py:208} INFO - Processing /opt/airflow/dags/dag_scraping_twitter.py took 0.144 seconds
[2026-02-07T08:31:45.773+0700] {processor.py:186} INFO - Started process (PID=11660) to work on /opt/airflow/dags/dag_scraping_twitter.py
[2026-02-07T08:31:45.775+0700] {processor.py:914} INFO - Processing file /opt/airflow/dags/dag_scraping_twitter.py for tasks to queue
[2026-02-07T08:31:45.779+0700] {logging_mixin.py:190} INFO - [2026-02-07T08:31:45.779+0700] {dagbag.py:587} INFO - Filling up the DagBag from /opt/airflow/dags/dag_scraping_twitter.py
[2026-02-07T08:31:45.803+0700] {processor.py:925} INFO - DAG(s) 'dag_scraping_twitter' retrieved from /opt/airflow/dags/dag_scraping_twitter.py
[2026-02-07T08:31:45.844+0700] {logging_mixin.py:190} INFO - [2026-02-07T08:31:45.844+0700] {dag.py:3211} INFO - Sync 1 DAGs
[2026-02-07T08:31:45.879+0700] {logging_mixin.py:190} INFO - [2026-02-07T08:31:45.879+0700] {dag.py:4138} INFO - Setting next_dagrun for dag_scraping_twitter to 2026-02-06 23:00:00+00:00, run_after=2026-02-07 11:00:00+00:00
[2026-02-07T08:31:45.949+0700] {processor.py:208} INFO - Processing /opt/airflow/dags/dag_scraping_twitter.py took 0.183 seconds
[2026-02-07T08:32:16.069+0700] {processor.py:186} INFO - Started process (PID=11670) to work on /opt/airflow/dags/dag_scraping_twitter.py
[2026-02-07T08:32:16.070+0700] {processor.py:914} INFO - Processing file /opt/airflow/dags/dag_scraping_twitter.py for tasks to queue
[2026-02-07T08:32:16.075+0700] {logging_mixin.py:190} INFO - [2026-02-07T08:32:16.074+0700] {dagbag.py:587} INFO - Filling up the DagBag from /opt/airflow/dags/dag_scraping_twitter.py
[2026-02-07T08:32:16.118+0700] {processor.py:925} INFO - DAG(s) 'dag_scraping_twitter' retrieved from /opt/airflow/dags/dag_scraping_twitter.py
[2026-02-07T08:32:16.203+0700] {logging_mixin.py:190} INFO - [2026-02-07T08:32:16.203+0700] {dag.py:3211} INFO - Sync 1 DAGs
[2026-02-07T08:32:16.274+0700] {logging_mixin.py:190} INFO - [2026-02-07T08:32:16.273+0700] {dag.py:4138} INFO - Setting next_dagrun for dag_scraping_twitter to 2026-02-06 23:00:00+00:00, run_after=2026-02-07 11:00:00+00:00
[2026-02-07T08:32:16.303+0700] {processor.py:208} INFO - Processing /opt/airflow/dags/dag_scraping_twitter.py took 0.242 seconds
[2026-02-07T08:32:46.461+0700] {processor.py:186} INFO - Started process (PID=11680) to work on /opt/airflow/dags/dag_scraping_twitter.py
[2026-02-07T08:32:46.462+0700] {processor.py:914} INFO - Processing file /opt/airflow/dags/dag_scraping_twitter.py for tasks to queue
[2026-02-07T08:32:46.465+0700] {logging_mixin.py:190} INFO - [2026-02-07T08:32:46.464+0700] {dagbag.py:587} INFO - Filling up the DagBag from /opt/airflow/dags/dag_scraping_twitter.py
[2026-02-07T08:32:46.487+0700] {processor.py:925} INFO - DAG(s) 'dag_scraping_twitter' retrieved from /opt/airflow/dags/dag_scraping_twitter.py
[2026-02-07T08:32:46.517+0700] {logging_mixin.py:190} INFO - [2026-02-07T08:32:46.517+0700] {dag.py:3211} INFO - Sync 1 DAGs
[2026-02-07T08:32:46.544+0700] {logging_mixin.py:190} INFO - [2026-02-07T08:32:46.544+0700] {dag.py:4138} INFO - Setting next_dagrun for dag_scraping_twitter to 2026-02-06 23:00:00+00:00, run_after=2026-02-07 11:00:00+00:00
[2026-02-07T08:32:46.570+0700] {processor.py:208} INFO - Processing /opt/airflow/dags/dag_scraping_twitter.py took 0.116 seconds
[2026-02-07T08:33:16.651+0700] {processor.py:186} INFO - Started process (PID=11690) to work on /opt/airflow/dags/dag_scraping_twitter.py
[2026-02-07T08:33:16.653+0700] {processor.py:914} INFO - Processing file /opt/airflow/dags/dag_scraping_twitter.py for tasks to queue
[2026-02-07T08:33:16.657+0700] {logging_mixin.py:190} INFO - [2026-02-07T08:33:16.657+0700] {dagbag.py:587} INFO - Filling up the DagBag from /opt/airflow/dags/dag_scraping_twitter.py
[2026-02-07T08:33:16.697+0700] {processor.py:925} INFO - DAG(s) 'dag_scraping_twitter' retrieved from /opt/airflow/dags/dag_scraping_twitter.py
[2026-02-07T08:33:16.745+0700] {logging_mixin.py:190} INFO - [2026-02-07T08:33:16.745+0700] {dag.py:3211} INFO - Sync 1 DAGs
[2026-02-07T08:33:16.790+0700] {logging_mixin.py:190} INFO - [2026-02-07T08:33:16.789+0700] {dag.py:4138} INFO - Setting next_dagrun for dag_scraping_twitter to 2026-02-06 23:00:00+00:00, run_after=2026-02-07 11:00:00+00:00
[2026-02-07T08:33:16.824+0700] {processor.py:208} INFO - Processing /opt/airflow/dags/dag_scraping_twitter.py took 0.181 seconds
[2026-02-07T08:33:47.010+0700] {processor.py:186} INFO - Started process (PID=11700) to work on /opt/airflow/dags/dag_scraping_twitter.py
[2026-02-07T08:33:47.011+0700] {processor.py:914} INFO - Processing file /opt/airflow/dags/dag_scraping_twitter.py for tasks to queue
[2026-02-07T08:33:47.016+0700] {logging_mixin.py:190} INFO - [2026-02-07T08:33:47.015+0700] {dagbag.py:587} INFO - Filling up the DagBag from /opt/airflow/dags/dag_scraping_twitter.py
[2026-02-07T08:33:47.039+0700] {processor.py:925} INFO - DAG(s) 'dag_scraping_twitter' retrieved from /opt/airflow/dags/dag_scraping_twitter.py
[2026-02-07T08:33:47.075+0700] {logging_mixin.py:190} INFO - [2026-02-07T08:33:47.075+0700] {dag.py:3211} INFO - Sync 1 DAGs
[2026-02-07T08:33:47.106+0700] {logging_mixin.py:190} INFO - [2026-02-07T08:33:47.105+0700] {dag.py:4138} INFO - Setting next_dagrun for dag_scraping_twitter to 2026-02-06 23:00:00+00:00, run_after=2026-02-07 11:00:00+00:00
[2026-02-07T08:33:47.134+0700] {processor.py:208} INFO - Processing /opt/airflow/dags/dag_scraping_twitter.py took 0.131 seconds
[2026-02-07T08:34:17.436+0700] {processor.py:186} INFO - Started process (PID=11710) to work on /opt/airflow/dags/dag_scraping_twitter.py
[2026-02-07T08:34:17.438+0700] {processor.py:914} INFO - Processing file /opt/airflow/dags/dag_scraping_twitter.py for tasks to queue
[2026-02-07T08:34:17.442+0700] {logging_mixin.py:190} INFO - [2026-02-07T08:34:17.442+0700] {dagbag.py:587} INFO - Filling up the DagBag from /opt/airflow/dags/dag_scraping_twitter.py
[2026-02-07T08:34:17.464+0700] {processor.py:925} INFO - DAG(s) 'dag_scraping_twitter' retrieved from /opt/airflow/dags/dag_scraping_twitter.py
[2026-02-07T08:34:17.496+0700] {logging_mixin.py:190} INFO - [2026-02-07T08:34:17.495+0700] {dag.py:3211} INFO - Sync 1 DAGs
[2026-02-07T08:34:17.522+0700] {logging_mixin.py:190} INFO - [2026-02-07T08:34:17.522+0700] {dag.py:4138} INFO - Setting next_dagrun for dag_scraping_twitter to 2026-02-06 23:00:00+00:00, run_after=2026-02-07 11:00:00+00:00
[2026-02-07T08:34:17.545+0700] {processor.py:208} INFO - Processing /opt/airflow/dags/dag_scraping_twitter.py took 0.117 seconds
[2026-02-07T08:34:47.648+0700] {processor.py:186} INFO - Started process (PID=11720) to work on /opt/airflow/dags/dag_scraping_twitter.py
[2026-02-07T08:34:47.650+0700] {processor.py:914} INFO - Processing file /opt/airflow/dags/dag_scraping_twitter.py for tasks to queue
[2026-02-07T08:34:47.654+0700] {logging_mixin.py:190} INFO - [2026-02-07T08:34:47.653+0700] {dagbag.py:587} INFO - Filling up the DagBag from /opt/airflow/dags/dag_scraping_twitter.py
[2026-02-07T08:34:47.680+0700] {processor.py:925} INFO - DAG(s) 'dag_scraping_twitter' retrieved from /opt/airflow/dags/dag_scraping_twitter.py
[2026-02-07T08:34:47.717+0700] {logging_mixin.py:190} INFO - [2026-02-07T08:34:47.716+0700] {dag.py:3211} INFO - Sync 1 DAGs
[2026-02-07T08:34:47.745+0700] {logging_mixin.py:190} INFO - [2026-02-07T08:34:47.745+0700] {dag.py:4138} INFO - Setting next_dagrun for dag_scraping_twitter to 2026-02-06 23:00:00+00:00, run_after=2026-02-07 11:00:00+00:00
[2026-02-07T08:34:47.771+0700] {processor.py:208} INFO - Processing /opt/airflow/dags/dag_scraping_twitter.py took 0.131 seconds
[2026-02-07T08:35:17.943+0700] {processor.py:186} INFO - Started process (PID=11730) to work on /opt/airflow/dags/dag_scraping_twitter.py
[2026-02-07T08:35:17.944+0700] {processor.py:914} INFO - Processing file /opt/airflow/dags/dag_scraping_twitter.py for tasks to queue
[2026-02-07T08:35:17.946+0700] {logging_mixin.py:190} INFO - [2026-02-07T08:35:17.946+0700] {dagbag.py:587} INFO - Filling up the DagBag from /opt/airflow/dags/dag_scraping_twitter.py
[2026-02-07T08:35:17.973+0700] {processor.py:925} INFO - DAG(s) 'dag_scraping_twitter' retrieved from /opt/airflow/dags/dag_scraping_twitter.py
[2026-02-07T08:35:18.011+0700] {logging_mixin.py:190} INFO - [2026-02-07T08:35:18.010+0700] {dag.py:3211} INFO - Sync 1 DAGs
[2026-02-07T08:35:18.044+0700] {logging_mixin.py:190} INFO - [2026-02-07T08:35:18.043+0700] {dag.py:4138} INFO - Setting next_dagrun for dag_scraping_twitter to 2026-02-06 23:00:00+00:00, run_after=2026-02-07 11:00:00+00:00
[2026-02-07T08:35:18.069+0700] {processor.py:208} INFO - Processing /opt/airflow/dags/dag_scraping_twitter.py took 0.135 seconds
[2026-02-07T08:35:48.163+0700] {processor.py:186} INFO - Started process (PID=11740) to work on /opt/airflow/dags/dag_scraping_twitter.py
[2026-02-07T08:35:48.165+0700] {processor.py:914} INFO - Processing file /opt/airflow/dags/dag_scraping_twitter.py for tasks to queue
[2026-02-07T08:35:48.168+0700] {logging_mixin.py:190} INFO - [2026-02-07T08:35:48.167+0700] {dagbag.py:587} INFO - Filling up the DagBag from /opt/airflow/dags/dag_scraping_twitter.py
[2026-02-07T08:35:48.191+0700] {processor.py:925} INFO - DAG(s) 'dag_scraping_twitter' retrieved from /opt/airflow/dags/dag_scraping_twitter.py
[2026-02-07T08:35:48.225+0700] {logging_mixin.py:190} INFO - [2026-02-07T08:35:48.225+0700] {dag.py:3211} INFO - Sync 1 DAGs
[2026-02-07T08:35:48.252+0700] {logging_mixin.py:190} INFO - [2026-02-07T08:35:48.251+0700] {dag.py:4138} INFO - Setting next_dagrun for dag_scraping_twitter to 2026-02-06 23:00:00+00:00, run_after=2026-02-07 11:00:00+00:00
[2026-02-07T08:35:48.277+0700] {processor.py:208} INFO - Processing /opt/airflow/dags/dag_scraping_twitter.py took 0.122 seconds
[2026-02-07T08:36:18.541+0700] {processor.py:186} INFO - Started process (PID=11750) to work on /opt/airflow/dags/dag_scraping_twitter.py
[2026-02-07T08:36:18.542+0700] {processor.py:914} INFO - Processing file /opt/airflow/dags/dag_scraping_twitter.py for tasks to queue
[2026-02-07T08:36:18.545+0700] {logging_mixin.py:190} INFO - [2026-02-07T08:36:18.544+0700] {dagbag.py:587} INFO - Filling up the DagBag from /opt/airflow/dags/dag_scraping_twitter.py
[2026-02-07T08:36:18.564+0700] {processor.py:925} INFO - DAG(s) 'dag_scraping_twitter' retrieved from /opt/airflow/dags/dag_scraping_twitter.py
[2026-02-07T08:36:18.594+0700] {logging_mixin.py:190} INFO - [2026-02-07T08:36:18.594+0700] {dag.py:3211} INFO - Sync 1 DAGs
[2026-02-07T08:36:18.620+0700] {logging_mixin.py:190} INFO - [2026-02-07T08:36:18.620+0700] {dag.py:4138} INFO - Setting next_dagrun for dag_scraping_twitter to 2026-02-06 23:00:00+00:00, run_after=2026-02-07 11:00:00+00:00
[2026-02-07T08:36:18.646+0700] {processor.py:208} INFO - Processing /opt/airflow/dags/dag_scraping_twitter.py took 0.112 seconds
[2026-02-07T08:36:48.861+0700] {processor.py:186} INFO - Started process (PID=11760) to work on /opt/airflow/dags/dag_scraping_twitter.py
[2026-02-07T08:36:48.862+0700] {processor.py:914} INFO - Processing file /opt/airflow/dags/dag_scraping_twitter.py for tasks to queue
[2026-02-07T08:36:48.866+0700] {logging_mixin.py:190} INFO - [2026-02-07T08:36:48.866+0700] {dagbag.py:587} INFO - Filling up the DagBag from /opt/airflow/dags/dag_scraping_twitter.py
[2026-02-07T08:36:48.887+0700] {processor.py:925} INFO - DAG(s) 'dag_scraping_twitter' retrieved from /opt/airflow/dags/dag_scraping_twitter.py
[2026-02-07T08:36:48.918+0700] {logging_mixin.py:190} INFO - [2026-02-07T08:36:48.917+0700] {dag.py:3211} INFO - Sync 1 DAGs
[2026-02-07T08:36:48.942+0700] {logging_mixin.py:190} INFO - [2026-02-07T08:36:48.942+0700] {dag.py:4138} INFO - Setting next_dagrun for dag_scraping_twitter to 2026-02-06 23:00:00+00:00, run_after=2026-02-07 11:00:00+00:00
[2026-02-07T08:36:48.969+0700] {processor.py:208} INFO - Processing /opt/airflow/dags/dag_scraping_twitter.py took 0.116 seconds
[2026-02-07T08:37:19.250+0700] {processor.py:186} INFO - Started process (PID=11770) to work on /opt/airflow/dags/dag_scraping_twitter.py
[2026-02-07T08:37:19.251+0700] {processor.py:914} INFO - Processing file /opt/airflow/dags/dag_scraping_twitter.py for tasks to queue
[2026-02-07T08:37:19.254+0700] {logging_mixin.py:190} INFO - [2026-02-07T08:37:19.254+0700] {dagbag.py:587} INFO - Filling up the DagBag from /opt/airflow/dags/dag_scraping_twitter.py
[2026-02-07T08:37:19.285+0700] {processor.py:925} INFO - DAG(s) 'dag_scraping_twitter' retrieved from /opt/airflow/dags/dag_scraping_twitter.py
[2026-02-07T08:37:19.328+0700] {logging_mixin.py:190} INFO - [2026-02-07T08:37:19.327+0700] {dag.py:3211} INFO - Sync 1 DAGs
[2026-02-07T08:37:19.372+0700] {logging_mixin.py:190} INFO - [2026-02-07T08:37:19.372+0700] {dag.py:4138} INFO - Setting next_dagrun for dag_scraping_twitter to 2026-02-06 23:00:00+00:00, run_after=2026-02-07 11:00:00+00:00
[2026-02-07T08:37:19.401+0700] {processor.py:208} INFO - Processing /opt/airflow/dags/dag_scraping_twitter.py took 0.159 seconds
[2026-02-07T08:37:49.480+0700] {processor.py:186} INFO - Started process (PID=11780) to work on /opt/airflow/dags/dag_scraping_twitter.py
[2026-02-07T08:37:49.481+0700] {processor.py:914} INFO - Processing file /opt/airflow/dags/dag_scraping_twitter.py for tasks to queue
[2026-02-07T08:37:49.485+0700] {logging_mixin.py:190} INFO - [2026-02-07T08:37:49.485+0700] {dagbag.py:587} INFO - Filling up the DagBag from /opt/airflow/dags/dag_scraping_twitter.py
[2026-02-07T08:37:49.506+0700] {processor.py:925} INFO - DAG(s) 'dag_scraping_twitter' retrieved from /opt/airflow/dags/dag_scraping_twitter.py
[2026-02-07T08:37:49.548+0700] {logging_mixin.py:190} INFO - [2026-02-07T08:37:49.548+0700] {dag.py:3211} INFO - Sync 1 DAGs
[2026-02-07T08:37:49.575+0700] {logging_mixin.py:190} INFO - [2026-02-07T08:37:49.575+0700] {dag.py:4138} INFO - Setting next_dagrun for dag_scraping_twitter to 2026-02-06 23:00:00+00:00, run_after=2026-02-07 11:00:00+00:00
[2026-02-07T08:37:49.601+0700] {processor.py:208} INFO - Processing /opt/airflow/dags/dag_scraping_twitter.py took 0.129 seconds
[2026-02-07T08:38:19.775+0700] {processor.py:186} INFO - Started process (PID=11793) to work on /opt/airflow/dags/dag_scraping_twitter.py
[2026-02-07T08:38:19.776+0700] {processor.py:914} INFO - Processing file /opt/airflow/dags/dag_scraping_twitter.py for tasks to queue
[2026-02-07T08:38:19.781+0700] {logging_mixin.py:190} INFO - [2026-02-07T08:38:19.780+0700] {dagbag.py:587} INFO - Filling up the DagBag from /opt/airflow/dags/dag_scraping_twitter.py
[2026-02-07T08:38:19.804+0700] {processor.py:925} INFO - DAG(s) 'dag_scraping_twitter' retrieved from /opt/airflow/dags/dag_scraping_twitter.py
[2026-02-07T08:38:19.832+0700] {logging_mixin.py:190} INFO - [2026-02-07T08:38:19.832+0700] {dag.py:3211} INFO - Sync 1 DAGs
[2026-02-07T08:38:19.863+0700] {logging_mixin.py:190} INFO - [2026-02-07T08:38:19.863+0700] {dag.py:4138} INFO - Setting next_dagrun for dag_scraping_twitter to 2026-02-06 23:00:00+00:00, run_after=2026-02-07 11:00:00+00:00
[2026-02-07T08:38:19.884+0700] {processor.py:208} INFO - Processing /opt/airflow/dags/dag_scraping_twitter.py took 0.118 seconds
[2026-02-07T08:38:50.409+0700] {processor.py:186} INFO - Started process (PID=11800) to work on /opt/airflow/dags/dag_scraping_twitter.py
[2026-02-07T08:38:50.411+0700] {processor.py:914} INFO - Processing file /opt/airflow/dags/dag_scraping_twitter.py for tasks to queue
[2026-02-07T08:38:50.415+0700] {logging_mixin.py:190} INFO - [2026-02-07T08:38:50.414+0700] {dagbag.py:587} INFO - Filling up the DagBag from /opt/airflow/dags/dag_scraping_twitter.py
[2026-02-07T08:38:50.439+0700] {processor.py:925} INFO - DAG(s) 'dag_scraping_twitter' retrieved from /opt/airflow/dags/dag_scraping_twitter.py
[2026-02-07T08:38:50.468+0700] {logging_mixin.py:190} INFO - [2026-02-07T08:38:50.468+0700] {dag.py:3211} INFO - Sync 1 DAGs
[2026-02-07T08:38:50.494+0700] {logging_mixin.py:190} INFO - [2026-02-07T08:38:50.494+0700] {dag.py:4138} INFO - Setting next_dagrun for dag_scraping_twitter to 2026-02-06 23:00:00+00:00, run_after=2026-02-07 11:00:00+00:00
[2026-02-07T08:38:50.520+0700] {processor.py:208} INFO - Processing /opt/airflow/dags/dag_scraping_twitter.py took 0.118 seconds
[2026-02-07T08:39:20.832+0700] {processor.py:186} INFO - Started process (PID=11810) to work on /opt/airflow/dags/dag_scraping_twitter.py
[2026-02-07T08:39:20.834+0700] {processor.py:914} INFO - Processing file /opt/airflow/dags/dag_scraping_twitter.py for tasks to queue
[2026-02-07T08:39:20.843+0700] {logging_mixin.py:190} INFO - [2026-02-07T08:39:20.842+0700] {dagbag.py:587} INFO - Filling up the DagBag from /opt/airflow/dags/dag_scraping_twitter.py
[2026-02-07T08:39:20.882+0700] {processor.py:925} INFO - DAG(s) 'dag_scraping_twitter' retrieved from /opt/airflow/dags/dag_scraping_twitter.py
[2026-02-07T08:39:20.980+0700] {logging_mixin.py:190} INFO - [2026-02-07T08:39:20.980+0700] {dag.py:3211} INFO - Sync 1 DAGs
[2026-02-07T08:39:21.064+0700] {logging_mixin.py:190} INFO - [2026-02-07T08:39:21.064+0700] {dag.py:4138} INFO - Setting next_dagrun for dag_scraping_twitter to 2026-02-06 23:00:00+00:00, run_after=2026-02-07 11:00:00+00:00
[2026-02-07T08:39:21.112+0700] {processor.py:208} INFO - Processing /opt/airflow/dags/dag_scraping_twitter.py took 0.288 seconds
[2026-02-07T08:39:51.445+0700] {processor.py:186} INFO - Started process (PID=11820) to work on /opt/airflow/dags/dag_scraping_twitter.py
[2026-02-07T08:39:51.446+0700] {processor.py:914} INFO - Processing file /opt/airflow/dags/dag_scraping_twitter.py for tasks to queue
[2026-02-07T08:39:51.449+0700] {logging_mixin.py:190} INFO - [2026-02-07T08:39:51.449+0700] {dagbag.py:587} INFO - Filling up the DagBag from /opt/airflow/dags/dag_scraping_twitter.py
[2026-02-07T08:39:51.477+0700] {processor.py:925} INFO - DAG(s) 'dag_scraping_twitter' retrieved from /opt/airflow/dags/dag_scraping_twitter.py
[2026-02-07T08:39:51.522+0700] {logging_mixin.py:190} INFO - [2026-02-07T08:39:51.522+0700] {dag.py:3211} INFO - Sync 1 DAGs
[2026-02-07T08:39:51.558+0700] {logging_mixin.py:190} INFO - [2026-02-07T08:39:51.558+0700] {dag.py:4138} INFO - Setting next_dagrun for dag_scraping_twitter to 2026-02-06 23:00:00+00:00, run_after=2026-02-07 11:00:00+00:00
[2026-02-07T08:39:51.592+0700] {processor.py:208} INFO - Processing /opt/airflow/dags/dag_scraping_twitter.py took 0.155 seconds
[2026-02-07T08:40:21.917+0700] {processor.py:186} INFO - Started process (PID=11830) to work on /opt/airflow/dags/dag_scraping_twitter.py
[2026-02-07T08:40:21.918+0700] {processor.py:914} INFO - Processing file /opt/airflow/dags/dag_scraping_twitter.py for tasks to queue
[2026-02-07T08:40:21.921+0700] {logging_mixin.py:190} INFO - [2026-02-07T08:40:21.920+0700] {dagbag.py:587} INFO - Filling up the DagBag from /opt/airflow/dags/dag_scraping_twitter.py
[2026-02-07T08:40:21.944+0700] {processor.py:925} INFO - DAG(s) 'dag_scraping_twitter' retrieved from /opt/airflow/dags/dag_scraping_twitter.py
[2026-02-07T08:40:21.976+0700] {logging_mixin.py:190} INFO - [2026-02-07T08:40:21.976+0700] {dag.py:3211} INFO - Sync 1 DAGs
[2026-02-07T08:40:22.004+0700] {logging_mixin.py:190} INFO - [2026-02-07T08:40:22.004+0700] {dag.py:4138} INFO - Setting next_dagrun for dag_scraping_twitter to 2026-02-06 23:00:00+00:00, run_after=2026-02-07 11:00:00+00:00
[2026-02-07T08:40:22.031+0700] {processor.py:208} INFO - Processing /opt/airflow/dags/dag_scraping_twitter.py took 0.122 seconds
[2026-02-07T08:40:52.190+0700] {processor.py:186} INFO - Started process (PID=11840) to work on /opt/airflow/dags/dag_scraping_twitter.py
[2026-02-07T08:40:52.191+0700] {processor.py:914} INFO - Processing file /opt/airflow/dags/dag_scraping_twitter.py for tasks to queue
[2026-02-07T08:40:52.194+0700] {logging_mixin.py:190} INFO - [2026-02-07T08:40:52.194+0700] {dagbag.py:587} INFO - Filling up the DagBag from /opt/airflow/dags/dag_scraping_twitter.py
[2026-02-07T08:40:52.215+0700] {processor.py:925} INFO - DAG(s) 'dag_scraping_twitter' retrieved from /opt/airflow/dags/dag_scraping_twitter.py
[2026-02-07T08:40:52.243+0700] {logging_mixin.py:190} INFO - [2026-02-07T08:40:52.242+0700] {dag.py:3211} INFO - Sync 1 DAGs
[2026-02-07T08:40:52.269+0700] {logging_mixin.py:190} INFO - [2026-02-07T08:40:52.269+0700] {dag.py:4138} INFO - Setting next_dagrun for dag_scraping_twitter to 2026-02-06 23:00:00+00:00, run_after=2026-02-07 11:00:00+00:00
[2026-02-07T08:40:52.295+0700] {processor.py:208} INFO - Processing /opt/airflow/dags/dag_scraping_twitter.py took 0.112 seconds
[2026-02-07T08:41:22.353+0700] {processor.py:186} INFO - Started process (PID=11850) to work on /opt/airflow/dags/dag_scraping_twitter.py
[2026-02-07T08:41:22.354+0700] {processor.py:914} INFO - Processing file /opt/airflow/dags/dag_scraping_twitter.py for tasks to queue
[2026-02-07T08:41:22.359+0700] {logging_mixin.py:190} INFO - [2026-02-07T08:41:22.358+0700] {dagbag.py:587} INFO - Filling up the DagBag from /opt/airflow/dags/dag_scraping_twitter.py
[2026-02-07T08:41:22.380+0700] {processor.py:925} INFO - DAG(s) 'dag_scraping_twitter' retrieved from /opt/airflow/dags/dag_scraping_twitter.py
[2026-02-07T08:41:22.411+0700] {logging_mixin.py:190} INFO - [2026-02-07T08:41:22.411+0700] {dag.py:3211} INFO - Sync 1 DAGs
[2026-02-07T08:41:22.442+0700] {logging_mixin.py:190} INFO - [2026-02-07T08:41:22.442+0700] {dag.py:4138} INFO - Setting next_dagrun for dag_scraping_twitter to 2026-02-06 23:00:00+00:00, run_after=2026-02-07 11:00:00+00:00
[2026-02-07T08:41:22.473+0700] {processor.py:208} INFO - Processing /opt/airflow/dags/dag_scraping_twitter.py took 0.127 seconds
[2026-02-07T08:41:52.715+0700] {processor.py:186} INFO - Started process (PID=11860) to work on /opt/airflow/dags/dag_scraping_twitter.py
[2026-02-07T08:41:52.716+0700] {processor.py:914} INFO - Processing file /opt/airflow/dags/dag_scraping_twitter.py for tasks to queue
[2026-02-07T08:41:52.719+0700] {logging_mixin.py:190} INFO - [2026-02-07T08:41:52.719+0700] {dagbag.py:587} INFO - Filling up the DagBag from /opt/airflow/dags/dag_scraping_twitter.py
[2026-02-07T08:41:52.738+0700] {processor.py:925} INFO - DAG(s) 'dag_scraping_twitter' retrieved from /opt/airflow/dags/dag_scraping_twitter.py
[2026-02-07T08:41:52.778+0700] {logging_mixin.py:190} INFO - [2026-02-07T08:41:52.778+0700] {dag.py:3211} INFO - Sync 1 DAGs
[2026-02-07T08:41:52.807+0700] {logging_mixin.py:190} INFO - [2026-02-07T08:41:52.807+0700] {dag.py:4138} INFO - Setting next_dagrun for dag_scraping_twitter to 2026-02-06 23:00:00+00:00, run_after=2026-02-07 11:00:00+00:00
[2026-02-07T08:41:52.831+0700] {processor.py:208} INFO - Processing /opt/airflow/dags/dag_scraping_twitter.py took 0.123 seconds
[2026-02-07T08:42:22.923+0700] {processor.py:186} INFO - Started process (PID=11870) to work on /opt/airflow/dags/dag_scraping_twitter.py
[2026-02-07T08:42:22.925+0700] {processor.py:914} INFO - Processing file /opt/airflow/dags/dag_scraping_twitter.py for tasks to queue
[2026-02-07T08:42:22.930+0700] {logging_mixin.py:190} INFO - [2026-02-07T08:42:22.929+0700] {dagbag.py:587} INFO - Filling up the DagBag from /opt/airflow/dags/dag_scraping_twitter.py
[2026-02-07T08:42:22.965+0700] {processor.py:925} INFO - DAG(s) 'dag_scraping_twitter' retrieved from /opt/airflow/dags/dag_scraping_twitter.py
[2026-02-07T08:42:23.010+0700] {logging_mixin.py:190} INFO - [2026-02-07T08:42:23.010+0700] {dag.py:3211} INFO - Sync 1 DAGs
[2026-02-07T08:42:23.094+0700] {logging_mixin.py:190} INFO - [2026-02-07T08:42:23.094+0700] {dag.py:4138} INFO - Setting next_dagrun for dag_scraping_twitter to 2026-02-06 23:00:00+00:00, run_after=2026-02-07 11:00:00+00:00
[2026-02-07T08:42:23.145+0700] {processor.py:208} INFO - Processing /opt/airflow/dags/dag_scraping_twitter.py took 0.237 seconds
[2026-02-07T08:42:53.485+0700] {processor.py:186} INFO - Started process (PID=11880) to work on /opt/airflow/dags/dag_scraping_twitter.py
[2026-02-07T08:42:53.486+0700] {processor.py:914} INFO - Processing file /opt/airflow/dags/dag_scraping_twitter.py for tasks to queue
[2026-02-07T08:42:53.491+0700] {logging_mixin.py:190} INFO - [2026-02-07T08:42:53.489+0700] {dagbag.py:587} INFO - Filling up the DagBag from /opt/airflow/dags/dag_scraping_twitter.py
[2026-02-07T08:42:53.528+0700] {processor.py:925} INFO - DAG(s) 'dag_scraping_twitter' retrieved from /opt/airflow/dags/dag_scraping_twitter.py
[2026-02-07T08:42:53.557+0700] {logging_mixin.py:190} INFO - [2026-02-07T08:42:53.557+0700] {dag.py:3211} INFO - Sync 1 DAGs
[2026-02-07T08:42:53.583+0700] {logging_mixin.py:190} INFO - [2026-02-07T08:42:53.583+0700] {dag.py:4138} INFO - Setting next_dagrun for dag_scraping_twitter to 2026-02-06 23:00:00+00:00, run_after=2026-02-07 11:00:00+00:00
[2026-02-07T08:42:53.607+0700] {processor.py:208} INFO - Processing /opt/airflow/dags/dag_scraping_twitter.py took 0.130 seconds
[2026-02-07T08:43:24.077+0700] {processor.py:186} INFO - Started process (PID=11890) to work on /opt/airflow/dags/dag_scraping_twitter.py
[2026-02-07T08:43:24.080+0700] {processor.py:914} INFO - Processing file /opt/airflow/dags/dag_scraping_twitter.py for tasks to queue
[2026-02-07T08:43:24.089+0700] {logging_mixin.py:190} INFO - [2026-02-07T08:43:24.088+0700] {dagbag.py:587} INFO - Filling up the DagBag from /opt/airflow/dags/dag_scraping_twitter.py
[2026-02-07T08:43:24.117+0700] {processor.py:925} INFO - DAG(s) 'dag_scraping_twitter' retrieved from /opt/airflow/dags/dag_scraping_twitter.py
[2026-02-07T08:43:24.152+0700] {logging_mixin.py:190} INFO - [2026-02-07T08:43:24.152+0700] {dag.py:3211} INFO - Sync 1 DAGs
[2026-02-07T08:43:24.179+0700] {logging_mixin.py:190} INFO - [2026-02-07T08:43:24.179+0700] {dag.py:4138} INFO - Setting next_dagrun for dag_scraping_twitter to 2026-02-06 23:00:00+00:00, run_after=2026-02-07 11:00:00+00:00
[2026-02-07T08:43:24.202+0700] {processor.py:208} INFO - Processing /opt/airflow/dags/dag_scraping_twitter.py took 0.134 seconds
[2026-02-07T08:43:54.901+0700] {processor.py:186} INFO - Started process (PID=11900) to work on /opt/airflow/dags/dag_scraping_twitter.py
[2026-02-07T08:43:54.903+0700] {processor.py:914} INFO - Processing file /opt/airflow/dags/dag_scraping_twitter.py for tasks to queue
[2026-02-07T08:43:54.906+0700] {logging_mixin.py:190} INFO - [2026-02-07T08:43:54.906+0700] {dagbag.py:587} INFO - Filling up the DagBag from /opt/airflow/dags/dag_scraping_twitter.py
[2026-02-07T08:43:54.927+0700] {processor.py:925} INFO - DAG(s) 'dag_scraping_twitter' retrieved from /opt/airflow/dags/dag_scraping_twitter.py
[2026-02-07T08:43:54.957+0700] {logging_mixin.py:190} INFO - [2026-02-07T08:43:54.957+0700] {dag.py:3211} INFO - Sync 1 DAGs
[2026-02-07T08:43:54.982+0700] {logging_mixin.py:190} INFO - [2026-02-07T08:43:54.982+0700] {dag.py:4138} INFO - Setting next_dagrun for dag_scraping_twitter to 2026-02-06 23:00:00+00:00, run_after=2026-02-07 11:00:00+00:00
[2026-02-07T08:43:55.008+0700] {processor.py:208} INFO - Processing /opt/airflow/dags/dag_scraping_twitter.py took 0.114 seconds
[2026-02-07T08:44:25.153+0700] {processor.py:186} INFO - Started process (PID=11910) to work on /opt/airflow/dags/dag_scraping_twitter.py
[2026-02-07T08:44:25.154+0700] {processor.py:914} INFO - Processing file /opt/airflow/dags/dag_scraping_twitter.py for tasks to queue
[2026-02-07T08:44:25.157+0700] {logging_mixin.py:190} INFO - [2026-02-07T08:44:25.156+0700] {dagbag.py:587} INFO - Filling up the DagBag from /opt/airflow/dags/dag_scraping_twitter.py
[2026-02-07T08:44:25.175+0700] {processor.py:925} INFO - DAG(s) 'dag_scraping_twitter' retrieved from /opt/airflow/dags/dag_scraping_twitter.py
[2026-02-07T08:44:25.204+0700] {logging_mixin.py:190} INFO - [2026-02-07T08:44:25.204+0700] {dag.py:3211} INFO - Sync 1 DAGs
[2026-02-07T08:44:25.231+0700] {logging_mixin.py:190} INFO - [2026-02-07T08:44:25.231+0700] {dag.py:4138} INFO - Setting next_dagrun for dag_scraping_twitter to 2026-02-06 23:00:00+00:00, run_after=2026-02-07 11:00:00+00:00
[2026-02-07T08:44:25.256+0700] {processor.py:208} INFO - Processing /opt/airflow/dags/dag_scraping_twitter.py took 0.110 seconds
[2026-02-07T08:44:55.559+0700] {processor.py:186} INFO - Started process (PID=11920) to work on /opt/airflow/dags/dag_scraping_twitter.py
[2026-02-07T08:44:55.560+0700] {processor.py:914} INFO - Processing file /opt/airflow/dags/dag_scraping_twitter.py for tasks to queue
[2026-02-07T08:44:55.563+0700] {logging_mixin.py:190} INFO - [2026-02-07T08:44:55.563+0700] {dagbag.py:587} INFO - Filling up the DagBag from /opt/airflow/dags/dag_scraping_twitter.py
[2026-02-07T08:44:55.582+0700] {processor.py:925} INFO - DAG(s) 'dag_scraping_twitter' retrieved from /opt/airflow/dags/dag_scraping_twitter.py
[2026-02-07T08:44:55.614+0700] {logging_mixin.py:190} INFO - [2026-02-07T08:44:55.614+0700] {dag.py:3211} INFO - Sync 1 DAGs
[2026-02-07T08:44:55.640+0700] {logging_mixin.py:190} INFO - [2026-02-07T08:44:55.640+0700] {dag.py:4138} INFO - Setting next_dagrun for dag_scraping_twitter to 2026-02-06 23:00:00+00:00, run_after=2026-02-07 11:00:00+00:00
[2026-02-07T08:44:55.664+0700] {processor.py:208} INFO - Processing /opt/airflow/dags/dag_scraping_twitter.py took 0.112 seconds
[2026-02-07T08:45:25.969+0700] {processor.py:186} INFO - Started process (PID=11930) to work on /opt/airflow/dags/dag_scraping_twitter.py
[2026-02-07T08:45:25.970+0700] {processor.py:914} INFO - Processing file /opt/airflow/dags/dag_scraping_twitter.py for tasks to queue
[2026-02-07T08:45:25.973+0700] {logging_mixin.py:190} INFO - [2026-02-07T08:45:25.972+0700] {dagbag.py:587} INFO - Filling up the DagBag from /opt/airflow/dags/dag_scraping_twitter.py
[2026-02-07T08:45:25.992+0700] {processor.py:925} INFO - DAG(s) 'dag_scraping_twitter' retrieved from /opt/airflow/dags/dag_scraping_twitter.py
[2026-02-07T08:45:26.025+0700] {logging_mixin.py:190} INFO - [2026-02-07T08:45:26.024+0700] {dag.py:3211} INFO - Sync 1 DAGs
[2026-02-07T08:45:26.050+0700] {logging_mixin.py:190} INFO - [2026-02-07T08:45:26.050+0700] {dag.py:4138} INFO - Setting next_dagrun for dag_scraping_twitter to 2026-02-06 23:00:00+00:00, run_after=2026-02-07 11:00:00+00:00
[2026-02-07T08:45:26.074+0700] {processor.py:208} INFO - Processing /opt/airflow/dags/dag_scraping_twitter.py took 0.112 seconds
[2026-02-07T08:45:56.167+0700] {processor.py:186} INFO - Started process (PID=11940) to work on /opt/airflow/dags/dag_scraping_twitter.py
[2026-02-07T08:45:56.169+0700] {processor.py:914} INFO - Processing file /opt/airflow/dags/dag_scraping_twitter.py for tasks to queue
[2026-02-07T08:45:56.172+0700] {logging_mixin.py:190} INFO - [2026-02-07T08:45:56.171+0700] {dagbag.py:587} INFO - Filling up the DagBag from /opt/airflow/dags/dag_scraping_twitter.py
[2026-02-07T08:45:56.189+0700] {processor.py:925} INFO - DAG(s) 'dag_scraping_twitter' retrieved from /opt/airflow/dags/dag_scraping_twitter.py
[2026-02-07T08:45:56.217+0700] {logging_mixin.py:190} INFO - [2026-02-07T08:45:56.216+0700] {dag.py:3211} INFO - Sync 1 DAGs
[2026-02-07T08:45:56.241+0700] {logging_mixin.py:190} INFO - [2026-02-07T08:45:56.241+0700] {dag.py:4138} INFO - Setting next_dagrun for dag_scraping_twitter to 2026-02-06 23:00:00+00:00, run_after=2026-02-07 11:00:00+00:00
[2026-02-07T08:45:56.268+0700] {processor.py:208} INFO - Processing /opt/airflow/dags/dag_scraping_twitter.py took 0.107 seconds
[2026-02-07T08:46:26.494+0700] {processor.py:186} INFO - Started process (PID=11950) to work on /opt/airflow/dags/dag_scraping_twitter.py
[2026-02-07T08:46:26.495+0700] {processor.py:914} INFO - Processing file /opt/airflow/dags/dag_scraping_twitter.py for tasks to queue
[2026-02-07T08:46:26.499+0700] {logging_mixin.py:190} INFO - [2026-02-07T08:46:26.498+0700] {dagbag.py:587} INFO - Filling up the DagBag from /opt/airflow/dags/dag_scraping_twitter.py
[2026-02-07T08:46:26.519+0700] {processor.py:925} INFO - DAG(s) 'dag_scraping_twitter' retrieved from /opt/airflow/dags/dag_scraping_twitter.py
[2026-02-07T08:46:26.550+0700] {logging_mixin.py:190} INFO - [2026-02-07T08:46:26.550+0700] {dag.py:3211} INFO - Sync 1 DAGs
[2026-02-07T08:46:26.576+0700] {logging_mixin.py:190} INFO - [2026-02-07T08:46:26.576+0700] {dag.py:4138} INFO - Setting next_dagrun for dag_scraping_twitter to 2026-02-06 23:00:00+00:00, run_after=2026-02-07 11:00:00+00:00
[2026-02-07T08:46:26.614+0700] {processor.py:208} INFO - Processing /opt/airflow/dags/dag_scraping_twitter.py took 0.128 seconds
[2026-02-07T08:46:57.621+0700] {processor.py:186} INFO - Started process (PID=11960) to work on /opt/airflow/dags/dag_scraping_twitter.py
[2026-02-07T08:46:57.623+0700] {processor.py:914} INFO - Processing file /opt/airflow/dags/dag_scraping_twitter.py for tasks to queue
[2026-02-07T08:46:57.630+0700] {logging_mixin.py:190} INFO - [2026-02-07T08:46:57.629+0700] {dagbag.py:587} INFO - Filling up the DagBag from /opt/airflow/dags/dag_scraping_twitter.py
[2026-02-07T08:46:57.653+0700] {processor.py:925} INFO - DAG(s) 'dag_scraping_twitter' retrieved from /opt/airflow/dags/dag_scraping_twitter.py
[2026-02-07T08:46:57.684+0700] {logging_mixin.py:190} INFO - [2026-02-07T08:46:57.684+0700] {dag.py:3211} INFO - Sync 1 DAGs
[2026-02-07T08:46:57.716+0700] {logging_mixin.py:190} INFO - [2026-02-07T08:46:57.715+0700] {dag.py:4138} INFO - Setting next_dagrun for dag_scraping_twitter to 2026-02-06 23:00:00+00:00, run_after=2026-02-07 11:00:00+00:00
[2026-02-07T08:46:57.736+0700] {processor.py:208} INFO - Processing /opt/airflow/dags/dag_scraping_twitter.py took 0.125 seconds
[2026-02-07T08:47:27.981+0700] {processor.py:186} INFO - Started process (PID=11970) to work on /opt/airflow/dags/dag_scraping_twitter.py
[2026-02-07T08:47:27.982+0700] {processor.py:914} INFO - Processing file /opt/airflow/dags/dag_scraping_twitter.py for tasks to queue
[2026-02-07T08:47:27.986+0700] {logging_mixin.py:190} INFO - [2026-02-07T08:47:27.986+0700] {dagbag.py:587} INFO - Filling up the DagBag from /opt/airflow/dags/dag_scraping_twitter.py
[2026-02-07T08:47:28.009+0700] {processor.py:925} INFO - DAG(s) 'dag_scraping_twitter' retrieved from /opt/airflow/dags/dag_scraping_twitter.py
[2026-02-07T08:47:28.039+0700] {logging_mixin.py:190} INFO - [2026-02-07T08:47:28.039+0700] {dag.py:3211} INFO - Sync 1 DAGs
[2026-02-07T08:47:28.068+0700] {logging_mixin.py:190} INFO - [2026-02-07T08:47:28.068+0700] {dag.py:4138} INFO - Setting next_dagrun for dag_scraping_twitter to 2026-02-06 23:00:00+00:00, run_after=2026-02-07 11:00:00+00:00
[2026-02-07T08:47:28.094+0700] {processor.py:208} INFO - Processing /opt/airflow/dags/dag_scraping_twitter.py took 0.122 seconds
[2026-02-07T08:47:58.195+0700] {processor.py:186} INFO - Started process (PID=11980) to work on /opt/airflow/dags/dag_scraping_twitter.py
[2026-02-07T08:47:58.196+0700] {processor.py:914} INFO - Processing file /opt/airflow/dags/dag_scraping_twitter.py for tasks to queue
[2026-02-07T08:47:58.199+0700] {logging_mixin.py:190} INFO - [2026-02-07T08:47:58.198+0700] {dagbag.py:587} INFO - Filling up the DagBag from /opt/airflow/dags/dag_scraping_twitter.py
[2026-02-07T08:47:58.219+0700] {processor.py:925} INFO - DAG(s) 'dag_scraping_twitter' retrieved from /opt/airflow/dags/dag_scraping_twitter.py
[2026-02-07T08:47:58.253+0700] {logging_mixin.py:190} INFO - [2026-02-07T08:47:58.253+0700] {dag.py:3211} INFO - Sync 1 DAGs
[2026-02-07T08:47:58.281+0700] {logging_mixin.py:190} INFO - [2026-02-07T08:47:58.281+0700] {dag.py:4138} INFO - Setting next_dagrun for dag_scraping_twitter to 2026-02-06 23:00:00+00:00, run_after=2026-02-07 11:00:00+00:00
[2026-02-07T08:47:58.305+0700] {processor.py:208} INFO - Processing /opt/airflow/dags/dag_scraping_twitter.py took 0.117 seconds
[2026-02-07T08:48:28.530+0700] {processor.py:186} INFO - Started process (PID=11990) to work on /opt/airflow/dags/dag_scraping_twitter.py
[2026-02-07T08:48:28.532+0700] {processor.py:914} INFO - Processing file /opt/airflow/dags/dag_scraping_twitter.py for tasks to queue
[2026-02-07T08:48:28.537+0700] {logging_mixin.py:190} INFO - [2026-02-07T08:48:28.536+0700] {dagbag.py:587} INFO - Filling up the DagBag from /opt/airflow/dags/dag_scraping_twitter.py
[2026-02-07T08:48:28.564+0700] {processor.py:925} INFO - DAG(s) 'dag_scraping_twitter' retrieved from /opt/airflow/dags/dag_scraping_twitter.py
[2026-02-07T08:48:28.600+0700] {logging_mixin.py:190} INFO - [2026-02-07T08:48:28.599+0700] {dag.py:3211} INFO - Sync 1 DAGs
[2026-02-07T08:48:28.631+0700] {logging_mixin.py:190} INFO - [2026-02-07T08:48:28.631+0700] {dag.py:4138} INFO - Setting next_dagrun for dag_scraping_twitter to 2026-02-06 23:00:00+00:00, run_after=2026-02-07 11:00:00+00:00
[2026-02-07T08:48:28.659+0700] {processor.py:208} INFO - Processing /opt/airflow/dags/dag_scraping_twitter.py took 0.138 seconds
[2026-02-07T08:48:59.527+0700] {processor.py:186} INFO - Started process (PID=12000) to work on /opt/airflow/dags/dag_scraping_twitter.py
[2026-02-07T08:48:59.529+0700] {processor.py:914} INFO - Processing file /opt/airflow/dags/dag_scraping_twitter.py for tasks to queue
[2026-02-07T08:48:59.535+0700] {logging_mixin.py:190} INFO - [2026-02-07T08:48:59.534+0700] {dagbag.py:587} INFO - Filling up the DagBag from /opt/airflow/dags/dag_scraping_twitter.py
[2026-02-07T08:48:59.571+0700] {processor.py:925} INFO - DAG(s) 'dag_scraping_twitter' retrieved from /opt/airflow/dags/dag_scraping_twitter.py
[2026-02-07T08:48:59.616+0700] {logging_mixin.py:190} INFO - [2026-02-07T08:48:59.616+0700] {dag.py:3211} INFO - Sync 1 DAGs
[2026-02-07T08:48:59.651+0700] {logging_mixin.py:190} INFO - [2026-02-07T08:48:59.651+0700] {dag.py:4138} INFO - Setting next_dagrun for dag_scraping_twitter to 2026-02-06 23:00:00+00:00, run_after=2026-02-07 11:00:00+00:00
[2026-02-07T08:48:59.679+0700] {processor.py:208} INFO - Processing /opt/airflow/dags/dag_scraping_twitter.py took 0.167 seconds
[2026-02-07T08:49:29.921+0700] {processor.py:186} INFO - Started process (PID=12010) to work on /opt/airflow/dags/dag_scraping_twitter.py
[2026-02-07T08:49:29.922+0700] {processor.py:914} INFO - Processing file /opt/airflow/dags/dag_scraping_twitter.py for tasks to queue
[2026-02-07T08:49:29.925+0700] {logging_mixin.py:190} INFO - [2026-02-07T08:49:29.924+0700] {dagbag.py:587} INFO - Filling up the DagBag from /opt/airflow/dags/dag_scraping_twitter.py
[2026-02-07T08:49:29.954+0700] {processor.py:925} INFO - DAG(s) 'dag_scraping_twitter' retrieved from /opt/airflow/dags/dag_scraping_twitter.py
[2026-02-07T08:49:29.987+0700] {logging_mixin.py:190} INFO - [2026-02-07T08:49:29.987+0700] {dag.py:3211} INFO - Sync 1 DAGs
[2026-02-07T08:49:30.016+0700] {logging_mixin.py:190} INFO - [2026-02-07T08:49:30.016+0700] {dag.py:4138} INFO - Setting next_dagrun for dag_scraping_twitter to 2026-02-06 23:00:00+00:00, run_after=2026-02-07 11:00:00+00:00
[2026-02-07T08:49:30.043+0700] {processor.py:208} INFO - Processing /opt/airflow/dags/dag_scraping_twitter.py took 0.132 seconds
[2026-02-07T08:50:00.360+0700] {processor.py:186} INFO - Started process (PID=12020) to work on /opt/airflow/dags/dag_scraping_twitter.py
[2026-02-07T08:50:00.362+0700] {processor.py:914} INFO - Processing file /opt/airflow/dags/dag_scraping_twitter.py for tasks to queue
[2026-02-07T08:50:00.366+0700] {logging_mixin.py:190} INFO - [2026-02-07T08:50:00.365+0700] {dagbag.py:587} INFO - Filling up the DagBag from /opt/airflow/dags/dag_scraping_twitter.py
[2026-02-07T08:50:00.403+0700] {processor.py:925} INFO - DAG(s) 'dag_scraping_twitter' retrieved from /opt/airflow/dags/dag_scraping_twitter.py
[2026-02-07T08:50:00.449+0700] {logging_mixin.py:190} INFO - [2026-02-07T08:50:00.448+0700] {dag.py:3211} INFO - Sync 1 DAGs
[2026-02-07T08:50:00.493+0700] {logging_mixin.py:190} INFO - [2026-02-07T08:50:00.493+0700] {dag.py:4138} INFO - Setting next_dagrun for dag_scraping_twitter to 2026-02-06 23:00:00+00:00, run_after=2026-02-07 11:00:00+00:00
[2026-02-07T08:50:00.525+0700] {processor.py:208} INFO - Processing /opt/airflow/dags/dag_scraping_twitter.py took 0.177 seconds
[2026-02-07T08:50:30.591+0700] {processor.py:186} INFO - Started process (PID=12030) to work on /opt/airflow/dags/dag_scraping_twitter.py
[2026-02-07T08:50:30.593+0700] {processor.py:914} INFO - Processing file /opt/airflow/dags/dag_scraping_twitter.py for tasks to queue
[2026-02-07T08:50:30.596+0700] {logging_mixin.py:190} INFO - [2026-02-07T08:50:30.596+0700] {dagbag.py:587} INFO - Filling up the DagBag from /opt/airflow/dags/dag_scraping_twitter.py
[2026-02-07T08:50:30.625+0700] {processor.py:925} INFO - DAG(s) 'dag_scraping_twitter' retrieved from /opt/airflow/dags/dag_scraping_twitter.py
[2026-02-07T08:50:30.665+0700] {logging_mixin.py:190} INFO - [2026-02-07T08:50:30.665+0700] {dag.py:3211} INFO - Sync 1 DAGs
[2026-02-07T08:50:30.703+0700] {logging_mixin.py:190} INFO - [2026-02-07T08:50:30.703+0700] {dag.py:4138} INFO - Setting next_dagrun for dag_scraping_twitter to 2026-02-06 23:00:00+00:00, run_after=2026-02-07 11:00:00+00:00
[2026-02-07T08:50:30.731+0700] {processor.py:208} INFO - Processing /opt/airflow/dags/dag_scraping_twitter.py took 0.149 seconds
[2026-02-07T08:51:00.962+0700] {processor.py:186} INFO - Started process (PID=12040) to work on /opt/airflow/dags/dag_scraping_twitter.py
[2026-02-07T08:51:00.963+0700] {processor.py:914} INFO - Processing file /opt/airflow/dags/dag_scraping_twitter.py for tasks to queue
[2026-02-07T08:51:00.966+0700] {logging_mixin.py:190} INFO - [2026-02-07T08:51:00.966+0700] {dagbag.py:587} INFO - Filling up the DagBag from /opt/airflow/dags/dag_scraping_twitter.py
[2026-02-07T08:51:00.986+0700] {processor.py:925} INFO - DAG(s) 'dag_scraping_twitter' retrieved from /opt/airflow/dags/dag_scraping_twitter.py
[2026-02-07T08:51:01.015+0700] {logging_mixin.py:190} INFO - [2026-02-07T08:51:01.015+0700] {dag.py:3211} INFO - Sync 1 DAGs
[2026-02-07T08:51:01.038+0700] {logging_mixin.py:190} INFO - [2026-02-07T08:51:01.038+0700] {dag.py:4138} INFO - Setting next_dagrun for dag_scraping_twitter to 2026-02-06 23:00:00+00:00, run_after=2026-02-07 11:00:00+00:00
[2026-02-07T08:51:01.062+0700] {processor.py:208} INFO - Processing /opt/airflow/dags/dag_scraping_twitter.py took 0.106 seconds
[2026-02-07T08:51:31.330+0700] {processor.py:186} INFO - Started process (PID=12050) to work on /opt/airflow/dags/dag_scraping_twitter.py
[2026-02-07T08:51:31.332+0700] {processor.py:914} INFO - Processing file /opt/airflow/dags/dag_scraping_twitter.py for tasks to queue
[2026-02-07T08:51:31.335+0700] {logging_mixin.py:190} INFO - [2026-02-07T08:51:31.335+0700] {dagbag.py:587} INFO - Filling up the DagBag from /opt/airflow/dags/dag_scraping_twitter.py
[2026-02-07T08:51:31.358+0700] {processor.py:925} INFO - DAG(s) 'dag_scraping_twitter' retrieved from /opt/airflow/dags/dag_scraping_twitter.py
[2026-02-07T08:51:31.387+0700] {logging_mixin.py:190} INFO - [2026-02-07T08:51:31.387+0700] {dag.py:3211} INFO - Sync 1 DAGs
[2026-02-07T08:51:31.413+0700] {logging_mixin.py:190} INFO - [2026-02-07T08:51:31.413+0700] {dag.py:4138} INFO - Setting next_dagrun for dag_scraping_twitter to 2026-02-06 23:00:00+00:00, run_after=2026-02-07 11:00:00+00:00
[2026-02-07T08:51:31.438+0700] {processor.py:208} INFO - Processing /opt/airflow/dags/dag_scraping_twitter.py took 0.116 seconds
[2026-02-07T08:52:01.881+0700] {processor.py:186} INFO - Started process (PID=12060) to work on /opt/airflow/dags/dag_scraping_twitter.py
[2026-02-07T08:52:01.883+0700] {processor.py:914} INFO - Processing file /opt/airflow/dags/dag_scraping_twitter.py for tasks to queue
[2026-02-07T08:52:01.887+0700] {logging_mixin.py:190} INFO - [2026-02-07T08:52:01.886+0700] {dagbag.py:587} INFO - Filling up the DagBag from /opt/airflow/dags/dag_scraping_twitter.py
[2026-02-07T08:52:01.910+0700] {processor.py:925} INFO - DAG(s) 'dag_scraping_twitter' retrieved from /opt/airflow/dags/dag_scraping_twitter.py
[2026-02-07T08:52:01.944+0700] {logging_mixin.py:190} INFO - [2026-02-07T08:52:01.944+0700] {dag.py:3211} INFO - Sync 1 DAGs
[2026-02-07T08:52:01.977+0700] {logging_mixin.py:190} INFO - [2026-02-07T08:52:01.976+0700] {dag.py:4138} INFO - Setting next_dagrun for dag_scraping_twitter to 2026-02-06 23:00:00+00:00, run_after=2026-02-07 11:00:00+00:00
[2026-02-07T08:52:02.006+0700] {processor.py:208} INFO - Processing /opt/airflow/dags/dag_scraping_twitter.py took 0.133 seconds
[2026-02-07T08:52:32.998+0700] {processor.py:186} INFO - Started process (PID=12070) to work on /opt/airflow/dags/dag_scraping_twitter.py
[2026-02-07T08:52:32.999+0700] {processor.py:914} INFO - Processing file /opt/airflow/dags/dag_scraping_twitter.py for tasks to queue
[2026-02-07T08:52:33.002+0700] {logging_mixin.py:190} INFO - [2026-02-07T08:52:33.002+0700] {dagbag.py:587} INFO - Filling up the DagBag from /opt/airflow/dags/dag_scraping_twitter.py
[2026-02-07T08:52:33.022+0700] {processor.py:925} INFO - DAG(s) 'dag_scraping_twitter' retrieved from /opt/airflow/dags/dag_scraping_twitter.py
[2026-02-07T08:52:33.052+0700] {logging_mixin.py:190} INFO - [2026-02-07T08:52:33.052+0700] {dag.py:3211} INFO - Sync 1 DAGs
[2026-02-07T08:52:33.081+0700] {logging_mixin.py:190} INFO - [2026-02-07T08:52:33.081+0700] {dag.py:4138} INFO - Setting next_dagrun for dag_scraping_twitter to 2026-02-06 23:00:00+00:00, run_after=2026-02-07 11:00:00+00:00
[2026-02-07T08:52:33.106+0700] {processor.py:208} INFO - Processing /opt/airflow/dags/dag_scraping_twitter.py took 0.115 seconds
[2026-02-07T08:53:03.208+0700] {processor.py:186} INFO - Started process (PID=12080) to work on /opt/airflow/dags/dag_scraping_twitter.py
[2026-02-07T08:53:03.209+0700] {processor.py:914} INFO - Processing file /opt/airflow/dags/dag_scraping_twitter.py for tasks to queue
[2026-02-07T08:53:03.213+0700] {logging_mixin.py:190} INFO - [2026-02-07T08:53:03.213+0700] {dagbag.py:587} INFO - Filling up the DagBag from /opt/airflow/dags/dag_scraping_twitter.py
[2026-02-07T08:53:03.237+0700] {processor.py:925} INFO - DAG(s) 'dag_scraping_twitter' retrieved from /opt/airflow/dags/dag_scraping_twitter.py
[2026-02-07T08:53:03.277+0700] {logging_mixin.py:190} INFO - [2026-02-07T08:53:03.277+0700] {dag.py:3211} INFO - Sync 1 DAGs
[2026-02-07T08:53:03.307+0700] {logging_mixin.py:190} INFO - [2026-02-07T08:53:03.307+0700] {dag.py:4138} INFO - Setting next_dagrun for dag_scraping_twitter to 2026-02-06 23:00:00+00:00, run_after=2026-02-07 11:00:00+00:00
[2026-02-07T08:53:03.333+0700] {processor.py:208} INFO - Processing /opt/airflow/dags/dag_scraping_twitter.py took 0.133 seconds
[2026-02-07T08:53:33.491+0700] {processor.py:186} INFO - Started process (PID=12090) to work on /opt/airflow/dags/dag_scraping_twitter.py
[2026-02-07T08:53:33.493+0700] {processor.py:914} INFO - Processing file /opt/airflow/dags/dag_scraping_twitter.py for tasks to queue
[2026-02-07T08:53:33.497+0700] {logging_mixin.py:190} INFO - [2026-02-07T08:53:33.496+0700] {dagbag.py:587} INFO - Filling up the DagBag from /opt/airflow/dags/dag_scraping_twitter.py
[2026-02-07T08:53:33.518+0700] {processor.py:925} INFO - DAG(s) 'dag_scraping_twitter' retrieved from /opt/airflow/dags/dag_scraping_twitter.py
[2026-02-07T08:53:33.551+0700] {logging_mixin.py:190} INFO - [2026-02-07T08:53:33.550+0700] {dag.py:3211} INFO - Sync 1 DAGs
[2026-02-07T08:53:33.581+0700] {logging_mixin.py:190} INFO - [2026-02-07T08:53:33.580+0700] {dag.py:4138} INFO - Setting next_dagrun for dag_scraping_twitter to 2026-02-06 23:00:00+00:00, run_after=2026-02-07 11:00:00+00:00
[2026-02-07T08:53:33.607+0700] {processor.py:208} INFO - Processing /opt/airflow/dags/dag_scraping_twitter.py took 0.124 seconds
[2026-02-07T08:54:03.911+0700] {processor.py:186} INFO - Started process (PID=12100) to work on /opt/airflow/dags/dag_scraping_twitter.py
[2026-02-07T08:54:03.912+0700] {processor.py:914} INFO - Processing file /opt/airflow/dags/dag_scraping_twitter.py for tasks to queue
[2026-02-07T08:54:03.918+0700] {logging_mixin.py:190} INFO - [2026-02-07T08:54:03.918+0700] {dagbag.py:587} INFO - Filling up the DagBag from /opt/airflow/dags/dag_scraping_twitter.py
[2026-02-07T08:54:03.940+0700] {processor.py:925} INFO - DAG(s) 'dag_scraping_twitter' retrieved from /opt/airflow/dags/dag_scraping_twitter.py
[2026-02-07T08:54:03.968+0700] {logging_mixin.py:190} INFO - [2026-02-07T08:54:03.968+0700] {dag.py:3211} INFO - Sync 1 DAGs
[2026-02-07T08:54:03.993+0700] {logging_mixin.py:190} INFO - [2026-02-07T08:54:03.993+0700] {dag.py:4138} INFO - Setting next_dagrun for dag_scraping_twitter to 2026-02-06 23:00:00+00:00, run_after=2026-02-07 11:00:00+00:00
[2026-02-07T08:54:04.019+0700] {processor.py:208} INFO - Processing /opt/airflow/dags/dag_scraping_twitter.py took 0.116 seconds
[2026-02-07T08:54:34.074+0700] {processor.py:186} INFO - Started process (PID=12110) to work on /opt/airflow/dags/dag_scraping_twitter.py
[2026-02-07T08:54:34.075+0700] {processor.py:914} INFO - Processing file /opt/airflow/dags/dag_scraping_twitter.py for tasks to queue
[2026-02-07T08:54:34.077+0700] {logging_mixin.py:190} INFO - [2026-02-07T08:54:34.077+0700] {dagbag.py:587} INFO - Filling up the DagBag from /opt/airflow/dags/dag_scraping_twitter.py
[2026-02-07T08:54:34.097+0700] {processor.py:925} INFO - DAG(s) 'dag_scraping_twitter' retrieved from /opt/airflow/dags/dag_scraping_twitter.py
[2026-02-07T08:54:34.128+0700] {logging_mixin.py:190} INFO - [2026-02-07T08:54:34.127+0700] {dag.py:3211} INFO - Sync 1 DAGs
[2026-02-07T08:54:34.152+0700] {logging_mixin.py:190} INFO - [2026-02-07T08:54:34.152+0700] {dag.py:4138} INFO - Setting next_dagrun for dag_scraping_twitter to 2026-02-06 23:00:00+00:00, run_after=2026-02-07 11:00:00+00:00
[2026-02-07T08:54:34.178+0700] {processor.py:208} INFO - Processing /opt/airflow/dags/dag_scraping_twitter.py took 0.111 seconds
[2026-02-07T08:55:04.405+0700] {processor.py:186} INFO - Started process (PID=12120) to work on /opt/airflow/dags/dag_scraping_twitter.py
[2026-02-07T08:55:04.406+0700] {processor.py:914} INFO - Processing file /opt/airflow/dags/dag_scraping_twitter.py for tasks to queue
[2026-02-07T08:55:04.409+0700] {logging_mixin.py:190} INFO - [2026-02-07T08:55:04.409+0700] {dagbag.py:587} INFO - Filling up the DagBag from /opt/airflow/dags/dag_scraping_twitter.py
[2026-02-07T08:55:04.432+0700] {processor.py:925} INFO - DAG(s) 'dag_scraping_twitter' retrieved from /opt/airflow/dags/dag_scraping_twitter.py
[2026-02-07T08:55:04.462+0700] {logging_mixin.py:190} INFO - [2026-02-07T08:55:04.462+0700] {dag.py:3211} INFO - Sync 1 DAGs
[2026-02-07T08:55:04.489+0700] {logging_mixin.py:190} INFO - [2026-02-07T08:55:04.488+0700] {dag.py:4138} INFO - Setting next_dagrun for dag_scraping_twitter to 2026-02-06 23:00:00+00:00, run_after=2026-02-07 11:00:00+00:00
[2026-02-07T08:55:04.517+0700] {processor.py:208} INFO - Processing /opt/airflow/dags/dag_scraping_twitter.py took 0.121 seconds
[2026-02-07T08:55:35.366+0700] {processor.py:186} INFO - Started process (PID=12130) to work on /opt/airflow/dags/dag_scraping_twitter.py
[2026-02-07T08:55:35.367+0700] {processor.py:914} INFO - Processing file /opt/airflow/dags/dag_scraping_twitter.py for tasks to queue
[2026-02-07T08:55:35.371+0700] {logging_mixin.py:190} INFO - [2026-02-07T08:55:35.370+0700] {dagbag.py:587} INFO - Filling up the DagBag from /opt/airflow/dags/dag_scraping_twitter.py
[2026-02-07T08:55:35.391+0700] {processor.py:925} INFO - DAG(s) 'dag_scraping_twitter' retrieved from /opt/airflow/dags/dag_scraping_twitter.py
[2026-02-07T08:55:35.418+0700] {logging_mixin.py:190} INFO - [2026-02-07T08:55:35.418+0700] {dag.py:3211} INFO - Sync 1 DAGs
[2026-02-07T08:55:35.445+0700] {logging_mixin.py:190} INFO - [2026-02-07T08:55:35.445+0700] {dag.py:4138} INFO - Setting next_dagrun for dag_scraping_twitter to 2026-02-06 23:00:00+00:00, run_after=2026-02-07 11:00:00+00:00
[2026-02-07T08:55:35.472+0700] {processor.py:208} INFO - Processing /opt/airflow/dags/dag_scraping_twitter.py took 0.116 seconds
[2026-02-07T08:56:05.683+0700] {processor.py:186} INFO - Started process (PID=12140) to work on /opt/airflow/dags/dag_scraping_twitter.py
[2026-02-07T08:56:05.684+0700] {processor.py:914} INFO - Processing file /opt/airflow/dags/dag_scraping_twitter.py for tasks to queue
[2026-02-07T08:56:05.687+0700] {logging_mixin.py:190} INFO - [2026-02-07T08:56:05.686+0700] {dagbag.py:587} INFO - Filling up the DagBag from /opt/airflow/dags/dag_scraping_twitter.py
[2026-02-07T08:56:05.705+0700] {processor.py:925} INFO - DAG(s) 'dag_scraping_twitter' retrieved from /opt/airflow/dags/dag_scraping_twitter.py
[2026-02-07T08:56:05.737+0700] {logging_mixin.py:190} INFO - [2026-02-07T08:56:05.737+0700] {dag.py:3211} INFO - Sync 1 DAGs
[2026-02-07T08:56:05.764+0700] {logging_mixin.py:190} INFO - [2026-02-07T08:56:05.764+0700] {dag.py:4138} INFO - Setting next_dagrun for dag_scraping_twitter to 2026-02-06 23:00:00+00:00, run_after=2026-02-07 11:00:00+00:00
[2026-02-07T08:56:05.792+0700] {processor.py:208} INFO - Processing /opt/airflow/dags/dag_scraping_twitter.py took 0.116 seconds
[2026-02-07T09:01:25.398+0700] {processor.py:186} INFO - Started process (PID=164) to work on /opt/airflow/dags/dag_scraping_twitter.py
[2026-02-07T09:01:25.399+0700] {processor.py:914} INFO - Processing file /opt/airflow/dags/dag_scraping_twitter.py for tasks to queue
[2026-02-07T09:01:25.404+0700] {logging_mixin.py:190} INFO - [2026-02-07T09:01:25.403+0700] {dagbag.py:587} INFO - Filling up the DagBag from /opt/airflow/dags/dag_scraping_twitter.py
[2026-02-07T09:01:25.452+0700] {processor.py:925} INFO - DAG(s) 'dag_scraping_twitter' retrieved from /opt/airflow/dags/dag_scraping_twitter.py
[2026-02-07T09:01:25.512+0700] {logging_mixin.py:190} INFO - [2026-02-07T09:01:25.512+0700] {dag.py:3211} INFO - Sync 1 DAGs
[2026-02-07T09:01:25.549+0700] {logging_mixin.py:190} INFO - [2026-02-07T09:01:25.548+0700] {dag.py:4138} INFO - Setting next_dagrun for dag_scraping_twitter to 2026-02-06 23:00:00+00:00, run_after=2026-02-07 11:00:00+00:00
[2026-02-07T09:01:25.577+0700] {processor.py:208} INFO - Processing /opt/airflow/dags/dag_scraping_twitter.py took 0.185 seconds
[2026-02-07T09:01:55.740+0700] {processor.py:186} INFO - Started process (PID=177) to work on /opt/airflow/dags/dag_scraping_twitter.py
[2026-02-07T09:01:55.741+0700] {processor.py:914} INFO - Processing file /opt/airflow/dags/dag_scraping_twitter.py for tasks to queue
[2026-02-07T09:01:55.745+0700] {logging_mixin.py:190} INFO - [2026-02-07T09:01:55.745+0700] {dagbag.py:587} INFO - Filling up the DagBag from /opt/airflow/dags/dag_scraping_twitter.py
[2026-02-07T09:01:55.765+0700] {processor.py:925} INFO - DAG(s) 'dag_scraping_twitter' retrieved from /opt/airflow/dags/dag_scraping_twitter.py
[2026-02-07T09:01:55.791+0700] {logging_mixin.py:190} INFO - [2026-02-07T09:01:55.791+0700] {dag.py:3211} INFO - Sync 1 DAGs
[2026-02-07T09:01:55.813+0700] {logging_mixin.py:190} INFO - [2026-02-07T09:01:55.813+0700] {dag.py:4138} INFO - Setting next_dagrun for dag_scraping_twitter to 2026-02-06 23:00:00+00:00, run_after=2026-02-07 11:00:00+00:00
[2026-02-07T09:01:55.837+0700] {processor.py:208} INFO - Processing /opt/airflow/dags/dag_scraping_twitter.py took 0.104 seconds
[2026-02-07T09:02:25.922+0700] {processor.py:186} INFO - Started process (PID=184) to work on /opt/airflow/dags/dag_scraping_twitter.py
[2026-02-07T09:02:25.923+0700] {processor.py:914} INFO - Processing file /opt/airflow/dags/dag_scraping_twitter.py for tasks to queue
[2026-02-07T09:02:25.926+0700] {logging_mixin.py:190} INFO - [2026-02-07T09:02:25.926+0700] {dagbag.py:587} INFO - Filling up the DagBag from /opt/airflow/dags/dag_scraping_twitter.py
[2026-02-07T09:02:25.949+0700] {processor.py:925} INFO - DAG(s) 'dag_scraping_twitter' retrieved from /opt/airflow/dags/dag_scraping_twitter.py
[2026-02-07T09:02:25.980+0700] {logging_mixin.py:190} INFO - [2026-02-07T09:02:25.979+0700] {dag.py:3211} INFO - Sync 1 DAGs
[2026-02-07T09:02:26.006+0700] {logging_mixin.py:190} INFO - [2026-02-07T09:02:26.006+0700] {dag.py:4138} INFO - Setting next_dagrun for dag_scraping_twitter to 2026-02-06 23:00:00+00:00, run_after=2026-02-07 11:00:00+00:00
[2026-02-07T09:02:26.032+0700] {processor.py:208} INFO - Processing /opt/airflow/dags/dag_scraping_twitter.py took 0.117 seconds
[2026-02-07T09:02:56.918+0700] {processor.py:186} INFO - Started process (PID=194) to work on /opt/airflow/dags/dag_scraping_twitter.py
[2026-02-07T09:02:56.920+0700] {processor.py:914} INFO - Processing file /opt/airflow/dags/dag_scraping_twitter.py for tasks to queue
[2026-02-07T09:02:56.924+0700] {logging_mixin.py:190} INFO - [2026-02-07T09:02:56.923+0700] {dagbag.py:587} INFO - Filling up the DagBag from /opt/airflow/dags/dag_scraping_twitter.py
[2026-02-07T09:02:56.952+0700] {processor.py:925} INFO - DAG(s) 'dag_scraping_twitter' retrieved from /opt/airflow/dags/dag_scraping_twitter.py
[2026-02-07T09:02:56.996+0700] {logging_mixin.py:190} INFO - [2026-02-07T09:02:56.996+0700] {dag.py:3211} INFO - Sync 1 DAGs
[2026-02-07T09:02:57.066+0700] {logging_mixin.py:190} INFO - [2026-02-07T09:02:57.066+0700] {dag.py:4138} INFO - Setting next_dagrun for dag_scraping_twitter to 2026-02-06 23:00:00+00:00, run_after=2026-02-07 11:00:00+00:00
[2026-02-07T09:02:57.111+0700] {processor.py:208} INFO - Processing /opt/airflow/dags/dag_scraping_twitter.py took 0.201 seconds
[2026-02-07T09:03:27.232+0700] {processor.py:186} INFO - Started process (PID=204) to work on /opt/airflow/dags/dag_scraping_twitter.py
[2026-02-07T09:03:27.233+0700] {processor.py:914} INFO - Processing file /opt/airflow/dags/dag_scraping_twitter.py for tasks to queue
[2026-02-07T09:03:27.236+0700] {logging_mixin.py:190} INFO - [2026-02-07T09:03:27.236+0700] {dagbag.py:587} INFO - Filling up the DagBag from /opt/airflow/dags/dag_scraping_twitter.py
[2026-02-07T09:03:27.256+0700] {processor.py:925} INFO - DAG(s) 'dag_scraping_twitter' retrieved from /opt/airflow/dags/dag_scraping_twitter.py
[2026-02-07T09:03:27.285+0700] {logging_mixin.py:190} INFO - [2026-02-07T09:03:27.284+0700] {dag.py:3211} INFO - Sync 1 DAGs
[2026-02-07T09:03:27.310+0700] {logging_mixin.py:190} INFO - [2026-02-07T09:03:27.310+0700] {dag.py:4138} INFO - Setting next_dagrun for dag_scraping_twitter to 2026-02-06 23:00:00+00:00, run_after=2026-02-07 11:00:00+00:00
[2026-02-07T09:03:27.336+0700] {processor.py:208} INFO - Processing /opt/airflow/dags/dag_scraping_twitter.py took 0.112 seconds
[2026-02-07T09:03:57.445+0700] {processor.py:186} INFO - Started process (PID=214) to work on /opt/airflow/dags/dag_scraping_twitter.py
[2026-02-07T09:03:57.446+0700] {processor.py:914} INFO - Processing file /opt/airflow/dags/dag_scraping_twitter.py for tasks to queue
[2026-02-07T09:03:57.450+0700] {logging_mixin.py:190} INFO - [2026-02-07T09:03:57.449+0700] {dagbag.py:587} INFO - Filling up the DagBag from /opt/airflow/dags/dag_scraping_twitter.py
[2026-02-07T09:03:57.495+0700] {processor.py:925} INFO - DAG(s) 'dag_scraping_twitter' retrieved from /opt/airflow/dags/dag_scraping_twitter.py
[2026-02-07T09:03:57.526+0700] {logging_mixin.py:190} INFO - [2026-02-07T09:03:57.526+0700] {dag.py:3211} INFO - Sync 1 DAGs
[2026-02-07T09:03:57.555+0700] {logging_mixin.py:190} INFO - [2026-02-07T09:03:57.554+0700] {dag.py:4138} INFO - Setting next_dagrun for dag_scraping_twitter to 2026-02-06 23:00:00+00:00, run_after=2026-02-07 11:00:00+00:00
[2026-02-07T09:03:57.581+0700] {processor.py:208} INFO - Processing /opt/airflow/dags/dag_scraping_twitter.py took 0.145 seconds
[2026-02-07T09:04:27.801+0700] {processor.py:186} INFO - Started process (PID=224) to work on /opt/airflow/dags/dag_scraping_twitter.py
[2026-02-07T09:04:27.803+0700] {processor.py:914} INFO - Processing file /opt/airflow/dags/dag_scraping_twitter.py for tasks to queue
[2026-02-07T09:04:27.806+0700] {logging_mixin.py:190} INFO - [2026-02-07T09:04:27.806+0700] {dagbag.py:587} INFO - Filling up the DagBag from /opt/airflow/dags/dag_scraping_twitter.py
[2026-02-07T09:04:27.830+0700] {processor.py:925} INFO - DAG(s) 'dag_scraping_twitter' retrieved from /opt/airflow/dags/dag_scraping_twitter.py
[2026-02-07T09:04:27.859+0700] {logging_mixin.py:190} INFO - [2026-02-07T09:04:27.858+0700] {dag.py:3211} INFO - Sync 1 DAGs
[2026-02-07T09:04:27.884+0700] {logging_mixin.py:190} INFO - [2026-02-07T09:04:27.884+0700] {dag.py:4138} INFO - Setting next_dagrun for dag_scraping_twitter to 2026-02-06 23:00:00+00:00, run_after=2026-02-07 11:00:00+00:00
[2026-02-07T09:04:27.908+0700] {processor.py:208} INFO - Processing /opt/airflow/dags/dag_scraping_twitter.py took 0.115 seconds
[2026-02-07T09:04:58.043+0700] {processor.py:186} INFO - Started process (PID=234) to work on /opt/airflow/dags/dag_scraping_twitter.py
[2026-02-07T09:04:58.044+0700] {processor.py:914} INFO - Processing file /opt/airflow/dags/dag_scraping_twitter.py for tasks to queue
[2026-02-07T09:04:58.047+0700] {logging_mixin.py:190} INFO - [2026-02-07T09:04:58.047+0700] {dagbag.py:587} INFO - Filling up the DagBag from /opt/airflow/dags/dag_scraping_twitter.py
[2026-02-07T09:04:58.064+0700] {processor.py:925} INFO - DAG(s) 'dag_scraping_twitter' retrieved from /opt/airflow/dags/dag_scraping_twitter.py
[2026-02-07T09:04:58.095+0700] {logging_mixin.py:190} INFO - [2026-02-07T09:04:58.095+0700] {dag.py:3211} INFO - Sync 1 DAGs
[2026-02-07T09:04:58.120+0700] {logging_mixin.py:190} INFO - [2026-02-07T09:04:58.120+0700] {dag.py:4138} INFO - Setting next_dagrun for dag_scraping_twitter to 2026-02-06 23:00:00+00:00, run_after=2026-02-07 11:00:00+00:00
[2026-02-07T09:04:58.145+0700] {processor.py:208} INFO - Processing /opt/airflow/dags/dag_scraping_twitter.py took 0.108 seconds
[2026-02-07T09:05:28.428+0700] {processor.py:186} INFO - Started process (PID=244) to work on /opt/airflow/dags/dag_scraping_twitter.py
[2026-02-07T09:05:28.429+0700] {processor.py:914} INFO - Processing file /opt/airflow/dags/dag_scraping_twitter.py for tasks to queue
[2026-02-07T09:05:28.433+0700] {logging_mixin.py:190} INFO - [2026-02-07T09:05:28.432+0700] {dagbag.py:587} INFO - Filling up the DagBag from /opt/airflow/dags/dag_scraping_twitter.py
[2026-02-07T09:05:28.454+0700] {processor.py:925} INFO - DAG(s) 'dag_scraping_twitter' retrieved from /opt/airflow/dags/dag_scraping_twitter.py
[2026-02-07T09:05:28.483+0700] {logging_mixin.py:190} INFO - [2026-02-07T09:05:28.483+0700] {dag.py:3211} INFO - Sync 1 DAGs
[2026-02-07T09:05:28.507+0700] {logging_mixin.py:190} INFO - [2026-02-07T09:05:28.507+0700] {dag.py:4138} INFO - Setting next_dagrun for dag_scraping_twitter to 2026-02-06 23:00:00+00:00, run_after=2026-02-07 11:00:00+00:00
[2026-02-07T09:05:28.533+0700] {processor.py:208} INFO - Processing /opt/airflow/dags/dag_scraping_twitter.py took 0.112 seconds
[2026-02-07T09:05:58.668+0700] {processor.py:186} INFO - Started process (PID=254) to work on /opt/airflow/dags/dag_scraping_twitter.py
[2026-02-07T09:05:58.669+0700] {processor.py:914} INFO - Processing file /opt/airflow/dags/dag_scraping_twitter.py for tasks to queue
[2026-02-07T09:05:58.672+0700] {logging_mixin.py:190} INFO - [2026-02-07T09:05:58.672+0700] {dagbag.py:587} INFO - Filling up the DagBag from /opt/airflow/dags/dag_scraping_twitter.py
[2026-02-07T09:05:58.693+0700] {processor.py:925} INFO - DAG(s) 'dag_scraping_twitter' retrieved from /opt/airflow/dags/dag_scraping_twitter.py
[2026-02-07T09:05:58.722+0700] {logging_mixin.py:190} INFO - [2026-02-07T09:05:58.721+0700] {dag.py:3211} INFO - Sync 1 DAGs
[2026-02-07T09:05:58.748+0700] {logging_mixin.py:190} INFO - [2026-02-07T09:05:58.747+0700] {dag.py:4138} INFO - Setting next_dagrun for dag_scraping_twitter to 2026-02-06 23:00:00+00:00, run_after=2026-02-07 11:00:00+00:00
[2026-02-07T09:05:58.775+0700] {processor.py:208} INFO - Processing /opt/airflow/dags/dag_scraping_twitter.py took 0.113 seconds
[2026-02-07T09:06:29.025+0700] {processor.py:186} INFO - Started process (PID=264) to work on /opt/airflow/dags/dag_scraping_twitter.py
[2026-02-07T09:06:29.027+0700] {processor.py:914} INFO - Processing file /opt/airflow/dags/dag_scraping_twitter.py for tasks to queue
[2026-02-07T09:06:29.031+0700] {logging_mixin.py:190} INFO - [2026-02-07T09:06:29.031+0700] {dagbag.py:587} INFO - Filling up the DagBag from /opt/airflow/dags/dag_scraping_twitter.py
[2026-02-07T09:06:29.054+0700] {processor.py:925} INFO - DAG(s) 'dag_scraping_twitter' retrieved from /opt/airflow/dags/dag_scraping_twitter.py
[2026-02-07T09:06:29.083+0700] {logging_mixin.py:190} INFO - [2026-02-07T09:06:29.083+0700] {dag.py:3211} INFO - Sync 1 DAGs
[2026-02-07T09:06:29.109+0700] {logging_mixin.py:190} INFO - [2026-02-07T09:06:29.109+0700] {dag.py:4138} INFO - Setting next_dagrun for dag_scraping_twitter to 2026-02-06 23:00:00+00:00, run_after=2026-02-07 11:00:00+00:00
[2026-02-07T09:06:29.150+0700] {processor.py:208} INFO - Processing /opt/airflow/dags/dag_scraping_twitter.py took 0.134 seconds
[2026-02-07T09:06:59.345+0700] {processor.py:186} INFO - Started process (PID=274) to work on /opt/airflow/dags/dag_scraping_twitter.py
[2026-02-07T09:06:59.346+0700] {processor.py:914} INFO - Processing file /opt/airflow/dags/dag_scraping_twitter.py for tasks to queue
[2026-02-07T09:06:59.349+0700] {logging_mixin.py:190} INFO - [2026-02-07T09:06:59.349+0700] {dagbag.py:587} INFO - Filling up the DagBag from /opt/airflow/dags/dag_scraping_twitter.py
[2026-02-07T09:06:59.368+0700] {processor.py:925} INFO - DAG(s) 'dag_scraping_twitter' retrieved from /opt/airflow/dags/dag_scraping_twitter.py
[2026-02-07T09:06:59.396+0700] {logging_mixin.py:190} INFO - [2026-02-07T09:06:59.396+0700] {dag.py:3211} INFO - Sync 1 DAGs
[2026-02-07T09:06:59.421+0700] {logging_mixin.py:190} INFO - [2026-02-07T09:06:59.421+0700] {dag.py:4138} INFO - Setting next_dagrun for dag_scraping_twitter to 2026-02-06 23:00:00+00:00, run_after=2026-02-07 11:00:00+00:00
[2026-02-07T09:06:59.450+0700] {processor.py:208} INFO - Processing /opt/airflow/dags/dag_scraping_twitter.py took 0.111 seconds
[2026-02-07T09:07:29.552+0700] {processor.py:186} INFO - Started process (PID=284) to work on /opt/airflow/dags/dag_scraping_twitter.py
[2026-02-07T09:07:29.553+0700] {processor.py:914} INFO - Processing file /opt/airflow/dags/dag_scraping_twitter.py for tasks to queue
[2026-02-07T09:07:29.556+0700] {logging_mixin.py:190} INFO - [2026-02-07T09:07:29.556+0700] {dagbag.py:587} INFO - Filling up the DagBag from /opt/airflow/dags/dag_scraping_twitter.py
[2026-02-07T09:07:29.576+0700] {processor.py:925} INFO - DAG(s) 'dag_scraping_twitter' retrieved from /opt/airflow/dags/dag_scraping_twitter.py
[2026-02-07T09:07:29.605+0700] {logging_mixin.py:190} INFO - [2026-02-07T09:07:29.605+0700] {dag.py:3211} INFO - Sync 1 DAGs
[2026-02-07T09:07:29.632+0700] {logging_mixin.py:190} INFO - [2026-02-07T09:07:29.632+0700] {dag.py:4138} INFO - Setting next_dagrun for dag_scraping_twitter to 2026-02-06 23:00:00+00:00, run_after=2026-02-07 11:00:00+00:00
[2026-02-07T09:07:29.658+0700] {processor.py:208} INFO - Processing /opt/airflow/dags/dag_scraping_twitter.py took 0.112 seconds
[2026-02-07T09:08:00.021+0700] {processor.py:186} INFO - Started process (PID=294) to work on /opt/airflow/dags/dag_scraping_twitter.py
[2026-02-07T09:08:00.022+0700] {processor.py:914} INFO - Processing file /opt/airflow/dags/dag_scraping_twitter.py for tasks to queue
[2026-02-07T09:08:00.025+0700] {logging_mixin.py:190} INFO - [2026-02-07T09:08:00.025+0700] {dagbag.py:587} INFO - Filling up the DagBag from /opt/airflow/dags/dag_scraping_twitter.py
[2026-02-07T09:08:00.044+0700] {processor.py:925} INFO - DAG(s) 'dag_scraping_twitter' retrieved from /opt/airflow/dags/dag_scraping_twitter.py
[2026-02-07T09:08:00.073+0700] {logging_mixin.py:190} INFO - [2026-02-07T09:08:00.073+0700] {dag.py:3211} INFO - Sync 1 DAGs
[2026-02-07T09:08:00.098+0700] {logging_mixin.py:190} INFO - [2026-02-07T09:08:00.098+0700] {dag.py:4138} INFO - Setting next_dagrun for dag_scraping_twitter to 2026-02-06 23:00:00+00:00, run_after=2026-02-07 11:00:00+00:00
[2026-02-07T09:08:00.122+0700] {processor.py:208} INFO - Processing /opt/airflow/dags/dag_scraping_twitter.py took 0.107 seconds
[2026-02-07T09:08:30.270+0700] {processor.py:186} INFO - Started process (PID=304) to work on /opt/airflow/dags/dag_scraping_twitter.py
[2026-02-07T09:08:30.271+0700] {processor.py:914} INFO - Processing file /opt/airflow/dags/dag_scraping_twitter.py for tasks to queue
[2026-02-07T09:08:30.274+0700] {logging_mixin.py:190} INFO - [2026-02-07T09:08:30.273+0700] {dagbag.py:587} INFO - Filling up the DagBag from /opt/airflow/dags/dag_scraping_twitter.py
[2026-02-07T09:08:30.293+0700] {processor.py:925} INFO - DAG(s) 'dag_scraping_twitter' retrieved from /opt/airflow/dags/dag_scraping_twitter.py
[2026-02-07T09:08:30.322+0700] {logging_mixin.py:190} INFO - [2026-02-07T09:08:30.321+0700] {dag.py:3211} INFO - Sync 1 DAGs
[2026-02-07T09:08:30.348+0700] {logging_mixin.py:190} INFO - [2026-02-07T09:08:30.348+0700] {dag.py:4138} INFO - Setting next_dagrun for dag_scraping_twitter to 2026-02-06 23:00:00+00:00, run_after=2026-02-07 11:00:00+00:00
[2026-02-07T09:08:30.547+0700] {processor.py:208} INFO - Processing /opt/airflow/dags/dag_scraping_twitter.py took 0.282 seconds
[2026-02-07T09:09:00.717+0700] {processor.py:186} INFO - Started process (PID=314) to work on /opt/airflow/dags/dag_scraping_twitter.py
[2026-02-07T09:09:00.718+0700] {processor.py:914} INFO - Processing file /opt/airflow/dags/dag_scraping_twitter.py for tasks to queue
[2026-02-07T09:09:00.724+0700] {logging_mixin.py:190} INFO - [2026-02-07T09:09:00.723+0700] {dagbag.py:587} INFO - Filling up the DagBag from /opt/airflow/dags/dag_scraping_twitter.py
[2026-02-07T09:09:00.747+0700] {processor.py:925} INFO - DAG(s) 'dag_scraping_twitter' retrieved from /opt/airflow/dags/dag_scraping_twitter.py
[2026-02-07T09:09:00.785+0700] {logging_mixin.py:190} INFO - [2026-02-07T09:09:00.784+0700] {dag.py:3211} INFO - Sync 1 DAGs
[2026-02-07T09:09:00.994+0700] {logging_mixin.py:190} INFO - [2026-02-07T09:09:00.994+0700] {dag.py:4138} INFO - Setting next_dagrun for dag_scraping_twitter to 2026-02-06 23:00:00+00:00, run_after=2026-02-07 11:00:00+00:00
[2026-02-07T09:09:01.018+0700] {processor.py:208} INFO - Processing /opt/airflow/dags/dag_scraping_twitter.py took 0.309 seconds
[2026-02-07T09:09:31.358+0700] {processor.py:186} INFO - Started process (PID=329) to work on /opt/airflow/dags/dag_scraping_twitter.py
[2026-02-07T09:09:31.360+0700] {processor.py:914} INFO - Processing file /opt/airflow/dags/dag_scraping_twitter.py for tasks to queue
[2026-02-07T09:09:31.363+0700] {logging_mixin.py:190} INFO - [2026-02-07T09:09:31.362+0700] {dagbag.py:587} INFO - Filling up the DagBag from /opt/airflow/dags/dag_scraping_twitter.py
[2026-02-07T09:09:31.384+0700] {processor.py:925} INFO - DAG(s) 'dag_scraping_twitter' retrieved from /opt/airflow/dags/dag_scraping_twitter.py
[2026-02-07T09:09:31.528+0700] {logging_mixin.py:190} INFO - [2026-02-07T09:09:31.528+0700] {dag.py:3211} INFO - Sync 1 DAGs
[2026-02-07T09:09:31.546+0700] {logging_mixin.py:190} INFO - [2026-02-07T09:09:31.546+0700] {dag.py:4138} INFO - Setting next_dagrun for dag_scraping_twitter to 2026-02-06 23:00:00+00:00, run_after=2026-02-07 11:00:00+00:00
[2026-02-07T09:09:31.566+0700] {processor.py:208} INFO - Processing /opt/airflow/dags/dag_scraping_twitter.py took 0.218 seconds
[2026-02-07T09:10:01.641+0700] {processor.py:186} INFO - Started process (PID=339) to work on /opt/airflow/dags/dag_scraping_twitter.py
[2026-02-07T09:10:01.644+0700] {processor.py:914} INFO - Processing file /opt/airflow/dags/dag_scraping_twitter.py for tasks to queue
[2026-02-07T09:10:01.647+0700] {logging_mixin.py:190} INFO - [2026-02-07T09:10:01.647+0700] {dagbag.py:587} INFO - Filling up the DagBag from /opt/airflow/dags/dag_scraping_twitter.py
[2026-02-07T09:10:01.668+0700] {processor.py:925} INFO - DAG(s) 'dag_scraping_twitter' retrieved from /opt/airflow/dags/dag_scraping_twitter.py
[2026-02-07T09:10:01.692+0700] {logging_mixin.py:190} INFO - [2026-02-07T09:10:01.692+0700] {dag.py:3211} INFO - Sync 1 DAGs
[2026-02-07T09:10:01.712+0700] {logging_mixin.py:190} INFO - [2026-02-07T09:10:01.712+0700] {dag.py:4138} INFO - Setting next_dagrun for dag_scraping_twitter to 2026-02-06 23:00:00+00:00, run_after=2026-02-07 11:00:00+00:00
[2026-02-07T09:10:01.735+0700] {processor.py:208} INFO - Processing /opt/airflow/dags/dag_scraping_twitter.py took 0.105 seconds
[2026-02-07T09:10:31.918+0700] {processor.py:186} INFO - Started process (PID=349) to work on /opt/airflow/dags/dag_scraping_twitter.py
[2026-02-07T09:10:31.919+0700] {processor.py:914} INFO - Processing file /opt/airflow/dags/dag_scraping_twitter.py for tasks to queue
[2026-02-07T09:10:31.921+0700] {logging_mixin.py:190} INFO - [2026-02-07T09:10:31.921+0700] {dagbag.py:587} INFO - Filling up the DagBag from /opt/airflow/dags/dag_scraping_twitter.py
[2026-02-07T09:10:31.939+0700] {processor.py:925} INFO - DAG(s) 'dag_scraping_twitter' retrieved from /opt/airflow/dags/dag_scraping_twitter.py
[2026-02-07T09:10:31.964+0700] {logging_mixin.py:190} INFO - [2026-02-07T09:10:31.964+0700] {dag.py:3211} INFO - Sync 1 DAGs
[2026-02-07T09:10:31.986+0700] {logging_mixin.py:190} INFO - [2026-02-07T09:10:31.986+0700] {dag.py:4138} INFO - Setting next_dagrun for dag_scraping_twitter to 2026-02-06 23:00:00+00:00, run_after=2026-02-07 11:00:00+00:00
[2026-02-07T09:10:32.008+0700] {processor.py:208} INFO - Processing /opt/airflow/dags/dag_scraping_twitter.py took 0.096 seconds
[2026-02-07T09:11:02.237+0700] {processor.py:186} INFO - Started process (PID=354) to work on /opt/airflow/dags/dag_scraping_twitter.py
[2026-02-07T09:11:02.238+0700] {processor.py:914} INFO - Processing file /opt/airflow/dags/dag_scraping_twitter.py for tasks to queue
[2026-02-07T09:11:02.241+0700] {logging_mixin.py:190} INFO - [2026-02-07T09:11:02.240+0700] {dagbag.py:587} INFO - Filling up the DagBag from /opt/airflow/dags/dag_scraping_twitter.py
[2026-02-07T09:11:02.260+0700] {processor.py:925} INFO - DAG(s) 'dag_scraping_twitter' retrieved from /opt/airflow/dags/dag_scraping_twitter.py
[2026-02-07T09:11:02.289+0700] {logging_mixin.py:190} INFO - [2026-02-07T09:11:02.289+0700] {dag.py:3211} INFO - Sync 1 DAGs
[2026-02-07T09:11:02.316+0700] {logging_mixin.py:190} INFO - [2026-02-07T09:11:02.316+0700] {dag.py:4138} INFO - Setting next_dagrun for dag_scraping_twitter to 2026-02-06 23:00:00+00:00, run_after=2026-02-07 11:00:00+00:00
[2026-02-07T09:11:02.341+0700] {processor.py:208} INFO - Processing /opt/airflow/dags/dag_scraping_twitter.py took 0.110 seconds
[2026-02-07T09:11:32.478+0700] {processor.py:186} INFO - Started process (PID=364) to work on /opt/airflow/dags/dag_scraping_twitter.py
[2026-02-07T09:11:32.479+0700] {processor.py:914} INFO - Processing file /opt/airflow/dags/dag_scraping_twitter.py for tasks to queue
[2026-02-07T09:11:32.482+0700] {logging_mixin.py:190} INFO - [2026-02-07T09:11:32.482+0700] {dagbag.py:587} INFO - Filling up the DagBag from /opt/airflow/dags/dag_scraping_twitter.py
[2026-02-07T09:11:32.504+0700] {processor.py:925} INFO - DAG(s) 'dag_scraping_twitter' retrieved from /opt/airflow/dags/dag_scraping_twitter.py
[2026-02-07T09:11:32.532+0700] {logging_mixin.py:190} INFO - [2026-02-07T09:11:32.532+0700] {dag.py:3211} INFO - Sync 1 DAGs
[2026-02-07T09:11:32.725+0700] {logging_mixin.py:190} INFO - [2026-02-07T09:11:32.725+0700] {dag.py:4138} INFO - Setting next_dagrun for dag_scraping_twitter to 2026-02-06 23:00:00+00:00, run_after=2026-02-07 11:00:00+00:00
[2026-02-07T09:11:32.748+0700] {processor.py:208} INFO - Processing /opt/airflow/dags/dag_scraping_twitter.py took 0.281 seconds
[2026-02-07T09:12:02.943+0700] {processor.py:186} INFO - Started process (PID=374) to work on /opt/airflow/dags/dag_scraping_twitter.py
[2026-02-07T09:12:02.944+0700] {processor.py:914} INFO - Processing file /opt/airflow/dags/dag_scraping_twitter.py for tasks to queue
[2026-02-07T09:12:02.946+0700] {logging_mixin.py:190} INFO - [2026-02-07T09:12:02.946+0700] {dagbag.py:587} INFO - Filling up the DagBag from /opt/airflow/dags/dag_scraping_twitter.py
[2026-02-07T09:12:02.965+0700] {processor.py:925} INFO - DAG(s) 'dag_scraping_twitter' retrieved from /opt/airflow/dags/dag_scraping_twitter.py
[2026-02-07T09:12:02.996+0700] {logging_mixin.py:190} INFO - [2026-02-07T09:12:02.996+0700] {dag.py:3211} INFO - Sync 1 DAGs
[2026-02-07T09:12:03.168+0700] {logging_mixin.py:190} INFO - [2026-02-07T09:12:03.168+0700] {dag.py:4138} INFO - Setting next_dagrun for dag_scraping_twitter to 2026-02-06 23:00:00+00:00, run_after=2026-02-07 11:00:00+00:00
[2026-02-07T09:12:03.192+0700] {processor.py:208} INFO - Processing /opt/airflow/dags/dag_scraping_twitter.py took 0.255 seconds
[2026-02-07T09:12:33.531+0700] {processor.py:186} INFO - Started process (PID=384) to work on /opt/airflow/dags/dag_scraping_twitter.py
[2026-02-07T09:12:33.532+0700] {processor.py:914} INFO - Processing file /opt/airflow/dags/dag_scraping_twitter.py for tasks to queue
[2026-02-07T09:12:33.534+0700] {logging_mixin.py:190} INFO - [2026-02-07T09:12:33.534+0700] {dagbag.py:587} INFO - Filling up the DagBag from /opt/airflow/dags/dag_scraping_twitter.py
[2026-02-07T09:12:33.555+0700] {processor.py:925} INFO - DAG(s) 'dag_scraping_twitter' retrieved from /opt/airflow/dags/dag_scraping_twitter.py
[2026-02-07T09:12:33.748+0700] {logging_mixin.py:190} INFO - [2026-02-07T09:12:33.747+0700] {dag.py:3211} INFO - Sync 1 DAGs
[2026-02-07T09:12:33.769+0700] {logging_mixin.py:190} INFO - [2026-02-07T09:12:33.768+0700] {dag.py:4138} INFO - Setting next_dagrun for dag_scraping_twitter to 2026-02-06 23:00:00+00:00, run_after=2026-02-07 11:00:00+00:00
[2026-02-07T09:12:33.791+0700] {processor.py:208} INFO - Processing /opt/airflow/dags/dag_scraping_twitter.py took 0.266 seconds
[2026-02-07T09:13:04.174+0700] {processor.py:186} INFO - Started process (PID=394) to work on /opt/airflow/dags/dag_scraping_twitter.py
[2026-02-07T09:13:04.175+0700] {processor.py:914} INFO - Processing file /opt/airflow/dags/dag_scraping_twitter.py for tasks to queue
[2026-02-07T09:13:04.178+0700] {logging_mixin.py:190} INFO - [2026-02-07T09:13:04.178+0700] {dagbag.py:587} INFO - Filling up the DagBag from /opt/airflow/dags/dag_scraping_twitter.py
[2026-02-07T09:13:04.200+0700] {processor.py:925} INFO - DAG(s) 'dag_scraping_twitter' retrieved from /opt/airflow/dags/dag_scraping_twitter.py
[2026-02-07T09:13:04.230+0700] {logging_mixin.py:190} INFO - [2026-02-07T09:13:04.230+0700] {dag.py:3211} INFO - Sync 1 DAGs
[2026-02-07T09:13:04.255+0700] {logging_mixin.py:190} INFO - [2026-02-07T09:13:04.255+0700] {dag.py:4138} INFO - Setting next_dagrun for dag_scraping_twitter to 2026-02-06 23:00:00+00:00, run_after=2026-02-07 11:00:00+00:00
[2026-02-07T09:13:04.279+0700] {processor.py:208} INFO - Processing /opt/airflow/dags/dag_scraping_twitter.py took 0.112 seconds
[2026-02-07T09:13:34.413+0700] {processor.py:186} INFO - Started process (PID=404) to work on /opt/airflow/dags/dag_scraping_twitter.py
[2026-02-07T09:13:34.418+0700] {processor.py:914} INFO - Processing file /opt/airflow/dags/dag_scraping_twitter.py for tasks to queue
[2026-02-07T09:13:34.422+0700] {logging_mixin.py:190} INFO - [2026-02-07T09:13:34.421+0700] {dagbag.py:587} INFO - Filling up the DagBag from /opt/airflow/dags/dag_scraping_twitter.py
[2026-02-07T09:13:34.449+0700] {processor.py:925} INFO - DAG(s) 'dag_scraping_twitter' retrieved from /opt/airflow/dags/dag_scraping_twitter.py
[2026-02-07T09:13:34.483+0700] {logging_mixin.py:190} INFO - [2026-02-07T09:13:34.483+0700] {dag.py:3211} INFO - Sync 1 DAGs
[2026-02-07T09:13:34.512+0700] {logging_mixin.py:190} INFO - [2026-02-07T09:13:34.512+0700] {dag.py:4138} INFO - Setting next_dagrun for dag_scraping_twitter to 2026-02-06 23:00:00+00:00, run_after=2026-02-07 11:00:00+00:00
[2026-02-07T09:13:34.537+0700] {processor.py:208} INFO - Processing /opt/airflow/dags/dag_scraping_twitter.py took 0.131 seconds
[2026-02-07T09:14:04.720+0700] {processor.py:186} INFO - Started process (PID=414) to work on /opt/airflow/dags/dag_scraping_twitter.py
[2026-02-07T09:14:04.721+0700] {processor.py:914} INFO - Processing file /opt/airflow/dags/dag_scraping_twitter.py for tasks to queue
[2026-02-07T09:14:04.724+0700] {logging_mixin.py:190} INFO - [2026-02-07T09:14:04.723+0700] {dagbag.py:587} INFO - Filling up the DagBag from /opt/airflow/dags/dag_scraping_twitter.py
[2026-02-07T09:14:04.743+0700] {processor.py:925} INFO - DAG(s) 'dag_scraping_twitter' retrieved from /opt/airflow/dags/dag_scraping_twitter.py
[2026-02-07T09:14:04.770+0700] {logging_mixin.py:190} INFO - [2026-02-07T09:14:04.770+0700] {dag.py:3211} INFO - Sync 1 DAGs
[2026-02-07T09:14:04.796+0700] {logging_mixin.py:190} INFO - [2026-02-07T09:14:04.796+0700] {dag.py:4138} INFO - Setting next_dagrun for dag_scraping_twitter to 2026-02-06 23:00:00+00:00, run_after=2026-02-07 11:00:00+00:00
[2026-02-07T09:14:04.984+0700] {processor.py:208} INFO - Processing /opt/airflow/dags/dag_scraping_twitter.py took 0.270 seconds
[2026-02-07T09:14:35.192+0700] {processor.py:186} INFO - Started process (PID=424) to work on /opt/airflow/dags/dag_scraping_twitter.py
[2026-02-07T09:14:35.193+0700] {processor.py:914} INFO - Processing file /opt/airflow/dags/dag_scraping_twitter.py for tasks to queue
[2026-02-07T09:14:35.197+0700] {logging_mixin.py:190} INFO - [2026-02-07T09:14:35.197+0700] {dagbag.py:587} INFO - Filling up the DagBag from /opt/airflow/dags/dag_scraping_twitter.py
[2026-02-07T09:14:35.230+0700] {processor.py:925} INFO - DAG(s) 'dag_scraping_twitter' retrieved from /opt/airflow/dags/dag_scraping_twitter.py
[2026-02-07T09:14:35.273+0700] {logging_mixin.py:190} INFO - [2026-02-07T09:14:35.273+0700] {dag.py:3211} INFO - Sync 1 DAGs
[2026-02-07T09:14:35.496+0700] {logging_mixin.py:190} INFO - [2026-02-07T09:14:35.496+0700] {dag.py:4138} INFO - Setting next_dagrun for dag_scraping_twitter to 2026-02-06 23:00:00+00:00, run_after=2026-02-07 11:00:00+00:00
[2026-02-07T09:14:35.517+0700] {processor.py:208} INFO - Processing /opt/airflow/dags/dag_scraping_twitter.py took 0.333 seconds
[2026-02-07T09:15:05.693+0700] {processor.py:186} INFO - Started process (PID=434) to work on /opt/airflow/dags/dag_scraping_twitter.py
[2026-02-07T09:15:05.694+0700] {processor.py:914} INFO - Processing file /opt/airflow/dags/dag_scraping_twitter.py for tasks to queue
[2026-02-07T09:15:05.697+0700] {logging_mixin.py:190} INFO - [2026-02-07T09:15:05.697+0700] {dagbag.py:587} INFO - Filling up the DagBag from /opt/airflow/dags/dag_scraping_twitter.py
[2026-02-07T09:15:05.719+0700] {processor.py:925} INFO - DAG(s) 'dag_scraping_twitter' retrieved from /opt/airflow/dags/dag_scraping_twitter.py
[2026-02-07T09:15:05.942+0700] {logging_mixin.py:190} INFO - [2026-02-07T09:15:05.941+0700] {dag.py:3211} INFO - Sync 1 DAGs
[2026-02-07T09:15:05.966+0700] {logging_mixin.py:190} INFO - [2026-02-07T09:15:05.966+0700] {dag.py:4138} INFO - Setting next_dagrun for dag_scraping_twitter to 2026-02-06 23:00:00+00:00, run_after=2026-02-07 11:00:00+00:00
[2026-02-07T09:15:05.991+0700] {processor.py:208} INFO - Processing /opt/airflow/dags/dag_scraping_twitter.py took 0.304 seconds
[2026-02-07T09:15:36.324+0700] {processor.py:186} INFO - Started process (PID=444) to work on /opt/airflow/dags/dag_scraping_twitter.py
[2026-02-07T09:15:36.325+0700] {processor.py:914} INFO - Processing file /opt/airflow/dags/dag_scraping_twitter.py for tasks to queue
[2026-02-07T09:15:36.328+0700] {logging_mixin.py:190} INFO - [2026-02-07T09:15:36.328+0700] {dagbag.py:587} INFO - Filling up the DagBag from /opt/airflow/dags/dag_scraping_twitter.py
[2026-02-07T09:15:36.522+0700] {processor.py:925} INFO - DAG(s) 'dag_scraping_twitter' retrieved from /opt/airflow/dags/dag_scraping_twitter.py
[2026-02-07T09:15:36.547+0700] {logging_mixin.py:190} INFO - [2026-02-07T09:15:36.547+0700] {dag.py:3211} INFO - Sync 1 DAGs
[2026-02-07T09:15:36.571+0700] {logging_mixin.py:190} INFO - [2026-02-07T09:15:36.571+0700] {dag.py:4138} INFO - Setting next_dagrun for dag_scraping_twitter to 2026-02-06 23:00:00+00:00, run_after=2026-02-07 11:00:00+00:00
[2026-02-07T09:15:36.596+0700] {processor.py:208} INFO - Processing /opt/airflow/dags/dag_scraping_twitter.py took 0.279 seconds
[2026-02-07T09:16:06.856+0700] {processor.py:186} INFO - Started process (PID=454) to work on /opt/airflow/dags/dag_scraping_twitter.py
[2026-02-07T09:16:06.857+0700] {processor.py:914} INFO - Processing file /opt/airflow/dags/dag_scraping_twitter.py for tasks to queue
[2026-02-07T09:16:06.860+0700] {logging_mixin.py:190} INFO - [2026-02-07T09:16:06.860+0700] {dagbag.py:587} INFO - Filling up the DagBag from /opt/airflow/dags/dag_scraping_twitter.py
[2026-02-07T09:16:06.883+0700] {processor.py:925} INFO - DAG(s) 'dag_scraping_twitter' retrieved from /opt/airflow/dags/dag_scraping_twitter.py
[2026-02-07T09:16:06.913+0700] {logging_mixin.py:190} INFO - [2026-02-07T09:16:06.913+0700] {dag.py:3211} INFO - Sync 1 DAGs
[2026-02-07T09:16:06.939+0700] {logging_mixin.py:190} INFO - [2026-02-07T09:16:06.939+0700] {dag.py:4138} INFO - Setting next_dagrun for dag_scraping_twitter to 2026-02-06 23:00:00+00:00, run_after=2026-02-07 11:00:00+00:00
[2026-02-07T09:16:06.963+0700] {processor.py:208} INFO - Processing /opt/airflow/dags/dag_scraping_twitter.py took 0.115 seconds
[2026-02-07T09:16:37.102+0700] {processor.py:186} INFO - Started process (PID=464) to work on /opt/airflow/dags/dag_scraping_twitter.py
[2026-02-07T09:16:37.103+0700] {processor.py:914} INFO - Processing file /opt/airflow/dags/dag_scraping_twitter.py for tasks to queue
[2026-02-07T09:16:37.106+0700] {logging_mixin.py:190} INFO - [2026-02-07T09:16:37.105+0700] {dagbag.py:587} INFO - Filling up the DagBag from /opt/airflow/dags/dag_scraping_twitter.py
[2026-02-07T09:16:37.126+0700] {processor.py:925} INFO - DAG(s) 'dag_scraping_twitter' retrieved from /opt/airflow/dags/dag_scraping_twitter.py
[2026-02-07T09:16:37.155+0700] {logging_mixin.py:190} INFO - [2026-02-07T09:16:37.155+0700] {dag.py:3211} INFO - Sync 1 DAGs
[2026-02-07T09:16:37.181+0700] {logging_mixin.py:190} INFO - [2026-02-07T09:16:37.181+0700] {dag.py:4138} INFO - Setting next_dagrun for dag_scraping_twitter to 2026-02-06 23:00:00+00:00, run_after=2026-02-07 11:00:00+00:00
[2026-02-07T09:16:37.205+0700] {processor.py:208} INFO - Processing /opt/airflow/dags/dag_scraping_twitter.py took 0.110 seconds
[2026-02-07T09:17:07.322+0700] {processor.py:186} INFO - Started process (PID=474) to work on /opt/airflow/dags/dag_scraping_twitter.py
[2026-02-07T09:17:07.323+0700] {processor.py:914} INFO - Processing file /opt/airflow/dags/dag_scraping_twitter.py for tasks to queue
[2026-02-07T09:17:07.326+0700] {logging_mixin.py:190} INFO - [2026-02-07T09:17:07.326+0700] {dagbag.py:587} INFO - Filling up the DagBag from /opt/airflow/dags/dag_scraping_twitter.py
[2026-02-07T09:17:07.347+0700] {processor.py:925} INFO - DAG(s) 'dag_scraping_twitter' retrieved from /opt/airflow/dags/dag_scraping_twitter.py
[2026-02-07T09:17:07.376+0700] {logging_mixin.py:190} INFO - [2026-02-07T09:17:07.376+0700] {dag.py:3211} INFO - Sync 1 DAGs
[2026-02-07T09:17:07.401+0700] {logging_mixin.py:190} INFO - [2026-02-07T09:17:07.401+0700] {dag.py:4138} INFO - Setting next_dagrun for dag_scraping_twitter to 2026-02-06 23:00:00+00:00, run_after=2026-02-07 11:00:00+00:00
[2026-02-07T09:17:07.427+0700] {processor.py:208} INFO - Processing /opt/airflow/dags/dag_scraping_twitter.py took 0.112 seconds
[2026-02-07T09:17:37.487+0700] {processor.py:186} INFO - Started process (PID=484) to work on /opt/airflow/dags/dag_scraping_twitter.py
[2026-02-07T09:17:37.489+0700] {processor.py:914} INFO - Processing file /opt/airflow/dags/dag_scraping_twitter.py for tasks to queue
[2026-02-07T09:17:37.491+0700] {logging_mixin.py:190} INFO - [2026-02-07T09:17:37.491+0700] {dagbag.py:587} INFO - Filling up the DagBag from /opt/airflow/dags/dag_scraping_twitter.py
[2026-02-07T09:17:37.514+0700] {processor.py:925} INFO - DAG(s) 'dag_scraping_twitter' retrieved from /opt/airflow/dags/dag_scraping_twitter.py
[2026-02-07T09:17:37.546+0700] {logging_mixin.py:190} INFO - [2026-02-07T09:17:37.546+0700] {dag.py:3211} INFO - Sync 1 DAGs
[2026-02-07T09:17:37.572+0700] {logging_mixin.py:190} INFO - [2026-02-07T09:17:37.572+0700] {dag.py:4138} INFO - Setting next_dagrun for dag_scraping_twitter to 2026-02-06 23:00:00+00:00, run_after=2026-02-07 11:00:00+00:00
[2026-02-07T09:17:37.596+0700] {processor.py:208} INFO - Processing /opt/airflow/dags/dag_scraping_twitter.py took 0.116 seconds
[2026-02-07T09:18:07.892+0700] {processor.py:186} INFO - Started process (PID=494) to work on /opt/airflow/dags/dag_scraping_twitter.py
[2026-02-07T09:18:07.893+0700] {processor.py:914} INFO - Processing file /opt/airflow/dags/dag_scraping_twitter.py for tasks to queue
[2026-02-07T09:18:07.896+0700] {logging_mixin.py:190} INFO - [2026-02-07T09:18:07.895+0700] {dagbag.py:587} INFO - Filling up the DagBag from /opt/airflow/dags/dag_scraping_twitter.py
[2026-02-07T09:18:07.926+0700] {processor.py:925} INFO - DAG(s) 'dag_scraping_twitter' retrieved from /opt/airflow/dags/dag_scraping_twitter.py
[2026-02-07T09:18:07.957+0700] {logging_mixin.py:190} INFO - [2026-02-07T09:18:07.957+0700] {dag.py:3211} INFO - Sync 1 DAGs
[2026-02-07T09:18:07.982+0700] {logging_mixin.py:190} INFO - [2026-02-07T09:18:07.982+0700] {dag.py:4138} INFO - Setting next_dagrun for dag_scraping_twitter to 2026-02-06 23:00:00+00:00, run_after=2026-02-07 11:00:00+00:00
[2026-02-07T09:18:08.006+0700] {processor.py:208} INFO - Processing /opt/airflow/dags/dag_scraping_twitter.py took 0.123 seconds
[2026-02-07T09:18:38.948+0700] {processor.py:186} INFO - Started process (PID=504) to work on /opt/airflow/dags/dag_scraping_twitter.py
[2026-02-07T09:18:38.949+0700] {processor.py:914} INFO - Processing file /opt/airflow/dags/dag_scraping_twitter.py for tasks to queue
[2026-02-07T09:18:38.952+0700] {logging_mixin.py:190} INFO - [2026-02-07T09:18:38.951+0700] {dagbag.py:587} INFO - Filling up the DagBag from /opt/airflow/dags/dag_scraping_twitter.py
[2026-02-07T09:18:38.971+0700] {processor.py:925} INFO - DAG(s) 'dag_scraping_twitter' retrieved from /opt/airflow/dags/dag_scraping_twitter.py
[2026-02-07T09:18:38.999+0700] {logging_mixin.py:190} INFO - [2026-02-07T09:18:38.998+0700] {dag.py:3211} INFO - Sync 1 DAGs
[2026-02-07T09:18:39.024+0700] {logging_mixin.py:190} INFO - [2026-02-07T09:18:39.024+0700] {dag.py:4138} INFO - Setting next_dagrun for dag_scraping_twitter to 2026-02-06 23:00:00+00:00, run_after=2026-02-07 11:00:00+00:00
[2026-02-07T09:18:39.046+0700] {processor.py:208} INFO - Processing /opt/airflow/dags/dag_scraping_twitter.py took 0.106 seconds
[2026-02-07T09:19:09.194+0700] {processor.py:186} INFO - Started process (PID=514) to work on /opt/airflow/dags/dag_scraping_twitter.py
[2026-02-07T09:19:09.195+0700] {processor.py:914} INFO - Processing file /opt/airflow/dags/dag_scraping_twitter.py for tasks to queue
[2026-02-07T09:19:09.198+0700] {logging_mixin.py:190} INFO - [2026-02-07T09:19:09.198+0700] {dagbag.py:587} INFO - Filling up the DagBag from /opt/airflow/dags/dag_scraping_twitter.py
[2026-02-07T09:19:09.218+0700] {processor.py:925} INFO - DAG(s) 'dag_scraping_twitter' retrieved from /opt/airflow/dags/dag_scraping_twitter.py
[2026-02-07T09:19:09.249+0700] {logging_mixin.py:190} INFO - [2026-02-07T09:19:09.249+0700] {dag.py:3211} INFO - Sync 1 DAGs
[2026-02-07T09:19:09.276+0700] {logging_mixin.py:190} INFO - [2026-02-07T09:19:09.276+0700] {dag.py:4138} INFO - Setting next_dagrun for dag_scraping_twitter to 2026-02-06 23:00:00+00:00, run_after=2026-02-07 11:00:00+00:00
[2026-02-07T09:19:09.302+0700] {processor.py:208} INFO - Processing /opt/airflow/dags/dag_scraping_twitter.py took 0.115 seconds
[2026-02-07T09:19:39.450+0700] {processor.py:186} INFO - Started process (PID=524) to work on /opt/airflow/dags/dag_scraping_twitter.py
[2026-02-07T09:19:39.451+0700] {processor.py:914} INFO - Processing file /opt/airflow/dags/dag_scraping_twitter.py for tasks to queue
[2026-02-07T09:19:39.454+0700] {logging_mixin.py:190} INFO - [2026-02-07T09:19:39.453+0700] {dagbag.py:587} INFO - Filling up the DagBag from /opt/airflow/dags/dag_scraping_twitter.py
[2026-02-07T09:19:39.474+0700] {processor.py:925} INFO - DAG(s) 'dag_scraping_twitter' retrieved from /opt/airflow/dags/dag_scraping_twitter.py
[2026-02-07T09:19:39.506+0700] {logging_mixin.py:190} INFO - [2026-02-07T09:19:39.506+0700] {dag.py:3211} INFO - Sync 1 DAGs
[2026-02-07T09:19:39.534+0700] {logging_mixin.py:190} INFO - [2026-02-07T09:19:39.534+0700] {dag.py:4138} INFO - Setting next_dagrun for dag_scraping_twitter to 2026-02-06 23:00:00+00:00, run_after=2026-02-07 11:00:00+00:00
[2026-02-07T09:19:39.558+0700] {processor.py:208} INFO - Processing /opt/airflow/dags/dag_scraping_twitter.py took 0.115 seconds
[2026-02-07T09:20:09.935+0700] {processor.py:186} INFO - Started process (PID=534) to work on /opt/airflow/dags/dag_scraping_twitter.py
[2026-02-07T09:20:09.936+0700] {processor.py:914} INFO - Processing file /opt/airflow/dags/dag_scraping_twitter.py for tasks to queue
[2026-02-07T09:20:09.938+0700] {logging_mixin.py:190} INFO - [2026-02-07T09:20:09.938+0700] {dagbag.py:587} INFO - Filling up the DagBag from /opt/airflow/dags/dag_scraping_twitter.py
[2026-02-07T09:20:09.959+0700] {processor.py:925} INFO - DAG(s) 'dag_scraping_twitter' retrieved from /opt/airflow/dags/dag_scraping_twitter.py
[2026-02-07T09:20:09.988+0700] {logging_mixin.py:190} INFO - [2026-02-07T09:20:09.988+0700] {dag.py:3211} INFO - Sync 1 DAGs
[2026-02-07T09:20:10.012+0700] {logging_mixin.py:190} INFO - [2026-02-07T09:20:10.012+0700] {dag.py:4138} INFO - Setting next_dagrun for dag_scraping_twitter to 2026-02-06 23:00:00+00:00, run_after=2026-02-07 11:00:00+00:00
[2026-02-07T09:20:10.036+0700] {processor.py:208} INFO - Processing /opt/airflow/dags/dag_scraping_twitter.py took 0.107 seconds
[2026-02-07T09:20:40.136+0700] {processor.py:186} INFO - Started process (PID=544) to work on /opt/airflow/dags/dag_scraping_twitter.py
[2026-02-07T09:20:40.137+0700] {processor.py:914} INFO - Processing file /opt/airflow/dags/dag_scraping_twitter.py for tasks to queue
[2026-02-07T09:20:40.143+0700] {logging_mixin.py:190} INFO - [2026-02-07T09:20:40.143+0700] {dagbag.py:587} INFO - Filling up the DagBag from /opt/airflow/dags/dag_scraping_twitter.py
[2026-02-07T09:20:40.162+0700] {processor.py:925} INFO - DAG(s) 'dag_scraping_twitter' retrieved from /opt/airflow/dags/dag_scraping_twitter.py
[2026-02-07T09:20:40.192+0700] {logging_mixin.py:190} INFO - [2026-02-07T09:20:40.192+0700] {dag.py:3211} INFO - Sync 1 DAGs
[2026-02-07T09:20:40.221+0700] {logging_mixin.py:190} INFO - [2026-02-07T09:20:40.221+0700] {dag.py:4138} INFO - Setting next_dagrun for dag_scraping_twitter to 2026-02-06 23:00:00+00:00, run_after=2026-02-07 11:00:00+00:00
[2026-02-07T09:20:40.249+0700] {processor.py:208} INFO - Processing /opt/airflow/dags/dag_scraping_twitter.py took 0.120 seconds
[2026-02-07T09:21:10.410+0700] {processor.py:186} INFO - Started process (PID=554) to work on /opt/airflow/dags/dag_scraping_twitter.py
[2026-02-07T09:21:10.412+0700] {processor.py:914} INFO - Processing file /opt/airflow/dags/dag_scraping_twitter.py for tasks to queue
[2026-02-07T09:21:10.416+0700] {logging_mixin.py:190} INFO - [2026-02-07T09:21:10.416+0700] {dagbag.py:587} INFO - Filling up the DagBag from /opt/airflow/dags/dag_scraping_twitter.py
[2026-02-07T09:21:10.450+0700] {processor.py:925} INFO - DAG(s) 'dag_scraping_twitter' retrieved from /opt/airflow/dags/dag_scraping_twitter.py
[2026-02-07T09:21:10.488+0700] {logging_mixin.py:190} INFO - [2026-02-07T09:21:10.488+0700] {dag.py:3211} INFO - Sync 1 DAGs
[2026-02-07T09:21:10.521+0700] {logging_mixin.py:190} INFO - [2026-02-07T09:21:10.521+0700] {dag.py:4138} INFO - Setting next_dagrun for dag_scraping_twitter to 2026-02-06 23:00:00+00:00, run_after=2026-02-07 11:00:00+00:00
[2026-02-07T09:21:10.549+0700] {processor.py:208} INFO - Processing /opt/airflow/dags/dag_scraping_twitter.py took 0.148 seconds
[2026-02-07T09:21:41.077+0700] {processor.py:186} INFO - Started process (PID=564) to work on /opt/airflow/dags/dag_scraping_twitter.py
[2026-02-07T09:21:41.079+0700] {processor.py:914} INFO - Processing file /opt/airflow/dags/dag_scraping_twitter.py for tasks to queue
[2026-02-07T09:21:41.082+0700] {logging_mixin.py:190} INFO - [2026-02-07T09:21:41.081+0700] {dagbag.py:587} INFO - Filling up the DagBag from /opt/airflow/dags/dag_scraping_twitter.py
[2026-02-07T09:21:41.107+0700] {processor.py:925} INFO - DAG(s) 'dag_scraping_twitter' retrieved from /opt/airflow/dags/dag_scraping_twitter.py
[2026-02-07T09:21:41.147+0700] {logging_mixin.py:190} INFO - [2026-02-07T09:21:41.146+0700] {dag.py:3211} INFO - Sync 1 DAGs
[2026-02-07T09:21:41.178+0700] {logging_mixin.py:190} INFO - [2026-02-07T09:21:41.178+0700] {dag.py:4138} INFO - Setting next_dagrun for dag_scraping_twitter to 2026-02-06 23:00:00+00:00, run_after=2026-02-07 11:00:00+00:00
[2026-02-07T09:21:41.207+0700] {processor.py:208} INFO - Processing /opt/airflow/dags/dag_scraping_twitter.py took 0.140 seconds
[2026-02-07T09:22:11.495+0700] {processor.py:186} INFO - Started process (PID=574) to work on /opt/airflow/dags/dag_scraping_twitter.py
[2026-02-07T09:22:11.496+0700] {processor.py:914} INFO - Processing file /opt/airflow/dags/dag_scraping_twitter.py for tasks to queue
[2026-02-07T09:22:11.499+0700] {logging_mixin.py:190} INFO - [2026-02-07T09:22:11.499+0700] {dagbag.py:587} INFO - Filling up the DagBag from /opt/airflow/dags/dag_scraping_twitter.py
[2026-02-07T09:22:11.523+0700] {processor.py:925} INFO - DAG(s) 'dag_scraping_twitter' retrieved from /opt/airflow/dags/dag_scraping_twitter.py
[2026-02-07T09:22:11.553+0700] {logging_mixin.py:190} INFO - [2026-02-07T09:22:11.553+0700] {dag.py:3211} INFO - Sync 1 DAGs
[2026-02-07T09:22:11.580+0700] {logging_mixin.py:190} INFO - [2026-02-07T09:22:11.580+0700] {dag.py:4138} INFO - Setting next_dagrun for dag_scraping_twitter to 2026-02-06 23:00:00+00:00, run_after=2026-02-07 11:00:00+00:00
[2026-02-07T09:22:11.607+0700] {processor.py:208} INFO - Processing /opt/airflow/dags/dag_scraping_twitter.py took 0.119 seconds
[2026-02-07T09:22:41.692+0700] {processor.py:186} INFO - Started process (PID=584) to work on /opt/airflow/dags/dag_scraping_twitter.py
[2026-02-07T09:22:41.693+0700] {processor.py:914} INFO - Processing file /opt/airflow/dags/dag_scraping_twitter.py for tasks to queue
[2026-02-07T09:22:41.696+0700] {logging_mixin.py:190} INFO - [2026-02-07T09:22:41.696+0700] {dagbag.py:587} INFO - Filling up the DagBag from /opt/airflow/dags/dag_scraping_twitter.py
[2026-02-07T09:22:41.724+0700] {processor.py:925} INFO - DAG(s) 'dag_scraping_twitter' retrieved from /opt/airflow/dags/dag_scraping_twitter.py
[2026-02-07T09:22:41.758+0700] {logging_mixin.py:190} INFO - [2026-02-07T09:22:41.758+0700] {dag.py:3211} INFO - Sync 1 DAGs
[2026-02-07T09:22:41.802+0700] {logging_mixin.py:190} INFO - [2026-02-07T09:22:41.802+0700] {dag.py:4138} INFO - Setting next_dagrun for dag_scraping_twitter to 2026-02-06 23:00:00+00:00, run_after=2026-02-07 11:00:00+00:00
[2026-02-07T09:22:41.838+0700] {processor.py:208} INFO - Processing /opt/airflow/dags/dag_scraping_twitter.py took 0.152 seconds
[2026-02-07T09:23:12.289+0700] {processor.py:186} INFO - Started process (PID=594) to work on /opt/airflow/dags/dag_scraping_twitter.py
[2026-02-07T09:23:12.291+0700] {processor.py:914} INFO - Processing file /opt/airflow/dags/dag_scraping_twitter.py for tasks to queue
[2026-02-07T09:23:12.308+0700] {logging_mixin.py:190} INFO - [2026-02-07T09:23:12.306+0700] {dagbag.py:587} INFO - Filling up the DagBag from /opt/airflow/dags/dag_scraping_twitter.py
[2026-02-07T09:23:12.359+0700] {processor.py:925} INFO - DAG(s) 'dag_scraping_twitter' retrieved from /opt/airflow/dags/dag_scraping_twitter.py
[2026-02-07T09:23:12.418+0700] {logging_mixin.py:190} INFO - [2026-02-07T09:23:12.417+0700] {dag.py:3211} INFO - Sync 1 DAGs
[2026-02-07T09:23:12.481+0700] {logging_mixin.py:190} INFO - [2026-02-07T09:23:12.480+0700] {dag.py:4138} INFO - Setting next_dagrun for dag_scraping_twitter to 2026-02-06 23:00:00+00:00, run_after=2026-02-07 11:00:00+00:00
[2026-02-07T09:23:12.537+0700] {processor.py:208} INFO - Processing /opt/airflow/dags/dag_scraping_twitter.py took 0.271 seconds
[2026-02-07T09:23:42.832+0700] {processor.py:186} INFO - Started process (PID=604) to work on /opt/airflow/dags/dag_scraping_twitter.py
[2026-02-07T09:23:42.834+0700] {processor.py:914} INFO - Processing file /opt/airflow/dags/dag_scraping_twitter.py for tasks to queue
[2026-02-07T09:23:42.838+0700] {logging_mixin.py:190} INFO - [2026-02-07T09:23:42.837+0700] {dagbag.py:587} INFO - Filling up the DagBag from /opt/airflow/dags/dag_scraping_twitter.py
[2026-02-07T09:23:42.877+0700] {processor.py:925} INFO - DAG(s) 'dag_scraping_twitter' retrieved from /opt/airflow/dags/dag_scraping_twitter.py
[2026-02-07T09:23:42.917+0700] {logging_mixin.py:190} INFO - [2026-02-07T09:23:42.916+0700] {dag.py:3211} INFO - Sync 1 DAGs
[2026-02-07T09:23:42.952+0700] {logging_mixin.py:190} INFO - [2026-02-07T09:23:42.952+0700] {dag.py:4138} INFO - Setting next_dagrun for dag_scraping_twitter to 2026-02-06 23:00:00+00:00, run_after=2026-02-07 11:00:00+00:00
[2026-02-07T09:23:42.979+0700] {processor.py:208} INFO - Processing /opt/airflow/dags/dag_scraping_twitter.py took 0.158 seconds
[2026-02-07T09:24:13.050+0700] {processor.py:186} INFO - Started process (PID=614) to work on /opt/airflow/dags/dag_scraping_twitter.py
[2026-02-07T09:24:13.052+0700] {processor.py:914} INFO - Processing file /opt/airflow/dags/dag_scraping_twitter.py for tasks to queue
[2026-02-07T09:24:13.054+0700] {logging_mixin.py:190} INFO - [2026-02-07T09:24:13.054+0700] {dagbag.py:587} INFO - Filling up the DagBag from /opt/airflow/dags/dag_scraping_twitter.py
[2026-02-07T09:24:13.077+0700] {processor.py:925} INFO - DAG(s) 'dag_scraping_twitter' retrieved from /opt/airflow/dags/dag_scraping_twitter.py
[2026-02-07T09:24:13.110+0700] {logging_mixin.py:190} INFO - [2026-02-07T09:24:13.110+0700] {dag.py:3211} INFO - Sync 1 DAGs
[2026-02-07T09:24:13.137+0700] {logging_mixin.py:190} INFO - [2026-02-07T09:24:13.137+0700] {dag.py:4138} INFO - Setting next_dagrun for dag_scraping_twitter to 2026-02-06 23:00:00+00:00, run_after=2026-02-07 11:00:00+00:00
[2026-02-07T09:24:13.162+0700] {processor.py:208} INFO - Processing /opt/airflow/dags/dag_scraping_twitter.py took 0.119 seconds
[2026-02-07T09:24:43.530+0700] {processor.py:186} INFO - Started process (PID=624) to work on /opt/airflow/dags/dag_scraping_twitter.py
[2026-02-07T09:24:43.532+0700] {processor.py:914} INFO - Processing file /opt/airflow/dags/dag_scraping_twitter.py for tasks to queue
[2026-02-07T09:24:43.536+0700] {logging_mixin.py:190} INFO - [2026-02-07T09:24:43.536+0700] {dagbag.py:587} INFO - Filling up the DagBag from /opt/airflow/dags/dag_scraping_twitter.py
[2026-02-07T09:24:43.564+0700] {processor.py:925} INFO - DAG(s) 'dag_scraping_twitter' retrieved from /opt/airflow/dags/dag_scraping_twitter.py
[2026-02-07T09:24:43.601+0700] {logging_mixin.py:190} INFO - [2026-02-07T09:24:43.601+0700] {dag.py:3211} INFO - Sync 1 DAGs
[2026-02-07T09:24:43.640+0700] {logging_mixin.py:190} INFO - [2026-02-07T09:24:43.639+0700] {dag.py:4138} INFO - Setting next_dagrun for dag_scraping_twitter to 2026-02-06 23:00:00+00:00, run_after=2026-02-07 11:00:00+00:00
[2026-02-07T09:24:43.669+0700] {processor.py:208} INFO - Processing /opt/airflow/dags/dag_scraping_twitter.py took 0.149 seconds
[2026-02-07T09:25:14.688+0700] {processor.py:186} INFO - Started process (PID=634) to work on /opt/airflow/dags/dag_scraping_twitter.py
[2026-02-07T09:25:14.689+0700] {processor.py:914} INFO - Processing file /opt/airflow/dags/dag_scraping_twitter.py for tasks to queue
[2026-02-07T09:25:14.702+0700] {logging_mixin.py:190} INFO - [2026-02-07T09:25:14.693+0700] {dagbag.py:587} INFO - Filling up the DagBag from /opt/airflow/dags/dag_scraping_twitter.py
[2026-02-07T09:25:14.739+0700] {processor.py:925} INFO - DAG(s) 'dag_scraping_twitter' retrieved from /opt/airflow/dags/dag_scraping_twitter.py
[2026-02-07T09:25:14.782+0700] {logging_mixin.py:190} INFO - [2026-02-07T09:25:14.782+0700] {dag.py:3211} INFO - Sync 1 DAGs
[2026-02-07T09:25:14.819+0700] {logging_mixin.py:190} INFO - [2026-02-07T09:25:14.819+0700] {dag.py:4138} INFO - Setting next_dagrun for dag_scraping_twitter to 2026-02-06 23:00:00+00:00, run_after=2026-02-07 11:00:00+00:00
[2026-02-07T09:25:14.852+0700] {processor.py:208} INFO - Processing /opt/airflow/dags/dag_scraping_twitter.py took 0.185 seconds
[2026-02-07T09:25:45.727+0700] {processor.py:186} INFO - Started process (PID=644) to work on /opt/airflow/dags/dag_scraping_twitter.py
[2026-02-07T09:25:45.728+0700] {processor.py:914} INFO - Processing file /opt/airflow/dags/dag_scraping_twitter.py for tasks to queue
[2026-02-07T09:25:45.731+0700] {logging_mixin.py:190} INFO - [2026-02-07T09:25:45.730+0700] {dagbag.py:587} INFO - Filling up the DagBag from /opt/airflow/dags/dag_scraping_twitter.py
[2026-02-07T09:25:45.752+0700] {processor.py:925} INFO - DAG(s) 'dag_scraping_twitter' retrieved from /opt/airflow/dags/dag_scraping_twitter.py
[2026-02-07T09:25:45.790+0700] {logging_mixin.py:190} INFO - [2026-02-07T09:25:45.790+0700] {dag.py:3211} INFO - Sync 1 DAGs
[2026-02-07T09:25:45.817+0700] {logging_mixin.py:190} INFO - [2026-02-07T09:25:45.817+0700] {dag.py:4138} INFO - Setting next_dagrun for dag_scraping_twitter to 2026-02-06 23:00:00+00:00, run_after=2026-02-07 11:00:00+00:00
[2026-02-07T09:25:45.846+0700] {processor.py:208} INFO - Processing /opt/airflow/dags/dag_scraping_twitter.py took 0.125 seconds
[2026-02-07T09:26:16.463+0700] {processor.py:186} INFO - Started process (PID=654) to work on /opt/airflow/dags/dag_scraping_twitter.py
[2026-02-07T09:26:16.464+0700] {processor.py:914} INFO - Processing file /opt/airflow/dags/dag_scraping_twitter.py for tasks to queue
[2026-02-07T09:26:16.469+0700] {logging_mixin.py:190} INFO - [2026-02-07T09:26:16.468+0700] {dagbag.py:587} INFO - Filling up the DagBag from /opt/airflow/dags/dag_scraping_twitter.py
[2026-02-07T09:26:16.501+0700] {processor.py:925} INFO - DAG(s) 'dag_scraping_twitter' retrieved from /opt/airflow/dags/dag_scraping_twitter.py
[2026-02-07T09:26:16.533+0700] {logging_mixin.py:190} INFO - [2026-02-07T09:26:16.533+0700] {dag.py:3211} INFO - Sync 1 DAGs
[2026-02-07T09:26:16.560+0700] {logging_mixin.py:190} INFO - [2026-02-07T09:26:16.559+0700] {dag.py:4138} INFO - Setting next_dagrun for dag_scraping_twitter to 2026-02-06 23:00:00+00:00, run_after=2026-02-07 11:00:00+00:00
[2026-02-07T09:26:16.588+0700] {processor.py:208} INFO - Processing /opt/airflow/dags/dag_scraping_twitter.py took 0.134 seconds
[2026-02-07T09:26:46.747+0700] {processor.py:186} INFO - Started process (PID=664) to work on /opt/airflow/dags/dag_scraping_twitter.py
[2026-02-07T09:26:46.748+0700] {processor.py:914} INFO - Processing file /opt/airflow/dags/dag_scraping_twitter.py for tasks to queue
[2026-02-07T09:26:46.750+0700] {logging_mixin.py:190} INFO - [2026-02-07T09:26:46.750+0700] {dagbag.py:587} INFO - Filling up the DagBag from /opt/airflow/dags/dag_scraping_twitter.py
[2026-02-07T09:26:46.770+0700] {processor.py:925} INFO - DAG(s) 'dag_scraping_twitter' retrieved from /opt/airflow/dags/dag_scraping_twitter.py
[2026-02-07T09:26:46.800+0700] {logging_mixin.py:190} INFO - [2026-02-07T09:26:46.800+0700] {dag.py:3211} INFO - Sync 1 DAGs
[2026-02-07T09:26:46.825+0700] {logging_mixin.py:190} INFO - [2026-02-07T09:26:46.825+0700] {dag.py:4138} INFO - Setting next_dagrun for dag_scraping_twitter to 2026-02-06 23:00:00+00:00, run_after=2026-02-07 11:00:00+00:00
[2026-02-07T09:26:46.851+0700] {processor.py:208} INFO - Processing /opt/airflow/dags/dag_scraping_twitter.py took 0.110 seconds
[2026-02-07T09:27:16.923+0700] {processor.py:186} INFO - Started process (PID=674) to work on /opt/airflow/dags/dag_scraping_twitter.py
[2026-02-07T09:27:16.924+0700] {processor.py:914} INFO - Processing file /opt/airflow/dags/dag_scraping_twitter.py for tasks to queue
[2026-02-07T09:27:16.927+0700] {logging_mixin.py:190} INFO - [2026-02-07T09:27:16.927+0700] {dagbag.py:587} INFO - Filling up the DagBag from /opt/airflow/dags/dag_scraping_twitter.py
[2026-02-07T09:27:16.965+0700] {processor.py:925} INFO - DAG(s) 'dag_scraping_twitter' retrieved from /opt/airflow/dags/dag_scraping_twitter.py
[2026-02-07T09:27:17.012+0700] {logging_mixin.py:190} INFO - [2026-02-07T09:27:17.012+0700] {dag.py:3211} INFO - Sync 1 DAGs
[2026-02-07T09:27:17.057+0700] {logging_mixin.py:190} INFO - [2026-02-07T09:27:17.057+0700] {dag.py:4138} INFO - Setting next_dagrun for dag_scraping_twitter to 2026-02-06 23:00:00+00:00, run_after=2026-02-07 11:00:00+00:00
[2026-02-07T09:27:17.091+0700] {processor.py:208} INFO - Processing /opt/airflow/dags/dag_scraping_twitter.py took 0.179 seconds
[2026-02-07T09:27:47.189+0700] {processor.py:186} INFO - Started process (PID=684) to work on /opt/airflow/dags/dag_scraping_twitter.py
[2026-02-07T09:27:47.190+0700] {processor.py:914} INFO - Processing file /opt/airflow/dags/dag_scraping_twitter.py for tasks to queue
[2026-02-07T09:27:47.193+0700] {logging_mixin.py:190} INFO - [2026-02-07T09:27:47.193+0700] {dagbag.py:587} INFO - Filling up the DagBag from /opt/airflow/dags/dag_scraping_twitter.py
[2026-02-07T09:27:47.223+0700] {processor.py:925} INFO - DAG(s) 'dag_scraping_twitter' retrieved from /opt/airflow/dags/dag_scraping_twitter.py
[2026-02-07T09:27:47.264+0700] {logging_mixin.py:190} INFO - [2026-02-07T09:27:47.263+0700] {dag.py:3211} INFO - Sync 1 DAGs
[2026-02-07T09:27:47.300+0700] {logging_mixin.py:190} INFO - [2026-02-07T09:27:47.300+0700] {dag.py:4138} INFO - Setting next_dagrun for dag_scraping_twitter to 2026-02-06 23:00:00+00:00, run_after=2026-02-07 11:00:00+00:00
[2026-02-07T09:27:47.330+0700] {processor.py:208} INFO - Processing /opt/airflow/dags/dag_scraping_twitter.py took 0.154 seconds
[2026-02-07T09:28:17.683+0700] {processor.py:186} INFO - Started process (PID=694) to work on /opt/airflow/dags/dag_scraping_twitter.py
[2026-02-07T09:28:17.685+0700] {processor.py:914} INFO - Processing file /opt/airflow/dags/dag_scraping_twitter.py for tasks to queue
[2026-02-07T09:28:17.688+0700] {logging_mixin.py:190} INFO - [2026-02-07T09:28:17.688+0700] {dagbag.py:587} INFO - Filling up the DagBag from /opt/airflow/dags/dag_scraping_twitter.py
[2026-02-07T09:28:17.709+0700] {processor.py:925} INFO - DAG(s) 'dag_scraping_twitter' retrieved from /opt/airflow/dags/dag_scraping_twitter.py
[2026-02-07T09:28:17.739+0700] {logging_mixin.py:190} INFO - [2026-02-07T09:28:17.739+0700] {dag.py:3211} INFO - Sync 1 DAGs
[2026-02-07T09:28:17.765+0700] {logging_mixin.py:190} INFO - [2026-02-07T09:28:17.765+0700] {dag.py:4138} INFO - Setting next_dagrun for dag_scraping_twitter to 2026-02-06 23:00:00+00:00, run_after=2026-02-07 11:00:00+00:00
[2026-02-07T09:28:17.790+0700] {processor.py:208} INFO - Processing /opt/airflow/dags/dag_scraping_twitter.py took 0.114 seconds
[2026-02-07T09:28:48.148+0700] {processor.py:186} INFO - Started process (PID=704) to work on /opt/airflow/dags/dag_scraping_twitter.py
[2026-02-07T09:28:48.149+0700] {processor.py:914} INFO - Processing file /opt/airflow/dags/dag_scraping_twitter.py for tasks to queue
[2026-02-07T09:28:48.152+0700] {logging_mixin.py:190} INFO - [2026-02-07T09:28:48.152+0700] {dagbag.py:587} INFO - Filling up the DagBag from /opt/airflow/dags/dag_scraping_twitter.py
[2026-02-07T09:28:48.172+0700] {processor.py:925} INFO - DAG(s) 'dag_scraping_twitter' retrieved from /opt/airflow/dags/dag_scraping_twitter.py
[2026-02-07T09:28:48.202+0700] {logging_mixin.py:190} INFO - [2026-02-07T09:28:48.202+0700] {dag.py:3211} INFO - Sync 1 DAGs
[2026-02-07T09:28:48.227+0700] {logging_mixin.py:190} INFO - [2026-02-07T09:28:48.227+0700] {dag.py:4138} INFO - Setting next_dagrun for dag_scraping_twitter to 2026-02-06 23:00:00+00:00, run_after=2026-02-07 11:00:00+00:00
[2026-02-07T09:28:48.252+0700] {processor.py:208} INFO - Processing /opt/airflow/dags/dag_scraping_twitter.py took 0.110 seconds
[2026-02-07T09:29:18.364+0700] {processor.py:186} INFO - Started process (PID=714) to work on /opt/airflow/dags/dag_scraping_twitter.py
[2026-02-07T09:29:18.366+0700] {processor.py:914} INFO - Processing file /opt/airflow/dags/dag_scraping_twitter.py for tasks to queue
[2026-02-07T09:29:18.369+0700] {logging_mixin.py:190} INFO - [2026-02-07T09:29:18.368+0700] {dagbag.py:587} INFO - Filling up the DagBag from /opt/airflow/dags/dag_scraping_twitter.py
[2026-02-07T09:29:18.397+0700] {processor.py:925} INFO - DAG(s) 'dag_scraping_twitter' retrieved from /opt/airflow/dags/dag_scraping_twitter.py
[2026-02-07T09:29:18.429+0700] {logging_mixin.py:190} INFO - [2026-02-07T09:29:18.429+0700] {dag.py:3211} INFO - Sync 1 DAGs
[2026-02-07T09:29:18.458+0700] {logging_mixin.py:190} INFO - [2026-02-07T09:29:18.458+0700] {dag.py:4138} INFO - Setting next_dagrun for dag_scraping_twitter to 2026-02-06 23:00:00+00:00, run_after=2026-02-07 11:00:00+00:00
[2026-02-07T09:29:18.482+0700] {processor.py:208} INFO - Processing /opt/airflow/dags/dag_scraping_twitter.py took 0.126 seconds
[2026-02-07T09:29:48.585+0700] {processor.py:186} INFO - Started process (PID=724) to work on /opt/airflow/dags/dag_scraping_twitter.py
[2026-02-07T09:29:48.586+0700] {processor.py:914} INFO - Processing file /opt/airflow/dags/dag_scraping_twitter.py for tasks to queue
[2026-02-07T09:29:48.588+0700] {logging_mixin.py:190} INFO - [2026-02-07T09:29:48.588+0700] {dagbag.py:587} INFO - Filling up the DagBag from /opt/airflow/dags/dag_scraping_twitter.py
[2026-02-07T09:29:48.610+0700] {processor.py:925} INFO - DAG(s) 'dag_scraping_twitter' retrieved from /opt/airflow/dags/dag_scraping_twitter.py
[2026-02-07T09:29:48.641+0700] {logging_mixin.py:190} INFO - [2026-02-07T09:29:48.641+0700] {dag.py:3211} INFO - Sync 1 DAGs
[2026-02-07T09:29:48.668+0700] {logging_mixin.py:190} INFO - [2026-02-07T09:29:48.667+0700] {dag.py:4138} INFO - Setting next_dagrun for dag_scraping_twitter to 2026-02-06 23:00:00+00:00, run_after=2026-02-07 11:00:00+00:00
[2026-02-07T09:29:48.691+0700] {processor.py:208} INFO - Processing /opt/airflow/dags/dag_scraping_twitter.py took 0.113 seconds
[2026-02-07T09:30:18.819+0700] {processor.py:186} INFO - Started process (PID=734) to work on /opt/airflow/dags/dag_scraping_twitter.py
[2026-02-07T09:30:18.820+0700] {processor.py:914} INFO - Processing file /opt/airflow/dags/dag_scraping_twitter.py for tasks to queue
[2026-02-07T09:30:18.823+0700] {logging_mixin.py:190} INFO - [2026-02-07T09:30:18.823+0700] {dagbag.py:587} INFO - Filling up the DagBag from /opt/airflow/dags/dag_scraping_twitter.py
[2026-02-07T09:30:18.847+0700] {processor.py:925} INFO - DAG(s) 'dag_scraping_twitter' retrieved from /opt/airflow/dags/dag_scraping_twitter.py
[2026-02-07T09:30:18.884+0700] {logging_mixin.py:190} INFO - [2026-02-07T09:30:18.883+0700] {dag.py:3211} INFO - Sync 1 DAGs
[2026-02-07T09:30:18.912+0700] {logging_mixin.py:190} INFO - [2026-02-07T09:30:18.912+0700] {dag.py:4138} INFO - Setting next_dagrun for dag_scraping_twitter to 2026-02-06 23:00:00+00:00, run_after=2026-02-07 11:00:00+00:00
[2026-02-07T09:30:18.939+0700] {processor.py:208} INFO - Processing /opt/airflow/dags/dag_scraping_twitter.py took 0.127 seconds
[2026-02-07T09:30:49.184+0700] {processor.py:186} INFO - Started process (PID=744) to work on /opt/airflow/dags/dag_scraping_twitter.py
[2026-02-07T09:30:49.185+0700] {processor.py:914} INFO - Processing file /opt/airflow/dags/dag_scraping_twitter.py for tasks to queue
[2026-02-07T09:30:49.188+0700] {logging_mixin.py:190} INFO - [2026-02-07T09:30:49.187+0700] {dagbag.py:587} INFO - Filling up the DagBag from /opt/airflow/dags/dag_scraping_twitter.py
[2026-02-07T09:30:49.206+0700] {processor.py:925} INFO - DAG(s) 'dag_scraping_twitter' retrieved from /opt/airflow/dags/dag_scraping_twitter.py
[2026-02-07T09:30:49.235+0700] {logging_mixin.py:190} INFO - [2026-02-07T09:30:49.235+0700] {dag.py:3211} INFO - Sync 1 DAGs
[2026-02-07T09:30:49.261+0700] {logging_mixin.py:190} INFO - [2026-02-07T09:30:49.260+0700] {dag.py:4138} INFO - Setting next_dagrun for dag_scraping_twitter to 2026-02-06 23:00:00+00:00, run_after=2026-02-07 11:00:00+00:00
[2026-02-07T09:30:49.284+0700] {processor.py:208} INFO - Processing /opt/airflow/dags/dag_scraping_twitter.py took 0.106 seconds
[2026-02-07T09:31:19.443+0700] {processor.py:186} INFO - Started process (PID=754) to work on /opt/airflow/dags/dag_scraping_twitter.py
[2026-02-07T09:31:19.445+0700] {processor.py:914} INFO - Processing file /opt/airflow/dags/dag_scraping_twitter.py for tasks to queue
[2026-02-07T09:31:19.448+0700] {logging_mixin.py:190} INFO - [2026-02-07T09:31:19.448+0700] {dagbag.py:587} INFO - Filling up the DagBag from /opt/airflow/dags/dag_scraping_twitter.py
[2026-02-07T09:31:19.470+0700] {processor.py:925} INFO - DAG(s) 'dag_scraping_twitter' retrieved from /opt/airflow/dags/dag_scraping_twitter.py
[2026-02-07T09:31:19.500+0700] {logging_mixin.py:190} INFO - [2026-02-07T09:31:19.499+0700] {dag.py:3211} INFO - Sync 1 DAGs
[2026-02-07T09:31:19.528+0700] {logging_mixin.py:190} INFO - [2026-02-07T09:31:19.527+0700] {dag.py:4138} INFO - Setting next_dagrun for dag_scraping_twitter to 2026-02-06 23:00:00+00:00, run_after=2026-02-07 11:00:00+00:00
[2026-02-07T09:31:19.556+0700] {processor.py:208} INFO - Processing /opt/airflow/dags/dag_scraping_twitter.py took 0.119 seconds
[2026-02-07T09:31:49.747+0700] {processor.py:186} INFO - Started process (PID=764) to work on /opt/airflow/dags/dag_scraping_twitter.py
[2026-02-07T09:31:49.749+0700] {processor.py:914} INFO - Processing file /opt/airflow/dags/dag_scraping_twitter.py for tasks to queue
[2026-02-07T09:31:49.751+0700] {logging_mixin.py:190} INFO - [2026-02-07T09:31:49.751+0700] {dagbag.py:587} INFO - Filling up the DagBag from /opt/airflow/dags/dag_scraping_twitter.py
[2026-02-07T09:31:49.778+0700] {processor.py:925} INFO - DAG(s) 'dag_scraping_twitter' retrieved from /opt/airflow/dags/dag_scraping_twitter.py
[2026-02-07T09:31:49.814+0700] {logging_mixin.py:190} INFO - [2026-02-07T09:31:49.814+0700] {dag.py:3211} INFO - Sync 1 DAGs
[2026-02-07T09:31:49.845+0700] {logging_mixin.py:190} INFO - [2026-02-07T09:31:49.845+0700] {dag.py:4138} INFO - Setting next_dagrun for dag_scraping_twitter to 2026-02-06 23:00:00+00:00, run_after=2026-02-07 11:00:00+00:00
[2026-02-07T09:31:49.871+0700] {processor.py:208} INFO - Processing /opt/airflow/dags/dag_scraping_twitter.py took 0.131 seconds
[2026-02-07T09:32:19.937+0700] {processor.py:186} INFO - Started process (PID=774) to work on /opt/airflow/dags/dag_scraping_twitter.py
[2026-02-07T09:32:19.939+0700] {processor.py:914} INFO - Processing file /opt/airflow/dags/dag_scraping_twitter.py for tasks to queue
[2026-02-07T09:32:19.943+0700] {logging_mixin.py:190} INFO - [2026-02-07T09:32:19.942+0700] {dagbag.py:587} INFO - Filling up the DagBag from /opt/airflow/dags/dag_scraping_twitter.py
[2026-02-07T09:32:19.969+0700] {processor.py:925} INFO - DAG(s) 'dag_scraping_twitter' retrieved from /opt/airflow/dags/dag_scraping_twitter.py
[2026-02-07T09:32:20.007+0700] {logging_mixin.py:190} INFO - [2026-02-07T09:32:20.007+0700] {dag.py:3211} INFO - Sync 1 DAGs
[2026-02-07T09:32:20.040+0700] {logging_mixin.py:190} INFO - [2026-02-07T09:32:20.039+0700] {dag.py:4138} INFO - Setting next_dagrun for dag_scraping_twitter to 2026-02-06 23:00:00+00:00, run_after=2026-02-07 11:00:00+00:00
[2026-02-07T09:32:20.068+0700] {processor.py:208} INFO - Processing /opt/airflow/dags/dag_scraping_twitter.py took 0.138 seconds
[2026-02-07T09:32:50.210+0700] {processor.py:186} INFO - Started process (PID=784) to work on /opt/airflow/dags/dag_scraping_twitter.py
[2026-02-07T09:32:50.211+0700] {processor.py:914} INFO - Processing file /opt/airflow/dags/dag_scraping_twitter.py for tasks to queue
[2026-02-07T09:32:50.214+0700] {logging_mixin.py:190} INFO - [2026-02-07T09:32:50.213+0700] {dagbag.py:587} INFO - Filling up the DagBag from /opt/airflow/dags/dag_scraping_twitter.py
[2026-02-07T09:32:50.238+0700] {processor.py:925} INFO - DAG(s) 'dag_scraping_twitter' retrieved from /opt/airflow/dags/dag_scraping_twitter.py
[2026-02-07T09:32:50.271+0700] {logging_mixin.py:190} INFO - [2026-02-07T09:32:50.271+0700] {dag.py:3211} INFO - Sync 1 DAGs
[2026-02-07T09:32:50.301+0700] {logging_mixin.py:190} INFO - [2026-02-07T09:32:50.300+0700] {dag.py:4138} INFO - Setting next_dagrun for dag_scraping_twitter to 2026-02-06 23:00:00+00:00, run_after=2026-02-07 11:00:00+00:00
[2026-02-07T09:32:50.326+0700] {processor.py:208} INFO - Processing /opt/airflow/dags/dag_scraping_twitter.py took 0.125 seconds
[2026-02-07T09:33:20.522+0700] {processor.py:186} INFO - Started process (PID=794) to work on /opt/airflow/dags/dag_scraping_twitter.py
[2026-02-07T09:33:20.523+0700] {processor.py:914} INFO - Processing file /opt/airflow/dags/dag_scraping_twitter.py for tasks to queue
[2026-02-07T09:33:20.528+0700] {logging_mixin.py:190} INFO - [2026-02-07T09:33:20.527+0700] {dagbag.py:587} INFO - Filling up the DagBag from /opt/airflow/dags/dag_scraping_twitter.py
[2026-02-07T09:33:20.559+0700] {processor.py:925} INFO - DAG(s) 'dag_scraping_twitter' retrieved from /opt/airflow/dags/dag_scraping_twitter.py
[2026-02-07T09:33:20.601+0700] {logging_mixin.py:190} INFO - [2026-02-07T09:33:20.601+0700] {dag.py:3211} INFO - Sync 1 DAGs
[2026-02-07T09:33:20.633+0700] {logging_mixin.py:190} INFO - [2026-02-07T09:33:20.633+0700] {dag.py:4138} INFO - Setting next_dagrun for dag_scraping_twitter to 2026-02-06 23:00:00+00:00, run_after=2026-02-07 11:00:00+00:00
[2026-02-07T09:33:20.664+0700] {processor.py:208} INFO - Processing /opt/airflow/dags/dag_scraping_twitter.py took 0.152 seconds
[2026-02-07T09:33:51.027+0700] {processor.py:186} INFO - Started process (PID=804) to work on /opt/airflow/dags/dag_scraping_twitter.py
[2026-02-07T09:33:51.028+0700] {processor.py:914} INFO - Processing file /opt/airflow/dags/dag_scraping_twitter.py for tasks to queue
[2026-02-07T09:33:51.032+0700] {logging_mixin.py:190} INFO - [2026-02-07T09:33:51.031+0700] {dagbag.py:587} INFO - Filling up the DagBag from /opt/airflow/dags/dag_scraping_twitter.py
[2026-02-07T09:33:51.055+0700] {processor.py:925} INFO - DAG(s) 'dag_scraping_twitter' retrieved from /opt/airflow/dags/dag_scraping_twitter.py
[2026-02-07T09:33:51.085+0700] {logging_mixin.py:190} INFO - [2026-02-07T09:33:51.085+0700] {dag.py:3211} INFO - Sync 1 DAGs
[2026-02-07T09:33:51.114+0700] {logging_mixin.py:190} INFO - [2026-02-07T09:33:51.114+0700] {dag.py:4138} INFO - Setting next_dagrun for dag_scraping_twitter to 2026-02-06 23:00:00+00:00, run_after=2026-02-07 11:00:00+00:00
[2026-02-07T09:33:51.139+0700] {processor.py:208} INFO - Processing /opt/airflow/dags/dag_scraping_twitter.py took 0.118 seconds
[2026-02-07T09:34:21.278+0700] {processor.py:186} INFO - Started process (PID=814) to work on /opt/airflow/dags/dag_scraping_twitter.py
[2026-02-07T09:34:21.279+0700] {processor.py:914} INFO - Processing file /opt/airflow/dags/dag_scraping_twitter.py for tasks to queue
[2026-02-07T09:34:21.282+0700] {logging_mixin.py:190} INFO - [2026-02-07T09:34:21.282+0700] {dagbag.py:587} INFO - Filling up the DagBag from /opt/airflow/dags/dag_scraping_twitter.py
[2026-02-07T09:34:21.307+0700] {processor.py:925} INFO - DAG(s) 'dag_scraping_twitter' retrieved from /opt/airflow/dags/dag_scraping_twitter.py
[2026-02-07T09:34:21.343+0700] {logging_mixin.py:190} INFO - [2026-02-07T09:34:21.342+0700] {dag.py:3211} INFO - Sync 1 DAGs
[2026-02-07T09:34:21.372+0700] {logging_mixin.py:190} INFO - [2026-02-07T09:34:21.372+0700] {dag.py:4138} INFO - Setting next_dagrun for dag_scraping_twitter to 2026-02-06 23:00:00+00:00, run_after=2026-02-07 11:00:00+00:00
[2026-02-07T09:34:21.398+0700] {processor.py:208} INFO - Processing /opt/airflow/dags/dag_scraping_twitter.py took 0.129 seconds
[2026-02-07T09:34:51.480+0700] {processor.py:186} INFO - Started process (PID=824) to work on /opt/airflow/dags/dag_scraping_twitter.py
[2026-02-07T09:34:51.481+0700] {processor.py:914} INFO - Processing file /opt/airflow/dags/dag_scraping_twitter.py for tasks to queue
[2026-02-07T09:34:51.484+0700] {logging_mixin.py:190} INFO - [2026-02-07T09:34:51.483+0700] {dagbag.py:587} INFO - Filling up the DagBag from /opt/airflow/dags/dag_scraping_twitter.py
[2026-02-07T09:34:51.501+0700] {processor.py:925} INFO - DAG(s) 'dag_scraping_twitter' retrieved from /opt/airflow/dags/dag_scraping_twitter.py
[2026-02-07T09:34:51.532+0700] {logging_mixin.py:190} INFO - [2026-02-07T09:34:51.531+0700] {dag.py:3211} INFO - Sync 1 DAGs
[2026-02-07T09:34:51.556+0700] {logging_mixin.py:190} INFO - [2026-02-07T09:34:51.556+0700] {dag.py:4138} INFO - Setting next_dagrun for dag_scraping_twitter to 2026-02-06 23:00:00+00:00, run_after=2026-02-07 11:00:00+00:00
[2026-02-07T09:34:51.581+0700] {processor.py:208} INFO - Processing /opt/airflow/dags/dag_scraping_twitter.py took 0.107 seconds
[2026-02-07T09:35:22.089+0700] {processor.py:186} INFO - Started process (PID=834) to work on /opt/airflow/dags/dag_scraping_twitter.py
[2026-02-07T09:35:22.091+0700] {processor.py:914} INFO - Processing file /opt/airflow/dags/dag_scraping_twitter.py for tasks to queue
[2026-02-07T09:35:22.094+0700] {logging_mixin.py:190} INFO - [2026-02-07T09:35:22.093+0700] {dagbag.py:587} INFO - Filling up the DagBag from /opt/airflow/dags/dag_scraping_twitter.py
[2026-02-07T09:35:22.119+0700] {processor.py:925} INFO - DAG(s) 'dag_scraping_twitter' retrieved from /opt/airflow/dags/dag_scraping_twitter.py
[2026-02-07T09:35:22.148+0700] {logging_mixin.py:190} INFO - [2026-02-07T09:35:22.148+0700] {dag.py:3211} INFO - Sync 1 DAGs
[2026-02-07T09:35:22.174+0700] {logging_mixin.py:190} INFO - [2026-02-07T09:35:22.174+0700] {dag.py:4138} INFO - Setting next_dagrun for dag_scraping_twitter to 2026-02-06 23:00:00+00:00, run_after=2026-02-07 11:00:00+00:00
[2026-02-07T09:35:22.199+0700] {processor.py:208} INFO - Processing /opt/airflow/dags/dag_scraping_twitter.py took 0.119 seconds
[2026-02-07T09:35:52.303+0700] {processor.py:186} INFO - Started process (PID=844) to work on /opt/airflow/dags/dag_scraping_twitter.py
[2026-02-07T09:35:52.305+0700] {processor.py:914} INFO - Processing file /opt/airflow/dags/dag_scraping_twitter.py for tasks to queue
[2026-02-07T09:35:52.308+0700] {logging_mixin.py:190} INFO - [2026-02-07T09:35:52.307+0700] {dagbag.py:587} INFO - Filling up the DagBag from /opt/airflow/dags/dag_scraping_twitter.py
[2026-02-07T09:35:52.326+0700] {processor.py:925} INFO - DAG(s) 'dag_scraping_twitter' retrieved from /opt/airflow/dags/dag_scraping_twitter.py
[2026-02-07T09:35:52.354+0700] {logging_mixin.py:190} INFO - [2026-02-07T09:35:52.354+0700] {dag.py:3211} INFO - Sync 1 DAGs
[2026-02-07T09:35:52.382+0700] {logging_mixin.py:190} INFO - [2026-02-07T09:35:52.382+0700] {dag.py:4138} INFO - Setting next_dagrun for dag_scraping_twitter to 2026-02-06 23:00:00+00:00, run_after=2026-02-07 11:00:00+00:00
[2026-02-07T09:35:52.406+0700] {processor.py:208} INFO - Processing /opt/airflow/dags/dag_scraping_twitter.py took 0.108 seconds
[2026-02-07T09:36:23.375+0700] {processor.py:186} INFO - Started process (PID=854) to work on /opt/airflow/dags/dag_scraping_twitter.py
[2026-02-07T09:36:23.376+0700] {processor.py:914} INFO - Processing file /opt/airflow/dags/dag_scraping_twitter.py for tasks to queue
[2026-02-07T09:36:23.378+0700] {logging_mixin.py:190} INFO - [2026-02-07T09:36:23.378+0700] {dagbag.py:587} INFO - Filling up the DagBag from /opt/airflow/dags/dag_scraping_twitter.py
[2026-02-07T09:36:23.399+0700] {processor.py:925} INFO - DAG(s) 'dag_scraping_twitter' retrieved from /opt/airflow/dags/dag_scraping_twitter.py
[2026-02-07T09:36:23.429+0700] {logging_mixin.py:190} INFO - [2026-02-07T09:36:23.429+0700] {dag.py:3211} INFO - Sync 1 DAGs
[2026-02-07T09:36:23.455+0700] {logging_mixin.py:190} INFO - [2026-02-07T09:36:23.455+0700] {dag.py:4138} INFO - Setting next_dagrun for dag_scraping_twitter to 2026-02-06 23:00:00+00:00, run_after=2026-02-07 11:00:00+00:00
[2026-02-07T09:36:23.483+0700] {processor.py:208} INFO - Processing /opt/airflow/dags/dag_scraping_twitter.py took 0.115 seconds
[2026-02-07T09:36:53.598+0700] {processor.py:186} INFO - Started process (PID=864) to work on /opt/airflow/dags/dag_scraping_twitter.py
[2026-02-07T09:36:53.599+0700] {processor.py:914} INFO - Processing file /opt/airflow/dags/dag_scraping_twitter.py for tasks to queue
[2026-02-07T09:36:53.602+0700] {logging_mixin.py:190} INFO - [2026-02-07T09:36:53.602+0700] {dagbag.py:587} INFO - Filling up the DagBag from /opt/airflow/dags/dag_scraping_twitter.py
[2026-02-07T09:36:53.627+0700] {processor.py:925} INFO - DAG(s) 'dag_scraping_twitter' retrieved from /opt/airflow/dags/dag_scraping_twitter.py
[2026-02-07T09:36:53.662+0700] {logging_mixin.py:190} INFO - [2026-02-07T09:36:53.662+0700] {dag.py:3211} INFO - Sync 1 DAGs
[2026-02-07T09:36:53.688+0700] {logging_mixin.py:190} INFO - [2026-02-07T09:36:53.688+0700] {dag.py:4138} INFO - Setting next_dagrun for dag_scraping_twitter to 2026-02-06 23:00:00+00:00, run_after=2026-02-07 11:00:00+00:00
[2026-02-07T09:36:53.715+0700] {processor.py:208} INFO - Processing /opt/airflow/dags/dag_scraping_twitter.py took 0.125 seconds
[2026-02-07T09:37:24.236+0700] {processor.py:186} INFO - Started process (PID=874) to work on /opt/airflow/dags/dag_scraping_twitter.py
[2026-02-07T09:37:24.238+0700] {processor.py:914} INFO - Processing file /opt/airflow/dags/dag_scraping_twitter.py for tasks to queue
[2026-02-07T09:37:24.241+0700] {logging_mixin.py:190} INFO - [2026-02-07T09:37:24.240+0700] {dagbag.py:587} INFO - Filling up the DagBag from /opt/airflow/dags/dag_scraping_twitter.py
[2026-02-07T09:37:24.262+0700] {processor.py:925} INFO - DAG(s) 'dag_scraping_twitter' retrieved from /opt/airflow/dags/dag_scraping_twitter.py
[2026-02-07T09:37:24.293+0700] {logging_mixin.py:190} INFO - [2026-02-07T09:37:24.292+0700] {dag.py:3211} INFO - Sync 1 DAGs
[2026-02-07T09:37:24.320+0700] {logging_mixin.py:190} INFO - [2026-02-07T09:37:24.319+0700] {dag.py:4138} INFO - Setting next_dagrun for dag_scraping_twitter to 2026-02-06 23:00:00+00:00, run_after=2026-02-07 11:00:00+00:00
[2026-02-07T09:37:24.347+0700] {processor.py:208} INFO - Processing /opt/airflow/dags/dag_scraping_twitter.py took 0.118 seconds
[2026-02-07T09:37:54.405+0700] {processor.py:186} INFO - Started process (PID=884) to work on /opt/airflow/dags/dag_scraping_twitter.py
[2026-02-07T09:37:54.406+0700] {processor.py:914} INFO - Processing file /opt/airflow/dags/dag_scraping_twitter.py for tasks to queue
[2026-02-07T09:37:54.409+0700] {logging_mixin.py:190} INFO - [2026-02-07T09:37:54.408+0700] {dagbag.py:587} INFO - Filling up the DagBag from /opt/airflow/dags/dag_scraping_twitter.py
[2026-02-07T09:37:54.428+0700] {processor.py:925} INFO - DAG(s) 'dag_scraping_twitter' retrieved from /opt/airflow/dags/dag_scraping_twitter.py
[2026-02-07T09:37:54.459+0700] {logging_mixin.py:190} INFO - [2026-02-07T09:37:54.459+0700] {dag.py:3211} INFO - Sync 1 DAGs
[2026-02-07T09:37:54.484+0700] {logging_mixin.py:190} INFO - [2026-02-07T09:37:54.484+0700] {dag.py:4138} INFO - Setting next_dagrun for dag_scraping_twitter to 2026-02-06 23:00:00+00:00, run_after=2026-02-07 11:00:00+00:00
[2026-02-07T09:37:54.509+0700] {processor.py:208} INFO - Processing /opt/airflow/dags/dag_scraping_twitter.py took 0.110 seconds
[2026-02-07T09:38:24.704+0700] {processor.py:186} INFO - Started process (PID=894) to work on /opt/airflow/dags/dag_scraping_twitter.py
[2026-02-07T09:38:24.706+0700] {processor.py:914} INFO - Processing file /opt/airflow/dags/dag_scraping_twitter.py for tasks to queue
[2026-02-07T09:38:24.709+0700] {logging_mixin.py:190} INFO - [2026-02-07T09:38:24.709+0700] {dagbag.py:587} INFO - Filling up the DagBag from /opt/airflow/dags/dag_scraping_twitter.py
[2026-02-07T09:38:24.727+0700] {processor.py:925} INFO - DAG(s) 'dag_scraping_twitter' retrieved from /opt/airflow/dags/dag_scraping_twitter.py
[2026-02-07T09:38:24.755+0700] {logging_mixin.py:190} INFO - [2026-02-07T09:38:24.754+0700] {dag.py:3211} INFO - Sync 1 DAGs
[2026-02-07T09:38:24.779+0700] {logging_mixin.py:190} INFO - [2026-02-07T09:38:24.778+0700] {dag.py:4138} INFO - Setting next_dagrun for dag_scraping_twitter to 2026-02-06 23:00:00+00:00, run_after=2026-02-07 11:00:00+00:00
[2026-02-07T09:38:24.806+0700] {processor.py:208} INFO - Processing /opt/airflow/dags/dag_scraping_twitter.py took 0.111 seconds
[2026-02-07T09:38:55.164+0700] {processor.py:186} INFO - Started process (PID=904) to work on /opt/airflow/dags/dag_scraping_twitter.py
[2026-02-07T09:38:55.165+0700] {processor.py:914} INFO - Processing file /opt/airflow/dags/dag_scraping_twitter.py for tasks to queue
[2026-02-07T09:38:55.168+0700] {logging_mixin.py:190} INFO - [2026-02-07T09:38:55.167+0700] {dagbag.py:587} INFO - Filling up the DagBag from /opt/airflow/dags/dag_scraping_twitter.py
[2026-02-07T09:38:55.190+0700] {processor.py:925} INFO - DAG(s) 'dag_scraping_twitter' retrieved from /opt/airflow/dags/dag_scraping_twitter.py
[2026-02-07T09:38:55.219+0700] {logging_mixin.py:190} INFO - [2026-02-07T09:38:55.218+0700] {dag.py:3211} INFO - Sync 1 DAGs
[2026-02-07T09:38:55.244+0700] {logging_mixin.py:190} INFO - [2026-02-07T09:38:55.244+0700] {dag.py:4138} INFO - Setting next_dagrun for dag_scraping_twitter to 2026-02-06 23:00:00+00:00, run_after=2026-02-07 11:00:00+00:00
[2026-02-07T09:38:55.270+0700] {processor.py:208} INFO - Processing /opt/airflow/dags/dag_scraping_twitter.py took 0.115 seconds
[2026-02-07T09:39:25.348+0700] {processor.py:186} INFO - Started process (PID=914) to work on /opt/airflow/dags/dag_scraping_twitter.py
[2026-02-07T09:39:25.350+0700] {processor.py:914} INFO - Processing file /opt/airflow/dags/dag_scraping_twitter.py for tasks to queue
[2026-02-07T09:39:25.355+0700] {logging_mixin.py:190} INFO - [2026-02-07T09:39:25.354+0700] {dagbag.py:587} INFO - Filling up the DagBag from /opt/airflow/dags/dag_scraping_twitter.py
[2026-02-07T09:39:25.381+0700] {processor.py:925} INFO - DAG(s) 'dag_scraping_twitter' retrieved from /opt/airflow/dags/dag_scraping_twitter.py
[2026-02-07T09:39:25.415+0700] {logging_mixin.py:190} INFO - [2026-02-07T09:39:25.415+0700] {dag.py:3211} INFO - Sync 1 DAGs
[2026-02-07T09:39:25.443+0700] {logging_mixin.py:190} INFO - [2026-02-07T09:39:25.443+0700] {dag.py:4138} INFO - Setting next_dagrun for dag_scraping_twitter to 2026-02-06 23:00:00+00:00, run_after=2026-02-07 11:00:00+00:00
[2026-02-07T09:39:25.472+0700] {processor.py:208} INFO - Processing /opt/airflow/dags/dag_scraping_twitter.py took 0.133 seconds
[2026-02-07T09:39:55.712+0700] {processor.py:186} INFO - Started process (PID=924) to work on /opt/airflow/dags/dag_scraping_twitter.py
[2026-02-07T09:39:55.714+0700] {processor.py:914} INFO - Processing file /opt/airflow/dags/dag_scraping_twitter.py for tasks to queue
[2026-02-07T09:39:55.718+0700] {logging_mixin.py:190} INFO - [2026-02-07T09:39:55.717+0700] {dagbag.py:587} INFO - Filling up the DagBag from /opt/airflow/dags/dag_scraping_twitter.py
[2026-02-07T09:39:55.746+0700] {processor.py:925} INFO - DAG(s) 'dag_scraping_twitter' retrieved from /opt/airflow/dags/dag_scraping_twitter.py
[2026-02-07T09:39:55.783+0700] {logging_mixin.py:190} INFO - [2026-02-07T09:39:55.782+0700] {dag.py:3211} INFO - Sync 1 DAGs
[2026-02-07T09:39:55.814+0700] {logging_mixin.py:190} INFO - [2026-02-07T09:39:55.814+0700] {dag.py:4138} INFO - Setting next_dagrun for dag_scraping_twitter to 2026-02-06 23:00:00+00:00, run_after=2026-02-07 11:00:00+00:00
[2026-02-07T09:39:55.844+0700] {processor.py:208} INFO - Processing /opt/airflow/dags/dag_scraping_twitter.py took 0.142 seconds
[2026-02-07T09:40:26.331+0700] {processor.py:186} INFO - Started process (PID=934) to work on /opt/airflow/dags/dag_scraping_twitter.py
[2026-02-07T09:40:26.333+0700] {processor.py:914} INFO - Processing file /opt/airflow/dags/dag_scraping_twitter.py for tasks to queue
[2026-02-07T09:40:26.338+0700] {logging_mixin.py:190} INFO - [2026-02-07T09:40:26.338+0700] {dagbag.py:587} INFO - Filling up the DagBag from /opt/airflow/dags/dag_scraping_twitter.py
[2026-02-07T09:40:26.375+0700] {processor.py:925} INFO - DAG(s) 'dag_scraping_twitter' retrieved from /opt/airflow/dags/dag_scraping_twitter.py
[2026-02-07T09:40:26.415+0700] {logging_mixin.py:190} INFO - [2026-02-07T09:40:26.415+0700] {dag.py:3211} INFO - Sync 1 DAGs
[2026-02-07T09:40:26.449+0700] {logging_mixin.py:190} INFO - [2026-02-07T09:40:26.448+0700] {dag.py:4138} INFO - Setting next_dagrun for dag_scraping_twitter to 2026-02-06 23:00:00+00:00, run_after=2026-02-07 11:00:00+00:00
[2026-02-07T09:40:26.477+0700] {processor.py:208} INFO - Processing /opt/airflow/dags/dag_scraping_twitter.py took 0.157 seconds
[2026-02-07T09:40:57.065+0700] {processor.py:186} INFO - Started process (PID=944) to work on /opt/airflow/dags/dag_scraping_twitter.py
[2026-02-07T09:40:57.067+0700] {processor.py:914} INFO - Processing file /opt/airflow/dags/dag_scraping_twitter.py for tasks to queue
[2026-02-07T09:40:57.072+0700] {logging_mixin.py:190} INFO - [2026-02-07T09:40:57.071+0700] {dagbag.py:587} INFO - Filling up the DagBag from /opt/airflow/dags/dag_scraping_twitter.py
[2026-02-07T09:40:57.099+0700] {processor.py:925} INFO - DAG(s) 'dag_scraping_twitter' retrieved from /opt/airflow/dags/dag_scraping_twitter.py
[2026-02-07T09:40:57.138+0700] {logging_mixin.py:190} INFO - [2026-02-07T09:40:57.137+0700] {dag.py:3211} INFO - Sync 1 DAGs
[2026-02-07T09:40:57.172+0700] {logging_mixin.py:190} INFO - [2026-02-07T09:40:57.172+0700] {dag.py:4138} INFO - Setting next_dagrun for dag_scraping_twitter to 2026-02-06 23:00:00+00:00, run_after=2026-02-07 11:00:00+00:00
[2026-02-07T09:40:57.202+0700] {processor.py:208} INFO - Processing /opt/airflow/dags/dag_scraping_twitter.py took 0.151 seconds
[2026-02-07T09:41:27.283+0700] {processor.py:186} INFO - Started process (PID=954) to work on /opt/airflow/dags/dag_scraping_twitter.py
[2026-02-07T09:41:27.284+0700] {processor.py:914} INFO - Processing file /opt/airflow/dags/dag_scraping_twitter.py for tasks to queue
[2026-02-07T09:41:27.287+0700] {logging_mixin.py:190} INFO - [2026-02-07T09:41:27.287+0700] {dagbag.py:587} INFO - Filling up the DagBag from /opt/airflow/dags/dag_scraping_twitter.py
[2026-02-07T09:41:27.307+0700] {processor.py:925} INFO - DAG(s) 'dag_scraping_twitter' retrieved from /opt/airflow/dags/dag_scraping_twitter.py
[2026-02-07T09:41:27.342+0700] {logging_mixin.py:190} INFO - [2026-02-07T09:41:27.342+0700] {dag.py:3211} INFO - Sync 1 DAGs
[2026-02-07T09:41:27.371+0700] {logging_mixin.py:190} INFO - [2026-02-07T09:41:27.371+0700] {dag.py:4138} INFO - Setting next_dagrun for dag_scraping_twitter to 2026-02-06 23:00:00+00:00, run_after=2026-02-07 11:00:00+00:00
[2026-02-07T09:41:27.397+0700] {processor.py:208} INFO - Processing /opt/airflow/dags/dag_scraping_twitter.py took 0.120 seconds
[2026-02-07T09:41:57.501+0700] {processor.py:186} INFO - Started process (PID=964) to work on /opt/airflow/dags/dag_scraping_twitter.py
[2026-02-07T09:41:57.502+0700] {processor.py:914} INFO - Processing file /opt/airflow/dags/dag_scraping_twitter.py for tasks to queue
[2026-02-07T09:41:57.505+0700] {logging_mixin.py:190} INFO - [2026-02-07T09:41:57.505+0700] {dagbag.py:587} INFO - Filling up the DagBag from /opt/airflow/dags/dag_scraping_twitter.py
[2026-02-07T09:41:57.533+0700] {processor.py:925} INFO - DAG(s) 'dag_scraping_twitter' retrieved from /opt/airflow/dags/dag_scraping_twitter.py
[2026-02-07T09:41:57.567+0700] {logging_mixin.py:190} INFO - [2026-02-07T09:41:57.567+0700] {dag.py:3211} INFO - Sync 1 DAGs
[2026-02-07T09:41:57.596+0700] {logging_mixin.py:190} INFO - [2026-02-07T09:41:57.596+0700] {dag.py:4138} INFO - Setting next_dagrun for dag_scraping_twitter to 2026-02-06 23:00:00+00:00, run_after=2026-02-07 11:00:00+00:00
[2026-02-07T09:41:57.623+0700] {processor.py:208} INFO - Processing /opt/airflow/dags/dag_scraping_twitter.py took 0.130 seconds
[2026-02-07T09:42:27.796+0700] {processor.py:186} INFO - Started process (PID=974) to work on /opt/airflow/dags/dag_scraping_twitter.py
[2026-02-07T09:42:27.797+0700] {processor.py:914} INFO - Processing file /opt/airflow/dags/dag_scraping_twitter.py for tasks to queue
[2026-02-07T09:42:27.800+0700] {logging_mixin.py:190} INFO - [2026-02-07T09:42:27.799+0700] {dagbag.py:587} INFO - Filling up the DagBag from /opt/airflow/dags/dag_scraping_twitter.py
[2026-02-07T09:42:27.820+0700] {processor.py:925} INFO - DAG(s) 'dag_scraping_twitter' retrieved from /opt/airflow/dags/dag_scraping_twitter.py
[2026-02-07T09:42:27.854+0700] {logging_mixin.py:190} INFO - [2026-02-07T09:42:27.854+0700] {dag.py:3211} INFO - Sync 1 DAGs
[2026-02-07T09:42:27.880+0700] {logging_mixin.py:190} INFO - [2026-02-07T09:42:27.879+0700] {dag.py:4138} INFO - Setting next_dagrun for dag_scraping_twitter to 2026-02-06 23:00:00+00:00, run_after=2026-02-07 11:00:00+00:00
[2026-02-07T09:42:27.907+0700] {processor.py:208} INFO - Processing /opt/airflow/dags/dag_scraping_twitter.py took 0.117 seconds
[2026-02-07T09:42:58.632+0700] {processor.py:186} INFO - Started process (PID=984) to work on /opt/airflow/dags/dag_scraping_twitter.py
[2026-02-07T09:42:58.633+0700] {processor.py:914} INFO - Processing file /opt/airflow/dags/dag_scraping_twitter.py for tasks to queue
[2026-02-07T09:42:58.638+0700] {logging_mixin.py:190} INFO - [2026-02-07T09:42:58.638+0700] {dagbag.py:587} INFO - Filling up the DagBag from /opt/airflow/dags/dag_scraping_twitter.py
[2026-02-07T09:42:58.664+0700] {processor.py:925} INFO - DAG(s) 'dag_scraping_twitter' retrieved from /opt/airflow/dags/dag_scraping_twitter.py
[2026-02-07T09:42:58.700+0700] {logging_mixin.py:190} INFO - [2026-02-07T09:42:58.699+0700] {dag.py:3211} INFO - Sync 1 DAGs
[2026-02-07T09:42:58.730+0700] {logging_mixin.py:190} INFO - [2026-02-07T09:42:58.729+0700] {dag.py:4138} INFO - Setting next_dagrun for dag_scraping_twitter to 2026-02-06 23:00:00+00:00, run_after=2026-02-07 11:00:00+00:00
[2026-02-07T09:42:58.755+0700] {processor.py:208} INFO - Processing /opt/airflow/dags/dag_scraping_twitter.py took 0.131 seconds
[2026-02-07T09:43:28.919+0700] {processor.py:186} INFO - Started process (PID=994) to work on /opt/airflow/dags/dag_scraping_twitter.py
[2026-02-07T09:43:28.920+0700] {processor.py:914} INFO - Processing file /opt/airflow/dags/dag_scraping_twitter.py for tasks to queue
[2026-02-07T09:43:28.923+0700] {logging_mixin.py:190} INFO - [2026-02-07T09:43:28.923+0700] {dagbag.py:587} INFO - Filling up the DagBag from /opt/airflow/dags/dag_scraping_twitter.py
[2026-02-07T09:43:28.943+0700] {processor.py:925} INFO - DAG(s) 'dag_scraping_twitter' retrieved from /opt/airflow/dags/dag_scraping_twitter.py
[2026-02-07T09:43:28.973+0700] {logging_mixin.py:190} INFO - [2026-02-07T09:43:28.973+0700] {dag.py:3211} INFO - Sync 1 DAGs
[2026-02-07T09:43:28.998+0700] {logging_mixin.py:190} INFO - [2026-02-07T09:43:28.998+0700] {dag.py:4138} INFO - Setting next_dagrun for dag_scraping_twitter to 2026-02-06 23:00:00+00:00, run_after=2026-02-07 11:00:00+00:00
[2026-02-07T09:43:29.022+0700] {processor.py:208} INFO - Processing /opt/airflow/dags/dag_scraping_twitter.py took 0.109 seconds
[2026-02-07T09:43:59.353+0700] {processor.py:186} INFO - Started process (PID=1004) to work on /opt/airflow/dags/dag_scraping_twitter.py
[2026-02-07T09:43:59.354+0700] {processor.py:914} INFO - Processing file /opt/airflow/dags/dag_scraping_twitter.py for tasks to queue
[2026-02-07T09:43:59.356+0700] {logging_mixin.py:190} INFO - [2026-02-07T09:43:59.356+0700] {dagbag.py:587} INFO - Filling up the DagBag from /opt/airflow/dags/dag_scraping_twitter.py
[2026-02-07T09:43:59.376+0700] {processor.py:925} INFO - DAG(s) 'dag_scraping_twitter' retrieved from /opt/airflow/dags/dag_scraping_twitter.py
[2026-02-07T09:43:59.404+0700] {logging_mixin.py:190} INFO - [2026-02-07T09:43:59.404+0700] {dag.py:3211} INFO - Sync 1 DAGs
[2026-02-07T09:43:59.429+0700] {logging_mixin.py:190} INFO - [2026-02-07T09:43:59.429+0700] {dag.py:4138} INFO - Setting next_dagrun for dag_scraping_twitter to 2026-02-06 23:00:00+00:00, run_after=2026-02-07 11:00:00+00:00
[2026-02-07T09:43:59.455+0700] {processor.py:208} INFO - Processing /opt/airflow/dags/dag_scraping_twitter.py took 0.111 seconds
[2026-02-07T09:44:29.866+0700] {processor.py:186} INFO - Started process (PID=1014) to work on /opt/airflow/dags/dag_scraping_twitter.py
[2026-02-07T09:44:29.868+0700] {processor.py:914} INFO - Processing file /opt/airflow/dags/dag_scraping_twitter.py for tasks to queue
[2026-02-07T09:44:29.871+0700] {logging_mixin.py:190} INFO - [2026-02-07T09:44:29.871+0700] {dagbag.py:587} INFO - Filling up the DagBag from /opt/airflow/dags/dag_scraping_twitter.py
[2026-02-07T09:44:29.890+0700] {processor.py:925} INFO - DAG(s) 'dag_scraping_twitter' retrieved from /opt/airflow/dags/dag_scraping_twitter.py
[2026-02-07T09:44:29.921+0700] {logging_mixin.py:190} INFO - [2026-02-07T09:44:29.921+0700] {dag.py:3211} INFO - Sync 1 DAGs
[2026-02-07T09:44:29.949+0700] {logging_mixin.py:190} INFO - [2026-02-07T09:44:29.949+0700] {dag.py:4138} INFO - Setting next_dagrun for dag_scraping_twitter to 2026-02-06 23:00:00+00:00, run_after=2026-02-07 11:00:00+00:00
[2026-02-07T09:44:29.973+0700] {processor.py:208} INFO - Processing /opt/airflow/dags/dag_scraping_twitter.py took 0.116 seconds
[2026-02-07T09:45:00.058+0700] {processor.py:186} INFO - Started process (PID=1024) to work on /opt/airflow/dags/dag_scraping_twitter.py
[2026-02-07T09:45:00.059+0700] {processor.py:914} INFO - Processing file /opt/airflow/dags/dag_scraping_twitter.py for tasks to queue
[2026-02-07T09:45:00.062+0700] {logging_mixin.py:190} INFO - [2026-02-07T09:45:00.061+0700] {dagbag.py:587} INFO - Filling up the DagBag from /opt/airflow/dags/dag_scraping_twitter.py
[2026-02-07T09:45:00.087+0700] {processor.py:925} INFO - DAG(s) 'dag_scraping_twitter' retrieved from /opt/airflow/dags/dag_scraping_twitter.py
[2026-02-07T09:45:00.120+0700] {logging_mixin.py:190} INFO - [2026-02-07T09:45:00.120+0700] {dag.py:3211} INFO - Sync 1 DAGs
[2026-02-07T09:45:00.152+0700] {logging_mixin.py:190} INFO - [2026-02-07T09:45:00.152+0700] {dag.py:4138} INFO - Setting next_dagrun for dag_scraping_twitter to 2026-02-06 23:00:00+00:00, run_after=2026-02-07 11:00:00+00:00
[2026-02-07T09:45:00.179+0700] {processor.py:208} INFO - Processing /opt/airflow/dags/dag_scraping_twitter.py took 0.132 seconds
[2026-02-07T09:45:30.597+0700] {processor.py:186} INFO - Started process (PID=1034) to work on /opt/airflow/dags/dag_scraping_twitter.py
[2026-02-07T09:45:30.600+0700] {processor.py:914} INFO - Processing file /opt/airflow/dags/dag_scraping_twitter.py for tasks to queue
[2026-02-07T09:45:30.607+0700] {logging_mixin.py:190} INFO - [2026-02-07T09:45:30.606+0700] {dagbag.py:587} INFO - Filling up the DagBag from /opt/airflow/dags/dag_scraping_twitter.py
[2026-02-07T09:45:30.641+0700] {processor.py:925} INFO - DAG(s) 'dag_scraping_twitter' retrieved from /opt/airflow/dags/dag_scraping_twitter.py
[2026-02-07T09:45:30.775+0700] {logging_mixin.py:190} INFO - [2026-02-07T09:45:30.774+0700] {dag.py:3211} INFO - Sync 1 DAGs
[2026-02-07T09:45:30.818+0700] {logging_mixin.py:190} INFO - [2026-02-07T09:45:30.818+0700] {dag.py:4138} INFO - Setting next_dagrun for dag_scraping_twitter to 2026-02-06 23:00:00+00:00, run_after=2026-02-07 11:00:00+00:00
[2026-02-07T09:45:30.841+0700] {processor.py:208} INFO - Processing /opt/airflow/dags/dag_scraping_twitter.py took 0.254 seconds
[2026-02-07T09:46:01.260+0700] {processor.py:186} INFO - Started process (PID=1044) to work on /opt/airflow/dags/dag_scraping_twitter.py
[2026-02-07T09:46:01.262+0700] {processor.py:914} INFO - Processing file /opt/airflow/dags/dag_scraping_twitter.py for tasks to queue
[2026-02-07T09:46:01.267+0700] {logging_mixin.py:190} INFO - [2026-02-07T09:46:01.267+0700] {dagbag.py:587} INFO - Filling up the DagBag from /opt/airflow/dags/dag_scraping_twitter.py
[2026-02-07T09:46:01.295+0700] {processor.py:925} INFO - DAG(s) 'dag_scraping_twitter' retrieved from /opt/airflow/dags/dag_scraping_twitter.py
[2026-02-07T09:46:01.326+0700] {logging_mixin.py:190} INFO - [2026-02-07T09:46:01.326+0700] {dag.py:3211} INFO - Sync 1 DAGs
[2026-02-07T09:46:01.354+0700] {logging_mixin.py:190} INFO - [2026-02-07T09:46:01.354+0700] {dag.py:4138} INFO - Setting next_dagrun for dag_scraping_twitter to 2026-02-06 23:00:00+00:00, run_after=2026-02-07 11:00:00+00:00
[2026-02-07T09:46:01.380+0700] {processor.py:208} INFO - Processing /opt/airflow/dags/dag_scraping_twitter.py took 0.129 seconds
[2026-02-07T09:46:31.617+0700] {processor.py:186} INFO - Started process (PID=1054) to work on /opt/airflow/dags/dag_scraping_twitter.py
[2026-02-07T09:46:31.618+0700] {processor.py:914} INFO - Processing file /opt/airflow/dags/dag_scraping_twitter.py for tasks to queue
[2026-02-07T09:46:31.622+0700] {logging_mixin.py:190} INFO - [2026-02-07T09:46:31.621+0700] {dagbag.py:587} INFO - Filling up the DagBag from /opt/airflow/dags/dag_scraping_twitter.py
[2026-02-07T09:46:31.648+0700] {processor.py:925} INFO - DAG(s) 'dag_scraping_twitter' retrieved from /opt/airflow/dags/dag_scraping_twitter.py
[2026-02-07T09:46:31.682+0700] {logging_mixin.py:190} INFO - [2026-02-07T09:46:31.681+0700] {dag.py:3211} INFO - Sync 1 DAGs
[2026-02-07T09:46:31.708+0700] {logging_mixin.py:190} INFO - [2026-02-07T09:46:31.707+0700] {dag.py:4138} INFO - Setting next_dagrun for dag_scraping_twitter to 2026-02-06 23:00:00+00:00, run_after=2026-02-07 11:00:00+00:00
[2026-02-07T09:46:31.738+0700] {processor.py:208} INFO - Processing /opt/airflow/dags/dag_scraping_twitter.py took 0.130 seconds
[2026-02-07T09:47:02.139+0700] {processor.py:186} INFO - Started process (PID=1064) to work on /opt/airflow/dags/dag_scraping_twitter.py
[2026-02-07T09:47:02.141+0700] {processor.py:914} INFO - Processing file /opt/airflow/dags/dag_scraping_twitter.py for tasks to queue
[2026-02-07T09:47:02.148+0700] {logging_mixin.py:190} INFO - [2026-02-07T09:47:02.145+0700] {dagbag.py:587} INFO - Filling up the DagBag from /opt/airflow/dags/dag_scraping_twitter.py
[2026-02-07T09:47:02.177+0700] {processor.py:925} INFO - DAG(s) 'dag_scraping_twitter' retrieved from /opt/airflow/dags/dag_scraping_twitter.py
[2026-02-07T09:47:02.226+0700] {logging_mixin.py:190} INFO - [2026-02-07T09:47:02.225+0700] {dag.py:3211} INFO - Sync 1 DAGs
[2026-02-07T09:47:02.277+0700] {logging_mixin.py:190} INFO - [2026-02-07T09:47:02.277+0700] {dag.py:4138} INFO - Setting next_dagrun for dag_scraping_twitter to 2026-02-06 23:00:00+00:00, run_after=2026-02-07 11:00:00+00:00
[2026-02-07T09:47:02.316+0700] {processor.py:208} INFO - Processing /opt/airflow/dags/dag_scraping_twitter.py took 0.187 seconds
[2026-02-07T09:47:32.604+0700] {processor.py:186} INFO - Started process (PID=1074) to work on /opt/airflow/dags/dag_scraping_twitter.py
[2026-02-07T09:47:32.605+0700] {processor.py:914} INFO - Processing file /opt/airflow/dags/dag_scraping_twitter.py for tasks to queue
[2026-02-07T09:47:32.610+0700] {logging_mixin.py:190} INFO - [2026-02-07T09:47:32.609+0700] {dagbag.py:587} INFO - Filling up the DagBag from /opt/airflow/dags/dag_scraping_twitter.py
[2026-02-07T09:47:32.639+0700] {processor.py:925} INFO - DAG(s) 'dag_scraping_twitter' retrieved from /opt/airflow/dags/dag_scraping_twitter.py
[2026-02-07T09:47:32.683+0700] {logging_mixin.py:190} INFO - [2026-02-07T09:47:32.683+0700] {dag.py:3211} INFO - Sync 1 DAGs
[2026-02-07T09:47:32.722+0700] {logging_mixin.py:190} INFO - [2026-02-07T09:47:32.721+0700] {dag.py:4138} INFO - Setting next_dagrun for dag_scraping_twitter to 2026-02-06 23:00:00+00:00, run_after=2026-02-07 11:00:00+00:00
[2026-02-07T09:47:32.751+0700] {processor.py:208} INFO - Processing /opt/airflow/dags/dag_scraping_twitter.py took 0.159 seconds
[2026-02-07T09:48:03.065+0700] {processor.py:186} INFO - Started process (PID=1084) to work on /opt/airflow/dags/dag_scraping_twitter.py
[2026-02-07T09:48:03.067+0700] {processor.py:914} INFO - Processing file /opt/airflow/dags/dag_scraping_twitter.py for tasks to queue
[2026-02-07T09:48:03.073+0700] {logging_mixin.py:190} INFO - [2026-02-07T09:48:03.073+0700] {dagbag.py:587} INFO - Filling up the DagBag from /opt/airflow/dags/dag_scraping_twitter.py
[2026-02-07T09:48:03.115+0700] {processor.py:925} INFO - DAG(s) 'dag_scraping_twitter' retrieved from /opt/airflow/dags/dag_scraping_twitter.py
[2026-02-07T09:48:03.152+0700] {logging_mixin.py:190} INFO - [2026-02-07T09:48:03.152+0700] {dag.py:3211} INFO - Sync 1 DAGs
[2026-02-07T09:48:03.181+0700] {logging_mixin.py:190} INFO - [2026-02-07T09:48:03.180+0700] {dag.py:4138} INFO - Setting next_dagrun for dag_scraping_twitter to 2026-02-06 23:00:00+00:00, run_after=2026-02-07 11:00:00+00:00
[2026-02-07T09:48:03.209+0700] {processor.py:208} INFO - Processing /opt/airflow/dags/dag_scraping_twitter.py took 0.160 seconds
[2026-02-07T09:48:33.966+0700] {processor.py:186} INFO - Started process (PID=1094) to work on /opt/airflow/dags/dag_scraping_twitter.py
[2026-02-07T09:48:33.967+0700] {processor.py:914} INFO - Processing file /opt/airflow/dags/dag_scraping_twitter.py for tasks to queue
[2026-02-07T09:48:33.970+0700] {logging_mixin.py:190} INFO - [2026-02-07T09:48:33.969+0700] {dagbag.py:587} INFO - Filling up the DagBag from /opt/airflow/dags/dag_scraping_twitter.py
[2026-02-07T09:48:33.990+0700] {processor.py:925} INFO - DAG(s) 'dag_scraping_twitter' retrieved from /opt/airflow/dags/dag_scraping_twitter.py
[2026-02-07T09:48:34.021+0700] {logging_mixin.py:190} INFO - [2026-02-07T09:48:34.020+0700] {dag.py:3211} INFO - Sync 1 DAGs
[2026-02-07T09:48:34.052+0700] {logging_mixin.py:190} INFO - [2026-02-07T09:48:34.052+0700] {dag.py:4138} INFO - Setting next_dagrun for dag_scraping_twitter to 2026-02-06 23:00:00+00:00, run_after=2026-02-07 11:00:00+00:00
[2026-02-07T09:48:34.077+0700] {processor.py:208} INFO - Processing /opt/airflow/dags/dag_scraping_twitter.py took 0.118 seconds
[2026-02-07T09:49:04.428+0700] {processor.py:186} INFO - Started process (PID=1104) to work on /opt/airflow/dags/dag_scraping_twitter.py
[2026-02-07T09:49:04.429+0700] {processor.py:914} INFO - Processing file /opt/airflow/dags/dag_scraping_twitter.py for tasks to queue
[2026-02-07T09:49:04.432+0700] {logging_mixin.py:190} INFO - [2026-02-07T09:49:04.432+0700] {dagbag.py:587} INFO - Filling up the DagBag from /opt/airflow/dags/dag_scraping_twitter.py
[2026-02-07T09:49:04.450+0700] {processor.py:925} INFO - DAG(s) 'dag_scraping_twitter' retrieved from /opt/airflow/dags/dag_scraping_twitter.py
[2026-02-07T09:49:04.480+0700] {logging_mixin.py:190} INFO - [2026-02-07T09:49:04.479+0700] {dag.py:3211} INFO - Sync 1 DAGs
[2026-02-07T09:49:04.505+0700] {logging_mixin.py:190} INFO - [2026-02-07T09:49:04.504+0700] {dag.py:4138} INFO - Setting next_dagrun for dag_scraping_twitter to 2026-02-06 23:00:00+00:00, run_after=2026-02-07 11:00:00+00:00
[2026-02-07T09:49:04.531+0700] {processor.py:208} INFO - Processing /opt/airflow/dags/dag_scraping_twitter.py took 0.110 seconds
[2026-02-07T09:49:34.611+0700] {processor.py:186} INFO - Started process (PID=1114) to work on /opt/airflow/dags/dag_scraping_twitter.py
[2026-02-07T09:49:34.612+0700] {processor.py:914} INFO - Processing file /opt/airflow/dags/dag_scraping_twitter.py for tasks to queue
[2026-02-07T09:49:34.615+0700] {logging_mixin.py:190} INFO - [2026-02-07T09:49:34.615+0700] {dagbag.py:587} INFO - Filling up the DagBag from /opt/airflow/dags/dag_scraping_twitter.py
[2026-02-07T09:49:34.637+0700] {processor.py:925} INFO - DAG(s) 'dag_scraping_twitter' retrieved from /opt/airflow/dags/dag_scraping_twitter.py
[2026-02-07T09:49:34.668+0700] {logging_mixin.py:190} INFO - [2026-02-07T09:49:34.668+0700] {dag.py:3211} INFO - Sync 1 DAGs
[2026-02-07T09:49:34.695+0700] {logging_mixin.py:190} INFO - [2026-02-07T09:49:34.695+0700] {dag.py:4138} INFO - Setting next_dagrun for dag_scraping_twitter to 2026-02-06 23:00:00+00:00, run_after=2026-02-07 11:00:00+00:00
[2026-02-07T09:49:34.720+0700] {processor.py:208} INFO - Processing /opt/airflow/dags/dag_scraping_twitter.py took 0.116 seconds
[2026-02-07T09:50:04.965+0700] {processor.py:186} INFO - Started process (PID=1124) to work on /opt/airflow/dags/dag_scraping_twitter.py
[2026-02-07T09:50:04.966+0700] {processor.py:914} INFO - Processing file /opt/airflow/dags/dag_scraping_twitter.py for tasks to queue
[2026-02-07T09:50:04.969+0700] {logging_mixin.py:190} INFO - [2026-02-07T09:50:04.969+0700] {dagbag.py:587} INFO - Filling up the DagBag from /opt/airflow/dags/dag_scraping_twitter.py
[2026-02-07T09:50:04.991+0700] {processor.py:925} INFO - DAG(s) 'dag_scraping_twitter' retrieved from /opt/airflow/dags/dag_scraping_twitter.py
[2026-02-07T09:50:05.021+0700] {logging_mixin.py:190} INFO - [2026-02-07T09:50:05.021+0700] {dag.py:3211} INFO - Sync 1 DAGs
[2026-02-07T09:50:05.051+0700] {logging_mixin.py:190} INFO - [2026-02-07T09:50:05.051+0700] {dag.py:4138} INFO - Setting next_dagrun for dag_scraping_twitter to 2026-02-06 23:00:00+00:00, run_after=2026-02-07 11:00:00+00:00
[2026-02-07T09:50:05.079+0700] {processor.py:208} INFO - Processing /opt/airflow/dags/dag_scraping_twitter.py took 0.122 seconds
[2026-02-07T09:50:35.195+0700] {processor.py:186} INFO - Started process (PID=1134) to work on /opt/airflow/dags/dag_scraping_twitter.py
[2026-02-07T09:50:35.197+0700] {processor.py:914} INFO - Processing file /opt/airflow/dags/dag_scraping_twitter.py for tasks to queue
[2026-02-07T09:50:35.200+0700] {logging_mixin.py:190} INFO - [2026-02-07T09:50:35.200+0700] {dagbag.py:587} INFO - Filling up the DagBag from /opt/airflow/dags/dag_scraping_twitter.py
[2026-02-07T09:50:35.221+0700] {processor.py:925} INFO - DAG(s) 'dag_scraping_twitter' retrieved from /opt/airflow/dags/dag_scraping_twitter.py
[2026-02-07T09:50:35.249+0700] {logging_mixin.py:190} INFO - [2026-02-07T09:50:35.249+0700] {dag.py:3211} INFO - Sync 1 DAGs
[2026-02-07T09:50:35.278+0700] {logging_mixin.py:190} INFO - [2026-02-07T09:50:35.277+0700] {dag.py:4138} INFO - Setting next_dagrun for dag_scraping_twitter to 2026-02-06 23:00:00+00:00, run_after=2026-02-07 11:00:00+00:00
[2026-02-07T09:50:35.302+0700] {processor.py:208} INFO - Processing /opt/airflow/dags/dag_scraping_twitter.py took 0.113 seconds
[2026-02-07T09:51:05.361+0700] {processor.py:186} INFO - Started process (PID=1144) to work on /opt/airflow/dags/dag_scraping_twitter.py
[2026-02-07T09:51:05.362+0700] {processor.py:914} INFO - Processing file /opt/airflow/dags/dag_scraping_twitter.py for tasks to queue
[2026-02-07T09:51:05.365+0700] {logging_mixin.py:190} INFO - [2026-02-07T09:51:05.365+0700] {dagbag.py:587} INFO - Filling up the DagBag from /opt/airflow/dags/dag_scraping_twitter.py
[2026-02-07T09:51:05.388+0700] {processor.py:925} INFO - DAG(s) 'dag_scraping_twitter' retrieved from /opt/airflow/dags/dag_scraping_twitter.py
[2026-02-07T09:51:05.418+0700] {logging_mixin.py:190} INFO - [2026-02-07T09:51:05.417+0700] {dag.py:3211} INFO - Sync 1 DAGs
[2026-02-07T09:51:05.444+0700] {logging_mixin.py:190} INFO - [2026-02-07T09:51:05.443+0700] {dag.py:4138} INFO - Setting next_dagrun for dag_scraping_twitter to 2026-02-06 23:00:00+00:00, run_after=2026-02-07 11:00:00+00:00
[2026-02-07T09:51:05.470+0700] {processor.py:208} INFO - Processing /opt/airflow/dags/dag_scraping_twitter.py took 0.115 seconds
[2026-02-07T09:51:36.091+0700] {processor.py:186} INFO - Started process (PID=1154) to work on /opt/airflow/dags/dag_scraping_twitter.py
[2026-02-07T09:51:36.093+0700] {processor.py:914} INFO - Processing file /opt/airflow/dags/dag_scraping_twitter.py for tasks to queue
[2026-02-07T09:51:36.098+0700] {logging_mixin.py:190} INFO - [2026-02-07T09:51:36.097+0700] {dagbag.py:587} INFO - Filling up the DagBag from /opt/airflow/dags/dag_scraping_twitter.py
[2026-02-07T09:51:36.134+0700] {processor.py:925} INFO - DAG(s) 'dag_scraping_twitter' retrieved from /opt/airflow/dags/dag_scraping_twitter.py
[2026-02-07T09:51:36.176+0700] {logging_mixin.py:190} INFO - [2026-02-07T09:51:36.175+0700] {dag.py:3211} INFO - Sync 1 DAGs
[2026-02-07T09:51:36.203+0700] {logging_mixin.py:190} INFO - [2026-02-07T09:51:36.203+0700] {dag.py:4138} INFO - Setting next_dagrun for dag_scraping_twitter to 2026-02-06 23:00:00+00:00, run_after=2026-02-07 11:00:00+00:00
[2026-02-07T09:51:36.229+0700] {processor.py:208} INFO - Processing /opt/airflow/dags/dag_scraping_twitter.py took 0.150 seconds
[2026-02-07T09:52:06.502+0700] {processor.py:186} INFO - Started process (PID=1164) to work on /opt/airflow/dags/dag_scraping_twitter.py
[2026-02-07T09:52:06.503+0700] {processor.py:914} INFO - Processing file /opt/airflow/dags/dag_scraping_twitter.py for tasks to queue
[2026-02-07T09:52:06.506+0700] {logging_mixin.py:190} INFO - [2026-02-07T09:52:06.505+0700] {dagbag.py:587} INFO - Filling up the DagBag from /opt/airflow/dags/dag_scraping_twitter.py
[2026-02-07T09:52:06.530+0700] {processor.py:925} INFO - DAG(s) 'dag_scraping_twitter' retrieved from /opt/airflow/dags/dag_scraping_twitter.py
[2026-02-07T09:52:06.564+0700] {logging_mixin.py:190} INFO - [2026-02-07T09:52:06.564+0700] {dag.py:3211} INFO - Sync 1 DAGs
[2026-02-07T09:52:06.589+0700] {logging_mixin.py:190} INFO - [2026-02-07T09:52:06.589+0700] {dag.py:4138} INFO - Setting next_dagrun for dag_scraping_twitter to 2026-02-06 23:00:00+00:00, run_after=2026-02-07 11:00:00+00:00
[2026-02-07T09:52:06.613+0700] {processor.py:208} INFO - Processing /opt/airflow/dags/dag_scraping_twitter.py took 0.118 seconds
[2026-02-07T09:52:36.835+0700] {processor.py:186} INFO - Started process (PID=1174) to work on /opt/airflow/dags/dag_scraping_twitter.py
[2026-02-07T09:52:36.839+0700] {processor.py:914} INFO - Processing file /opt/airflow/dags/dag_scraping_twitter.py for tasks to queue
[2026-02-07T09:52:36.843+0700] {logging_mixin.py:190} INFO - [2026-02-07T09:52:36.842+0700] {dagbag.py:587} INFO - Filling up the DagBag from /opt/airflow/dags/dag_scraping_twitter.py
[2026-02-07T09:52:36.885+0700] {processor.py:925} INFO - DAG(s) 'dag_scraping_twitter' retrieved from /opt/airflow/dags/dag_scraping_twitter.py
[2026-02-07T09:52:36.939+0700] {logging_mixin.py:190} INFO - [2026-02-07T09:52:36.939+0700] {dag.py:3211} INFO - Sync 1 DAGs
[2026-02-07T09:52:36.986+0700] {logging_mixin.py:190} INFO - [2026-02-07T09:52:36.986+0700] {dag.py:4138} INFO - Setting next_dagrun for dag_scraping_twitter to 2026-02-06 23:00:00+00:00, run_after=2026-02-07 11:00:00+00:00
[2026-02-07T09:52:37.027+0700] {processor.py:208} INFO - Processing /opt/airflow/dags/dag_scraping_twitter.py took 0.203 seconds
[2026-02-07T09:53:07.648+0700] {processor.py:186} INFO - Started process (PID=1184) to work on /opt/airflow/dags/dag_scraping_twitter.py
[2026-02-07T09:53:07.666+0700] {processor.py:914} INFO - Processing file /opt/airflow/dags/dag_scraping_twitter.py for tasks to queue
[2026-02-07T09:53:07.672+0700] {logging_mixin.py:190} INFO - [2026-02-07T09:53:07.671+0700] {dagbag.py:587} INFO - Filling up the DagBag from /opt/airflow/dags/dag_scraping_twitter.py
[2026-02-07T09:53:07.715+0700] {processor.py:925} INFO - DAG(s) 'dag_scraping_twitter' retrieved from /opt/airflow/dags/dag_scraping_twitter.py
[2026-02-07T09:53:07.765+0700] {logging_mixin.py:190} INFO - [2026-02-07T09:53:07.765+0700] {dag.py:3211} INFO - Sync 1 DAGs
[2026-02-07T09:53:07.801+0700] {logging_mixin.py:190} INFO - [2026-02-07T09:53:07.801+0700] {dag.py:4138} INFO - Setting next_dagrun for dag_scraping_twitter to 2026-02-06 23:00:00+00:00, run_after=2026-02-07 11:00:00+00:00
[2026-02-07T09:53:07.825+0700] {processor.py:208} INFO - Processing /opt/airflow/dags/dag_scraping_twitter.py took 0.187 seconds
[2026-02-07T09:53:38.484+0700] {processor.py:186} INFO - Started process (PID=1194) to work on /opt/airflow/dags/dag_scraping_twitter.py
[2026-02-07T09:53:38.485+0700] {processor.py:914} INFO - Processing file /opt/airflow/dags/dag_scraping_twitter.py for tasks to queue
[2026-02-07T09:53:38.491+0700] {logging_mixin.py:190} INFO - [2026-02-07T09:53:38.489+0700] {dagbag.py:587} INFO - Filling up the DagBag from /opt/airflow/dags/dag_scraping_twitter.py
[2026-02-07T09:53:38.517+0700] {processor.py:925} INFO - DAG(s) 'dag_scraping_twitter' retrieved from /opt/airflow/dags/dag_scraping_twitter.py
[2026-02-07T09:53:38.556+0700] {logging_mixin.py:190} INFO - [2026-02-07T09:53:38.556+0700] {dag.py:3211} INFO - Sync 1 DAGs
[2026-02-07T09:53:38.588+0700] {logging_mixin.py:190} INFO - [2026-02-07T09:53:38.588+0700] {dag.py:4138} INFO - Setting next_dagrun for dag_scraping_twitter to 2026-02-06 23:00:00+00:00, run_after=2026-02-07 11:00:00+00:00
[2026-02-07T09:53:38.616+0700] {processor.py:208} INFO - Processing /opt/airflow/dags/dag_scraping_twitter.py took 0.153 seconds
[2026-02-07T09:54:09.366+0700] {processor.py:186} INFO - Started process (PID=1204) to work on /opt/airflow/dags/dag_scraping_twitter.py
[2026-02-07T09:54:09.368+0700] {processor.py:914} INFO - Processing file /opt/airflow/dags/dag_scraping_twitter.py for tasks to queue
[2026-02-07T09:54:09.372+0700] {logging_mixin.py:190} INFO - [2026-02-07T09:54:09.372+0700] {dagbag.py:587} INFO - Filling up the DagBag from /opt/airflow/dags/dag_scraping_twitter.py
[2026-02-07T09:54:09.402+0700] {processor.py:925} INFO - DAG(s) 'dag_scraping_twitter' retrieved from /opt/airflow/dags/dag_scraping_twitter.py
[2026-02-07T09:54:09.439+0700] {logging_mixin.py:190} INFO - [2026-02-07T09:54:09.439+0700] {dag.py:3211} INFO - Sync 1 DAGs
[2026-02-07T09:54:09.473+0700] {logging_mixin.py:190} INFO - [2026-02-07T09:54:09.472+0700] {dag.py:4138} INFO - Setting next_dagrun for dag_scraping_twitter to 2026-02-06 23:00:00+00:00, run_after=2026-02-07 11:00:00+00:00
[2026-02-07T09:54:09.501+0700] {processor.py:208} INFO - Processing /opt/airflow/dags/dag_scraping_twitter.py took 0.146 seconds
[2026-02-07T09:54:39.687+0700] {processor.py:186} INFO - Started process (PID=1214) to work on /opt/airflow/dags/dag_scraping_twitter.py
[2026-02-07T09:54:39.688+0700] {processor.py:914} INFO - Processing file /opt/airflow/dags/dag_scraping_twitter.py for tasks to queue
[2026-02-07T09:54:39.693+0700] {logging_mixin.py:190} INFO - [2026-02-07T09:54:39.692+0700] {dagbag.py:587} INFO - Filling up the DagBag from /opt/airflow/dags/dag_scraping_twitter.py
[2026-02-07T09:54:39.726+0700] {processor.py:925} INFO - DAG(s) 'dag_scraping_twitter' retrieved from /opt/airflow/dags/dag_scraping_twitter.py
[2026-02-07T09:54:39.765+0700] {logging_mixin.py:190} INFO - [2026-02-07T09:54:39.765+0700] {dag.py:3211} INFO - Sync 1 DAGs
[2026-02-07T09:54:39.796+0700] {logging_mixin.py:190} INFO - [2026-02-07T09:54:39.795+0700] {dag.py:4138} INFO - Setting next_dagrun for dag_scraping_twitter to 2026-02-06 23:00:00+00:00, run_after=2026-02-07 11:00:00+00:00
[2026-02-07T09:54:39.823+0700] {processor.py:208} INFO - Processing /opt/airflow/dags/dag_scraping_twitter.py took 0.145 seconds
[2026-02-07T09:58:13.844+0700] {processor.py:186} INFO - Started process (PID=165) to work on /opt/airflow/dags/dag_scraping_twitter.py
[2026-02-07T09:58:13.846+0700] {processor.py:914} INFO - Processing file /opt/airflow/dags/dag_scraping_twitter.py for tasks to queue
[2026-02-07T09:58:13.849+0700] {logging_mixin.py:190} INFO - [2026-02-07T09:58:13.848+0700] {dagbag.py:587} INFO - Filling up the DagBag from /opt/airflow/dags/dag_scraping_twitter.py
[2026-02-07T09:58:13.883+0700] {processor.py:925} INFO - DAG(s) 'dag_scraping_twitter' retrieved from /opt/airflow/dags/dag_scraping_twitter.py
[2026-02-07T09:58:13.930+0700] {logging_mixin.py:190} INFO - [2026-02-07T09:58:13.930+0700] {dag.py:3211} INFO - Sync 1 DAGs
[2026-02-07T09:58:13.958+0700] {logging_mixin.py:190} INFO - [2026-02-07T09:58:13.958+0700] {dag.py:4138} INFO - Setting next_dagrun for dag_scraping_twitter to 2026-02-06 23:00:00+00:00, run_after=2026-02-07 11:00:00+00:00
[2026-02-07T09:58:13.982+0700] {processor.py:208} INFO - Processing /opt/airflow/dags/dag_scraping_twitter.py took 0.147 seconds
[2026-02-07T09:58:44.115+0700] {processor.py:186} INFO - Started process (PID=175) to work on /opt/airflow/dags/dag_scraping_twitter.py
[2026-02-07T09:58:44.117+0700] {processor.py:914} INFO - Processing file /opt/airflow/dags/dag_scraping_twitter.py for tasks to queue
[2026-02-07T09:58:44.120+0700] {logging_mixin.py:190} INFO - [2026-02-07T09:58:44.120+0700] {dagbag.py:587} INFO - Filling up the DagBag from /opt/airflow/dags/dag_scraping_twitter.py
[2026-02-07T09:58:44.142+0700] {processor.py:925} INFO - DAG(s) 'dag_scraping_twitter' retrieved from /opt/airflow/dags/dag_scraping_twitter.py
[2026-02-07T09:58:44.173+0700] {logging_mixin.py:190} INFO - [2026-02-07T09:58:44.173+0700] {dag.py:3211} INFO - Sync 1 DAGs
[2026-02-07T09:58:44.205+0700] {logging_mixin.py:190} INFO - [2026-02-07T09:58:44.205+0700] {dag.py:4138} INFO - Setting next_dagrun for dag_scraping_twitter to 2026-02-06 23:00:00+00:00, run_after=2026-02-07 11:00:00+00:00
[2026-02-07T09:58:44.229+0700] {processor.py:208} INFO - Processing /opt/airflow/dags/dag_scraping_twitter.py took 0.123 seconds
[2026-02-07T09:59:14.273+0700] {processor.py:186} INFO - Started process (PID=185) to work on /opt/airflow/dags/dag_scraping_twitter.py
[2026-02-07T09:59:14.274+0700] {processor.py:914} INFO - Processing file /opt/airflow/dags/dag_scraping_twitter.py for tasks to queue
[2026-02-07T09:59:14.277+0700] {logging_mixin.py:190} INFO - [2026-02-07T09:59:14.277+0700] {dagbag.py:587} INFO - Filling up the DagBag from /opt/airflow/dags/dag_scraping_twitter.py
[2026-02-07T09:59:14.302+0700] {processor.py:925} INFO - DAG(s) 'dag_scraping_twitter' retrieved from /opt/airflow/dags/dag_scraping_twitter.py
[2026-02-07T09:59:14.330+0700] {logging_mixin.py:190} INFO - [2026-02-07T09:59:14.330+0700] {dag.py:3211} INFO - Sync 1 DAGs
[2026-02-07T09:59:14.358+0700] {logging_mixin.py:190} INFO - [2026-02-07T09:59:14.358+0700] {dag.py:4138} INFO - Setting next_dagrun for dag_scraping_twitter to 2026-02-06 23:00:00+00:00, run_after=2026-02-07 11:00:00+00:00
[2026-02-07T09:59:14.378+0700] {processor.py:208} INFO - Processing /opt/airflow/dags/dag_scraping_twitter.py took 0.111 seconds
[2026-02-07T09:59:44.590+0700] {processor.py:186} INFO - Started process (PID=195) to work on /opt/airflow/dags/dag_scraping_twitter.py
[2026-02-07T09:59:44.591+0700] {processor.py:914} INFO - Processing file /opt/airflow/dags/dag_scraping_twitter.py for tasks to queue
[2026-02-07T09:59:44.595+0700] {logging_mixin.py:190} INFO - [2026-02-07T09:59:44.594+0700] {dagbag.py:587} INFO - Filling up the DagBag from /opt/airflow/dags/dag_scraping_twitter.py
[2026-02-07T09:59:44.615+0700] {processor.py:925} INFO - DAG(s) 'dag_scraping_twitter' retrieved from /opt/airflow/dags/dag_scraping_twitter.py
[2026-02-07T09:59:44.647+0700] {logging_mixin.py:190} INFO - [2026-02-07T09:59:44.647+0700] {dag.py:3211} INFO - Sync 1 DAGs
[2026-02-07T09:59:44.673+0700] {logging_mixin.py:190} INFO - [2026-02-07T09:59:44.673+0700] {dag.py:4138} INFO - Setting next_dagrun for dag_scraping_twitter to 2026-02-06 23:00:00+00:00, run_after=2026-02-07 11:00:00+00:00
[2026-02-07T09:59:44.697+0700] {processor.py:208} INFO - Processing /opt/airflow/dags/dag_scraping_twitter.py took 0.112 seconds
[2026-02-07T10:00:14.763+0700] {processor.py:186} INFO - Started process (PID=205) to work on /opt/airflow/dags/dag_scraping_twitter.py
[2026-02-07T10:00:14.765+0700] {processor.py:914} INFO - Processing file /opt/airflow/dags/dag_scraping_twitter.py for tasks to queue
[2026-02-07T10:00:14.768+0700] {logging_mixin.py:190} INFO - [2026-02-07T10:00:14.767+0700] {dagbag.py:587} INFO - Filling up the DagBag from /opt/airflow/dags/dag_scraping_twitter.py
[2026-02-07T10:00:14.787+0700] {processor.py:925} INFO - DAG(s) 'dag_scraping_twitter' retrieved from /opt/airflow/dags/dag_scraping_twitter.py
[2026-02-07T10:00:14.821+0700] {logging_mixin.py:190} INFO - [2026-02-07T10:00:14.821+0700] {dag.py:3211} INFO - Sync 1 DAGs
[2026-02-07T10:00:14.850+0700] {logging_mixin.py:190} INFO - [2026-02-07T10:00:14.849+0700] {dag.py:4138} INFO - Setting next_dagrun for dag_scraping_twitter to 2026-02-06 23:00:00+00:00, run_after=2026-02-07 11:00:00+00:00
[2026-02-07T10:00:14.874+0700] {processor.py:208} INFO - Processing /opt/airflow/dags/dag_scraping_twitter.py took 0.117 seconds
[2026-02-07T10:00:44.950+0700] {processor.py:186} INFO - Started process (PID=215) to work on /opt/airflow/dags/dag_scraping_twitter.py
[2026-02-07T10:00:44.951+0700] {processor.py:914} INFO - Processing file /opt/airflow/dags/dag_scraping_twitter.py for tasks to queue
[2026-02-07T10:00:44.954+0700] {logging_mixin.py:190} INFO - [2026-02-07T10:00:44.954+0700] {dagbag.py:587} INFO - Filling up the DagBag from /opt/airflow/dags/dag_scraping_twitter.py
[2026-02-07T10:00:44.976+0700] {processor.py:925} INFO - DAG(s) 'dag_scraping_twitter' retrieved from /opt/airflow/dags/dag_scraping_twitter.py
[2026-02-07T10:00:45.009+0700] {logging_mixin.py:190} INFO - [2026-02-07T10:00:45.009+0700] {dag.py:3211} INFO - Sync 1 DAGs
[2026-02-07T10:00:45.035+0700] {logging_mixin.py:190} INFO - [2026-02-07T10:00:45.034+0700] {dag.py:4138} INFO - Setting next_dagrun for dag_scraping_twitter to 2026-02-06 23:00:00+00:00, run_after=2026-02-07 11:00:00+00:00
[2026-02-07T10:00:45.061+0700] {processor.py:208} INFO - Processing /opt/airflow/dags/dag_scraping_twitter.py took 0.117 seconds
[2026-02-07T10:01:15.298+0700] {processor.py:186} INFO - Started process (PID=225) to work on /opt/airflow/dags/dag_scraping_twitter.py
[2026-02-07T10:01:15.300+0700] {processor.py:914} INFO - Processing file /opt/airflow/dags/dag_scraping_twitter.py for tasks to queue
[2026-02-07T10:01:15.303+0700] {logging_mixin.py:190} INFO - [2026-02-07T10:01:15.303+0700] {dagbag.py:587} INFO - Filling up the DagBag from /opt/airflow/dags/dag_scraping_twitter.py
[2026-02-07T10:01:15.324+0700] {processor.py:925} INFO - DAG(s) 'dag_scraping_twitter' retrieved from /opt/airflow/dags/dag_scraping_twitter.py
[2026-02-07T10:01:15.355+0700] {logging_mixin.py:190} INFO - [2026-02-07T10:01:15.355+0700] {dag.py:3211} INFO - Sync 1 DAGs
[2026-02-07T10:01:15.379+0700] {logging_mixin.py:190} INFO - [2026-02-07T10:01:15.379+0700] {dag.py:4138} INFO - Setting next_dagrun for dag_scraping_twitter to 2026-02-06 23:00:00+00:00, run_after=2026-02-07 11:00:00+00:00
[2026-02-07T10:01:15.404+0700] {processor.py:208} INFO - Processing /opt/airflow/dags/dag_scraping_twitter.py took 0.114 seconds
[2026-02-07T10:01:45.465+0700] {processor.py:186} INFO - Started process (PID=235) to work on /opt/airflow/dags/dag_scraping_twitter.py
[2026-02-07T10:01:45.466+0700] {processor.py:914} INFO - Processing file /opt/airflow/dags/dag_scraping_twitter.py for tasks to queue
[2026-02-07T10:01:45.471+0700] {logging_mixin.py:190} INFO - [2026-02-07T10:01:45.470+0700] {dagbag.py:587} INFO - Filling up the DagBag from /opt/airflow/dags/dag_scraping_twitter.py
[2026-02-07T10:01:45.491+0700] {processor.py:925} INFO - DAG(s) 'dag_scraping_twitter' retrieved from /opt/airflow/dags/dag_scraping_twitter.py
[2026-02-07T10:01:45.519+0700] {logging_mixin.py:190} INFO - [2026-02-07T10:01:45.519+0700] {dag.py:3211} INFO - Sync 1 DAGs
[2026-02-07T10:01:45.545+0700] {logging_mixin.py:190} INFO - [2026-02-07T10:01:45.545+0700] {dag.py:4138} INFO - Setting next_dagrun for dag_scraping_twitter to 2026-02-06 23:00:00+00:00, run_after=2026-02-07 11:00:00+00:00
[2026-02-07T10:01:45.570+0700] {processor.py:208} INFO - Processing /opt/airflow/dags/dag_scraping_twitter.py took 0.111 seconds
[2026-02-07T10:02:15.727+0700] {processor.py:186} INFO - Started process (PID=245) to work on /opt/airflow/dags/dag_scraping_twitter.py
[2026-02-07T10:02:15.728+0700] {processor.py:914} INFO - Processing file /opt/airflow/dags/dag_scraping_twitter.py for tasks to queue
[2026-02-07T10:02:15.730+0700] {logging_mixin.py:190} INFO - [2026-02-07T10:02:15.730+0700] {dagbag.py:587} INFO - Filling up the DagBag from /opt/airflow/dags/dag_scraping_twitter.py
[2026-02-07T10:02:15.750+0700] {processor.py:925} INFO - DAG(s) 'dag_scraping_twitter' retrieved from /opt/airflow/dags/dag_scraping_twitter.py
[2026-02-07T10:02:15.782+0700] {logging_mixin.py:190} INFO - [2026-02-07T10:02:15.781+0700] {dag.py:3211} INFO - Sync 1 DAGs
[2026-02-07T10:02:15.808+0700] {logging_mixin.py:190} INFO - [2026-02-07T10:02:15.808+0700] {dag.py:4138} INFO - Setting next_dagrun for dag_scraping_twitter to 2026-02-06 23:00:00+00:00, run_after=2026-02-07 11:00:00+00:00
[2026-02-07T10:02:15.835+0700] {processor.py:208} INFO - Processing /opt/airflow/dags/dag_scraping_twitter.py took 0.114 seconds
[2026-02-07T10:02:46.873+0700] {processor.py:186} INFO - Started process (PID=255) to work on /opt/airflow/dags/dag_scraping_twitter.py
[2026-02-07T10:02:46.875+0700] {processor.py:914} INFO - Processing file /opt/airflow/dags/dag_scraping_twitter.py for tasks to queue
[2026-02-07T10:02:46.879+0700] {logging_mixin.py:190} INFO - [2026-02-07T10:02:46.878+0700] {dagbag.py:587} INFO - Filling up the DagBag from /opt/airflow/dags/dag_scraping_twitter.py
[2026-02-07T10:02:46.907+0700] {processor.py:925} INFO - DAG(s) 'dag_scraping_twitter' retrieved from /opt/airflow/dags/dag_scraping_twitter.py
[2026-02-07T10:02:46.942+0700] {logging_mixin.py:190} INFO - [2026-02-07T10:02:46.941+0700] {dag.py:3211} INFO - Sync 1 DAGs
[2026-02-07T10:02:46.975+0700] {logging_mixin.py:190} INFO - [2026-02-07T10:02:46.974+0700] {dag.py:4138} INFO - Setting next_dagrun for dag_scraping_twitter to 2026-02-06 23:00:00+00:00, run_after=2026-02-07 11:00:00+00:00
[2026-02-07T10:02:47.000+0700] {processor.py:208} INFO - Processing /opt/airflow/dags/dag_scraping_twitter.py took 0.138 seconds
[2026-02-07T10:03:17.700+0700] {processor.py:186} INFO - Started process (PID=265) to work on /opt/airflow/dags/dag_scraping_twitter.py
[2026-02-07T10:03:17.702+0700] {processor.py:914} INFO - Processing file /opt/airflow/dags/dag_scraping_twitter.py for tasks to queue
[2026-02-07T10:03:17.707+0700] {logging_mixin.py:190} INFO - [2026-02-07T10:03:17.706+0700] {dagbag.py:587} INFO - Filling up the DagBag from /opt/airflow/dags/dag_scraping_twitter.py
[2026-02-07T10:03:17.738+0700] {processor.py:925} INFO - DAG(s) 'dag_scraping_twitter' retrieved from /opt/airflow/dags/dag_scraping_twitter.py
[2026-02-07T10:03:17.779+0700] {logging_mixin.py:190} INFO - [2026-02-07T10:03:17.779+0700] {dag.py:3211} INFO - Sync 1 DAGs
[2026-02-07T10:03:17.810+0700] {logging_mixin.py:190} INFO - [2026-02-07T10:03:17.810+0700] {dag.py:4138} INFO - Setting next_dagrun for dag_scraping_twitter to 2026-02-06 23:00:00+00:00, run_after=2026-02-07 11:00:00+00:00
[2026-02-07T10:03:17.837+0700] {processor.py:208} INFO - Processing /opt/airflow/dags/dag_scraping_twitter.py took 0.147 seconds
[2026-02-07T10:03:48.124+0700] {processor.py:186} INFO - Started process (PID=275) to work on /opt/airflow/dags/dag_scraping_twitter.py
[2026-02-07T10:03:48.126+0700] {processor.py:914} INFO - Processing file /opt/airflow/dags/dag_scraping_twitter.py for tasks to queue
[2026-02-07T10:03:48.129+0700] {logging_mixin.py:190} INFO - [2026-02-07T10:03:48.129+0700] {dagbag.py:587} INFO - Filling up the DagBag from /opt/airflow/dags/dag_scraping_twitter.py
[2026-02-07T10:03:48.157+0700] {processor.py:925} INFO - DAG(s) 'dag_scraping_twitter' retrieved from /opt/airflow/dags/dag_scraping_twitter.py
[2026-02-07T10:03:48.221+0700] {logging_mixin.py:190} INFO - [2026-02-07T10:03:48.221+0700] {dag.py:3211} INFO - Sync 1 DAGs
[2026-02-07T10:03:48.310+0700] {logging_mixin.py:190} INFO - [2026-02-07T10:03:48.310+0700] {dag.py:4138} INFO - Setting next_dagrun for dag_scraping_twitter to 2026-02-06 23:00:00+00:00, run_after=2026-02-07 11:00:00+00:00
[2026-02-07T10:03:48.339+0700] {processor.py:208} INFO - Processing /opt/airflow/dags/dag_scraping_twitter.py took 0.225 seconds
[2026-02-07T10:04:19.017+0700] {processor.py:186} INFO - Started process (PID=285) to work on /opt/airflow/dags/dag_scraping_twitter.py
[2026-02-07T10:04:19.019+0700] {processor.py:914} INFO - Processing file /opt/airflow/dags/dag_scraping_twitter.py for tasks to queue
[2026-02-07T10:04:19.022+0700] {logging_mixin.py:190} INFO - [2026-02-07T10:04:19.021+0700] {dagbag.py:587} INFO - Filling up the DagBag from /opt/airflow/dags/dag_scraping_twitter.py
[2026-02-07T10:04:19.046+0700] {processor.py:925} INFO - DAG(s) 'dag_scraping_twitter' retrieved from /opt/airflow/dags/dag_scraping_twitter.py
[2026-02-07T10:04:19.078+0700] {logging_mixin.py:190} INFO - [2026-02-07T10:04:19.078+0700] {dag.py:3211} INFO - Sync 1 DAGs
[2026-02-07T10:04:19.106+0700] {logging_mixin.py:190} INFO - [2026-02-07T10:04:19.106+0700] {dag.py:4138} INFO - Setting next_dagrun for dag_scraping_twitter to 2026-02-06 23:00:00+00:00, run_after=2026-02-07 11:00:00+00:00
[2026-02-07T10:04:19.129+0700] {processor.py:208} INFO - Processing /opt/airflow/dags/dag_scraping_twitter.py took 0.119 seconds
[2026-02-07T10:04:49.259+0700] {processor.py:186} INFO - Started process (PID=295) to work on /opt/airflow/dags/dag_scraping_twitter.py
[2026-02-07T10:04:49.261+0700] {processor.py:914} INFO - Processing file /opt/airflow/dags/dag_scraping_twitter.py for tasks to queue
[2026-02-07T10:04:49.263+0700] {logging_mixin.py:190} INFO - [2026-02-07T10:04:49.263+0700] {dagbag.py:587} INFO - Filling up the DagBag from /opt/airflow/dags/dag_scraping_twitter.py
[2026-02-07T10:04:49.284+0700] {processor.py:925} INFO - DAG(s) 'dag_scraping_twitter' retrieved from /opt/airflow/dags/dag_scraping_twitter.py
[2026-02-07T10:04:49.318+0700] {logging_mixin.py:190} INFO - [2026-02-07T10:04:49.317+0700] {dag.py:3211} INFO - Sync 1 DAGs
[2026-02-07T10:04:49.342+0700] {logging_mixin.py:190} INFO - [2026-02-07T10:04:49.342+0700] {dag.py:4138} INFO - Setting next_dagrun for dag_scraping_twitter to 2026-02-06 23:00:00+00:00, run_after=2026-02-07 11:00:00+00:00
[2026-02-07T10:04:49.368+0700] {processor.py:208} INFO - Processing /opt/airflow/dags/dag_scraping_twitter.py took 0.116 seconds
[2026-02-07T10:05:19.562+0700] {processor.py:186} INFO - Started process (PID=305) to work on /opt/airflow/dags/dag_scraping_twitter.py
[2026-02-07T10:05:19.564+0700] {processor.py:914} INFO - Processing file /opt/airflow/dags/dag_scraping_twitter.py for tasks to queue
[2026-02-07T10:05:19.566+0700] {logging_mixin.py:190} INFO - [2026-02-07T10:05:19.565+0700] {dagbag.py:587} INFO - Filling up the DagBag from /opt/airflow/dags/dag_scraping_twitter.py
[2026-02-07T10:05:19.586+0700] {processor.py:925} INFO - DAG(s) 'dag_scraping_twitter' retrieved from /opt/airflow/dags/dag_scraping_twitter.py
[2026-02-07T10:05:19.617+0700] {logging_mixin.py:190} INFO - [2026-02-07T10:05:19.616+0700] {dag.py:3211} INFO - Sync 1 DAGs
[2026-02-07T10:05:19.642+0700] {logging_mixin.py:190} INFO - [2026-02-07T10:05:19.642+0700] {dag.py:4138} INFO - Setting next_dagrun for dag_scraping_twitter to 2026-02-06 23:00:00+00:00, run_after=2026-02-07 11:00:00+00:00
[2026-02-07T10:05:19.833+0700] {processor.py:208} INFO - Processing /opt/airflow/dags/dag_scraping_twitter.py took 0.279 seconds
[2026-02-07T10:05:49.965+0700] {processor.py:186} INFO - Started process (PID=315) to work on /opt/airflow/dags/dag_scraping_twitter.py
[2026-02-07T10:05:49.966+0700] {processor.py:914} INFO - Processing file /opt/airflow/dags/dag_scraping_twitter.py for tasks to queue
[2026-02-07T10:05:49.970+0700] {logging_mixin.py:190} INFO - [2026-02-07T10:05:49.970+0700] {dagbag.py:587} INFO - Filling up the DagBag from /opt/airflow/dags/dag_scraping_twitter.py
[2026-02-07T10:05:49.992+0700] {processor.py:925} INFO - DAG(s) 'dag_scraping_twitter' retrieved from /opt/airflow/dags/dag_scraping_twitter.py
[2026-02-07T10:05:50.025+0700] {logging_mixin.py:190} INFO - [2026-02-07T10:05:50.025+0700] {dag.py:3211} INFO - Sync 1 DAGs
[2026-02-07T10:05:50.207+0700] {logging_mixin.py:190} INFO - [2026-02-07T10:05:50.207+0700] {dag.py:4138} INFO - Setting next_dagrun for dag_scraping_twitter to 2026-02-06 23:00:00+00:00, run_after=2026-02-07 11:00:00+00:00
[2026-02-07T10:05:50.230+0700] {processor.py:208} INFO - Processing /opt/airflow/dags/dag_scraping_twitter.py took 0.271 seconds
[2026-02-07T10:06:20.453+0700] {processor.py:186} INFO - Started process (PID=325) to work on /opt/airflow/dags/dag_scraping_twitter.py
[2026-02-07T10:06:20.455+0700] {processor.py:914} INFO - Processing file /opt/airflow/dags/dag_scraping_twitter.py for tasks to queue
[2026-02-07T10:06:20.459+0700] {logging_mixin.py:190} INFO - [2026-02-07T10:06:20.458+0700] {dagbag.py:587} INFO - Filling up the DagBag from /opt/airflow/dags/dag_scraping_twitter.py
[2026-02-07T10:06:20.487+0700] {processor.py:925} INFO - DAG(s) 'dag_scraping_twitter' retrieved from /opt/airflow/dags/dag_scraping_twitter.py
[2026-02-07T10:06:20.676+0700] {logging_mixin.py:190} INFO - [2026-02-07T10:06:20.676+0700] {dag.py:3211} INFO - Sync 1 DAGs
[2026-02-07T10:06:20.696+0700] {logging_mixin.py:190} INFO - [2026-02-07T10:06:20.696+0700] {dag.py:4138} INFO - Setting next_dagrun for dag_scraping_twitter to 2026-02-06 23:00:00+00:00, run_after=2026-02-07 11:00:00+00:00
[2026-02-07T10:06:20.722+0700] {processor.py:208} INFO - Processing /opt/airflow/dags/dag_scraping_twitter.py took 0.278 seconds
[2026-02-07T10:06:50.850+0700] {processor.py:186} INFO - Started process (PID=335) to work on /opt/airflow/dags/dag_scraping_twitter.py
[2026-02-07T10:06:50.851+0700] {processor.py:914} INFO - Processing file /opt/airflow/dags/dag_scraping_twitter.py for tasks to queue
[2026-02-07T10:06:50.853+0700] {logging_mixin.py:190} INFO - [2026-02-07T10:06:50.853+0700] {dagbag.py:587} INFO - Filling up the DagBag from /opt/airflow/dags/dag_scraping_twitter.py
[2026-02-07T10:06:50.873+0700] {processor.py:925} INFO - DAG(s) 'dag_scraping_twitter' retrieved from /opt/airflow/dags/dag_scraping_twitter.py
[2026-02-07T10:06:50.902+0700] {logging_mixin.py:190} INFO - [2026-02-07T10:06:50.902+0700] {dag.py:3211} INFO - Sync 1 DAGs
[2026-02-07T10:06:50.929+0700] {logging_mixin.py:190} INFO - [2026-02-07T10:06:50.929+0700] {dag.py:4138} INFO - Setting next_dagrun for dag_scraping_twitter to 2026-02-06 23:00:00+00:00, run_after=2026-02-07 11:00:00+00:00
[2026-02-07T10:06:50.954+0700] {processor.py:208} INFO - Processing /opt/airflow/dags/dag_scraping_twitter.py took 0.109 seconds
[2026-02-07T10:07:21.248+0700] {processor.py:186} INFO - Started process (PID=345) to work on /opt/airflow/dags/dag_scraping_twitter.py
[2026-02-07T10:07:21.249+0700] {processor.py:914} INFO - Processing file /opt/airflow/dags/dag_scraping_twitter.py for tasks to queue
[2026-02-07T10:07:21.252+0700] {logging_mixin.py:190} INFO - [2026-02-07T10:07:21.251+0700] {dagbag.py:587} INFO - Filling up the DagBag from /opt/airflow/dags/dag_scraping_twitter.py
[2026-02-07T10:07:21.271+0700] {processor.py:925} INFO - DAG(s) 'dag_scraping_twitter' retrieved from /opt/airflow/dags/dag_scraping_twitter.py
[2026-02-07T10:07:21.300+0700] {logging_mixin.py:190} INFO - [2026-02-07T10:07:21.299+0700] {dag.py:3211} INFO - Sync 1 DAGs
[2026-02-07T10:07:21.326+0700] {logging_mixin.py:190} INFO - [2026-02-07T10:07:21.325+0700] {dag.py:4138} INFO - Setting next_dagrun for dag_scraping_twitter to 2026-02-06 23:00:00+00:00, run_after=2026-02-07 11:00:00+00:00
[2026-02-07T10:07:21.349+0700] {processor.py:208} INFO - Processing /opt/airflow/dags/dag_scraping_twitter.py took 0.108 seconds
[2026-02-07T10:07:51.790+0700] {processor.py:186} INFO - Started process (PID=355) to work on /opt/airflow/dags/dag_scraping_twitter.py
[2026-02-07T10:07:51.791+0700] {processor.py:914} INFO - Processing file /opt/airflow/dags/dag_scraping_twitter.py for tasks to queue
[2026-02-07T10:07:51.794+0700] {logging_mixin.py:190} INFO - [2026-02-07T10:07:51.794+0700] {dagbag.py:587} INFO - Filling up the DagBag from /opt/airflow/dags/dag_scraping_twitter.py
[2026-02-07T10:07:51.814+0700] {processor.py:925} INFO - DAG(s) 'dag_scraping_twitter' retrieved from /opt/airflow/dags/dag_scraping_twitter.py
[2026-02-07T10:07:51.844+0700] {logging_mixin.py:190} INFO - [2026-02-07T10:07:51.844+0700] {dag.py:3211} INFO - Sync 1 DAGs
[2026-02-07T10:07:51.870+0700] {logging_mixin.py:190} INFO - [2026-02-07T10:07:51.870+0700] {dag.py:4138} INFO - Setting next_dagrun for dag_scraping_twitter to 2026-02-06 23:00:00+00:00, run_after=2026-02-07 11:00:00+00:00
[2026-02-07T10:07:51.897+0700] {processor.py:208} INFO - Processing /opt/airflow/dags/dag_scraping_twitter.py took 0.113 seconds
[2026-02-07T10:08:22.096+0700] {processor.py:186} INFO - Started process (PID=365) to work on /opt/airflow/dags/dag_scraping_twitter.py
[2026-02-07T10:08:22.097+0700] {processor.py:914} INFO - Processing file /opt/airflow/dags/dag_scraping_twitter.py for tasks to queue
[2026-02-07T10:08:22.101+0700] {logging_mixin.py:190} INFO - [2026-02-07T10:08:22.101+0700] {dagbag.py:587} INFO - Filling up the DagBag from /opt/airflow/dags/dag_scraping_twitter.py
[2026-02-07T10:08:22.124+0700] {processor.py:925} INFO - DAG(s) 'dag_scraping_twitter' retrieved from /opt/airflow/dags/dag_scraping_twitter.py
[2026-02-07T10:08:22.151+0700] {logging_mixin.py:190} INFO - [2026-02-07T10:08:22.151+0700] {dag.py:3211} INFO - Sync 1 DAGs
[2026-02-07T10:08:22.333+0700] {logging_mixin.py:190} INFO - [2026-02-07T10:08:22.332+0700] {dag.py:4138} INFO - Setting next_dagrun for dag_scraping_twitter to 2026-02-06 23:00:00+00:00, run_after=2026-02-07 11:00:00+00:00
[2026-02-07T10:08:22.358+0700] {processor.py:208} INFO - Processing /opt/airflow/dags/dag_scraping_twitter.py took 0.268 seconds
[2026-02-07T10:08:52.466+0700] {processor.py:186} INFO - Started process (PID=375) to work on /opt/airflow/dags/dag_scraping_twitter.py
[2026-02-07T10:08:52.467+0700] {processor.py:914} INFO - Processing file /opt/airflow/dags/dag_scraping_twitter.py for tasks to queue
[2026-02-07T10:08:52.470+0700] {logging_mixin.py:190} INFO - [2026-02-07T10:08:52.470+0700] {dagbag.py:587} INFO - Filling up the DagBag from /opt/airflow/dags/dag_scraping_twitter.py
[2026-02-07T10:08:52.492+0700] {processor.py:925} INFO - DAG(s) 'dag_scraping_twitter' retrieved from /opt/airflow/dags/dag_scraping_twitter.py
[2026-02-07T10:08:52.521+0700] {logging_mixin.py:190} INFO - [2026-02-07T10:08:52.521+0700] {dag.py:3211} INFO - Sync 1 DAGs
[2026-02-07T10:08:52.709+0700] {logging_mixin.py:190} INFO - [2026-02-07T10:08:52.709+0700] {dag.py:4138} INFO - Setting next_dagrun for dag_scraping_twitter to 2026-02-06 23:00:00+00:00, run_after=2026-02-07 11:00:00+00:00
[2026-02-07T10:08:52.733+0700] {processor.py:208} INFO - Processing /opt/airflow/dags/dag_scraping_twitter.py took 0.273 seconds
[2026-02-07T10:09:22.991+0700] {processor.py:186} INFO - Started process (PID=385) to work on /opt/airflow/dags/dag_scraping_twitter.py
[2026-02-07T10:09:22.993+0700] {processor.py:914} INFO - Processing file /opt/airflow/dags/dag_scraping_twitter.py for tasks to queue
[2026-02-07T10:09:22.997+0700] {logging_mixin.py:190} INFO - [2026-02-07T10:09:22.996+0700] {dagbag.py:587} INFO - Filling up the DagBag from /opt/airflow/dags/dag_scraping_twitter.py
[2026-02-07T10:09:23.026+0700] {processor.py:925} INFO - DAG(s) 'dag_scraping_twitter' retrieved from /opt/airflow/dags/dag_scraping_twitter.py
[2026-02-07T10:09:23.244+0700] {logging_mixin.py:190} INFO - [2026-02-07T10:09:23.244+0700] {dag.py:3211} INFO - Sync 1 DAGs
[2026-02-07T10:09:23.265+0700] {logging_mixin.py:190} INFO - [2026-02-07T10:09:23.265+0700] {dag.py:4138} INFO - Setting next_dagrun for dag_scraping_twitter to 2026-02-06 23:00:00+00:00, run_after=2026-02-07 11:00:00+00:00
[2026-02-07T10:09:23.286+0700] {processor.py:208} INFO - Processing /opt/airflow/dags/dag_scraping_twitter.py took 0.305 seconds
[2026-02-07T10:09:53.655+0700] {processor.py:186} INFO - Started process (PID=395) to work on /opt/airflow/dags/dag_scraping_twitter.py
[2026-02-07T10:09:53.657+0700] {processor.py:914} INFO - Processing file /opt/airflow/dags/dag_scraping_twitter.py for tasks to queue
[2026-02-07T10:09:53.661+0700] {logging_mixin.py:190} INFO - [2026-02-07T10:09:53.661+0700] {dagbag.py:587} INFO - Filling up the DagBag from /opt/airflow/dags/dag_scraping_twitter.py
[2026-02-07T10:09:53.692+0700] {processor.py:925} INFO - DAG(s) 'dag_scraping_twitter' retrieved from /opt/airflow/dags/dag_scraping_twitter.py
[2026-02-07T10:09:53.733+0700] {logging_mixin.py:190} INFO - [2026-02-07T10:09:53.732+0700] {dag.py:3211} INFO - Sync 1 DAGs
[2026-02-07T10:09:53.769+0700] {logging_mixin.py:190} INFO - [2026-02-07T10:09:53.768+0700] {dag.py:4138} INFO - Setting next_dagrun for dag_scraping_twitter to 2026-02-06 23:00:00+00:00, run_after=2026-02-07 11:00:00+00:00
[2026-02-07T10:09:53.798+0700] {processor.py:208} INFO - Processing /opt/airflow/dags/dag_scraping_twitter.py took 0.154 seconds
[2026-02-07T10:10:24.082+0700] {processor.py:186} INFO - Started process (PID=405) to work on /opt/airflow/dags/dag_scraping_twitter.py
[2026-02-07T10:10:24.084+0700] {processor.py:914} INFO - Processing file /opt/airflow/dags/dag_scraping_twitter.py for tasks to queue
[2026-02-07T10:10:24.088+0700] {logging_mixin.py:190} INFO - [2026-02-07T10:10:24.087+0700] {dagbag.py:587} INFO - Filling up the DagBag from /opt/airflow/dags/dag_scraping_twitter.py
[2026-02-07T10:10:24.111+0700] {processor.py:925} INFO - DAG(s) 'dag_scraping_twitter' retrieved from /opt/airflow/dags/dag_scraping_twitter.py
[2026-02-07T10:10:24.143+0700] {logging_mixin.py:190} INFO - [2026-02-07T10:10:24.143+0700] {dag.py:3211} INFO - Sync 1 DAGs
[2026-02-07T10:10:24.174+0700] {logging_mixin.py:190} INFO - [2026-02-07T10:10:24.174+0700] {dag.py:4138} INFO - Setting next_dagrun for dag_scraping_twitter to 2026-02-06 23:00:00+00:00, run_after=2026-02-07 11:00:00+00:00
[2026-02-07T10:10:24.200+0700] {processor.py:208} INFO - Processing /opt/airflow/dags/dag_scraping_twitter.py took 0.124 seconds
[2026-02-07T10:10:54.695+0700] {processor.py:186} INFO - Started process (PID=415) to work on /opt/airflow/dags/dag_scraping_twitter.py
[2026-02-07T10:10:54.698+0700] {processor.py:914} INFO - Processing file /opt/airflow/dags/dag_scraping_twitter.py for tasks to queue
[2026-02-07T10:10:54.706+0700] {logging_mixin.py:190} INFO - [2026-02-07T10:10:54.706+0700] {dagbag.py:587} INFO - Filling up the DagBag from /opt/airflow/dags/dag_scraping_twitter.py
[2026-02-07T10:10:54.728+0700] {processor.py:925} INFO - DAG(s) 'dag_scraping_twitter' retrieved from /opt/airflow/dags/dag_scraping_twitter.py
[2026-02-07T10:10:54.757+0700] {logging_mixin.py:190} INFO - [2026-02-07T10:10:54.756+0700] {dag.py:3211} INFO - Sync 1 DAGs
[2026-02-07T10:10:54.783+0700] {logging_mixin.py:190} INFO - [2026-02-07T10:10:54.783+0700] {dag.py:4138} INFO - Setting next_dagrun for dag_scraping_twitter to 2026-02-06 23:00:00+00:00, run_after=2026-02-07 11:00:00+00:00
[2026-02-07T10:10:54.806+0700] {processor.py:208} INFO - Processing /opt/airflow/dags/dag_scraping_twitter.py took 0.118 seconds
[2026-02-07T10:11:25.650+0700] {processor.py:186} INFO - Started process (PID=425) to work on /opt/airflow/dags/dag_scraping_twitter.py
[2026-02-07T10:11:25.651+0700] {processor.py:914} INFO - Processing file /opt/airflow/dags/dag_scraping_twitter.py for tasks to queue
[2026-02-07T10:11:25.654+0700] {logging_mixin.py:190} INFO - [2026-02-07T10:11:25.654+0700] {dagbag.py:587} INFO - Filling up the DagBag from /opt/airflow/dags/dag_scraping_twitter.py
[2026-02-07T10:11:25.676+0700] {processor.py:925} INFO - DAG(s) 'dag_scraping_twitter' retrieved from /opt/airflow/dags/dag_scraping_twitter.py
[2026-02-07T10:11:25.708+0700] {logging_mixin.py:190} INFO - [2026-02-07T10:11:25.708+0700] {dag.py:3211} INFO - Sync 1 DAGs
[2026-02-07T10:11:25.737+0700] {logging_mixin.py:190} INFO - [2026-02-07T10:11:25.737+0700] {dag.py:4138} INFO - Setting next_dagrun for dag_scraping_twitter to 2026-02-06 23:00:00+00:00, run_after=2026-02-07 11:00:00+00:00
[2026-02-07T10:11:25.762+0700] {processor.py:208} INFO - Processing /opt/airflow/dags/dag_scraping_twitter.py took 0.119 seconds
[2026-02-07T10:11:55.959+0700] {processor.py:186} INFO - Started process (PID=435) to work on /opt/airflow/dags/dag_scraping_twitter.py
[2026-02-07T10:11:55.961+0700] {processor.py:914} INFO - Processing file /opt/airflow/dags/dag_scraping_twitter.py for tasks to queue
[2026-02-07T10:11:55.964+0700] {logging_mixin.py:190} INFO - [2026-02-07T10:11:55.964+0700] {dagbag.py:587} INFO - Filling up the DagBag from /opt/airflow/dags/dag_scraping_twitter.py
[2026-02-07T10:11:55.988+0700] {processor.py:925} INFO - DAG(s) 'dag_scraping_twitter' retrieved from /opt/airflow/dags/dag_scraping_twitter.py
[2026-02-07T10:11:56.023+0700] {logging_mixin.py:190} INFO - [2026-02-07T10:11:56.023+0700] {dag.py:3211} INFO - Sync 1 DAGs
[2026-02-07T10:11:56.052+0700] {logging_mixin.py:190} INFO - [2026-02-07T10:11:56.052+0700] {dag.py:4138} INFO - Setting next_dagrun for dag_scraping_twitter to 2026-02-06 23:00:00+00:00, run_after=2026-02-07 11:00:00+00:00
[2026-02-07T10:11:56.078+0700] {processor.py:208} INFO - Processing /opt/airflow/dags/dag_scraping_twitter.py took 0.127 seconds
[2026-02-07T10:12:26.212+0700] {processor.py:186} INFO - Started process (PID=445) to work on /opt/airflow/dags/dag_scraping_twitter.py
[2026-02-07T10:12:26.213+0700] {processor.py:914} INFO - Processing file /opt/airflow/dags/dag_scraping_twitter.py for tasks to queue
[2026-02-07T10:12:26.216+0700] {logging_mixin.py:190} INFO - [2026-02-07T10:12:26.216+0700] {dagbag.py:587} INFO - Filling up the DagBag from /opt/airflow/dags/dag_scraping_twitter.py
[2026-02-07T10:12:26.242+0700] {processor.py:925} INFO - DAG(s) 'dag_scraping_twitter' retrieved from /opt/airflow/dags/dag_scraping_twitter.py
[2026-02-07T10:12:26.277+0700] {logging_mixin.py:190} INFO - [2026-02-07T10:12:26.276+0700] {dag.py:3211} INFO - Sync 1 DAGs
[2026-02-07T10:12:26.302+0700] {logging_mixin.py:190} INFO - [2026-02-07T10:12:26.302+0700] {dag.py:4138} INFO - Setting next_dagrun for dag_scraping_twitter to 2026-02-06 23:00:00+00:00, run_after=2026-02-07 11:00:00+00:00
[2026-02-07T10:12:26.327+0700] {processor.py:208} INFO - Processing /opt/airflow/dags/dag_scraping_twitter.py took 0.124 seconds
[2026-02-07T10:12:57.187+0700] {processor.py:186} INFO - Started process (PID=455) to work on /opt/airflow/dags/dag_scraping_twitter.py
[2026-02-07T10:12:57.189+0700] {processor.py:914} INFO - Processing file /opt/airflow/dags/dag_scraping_twitter.py for tasks to queue
[2026-02-07T10:12:57.194+0700] {logging_mixin.py:190} INFO - [2026-02-07T10:12:57.193+0700] {dagbag.py:587} INFO - Filling up the DagBag from /opt/airflow/dags/dag_scraping_twitter.py
[2026-02-07T10:12:57.234+0700] {processor.py:925} INFO - DAG(s) 'dag_scraping_twitter' retrieved from /opt/airflow/dags/dag_scraping_twitter.py
[2026-02-07T10:12:57.280+0700] {logging_mixin.py:190} INFO - [2026-02-07T10:12:57.280+0700] {dag.py:3211} INFO - Sync 1 DAGs
[2026-02-07T10:12:57.312+0700] {logging_mixin.py:190} INFO - [2026-02-07T10:12:57.312+0700] {dag.py:4138} INFO - Setting next_dagrun for dag_scraping_twitter to 2026-02-06 23:00:00+00:00, run_after=2026-02-07 11:00:00+00:00
[2026-02-07T10:12:57.339+0700] {processor.py:208} INFO - Processing /opt/airflow/dags/dag_scraping_twitter.py took 0.166 seconds
[2026-02-07T10:13:27.741+0700] {processor.py:186} INFO - Started process (PID=465) to work on /opt/airflow/dags/dag_scraping_twitter.py
[2026-02-07T10:13:27.744+0700] {processor.py:914} INFO - Processing file /opt/airflow/dags/dag_scraping_twitter.py for tasks to queue
[2026-02-07T10:13:27.772+0700] {logging_mixin.py:190} INFO - [2026-02-07T10:13:27.771+0700] {dagbag.py:587} INFO - Filling up the DagBag from /opt/airflow/dags/dag_scraping_twitter.py
[2026-02-07T10:13:27.856+0700] {processor.py:925} INFO - DAG(s) 'dag_scraping_twitter' retrieved from /opt/airflow/dags/dag_scraping_twitter.py
[2026-02-07T10:13:27.905+0700] {logging_mixin.py:190} INFO - [2026-02-07T10:13:27.904+0700] {dag.py:3211} INFO - Sync 1 DAGs
[2026-02-07T10:13:27.943+0700] {logging_mixin.py:190} INFO - [2026-02-07T10:13:27.942+0700] {dag.py:4138} INFO - Setting next_dagrun for dag_scraping_twitter to 2026-02-06 23:00:00+00:00, run_after=2026-02-07 11:00:00+00:00
[2026-02-07T10:13:27.975+0700] {processor.py:208} INFO - Processing /opt/airflow/dags/dag_scraping_twitter.py took 0.288 seconds
[2026-02-07T10:13:58.488+0700] {processor.py:186} INFO - Started process (PID=475) to work on /opt/airflow/dags/dag_scraping_twitter.py
[2026-02-07T10:13:58.490+0700] {processor.py:914} INFO - Processing file /opt/airflow/dags/dag_scraping_twitter.py for tasks to queue
[2026-02-07T10:13:58.493+0700] {logging_mixin.py:190} INFO - [2026-02-07T10:13:58.493+0700] {dagbag.py:587} INFO - Filling up the DagBag from /opt/airflow/dags/dag_scraping_twitter.py
[2026-02-07T10:13:58.516+0700] {processor.py:925} INFO - DAG(s) 'dag_scraping_twitter' retrieved from /opt/airflow/dags/dag_scraping_twitter.py
[2026-02-07T10:13:58.549+0700] {logging_mixin.py:190} INFO - [2026-02-07T10:13:58.549+0700] {dag.py:3211} INFO - Sync 1 DAGs
[2026-02-07T10:13:58.576+0700] {logging_mixin.py:190} INFO - [2026-02-07T10:13:58.576+0700] {dag.py:4138} INFO - Setting next_dagrun for dag_scraping_twitter to 2026-02-06 23:00:00+00:00, run_after=2026-02-07 11:00:00+00:00
[2026-02-07T10:13:58.601+0700] {processor.py:208} INFO - Processing /opt/airflow/dags/dag_scraping_twitter.py took 0.121 seconds
[2026-02-07T10:14:28.661+0700] {processor.py:186} INFO - Started process (PID=485) to work on /opt/airflow/dags/dag_scraping_twitter.py
[2026-02-07T10:14:28.662+0700] {processor.py:914} INFO - Processing file /opt/airflow/dags/dag_scraping_twitter.py for tasks to queue
[2026-02-07T10:14:28.665+0700] {logging_mixin.py:190} INFO - [2026-02-07T10:14:28.664+0700] {dagbag.py:587} INFO - Filling up the DagBag from /opt/airflow/dags/dag_scraping_twitter.py
[2026-02-07T10:14:28.684+0700] {processor.py:925} INFO - DAG(s) 'dag_scraping_twitter' retrieved from /opt/airflow/dags/dag_scraping_twitter.py
[2026-02-07T10:14:28.715+0700] {logging_mixin.py:190} INFO - [2026-02-07T10:14:28.714+0700] {dag.py:3211} INFO - Sync 1 DAGs
[2026-02-07T10:14:28.742+0700] {logging_mixin.py:190} INFO - [2026-02-07T10:14:28.741+0700] {dag.py:4138} INFO - Setting next_dagrun for dag_scraping_twitter to 2026-02-06 23:00:00+00:00, run_after=2026-02-07 11:00:00+00:00
[2026-02-07T10:14:28.767+0700] {processor.py:208} INFO - Processing /opt/airflow/dags/dag_scraping_twitter.py took 0.113 seconds
[2026-02-07T10:14:58.916+0700] {processor.py:186} INFO - Started process (PID=495) to work on /opt/airflow/dags/dag_scraping_twitter.py
[2026-02-07T10:14:58.917+0700] {processor.py:914} INFO - Processing file /opt/airflow/dags/dag_scraping_twitter.py for tasks to queue
[2026-02-07T10:14:58.920+0700] {logging_mixin.py:190} INFO - [2026-02-07T10:14:58.919+0700] {dagbag.py:587} INFO - Filling up the DagBag from /opt/airflow/dags/dag_scraping_twitter.py
[2026-02-07T10:14:58.939+0700] {processor.py:925} INFO - DAG(s) 'dag_scraping_twitter' retrieved from /opt/airflow/dags/dag_scraping_twitter.py
[2026-02-07T10:14:58.969+0700] {logging_mixin.py:190} INFO - [2026-02-07T10:14:58.969+0700] {dag.py:3211} INFO - Sync 1 DAGs
[2026-02-07T10:14:58.994+0700] {logging_mixin.py:190} INFO - [2026-02-07T10:14:58.993+0700] {dag.py:4138} INFO - Setting next_dagrun for dag_scraping_twitter to 2026-02-06 23:00:00+00:00, run_after=2026-02-07 11:00:00+00:00
[2026-02-07T10:14:59.021+0700] {processor.py:208} INFO - Processing /opt/airflow/dags/dag_scraping_twitter.py took 0.111 seconds
[2026-02-07T10:15:29.233+0700] {processor.py:186} INFO - Started process (PID=505) to work on /opt/airflow/dags/dag_scraping_twitter.py
[2026-02-07T10:15:29.235+0700] {processor.py:914} INFO - Processing file /opt/airflow/dags/dag_scraping_twitter.py for tasks to queue
[2026-02-07T10:15:29.239+0700] {logging_mixin.py:190} INFO - [2026-02-07T10:15:29.239+0700] {dagbag.py:587} INFO - Filling up the DagBag from /opt/airflow/dags/dag_scraping_twitter.py
[2026-02-07T10:15:29.264+0700] {processor.py:925} INFO - DAG(s) 'dag_scraping_twitter' retrieved from /opt/airflow/dags/dag_scraping_twitter.py
[2026-02-07T10:15:29.296+0700] {logging_mixin.py:190} INFO - [2026-02-07T10:15:29.295+0700] {dag.py:3211} INFO - Sync 1 DAGs
[2026-02-07T10:15:29.322+0700] {logging_mixin.py:190} INFO - [2026-02-07T10:15:29.322+0700] {dag.py:4138} INFO - Setting next_dagrun for dag_scraping_twitter to 2026-02-06 23:00:00+00:00, run_after=2026-02-07 11:00:00+00:00
[2026-02-07T10:15:29.349+0700] {processor.py:208} INFO - Processing /opt/airflow/dags/dag_scraping_twitter.py took 0.124 seconds
[2026-02-07T10:15:59.619+0700] {processor.py:186} INFO - Started process (PID=515) to work on /opt/airflow/dags/dag_scraping_twitter.py
[2026-02-07T10:15:59.621+0700] {processor.py:914} INFO - Processing file /opt/airflow/dags/dag_scraping_twitter.py for tasks to queue
[2026-02-07T10:15:59.626+0700] {logging_mixin.py:190} INFO - [2026-02-07T10:15:59.625+0700] {dagbag.py:587} INFO - Filling up the DagBag from /opt/airflow/dags/dag_scraping_twitter.py
[2026-02-07T10:15:59.664+0700] {processor.py:925} INFO - DAG(s) 'dag_scraping_twitter' retrieved from /opt/airflow/dags/dag_scraping_twitter.py
[2026-02-07T10:15:59.710+0700] {logging_mixin.py:190} INFO - [2026-02-07T10:15:59.709+0700] {dag.py:3211} INFO - Sync 1 DAGs
[2026-02-07T10:15:59.748+0700] {logging_mixin.py:190} INFO - [2026-02-07T10:15:59.748+0700] {dag.py:4138} INFO - Setting next_dagrun for dag_scraping_twitter to 2026-02-06 23:00:00+00:00, run_after=2026-02-07 11:00:00+00:00
[2026-02-07T10:15:59.779+0700] {processor.py:208} INFO - Processing /opt/airflow/dags/dag_scraping_twitter.py took 0.174 seconds
[2026-02-07T10:16:30.449+0700] {processor.py:186} INFO - Started process (PID=525) to work on /opt/airflow/dags/dag_scraping_twitter.py
[2026-02-07T10:16:30.450+0700] {processor.py:914} INFO - Processing file /opt/airflow/dags/dag_scraping_twitter.py for tasks to queue
[2026-02-07T10:16:30.454+0700] {logging_mixin.py:190} INFO - [2026-02-07T10:16:30.453+0700] {dagbag.py:587} INFO - Filling up the DagBag from /opt/airflow/dags/dag_scraping_twitter.py
[2026-02-07T10:16:30.481+0700] {processor.py:925} INFO - DAG(s) 'dag_scraping_twitter' retrieved from /opt/airflow/dags/dag_scraping_twitter.py
[2026-02-07T10:16:30.518+0700] {logging_mixin.py:190} INFO - [2026-02-07T10:16:30.517+0700] {dag.py:3211} INFO - Sync 1 DAGs
[2026-02-07T10:16:30.549+0700] {logging_mixin.py:190} INFO - [2026-02-07T10:16:30.548+0700] {dag.py:4138} INFO - Setting next_dagrun for dag_scraping_twitter to 2026-02-06 23:00:00+00:00, run_after=2026-02-07 11:00:00+00:00
[2026-02-07T10:16:30.577+0700] {processor.py:208} INFO - Processing /opt/airflow/dags/dag_scraping_twitter.py took 0.140 seconds
[2026-02-07T10:17:00.887+0700] {processor.py:186} INFO - Started process (PID=535) to work on /opt/airflow/dags/dag_scraping_twitter.py
[2026-02-07T10:17:00.888+0700] {processor.py:914} INFO - Processing file /opt/airflow/dags/dag_scraping_twitter.py for tasks to queue
[2026-02-07T10:17:00.891+0700] {logging_mixin.py:190} INFO - [2026-02-07T10:17:00.890+0700] {dagbag.py:587} INFO - Filling up the DagBag from /opt/airflow/dags/dag_scraping_twitter.py
[2026-02-07T10:17:00.913+0700] {processor.py:925} INFO - DAG(s) 'dag_scraping_twitter' retrieved from /opt/airflow/dags/dag_scraping_twitter.py
[2026-02-07T10:17:00.953+0700] {logging_mixin.py:190} INFO - [2026-02-07T10:17:00.953+0700] {dag.py:3211} INFO - Sync 1 DAGs
[2026-02-07T10:17:00.993+0700] {logging_mixin.py:190} INFO - [2026-02-07T10:17:00.993+0700] {dag.py:4138} INFO - Setting next_dagrun for dag_scraping_twitter to 2026-02-06 23:00:00+00:00, run_after=2026-02-07 11:00:00+00:00
[2026-02-07T10:17:01.018+0700] {processor.py:208} INFO - Processing /opt/airflow/dags/dag_scraping_twitter.py took 0.138 seconds
[2026-02-07T10:17:31.228+0700] {processor.py:186} INFO - Started process (PID=545) to work on /opt/airflow/dags/dag_scraping_twitter.py
[2026-02-07T10:17:31.229+0700] {processor.py:914} INFO - Processing file /opt/airflow/dags/dag_scraping_twitter.py for tasks to queue
[2026-02-07T10:17:31.232+0700] {logging_mixin.py:190} INFO - [2026-02-07T10:17:31.232+0700] {dagbag.py:587} INFO - Filling up the DagBag from /opt/airflow/dags/dag_scraping_twitter.py
[2026-02-07T10:17:31.256+0700] {processor.py:925} INFO - DAG(s) 'dag_scraping_twitter' retrieved from /opt/airflow/dags/dag_scraping_twitter.py
[2026-02-07T10:17:31.287+0700] {logging_mixin.py:190} INFO - [2026-02-07T10:17:31.287+0700] {dag.py:3211} INFO - Sync 1 DAGs
[2026-02-07T10:17:31.318+0700] {logging_mixin.py:190} INFO - [2026-02-07T10:17:31.318+0700] {dag.py:4138} INFO - Setting next_dagrun for dag_scraping_twitter to 2026-02-06 23:00:00+00:00, run_after=2026-02-07 11:00:00+00:00
[2026-02-07T10:17:31.343+0700] {processor.py:208} INFO - Processing /opt/airflow/dags/dag_scraping_twitter.py took 0.123 seconds
[2026-02-07T10:18:01.531+0700] {processor.py:186} INFO - Started process (PID=555) to work on /opt/airflow/dags/dag_scraping_twitter.py
[2026-02-07T10:18:01.532+0700] {processor.py:914} INFO - Processing file /opt/airflow/dags/dag_scraping_twitter.py for tasks to queue
[2026-02-07T10:18:01.536+0700] {logging_mixin.py:190} INFO - [2026-02-07T10:18:01.535+0700] {dagbag.py:587} INFO - Filling up the DagBag from /opt/airflow/dags/dag_scraping_twitter.py
[2026-02-07T10:18:01.562+0700] {processor.py:925} INFO - DAG(s) 'dag_scraping_twitter' retrieved from /opt/airflow/dags/dag_scraping_twitter.py
[2026-02-07T10:18:01.602+0700] {logging_mixin.py:190} INFO - [2026-02-07T10:18:01.602+0700] {dag.py:3211} INFO - Sync 1 DAGs
[2026-02-07T10:18:01.636+0700] {logging_mixin.py:190} INFO - [2026-02-07T10:18:01.636+0700] {dag.py:4138} INFO - Setting next_dagrun for dag_scraping_twitter to 2026-02-06 23:00:00+00:00, run_after=2026-02-07 11:00:00+00:00
[2026-02-07T10:18:01.660+0700] {processor.py:208} INFO - Processing /opt/airflow/dags/dag_scraping_twitter.py took 0.139 seconds
[2026-02-07T10:18:31.715+0700] {processor.py:186} INFO - Started process (PID=565) to work on /opt/airflow/dags/dag_scraping_twitter.py
[2026-02-07T10:18:31.717+0700] {processor.py:914} INFO - Processing file /opt/airflow/dags/dag_scraping_twitter.py for tasks to queue
[2026-02-07T10:18:31.720+0700] {logging_mixin.py:190} INFO - [2026-02-07T10:18:31.719+0700] {dagbag.py:587} INFO - Filling up the DagBag from /opt/airflow/dags/dag_scraping_twitter.py
[2026-02-07T10:18:31.742+0700] {processor.py:925} INFO - DAG(s) 'dag_scraping_twitter' retrieved from /opt/airflow/dags/dag_scraping_twitter.py
[2026-02-07T10:18:31.772+0700] {logging_mixin.py:190} INFO - [2026-02-07T10:18:31.772+0700] {dag.py:3211} INFO - Sync 1 DAGs
[2026-02-07T10:18:31.798+0700] {logging_mixin.py:190} INFO - [2026-02-07T10:18:31.798+0700] {dag.py:4138} INFO - Setting next_dagrun for dag_scraping_twitter to 2026-02-06 23:00:00+00:00, run_after=2026-02-07 11:00:00+00:00
[2026-02-07T10:18:31.826+0700] {processor.py:208} INFO - Processing /opt/airflow/dags/dag_scraping_twitter.py took 0.119 seconds
[2026-02-07T10:19:01.926+0700] {processor.py:186} INFO - Started process (PID=575) to work on /opt/airflow/dags/dag_scraping_twitter.py
[2026-02-07T10:19:01.927+0700] {processor.py:914} INFO - Processing file /opt/airflow/dags/dag_scraping_twitter.py for tasks to queue
[2026-02-07T10:19:01.930+0700] {logging_mixin.py:190} INFO - [2026-02-07T10:19:01.929+0700] {dagbag.py:587} INFO - Filling up the DagBag from /opt/airflow/dags/dag_scraping_twitter.py
[2026-02-07T10:19:01.948+0700] {processor.py:925} INFO - DAG(s) 'dag_scraping_twitter' retrieved from /opt/airflow/dags/dag_scraping_twitter.py
[2026-02-07T10:19:01.976+0700] {logging_mixin.py:190} INFO - [2026-02-07T10:19:01.976+0700] {dag.py:3211} INFO - Sync 1 DAGs
[2026-02-07T10:19:02.001+0700] {logging_mixin.py:190} INFO - [2026-02-07T10:19:02.001+0700] {dag.py:4138} INFO - Setting next_dagrun for dag_scraping_twitter to 2026-02-06 23:00:00+00:00, run_after=2026-02-07 11:00:00+00:00
[2026-02-07T10:19:02.027+0700] {processor.py:208} INFO - Processing /opt/airflow/dags/dag_scraping_twitter.py took 0.107 seconds
[2026-02-07T10:19:32.130+0700] {processor.py:186} INFO - Started process (PID=585) to work on /opt/airflow/dags/dag_scraping_twitter.py
[2026-02-07T10:19:32.132+0700] {processor.py:914} INFO - Processing file /opt/airflow/dags/dag_scraping_twitter.py for tasks to queue
[2026-02-07T10:19:32.137+0700] {logging_mixin.py:190} INFO - [2026-02-07T10:19:32.137+0700] {dagbag.py:587} INFO - Filling up the DagBag from /opt/airflow/dags/dag_scraping_twitter.py
[2026-02-07T10:19:32.190+0700] {processor.py:925} INFO - DAG(s) 'dag_scraping_twitter' retrieved from /opt/airflow/dags/dag_scraping_twitter.py
[2026-02-07T10:19:32.234+0700] {logging_mixin.py:190} INFO - [2026-02-07T10:19:32.233+0700] {dag.py:3211} INFO - Sync 1 DAGs
[2026-02-07T10:19:32.276+0700] {logging_mixin.py:190} INFO - [2026-02-07T10:19:32.275+0700] {dag.py:4138} INFO - Setting next_dagrun for dag_scraping_twitter to 2026-02-06 23:00:00+00:00, run_after=2026-02-07 11:00:00+00:00
[2026-02-07T10:19:32.305+0700] {processor.py:208} INFO - Processing /opt/airflow/dags/dag_scraping_twitter.py took 0.183 seconds
[2026-02-07T10:20:02.438+0700] {processor.py:186} INFO - Started process (PID=595) to work on /opt/airflow/dags/dag_scraping_twitter.py
[2026-02-07T10:20:02.440+0700] {processor.py:914} INFO - Processing file /opt/airflow/dags/dag_scraping_twitter.py for tasks to queue
[2026-02-07T10:20:02.447+0700] {logging_mixin.py:190} INFO - [2026-02-07T10:20:02.447+0700] {dagbag.py:587} INFO - Filling up the DagBag from /opt/airflow/dags/dag_scraping_twitter.py
[2026-02-07T10:20:02.488+0700] {processor.py:925} INFO - DAG(s) 'dag_scraping_twitter' retrieved from /opt/airflow/dags/dag_scraping_twitter.py
[2026-02-07T10:20:02.546+0700] {logging_mixin.py:190} INFO - [2026-02-07T10:20:02.546+0700] {dag.py:3211} INFO - Sync 1 DAGs
[2026-02-07T10:20:02.583+0700] {logging_mixin.py:190} INFO - [2026-02-07T10:20:02.583+0700] {dag.py:4138} INFO - Setting next_dagrun for dag_scraping_twitter to 2026-02-06 23:00:00+00:00, run_after=2026-02-07 11:00:00+00:00
[2026-02-07T10:20:02.608+0700] {processor.py:208} INFO - Processing /opt/airflow/dags/dag_scraping_twitter.py took 0.178 seconds
[2026-02-07T10:20:32.813+0700] {processor.py:186} INFO - Started process (PID=605) to work on /opt/airflow/dags/dag_scraping_twitter.py
[2026-02-07T10:20:32.814+0700] {processor.py:914} INFO - Processing file /opt/airflow/dags/dag_scraping_twitter.py for tasks to queue
[2026-02-07T10:20:32.818+0700] {logging_mixin.py:190} INFO - [2026-02-07T10:20:32.817+0700] {dagbag.py:587} INFO - Filling up the DagBag from /opt/airflow/dags/dag_scraping_twitter.py
[2026-02-07T10:20:32.842+0700] {processor.py:925} INFO - DAG(s) 'dag_scraping_twitter' retrieved from /opt/airflow/dags/dag_scraping_twitter.py
[2026-02-07T10:20:32.902+0700] {logging_mixin.py:190} INFO - [2026-02-07T10:20:32.901+0700] {dag.py:3211} INFO - Sync 1 DAGs
[2026-02-07T10:20:32.958+0700] {logging_mixin.py:190} INFO - [2026-02-07T10:20:32.958+0700] {dag.py:4138} INFO - Setting next_dagrun for dag_scraping_twitter to 2026-02-06 23:00:00+00:00, run_after=2026-02-07 11:00:00+00:00
[2026-02-07T10:20:33.004+0700] {processor.py:208} INFO - Processing /opt/airflow/dags/dag_scraping_twitter.py took 0.199 seconds
[2026-02-07T10:21:03.216+0700] {processor.py:186} INFO - Started process (PID=615) to work on /opt/airflow/dags/dag_scraping_twitter.py
[2026-02-07T10:21:03.217+0700] {processor.py:914} INFO - Processing file /opt/airflow/dags/dag_scraping_twitter.py for tasks to queue
[2026-02-07T10:21:03.220+0700] {logging_mixin.py:190} INFO - [2026-02-07T10:21:03.220+0700] {dagbag.py:587} INFO - Filling up the DagBag from /opt/airflow/dags/dag_scraping_twitter.py
[2026-02-07T10:21:03.242+0700] {processor.py:925} INFO - DAG(s) 'dag_scraping_twitter' retrieved from /opt/airflow/dags/dag_scraping_twitter.py
[2026-02-07T10:21:03.271+0700] {logging_mixin.py:190} INFO - [2026-02-07T10:21:03.271+0700] {dag.py:3211} INFO - Sync 1 DAGs
[2026-02-07T10:21:03.296+0700] {logging_mixin.py:190} INFO - [2026-02-07T10:21:03.296+0700] {dag.py:4138} INFO - Setting next_dagrun for dag_scraping_twitter to 2026-02-06 23:00:00+00:00, run_after=2026-02-07 11:00:00+00:00
[2026-02-07T10:21:03.320+0700] {processor.py:208} INFO - Processing /opt/airflow/dags/dag_scraping_twitter.py took 0.112 seconds
[2026-02-07T10:21:33.886+0700] {processor.py:186} INFO - Started process (PID=625) to work on /opt/airflow/dags/dag_scraping_twitter.py
[2026-02-07T10:21:33.887+0700] {processor.py:914} INFO - Processing file /opt/airflow/dags/dag_scraping_twitter.py for tasks to queue
[2026-02-07T10:21:33.891+0700] {logging_mixin.py:190} INFO - [2026-02-07T10:21:33.890+0700] {dagbag.py:587} INFO - Filling up the DagBag from /opt/airflow/dags/dag_scraping_twitter.py
[2026-02-07T10:21:33.915+0700] {processor.py:925} INFO - DAG(s) 'dag_scraping_twitter' retrieved from /opt/airflow/dags/dag_scraping_twitter.py
[2026-02-07T10:21:33.946+0700] {logging_mixin.py:190} INFO - [2026-02-07T10:21:33.945+0700] {dag.py:3211} INFO - Sync 1 DAGs
[2026-02-07T10:21:33.972+0700] {logging_mixin.py:190} INFO - [2026-02-07T10:21:33.971+0700] {dag.py:4138} INFO - Setting next_dagrun for dag_scraping_twitter to 2026-02-06 23:00:00+00:00, run_after=2026-02-07 11:00:00+00:00
[2026-02-07T10:21:33.998+0700] {processor.py:208} INFO - Processing /opt/airflow/dags/dag_scraping_twitter.py took 0.123 seconds
[2026-02-07T10:22:04.230+0700] {processor.py:186} INFO - Started process (PID=635) to work on /opt/airflow/dags/dag_scraping_twitter.py
[2026-02-07T10:22:04.231+0700] {processor.py:914} INFO - Processing file /opt/airflow/dags/dag_scraping_twitter.py for tasks to queue
[2026-02-07T10:22:04.233+0700] {logging_mixin.py:190} INFO - [2026-02-07T10:22:04.233+0700] {dagbag.py:587} INFO - Filling up the DagBag from /opt/airflow/dags/dag_scraping_twitter.py
[2026-02-07T10:22:04.265+0700] {processor.py:925} INFO - DAG(s) 'dag_scraping_twitter' retrieved from /opt/airflow/dags/dag_scraping_twitter.py
[2026-02-07T10:22:04.300+0700] {logging_mixin.py:190} INFO - [2026-02-07T10:22:04.299+0700] {dag.py:3211} INFO - Sync 1 DAGs
[2026-02-07T10:22:04.327+0700] {logging_mixin.py:190} INFO - [2026-02-07T10:22:04.326+0700] {dag.py:4138} INFO - Setting next_dagrun for dag_scraping_twitter to 2026-02-06 23:00:00+00:00, run_after=2026-02-07 11:00:00+00:00
[2026-02-07T10:22:04.355+0700] {processor.py:208} INFO - Processing /opt/airflow/dags/dag_scraping_twitter.py took 0.135 seconds
[2026-02-07T10:22:34.462+0700] {processor.py:186} INFO - Started process (PID=645) to work on /opt/airflow/dags/dag_scraping_twitter.py
[2026-02-07T10:22:34.464+0700] {processor.py:914} INFO - Processing file /opt/airflow/dags/dag_scraping_twitter.py for tasks to queue
[2026-02-07T10:22:34.469+0700] {logging_mixin.py:190} INFO - [2026-02-07T10:22:34.468+0700] {dagbag.py:587} INFO - Filling up the DagBag from /opt/airflow/dags/dag_scraping_twitter.py
[2026-02-07T10:22:34.503+0700] {processor.py:925} INFO - DAG(s) 'dag_scraping_twitter' retrieved from /opt/airflow/dags/dag_scraping_twitter.py
[2026-02-07T10:22:34.542+0700] {logging_mixin.py:190} INFO - [2026-02-07T10:22:34.542+0700] {dag.py:3211} INFO - Sync 1 DAGs
[2026-02-07T10:22:34.574+0700] {logging_mixin.py:190} INFO - [2026-02-07T10:22:34.574+0700] {dag.py:4138} INFO - Setting next_dagrun for dag_scraping_twitter to 2026-02-06 23:00:00+00:00, run_after=2026-02-07 11:00:00+00:00
[2026-02-07T10:22:34.598+0700] {processor.py:208} INFO - Processing /opt/airflow/dags/dag_scraping_twitter.py took 0.146 seconds
[2026-02-07T10:23:05.169+0700] {processor.py:186} INFO - Started process (PID=655) to work on /opt/airflow/dags/dag_scraping_twitter.py
[2026-02-07T10:23:05.170+0700] {processor.py:914} INFO - Processing file /opt/airflow/dags/dag_scraping_twitter.py for tasks to queue
[2026-02-07T10:23:05.175+0700] {logging_mixin.py:190} INFO - [2026-02-07T10:23:05.174+0700] {dagbag.py:587} INFO - Filling up the DagBag from /opt/airflow/dags/dag_scraping_twitter.py
[2026-02-07T10:23:05.199+0700] {processor.py:925} INFO - DAG(s) 'dag_scraping_twitter' retrieved from /opt/airflow/dags/dag_scraping_twitter.py
[2026-02-07T10:23:05.230+0700] {logging_mixin.py:190} INFO - [2026-02-07T10:23:05.230+0700] {dag.py:3211} INFO - Sync 1 DAGs
[2026-02-07T10:23:05.255+0700] {logging_mixin.py:190} INFO - [2026-02-07T10:23:05.255+0700] {dag.py:4138} INFO - Setting next_dagrun for dag_scraping_twitter to 2026-02-06 23:00:00+00:00, run_after=2026-02-07 11:00:00+00:00
[2026-02-07T10:23:05.281+0700] {processor.py:208} INFO - Processing /opt/airflow/dags/dag_scraping_twitter.py took 0.122 seconds
[2026-02-07T10:23:35.377+0700] {processor.py:186} INFO - Started process (PID=665) to work on /opt/airflow/dags/dag_scraping_twitter.py
[2026-02-07T10:23:35.378+0700] {processor.py:914} INFO - Processing file /opt/airflow/dags/dag_scraping_twitter.py for tasks to queue
[2026-02-07T10:23:35.381+0700] {logging_mixin.py:190} INFO - [2026-02-07T10:23:35.381+0700] {dagbag.py:587} INFO - Filling up the DagBag from /opt/airflow/dags/dag_scraping_twitter.py
[2026-02-07T10:23:35.402+0700] {processor.py:925} INFO - DAG(s) 'dag_scraping_twitter' retrieved from /opt/airflow/dags/dag_scraping_twitter.py
[2026-02-07T10:23:35.430+0700] {logging_mixin.py:190} INFO - [2026-02-07T10:23:35.430+0700] {dag.py:3211} INFO - Sync 1 DAGs
[2026-02-07T10:23:35.455+0700] {logging_mixin.py:190} INFO - [2026-02-07T10:23:35.455+0700] {dag.py:4138} INFO - Setting next_dagrun for dag_scraping_twitter to 2026-02-06 23:00:00+00:00, run_after=2026-02-07 11:00:00+00:00
[2026-02-07T10:23:35.481+0700] {processor.py:208} INFO - Processing /opt/airflow/dags/dag_scraping_twitter.py took 0.115 seconds
[2026-02-07T10:24:05.657+0700] {processor.py:186} INFO - Started process (PID=675) to work on /opt/airflow/dags/dag_scraping_twitter.py
[2026-02-07T10:24:05.658+0700] {processor.py:914} INFO - Processing file /opt/airflow/dags/dag_scraping_twitter.py for tasks to queue
[2026-02-07T10:24:05.661+0700] {logging_mixin.py:190} INFO - [2026-02-07T10:24:05.661+0700] {dagbag.py:587} INFO - Filling up the DagBag from /opt/airflow/dags/dag_scraping_twitter.py
[2026-02-07T10:24:05.689+0700] {processor.py:925} INFO - DAG(s) 'dag_scraping_twitter' retrieved from /opt/airflow/dags/dag_scraping_twitter.py
[2026-02-07T10:24:05.721+0700] {logging_mixin.py:190} INFO - [2026-02-07T10:24:05.721+0700] {dag.py:3211} INFO - Sync 1 DAGs
[2026-02-07T10:24:05.747+0700] {logging_mixin.py:190} INFO - [2026-02-07T10:24:05.746+0700] {dag.py:4138} INFO - Setting next_dagrun for dag_scraping_twitter to 2026-02-06 23:00:00+00:00, run_after=2026-02-07 11:00:00+00:00
[2026-02-07T10:24:05.772+0700] {processor.py:208} INFO - Processing /opt/airflow/dags/dag_scraping_twitter.py took 0.124 seconds
[2026-02-07T10:24:36.185+0700] {processor.py:186} INFO - Started process (PID=685) to work on /opt/airflow/dags/dag_scraping_twitter.py
[2026-02-07T10:24:36.186+0700] {processor.py:914} INFO - Processing file /opt/airflow/dags/dag_scraping_twitter.py for tasks to queue
[2026-02-07T10:24:36.188+0700] {logging_mixin.py:190} INFO - [2026-02-07T10:24:36.188+0700] {dagbag.py:587} INFO - Filling up the DagBag from /opt/airflow/dags/dag_scraping_twitter.py
[2026-02-07T10:24:36.207+0700] {processor.py:925} INFO - DAG(s) 'dag_scraping_twitter' retrieved from /opt/airflow/dags/dag_scraping_twitter.py
[2026-02-07T10:24:36.237+0700] {logging_mixin.py:190} INFO - [2026-02-07T10:24:36.237+0700] {dag.py:3211} INFO - Sync 1 DAGs
[2026-02-07T10:24:36.262+0700] {logging_mixin.py:190} INFO - [2026-02-07T10:24:36.262+0700] {dag.py:4138} INFO - Setting next_dagrun for dag_scraping_twitter to 2026-02-06 23:00:00+00:00, run_after=2026-02-07 11:00:00+00:00
[2026-02-07T10:24:36.286+0700] {processor.py:208} INFO - Processing /opt/airflow/dags/dag_scraping_twitter.py took 0.108 seconds
[2026-02-07T10:25:06.344+0700] {processor.py:186} INFO - Started process (PID=695) to work on /opt/airflow/dags/dag_scraping_twitter.py
[2026-02-07T10:25:06.345+0700] {processor.py:914} INFO - Processing file /opt/airflow/dags/dag_scraping_twitter.py for tasks to queue
[2026-02-07T10:25:06.348+0700] {logging_mixin.py:190} INFO - [2026-02-07T10:25:06.348+0700] {dagbag.py:587} INFO - Filling up the DagBag from /opt/airflow/dags/dag_scraping_twitter.py
[2026-02-07T10:25:06.374+0700] {processor.py:925} INFO - DAG(s) 'dag_scraping_twitter' retrieved from /opt/airflow/dags/dag_scraping_twitter.py
[2026-02-07T10:25:06.406+0700] {logging_mixin.py:190} INFO - [2026-02-07T10:25:06.406+0700] {dag.py:3211} INFO - Sync 1 DAGs
[2026-02-07T10:25:06.431+0700] {logging_mixin.py:190} INFO - [2026-02-07T10:25:06.431+0700] {dag.py:4138} INFO - Setting next_dagrun for dag_scraping_twitter to 2026-02-06 23:00:00+00:00, run_after=2026-02-07 11:00:00+00:00
[2026-02-07T10:25:06.454+0700] {processor.py:208} INFO - Processing /opt/airflow/dags/dag_scraping_twitter.py took 0.118 seconds
[2026-02-07T10:25:36.594+0700] {processor.py:186} INFO - Started process (PID=705) to work on /opt/airflow/dags/dag_scraping_twitter.py
[2026-02-07T10:25:36.595+0700] {processor.py:914} INFO - Processing file /opt/airflow/dags/dag_scraping_twitter.py for tasks to queue
[2026-02-07T10:25:36.598+0700] {logging_mixin.py:190} INFO - [2026-02-07T10:25:36.598+0700] {dagbag.py:587} INFO - Filling up the DagBag from /opt/airflow/dags/dag_scraping_twitter.py
[2026-02-07T10:25:36.618+0700] {processor.py:925} INFO - DAG(s) 'dag_scraping_twitter' retrieved from /opt/airflow/dags/dag_scraping_twitter.py
[2026-02-07T10:25:36.648+0700] {logging_mixin.py:190} INFO - [2026-02-07T10:25:36.647+0700] {dag.py:3211} INFO - Sync 1 DAGs
[2026-02-07T10:25:36.671+0700] {logging_mixin.py:190} INFO - [2026-02-07T10:25:36.671+0700] {dag.py:4138} INFO - Setting next_dagrun for dag_scraping_twitter to 2026-02-06 23:00:00+00:00, run_after=2026-02-07 11:00:00+00:00
[2026-02-07T10:25:36.696+0700] {processor.py:208} INFO - Processing /opt/airflow/dags/dag_scraping_twitter.py took 0.108 seconds
[2026-02-07T10:26:07.180+0700] {processor.py:186} INFO - Started process (PID=715) to work on /opt/airflow/dags/dag_scraping_twitter.py
[2026-02-07T10:26:07.181+0700] {processor.py:914} INFO - Processing file /opt/airflow/dags/dag_scraping_twitter.py for tasks to queue
[2026-02-07T10:26:07.184+0700] {logging_mixin.py:190} INFO - [2026-02-07T10:26:07.184+0700] {dagbag.py:587} INFO - Filling up the DagBag from /opt/airflow/dags/dag_scraping_twitter.py
[2026-02-07T10:26:07.208+0700] {processor.py:925} INFO - DAG(s) 'dag_scraping_twitter' retrieved from /opt/airflow/dags/dag_scraping_twitter.py
[2026-02-07T10:26:07.242+0700] {logging_mixin.py:190} INFO - [2026-02-07T10:26:07.241+0700] {dag.py:3211} INFO - Sync 1 DAGs
[2026-02-07T10:26:07.271+0700] {logging_mixin.py:190} INFO - [2026-02-07T10:26:07.271+0700] {dag.py:4138} INFO - Setting next_dagrun for dag_scraping_twitter to 2026-02-06 23:00:00+00:00, run_after=2026-02-07 11:00:00+00:00
[2026-02-07T10:26:07.299+0700] {processor.py:208} INFO - Processing /opt/airflow/dags/dag_scraping_twitter.py took 0.126 seconds
[2026-02-07T10:26:37.465+0700] {processor.py:186} INFO - Started process (PID=725) to work on /opt/airflow/dags/dag_scraping_twitter.py
[2026-02-07T10:26:37.467+0700] {processor.py:914} INFO - Processing file /opt/airflow/dags/dag_scraping_twitter.py for tasks to queue
[2026-02-07T10:26:37.471+0700] {logging_mixin.py:190} INFO - [2026-02-07T10:26:37.470+0700] {dagbag.py:587} INFO - Filling up the DagBag from /opt/airflow/dags/dag_scraping_twitter.py
[2026-02-07T10:26:37.492+0700] {processor.py:925} INFO - DAG(s) 'dag_scraping_twitter' retrieved from /opt/airflow/dags/dag_scraping_twitter.py
[2026-02-07T10:26:37.523+0700] {logging_mixin.py:190} INFO - [2026-02-07T10:26:37.522+0700] {dag.py:3211} INFO - Sync 1 DAGs
[2026-02-07T10:26:37.549+0700] {logging_mixin.py:190} INFO - [2026-02-07T10:26:37.548+0700] {dag.py:4138} INFO - Setting next_dagrun for dag_scraping_twitter to 2026-02-06 23:00:00+00:00, run_after=2026-02-07 11:00:00+00:00
[2026-02-07T10:26:37.573+0700] {processor.py:208} INFO - Processing /opt/airflow/dags/dag_scraping_twitter.py took 0.114 seconds
[2026-02-07T10:27:07.625+0700] {processor.py:186} INFO - Started process (PID=735) to work on /opt/airflow/dags/dag_scraping_twitter.py
[2026-02-07T10:27:07.627+0700] {processor.py:914} INFO - Processing file /opt/airflow/dags/dag_scraping_twitter.py for tasks to queue
[2026-02-07T10:27:07.629+0700] {logging_mixin.py:190} INFO - [2026-02-07T10:27:07.629+0700] {dagbag.py:587} INFO - Filling up the DagBag from /opt/airflow/dags/dag_scraping_twitter.py
[2026-02-07T10:27:07.650+0700] {processor.py:925} INFO - DAG(s) 'dag_scraping_twitter' retrieved from /opt/airflow/dags/dag_scraping_twitter.py
[2026-02-07T10:27:07.680+0700] {logging_mixin.py:190} INFO - [2026-02-07T10:27:07.680+0700] {dag.py:3211} INFO - Sync 1 DAGs
[2026-02-07T10:27:07.706+0700] {logging_mixin.py:190} INFO - [2026-02-07T10:27:07.705+0700] {dag.py:4138} INFO - Setting next_dagrun for dag_scraping_twitter to 2026-02-06 23:00:00+00:00, run_after=2026-02-07 11:00:00+00:00
[2026-02-07T10:27:07.731+0700] {processor.py:208} INFO - Processing /opt/airflow/dags/dag_scraping_twitter.py took 0.112 seconds
[2026-02-07T10:27:38.116+0700] {processor.py:186} INFO - Started process (PID=745) to work on /opt/airflow/dags/dag_scraping_twitter.py
[2026-02-07T10:27:38.117+0700] {processor.py:914} INFO - Processing file /opt/airflow/dags/dag_scraping_twitter.py for tasks to queue
[2026-02-07T10:27:38.121+0700] {logging_mixin.py:190} INFO - [2026-02-07T10:27:38.120+0700] {dagbag.py:587} INFO - Filling up the DagBag from /opt/airflow/dags/dag_scraping_twitter.py
[2026-02-07T10:27:38.143+0700] {processor.py:925} INFO - DAG(s) 'dag_scraping_twitter' retrieved from /opt/airflow/dags/dag_scraping_twitter.py
[2026-02-07T10:27:38.174+0700] {logging_mixin.py:190} INFO - [2026-02-07T10:27:38.174+0700] {dag.py:3211} INFO - Sync 1 DAGs
[2026-02-07T10:27:38.200+0700] {logging_mixin.py:190} INFO - [2026-02-07T10:27:38.200+0700] {dag.py:4138} INFO - Setting next_dagrun for dag_scraping_twitter to 2026-02-06 23:00:00+00:00, run_after=2026-02-07 11:00:00+00:00
[2026-02-07T10:27:38.225+0700] {processor.py:208} INFO - Processing /opt/airflow/dags/dag_scraping_twitter.py took 0.117 seconds
[2026-02-07T10:28:08.344+0700] {processor.py:186} INFO - Started process (PID=758) to work on /opt/airflow/dags/dag_scraping_twitter.py
[2026-02-07T10:28:08.345+0700] {processor.py:914} INFO - Processing file /opt/airflow/dags/dag_scraping_twitter.py for tasks to queue
[2026-02-07T10:28:08.349+0700] {logging_mixin.py:190} INFO - [2026-02-07T10:28:08.349+0700] {dagbag.py:587} INFO - Filling up the DagBag from /opt/airflow/dags/dag_scraping_twitter.py
[2026-02-07T10:28:08.376+0700] {processor.py:925} INFO - DAG(s) 'dag_scraping_twitter' retrieved from /opt/airflow/dags/dag_scraping_twitter.py
[2026-02-07T10:28:08.407+0700] {logging_mixin.py:190} INFO - [2026-02-07T10:28:08.407+0700] {dag.py:3211} INFO - Sync 1 DAGs
[2026-02-07T10:28:08.427+0700] {logging_mixin.py:190} INFO - [2026-02-07T10:28:08.427+0700] {dag.py:4138} INFO - Setting next_dagrun for dag_scraping_twitter to 2026-02-06 23:00:00+00:00, run_after=2026-02-07 11:00:00+00:00
[2026-02-07T10:28:08.449+0700] {processor.py:208} INFO - Processing /opt/airflow/dags/dag_scraping_twitter.py took 0.112 seconds
[2026-02-07T10:28:39.417+0700] {processor.py:186} INFO - Started process (PID=765) to work on /opt/airflow/dags/dag_scraping_twitter.py
[2026-02-07T10:28:39.419+0700] {processor.py:914} INFO - Processing file /opt/airflow/dags/dag_scraping_twitter.py for tasks to queue
[2026-02-07T10:28:39.423+0700] {logging_mixin.py:190} INFO - [2026-02-07T10:28:39.422+0700] {dagbag.py:587} INFO - Filling up the DagBag from /opt/airflow/dags/dag_scraping_twitter.py
[2026-02-07T10:28:39.448+0700] {processor.py:925} INFO - DAG(s) 'dag_scraping_twitter' retrieved from /opt/airflow/dags/dag_scraping_twitter.py
[2026-02-07T10:28:39.479+0700] {logging_mixin.py:190} INFO - [2026-02-07T10:28:39.479+0700] {dag.py:3211} INFO - Sync 1 DAGs
[2026-02-07T10:28:39.505+0700] {logging_mixin.py:190} INFO - [2026-02-07T10:28:39.505+0700] {dag.py:4138} INFO - Setting next_dagrun for dag_scraping_twitter to 2026-02-06 23:00:00+00:00, run_after=2026-02-07 11:00:00+00:00
[2026-02-07T10:28:39.529+0700] {processor.py:208} INFO - Processing /opt/airflow/dags/dag_scraping_twitter.py took 0.122 seconds
[2026-02-07T10:29:09.766+0700] {processor.py:186} INFO - Started process (PID=775) to work on /opt/airflow/dags/dag_scraping_twitter.py
[2026-02-07T10:29:09.767+0700] {processor.py:914} INFO - Processing file /opt/airflow/dags/dag_scraping_twitter.py for tasks to queue
[2026-02-07T10:29:09.770+0700] {logging_mixin.py:190} INFO - [2026-02-07T10:29:09.770+0700] {dagbag.py:587} INFO - Filling up the DagBag from /opt/airflow/dags/dag_scraping_twitter.py
[2026-02-07T10:29:09.793+0700] {processor.py:925} INFO - DAG(s) 'dag_scraping_twitter' retrieved from /opt/airflow/dags/dag_scraping_twitter.py
[2026-02-07T10:29:09.822+0700] {logging_mixin.py:190} INFO - [2026-02-07T10:29:09.822+0700] {dag.py:3211} INFO - Sync 1 DAGs
[2026-02-07T10:29:09.846+0700] {logging_mixin.py:190} INFO - [2026-02-07T10:29:09.846+0700] {dag.py:4138} INFO - Setting next_dagrun for dag_scraping_twitter to 2026-02-06 23:00:00+00:00, run_after=2026-02-07 11:00:00+00:00
[2026-02-07T10:29:09.871+0700] {processor.py:208} INFO - Processing /opt/airflow/dags/dag_scraping_twitter.py took 0.111 seconds
[2026-02-07T10:29:40.062+0700] {processor.py:186} INFO - Started process (PID=785) to work on /opt/airflow/dags/dag_scraping_twitter.py
[2026-02-07T10:29:40.063+0700] {processor.py:914} INFO - Processing file /opt/airflow/dags/dag_scraping_twitter.py for tasks to queue
[2026-02-07T10:29:40.068+0700] {logging_mixin.py:190} INFO - [2026-02-07T10:29:40.067+0700] {dagbag.py:587} INFO - Filling up the DagBag from /opt/airflow/dags/dag_scraping_twitter.py
[2026-02-07T10:29:40.090+0700] {processor.py:925} INFO - DAG(s) 'dag_scraping_twitter' retrieved from /opt/airflow/dags/dag_scraping_twitter.py
[2026-02-07T10:29:40.121+0700] {logging_mixin.py:190} INFO - [2026-02-07T10:29:40.121+0700] {dag.py:3211} INFO - Sync 1 DAGs
[2026-02-07T10:29:40.146+0700] {logging_mixin.py:190} INFO - [2026-02-07T10:29:40.145+0700] {dag.py:4138} INFO - Setting next_dagrun for dag_scraping_twitter to 2026-02-06 23:00:00+00:00, run_after=2026-02-07 11:00:00+00:00
[2026-02-07T10:29:40.171+0700] {processor.py:208} INFO - Processing /opt/airflow/dags/dag_scraping_twitter.py took 0.118 seconds
[2026-02-07T10:30:10.275+0700] {processor.py:186} INFO - Started process (PID=795) to work on /opt/airflow/dags/dag_scraping_twitter.py
[2026-02-07T10:30:10.276+0700] {processor.py:914} INFO - Processing file /opt/airflow/dags/dag_scraping_twitter.py for tasks to queue
[2026-02-07T10:30:10.278+0700] {logging_mixin.py:190} INFO - [2026-02-07T10:30:10.278+0700] {dagbag.py:587} INFO - Filling up the DagBag from /opt/airflow/dags/dag_scraping_twitter.py
[2026-02-07T10:30:10.298+0700] {processor.py:925} INFO - DAG(s) 'dag_scraping_twitter' retrieved from /opt/airflow/dags/dag_scraping_twitter.py
[2026-02-07T10:30:10.330+0700] {logging_mixin.py:190} INFO - [2026-02-07T10:30:10.329+0700] {dag.py:3211} INFO - Sync 1 DAGs
[2026-02-07T10:30:10.355+0700] {logging_mixin.py:190} INFO - [2026-02-07T10:30:10.355+0700] {dag.py:4138} INFO - Setting next_dagrun for dag_scraping_twitter to 2026-02-06 23:00:00+00:00, run_after=2026-02-07 11:00:00+00:00
[2026-02-07T10:30:10.380+0700] {processor.py:208} INFO - Processing /opt/airflow/dags/dag_scraping_twitter.py took 0.112 seconds
[2026-02-07T10:30:40.738+0700] {processor.py:186} INFO - Started process (PID=805) to work on /opt/airflow/dags/dag_scraping_twitter.py
[2026-02-07T10:30:40.739+0700] {processor.py:914} INFO - Processing file /opt/airflow/dags/dag_scraping_twitter.py for tasks to queue
[2026-02-07T10:30:40.742+0700] {logging_mixin.py:190} INFO - [2026-02-07T10:30:40.742+0700] {dagbag.py:587} INFO - Filling up the DagBag from /opt/airflow/dags/dag_scraping_twitter.py
[2026-02-07T10:30:40.763+0700] {processor.py:925} INFO - DAG(s) 'dag_scraping_twitter' retrieved from /opt/airflow/dags/dag_scraping_twitter.py
[2026-02-07T10:30:40.792+0700] {logging_mixin.py:190} INFO - [2026-02-07T10:30:40.792+0700] {dag.py:3211} INFO - Sync 1 DAGs
[2026-02-07T10:30:40.817+0700] {logging_mixin.py:190} INFO - [2026-02-07T10:30:40.817+0700] {dag.py:4138} INFO - Setting next_dagrun for dag_scraping_twitter to 2026-02-06 23:00:00+00:00, run_after=2026-02-07 11:00:00+00:00
[2026-02-07T10:30:40.842+0700] {processor.py:208} INFO - Processing /opt/airflow/dags/dag_scraping_twitter.py took 0.115 seconds
[2026-02-07T10:31:10.932+0700] {processor.py:186} INFO - Started process (PID=815) to work on /opt/airflow/dags/dag_scraping_twitter.py
[2026-02-07T10:31:10.933+0700] {processor.py:914} INFO - Processing file /opt/airflow/dags/dag_scraping_twitter.py for tasks to queue
[2026-02-07T10:31:10.936+0700] {logging_mixin.py:190} INFO - [2026-02-07T10:31:10.936+0700] {dagbag.py:587} INFO - Filling up the DagBag from /opt/airflow/dags/dag_scraping_twitter.py
[2026-02-07T10:31:10.958+0700] {processor.py:925} INFO - DAG(s) 'dag_scraping_twitter' retrieved from /opt/airflow/dags/dag_scraping_twitter.py
[2026-02-07T10:31:10.987+0700] {logging_mixin.py:190} INFO - [2026-02-07T10:31:10.987+0700] {dag.py:3211} INFO - Sync 1 DAGs
[2026-02-07T10:31:11.012+0700] {logging_mixin.py:190} INFO - [2026-02-07T10:31:11.012+0700] {dag.py:4138} INFO - Setting next_dagrun for dag_scraping_twitter to 2026-02-06 23:00:00+00:00, run_after=2026-02-07 11:00:00+00:00
[2026-02-07T10:31:11.036+0700] {processor.py:208} INFO - Processing /opt/airflow/dags/dag_scraping_twitter.py took 0.110 seconds
[2026-02-07T10:31:41.120+0700] {processor.py:186} INFO - Started process (PID=825) to work on /opt/airflow/dags/dag_scraping_twitter.py
[2026-02-07T10:31:41.121+0700] {processor.py:914} INFO - Processing file /opt/airflow/dags/dag_scraping_twitter.py for tasks to queue
[2026-02-07T10:31:41.128+0700] {logging_mixin.py:190} INFO - [2026-02-07T10:31:41.128+0700] {dagbag.py:587} INFO - Filling up the DagBag from /opt/airflow/dags/dag_scraping_twitter.py
[2026-02-07T10:31:41.151+0700] {processor.py:925} INFO - DAG(s) 'dag_scraping_twitter' retrieved from /opt/airflow/dags/dag_scraping_twitter.py
[2026-02-07T10:31:41.181+0700] {logging_mixin.py:190} INFO - [2026-02-07T10:31:41.181+0700] {dag.py:3211} INFO - Sync 1 DAGs
[2026-02-07T10:31:41.206+0700] {logging_mixin.py:190} INFO - [2026-02-07T10:31:41.206+0700] {dag.py:4138} INFO - Setting next_dagrun for dag_scraping_twitter to 2026-02-06 23:00:00+00:00, run_after=2026-02-07 11:00:00+00:00
[2026-02-07T10:31:41.233+0700] {processor.py:208} INFO - Processing /opt/airflow/dags/dag_scraping_twitter.py took 0.120 seconds
[2026-02-07T10:32:11.300+0700] {processor.py:186} INFO - Started process (PID=838) to work on /opt/airflow/dags/dag_scraping_twitter.py
[2026-02-07T10:32:11.302+0700] {processor.py:914} INFO - Processing file /opt/airflow/dags/dag_scraping_twitter.py for tasks to queue
[2026-02-07T10:32:11.306+0700] {logging_mixin.py:190} INFO - [2026-02-07T10:32:11.305+0700] {dagbag.py:587} INFO - Filling up the DagBag from /opt/airflow/dags/dag_scraping_twitter.py
[2026-02-07T10:32:11.327+0700] {processor.py:925} INFO - DAG(s) 'dag_scraping_twitter' retrieved from /opt/airflow/dags/dag_scraping_twitter.py
[2026-02-07T10:32:11.357+0700] {logging_mixin.py:190} INFO - [2026-02-07T10:32:11.357+0700] {dag.py:3211} INFO - Sync 1 DAGs
[2026-02-07T10:32:11.387+0700] {logging_mixin.py:190} INFO - [2026-02-07T10:32:11.387+0700] {dag.py:4138} INFO - Setting next_dagrun for dag_scraping_twitter to 2026-02-06 23:00:00+00:00, run_after=2026-02-07 11:00:00+00:00
[2026-02-07T10:32:11.413+0700] {processor.py:208} INFO - Processing /opt/airflow/dags/dag_scraping_twitter.py took 0.120 seconds
[2026-02-07T10:32:41.564+0700] {processor.py:186} INFO - Started process (PID=845) to work on /opt/airflow/dags/dag_scraping_twitter.py
[2026-02-07T10:32:41.567+0700] {processor.py:914} INFO - Processing file /opt/airflow/dags/dag_scraping_twitter.py for tasks to queue
[2026-02-07T10:32:41.571+0700] {logging_mixin.py:190} INFO - [2026-02-07T10:32:41.571+0700] {dagbag.py:587} INFO - Filling up the DagBag from /opt/airflow/dags/dag_scraping_twitter.py
[2026-02-07T10:32:41.594+0700] {processor.py:925} INFO - DAG(s) 'dag_scraping_twitter' retrieved from /opt/airflow/dags/dag_scraping_twitter.py
[2026-02-07T10:32:41.626+0700] {logging_mixin.py:190} INFO - [2026-02-07T10:32:41.626+0700] {dag.py:3211} INFO - Sync 1 DAGs
[2026-02-07T10:32:41.654+0700] {logging_mixin.py:190} INFO - [2026-02-07T10:32:41.654+0700] {dag.py:4138} INFO - Setting next_dagrun for dag_scraping_twitter to 2026-02-06 23:00:00+00:00, run_after=2026-02-07 11:00:00+00:00
[2026-02-07T10:32:41.680+0700] {processor.py:208} INFO - Processing /opt/airflow/dags/dag_scraping_twitter.py took 0.125 seconds
[2026-02-07T10:33:12.001+0700] {processor.py:186} INFO - Started process (PID=855) to work on /opt/airflow/dags/dag_scraping_twitter.py
[2026-02-07T10:33:12.002+0700] {processor.py:914} INFO - Processing file /opt/airflow/dags/dag_scraping_twitter.py for tasks to queue
[2026-02-07T10:33:12.004+0700] {logging_mixin.py:190} INFO - [2026-02-07T10:33:12.004+0700] {dagbag.py:587} INFO - Filling up the DagBag from /opt/airflow/dags/dag_scraping_twitter.py
[2026-02-07T10:33:12.022+0700] {processor.py:925} INFO - DAG(s) 'dag_scraping_twitter' retrieved from /opt/airflow/dags/dag_scraping_twitter.py
[2026-02-07T10:33:12.049+0700] {logging_mixin.py:190} INFO - [2026-02-07T10:33:12.049+0700] {dag.py:3211} INFO - Sync 1 DAGs
[2026-02-07T10:33:12.075+0700] {logging_mixin.py:190} INFO - [2026-02-07T10:33:12.075+0700] {dag.py:4138} INFO - Setting next_dagrun for dag_scraping_twitter to 2026-02-06 23:00:00+00:00, run_after=2026-02-07 11:00:00+00:00
[2026-02-07T10:33:12.099+0700] {processor.py:208} INFO - Processing /opt/airflow/dags/dag_scraping_twitter.py took 0.105 seconds
[2026-02-07T10:33:42.152+0700] {processor.py:186} INFO - Started process (PID=865) to work on /opt/airflow/dags/dag_scraping_twitter.py
[2026-02-07T10:33:42.153+0700] {processor.py:914} INFO - Processing file /opt/airflow/dags/dag_scraping_twitter.py for tasks to queue
[2026-02-07T10:33:42.156+0700] {logging_mixin.py:190} INFO - [2026-02-07T10:33:42.155+0700] {dagbag.py:587} INFO - Filling up the DagBag from /opt/airflow/dags/dag_scraping_twitter.py
[2026-02-07T10:33:42.174+0700] {processor.py:925} INFO - DAG(s) 'dag_scraping_twitter' retrieved from /opt/airflow/dags/dag_scraping_twitter.py
[2026-02-07T10:33:42.198+0700] {logging_mixin.py:190} INFO - [2026-02-07T10:33:42.198+0700] {dag.py:3211} INFO - Sync 1 DAGs
[2026-02-07T10:33:42.223+0700] {logging_mixin.py:190} INFO - [2026-02-07T10:33:42.223+0700] {dag.py:4138} INFO - Setting next_dagrun for dag_scraping_twitter to 2026-02-06 23:00:00+00:00, run_after=2026-02-07 11:00:00+00:00
[2026-02-07T10:33:42.249+0700] {processor.py:208} INFO - Processing /opt/airflow/dags/dag_scraping_twitter.py took 0.103 seconds
[2026-02-07T10:34:12.364+0700] {processor.py:186} INFO - Started process (PID=875) to work on /opt/airflow/dags/dag_scraping_twitter.py
[2026-02-07T10:34:12.366+0700] {processor.py:914} INFO - Processing file /opt/airflow/dags/dag_scraping_twitter.py for tasks to queue
[2026-02-07T10:34:12.369+0700] {logging_mixin.py:190} INFO - [2026-02-07T10:34:12.368+0700] {dagbag.py:587} INFO - Filling up the DagBag from /opt/airflow/dags/dag_scraping_twitter.py
[2026-02-07T10:34:12.387+0700] {processor.py:925} INFO - DAG(s) 'dag_scraping_twitter' retrieved from /opt/airflow/dags/dag_scraping_twitter.py
[2026-02-07T10:34:12.416+0700] {logging_mixin.py:190} INFO - [2026-02-07T10:34:12.416+0700] {dag.py:3211} INFO - Sync 1 DAGs
[2026-02-07T10:34:12.441+0700] {logging_mixin.py:190} INFO - [2026-02-07T10:34:12.440+0700] {dag.py:4138} INFO - Setting next_dagrun for dag_scraping_twitter to 2026-02-06 23:00:00+00:00, run_after=2026-02-07 11:00:00+00:00
[2026-02-07T10:34:12.465+0700] {processor.py:208} INFO - Processing /opt/airflow/dags/dag_scraping_twitter.py took 0.106 seconds
[2026-02-07T10:34:42.667+0700] {processor.py:186} INFO - Started process (PID=885) to work on /opt/airflow/dags/dag_scraping_twitter.py
[2026-02-07T10:34:42.669+0700] {processor.py:914} INFO - Processing file /opt/airflow/dags/dag_scraping_twitter.py for tasks to queue
[2026-02-07T10:34:42.672+0700] {logging_mixin.py:190} INFO - [2026-02-07T10:34:42.671+0700] {dagbag.py:587} INFO - Filling up the DagBag from /opt/airflow/dags/dag_scraping_twitter.py
[2026-02-07T10:34:42.694+0700] {processor.py:925} INFO - DAG(s) 'dag_scraping_twitter' retrieved from /opt/airflow/dags/dag_scraping_twitter.py
[2026-02-07T10:34:42.720+0700] {logging_mixin.py:190} INFO - [2026-02-07T10:34:42.720+0700] {dag.py:3211} INFO - Sync 1 DAGs
[2026-02-07T10:34:42.744+0700] {logging_mixin.py:190} INFO - [2026-02-07T10:34:42.744+0700] {dag.py:4138} INFO - Setting next_dagrun for dag_scraping_twitter to 2026-02-06 23:00:00+00:00, run_after=2026-02-07 11:00:00+00:00
[2026-02-07T10:34:42.772+0700] {processor.py:208} INFO - Processing /opt/airflow/dags/dag_scraping_twitter.py took 0.111 seconds
[2026-02-07T10:35:12.861+0700] {processor.py:186} INFO - Started process (PID=895) to work on /opt/airflow/dags/dag_scraping_twitter.py
[2026-02-07T10:35:12.862+0700] {processor.py:914} INFO - Processing file /opt/airflow/dags/dag_scraping_twitter.py for tasks to queue
[2026-02-07T10:35:12.864+0700] {logging_mixin.py:190} INFO - [2026-02-07T10:35:12.864+0700] {dagbag.py:587} INFO - Filling up the DagBag from /opt/airflow/dags/dag_scraping_twitter.py
[2026-02-07T10:35:12.884+0700] {processor.py:925} INFO - DAG(s) 'dag_scraping_twitter' retrieved from /opt/airflow/dags/dag_scraping_twitter.py
[2026-02-07T10:35:12.912+0700] {logging_mixin.py:190} INFO - [2026-02-07T10:35:12.912+0700] {dag.py:3211} INFO - Sync 1 DAGs
[2026-02-07T10:35:12.944+0700] {logging_mixin.py:190} INFO - [2026-02-07T10:35:12.944+0700] {dag.py:4138} INFO - Setting next_dagrun for dag_scraping_twitter to 2026-02-06 23:00:00+00:00, run_after=2026-02-07 11:00:00+00:00
[2026-02-07T10:35:12.970+0700] {processor.py:208} INFO - Processing /opt/airflow/dags/dag_scraping_twitter.py took 0.116 seconds
[2026-02-07T10:35:43.036+0700] {processor.py:186} INFO - Started process (PID=905) to work on /opt/airflow/dags/dag_scraping_twitter.py
[2026-02-07T10:35:43.037+0700] {processor.py:914} INFO - Processing file /opt/airflow/dags/dag_scraping_twitter.py for tasks to queue
[2026-02-07T10:35:43.040+0700] {logging_mixin.py:190} INFO - [2026-02-07T10:35:43.040+0700] {dagbag.py:587} INFO - Filling up the DagBag from /opt/airflow/dags/dag_scraping_twitter.py
[2026-02-07T10:35:43.063+0700] {processor.py:925} INFO - DAG(s) 'dag_scraping_twitter' retrieved from /opt/airflow/dags/dag_scraping_twitter.py
[2026-02-07T10:35:43.097+0700] {logging_mixin.py:190} INFO - [2026-02-07T10:35:43.096+0700] {dag.py:3211} INFO - Sync 1 DAGs
[2026-02-07T10:35:43.124+0700] {logging_mixin.py:190} INFO - [2026-02-07T10:35:43.123+0700] {dag.py:4138} INFO - Setting next_dagrun for dag_scraping_twitter to 2026-02-06 23:00:00+00:00, run_after=2026-02-07 11:00:00+00:00
[2026-02-07T10:35:43.148+0700] {processor.py:208} INFO - Processing /opt/airflow/dags/dag_scraping_twitter.py took 0.118 seconds
[2026-02-07T10:36:13.363+0700] {processor.py:186} INFO - Started process (PID=915) to work on /opt/airflow/dags/dag_scraping_twitter.py
[2026-02-07T10:36:13.364+0700] {processor.py:914} INFO - Processing file /opt/airflow/dags/dag_scraping_twitter.py for tasks to queue
[2026-02-07T10:36:13.367+0700] {logging_mixin.py:190} INFO - [2026-02-07T10:36:13.367+0700] {dagbag.py:587} INFO - Filling up the DagBag from /opt/airflow/dags/dag_scraping_twitter.py
[2026-02-07T10:36:13.386+0700] {processor.py:925} INFO - DAG(s) 'dag_scraping_twitter' retrieved from /opt/airflow/dags/dag_scraping_twitter.py
[2026-02-07T10:36:13.418+0700] {logging_mixin.py:190} INFO - [2026-02-07T10:36:13.418+0700] {dag.py:3211} INFO - Sync 1 DAGs
[2026-02-07T10:36:13.444+0700] {logging_mixin.py:190} INFO - [2026-02-07T10:36:13.443+0700] {dag.py:4138} INFO - Setting next_dagrun for dag_scraping_twitter to 2026-02-06 23:00:00+00:00, run_after=2026-02-07 11:00:00+00:00
[2026-02-07T10:36:13.469+0700] {processor.py:208} INFO - Processing /opt/airflow/dags/dag_scraping_twitter.py took 0.116 seconds
[2026-02-07T10:36:43.639+0700] {processor.py:186} INFO - Started process (PID=925) to work on /opt/airflow/dags/dag_scraping_twitter.py
[2026-02-07T10:36:43.640+0700] {processor.py:914} INFO - Processing file /opt/airflow/dags/dag_scraping_twitter.py for tasks to queue
[2026-02-07T10:36:43.642+0700] {logging_mixin.py:190} INFO - [2026-02-07T10:36:43.642+0700] {dagbag.py:587} INFO - Filling up the DagBag from /opt/airflow/dags/dag_scraping_twitter.py
[2026-02-07T10:36:43.665+0700] {processor.py:925} INFO - DAG(s) 'dag_scraping_twitter' retrieved from /opt/airflow/dags/dag_scraping_twitter.py
[2026-02-07T10:36:43.696+0700] {logging_mixin.py:190} INFO - [2026-02-07T10:36:43.696+0700] {dag.py:3211} INFO - Sync 1 DAGs
[2026-02-07T10:36:43.720+0700] {logging_mixin.py:190} INFO - [2026-02-07T10:36:43.720+0700] {dag.py:4138} INFO - Setting next_dagrun for dag_scraping_twitter to 2026-02-06 23:00:00+00:00, run_after=2026-02-07 11:00:00+00:00
[2026-02-07T10:36:43.748+0700] {processor.py:208} INFO - Processing /opt/airflow/dags/dag_scraping_twitter.py took 0.115 seconds
[2026-02-07T10:37:13.865+0700] {processor.py:186} INFO - Started process (PID=935) to work on /opt/airflow/dags/dag_scraping_twitter.py
[2026-02-07T10:37:13.866+0700] {processor.py:914} INFO - Processing file /opt/airflow/dags/dag_scraping_twitter.py for tasks to queue
[2026-02-07T10:37:13.870+0700] {logging_mixin.py:190} INFO - [2026-02-07T10:37:13.870+0700] {dagbag.py:587} INFO - Filling up the DagBag from /opt/airflow/dags/dag_scraping_twitter.py
[2026-02-07T10:37:13.888+0700] {processor.py:925} INFO - DAG(s) 'dag_scraping_twitter' retrieved from /opt/airflow/dags/dag_scraping_twitter.py
[2026-02-07T10:37:13.920+0700] {logging_mixin.py:190} INFO - [2026-02-07T10:37:13.919+0700] {dag.py:3211} INFO - Sync 1 DAGs
[2026-02-07T10:37:13.945+0700] {logging_mixin.py:190} INFO - [2026-02-07T10:37:13.944+0700] {dag.py:4138} INFO - Setting next_dagrun for dag_scraping_twitter to 2026-02-06 23:00:00+00:00, run_after=2026-02-07 11:00:00+00:00
[2026-02-07T10:37:13.970+0700] {processor.py:208} INFO - Processing /opt/airflow/dags/dag_scraping_twitter.py took 0.111 seconds
[2026-02-07T10:37:44.221+0700] {processor.py:186} INFO - Started process (PID=945) to work on /opt/airflow/dags/dag_scraping_twitter.py
[2026-02-07T10:37:44.222+0700] {processor.py:914} INFO - Processing file /opt/airflow/dags/dag_scraping_twitter.py for tasks to queue
[2026-02-07T10:37:44.224+0700] {logging_mixin.py:190} INFO - [2026-02-07T10:37:44.224+0700] {dagbag.py:587} INFO - Filling up the DagBag from /opt/airflow/dags/dag_scraping_twitter.py
[2026-02-07T10:37:44.244+0700] {processor.py:925} INFO - DAG(s) 'dag_scraping_twitter' retrieved from /opt/airflow/dags/dag_scraping_twitter.py
[2026-02-07T10:37:44.278+0700] {logging_mixin.py:190} INFO - [2026-02-07T10:37:44.277+0700] {dag.py:3211} INFO - Sync 1 DAGs
[2026-02-07T10:37:44.312+0700] {logging_mixin.py:190} INFO - [2026-02-07T10:37:44.312+0700] {dag.py:4138} INFO - Setting next_dagrun for dag_scraping_twitter to 2026-02-06 23:00:00+00:00, run_after=2026-02-07 11:00:00+00:00
[2026-02-07T10:37:44.343+0700] {processor.py:208} INFO - Processing /opt/airflow/dags/dag_scraping_twitter.py took 0.130 seconds
[2026-02-07T10:38:15.126+0700] {processor.py:186} INFO - Started process (PID=955) to work on /opt/airflow/dags/dag_scraping_twitter.py
[2026-02-07T10:38:15.127+0700] {processor.py:914} INFO - Processing file /opt/airflow/dags/dag_scraping_twitter.py for tasks to queue
[2026-02-07T10:38:15.130+0700] {logging_mixin.py:190} INFO - [2026-02-07T10:38:15.130+0700] {dagbag.py:587} INFO - Filling up the DagBag from /opt/airflow/dags/dag_scraping_twitter.py
[2026-02-07T10:38:15.151+0700] {processor.py:925} INFO - DAG(s) 'dag_scraping_twitter' retrieved from /opt/airflow/dags/dag_scraping_twitter.py
[2026-02-07T10:38:15.183+0700] {logging_mixin.py:190} INFO - [2026-02-07T10:38:15.182+0700] {dag.py:3211} INFO - Sync 1 DAGs
[2026-02-07T10:38:15.208+0700] {logging_mixin.py:190} INFO - [2026-02-07T10:38:15.208+0700] {dag.py:4138} INFO - Setting next_dagrun for dag_scraping_twitter to 2026-02-06 23:00:00+00:00, run_after=2026-02-07 11:00:00+00:00
[2026-02-07T10:38:15.230+0700] {processor.py:208} INFO - Processing /opt/airflow/dags/dag_scraping_twitter.py took 0.110 seconds
[2026-02-07T10:38:45.347+0700] {processor.py:186} INFO - Started process (PID=965) to work on /opt/airflow/dags/dag_scraping_twitter.py
[2026-02-07T10:38:45.348+0700] {processor.py:914} INFO - Processing file /opt/airflow/dags/dag_scraping_twitter.py for tasks to queue
[2026-02-07T10:38:45.351+0700] {logging_mixin.py:190} INFO - [2026-02-07T10:38:45.351+0700] {dagbag.py:587} INFO - Filling up the DagBag from /opt/airflow/dags/dag_scraping_twitter.py
[2026-02-07T10:38:45.373+0700] {processor.py:925} INFO - DAG(s) 'dag_scraping_twitter' retrieved from /opt/airflow/dags/dag_scraping_twitter.py
[2026-02-07T10:38:45.403+0700] {logging_mixin.py:190} INFO - [2026-02-07T10:38:45.402+0700] {dag.py:3211} INFO - Sync 1 DAGs
[2026-02-07T10:38:45.429+0700] {logging_mixin.py:190} INFO - [2026-02-07T10:38:45.428+0700] {dag.py:4138} INFO - Setting next_dagrun for dag_scraping_twitter to 2026-02-06 23:00:00+00:00, run_after=2026-02-07 11:00:00+00:00
[2026-02-07T10:38:45.455+0700] {processor.py:208} INFO - Processing /opt/airflow/dags/dag_scraping_twitter.py took 0.115 seconds
[2026-02-07T10:39:15.552+0700] {processor.py:186} INFO - Started process (PID=975) to work on /opt/airflow/dags/dag_scraping_twitter.py
[2026-02-07T10:39:15.553+0700] {processor.py:914} INFO - Processing file /opt/airflow/dags/dag_scraping_twitter.py for tasks to queue
[2026-02-07T10:39:15.557+0700] {logging_mixin.py:190} INFO - [2026-02-07T10:39:15.556+0700] {dagbag.py:587} INFO - Filling up the DagBag from /opt/airflow/dags/dag_scraping_twitter.py
[2026-02-07T10:39:15.576+0700] {processor.py:925} INFO - DAG(s) 'dag_scraping_twitter' retrieved from /opt/airflow/dags/dag_scraping_twitter.py
[2026-02-07T10:39:15.609+0700] {logging_mixin.py:190} INFO - [2026-02-07T10:39:15.609+0700] {dag.py:3211} INFO - Sync 1 DAGs
[2026-02-07T10:39:15.633+0700] {logging_mixin.py:190} INFO - [2026-02-07T10:39:15.633+0700] {dag.py:4138} INFO - Setting next_dagrun for dag_scraping_twitter to 2026-02-06 23:00:00+00:00, run_after=2026-02-07 11:00:00+00:00
[2026-02-07T10:39:15.657+0700] {processor.py:208} INFO - Processing /opt/airflow/dags/dag_scraping_twitter.py took 0.112 seconds
[2026-02-07T10:39:46.489+0700] {processor.py:186} INFO - Started process (PID=985) to work on /opt/airflow/dags/dag_scraping_twitter.py
[2026-02-07T10:39:46.490+0700] {processor.py:914} INFO - Processing file /opt/airflow/dags/dag_scraping_twitter.py for tasks to queue
[2026-02-07T10:39:46.493+0700] {logging_mixin.py:190} INFO - [2026-02-07T10:39:46.492+0700] {dagbag.py:587} INFO - Filling up the DagBag from /opt/airflow/dags/dag_scraping_twitter.py
[2026-02-07T10:39:46.515+0700] {processor.py:925} INFO - DAG(s) 'dag_scraping_twitter' retrieved from /opt/airflow/dags/dag_scraping_twitter.py
[2026-02-07T10:39:46.545+0700] {logging_mixin.py:190} INFO - [2026-02-07T10:39:46.545+0700] {dag.py:3211} INFO - Sync 1 DAGs
[2026-02-07T10:39:46.570+0700] {logging_mixin.py:190} INFO - [2026-02-07T10:39:46.569+0700] {dag.py:4138} INFO - Setting next_dagrun for dag_scraping_twitter to 2026-02-06 23:00:00+00:00, run_after=2026-02-07 11:00:00+00:00
[2026-02-07T10:39:46.594+0700] {processor.py:208} INFO - Processing /opt/airflow/dags/dag_scraping_twitter.py took 0.114 seconds
[2026-02-07T10:40:16.711+0700] {processor.py:186} INFO - Started process (PID=995) to work on /opt/airflow/dags/dag_scraping_twitter.py
[2026-02-07T10:40:16.712+0700] {processor.py:914} INFO - Processing file /opt/airflow/dags/dag_scraping_twitter.py for tasks to queue
[2026-02-07T10:40:16.716+0700] {logging_mixin.py:190} INFO - [2026-02-07T10:40:16.715+0700] {dagbag.py:587} INFO - Filling up the DagBag from /opt/airflow/dags/dag_scraping_twitter.py
[2026-02-07T10:40:16.748+0700] {processor.py:925} INFO - DAG(s) 'dag_scraping_twitter' retrieved from /opt/airflow/dags/dag_scraping_twitter.py
[2026-02-07T10:40:16.790+0700] {logging_mixin.py:190} INFO - [2026-02-07T10:40:16.789+0700] {dag.py:3211} INFO - Sync 1 DAGs
[2026-02-07T10:40:16.822+0700] {logging_mixin.py:190} INFO - [2026-02-07T10:40:16.822+0700] {dag.py:4138} INFO - Setting next_dagrun for dag_scraping_twitter to 2026-02-06 23:00:00+00:00, run_after=2026-02-07 11:00:00+00:00
[2026-02-07T10:40:16.848+0700] {processor.py:208} INFO - Processing /opt/airflow/dags/dag_scraping_twitter.py took 0.145 seconds
[2026-02-07T10:40:47.381+0700] {processor.py:186} INFO - Started process (PID=1005) to work on /opt/airflow/dags/dag_scraping_twitter.py
[2026-02-07T10:40:47.383+0700] {processor.py:914} INFO - Processing file /opt/airflow/dags/dag_scraping_twitter.py for tasks to queue
[2026-02-07T10:40:47.385+0700] {logging_mixin.py:190} INFO - [2026-02-07T10:40:47.385+0700] {dagbag.py:587} INFO - Filling up the DagBag from /opt/airflow/dags/dag_scraping_twitter.py
[2026-02-07T10:40:47.410+0700] {processor.py:925} INFO - DAG(s) 'dag_scraping_twitter' retrieved from /opt/airflow/dags/dag_scraping_twitter.py
[2026-02-07T10:40:47.446+0700] {logging_mixin.py:190} INFO - [2026-02-07T10:40:47.446+0700] {dag.py:3211} INFO - Sync 1 DAGs
[2026-02-07T10:40:47.474+0700] {logging_mixin.py:190} INFO - [2026-02-07T10:40:47.474+0700] {dag.py:4138} INFO - Setting next_dagrun for dag_scraping_twitter to 2026-02-06 23:00:00+00:00, run_after=2026-02-07 11:00:00+00:00
[2026-02-07T10:40:47.499+0700] {processor.py:208} INFO - Processing /opt/airflow/dags/dag_scraping_twitter.py took 0.125 seconds
[2026-02-07T10:41:17.636+0700] {processor.py:186} INFO - Started process (PID=1015) to work on /opt/airflow/dags/dag_scraping_twitter.py
[2026-02-07T10:41:17.637+0700] {processor.py:914} INFO - Processing file /opt/airflow/dags/dag_scraping_twitter.py for tasks to queue
[2026-02-07T10:41:17.640+0700] {logging_mixin.py:190} INFO - [2026-02-07T10:41:17.640+0700] {dagbag.py:587} INFO - Filling up the DagBag from /opt/airflow/dags/dag_scraping_twitter.py
[2026-02-07T10:41:17.663+0700] {processor.py:925} INFO - DAG(s) 'dag_scraping_twitter' retrieved from /opt/airflow/dags/dag_scraping_twitter.py
[2026-02-07T10:41:17.696+0700] {logging_mixin.py:190} INFO - [2026-02-07T10:41:17.695+0700] {dag.py:3211} INFO - Sync 1 DAGs
[2026-02-07T10:41:17.726+0700] {logging_mixin.py:190} INFO - [2026-02-07T10:41:17.726+0700] {dag.py:4138} INFO - Setting next_dagrun for dag_scraping_twitter to 2026-02-06 23:00:00+00:00, run_after=2026-02-07 11:00:00+00:00
[2026-02-07T10:41:17.753+0700] {processor.py:208} INFO - Processing /opt/airflow/dags/dag_scraping_twitter.py took 0.124 seconds
[2026-02-07T10:41:48.804+0700] {processor.py:186} INFO - Started process (PID=1025) to work on /opt/airflow/dags/dag_scraping_twitter.py
[2026-02-07T10:41:48.805+0700] {processor.py:914} INFO - Processing file /opt/airflow/dags/dag_scraping_twitter.py for tasks to queue
[2026-02-07T10:41:48.809+0700] {logging_mixin.py:190} INFO - [2026-02-07T10:41:48.809+0700] {dagbag.py:587} INFO - Filling up the DagBag from /opt/airflow/dags/dag_scraping_twitter.py
[2026-02-07T10:41:48.832+0700] {processor.py:925} INFO - DAG(s) 'dag_scraping_twitter' retrieved from /opt/airflow/dags/dag_scraping_twitter.py
[2026-02-07T10:41:48.864+0700] {logging_mixin.py:190} INFO - [2026-02-07T10:41:48.864+0700] {dag.py:3211} INFO - Sync 1 DAGs
[2026-02-07T10:41:48.892+0700] {logging_mixin.py:190} INFO - [2026-02-07T10:41:48.892+0700] {dag.py:4138} INFO - Setting next_dagrun for dag_scraping_twitter to 2026-02-06 23:00:00+00:00, run_after=2026-02-07 11:00:00+00:00
[2026-02-07T10:41:48.919+0700] {processor.py:208} INFO - Processing /opt/airflow/dags/dag_scraping_twitter.py took 0.123 seconds
[2026-02-07T10:42:19.012+0700] {processor.py:186} INFO - Started process (PID=1035) to work on /opt/airflow/dags/dag_scraping_twitter.py
[2026-02-07T10:42:19.013+0700] {processor.py:914} INFO - Processing file /opt/airflow/dags/dag_scraping_twitter.py for tasks to queue
[2026-02-07T10:42:19.015+0700] {logging_mixin.py:190} INFO - [2026-02-07T10:42:19.015+0700] {dagbag.py:587} INFO - Filling up the DagBag from /opt/airflow/dags/dag_scraping_twitter.py
[2026-02-07T10:42:19.034+0700] {processor.py:925} INFO - DAG(s) 'dag_scraping_twitter' retrieved from /opt/airflow/dags/dag_scraping_twitter.py
[2026-02-07T10:42:19.062+0700] {logging_mixin.py:190} INFO - [2026-02-07T10:42:19.062+0700] {dag.py:3211} INFO - Sync 1 DAGs
[2026-02-07T10:42:19.087+0700] {logging_mixin.py:190} INFO - [2026-02-07T10:42:19.087+0700] {dag.py:4138} INFO - Setting next_dagrun for dag_scraping_twitter to 2026-02-06 23:00:00+00:00, run_after=2026-02-07 11:00:00+00:00
[2026-02-07T10:42:19.113+0700] {processor.py:208} INFO - Processing /opt/airflow/dags/dag_scraping_twitter.py took 0.108 seconds
[2026-02-07T10:42:49.349+0700] {processor.py:186} INFO - Started process (PID=1045) to work on /opt/airflow/dags/dag_scraping_twitter.py
[2026-02-07T10:42:49.350+0700] {processor.py:914} INFO - Processing file /opt/airflow/dags/dag_scraping_twitter.py for tasks to queue
[2026-02-07T10:42:49.353+0700] {logging_mixin.py:190} INFO - [2026-02-07T10:42:49.353+0700] {dagbag.py:587} INFO - Filling up the DagBag from /opt/airflow/dags/dag_scraping_twitter.py
[2026-02-07T10:42:49.376+0700] {processor.py:925} INFO - DAG(s) 'dag_scraping_twitter' retrieved from /opt/airflow/dags/dag_scraping_twitter.py
[2026-02-07T10:42:49.411+0700] {logging_mixin.py:190} INFO - [2026-02-07T10:42:49.410+0700] {dag.py:3211} INFO - Sync 1 DAGs
[2026-02-07T10:42:49.440+0700] {logging_mixin.py:190} INFO - [2026-02-07T10:42:49.440+0700] {dag.py:4138} INFO - Setting next_dagrun for dag_scraping_twitter to 2026-02-06 23:00:00+00:00, run_after=2026-02-07 11:00:00+00:00
[2026-02-07T10:42:49.467+0700] {processor.py:208} INFO - Processing /opt/airflow/dags/dag_scraping_twitter.py took 0.126 seconds
[2026-02-07T10:43:20.085+0700] {processor.py:186} INFO - Started process (PID=1055) to work on /opt/airflow/dags/dag_scraping_twitter.py
[2026-02-07T10:43:20.086+0700] {processor.py:914} INFO - Processing file /opt/airflow/dags/dag_scraping_twitter.py for tasks to queue
[2026-02-07T10:43:20.089+0700] {logging_mixin.py:190} INFO - [2026-02-07T10:43:20.089+0700] {dagbag.py:587} INFO - Filling up the DagBag from /opt/airflow/dags/dag_scraping_twitter.py
[2026-02-07T10:43:20.110+0700] {processor.py:925} INFO - DAG(s) 'dag_scraping_twitter' retrieved from /opt/airflow/dags/dag_scraping_twitter.py
[2026-02-07T10:43:20.138+0700] {logging_mixin.py:190} INFO - [2026-02-07T10:43:20.138+0700] {dag.py:3211} INFO - Sync 1 DAGs
[2026-02-07T10:43:20.163+0700] {logging_mixin.py:190} INFO - [2026-02-07T10:43:20.163+0700] {dag.py:4138} INFO - Setting next_dagrun for dag_scraping_twitter to 2026-02-06 23:00:00+00:00, run_after=2026-02-07 11:00:00+00:00
[2026-02-07T10:43:20.189+0700] {processor.py:208} INFO - Processing /opt/airflow/dags/dag_scraping_twitter.py took 0.110 seconds
[2026-02-07T10:43:50.273+0700] {processor.py:186} INFO - Started process (PID=1065) to work on /opt/airflow/dags/dag_scraping_twitter.py
[2026-02-07T10:43:50.276+0700] {processor.py:914} INFO - Processing file /opt/airflow/dags/dag_scraping_twitter.py for tasks to queue
[2026-02-07T10:43:50.283+0700] {logging_mixin.py:190} INFO - [2026-02-07T10:43:50.283+0700] {dagbag.py:587} INFO - Filling up the DagBag from /opt/airflow/dags/dag_scraping_twitter.py
[2026-02-07T10:43:50.305+0700] {processor.py:925} INFO - DAG(s) 'dag_scraping_twitter' retrieved from /opt/airflow/dags/dag_scraping_twitter.py
[2026-02-07T10:43:50.346+0700] {logging_mixin.py:190} INFO - [2026-02-07T10:43:50.345+0700] {dag.py:3211} INFO - Sync 1 DAGs
[2026-02-07T10:43:50.380+0700] {logging_mixin.py:190} INFO - [2026-02-07T10:43:50.379+0700] {dag.py:4138} INFO - Setting next_dagrun for dag_scraping_twitter to 2026-02-06 23:00:00+00:00, run_after=2026-02-07 11:00:00+00:00
[2026-02-07T10:43:50.410+0700] {processor.py:208} INFO - Processing /opt/airflow/dags/dag_scraping_twitter.py took 0.143 seconds
[2026-02-07T10:44:20.515+0700] {processor.py:186} INFO - Started process (PID=1075) to work on /opt/airflow/dags/dag_scraping_twitter.py
[2026-02-07T10:44:20.516+0700] {processor.py:914} INFO - Processing file /opt/airflow/dags/dag_scraping_twitter.py for tasks to queue
[2026-02-07T10:44:20.518+0700] {logging_mixin.py:190} INFO - [2026-02-07T10:44:20.518+0700] {dagbag.py:587} INFO - Filling up the DagBag from /opt/airflow/dags/dag_scraping_twitter.py
[2026-02-07T10:44:20.537+0700] {processor.py:925} INFO - DAG(s) 'dag_scraping_twitter' retrieved from /opt/airflow/dags/dag_scraping_twitter.py
[2026-02-07T10:44:20.565+0700] {logging_mixin.py:190} INFO - [2026-02-07T10:44:20.564+0700] {dag.py:3211} INFO - Sync 1 DAGs
[2026-02-07T10:44:20.590+0700] {logging_mixin.py:190} INFO - [2026-02-07T10:44:20.589+0700] {dag.py:4138} INFO - Setting next_dagrun for dag_scraping_twitter to 2026-02-06 23:00:00+00:00, run_after=2026-02-07 11:00:00+00:00
[2026-02-07T10:44:20.617+0700] {processor.py:208} INFO - Processing /opt/airflow/dags/dag_scraping_twitter.py took 0.109 seconds
[2026-02-07T10:44:50.820+0700] {processor.py:186} INFO - Started process (PID=1085) to work on /opt/airflow/dags/dag_scraping_twitter.py
[2026-02-07T10:44:50.821+0700] {processor.py:914} INFO - Processing file /opt/airflow/dags/dag_scraping_twitter.py for tasks to queue
[2026-02-07T10:44:50.825+0700] {logging_mixin.py:190} INFO - [2026-02-07T10:44:50.824+0700] {dagbag.py:587} INFO - Filling up the DagBag from /opt/airflow/dags/dag_scraping_twitter.py
[2026-02-07T10:44:50.846+0700] {processor.py:925} INFO - DAG(s) 'dag_scraping_twitter' retrieved from /opt/airflow/dags/dag_scraping_twitter.py
[2026-02-07T10:44:50.881+0700] {logging_mixin.py:190} INFO - [2026-02-07T10:44:50.881+0700] {dag.py:3211} INFO - Sync 1 DAGs
[2026-02-07T10:44:50.918+0700] {logging_mixin.py:190} INFO - [2026-02-07T10:44:50.917+0700] {dag.py:4138} INFO - Setting next_dagrun for dag_scraping_twitter to 2026-02-06 23:00:00+00:00, run_after=2026-02-07 11:00:00+00:00
[2026-02-07T10:44:50.942+0700] {processor.py:208} INFO - Processing /opt/airflow/dags/dag_scraping_twitter.py took 0.132 seconds
[2026-02-07T10:45:21.135+0700] {processor.py:186} INFO - Started process (PID=1095) to work on /opt/airflow/dags/dag_scraping_twitter.py
[2026-02-07T10:45:21.137+0700] {processor.py:914} INFO - Processing file /opt/airflow/dags/dag_scraping_twitter.py for tasks to queue
[2026-02-07T10:45:21.141+0700] {logging_mixin.py:190} INFO - [2026-02-07T10:45:21.141+0700] {dagbag.py:587} INFO - Filling up the DagBag from /opt/airflow/dags/dag_scraping_twitter.py
[2026-02-07T10:45:21.166+0700] {processor.py:925} INFO - DAG(s) 'dag_scraping_twitter' retrieved from /opt/airflow/dags/dag_scraping_twitter.py
[2026-02-07T10:45:21.192+0700] {logging_mixin.py:190} INFO - [2026-02-07T10:45:21.191+0700] {dag.py:3211} INFO - Sync 1 DAGs
[2026-02-07T10:45:21.217+0700] {logging_mixin.py:190} INFO - [2026-02-07T10:45:21.217+0700] {dag.py:4138} INFO - Setting next_dagrun for dag_scraping_twitter to 2026-02-06 23:00:00+00:00, run_after=2026-02-07 11:00:00+00:00
[2026-02-07T10:45:21.241+0700] {processor.py:208} INFO - Processing /opt/airflow/dags/dag_scraping_twitter.py took 0.114 seconds
[2026-02-07T10:45:51.331+0700] {processor.py:186} INFO - Started process (PID=1105) to work on /opt/airflow/dags/dag_scraping_twitter.py
[2026-02-07T10:45:51.332+0700] {processor.py:914} INFO - Processing file /opt/airflow/dags/dag_scraping_twitter.py for tasks to queue
[2026-02-07T10:45:51.335+0700] {logging_mixin.py:190} INFO - [2026-02-07T10:45:51.335+0700] {dagbag.py:587} INFO - Filling up the DagBag from /opt/airflow/dags/dag_scraping_twitter.py
[2026-02-07T10:45:51.355+0700] {processor.py:925} INFO - DAG(s) 'dag_scraping_twitter' retrieved from /opt/airflow/dags/dag_scraping_twitter.py
[2026-02-07T10:45:51.381+0700] {logging_mixin.py:190} INFO - [2026-02-07T10:45:51.381+0700] {dag.py:3211} INFO - Sync 1 DAGs
[2026-02-07T10:45:51.406+0700] {logging_mixin.py:190} INFO - [2026-02-07T10:45:51.406+0700] {dag.py:4138} INFO - Setting next_dagrun for dag_scraping_twitter to 2026-02-06 23:00:00+00:00, run_after=2026-02-07 11:00:00+00:00
[2026-02-07T10:45:51.433+0700] {processor.py:208} INFO - Processing /opt/airflow/dags/dag_scraping_twitter.py took 0.109 seconds
[2026-02-07T10:46:21.672+0700] {processor.py:186} INFO - Started process (PID=1115) to work on /opt/airflow/dags/dag_scraping_twitter.py
[2026-02-07T10:46:21.674+0700] {processor.py:914} INFO - Processing file /opt/airflow/dags/dag_scraping_twitter.py for tasks to queue
[2026-02-07T10:46:21.678+0700] {logging_mixin.py:190} INFO - [2026-02-07T10:46:21.677+0700] {dagbag.py:587} INFO - Filling up the DagBag from /opt/airflow/dags/dag_scraping_twitter.py
[2026-02-07T10:46:21.726+0700] {processor.py:925} INFO - DAG(s) 'dag_scraping_twitter' retrieved from /opt/airflow/dags/dag_scraping_twitter.py
[2026-02-07T10:46:21.763+0700] {logging_mixin.py:190} INFO - [2026-02-07T10:46:21.763+0700] {dag.py:3211} INFO - Sync 1 DAGs
[2026-02-07T10:46:21.794+0700] {logging_mixin.py:190} INFO - [2026-02-07T10:46:21.794+0700] {dag.py:4138} INFO - Setting next_dagrun for dag_scraping_twitter to 2026-02-06 23:00:00+00:00, run_after=2026-02-07 11:00:00+00:00
[2026-02-07T10:46:21.821+0700] {processor.py:208} INFO - Processing /opt/airflow/dags/dag_scraping_twitter.py took 0.156 seconds
[2026-02-07T10:46:52.786+0700] {processor.py:186} INFO - Started process (PID=1125) to work on /opt/airflow/dags/dag_scraping_twitter.py
[2026-02-07T10:46:52.787+0700] {processor.py:914} INFO - Processing file /opt/airflow/dags/dag_scraping_twitter.py for tasks to queue
[2026-02-07T10:46:52.792+0700] {logging_mixin.py:190} INFO - [2026-02-07T10:46:52.792+0700] {dagbag.py:587} INFO - Filling up the DagBag from /opt/airflow/dags/dag_scraping_twitter.py
[2026-02-07T10:46:52.814+0700] {processor.py:925} INFO - DAG(s) 'dag_scraping_twitter' retrieved from /opt/airflow/dags/dag_scraping_twitter.py
[2026-02-07T10:46:52.844+0700] {logging_mixin.py:190} INFO - [2026-02-07T10:46:52.844+0700] {dag.py:3211} INFO - Sync 1 DAGs
[2026-02-07T10:46:52.871+0700] {logging_mixin.py:190} INFO - [2026-02-07T10:46:52.871+0700] {dag.py:4138} INFO - Setting next_dagrun for dag_scraping_twitter to 2026-02-06 23:00:00+00:00, run_after=2026-02-07 11:00:00+00:00
[2026-02-07T10:46:52.897+0700] {processor.py:208} INFO - Processing /opt/airflow/dags/dag_scraping_twitter.py took 0.121 seconds
[2026-02-07T10:47:22.947+0700] {processor.py:186} INFO - Started process (PID=1135) to work on /opt/airflow/dags/dag_scraping_twitter.py
[2026-02-07T10:47:22.949+0700] {processor.py:914} INFO - Processing file /opt/airflow/dags/dag_scraping_twitter.py for tasks to queue
[2026-02-07T10:47:22.952+0700] {logging_mixin.py:190} INFO - [2026-02-07T10:47:22.952+0700] {dagbag.py:587} INFO - Filling up the DagBag from /opt/airflow/dags/dag_scraping_twitter.py
[2026-02-07T10:47:22.975+0700] {processor.py:925} INFO - DAG(s) 'dag_scraping_twitter' retrieved from /opt/airflow/dags/dag_scraping_twitter.py
[2026-02-07T10:47:23.004+0700] {logging_mixin.py:190} INFO - [2026-02-07T10:47:23.003+0700] {dag.py:3211} INFO - Sync 1 DAGs
[2026-02-07T10:47:23.030+0700] {logging_mixin.py:190} INFO - [2026-02-07T10:47:23.030+0700] {dag.py:4138} INFO - Setting next_dagrun for dag_scraping_twitter to 2026-02-06 23:00:00+00:00, run_after=2026-02-07 11:00:00+00:00
[2026-02-07T10:47:23.054+0700] {processor.py:208} INFO - Processing /opt/airflow/dags/dag_scraping_twitter.py took 0.114 seconds
[2026-02-07T10:47:53.240+0700] {processor.py:186} INFO - Started process (PID=1145) to work on /opt/airflow/dags/dag_scraping_twitter.py
[2026-02-07T10:47:53.241+0700] {processor.py:914} INFO - Processing file /opt/airflow/dags/dag_scraping_twitter.py for tasks to queue
[2026-02-07T10:47:53.245+0700] {logging_mixin.py:190} INFO - [2026-02-07T10:47:53.244+0700] {dagbag.py:587} INFO - Filling up the DagBag from /opt/airflow/dags/dag_scraping_twitter.py
[2026-02-07T10:47:53.265+0700] {processor.py:925} INFO - DAG(s) 'dag_scraping_twitter' retrieved from /opt/airflow/dags/dag_scraping_twitter.py
[2026-02-07T10:47:53.296+0700] {logging_mixin.py:190} INFO - [2026-02-07T10:47:53.296+0700] {dag.py:3211} INFO - Sync 1 DAGs
[2026-02-07T10:47:53.321+0700] {logging_mixin.py:190} INFO - [2026-02-07T10:47:53.321+0700] {dag.py:4138} INFO - Setting next_dagrun for dag_scraping_twitter to 2026-02-06 23:00:00+00:00, run_after=2026-02-07 11:00:00+00:00
[2026-02-07T10:47:53.347+0700] {processor.py:208} INFO - Processing /opt/airflow/dags/dag_scraping_twitter.py took 0.113 seconds
[2026-02-07T10:48:23.547+0700] {processor.py:186} INFO - Started process (PID=1155) to work on /opt/airflow/dags/dag_scraping_twitter.py
[2026-02-07T10:48:23.548+0700] {processor.py:914} INFO - Processing file /opt/airflow/dags/dag_scraping_twitter.py for tasks to queue
[2026-02-07T10:48:23.550+0700] {logging_mixin.py:190} INFO - [2026-02-07T10:48:23.550+0700] {dagbag.py:587} INFO - Filling up the DagBag from /opt/airflow/dags/dag_scraping_twitter.py
[2026-02-07T10:48:23.568+0700] {processor.py:925} INFO - DAG(s) 'dag_scraping_twitter' retrieved from /opt/airflow/dags/dag_scraping_twitter.py
[2026-02-07T10:48:23.599+0700] {logging_mixin.py:190} INFO - [2026-02-07T10:48:23.599+0700] {dag.py:3211} INFO - Sync 1 DAGs
[2026-02-07T10:48:23.626+0700] {logging_mixin.py:190} INFO - [2026-02-07T10:48:23.626+0700] {dag.py:4138} INFO - Setting next_dagrun for dag_scraping_twitter to 2026-02-06 23:00:00+00:00, run_after=2026-02-07 11:00:00+00:00
[2026-02-07T10:48:23.651+0700] {processor.py:208} INFO - Processing /opt/airflow/dags/dag_scraping_twitter.py took 0.112 seconds
[2026-02-07T10:48:53.734+0700] {processor.py:186} INFO - Started process (PID=1165) to work on /opt/airflow/dags/dag_scraping_twitter.py
[2026-02-07T10:48:53.735+0700] {processor.py:914} INFO - Processing file /opt/airflow/dags/dag_scraping_twitter.py for tasks to queue
[2026-02-07T10:48:53.738+0700] {logging_mixin.py:190} INFO - [2026-02-07T10:48:53.737+0700] {dagbag.py:587} INFO - Filling up the DagBag from /opt/airflow/dags/dag_scraping_twitter.py
[2026-02-07T10:48:53.756+0700] {processor.py:925} INFO - DAG(s) 'dag_scraping_twitter' retrieved from /opt/airflow/dags/dag_scraping_twitter.py
[2026-02-07T10:48:53.787+0700] {logging_mixin.py:190} INFO - [2026-02-07T10:48:53.786+0700] {dag.py:3211} INFO - Sync 1 DAGs
[2026-02-07T10:48:53.813+0700] {logging_mixin.py:190} INFO - [2026-02-07T10:48:53.813+0700] {dag.py:4138} INFO - Setting next_dagrun for dag_scraping_twitter to 2026-02-06 23:00:00+00:00, run_after=2026-02-07 11:00:00+00:00
[2026-02-07T10:48:53.838+0700] {processor.py:208} INFO - Processing /opt/airflow/dags/dag_scraping_twitter.py took 0.110 seconds
[2026-02-07T10:49:24.183+0700] {processor.py:186} INFO - Started process (PID=1175) to work on /opt/airflow/dags/dag_scraping_twitter.py
[2026-02-07T10:49:24.184+0700] {processor.py:914} INFO - Processing file /opt/airflow/dags/dag_scraping_twitter.py for tasks to queue
[2026-02-07T10:49:24.187+0700] {logging_mixin.py:190} INFO - [2026-02-07T10:49:24.186+0700] {dagbag.py:587} INFO - Filling up the DagBag from /opt/airflow/dags/dag_scraping_twitter.py
[2026-02-07T10:49:24.205+0700] {processor.py:925} INFO - DAG(s) 'dag_scraping_twitter' retrieved from /opt/airflow/dags/dag_scraping_twitter.py
[2026-02-07T10:49:24.237+0700] {logging_mixin.py:190} INFO - [2026-02-07T10:49:24.236+0700] {dag.py:3211} INFO - Sync 1 DAGs
[2026-02-07T10:49:24.265+0700] {logging_mixin.py:190} INFO - [2026-02-07T10:49:24.264+0700] {dag.py:4138} INFO - Setting next_dagrun for dag_scraping_twitter to 2026-02-06 23:00:00+00:00, run_after=2026-02-07 11:00:00+00:00
[2026-02-07T10:49:24.288+0700] {processor.py:208} INFO - Processing /opt/airflow/dags/dag_scraping_twitter.py took 0.112 seconds
[2026-02-07T10:49:54.711+0700] {processor.py:186} INFO - Started process (PID=1185) to work on /opt/airflow/dags/dag_scraping_twitter.py
[2026-02-07T10:49:54.712+0700] {processor.py:914} INFO - Processing file /opt/airflow/dags/dag_scraping_twitter.py for tasks to queue
[2026-02-07T10:49:54.714+0700] {logging_mixin.py:190} INFO - [2026-02-07T10:49:54.714+0700] {dagbag.py:587} INFO - Filling up the DagBag from /opt/airflow/dags/dag_scraping_twitter.py
[2026-02-07T10:49:54.736+0700] {processor.py:925} INFO - DAG(s) 'dag_scraping_twitter' retrieved from /opt/airflow/dags/dag_scraping_twitter.py
[2026-02-07T10:49:54.768+0700] {logging_mixin.py:190} INFO - [2026-02-07T10:49:54.767+0700] {dag.py:3211} INFO - Sync 1 DAGs
[2026-02-07T10:49:54.796+0700] {logging_mixin.py:190} INFO - [2026-02-07T10:49:54.796+0700] {dag.py:4138} INFO - Setting next_dagrun for dag_scraping_twitter to 2026-02-06 23:00:00+00:00, run_after=2026-02-07 11:00:00+00:00
[2026-02-07T10:49:54.828+0700] {processor.py:208} INFO - Processing /opt/airflow/dags/dag_scraping_twitter.py took 0.123 seconds
[2026-02-07T10:50:25.293+0700] {processor.py:186} INFO - Started process (PID=1195) to work on /opt/airflow/dags/dag_scraping_twitter.py
[2026-02-07T10:50:25.295+0700] {processor.py:914} INFO - Processing file /opt/airflow/dags/dag_scraping_twitter.py for tasks to queue
[2026-02-07T10:50:25.298+0700] {logging_mixin.py:190} INFO - [2026-02-07T10:50:25.298+0700] {dagbag.py:587} INFO - Filling up the DagBag from /opt/airflow/dags/dag_scraping_twitter.py
[2026-02-07T10:50:25.315+0700] {processor.py:925} INFO - DAG(s) 'dag_scraping_twitter' retrieved from /opt/airflow/dags/dag_scraping_twitter.py
[2026-02-07T10:50:25.345+0700] {logging_mixin.py:190} INFO - [2026-02-07T10:50:25.344+0700] {dag.py:3211} INFO - Sync 1 DAGs
[2026-02-07T10:50:25.370+0700] {logging_mixin.py:190} INFO - [2026-02-07T10:50:25.370+0700] {dag.py:4138} INFO - Setting next_dagrun for dag_scraping_twitter to 2026-02-06 23:00:00+00:00, run_after=2026-02-07 11:00:00+00:00
[2026-02-07T10:50:25.397+0700] {processor.py:208} INFO - Processing /opt/airflow/dags/dag_scraping_twitter.py took 0.110 seconds
[2026-02-07T10:50:55.611+0700] {processor.py:186} INFO - Started process (PID=1205) to work on /opt/airflow/dags/dag_scraping_twitter.py
[2026-02-07T10:50:55.612+0700] {processor.py:914} INFO - Processing file /opt/airflow/dags/dag_scraping_twitter.py for tasks to queue
[2026-02-07T10:50:55.615+0700] {logging_mixin.py:190} INFO - [2026-02-07T10:50:55.614+0700] {dagbag.py:587} INFO - Filling up the DagBag from /opt/airflow/dags/dag_scraping_twitter.py
[2026-02-07T10:50:55.633+0700] {processor.py:925} INFO - DAG(s) 'dag_scraping_twitter' retrieved from /opt/airflow/dags/dag_scraping_twitter.py
[2026-02-07T10:50:55.662+0700] {logging_mixin.py:190} INFO - [2026-02-07T10:50:55.662+0700] {dag.py:3211} INFO - Sync 1 DAGs
[2026-02-07T10:50:55.690+0700] {logging_mixin.py:190} INFO - [2026-02-07T10:50:55.690+0700] {dag.py:4138} INFO - Setting next_dagrun for dag_scraping_twitter to 2026-02-06 23:00:00+00:00, run_after=2026-02-07 11:00:00+00:00
[2026-02-07T10:50:55.715+0700] {processor.py:208} INFO - Processing /opt/airflow/dags/dag_scraping_twitter.py took 0.112 seconds
[2026-02-07T10:51:25.823+0700] {processor.py:186} INFO - Started process (PID=1215) to work on /opt/airflow/dags/dag_scraping_twitter.py
[2026-02-07T10:51:25.824+0700] {processor.py:914} INFO - Processing file /opt/airflow/dags/dag_scraping_twitter.py for tasks to queue
[2026-02-07T10:51:25.827+0700] {logging_mixin.py:190} INFO - [2026-02-07T10:51:25.826+0700] {dagbag.py:587} INFO - Filling up the DagBag from /opt/airflow/dags/dag_scraping_twitter.py
[2026-02-07T10:51:25.849+0700] {processor.py:925} INFO - DAG(s) 'dag_scraping_twitter' retrieved from /opt/airflow/dags/dag_scraping_twitter.py
[2026-02-07T10:51:25.881+0700] {logging_mixin.py:190} INFO - [2026-02-07T10:51:25.881+0700] {dag.py:3211} INFO - Sync 1 DAGs
[2026-02-07T10:51:25.908+0700] {logging_mixin.py:190} INFO - [2026-02-07T10:51:25.907+0700] {dag.py:4138} INFO - Setting next_dagrun for dag_scraping_twitter to 2026-02-06 23:00:00+00:00, run_after=2026-02-07 11:00:00+00:00
[2026-02-07T10:51:25.934+0700] {processor.py:208} INFO - Processing /opt/airflow/dags/dag_scraping_twitter.py took 0.119 seconds
[2026-02-07T10:51:56.004+0700] {processor.py:186} INFO - Started process (PID=1225) to work on /opt/airflow/dags/dag_scraping_twitter.py
[2026-02-07T10:51:56.005+0700] {processor.py:914} INFO - Processing file /opt/airflow/dags/dag_scraping_twitter.py for tasks to queue
[2026-02-07T10:51:56.007+0700] {logging_mixin.py:190} INFO - [2026-02-07T10:51:56.007+0700] {dagbag.py:587} INFO - Filling up the DagBag from /opt/airflow/dags/dag_scraping_twitter.py
[2026-02-07T10:51:56.027+0700] {processor.py:925} INFO - DAG(s) 'dag_scraping_twitter' retrieved from /opt/airflow/dags/dag_scraping_twitter.py
[2026-02-07T10:51:56.056+0700] {logging_mixin.py:190} INFO - [2026-02-07T10:51:56.056+0700] {dag.py:3211} INFO - Sync 1 DAGs
[2026-02-07T10:51:56.082+0700] {logging_mixin.py:190} INFO - [2026-02-07T10:51:56.081+0700] {dag.py:4138} INFO - Setting next_dagrun for dag_scraping_twitter to 2026-02-06 23:00:00+00:00, run_after=2026-02-07 11:00:00+00:00
[2026-02-07T10:51:56.110+0700] {processor.py:208} INFO - Processing /opt/airflow/dags/dag_scraping_twitter.py took 0.114 seconds
[2026-02-07T10:52:26.159+0700] {processor.py:186} INFO - Started process (PID=1235) to work on /opt/airflow/dags/dag_scraping_twitter.py
[2026-02-07T10:52:26.160+0700] {processor.py:914} INFO - Processing file /opt/airflow/dags/dag_scraping_twitter.py for tasks to queue
[2026-02-07T10:52:26.163+0700] {logging_mixin.py:190} INFO - [2026-02-07T10:52:26.163+0700] {dagbag.py:587} INFO - Filling up the DagBag from /opt/airflow/dags/dag_scraping_twitter.py
[2026-02-07T10:52:26.184+0700] {processor.py:925} INFO - DAG(s) 'dag_scraping_twitter' retrieved from /opt/airflow/dags/dag_scraping_twitter.py
[2026-02-07T10:52:26.208+0700] {logging_mixin.py:190} INFO - [2026-02-07T10:52:26.207+0700] {dag.py:3211} INFO - Sync 1 DAGs
[2026-02-07T10:52:26.229+0700] {logging_mixin.py:190} INFO - [2026-02-07T10:52:26.228+0700] {dag.py:4138} INFO - Setting next_dagrun for dag_scraping_twitter to 2026-02-06 23:00:00+00:00, run_after=2026-02-07 11:00:00+00:00
[2026-02-07T10:52:26.252+0700] {processor.py:208} INFO - Processing /opt/airflow/dags/dag_scraping_twitter.py took 0.099 seconds
[2026-02-07T10:52:56.753+0700] {processor.py:186} INFO - Started process (PID=1245) to work on /opt/airflow/dags/dag_scraping_twitter.py
[2026-02-07T10:52:56.754+0700] {processor.py:914} INFO - Processing file /opt/airflow/dags/dag_scraping_twitter.py for tasks to queue
[2026-02-07T10:52:56.758+0700] {logging_mixin.py:190} INFO - [2026-02-07T10:52:56.758+0700] {dagbag.py:587} INFO - Filling up the DagBag from /opt/airflow/dags/dag_scraping_twitter.py
[2026-02-07T10:52:56.778+0700] {processor.py:925} INFO - DAG(s) 'dag_scraping_twitter' retrieved from /opt/airflow/dags/dag_scraping_twitter.py
[2026-02-07T10:52:56.808+0700] {logging_mixin.py:190} INFO - [2026-02-07T10:52:56.808+0700] {dag.py:3211} INFO - Sync 1 DAGs
[2026-02-07T10:52:56.835+0700] {logging_mixin.py:190} INFO - [2026-02-07T10:52:56.835+0700] {dag.py:4138} INFO - Setting next_dagrun for dag_scraping_twitter to 2026-02-06 23:00:00+00:00, run_after=2026-02-07 11:00:00+00:00
[2026-02-07T10:52:56.858+0700] {processor.py:208} INFO - Processing /opt/airflow/dags/dag_scraping_twitter.py took 0.112 seconds
[2026-02-07T10:53:26.952+0700] {processor.py:186} INFO - Started process (PID=1255) to work on /opt/airflow/dags/dag_scraping_twitter.py
[2026-02-07T10:53:26.953+0700] {processor.py:914} INFO - Processing file /opt/airflow/dags/dag_scraping_twitter.py for tasks to queue
[2026-02-07T10:53:26.955+0700] {logging_mixin.py:190} INFO - [2026-02-07T10:53:26.955+0700] {dagbag.py:587} INFO - Filling up the DagBag from /opt/airflow/dags/dag_scraping_twitter.py
[2026-02-07T10:53:26.973+0700] {processor.py:925} INFO - DAG(s) 'dag_scraping_twitter' retrieved from /opt/airflow/dags/dag_scraping_twitter.py
[2026-02-07T10:53:26.999+0700] {logging_mixin.py:190} INFO - [2026-02-07T10:53:26.998+0700] {dag.py:3211} INFO - Sync 1 DAGs
[2026-02-07T10:53:27.023+0700] {logging_mixin.py:190} INFO - [2026-02-07T10:53:27.023+0700] {dag.py:4138} INFO - Setting next_dagrun for dag_scraping_twitter to 2026-02-06 23:00:00+00:00, run_after=2026-02-07 11:00:00+00:00
[2026-02-07T10:53:27.048+0700] {processor.py:208} INFO - Processing /opt/airflow/dags/dag_scraping_twitter.py took 0.103 seconds
[2026-02-07T10:53:57.191+0700] {processor.py:186} INFO - Started process (PID=1265) to work on /opt/airflow/dags/dag_scraping_twitter.py
[2026-02-07T10:53:57.192+0700] {processor.py:914} INFO - Processing file /opt/airflow/dags/dag_scraping_twitter.py for tasks to queue
[2026-02-07T10:53:57.195+0700] {logging_mixin.py:190} INFO - [2026-02-07T10:53:57.194+0700] {dagbag.py:587} INFO - Filling up the DagBag from /opt/airflow/dags/dag_scraping_twitter.py
[2026-02-07T10:53:57.215+0700] {processor.py:925} INFO - DAG(s) 'dag_scraping_twitter' retrieved from /opt/airflow/dags/dag_scraping_twitter.py
[2026-02-07T10:53:57.249+0700] {logging_mixin.py:190} INFO - [2026-02-07T10:53:57.249+0700] {dag.py:3211} INFO - Sync 1 DAGs
[2026-02-07T10:53:57.277+0700] {logging_mixin.py:190} INFO - [2026-02-07T10:53:57.277+0700] {dag.py:4138} INFO - Setting next_dagrun for dag_scraping_twitter to 2026-02-06 23:00:00+00:00, run_after=2026-02-07 11:00:00+00:00
[2026-02-07T10:53:57.306+0700] {processor.py:208} INFO - Processing /opt/airflow/dags/dag_scraping_twitter.py took 0.121 seconds
[2026-02-07T10:54:27.413+0700] {processor.py:186} INFO - Started process (PID=1275) to work on /opt/airflow/dags/dag_scraping_twitter.py
[2026-02-07T10:54:27.414+0700] {processor.py:914} INFO - Processing file /opt/airflow/dags/dag_scraping_twitter.py for tasks to queue
[2026-02-07T10:54:27.416+0700] {logging_mixin.py:190} INFO - [2026-02-07T10:54:27.416+0700] {dagbag.py:587} INFO - Filling up the DagBag from /opt/airflow/dags/dag_scraping_twitter.py
[2026-02-07T10:54:27.435+0700] {processor.py:925} INFO - DAG(s) 'dag_scraping_twitter' retrieved from /opt/airflow/dags/dag_scraping_twitter.py
[2026-02-07T10:54:27.468+0700] {logging_mixin.py:190} INFO - [2026-02-07T10:54:27.468+0700] {dag.py:3211} INFO - Sync 1 DAGs
[2026-02-07T10:54:27.495+0700] {logging_mixin.py:190} INFO - [2026-02-07T10:54:27.495+0700] {dag.py:4138} INFO - Setting next_dagrun for dag_scraping_twitter to 2026-02-06 23:00:00+00:00, run_after=2026-02-07 11:00:00+00:00
[2026-02-07T10:54:27.518+0700] {processor.py:208} INFO - Processing /opt/airflow/dags/dag_scraping_twitter.py took 0.111 seconds
[2026-02-07T10:54:57.577+0700] {processor.py:186} INFO - Started process (PID=1285) to work on /opt/airflow/dags/dag_scraping_twitter.py
[2026-02-07T10:54:57.578+0700] {processor.py:914} INFO - Processing file /opt/airflow/dags/dag_scraping_twitter.py for tasks to queue
[2026-02-07T10:54:57.580+0700] {logging_mixin.py:190} INFO - [2026-02-07T10:54:57.580+0700] {dagbag.py:587} INFO - Filling up the DagBag from /opt/airflow/dags/dag_scraping_twitter.py
[2026-02-07T10:54:57.600+0700] {processor.py:925} INFO - DAG(s) 'dag_scraping_twitter' retrieved from /opt/airflow/dags/dag_scraping_twitter.py
[2026-02-07T10:54:57.629+0700] {logging_mixin.py:190} INFO - [2026-02-07T10:54:57.628+0700] {dag.py:3211} INFO - Sync 1 DAGs
[2026-02-07T10:54:57.655+0700] {logging_mixin.py:190} INFO - [2026-02-07T10:54:57.655+0700] {dag.py:4138} INFO - Setting next_dagrun for dag_scraping_twitter to 2026-02-06 23:00:00+00:00, run_after=2026-02-07 11:00:00+00:00
[2026-02-07T10:54:57.680+0700] {processor.py:208} INFO - Processing /opt/airflow/dags/dag_scraping_twitter.py took 0.114 seconds
[2026-02-07T10:55:27.740+0700] {processor.py:186} INFO - Started process (PID=1295) to work on /opt/airflow/dags/dag_scraping_twitter.py
[2026-02-07T10:55:27.741+0700] {processor.py:914} INFO - Processing file /opt/airflow/dags/dag_scraping_twitter.py for tasks to queue
[2026-02-07T10:55:27.747+0700] {logging_mixin.py:190} INFO - [2026-02-07T10:55:27.746+0700] {dagbag.py:587} INFO - Filling up the DagBag from /opt/airflow/dags/dag_scraping_twitter.py
[2026-02-07T10:55:27.768+0700] {processor.py:925} INFO - DAG(s) 'dag_scraping_twitter' retrieved from /opt/airflow/dags/dag_scraping_twitter.py
[2026-02-07T10:55:27.798+0700] {logging_mixin.py:190} INFO - [2026-02-07T10:55:27.798+0700] {dag.py:3211} INFO - Sync 1 DAGs
[2026-02-07T10:55:27.823+0700] {logging_mixin.py:190} INFO - [2026-02-07T10:55:27.822+0700] {dag.py:4138} INFO - Setting next_dagrun for dag_scraping_twitter to 2026-02-06 23:00:00+00:00, run_after=2026-02-07 11:00:00+00:00
[2026-02-07T10:55:27.846+0700] {processor.py:208} INFO - Processing /opt/airflow/dags/dag_scraping_twitter.py took 0.113 seconds
[2026-02-07T10:55:58.599+0700] {processor.py:186} INFO - Started process (PID=1305) to work on /opt/airflow/dags/dag_scraping_twitter.py
[2026-02-07T10:55:58.600+0700] {processor.py:914} INFO - Processing file /opt/airflow/dags/dag_scraping_twitter.py for tasks to queue
[2026-02-07T10:55:58.602+0700] {logging_mixin.py:190} INFO - [2026-02-07T10:55:58.602+0700] {dagbag.py:587} INFO - Filling up the DagBag from /opt/airflow/dags/dag_scraping_twitter.py
[2026-02-07T10:55:58.621+0700] {processor.py:925} INFO - DAG(s) 'dag_scraping_twitter' retrieved from /opt/airflow/dags/dag_scraping_twitter.py
[2026-02-07T10:55:58.650+0700] {logging_mixin.py:190} INFO - [2026-02-07T10:55:58.650+0700] {dag.py:3211} INFO - Sync 1 DAGs
[2026-02-07T10:55:58.675+0700] {logging_mixin.py:190} INFO - [2026-02-07T10:55:58.674+0700] {dag.py:4138} INFO - Setting next_dagrun for dag_scraping_twitter to 2026-02-06 23:00:00+00:00, run_after=2026-02-07 11:00:00+00:00
[2026-02-07T10:55:58.698+0700] {processor.py:208} INFO - Processing /opt/airflow/dags/dag_scraping_twitter.py took 0.108 seconds
[2026-02-07T10:56:28.794+0700] {processor.py:186} INFO - Started process (PID=1315) to work on /opt/airflow/dags/dag_scraping_twitter.py
[2026-02-07T10:56:28.795+0700] {processor.py:914} INFO - Processing file /opt/airflow/dags/dag_scraping_twitter.py for tasks to queue
[2026-02-07T10:56:28.798+0700] {logging_mixin.py:190} INFO - [2026-02-07T10:56:28.798+0700] {dagbag.py:587} INFO - Filling up the DagBag from /opt/airflow/dags/dag_scraping_twitter.py
[2026-02-07T10:56:28.821+0700] {processor.py:925} INFO - DAG(s) 'dag_scraping_twitter' retrieved from /opt/airflow/dags/dag_scraping_twitter.py
[2026-02-07T10:56:28.856+0700] {logging_mixin.py:190} INFO - [2026-02-07T10:56:28.856+0700] {dag.py:3211} INFO - Sync 1 DAGs
[2026-02-07T10:56:28.883+0700] {logging_mixin.py:190} INFO - [2026-02-07T10:56:28.882+0700] {dag.py:4138} INFO - Setting next_dagrun for dag_scraping_twitter to 2026-02-06 23:00:00+00:00, run_after=2026-02-07 11:00:00+00:00
[2026-02-07T10:56:28.908+0700] {processor.py:208} INFO - Processing /opt/airflow/dags/dag_scraping_twitter.py took 0.121 seconds
[2026-02-07T10:56:59.231+0700] {processor.py:186} INFO - Started process (PID=1325) to work on /opt/airflow/dags/dag_scraping_twitter.py
[2026-02-07T10:56:59.232+0700] {processor.py:914} INFO - Processing file /opt/airflow/dags/dag_scraping_twitter.py for tasks to queue
[2026-02-07T10:56:59.235+0700] {logging_mixin.py:190} INFO - [2026-02-07T10:56:59.234+0700] {dagbag.py:587} INFO - Filling up the DagBag from /opt/airflow/dags/dag_scraping_twitter.py
[2026-02-07T10:56:59.256+0700] {processor.py:925} INFO - DAG(s) 'dag_scraping_twitter' retrieved from /opt/airflow/dags/dag_scraping_twitter.py
[2026-02-07T10:56:59.284+0700] {logging_mixin.py:190} INFO - [2026-02-07T10:56:59.284+0700] {dag.py:3211} INFO - Sync 1 DAGs
[2026-02-07T10:56:59.308+0700] {logging_mixin.py:190} INFO - [2026-02-07T10:56:59.308+0700] {dag.py:4138} INFO - Setting next_dagrun for dag_scraping_twitter to 2026-02-06 23:00:00+00:00, run_after=2026-02-07 11:00:00+00:00
[2026-02-07T10:56:59.333+0700] {processor.py:208} INFO - Processing /opt/airflow/dags/dag_scraping_twitter.py took 0.107 seconds
[2026-02-07T10:57:29.437+0700] {processor.py:186} INFO - Started process (PID=1335) to work on /opt/airflow/dags/dag_scraping_twitter.py
[2026-02-07T10:57:29.438+0700] {processor.py:914} INFO - Processing file /opt/airflow/dags/dag_scraping_twitter.py for tasks to queue
[2026-02-07T10:57:29.441+0700] {logging_mixin.py:190} INFO - [2026-02-07T10:57:29.441+0700] {dagbag.py:587} INFO - Filling up the DagBag from /opt/airflow/dags/dag_scraping_twitter.py
[2026-02-07T10:57:29.466+0700] {processor.py:925} INFO - DAG(s) 'dag_scraping_twitter' retrieved from /opt/airflow/dags/dag_scraping_twitter.py
[2026-02-07T10:57:29.499+0700] {logging_mixin.py:190} INFO - [2026-02-07T10:57:29.499+0700] {dag.py:3211} INFO - Sync 1 DAGs
[2026-02-07T10:57:29.530+0700] {logging_mixin.py:190} INFO - [2026-02-07T10:57:29.530+0700] {dag.py:4138} INFO - Setting next_dagrun for dag_scraping_twitter to 2026-02-06 23:00:00+00:00, run_after=2026-02-07 11:00:00+00:00
[2026-02-07T10:57:29.556+0700] {processor.py:208} INFO - Processing /opt/airflow/dags/dag_scraping_twitter.py took 0.127 seconds
[2026-02-07T10:57:59.791+0700] {processor.py:186} INFO - Started process (PID=1345) to work on /opt/airflow/dags/dag_scraping_twitter.py
[2026-02-07T10:57:59.792+0700] {processor.py:914} INFO - Processing file /opt/airflow/dags/dag_scraping_twitter.py for tasks to queue
[2026-02-07T10:57:59.795+0700] {logging_mixin.py:190} INFO - [2026-02-07T10:57:59.795+0700] {dagbag.py:587} INFO - Filling up the DagBag from /opt/airflow/dags/dag_scraping_twitter.py
[2026-02-07T10:57:59.815+0700] {processor.py:925} INFO - DAG(s) 'dag_scraping_twitter' retrieved from /opt/airflow/dags/dag_scraping_twitter.py
[2026-02-07T10:57:59.846+0700] {logging_mixin.py:190} INFO - [2026-02-07T10:57:59.846+0700] {dag.py:3211} INFO - Sync 1 DAGs
[2026-02-07T10:57:59.873+0700] {logging_mixin.py:190} INFO - [2026-02-07T10:57:59.872+0700] {dag.py:4138} INFO - Setting next_dagrun for dag_scraping_twitter to 2026-02-06 23:00:00+00:00, run_after=2026-02-07 11:00:00+00:00
[2026-02-07T10:57:59.897+0700] {processor.py:208} INFO - Processing /opt/airflow/dags/dag_scraping_twitter.py took 0.112 seconds
[2026-02-07T10:58:30.004+0700] {processor.py:186} INFO - Started process (PID=1355) to work on /opt/airflow/dags/dag_scraping_twitter.py
[2026-02-07T10:58:30.006+0700] {processor.py:914} INFO - Processing file /opt/airflow/dags/dag_scraping_twitter.py for tasks to queue
[2026-02-07T10:58:30.008+0700] {logging_mixin.py:190} INFO - [2026-02-07T10:58:30.008+0700] {dagbag.py:587} INFO - Filling up the DagBag from /opt/airflow/dags/dag_scraping_twitter.py
[2026-02-07T10:58:30.028+0700] {processor.py:925} INFO - DAG(s) 'dag_scraping_twitter' retrieved from /opt/airflow/dags/dag_scraping_twitter.py
[2026-02-07T10:58:30.060+0700] {logging_mixin.py:190} INFO - [2026-02-07T10:58:30.059+0700] {dag.py:3211} INFO - Sync 1 DAGs
[2026-02-07T10:58:30.084+0700] {logging_mixin.py:190} INFO - [2026-02-07T10:58:30.084+0700] {dag.py:4138} INFO - Setting next_dagrun for dag_scraping_twitter to 2026-02-06 23:00:00+00:00, run_after=2026-02-07 11:00:00+00:00
[2026-02-07T10:58:30.108+0700] {processor.py:208} INFO - Processing /opt/airflow/dags/dag_scraping_twitter.py took 0.111 seconds
[2026-02-07T10:59:00.181+0700] {processor.py:186} INFO - Started process (PID=1365) to work on /opt/airflow/dags/dag_scraping_twitter.py
[2026-02-07T10:59:00.184+0700] {processor.py:914} INFO - Processing file /opt/airflow/dags/dag_scraping_twitter.py for tasks to queue
[2026-02-07T10:59:00.187+0700] {logging_mixin.py:190} INFO - [2026-02-07T10:59:00.187+0700] {dagbag.py:587} INFO - Filling up the DagBag from /opt/airflow/dags/dag_scraping_twitter.py
[2026-02-07T10:59:00.210+0700] {processor.py:925} INFO - DAG(s) 'dag_scraping_twitter' retrieved from /opt/airflow/dags/dag_scraping_twitter.py
[2026-02-07T10:59:00.241+0700] {logging_mixin.py:190} INFO - [2026-02-07T10:59:00.241+0700] {dag.py:3211} INFO - Sync 1 DAGs
[2026-02-07T10:59:00.267+0700] {logging_mixin.py:190} INFO - [2026-02-07T10:59:00.267+0700] {dag.py:4138} INFO - Setting next_dagrun for dag_scraping_twitter to 2026-02-06 23:00:00+00:00, run_after=2026-02-07 11:00:00+00:00
[2026-02-07T10:59:00.294+0700] {processor.py:208} INFO - Processing /opt/airflow/dags/dag_scraping_twitter.py took 0.122 seconds
[2026-02-07T10:59:30.486+0700] {processor.py:186} INFO - Started process (PID=1375) to work on /opt/airflow/dags/dag_scraping_twitter.py
[2026-02-07T10:59:30.487+0700] {processor.py:914} INFO - Processing file /opt/airflow/dags/dag_scraping_twitter.py for tasks to queue
[2026-02-07T10:59:30.490+0700] {logging_mixin.py:190} INFO - [2026-02-07T10:59:30.489+0700] {dagbag.py:587} INFO - Filling up the DagBag from /opt/airflow/dags/dag_scraping_twitter.py
[2026-02-07T10:59:30.509+0700] {processor.py:925} INFO - DAG(s) 'dag_scraping_twitter' retrieved from /opt/airflow/dags/dag_scraping_twitter.py
[2026-02-07T10:59:30.537+0700] {logging_mixin.py:190} INFO - [2026-02-07T10:59:30.537+0700] {dag.py:3211} INFO - Sync 1 DAGs
[2026-02-07T10:59:30.563+0700] {logging_mixin.py:190} INFO - [2026-02-07T10:59:30.562+0700] {dag.py:4138} INFO - Setting next_dagrun for dag_scraping_twitter to 2026-02-06 23:00:00+00:00, run_after=2026-02-07 11:00:00+00:00
[2026-02-07T10:59:30.586+0700] {processor.py:208} INFO - Processing /opt/airflow/dags/dag_scraping_twitter.py took 0.106 seconds
[2026-02-07T11:00:00.794+0700] {processor.py:186} INFO - Started process (PID=1385) to work on /opt/airflow/dags/dag_scraping_twitter.py
[2026-02-07T11:00:00.795+0700] {processor.py:914} INFO - Processing file /opt/airflow/dags/dag_scraping_twitter.py for tasks to queue
[2026-02-07T11:00:00.798+0700] {logging_mixin.py:190} INFO - [2026-02-07T11:00:00.798+0700] {dagbag.py:587} INFO - Filling up the DagBag from /opt/airflow/dags/dag_scraping_twitter.py
[2026-02-07T11:00:00.817+0700] {processor.py:925} INFO - DAG(s) 'dag_scraping_twitter' retrieved from /opt/airflow/dags/dag_scraping_twitter.py
[2026-02-07T11:00:00.848+0700] {logging_mixin.py:190} INFO - [2026-02-07T11:00:00.848+0700] {dag.py:3211} INFO - Sync 1 DAGs
[2026-02-07T11:00:00.872+0700] {logging_mixin.py:190} INFO - [2026-02-07T11:00:00.872+0700] {dag.py:4138} INFO - Setting next_dagrun for dag_scraping_twitter to 2026-02-06 23:00:00+00:00, run_after=2026-02-07 11:00:00+00:00
[2026-02-07T11:00:00.896+0700] {processor.py:208} INFO - Processing /opt/airflow/dags/dag_scraping_twitter.py took 0.108 seconds
[2026-02-07T11:00:31.029+0700] {processor.py:186} INFO - Started process (PID=1395) to work on /opt/airflow/dags/dag_scraping_twitter.py
[2026-02-07T11:00:31.030+0700] {processor.py:914} INFO - Processing file /opt/airflow/dags/dag_scraping_twitter.py for tasks to queue
[2026-02-07T11:00:31.033+0700] {logging_mixin.py:190} INFO - [2026-02-07T11:00:31.033+0700] {dagbag.py:587} INFO - Filling up the DagBag from /opt/airflow/dags/dag_scraping_twitter.py
[2026-02-07T11:00:31.050+0700] {processor.py:925} INFO - DAG(s) 'dag_scraping_twitter' retrieved from /opt/airflow/dags/dag_scraping_twitter.py
[2026-02-07T11:00:31.080+0700] {logging_mixin.py:190} INFO - [2026-02-07T11:00:31.080+0700] {dag.py:3211} INFO - Sync 1 DAGs
[2026-02-07T11:00:31.108+0700] {logging_mixin.py:190} INFO - [2026-02-07T11:00:31.108+0700] {dag.py:4138} INFO - Setting next_dagrun for dag_scraping_twitter to 2026-02-06 23:00:00+00:00, run_after=2026-02-07 11:00:00+00:00
[2026-02-07T11:00:31.133+0700] {processor.py:208} INFO - Processing /opt/airflow/dags/dag_scraping_twitter.py took 0.111 seconds
[2026-02-07T11:01:01.385+0700] {processor.py:186} INFO - Started process (PID=1405) to work on /opt/airflow/dags/dag_scraping_twitter.py
[2026-02-07T11:01:01.386+0700] {processor.py:914} INFO - Processing file /opt/airflow/dags/dag_scraping_twitter.py for tasks to queue
[2026-02-07T11:01:01.388+0700] {logging_mixin.py:190} INFO - [2026-02-07T11:01:01.388+0700] {dagbag.py:587} INFO - Filling up the DagBag from /opt/airflow/dags/dag_scraping_twitter.py
[2026-02-07T11:01:01.415+0700] {processor.py:925} INFO - DAG(s) 'dag_scraping_twitter' retrieved from /opt/airflow/dags/dag_scraping_twitter.py
[2026-02-07T11:01:01.445+0700] {logging_mixin.py:190} INFO - [2026-02-07T11:01:01.444+0700] {dag.py:3211} INFO - Sync 1 DAGs
[2026-02-07T11:01:01.475+0700] {logging_mixin.py:190} INFO - [2026-02-07T11:01:01.475+0700] {dag.py:4138} INFO - Setting next_dagrun for dag_scraping_twitter to 2026-02-06 23:00:00+00:00, run_after=2026-02-07 11:00:00+00:00
[2026-02-07T11:01:01.499+0700] {processor.py:208} INFO - Processing /opt/airflow/dags/dag_scraping_twitter.py took 0.121 seconds
[2026-02-07T11:01:31.559+0700] {processor.py:186} INFO - Started process (PID=1415) to work on /opt/airflow/dags/dag_scraping_twitter.py
[2026-02-07T11:01:31.560+0700] {processor.py:914} INFO - Processing file /opt/airflow/dags/dag_scraping_twitter.py for tasks to queue
[2026-02-07T11:01:31.562+0700] {logging_mixin.py:190} INFO - [2026-02-07T11:01:31.562+0700] {dagbag.py:587} INFO - Filling up the DagBag from /opt/airflow/dags/dag_scraping_twitter.py
[2026-02-07T11:01:31.580+0700] {processor.py:925} INFO - DAG(s) 'dag_scraping_twitter' retrieved from /opt/airflow/dags/dag_scraping_twitter.py
[2026-02-07T11:01:31.607+0700] {logging_mixin.py:190} INFO - [2026-02-07T11:01:31.607+0700] {dag.py:3211} INFO - Sync 1 DAGs
[2026-02-07T11:01:31.632+0700] {logging_mixin.py:190} INFO - [2026-02-07T11:01:31.631+0700] {dag.py:4138} INFO - Setting next_dagrun for dag_scraping_twitter to 2026-02-06 23:00:00+00:00, run_after=2026-02-07 11:00:00+00:00
[2026-02-07T11:01:31.655+0700] {processor.py:208} INFO - Processing /opt/airflow/dags/dag_scraping_twitter.py took 0.103 seconds
[2026-02-07T11:02:01.791+0700] {processor.py:186} INFO - Started process (PID=1425) to work on /opt/airflow/dags/dag_scraping_twitter.py
[2026-02-07T11:02:01.792+0700] {processor.py:914} INFO - Processing file /opt/airflow/dags/dag_scraping_twitter.py for tasks to queue
[2026-02-07T11:02:01.795+0700] {logging_mixin.py:190} INFO - [2026-02-07T11:02:01.794+0700] {dagbag.py:587} INFO - Filling up the DagBag from /opt/airflow/dags/dag_scraping_twitter.py
[2026-02-07T11:02:01.812+0700] {processor.py:925} INFO - DAG(s) 'dag_scraping_twitter' retrieved from /opt/airflow/dags/dag_scraping_twitter.py
[2026-02-07T11:02:01.841+0700] {logging_mixin.py:190} INFO - [2026-02-07T11:02:01.840+0700] {dag.py:3211} INFO - Sync 1 DAGs
[2026-02-07T11:02:01.866+0700] {logging_mixin.py:190} INFO - [2026-02-07T11:02:01.865+0700] {dag.py:4138} INFO - Setting next_dagrun for dag_scraping_twitter to 2026-02-06 23:00:00+00:00, run_after=2026-02-07 11:00:00+00:00
[2026-02-07T11:02:01.889+0700] {processor.py:208} INFO - Processing /opt/airflow/dags/dag_scraping_twitter.py took 0.106 seconds
[2026-02-07T11:02:31.976+0700] {processor.py:186} INFO - Started process (PID=1435) to work on /opt/airflow/dags/dag_scraping_twitter.py
[2026-02-07T11:02:31.977+0700] {processor.py:914} INFO - Processing file /opt/airflow/dags/dag_scraping_twitter.py for tasks to queue
[2026-02-07T11:02:31.979+0700] {logging_mixin.py:190} INFO - [2026-02-07T11:02:31.979+0700] {dagbag.py:587} INFO - Filling up the DagBag from /opt/airflow/dags/dag_scraping_twitter.py
[2026-02-07T11:02:31.999+0700] {processor.py:925} INFO - DAG(s) 'dag_scraping_twitter' retrieved from /opt/airflow/dags/dag_scraping_twitter.py
[2026-02-07T11:02:32.028+0700] {logging_mixin.py:190} INFO - [2026-02-07T11:02:32.028+0700] {dag.py:3211} INFO - Sync 1 DAGs
[2026-02-07T11:02:32.052+0700] {logging_mixin.py:190} INFO - [2026-02-07T11:02:32.052+0700] {dag.py:4138} INFO - Setting next_dagrun for dag_scraping_twitter to 2026-02-06 23:00:00+00:00, run_after=2026-02-07 11:00:00+00:00
[2026-02-07T11:02:32.077+0700] {processor.py:208} INFO - Processing /opt/airflow/dags/dag_scraping_twitter.py took 0.108 seconds
[2026-02-07T11:03:02.423+0700] {processor.py:186} INFO - Started process (PID=1445) to work on /opt/airflow/dags/dag_scraping_twitter.py
[2026-02-07T11:03:02.424+0700] {processor.py:914} INFO - Processing file /opt/airflow/dags/dag_scraping_twitter.py for tasks to queue
[2026-02-07T11:03:02.427+0700] {logging_mixin.py:190} INFO - [2026-02-07T11:03:02.427+0700] {dagbag.py:587} INFO - Filling up the DagBag from /opt/airflow/dags/dag_scraping_twitter.py
[2026-02-07T11:03:02.447+0700] {processor.py:925} INFO - DAG(s) 'dag_scraping_twitter' retrieved from /opt/airflow/dags/dag_scraping_twitter.py
[2026-02-07T11:03:02.476+0700] {logging_mixin.py:190} INFO - [2026-02-07T11:03:02.476+0700] {dag.py:3211} INFO - Sync 1 DAGs
[2026-02-07T11:03:02.501+0700] {logging_mixin.py:190} INFO - [2026-02-07T11:03:02.501+0700] {dag.py:4138} INFO - Setting next_dagrun for dag_scraping_twitter to 2026-02-06 23:00:00+00:00, run_after=2026-02-07 11:00:00+00:00
[2026-02-07T11:03:02.526+0700] {processor.py:208} INFO - Processing /opt/airflow/dags/dag_scraping_twitter.py took 0.109 seconds
[2026-02-07T11:03:32.726+0700] {processor.py:186} INFO - Started process (PID=1455) to work on /opt/airflow/dags/dag_scraping_twitter.py
[2026-02-07T11:03:32.727+0700] {processor.py:914} INFO - Processing file /opt/airflow/dags/dag_scraping_twitter.py for tasks to queue
[2026-02-07T11:03:32.730+0700] {logging_mixin.py:190} INFO - [2026-02-07T11:03:32.729+0700] {dagbag.py:587} INFO - Filling up the DagBag from /opt/airflow/dags/dag_scraping_twitter.py
[2026-02-07T11:03:32.752+0700] {processor.py:925} INFO - DAG(s) 'dag_scraping_twitter' retrieved from /opt/airflow/dags/dag_scraping_twitter.py
[2026-02-07T11:03:32.780+0700] {logging_mixin.py:190} INFO - [2026-02-07T11:03:32.780+0700] {dag.py:3211} INFO - Sync 1 DAGs
[2026-02-07T11:03:32.809+0700] {logging_mixin.py:190} INFO - [2026-02-07T11:03:32.809+0700] {dag.py:4138} INFO - Setting next_dagrun for dag_scraping_twitter to 2026-02-06 23:00:00+00:00, run_after=2026-02-07 11:00:00+00:00
[2026-02-07T11:03:32.833+0700] {processor.py:208} INFO - Processing /opt/airflow/dags/dag_scraping_twitter.py took 0.115 seconds
[2026-02-07T11:04:02.928+0700] {processor.py:186} INFO - Started process (PID=1465) to work on /opt/airflow/dags/dag_scraping_twitter.py
[2026-02-07T11:04:02.929+0700] {processor.py:914} INFO - Processing file /opt/airflow/dags/dag_scraping_twitter.py for tasks to queue
[2026-02-07T11:04:02.932+0700] {logging_mixin.py:190} INFO - [2026-02-07T11:04:02.931+0700] {dagbag.py:587} INFO - Filling up the DagBag from /opt/airflow/dags/dag_scraping_twitter.py
[2026-02-07T11:04:02.952+0700] {processor.py:925} INFO - DAG(s) 'dag_scraping_twitter' retrieved from /opt/airflow/dags/dag_scraping_twitter.py
[2026-02-07T11:04:02.983+0700] {logging_mixin.py:190} INFO - [2026-02-07T11:04:02.982+0700] {dag.py:3211} INFO - Sync 1 DAGs
[2026-02-07T11:04:03.007+0700] {logging_mixin.py:190} INFO - [2026-02-07T11:04:03.007+0700] {dag.py:4138} INFO - Setting next_dagrun for dag_scraping_twitter to 2026-02-06 23:00:00+00:00, run_after=2026-02-07 11:00:00+00:00
[2026-02-07T11:04:03.031+0700] {processor.py:208} INFO - Processing /opt/airflow/dags/dag_scraping_twitter.py took 0.110 seconds
[2026-02-07T11:04:33.090+0700] {processor.py:186} INFO - Started process (PID=1475) to work on /opt/airflow/dags/dag_scraping_twitter.py
[2026-02-07T11:04:33.091+0700] {processor.py:914} INFO - Processing file /opt/airflow/dags/dag_scraping_twitter.py for tasks to queue
[2026-02-07T11:04:33.094+0700] {logging_mixin.py:190} INFO - [2026-02-07T11:04:33.093+0700] {dagbag.py:587} INFO - Filling up the DagBag from /opt/airflow/dags/dag_scraping_twitter.py
[2026-02-07T11:04:33.114+0700] {processor.py:925} INFO - DAG(s) 'dag_scraping_twitter' retrieved from /opt/airflow/dags/dag_scraping_twitter.py
[2026-02-07T11:04:33.142+0700] {logging_mixin.py:190} INFO - [2026-02-07T11:04:33.142+0700] {dag.py:3211} INFO - Sync 1 DAGs
[2026-02-07T11:04:33.166+0700] {logging_mixin.py:190} INFO - [2026-02-07T11:04:33.166+0700] {dag.py:4138} INFO - Setting next_dagrun for dag_scraping_twitter to 2026-02-06 23:00:00+00:00, run_after=2026-02-07 11:00:00+00:00
[2026-02-07T11:04:33.191+0700] {processor.py:208} INFO - Processing /opt/airflow/dags/dag_scraping_twitter.py took 0.109 seconds
[2026-02-07T11:05:04.012+0700] {processor.py:186} INFO - Started process (PID=1485) to work on /opt/airflow/dags/dag_scraping_twitter.py
[2026-02-07T11:05:04.013+0700] {processor.py:914} INFO - Processing file /opt/airflow/dags/dag_scraping_twitter.py for tasks to queue
[2026-02-07T11:05:04.017+0700] {logging_mixin.py:190} INFO - [2026-02-07T11:05:04.016+0700] {dagbag.py:587} INFO - Filling up the DagBag from /opt/airflow/dags/dag_scraping_twitter.py
[2026-02-07T11:05:04.036+0700] {processor.py:925} INFO - DAG(s) 'dag_scraping_twitter' retrieved from /opt/airflow/dags/dag_scraping_twitter.py
[2026-02-07T11:05:04.066+0700] {logging_mixin.py:190} INFO - [2026-02-07T11:05:04.066+0700] {dag.py:3211} INFO - Sync 1 DAGs
[2026-02-07T11:05:04.091+0700] {logging_mixin.py:190} INFO - [2026-02-07T11:05:04.091+0700] {dag.py:4138} INFO - Setting next_dagrun for dag_scraping_twitter to 2026-02-06 23:00:00+00:00, run_after=2026-02-07 11:00:00+00:00
[2026-02-07T11:05:04.114+0700] {processor.py:208} INFO - Processing /opt/airflow/dags/dag_scraping_twitter.py took 0.110 seconds
[2026-02-07T11:05:34.203+0700] {processor.py:186} INFO - Started process (PID=1495) to work on /opt/airflow/dags/dag_scraping_twitter.py
[2026-02-07T11:05:34.204+0700] {processor.py:914} INFO - Processing file /opt/airflow/dags/dag_scraping_twitter.py for tasks to queue
[2026-02-07T11:05:34.206+0700] {logging_mixin.py:190} INFO - [2026-02-07T11:05:34.206+0700] {dagbag.py:587} INFO - Filling up the DagBag from /opt/airflow/dags/dag_scraping_twitter.py
[2026-02-07T11:05:34.223+0700] {processor.py:925} INFO - DAG(s) 'dag_scraping_twitter' retrieved from /opt/airflow/dags/dag_scraping_twitter.py
[2026-02-07T11:05:34.252+0700] {logging_mixin.py:190} INFO - [2026-02-07T11:05:34.252+0700] {dag.py:3211} INFO - Sync 1 DAGs
[2026-02-07T11:05:34.278+0700] {logging_mixin.py:190} INFO - [2026-02-07T11:05:34.277+0700] {dag.py:4138} INFO - Setting next_dagrun for dag_scraping_twitter to 2026-02-06 23:00:00+00:00, run_after=2026-02-07 11:00:00+00:00
[2026-02-07T11:05:34.302+0700] {processor.py:208} INFO - Processing /opt/airflow/dags/dag_scraping_twitter.py took 0.105 seconds
[2026-02-07T11:06:04.993+0700] {processor.py:186} INFO - Started process (PID=1505) to work on /opt/airflow/dags/dag_scraping_twitter.py
[2026-02-07T11:06:04.995+0700] {processor.py:914} INFO - Processing file /opt/airflow/dags/dag_scraping_twitter.py for tasks to queue
[2026-02-07T11:06:04.998+0700] {logging_mixin.py:190} INFO - [2026-02-07T11:06:04.997+0700] {dagbag.py:587} INFO - Filling up the DagBag from /opt/airflow/dags/dag_scraping_twitter.py
[2026-02-07T11:06:05.021+0700] {processor.py:925} INFO - DAG(s) 'dag_scraping_twitter' retrieved from /opt/airflow/dags/dag_scraping_twitter.py
[2026-02-07T11:06:05.053+0700] {logging_mixin.py:190} INFO - [2026-02-07T11:06:05.053+0700] {dag.py:3211} INFO - Sync 1 DAGs
[2026-02-07T11:06:05.079+0700] {logging_mixin.py:190} INFO - [2026-02-07T11:06:05.079+0700] {dag.py:4138} INFO - Setting next_dagrun for dag_scraping_twitter to 2026-02-06 23:00:00+00:00, run_after=2026-02-07 11:00:00+00:00
[2026-02-07T11:06:05.104+0700] {processor.py:208} INFO - Processing /opt/airflow/dags/dag_scraping_twitter.py took 0.121 seconds
[2026-02-07T11:06:35.176+0700] {processor.py:186} INFO - Started process (PID=1515) to work on /opt/airflow/dags/dag_scraping_twitter.py
[2026-02-07T11:06:35.177+0700] {processor.py:914} INFO - Processing file /opt/airflow/dags/dag_scraping_twitter.py for tasks to queue
[2026-02-07T11:06:35.181+0700] {logging_mixin.py:190} INFO - [2026-02-07T11:06:35.180+0700] {dagbag.py:587} INFO - Filling up the DagBag from /opt/airflow/dags/dag_scraping_twitter.py
[2026-02-07T11:06:35.201+0700] {processor.py:925} INFO - DAG(s) 'dag_scraping_twitter' retrieved from /opt/airflow/dags/dag_scraping_twitter.py
[2026-02-07T11:06:35.234+0700] {logging_mixin.py:190} INFO - [2026-02-07T11:06:35.233+0700] {dag.py:3211} INFO - Sync 1 DAGs
[2026-02-07T11:06:35.261+0700] {logging_mixin.py:190} INFO - [2026-02-07T11:06:35.261+0700] {dag.py:4138} INFO - Setting next_dagrun for dag_scraping_twitter to 2026-02-06 23:00:00+00:00, run_after=2026-02-07 11:00:00+00:00
[2026-02-07T11:06:35.284+0700] {processor.py:208} INFO - Processing /opt/airflow/dags/dag_scraping_twitter.py took 0.116 seconds
[2026-02-07T11:07:05.433+0700] {processor.py:186} INFO - Started process (PID=1525) to work on /opt/airflow/dags/dag_scraping_twitter.py
[2026-02-07T11:07:05.435+0700] {processor.py:914} INFO - Processing file /opt/airflow/dags/dag_scraping_twitter.py for tasks to queue
[2026-02-07T11:07:05.437+0700] {logging_mixin.py:190} INFO - [2026-02-07T11:07:05.437+0700] {dagbag.py:587} INFO - Filling up the DagBag from /opt/airflow/dags/dag_scraping_twitter.py
[2026-02-07T11:07:05.459+0700] {processor.py:925} INFO - DAG(s) 'dag_scraping_twitter' retrieved from /opt/airflow/dags/dag_scraping_twitter.py
[2026-02-07T11:07:05.489+0700] {logging_mixin.py:190} INFO - [2026-02-07T11:07:05.489+0700] {dag.py:3211} INFO - Sync 1 DAGs
[2026-02-07T11:07:05.514+0700] {logging_mixin.py:190} INFO - [2026-02-07T11:07:05.513+0700] {dag.py:4138} INFO - Setting next_dagrun for dag_scraping_twitter to 2026-02-06 23:00:00+00:00, run_after=2026-02-07 11:00:00+00:00
[2026-02-07T11:07:05.536+0700] {processor.py:208} INFO - Processing /opt/airflow/dags/dag_scraping_twitter.py took 0.109 seconds
[2026-02-07T11:07:35.631+0700] {processor.py:186} INFO - Started process (PID=1535) to work on /opt/airflow/dags/dag_scraping_twitter.py
[2026-02-07T11:07:35.632+0700] {processor.py:914} INFO - Processing file /opt/airflow/dags/dag_scraping_twitter.py for tasks to queue
[2026-02-07T11:07:35.635+0700] {logging_mixin.py:190} INFO - [2026-02-07T11:07:35.635+0700] {dagbag.py:587} INFO - Filling up the DagBag from /opt/airflow/dags/dag_scraping_twitter.py
[2026-02-07T11:07:35.652+0700] {processor.py:925} INFO - DAG(s) 'dag_scraping_twitter' retrieved from /opt/airflow/dags/dag_scraping_twitter.py
[2026-02-07T11:07:35.680+0700] {logging_mixin.py:190} INFO - [2026-02-07T11:07:35.680+0700] {dag.py:3211} INFO - Sync 1 DAGs
[2026-02-07T11:07:35.711+0700] {logging_mixin.py:190} INFO - [2026-02-07T11:07:35.710+0700] {dag.py:4138} INFO - Setting next_dagrun for dag_scraping_twitter to 2026-02-06 23:00:00+00:00, run_after=2026-02-07 11:00:00+00:00
[2026-02-07T11:07:35.735+0700] {processor.py:208} INFO - Processing /opt/airflow/dags/dag_scraping_twitter.py took 0.111 seconds
[2026-02-07T11:08:06.160+0700] {processor.py:186} INFO - Started process (PID=1545) to work on /opt/airflow/dags/dag_scraping_twitter.py
[2026-02-07T11:08:06.162+0700] {processor.py:914} INFO - Processing file /opt/airflow/dags/dag_scraping_twitter.py for tasks to queue
[2026-02-07T11:08:06.165+0700] {logging_mixin.py:190} INFO - [2026-02-07T11:08:06.164+0700] {dagbag.py:587} INFO - Filling up the DagBag from /opt/airflow/dags/dag_scraping_twitter.py
[2026-02-07T11:08:06.187+0700] {processor.py:925} INFO - DAG(s) 'dag_scraping_twitter' retrieved from /opt/airflow/dags/dag_scraping_twitter.py
[2026-02-07T11:08:06.214+0700] {logging_mixin.py:190} INFO - [2026-02-07T11:08:06.214+0700] {dag.py:3211} INFO - Sync 1 DAGs
[2026-02-07T11:08:06.238+0700] {logging_mixin.py:190} INFO - [2026-02-07T11:08:06.237+0700] {dag.py:4138} INFO - Setting next_dagrun for dag_scraping_twitter to 2026-02-06 23:00:00+00:00, run_after=2026-02-07 11:00:00+00:00
[2026-02-07T11:08:06.263+0700] {processor.py:208} INFO - Processing /opt/airflow/dags/dag_scraping_twitter.py took 0.112 seconds
[2026-02-07T11:08:36.352+0700] {processor.py:186} INFO - Started process (PID=1555) to work on /opt/airflow/dags/dag_scraping_twitter.py
[2026-02-07T11:08:36.353+0700] {processor.py:914} INFO - Processing file /opt/airflow/dags/dag_scraping_twitter.py for tasks to queue
[2026-02-07T11:08:36.355+0700] {logging_mixin.py:190} INFO - [2026-02-07T11:08:36.355+0700] {dagbag.py:587} INFO - Filling up the DagBag from /opt/airflow/dags/dag_scraping_twitter.py
[2026-02-07T11:08:36.374+0700] {processor.py:925} INFO - DAG(s) 'dag_scraping_twitter' retrieved from /opt/airflow/dags/dag_scraping_twitter.py
[2026-02-07T11:08:36.403+0700] {logging_mixin.py:190} INFO - [2026-02-07T11:08:36.403+0700] {dag.py:3211} INFO - Sync 1 DAGs
[2026-02-07T11:08:36.429+0700] {logging_mixin.py:190} INFO - [2026-02-07T11:08:36.428+0700] {dag.py:4138} INFO - Setting next_dagrun for dag_scraping_twitter to 2026-02-06 23:00:00+00:00, run_after=2026-02-07 11:00:00+00:00
[2026-02-07T11:08:36.452+0700] {processor.py:208} INFO - Processing /opt/airflow/dags/dag_scraping_twitter.py took 0.107 seconds
[2026-02-07T11:09:06.503+0700] {processor.py:186} INFO - Started process (PID=1565) to work on /opt/airflow/dags/dag_scraping_twitter.py
[2026-02-07T11:09:06.504+0700] {processor.py:914} INFO - Processing file /opt/airflow/dags/dag_scraping_twitter.py for tasks to queue
[2026-02-07T11:09:06.506+0700] {logging_mixin.py:190} INFO - [2026-02-07T11:09:06.506+0700] {dagbag.py:587} INFO - Filling up the DagBag from /opt/airflow/dags/dag_scraping_twitter.py
[2026-02-07T11:09:06.527+0700] {processor.py:925} INFO - DAG(s) 'dag_scraping_twitter' retrieved from /opt/airflow/dags/dag_scraping_twitter.py
[2026-02-07T11:09:06.556+0700] {logging_mixin.py:190} INFO - [2026-02-07T11:09:06.556+0700] {dag.py:3211} INFO - Sync 1 DAGs
[2026-02-07T11:09:06.582+0700] {logging_mixin.py:190} INFO - [2026-02-07T11:09:06.582+0700] {dag.py:4138} INFO - Setting next_dagrun for dag_scraping_twitter to 2026-02-06 23:00:00+00:00, run_after=2026-02-07 11:00:00+00:00
[2026-02-07T11:09:06.606+0700] {processor.py:208} INFO - Processing /opt/airflow/dags/dag_scraping_twitter.py took 0.109 seconds
[2026-02-07T11:09:36.778+0700] {processor.py:186} INFO - Started process (PID=1575) to work on /opt/airflow/dags/dag_scraping_twitter.py
[2026-02-07T11:09:36.779+0700] {processor.py:914} INFO - Processing file /opt/airflow/dags/dag_scraping_twitter.py for tasks to queue
[2026-02-07T11:09:36.782+0700] {logging_mixin.py:190} INFO - [2026-02-07T11:09:36.782+0700] {dagbag.py:587} INFO - Filling up the DagBag from /opt/airflow/dags/dag_scraping_twitter.py
[2026-02-07T11:09:36.800+0700] {processor.py:925} INFO - DAG(s) 'dag_scraping_twitter' retrieved from /opt/airflow/dags/dag_scraping_twitter.py
[2026-02-07T11:09:36.830+0700] {logging_mixin.py:190} INFO - [2026-02-07T11:09:36.829+0700] {dag.py:3211} INFO - Sync 1 DAGs
[2026-02-07T11:09:36.855+0700] {logging_mixin.py:190} INFO - [2026-02-07T11:09:36.855+0700] {dag.py:4138} INFO - Setting next_dagrun for dag_scraping_twitter to 2026-02-06 23:00:00+00:00, run_after=2026-02-07 11:00:00+00:00
[2026-02-07T11:09:36.880+0700] {processor.py:208} INFO - Processing /opt/airflow/dags/dag_scraping_twitter.py took 0.108 seconds
[2026-02-07T11:10:06.952+0700] {processor.py:186} INFO - Started process (PID=1585) to work on /opt/airflow/dags/dag_scraping_twitter.py
[2026-02-07T11:10:06.953+0700] {processor.py:914} INFO - Processing file /opt/airflow/dags/dag_scraping_twitter.py for tasks to queue
[2026-02-07T11:10:06.957+0700] {logging_mixin.py:190} INFO - [2026-02-07T11:10:06.957+0700] {dagbag.py:587} INFO - Filling up the DagBag from /opt/airflow/dags/dag_scraping_twitter.py
[2026-02-07T11:10:06.977+0700] {processor.py:925} INFO - DAG(s) 'dag_scraping_twitter' retrieved from /opt/airflow/dags/dag_scraping_twitter.py
[2026-02-07T11:10:07.006+0700] {logging_mixin.py:190} INFO - [2026-02-07T11:10:07.006+0700] {dag.py:3211} INFO - Sync 1 DAGs
[2026-02-07T11:10:07.030+0700] {logging_mixin.py:190} INFO - [2026-02-07T11:10:07.030+0700] {dag.py:4138} INFO - Setting next_dagrun for dag_scraping_twitter to 2026-02-06 23:00:00+00:00, run_after=2026-02-07 11:00:00+00:00
[2026-02-07T11:10:07.054+0700] {processor.py:208} INFO - Processing /opt/airflow/dags/dag_scraping_twitter.py took 0.110 seconds
[2026-02-07T11:10:38.051+0700] {processor.py:186} INFO - Started process (PID=1595) to work on /opt/airflow/dags/dag_scraping_twitter.py
[2026-02-07T11:10:38.052+0700] {processor.py:914} INFO - Processing file /opt/airflow/dags/dag_scraping_twitter.py for tasks to queue
[2026-02-07T11:10:38.055+0700] {logging_mixin.py:190} INFO - [2026-02-07T11:10:38.054+0700] {dagbag.py:587} INFO - Filling up the DagBag from /opt/airflow/dags/dag_scraping_twitter.py
[2026-02-07T11:10:38.076+0700] {processor.py:925} INFO - DAG(s) 'dag_scraping_twitter' retrieved from /opt/airflow/dags/dag_scraping_twitter.py
[2026-02-07T11:10:38.109+0700] {logging_mixin.py:190} INFO - [2026-02-07T11:10:38.109+0700] {dag.py:3211} INFO - Sync 1 DAGs
[2026-02-07T11:10:38.136+0700] {logging_mixin.py:190} INFO - [2026-02-07T11:10:38.135+0700] {dag.py:4138} INFO - Setting next_dagrun for dag_scraping_twitter to 2026-02-06 23:00:00+00:00, run_after=2026-02-07 11:00:00+00:00
[2026-02-07T11:10:38.162+0700] {processor.py:208} INFO - Processing /opt/airflow/dags/dag_scraping_twitter.py took 0.119 seconds
[2026-02-07T11:11:08.537+0700] {processor.py:186} INFO - Started process (PID=1605) to work on /opt/airflow/dags/dag_scraping_twitter.py
[2026-02-07T11:11:08.538+0700] {processor.py:914} INFO - Processing file /opt/airflow/dags/dag_scraping_twitter.py for tasks to queue
[2026-02-07T11:11:08.542+0700] {logging_mixin.py:190} INFO - [2026-02-07T11:11:08.541+0700] {dagbag.py:587} INFO - Filling up the DagBag from /opt/airflow/dags/dag_scraping_twitter.py
[2026-02-07T11:11:08.566+0700] {processor.py:925} INFO - DAG(s) 'dag_scraping_twitter' retrieved from /opt/airflow/dags/dag_scraping_twitter.py
[2026-02-07T11:11:08.601+0700] {logging_mixin.py:190} INFO - [2026-02-07T11:11:08.601+0700] {dag.py:3211} INFO - Sync 1 DAGs
[2026-02-07T11:11:08.636+0700] {logging_mixin.py:190} INFO - [2026-02-07T11:11:08.635+0700] {dag.py:4138} INFO - Setting next_dagrun for dag_scraping_twitter to 2026-02-06 23:00:00+00:00, run_after=2026-02-07 11:00:00+00:00
[2026-02-07T11:11:08.664+0700] {processor.py:208} INFO - Processing /opt/airflow/dags/dag_scraping_twitter.py took 0.136 seconds
[2026-02-07T11:11:38.756+0700] {processor.py:186} INFO - Started process (PID=1615) to work on /opt/airflow/dags/dag_scraping_twitter.py
[2026-02-07T11:11:38.757+0700] {processor.py:914} INFO - Processing file /opt/airflow/dags/dag_scraping_twitter.py for tasks to queue
[2026-02-07T11:11:38.760+0700] {logging_mixin.py:190} INFO - [2026-02-07T11:11:38.760+0700] {dagbag.py:587} INFO - Filling up the DagBag from /opt/airflow/dags/dag_scraping_twitter.py
[2026-02-07T11:11:38.782+0700] {processor.py:925} INFO - DAG(s) 'dag_scraping_twitter' retrieved from /opt/airflow/dags/dag_scraping_twitter.py
[2026-02-07T11:11:38.811+0700] {logging_mixin.py:190} INFO - [2026-02-07T11:11:38.811+0700] {dag.py:3211} INFO - Sync 1 DAGs
[2026-02-07T11:11:38.837+0700] {logging_mixin.py:190} INFO - [2026-02-07T11:11:38.837+0700] {dag.py:4138} INFO - Setting next_dagrun for dag_scraping_twitter to 2026-02-06 23:00:00+00:00, run_after=2026-02-07 11:00:00+00:00
[2026-02-07T11:11:38.862+0700] {processor.py:208} INFO - Processing /opt/airflow/dags/dag_scraping_twitter.py took 0.116 seconds
[2026-02-07T11:12:08.942+0700] {processor.py:186} INFO - Started process (PID=1625) to work on /opt/airflow/dags/dag_scraping_twitter.py
[2026-02-07T11:12:08.944+0700] {processor.py:914} INFO - Processing file /opt/airflow/dags/dag_scraping_twitter.py for tasks to queue
[2026-02-07T11:12:08.947+0700] {logging_mixin.py:190} INFO - [2026-02-07T11:12:08.947+0700] {dagbag.py:587} INFO - Filling up the DagBag from /opt/airflow/dags/dag_scraping_twitter.py
[2026-02-07T11:12:08.967+0700] {processor.py:925} INFO - DAG(s) 'dag_scraping_twitter' retrieved from /opt/airflow/dags/dag_scraping_twitter.py
[2026-02-07T11:12:09.003+0700] {logging_mixin.py:190} INFO - [2026-02-07T11:12:09.002+0700] {dag.py:3211} INFO - Sync 1 DAGs
[2026-02-07T11:12:09.030+0700] {logging_mixin.py:190} INFO - [2026-02-07T11:12:09.030+0700] {dag.py:4138} INFO - Setting next_dagrun for dag_scraping_twitter to 2026-02-06 23:00:00+00:00, run_after=2026-02-07 11:00:00+00:00
[2026-02-07T11:12:09.059+0700] {processor.py:208} INFO - Processing /opt/airflow/dags/dag_scraping_twitter.py took 0.124 seconds
[2026-02-07T11:12:39.881+0700] {processor.py:186} INFO - Started process (PID=1635) to work on /opt/airflow/dags/dag_scraping_twitter.py
[2026-02-07T11:12:39.882+0700] {processor.py:914} INFO - Processing file /opt/airflow/dags/dag_scraping_twitter.py for tasks to queue
[2026-02-07T11:12:39.884+0700] {logging_mixin.py:190} INFO - [2026-02-07T11:12:39.884+0700] {dagbag.py:587} INFO - Filling up the DagBag from /opt/airflow/dags/dag_scraping_twitter.py
[2026-02-07T11:12:39.903+0700] {processor.py:925} INFO - DAG(s) 'dag_scraping_twitter' retrieved from /opt/airflow/dags/dag_scraping_twitter.py
[2026-02-07T11:12:39.935+0700] {logging_mixin.py:190} INFO - [2026-02-07T11:12:39.935+0700] {dag.py:3211} INFO - Sync 1 DAGs
[2026-02-07T11:12:39.959+0700] {logging_mixin.py:190} INFO - [2026-02-07T11:12:39.959+0700] {dag.py:4138} INFO - Setting next_dagrun for dag_scraping_twitter to 2026-02-06 23:00:00+00:00, run_after=2026-02-07 11:00:00+00:00
[2026-02-07T11:12:39.983+0700] {processor.py:208} INFO - Processing /opt/airflow/dags/dag_scraping_twitter.py took 0.109 seconds
[2026-02-07T11:13:10.147+0700] {processor.py:186} INFO - Started process (PID=1645) to work on /opt/airflow/dags/dag_scraping_twitter.py
[2026-02-07T11:13:10.148+0700] {processor.py:914} INFO - Processing file /opt/airflow/dags/dag_scraping_twitter.py for tasks to queue
[2026-02-07T11:13:10.150+0700] {logging_mixin.py:190} INFO - [2026-02-07T11:13:10.150+0700] {dagbag.py:587} INFO - Filling up the DagBag from /opt/airflow/dags/dag_scraping_twitter.py
[2026-02-07T11:13:10.170+0700] {processor.py:925} INFO - DAG(s) 'dag_scraping_twitter' retrieved from /opt/airflow/dags/dag_scraping_twitter.py
[2026-02-07T11:13:10.199+0700] {logging_mixin.py:190} INFO - [2026-02-07T11:13:10.199+0700] {dag.py:3211} INFO - Sync 1 DAGs
[2026-02-07T11:13:10.223+0700] {logging_mixin.py:190} INFO - [2026-02-07T11:13:10.223+0700] {dag.py:4138} INFO - Setting next_dagrun for dag_scraping_twitter to 2026-02-06 23:00:00+00:00, run_after=2026-02-07 11:00:00+00:00
[2026-02-07T11:13:10.247+0700] {processor.py:208} INFO - Processing /opt/airflow/dags/dag_scraping_twitter.py took 0.107 seconds
[2026-02-07T11:13:41.243+0700] {processor.py:186} INFO - Started process (PID=1655) to work on /opt/airflow/dags/dag_scraping_twitter.py
[2026-02-07T11:13:41.245+0700] {processor.py:914} INFO - Processing file /opt/airflow/dags/dag_scraping_twitter.py for tasks to queue
[2026-02-07T11:13:41.247+0700] {logging_mixin.py:190} INFO - [2026-02-07T11:13:41.247+0700] {dagbag.py:587} INFO - Filling up the DagBag from /opt/airflow/dags/dag_scraping_twitter.py
[2026-02-07T11:13:41.269+0700] {processor.py:925} INFO - DAG(s) 'dag_scraping_twitter' retrieved from /opt/airflow/dags/dag_scraping_twitter.py
[2026-02-07T11:13:41.300+0700] {logging_mixin.py:190} INFO - [2026-02-07T11:13:41.300+0700] {dag.py:3211} INFO - Sync 1 DAGs
[2026-02-07T11:13:41.329+0700] {logging_mixin.py:190} INFO - [2026-02-07T11:13:41.328+0700] {dag.py:4138} INFO - Setting next_dagrun for dag_scraping_twitter to 2026-02-06 23:00:00+00:00, run_after=2026-02-07 11:00:00+00:00
[2026-02-07T11:13:41.353+0700] {processor.py:208} INFO - Processing /opt/airflow/dags/dag_scraping_twitter.py took 0.120 seconds
[2026-02-07T11:14:11.520+0700] {processor.py:186} INFO - Started process (PID=1665) to work on /opt/airflow/dags/dag_scraping_twitter.py
[2026-02-07T11:14:11.521+0700] {processor.py:914} INFO - Processing file /opt/airflow/dags/dag_scraping_twitter.py for tasks to queue
[2026-02-07T11:14:11.525+0700] {logging_mixin.py:190} INFO - [2026-02-07T11:14:11.524+0700] {dagbag.py:587} INFO - Filling up the DagBag from /opt/airflow/dags/dag_scraping_twitter.py
[2026-02-07T11:14:11.543+0700] {processor.py:925} INFO - DAG(s) 'dag_scraping_twitter' retrieved from /opt/airflow/dags/dag_scraping_twitter.py
[2026-02-07T11:14:11.572+0700] {logging_mixin.py:190} INFO - [2026-02-07T11:14:11.572+0700] {dag.py:3211} INFO - Sync 1 DAGs
[2026-02-07T11:14:11.596+0700] {logging_mixin.py:190} INFO - [2026-02-07T11:14:11.596+0700] {dag.py:4138} INFO - Setting next_dagrun for dag_scraping_twitter to 2026-02-06 23:00:00+00:00, run_after=2026-02-07 11:00:00+00:00
[2026-02-07T11:14:11.620+0700] {processor.py:208} INFO - Processing /opt/airflow/dags/dag_scraping_twitter.py took 0.106 seconds
[2026-02-07T11:14:41.968+0700] {processor.py:186} INFO - Started process (PID=1675) to work on /opt/airflow/dags/dag_scraping_twitter.py
[2026-02-07T11:14:41.969+0700] {processor.py:914} INFO - Processing file /opt/airflow/dags/dag_scraping_twitter.py for tasks to queue
[2026-02-07T11:14:41.971+0700] {logging_mixin.py:190} INFO - [2026-02-07T11:14:41.971+0700] {dagbag.py:587} INFO - Filling up the DagBag from /opt/airflow/dags/dag_scraping_twitter.py
[2026-02-07T11:14:41.990+0700] {processor.py:925} INFO - DAG(s) 'dag_scraping_twitter' retrieved from /opt/airflow/dags/dag_scraping_twitter.py
[2026-02-07T11:14:42.020+0700] {logging_mixin.py:190} INFO - [2026-02-07T11:14:42.020+0700] {dag.py:3211} INFO - Sync 1 DAGs
[2026-02-07T11:14:42.048+0700] {logging_mixin.py:190} INFO - [2026-02-07T11:14:42.048+0700] {dag.py:4138} INFO - Setting next_dagrun for dag_scraping_twitter to 2026-02-06 23:00:00+00:00, run_after=2026-02-07 11:00:00+00:00
[2026-02-07T11:14:42.071+0700] {processor.py:208} INFO - Processing /opt/airflow/dags/dag_scraping_twitter.py took 0.112 seconds
[2026-02-07T11:15:12.203+0700] {processor.py:186} INFO - Started process (PID=1685) to work on /opt/airflow/dags/dag_scraping_twitter.py
[2026-02-07T11:15:12.204+0700] {processor.py:914} INFO - Processing file /opt/airflow/dags/dag_scraping_twitter.py for tasks to queue
[2026-02-07T11:15:12.207+0700] {logging_mixin.py:190} INFO - [2026-02-07T11:15:12.206+0700] {dagbag.py:587} INFO - Filling up the DagBag from /opt/airflow/dags/dag_scraping_twitter.py
[2026-02-07T11:15:12.231+0700] {processor.py:925} INFO - DAG(s) 'dag_scraping_twitter' retrieved from /opt/airflow/dags/dag_scraping_twitter.py
[2026-02-07T11:15:12.266+0700] {logging_mixin.py:190} INFO - [2026-02-07T11:15:12.265+0700] {dag.py:3211} INFO - Sync 1 DAGs
[2026-02-07T11:15:12.294+0700] {logging_mixin.py:190} INFO - [2026-02-07T11:15:12.293+0700] {dag.py:4138} INFO - Setting next_dagrun for dag_scraping_twitter to 2026-02-06 23:00:00+00:00, run_after=2026-02-07 11:00:00+00:00
[2026-02-07T11:15:12.319+0700] {processor.py:208} INFO - Processing /opt/airflow/dags/dag_scraping_twitter.py took 0.123 seconds
[2026-02-07T11:15:43.347+0700] {processor.py:186} INFO - Started process (PID=1695) to work on /opt/airflow/dags/dag_scraping_twitter.py
[2026-02-07T11:15:43.348+0700] {processor.py:914} INFO - Processing file /opt/airflow/dags/dag_scraping_twitter.py for tasks to queue
[2026-02-07T11:15:43.350+0700] {logging_mixin.py:190} INFO - [2026-02-07T11:15:43.350+0700] {dagbag.py:587} INFO - Filling up the DagBag from /opt/airflow/dags/dag_scraping_twitter.py
[2026-02-07T11:15:43.369+0700] {processor.py:925} INFO - DAG(s) 'dag_scraping_twitter' retrieved from /opt/airflow/dags/dag_scraping_twitter.py
[2026-02-07T11:15:43.398+0700] {logging_mixin.py:190} INFO - [2026-02-07T11:15:43.397+0700] {dag.py:3211} INFO - Sync 1 DAGs
[2026-02-07T11:15:43.421+0700] {logging_mixin.py:190} INFO - [2026-02-07T11:15:43.421+0700] {dag.py:4138} INFO - Setting next_dagrun for dag_scraping_twitter to 2026-02-06 23:00:00+00:00, run_after=2026-02-07 11:00:00+00:00
[2026-02-07T11:15:43.444+0700] {processor.py:208} INFO - Processing /opt/airflow/dags/dag_scraping_twitter.py took 0.105 seconds
[2026-02-07T11:16:13.519+0700] {processor.py:186} INFO - Started process (PID=1705) to work on /opt/airflow/dags/dag_scraping_twitter.py
[2026-02-07T11:16:13.520+0700] {processor.py:914} INFO - Processing file /opt/airflow/dags/dag_scraping_twitter.py for tasks to queue
[2026-02-07T11:16:13.523+0700] {logging_mixin.py:190} INFO - [2026-02-07T11:16:13.523+0700] {dagbag.py:587} INFO - Filling up the DagBag from /opt/airflow/dags/dag_scraping_twitter.py
[2026-02-07T11:16:13.542+0700] {processor.py:925} INFO - DAG(s) 'dag_scraping_twitter' retrieved from /opt/airflow/dags/dag_scraping_twitter.py
[2026-02-07T11:16:13.571+0700] {logging_mixin.py:190} INFO - [2026-02-07T11:16:13.570+0700] {dag.py:3211} INFO - Sync 1 DAGs
[2026-02-07T11:16:13.595+0700] {logging_mixin.py:190} INFO - [2026-02-07T11:16:13.594+0700] {dag.py:4138} INFO - Setting next_dagrun for dag_scraping_twitter to 2026-02-06 23:00:00+00:00, run_after=2026-02-07 11:00:00+00:00
[2026-02-07T11:16:13.620+0700] {processor.py:208} INFO - Processing /opt/airflow/dags/dag_scraping_twitter.py took 0.107 seconds
[2026-02-07T11:16:44.657+0700] {processor.py:186} INFO - Started process (PID=1715) to work on /opt/airflow/dags/dag_scraping_twitter.py
[2026-02-07T11:16:44.658+0700] {processor.py:914} INFO - Processing file /opt/airflow/dags/dag_scraping_twitter.py for tasks to queue
[2026-02-07T11:16:44.662+0700] {logging_mixin.py:190} INFO - [2026-02-07T11:16:44.662+0700] {dagbag.py:587} INFO - Filling up the DagBag from /opt/airflow/dags/dag_scraping_twitter.py
[2026-02-07T11:16:44.684+0700] {processor.py:925} INFO - DAG(s) 'dag_scraping_twitter' retrieved from /opt/airflow/dags/dag_scraping_twitter.py
[2026-02-07T11:16:44.714+0700] {logging_mixin.py:190} INFO - [2026-02-07T11:16:44.714+0700] {dag.py:3211} INFO - Sync 1 DAGs
[2026-02-07T11:16:44.740+0700] {logging_mixin.py:190} INFO - [2026-02-07T11:16:44.740+0700] {dag.py:4138} INFO - Setting next_dagrun for dag_scraping_twitter to 2026-02-06 23:00:00+00:00, run_after=2026-02-07 11:00:00+00:00
[2026-02-07T11:16:44.765+0700] {processor.py:208} INFO - Processing /opt/airflow/dags/dag_scraping_twitter.py took 0.117 seconds
[2026-02-07T11:17:15.418+0700] {processor.py:186} INFO - Started process (PID=1725) to work on /opt/airflow/dags/dag_scraping_twitter.py
[2026-02-07T11:17:15.419+0700] {processor.py:914} INFO - Processing file /opt/airflow/dags/dag_scraping_twitter.py for tasks to queue
[2026-02-07T11:17:15.422+0700] {logging_mixin.py:190} INFO - [2026-02-07T11:17:15.421+0700] {dagbag.py:587} INFO - Filling up the DagBag from /opt/airflow/dags/dag_scraping_twitter.py
[2026-02-07T11:17:15.441+0700] {processor.py:925} INFO - DAG(s) 'dag_scraping_twitter' retrieved from /opt/airflow/dags/dag_scraping_twitter.py
[2026-02-07T11:17:15.470+0700] {logging_mixin.py:190} INFO - [2026-02-07T11:17:15.470+0700] {dag.py:3211} INFO - Sync 1 DAGs
[2026-02-07T11:17:15.500+0700] {logging_mixin.py:190} INFO - [2026-02-07T11:17:15.500+0700] {dag.py:4138} INFO - Setting next_dagrun for dag_scraping_twitter to 2026-02-06 23:00:00+00:00, run_after=2026-02-07 11:00:00+00:00
[2026-02-07T11:17:15.527+0700] {processor.py:208} INFO - Processing /opt/airflow/dags/dag_scraping_twitter.py took 0.116 seconds
[2026-02-07T11:17:45.717+0700] {processor.py:186} INFO - Started process (PID=1735) to work on /opt/airflow/dags/dag_scraping_twitter.py
[2026-02-07T11:17:45.718+0700] {processor.py:914} INFO - Processing file /opt/airflow/dags/dag_scraping_twitter.py for tasks to queue
[2026-02-07T11:17:45.721+0700] {logging_mixin.py:190} INFO - [2026-02-07T11:17:45.721+0700] {dagbag.py:587} INFO - Filling up the DagBag from /opt/airflow/dags/dag_scraping_twitter.py
[2026-02-07T11:17:45.740+0700] {processor.py:925} INFO - DAG(s) 'dag_scraping_twitter' retrieved from /opt/airflow/dags/dag_scraping_twitter.py
[2026-02-07T11:17:45.769+0700] {logging_mixin.py:190} INFO - [2026-02-07T11:17:45.769+0700] {dag.py:3211} INFO - Sync 1 DAGs
[2026-02-07T11:17:45.794+0700] {logging_mixin.py:190} INFO - [2026-02-07T11:17:45.793+0700] {dag.py:4138} INFO - Setting next_dagrun for dag_scraping_twitter to 2026-02-06 23:00:00+00:00, run_after=2026-02-07 11:00:00+00:00
[2026-02-07T11:17:45.818+0700] {processor.py:208} INFO - Processing /opt/airflow/dags/dag_scraping_twitter.py took 0.108 seconds
[2026-02-07T11:18:15.880+0700] {processor.py:186} INFO - Started process (PID=1745) to work on /opt/airflow/dags/dag_scraping_twitter.py
[2026-02-07T11:18:15.881+0700] {processor.py:914} INFO - Processing file /opt/airflow/dags/dag_scraping_twitter.py for tasks to queue
[2026-02-07T11:18:15.884+0700] {logging_mixin.py:190} INFO - [2026-02-07T11:18:15.883+0700] {dagbag.py:587} INFO - Filling up the DagBag from /opt/airflow/dags/dag_scraping_twitter.py
[2026-02-07T11:18:15.909+0700] {processor.py:925} INFO - DAG(s) 'dag_scraping_twitter' retrieved from /opt/airflow/dags/dag_scraping_twitter.py
[2026-02-07T11:18:15.939+0700] {logging_mixin.py:190} INFO - [2026-02-07T11:18:15.939+0700] {dag.py:3211} INFO - Sync 1 DAGs
[2026-02-07T11:18:15.973+0700] {logging_mixin.py:190} INFO - [2026-02-07T11:18:15.973+0700] {dag.py:4138} INFO - Setting next_dagrun for dag_scraping_twitter to 2026-02-06 23:00:00+00:00, run_after=2026-02-07 11:00:00+00:00
[2026-02-07T11:18:15.999+0700] {processor.py:208} INFO - Processing /opt/airflow/dags/dag_scraping_twitter.py took 0.126 seconds
[2026-02-07T11:18:46.168+0700] {processor.py:186} INFO - Started process (PID=1755) to work on /opt/airflow/dags/dag_scraping_twitter.py
[2026-02-07T11:18:46.169+0700] {processor.py:914} INFO - Processing file /opt/airflow/dags/dag_scraping_twitter.py for tasks to queue
[2026-02-07T11:18:46.172+0700] {logging_mixin.py:190} INFO - [2026-02-07T11:18:46.171+0700] {dagbag.py:587} INFO - Filling up the DagBag from /opt/airflow/dags/dag_scraping_twitter.py
[2026-02-07T11:18:46.190+0700] {processor.py:925} INFO - DAG(s) 'dag_scraping_twitter' retrieved from /opt/airflow/dags/dag_scraping_twitter.py
[2026-02-07T11:18:46.219+0700] {logging_mixin.py:190} INFO - [2026-02-07T11:18:46.219+0700] {dag.py:3211} INFO - Sync 1 DAGs
[2026-02-07T11:18:46.243+0700] {logging_mixin.py:190} INFO - [2026-02-07T11:18:46.243+0700] {dag.py:4138} INFO - Setting next_dagrun for dag_scraping_twitter to 2026-02-06 23:00:00+00:00, run_after=2026-02-07 11:00:00+00:00
[2026-02-07T11:18:46.268+0700] {processor.py:208} INFO - Processing /opt/airflow/dags/dag_scraping_twitter.py took 0.106 seconds
[2026-02-07T11:19:16.500+0700] {processor.py:186} INFO - Started process (PID=1765) to work on /opt/airflow/dags/dag_scraping_twitter.py
[2026-02-07T11:19:16.501+0700] {processor.py:914} INFO - Processing file /opt/airflow/dags/dag_scraping_twitter.py for tasks to queue
[2026-02-07T11:19:16.503+0700] {logging_mixin.py:190} INFO - [2026-02-07T11:19:16.503+0700] {dagbag.py:587} INFO - Filling up the DagBag from /opt/airflow/dags/dag_scraping_twitter.py
[2026-02-07T11:19:16.520+0700] {processor.py:925} INFO - DAG(s) 'dag_scraping_twitter' retrieved from /opt/airflow/dags/dag_scraping_twitter.py
[2026-02-07T11:19:16.546+0700] {logging_mixin.py:190} INFO - [2026-02-07T11:19:16.546+0700] {dag.py:3211} INFO - Sync 1 DAGs
[2026-02-07T11:19:16.571+0700] {logging_mixin.py:190} INFO - [2026-02-07T11:19:16.571+0700] {dag.py:4138} INFO - Setting next_dagrun for dag_scraping_twitter to 2026-02-06 23:00:00+00:00, run_after=2026-02-07 11:00:00+00:00
[2026-02-07T11:19:16.595+0700] {processor.py:208} INFO - Processing /opt/airflow/dags/dag_scraping_twitter.py took 0.102 seconds
[2026-02-07T11:19:46.712+0700] {processor.py:186} INFO - Started process (PID=1775) to work on /opt/airflow/dags/dag_scraping_twitter.py
[2026-02-07T11:19:46.713+0700] {processor.py:914} INFO - Processing file /opt/airflow/dags/dag_scraping_twitter.py for tasks to queue
[2026-02-07T11:19:46.716+0700] {logging_mixin.py:190} INFO - [2026-02-07T11:19:46.715+0700] {dagbag.py:587} INFO - Filling up the DagBag from /opt/airflow/dags/dag_scraping_twitter.py
[2026-02-07T11:19:46.734+0700] {processor.py:925} INFO - DAG(s) 'dag_scraping_twitter' retrieved from /opt/airflow/dags/dag_scraping_twitter.py
[2026-02-07T11:19:46.763+0700] {logging_mixin.py:190} INFO - [2026-02-07T11:19:46.763+0700] {dag.py:3211} INFO - Sync 1 DAGs
[2026-02-07T11:19:46.789+0700] {logging_mixin.py:190} INFO - [2026-02-07T11:19:46.789+0700] {dag.py:4138} INFO - Setting next_dagrun for dag_scraping_twitter to 2026-02-06 23:00:00+00:00, run_after=2026-02-07 11:00:00+00:00
[2026-02-07T11:19:46.813+0700] {processor.py:208} INFO - Processing /opt/airflow/dags/dag_scraping_twitter.py took 0.107 seconds
[2026-02-07T11:20:17.002+0700] {processor.py:186} INFO - Started process (PID=1785) to work on /opt/airflow/dags/dag_scraping_twitter.py
[2026-02-07T11:20:17.003+0700] {processor.py:914} INFO - Processing file /opt/airflow/dags/dag_scraping_twitter.py for tasks to queue
[2026-02-07T11:20:17.006+0700] {logging_mixin.py:190} INFO - [2026-02-07T11:20:17.006+0700] {dagbag.py:587} INFO - Filling up the DagBag from /opt/airflow/dags/dag_scraping_twitter.py
[2026-02-07T11:20:17.029+0700] {processor.py:925} INFO - DAG(s) 'dag_scraping_twitter' retrieved from /opt/airflow/dags/dag_scraping_twitter.py
[2026-02-07T11:20:17.058+0700] {logging_mixin.py:190} INFO - [2026-02-07T11:20:17.058+0700] {dag.py:3211} INFO - Sync 1 DAGs
[2026-02-07T11:20:17.085+0700] {logging_mixin.py:190} INFO - [2026-02-07T11:20:17.085+0700] {dag.py:4138} INFO - Setting next_dagrun for dag_scraping_twitter to 2026-02-06 23:00:00+00:00, run_after=2026-02-07 11:00:00+00:00
[2026-02-07T11:20:17.111+0700] {processor.py:208} INFO - Processing /opt/airflow/dags/dag_scraping_twitter.py took 0.115 seconds
[2026-02-07T11:20:47.173+0700] {processor.py:186} INFO - Started process (PID=1795) to work on /opt/airflow/dags/dag_scraping_twitter.py
[2026-02-07T11:20:47.174+0700] {processor.py:914} INFO - Processing file /opt/airflow/dags/dag_scraping_twitter.py for tasks to queue
[2026-02-07T11:20:47.177+0700] {logging_mixin.py:190} INFO - [2026-02-07T11:20:47.177+0700] {dagbag.py:587} INFO - Filling up the DagBag from /opt/airflow/dags/dag_scraping_twitter.py
[2026-02-07T11:20:47.196+0700] {processor.py:925} INFO - DAG(s) 'dag_scraping_twitter' retrieved from /opt/airflow/dags/dag_scraping_twitter.py
[2026-02-07T11:20:47.228+0700] {logging_mixin.py:190} INFO - [2026-02-07T11:20:47.228+0700] {dag.py:3211} INFO - Sync 1 DAGs
[2026-02-07T11:20:47.254+0700] {logging_mixin.py:190} INFO - [2026-02-07T11:20:47.254+0700] {dag.py:4138} INFO - Setting next_dagrun for dag_scraping_twitter to 2026-02-06 23:00:00+00:00, run_after=2026-02-07 11:00:00+00:00
[2026-02-07T11:20:47.278+0700] {processor.py:208} INFO - Processing /opt/airflow/dags/dag_scraping_twitter.py took 0.110 seconds
[2026-02-07T11:21:17.320+0700] {processor.py:186} INFO - Started process (PID=1805) to work on /opt/airflow/dags/dag_scraping_twitter.py
[2026-02-07T11:21:17.321+0700] {processor.py:914} INFO - Processing file /opt/airflow/dags/dag_scraping_twitter.py for tasks to queue
[2026-02-07T11:21:17.325+0700] {logging_mixin.py:190} INFO - [2026-02-07T11:21:17.324+0700] {dagbag.py:587} INFO - Filling up the DagBag from /opt/airflow/dags/dag_scraping_twitter.py
[2026-02-07T11:21:17.343+0700] {processor.py:925} INFO - DAG(s) 'dag_scraping_twitter' retrieved from /opt/airflow/dags/dag_scraping_twitter.py
[2026-02-07T11:21:17.367+0700] {logging_mixin.py:190} INFO - [2026-02-07T11:21:17.366+0700] {dag.py:3211} INFO - Sync 1 DAGs
[2026-02-07T11:21:17.387+0700] {logging_mixin.py:190} INFO - [2026-02-07T11:21:17.387+0700] {dag.py:4138} INFO - Setting next_dagrun for dag_scraping_twitter to 2026-02-06 23:00:00+00:00, run_after=2026-02-07 11:00:00+00:00
[2026-02-07T11:21:17.409+0700] {processor.py:208} INFO - Processing /opt/airflow/dags/dag_scraping_twitter.py took 0.095 seconds
[2026-02-07T11:21:47.528+0700] {processor.py:186} INFO - Started process (PID=1815) to work on /opt/airflow/dags/dag_scraping_twitter.py
[2026-02-07T11:21:47.529+0700] {processor.py:914} INFO - Processing file /opt/airflow/dags/dag_scraping_twitter.py for tasks to queue
[2026-02-07T11:21:47.532+0700] {logging_mixin.py:190} INFO - [2026-02-07T11:21:47.532+0700] {dagbag.py:587} INFO - Filling up the DagBag from /opt/airflow/dags/dag_scraping_twitter.py
[2026-02-07T11:21:47.552+0700] {processor.py:925} INFO - DAG(s) 'dag_scraping_twitter' retrieved from /opt/airflow/dags/dag_scraping_twitter.py
[2026-02-07T11:21:47.582+0700] {logging_mixin.py:190} INFO - [2026-02-07T11:21:47.582+0700] {dag.py:3211} INFO - Sync 1 DAGs
[2026-02-07T11:21:47.607+0700] {logging_mixin.py:190} INFO - [2026-02-07T11:21:47.607+0700] {dag.py:4138} INFO - Setting next_dagrun for dag_scraping_twitter to 2026-02-06 23:00:00+00:00, run_after=2026-02-07 11:00:00+00:00
[2026-02-07T11:21:47.629+0700] {processor.py:208} INFO - Processing /opt/airflow/dags/dag_scraping_twitter.py took 0.108 seconds
[2026-02-07T11:22:17.714+0700] {processor.py:186} INFO - Started process (PID=1825) to work on /opt/airflow/dags/dag_scraping_twitter.py
[2026-02-07T11:22:17.715+0700] {processor.py:914} INFO - Processing file /opt/airflow/dags/dag_scraping_twitter.py for tasks to queue
[2026-02-07T11:22:17.718+0700] {logging_mixin.py:190} INFO - [2026-02-07T11:22:17.718+0700] {dagbag.py:587} INFO - Filling up the DagBag from /opt/airflow/dags/dag_scraping_twitter.py
[2026-02-07T11:22:17.742+0700] {processor.py:925} INFO - DAG(s) 'dag_scraping_twitter' retrieved from /opt/airflow/dags/dag_scraping_twitter.py
[2026-02-07T11:22:17.769+0700] {logging_mixin.py:190} INFO - [2026-02-07T11:22:17.769+0700] {dag.py:3211} INFO - Sync 1 DAGs
[2026-02-07T11:22:17.793+0700] {logging_mixin.py:190} INFO - [2026-02-07T11:22:17.792+0700] {dag.py:4138} INFO - Setting next_dagrun for dag_scraping_twitter to 2026-02-06 23:00:00+00:00, run_after=2026-02-07 11:00:00+00:00
[2026-02-07T11:22:17.816+0700] {processor.py:208} INFO - Processing /opt/airflow/dags/dag_scraping_twitter.py took 0.108 seconds
[2026-02-07T11:22:48.294+0700] {processor.py:186} INFO - Started process (PID=1835) to work on /opt/airflow/dags/dag_scraping_twitter.py
[2026-02-07T11:22:48.295+0700] {processor.py:914} INFO - Processing file /opt/airflow/dags/dag_scraping_twitter.py for tasks to queue
[2026-02-07T11:22:48.299+0700] {logging_mixin.py:190} INFO - [2026-02-07T11:22:48.298+0700] {dagbag.py:587} INFO - Filling up the DagBag from /opt/airflow/dags/dag_scraping_twitter.py
[2026-02-07T11:22:48.319+0700] {processor.py:925} INFO - DAG(s) 'dag_scraping_twitter' retrieved from /opt/airflow/dags/dag_scraping_twitter.py
[2026-02-07T11:22:48.356+0700] {logging_mixin.py:190} INFO - [2026-02-07T11:22:48.355+0700] {dag.py:3211} INFO - Sync 1 DAGs
[2026-02-07T11:22:48.385+0700] {logging_mixin.py:190} INFO - [2026-02-07T11:22:48.385+0700] {dag.py:4138} INFO - Setting next_dagrun for dag_scraping_twitter to 2026-02-06 23:00:00+00:00, run_after=2026-02-07 11:00:00+00:00
[2026-02-07T11:22:48.411+0700] {processor.py:208} INFO - Processing /opt/airflow/dags/dag_scraping_twitter.py took 0.124 seconds
[2026-02-07T11:23:18.502+0700] {processor.py:186} INFO - Started process (PID=1845) to work on /opt/airflow/dags/dag_scraping_twitter.py
[2026-02-07T11:23:18.503+0700] {processor.py:914} INFO - Processing file /opt/airflow/dags/dag_scraping_twitter.py for tasks to queue
[2026-02-07T11:23:18.506+0700] {logging_mixin.py:190} INFO - [2026-02-07T11:23:18.506+0700] {dagbag.py:587} INFO - Filling up the DagBag from /opt/airflow/dags/dag_scraping_twitter.py
[2026-02-07T11:23:18.528+0700] {processor.py:925} INFO - DAG(s) 'dag_scraping_twitter' retrieved from /opt/airflow/dags/dag_scraping_twitter.py
[2026-02-07T11:23:18.558+0700] {logging_mixin.py:190} INFO - [2026-02-07T11:23:18.558+0700] {dag.py:3211} INFO - Sync 1 DAGs
[2026-02-07T11:23:18.583+0700] {logging_mixin.py:190} INFO - [2026-02-07T11:23:18.583+0700] {dag.py:4138} INFO - Setting next_dagrun for dag_scraping_twitter to 2026-02-06 23:00:00+00:00, run_after=2026-02-07 11:00:00+00:00
[2026-02-07T11:23:18.607+0700] {processor.py:208} INFO - Processing /opt/airflow/dags/dag_scraping_twitter.py took 0.113 seconds
[2026-02-07T11:23:48.766+0700] {processor.py:186} INFO - Started process (PID=1855) to work on /opt/airflow/dags/dag_scraping_twitter.py
[2026-02-07T11:23:48.767+0700] {processor.py:914} INFO - Processing file /opt/airflow/dags/dag_scraping_twitter.py for tasks to queue
[2026-02-07T11:23:48.770+0700] {logging_mixin.py:190} INFO - [2026-02-07T11:23:48.769+0700] {dagbag.py:587} INFO - Filling up the DagBag from /opt/airflow/dags/dag_scraping_twitter.py
[2026-02-07T11:23:48.790+0700] {processor.py:925} INFO - DAG(s) 'dag_scraping_twitter' retrieved from /opt/airflow/dags/dag_scraping_twitter.py
[2026-02-07T11:23:48.819+0700] {logging_mixin.py:190} INFO - [2026-02-07T11:23:48.819+0700] {dag.py:3211} INFO - Sync 1 DAGs
[2026-02-07T11:23:48.843+0700] {logging_mixin.py:190} INFO - [2026-02-07T11:23:48.843+0700] {dag.py:4138} INFO - Setting next_dagrun for dag_scraping_twitter to 2026-02-06 23:00:00+00:00, run_after=2026-02-07 11:00:00+00:00
[2026-02-07T11:23:48.867+0700] {processor.py:208} INFO - Processing /opt/airflow/dags/dag_scraping_twitter.py took 0.108 seconds
[2026-02-07T11:24:19.895+0700] {processor.py:186} INFO - Started process (PID=1865) to work on /opt/airflow/dags/dag_scraping_twitter.py
[2026-02-07T11:24:19.897+0700] {processor.py:914} INFO - Processing file /opt/airflow/dags/dag_scraping_twitter.py for tasks to queue
[2026-02-07T11:24:19.901+0700] {logging_mixin.py:190} INFO - [2026-02-07T11:24:19.900+0700] {dagbag.py:587} INFO - Filling up the DagBag from /opt/airflow/dags/dag_scraping_twitter.py
[2026-02-07T11:24:19.922+0700] {processor.py:925} INFO - DAG(s) 'dag_scraping_twitter' retrieved from /opt/airflow/dags/dag_scraping_twitter.py
[2026-02-07T11:24:19.953+0700] {logging_mixin.py:190} INFO - [2026-02-07T11:24:19.953+0700] {dag.py:3211} INFO - Sync 1 DAGs
[2026-02-07T11:24:19.977+0700] {logging_mixin.py:190} INFO - [2026-02-07T11:24:19.977+0700] {dag.py:4138} INFO - Setting next_dagrun for dag_scraping_twitter to 2026-02-06 23:00:00+00:00, run_after=2026-02-07 11:00:00+00:00
[2026-02-07T11:24:20.002+0700] {processor.py:208} INFO - Processing /opt/airflow/dags/dag_scraping_twitter.py took 0.114 seconds
[2026-02-07T11:24:50.657+0700] {processor.py:186} INFO - Started process (PID=1875) to work on /opt/airflow/dags/dag_scraping_twitter.py
[2026-02-07T11:24:50.658+0700] {processor.py:914} INFO - Processing file /opt/airflow/dags/dag_scraping_twitter.py for tasks to queue
[2026-02-07T11:24:50.661+0700] {logging_mixin.py:190} INFO - [2026-02-07T11:24:50.660+0700] {dagbag.py:587} INFO - Filling up the DagBag from /opt/airflow/dags/dag_scraping_twitter.py
[2026-02-07T11:24:50.681+0700] {processor.py:925} INFO - DAG(s) 'dag_scraping_twitter' retrieved from /opt/airflow/dags/dag_scraping_twitter.py
[2026-02-07T11:24:50.713+0700] {logging_mixin.py:190} INFO - [2026-02-07T11:24:50.713+0700] {dag.py:3211} INFO - Sync 1 DAGs
[2026-02-07T11:24:50.738+0700] {logging_mixin.py:190} INFO - [2026-02-07T11:24:50.738+0700] {dag.py:4138} INFO - Setting next_dagrun for dag_scraping_twitter to 2026-02-06 23:00:00+00:00, run_after=2026-02-07 11:00:00+00:00
[2026-02-07T11:24:50.762+0700] {processor.py:208} INFO - Processing /opt/airflow/dags/dag_scraping_twitter.py took 0.113 seconds
[2026-02-07T11:25:21.749+0700] {processor.py:186} INFO - Started process (PID=1885) to work on /opt/airflow/dags/dag_scraping_twitter.py
[2026-02-07T11:25:21.750+0700] {processor.py:914} INFO - Processing file /opt/airflow/dags/dag_scraping_twitter.py for tasks to queue
[2026-02-07T11:25:21.753+0700] {logging_mixin.py:190} INFO - [2026-02-07T11:25:21.753+0700] {dagbag.py:587} INFO - Filling up the DagBag from /opt/airflow/dags/dag_scraping_twitter.py
[2026-02-07T11:25:21.775+0700] {processor.py:925} INFO - DAG(s) 'dag_scraping_twitter' retrieved from /opt/airflow/dags/dag_scraping_twitter.py
[2026-02-07T11:25:21.804+0700] {logging_mixin.py:190} INFO - [2026-02-07T11:25:21.804+0700] {dag.py:3211} INFO - Sync 1 DAGs
[2026-02-07T11:25:21.829+0700] {logging_mixin.py:190} INFO - [2026-02-07T11:25:21.829+0700] {dag.py:4138} INFO - Setting next_dagrun for dag_scraping_twitter to 2026-02-06 23:00:00+00:00, run_after=2026-02-07 11:00:00+00:00
[2026-02-07T11:25:21.852+0700] {processor.py:208} INFO - Processing /opt/airflow/dags/dag_scraping_twitter.py took 0.109 seconds
[2026-02-07T11:25:51.979+0700] {processor.py:186} INFO - Started process (PID=1895) to work on /opt/airflow/dags/dag_scraping_twitter.py
[2026-02-07T11:25:51.980+0700] {processor.py:914} INFO - Processing file /opt/airflow/dags/dag_scraping_twitter.py for tasks to queue
[2026-02-07T11:25:51.984+0700] {logging_mixin.py:190} INFO - [2026-02-07T11:25:51.983+0700] {dagbag.py:587} INFO - Filling up the DagBag from /opt/airflow/dags/dag_scraping_twitter.py
[2026-02-07T11:25:52.004+0700] {processor.py:925} INFO - DAG(s) 'dag_scraping_twitter' retrieved from /opt/airflow/dags/dag_scraping_twitter.py
[2026-02-07T11:25:52.035+0700] {logging_mixin.py:190} INFO - [2026-02-07T11:25:52.034+0700] {dag.py:3211} INFO - Sync 1 DAGs
[2026-02-07T11:25:52.059+0700] {logging_mixin.py:190} INFO - [2026-02-07T11:25:52.059+0700] {dag.py:4138} INFO - Setting next_dagrun for dag_scraping_twitter to 2026-02-06 23:00:00+00:00, run_after=2026-02-07 11:00:00+00:00
[2026-02-07T11:25:52.082+0700] {processor.py:208} INFO - Processing /opt/airflow/dags/dag_scraping_twitter.py took 0.109 seconds
[2026-02-07T11:26:22.327+0700] {processor.py:186} INFO - Started process (PID=1905) to work on /opt/airflow/dags/dag_scraping_twitter.py
[2026-02-07T11:26:22.328+0700] {processor.py:914} INFO - Processing file /opt/airflow/dags/dag_scraping_twitter.py for tasks to queue
[2026-02-07T11:26:22.332+0700] {logging_mixin.py:190} INFO - [2026-02-07T11:26:22.331+0700] {dagbag.py:587} INFO - Filling up the DagBag from /opt/airflow/dags/dag_scraping_twitter.py
[2026-02-07T11:26:22.349+0700] {processor.py:925} INFO - DAG(s) 'dag_scraping_twitter' retrieved from /opt/airflow/dags/dag_scraping_twitter.py
[2026-02-07T11:26:22.378+0700] {logging_mixin.py:190} INFO - [2026-02-07T11:26:22.378+0700] {dag.py:3211} INFO - Sync 1 DAGs
[2026-02-07T11:26:22.402+0700] {logging_mixin.py:190} INFO - [2026-02-07T11:26:22.402+0700] {dag.py:4138} INFO - Setting next_dagrun for dag_scraping_twitter to 2026-02-06 23:00:00+00:00, run_after=2026-02-07 11:00:00+00:00
[2026-02-07T11:26:22.427+0700] {processor.py:208} INFO - Processing /opt/airflow/dags/dag_scraping_twitter.py took 0.109 seconds
[2026-02-07T11:26:52.563+0700] {processor.py:186} INFO - Started process (PID=1915) to work on /opt/airflow/dags/dag_scraping_twitter.py
[2026-02-07T11:26:52.564+0700] {processor.py:914} INFO - Processing file /opt/airflow/dags/dag_scraping_twitter.py for tasks to queue
[2026-02-07T11:26:52.568+0700] {logging_mixin.py:190} INFO - [2026-02-07T11:26:52.567+0700] {dagbag.py:587} INFO - Filling up the DagBag from /opt/airflow/dags/dag_scraping_twitter.py
[2026-02-07T11:26:52.588+0700] {processor.py:925} INFO - DAG(s) 'dag_scraping_twitter' retrieved from /opt/airflow/dags/dag_scraping_twitter.py
[2026-02-07T11:26:52.618+0700] {logging_mixin.py:190} INFO - [2026-02-07T11:26:52.618+0700] {dag.py:3211} INFO - Sync 1 DAGs
[2026-02-07T11:26:52.644+0700] {logging_mixin.py:190} INFO - [2026-02-07T11:26:52.644+0700] {dag.py:4138} INFO - Setting next_dagrun for dag_scraping_twitter to 2026-02-06 23:00:00+00:00, run_after=2026-02-07 11:00:00+00:00
[2026-02-07T11:26:52.667+0700] {processor.py:208} INFO - Processing /opt/airflow/dags/dag_scraping_twitter.py took 0.114 seconds
[2026-02-07T11:27:23.126+0700] {processor.py:186} INFO - Started process (PID=1925) to work on /opt/airflow/dags/dag_scraping_twitter.py
[2026-02-07T11:27:23.127+0700] {processor.py:914} INFO - Processing file /opt/airflow/dags/dag_scraping_twitter.py for tasks to queue
[2026-02-07T11:27:23.130+0700] {logging_mixin.py:190} INFO - [2026-02-07T11:27:23.129+0700] {dagbag.py:587} INFO - Filling up the DagBag from /opt/airflow/dags/dag_scraping_twitter.py
[2026-02-07T11:27:23.150+0700] {processor.py:925} INFO - DAG(s) 'dag_scraping_twitter' retrieved from /opt/airflow/dags/dag_scraping_twitter.py
[2026-02-07T11:27:23.180+0700] {logging_mixin.py:190} INFO - [2026-02-07T11:27:23.180+0700] {dag.py:3211} INFO - Sync 1 DAGs
[2026-02-07T11:27:23.207+0700] {logging_mixin.py:190} INFO - [2026-02-07T11:27:23.207+0700] {dag.py:4138} INFO - Setting next_dagrun for dag_scraping_twitter to 2026-02-06 23:00:00+00:00, run_after=2026-02-07 11:00:00+00:00
[2026-02-07T11:27:23.234+0700] {processor.py:208} INFO - Processing /opt/airflow/dags/dag_scraping_twitter.py took 0.114 seconds
[2026-02-07T11:27:53.334+0700] {processor.py:186} INFO - Started process (PID=1935) to work on /opt/airflow/dags/dag_scraping_twitter.py
[2026-02-07T11:27:53.335+0700] {processor.py:914} INFO - Processing file /opt/airflow/dags/dag_scraping_twitter.py for tasks to queue
[2026-02-07T11:27:53.338+0700] {logging_mixin.py:190} INFO - [2026-02-07T11:27:53.338+0700] {dagbag.py:587} INFO - Filling up the DagBag from /opt/airflow/dags/dag_scraping_twitter.py
[2026-02-07T11:27:53.358+0700] {processor.py:925} INFO - DAG(s) 'dag_scraping_twitter' retrieved from /opt/airflow/dags/dag_scraping_twitter.py
[2026-02-07T11:27:53.389+0700] {logging_mixin.py:190} INFO - [2026-02-07T11:27:53.388+0700] {dag.py:3211} INFO - Sync 1 DAGs
[2026-02-07T11:27:53.414+0700] {logging_mixin.py:190} INFO - [2026-02-07T11:27:53.414+0700] {dag.py:4138} INFO - Setting next_dagrun for dag_scraping_twitter to 2026-02-06 23:00:00+00:00, run_after=2026-02-07 11:00:00+00:00
[2026-02-07T11:27:53.438+0700] {processor.py:208} INFO - Processing /opt/airflow/dags/dag_scraping_twitter.py took 0.111 seconds
[2026-02-07T11:28:23.515+0700] {processor.py:186} INFO - Started process (PID=1945) to work on /opt/airflow/dags/dag_scraping_twitter.py
[2026-02-07T11:28:23.516+0700] {processor.py:914} INFO - Processing file /opt/airflow/dags/dag_scraping_twitter.py for tasks to queue
[2026-02-07T11:28:23.518+0700] {logging_mixin.py:190} INFO - [2026-02-07T11:28:23.518+0700] {dagbag.py:587} INFO - Filling up the DagBag from /opt/airflow/dags/dag_scraping_twitter.py
[2026-02-07T11:28:23.539+0700] {processor.py:925} INFO - DAG(s) 'dag_scraping_twitter' retrieved from /opt/airflow/dags/dag_scraping_twitter.py
[2026-02-07T11:28:23.567+0700] {logging_mixin.py:190} INFO - [2026-02-07T11:28:23.567+0700] {dag.py:3211} INFO - Sync 1 DAGs
[2026-02-07T11:28:23.591+0700] {logging_mixin.py:190} INFO - [2026-02-07T11:28:23.591+0700] {dag.py:4138} INFO - Setting next_dagrun for dag_scraping_twitter to 2026-02-06 23:00:00+00:00, run_after=2026-02-07 11:00:00+00:00
[2026-02-07T11:28:23.615+0700] {processor.py:208} INFO - Processing /opt/airflow/dags/dag_scraping_twitter.py took 0.108 seconds
[2026-02-07T11:28:53.828+0700] {processor.py:186} INFO - Started process (PID=1955) to work on /opt/airflow/dags/dag_scraping_twitter.py
[2026-02-07T11:28:53.830+0700] {processor.py:914} INFO - Processing file /opt/airflow/dags/dag_scraping_twitter.py for tasks to queue
[2026-02-07T11:28:53.836+0700] {logging_mixin.py:190} INFO - [2026-02-07T11:28:53.835+0700] {dagbag.py:587} INFO - Filling up the DagBag from /opt/airflow/dags/dag_scraping_twitter.py
[2026-02-07T11:28:53.858+0700] {processor.py:925} INFO - DAG(s) 'dag_scraping_twitter' retrieved from /opt/airflow/dags/dag_scraping_twitter.py
[2026-02-07T11:28:53.889+0700] {logging_mixin.py:190} INFO - [2026-02-07T11:28:53.888+0700] {dag.py:3211} INFO - Sync 1 DAGs
[2026-02-07T11:28:53.914+0700] {logging_mixin.py:190} INFO - [2026-02-07T11:28:53.914+0700] {dag.py:4138} INFO - Setting next_dagrun for dag_scraping_twitter to 2026-02-06 23:00:00+00:00, run_after=2026-02-07 11:00:00+00:00
[2026-02-07T11:28:53.938+0700] {processor.py:208} INFO - Processing /opt/airflow/dags/dag_scraping_twitter.py took 0.118 seconds
[2026-02-07T11:29:24.535+0700] {processor.py:186} INFO - Started process (PID=1965) to work on /opt/airflow/dags/dag_scraping_twitter.py
[2026-02-07T11:29:24.536+0700] {processor.py:914} INFO - Processing file /opt/airflow/dags/dag_scraping_twitter.py for tasks to queue
[2026-02-07T11:29:24.539+0700] {logging_mixin.py:190} INFO - [2026-02-07T11:29:24.539+0700] {dagbag.py:587} INFO - Filling up the DagBag from /opt/airflow/dags/dag_scraping_twitter.py
[2026-02-07T11:29:24.559+0700] {processor.py:925} INFO - DAG(s) 'dag_scraping_twitter' retrieved from /opt/airflow/dags/dag_scraping_twitter.py
[2026-02-07T11:29:24.590+0700] {logging_mixin.py:190} INFO - [2026-02-07T11:29:24.589+0700] {dag.py:3211} INFO - Sync 1 DAGs
[2026-02-07T11:29:24.614+0700] {logging_mixin.py:190} INFO - [2026-02-07T11:29:24.613+0700] {dag.py:4138} INFO - Setting next_dagrun for dag_scraping_twitter to 2026-02-06 23:00:00+00:00, run_after=2026-02-07 11:00:00+00:00
[2026-02-07T11:29:24.639+0700] {processor.py:208} INFO - Processing /opt/airflow/dags/dag_scraping_twitter.py took 0.110 seconds
[2026-02-07T11:29:54.718+0700] {processor.py:186} INFO - Started process (PID=1975) to work on /opt/airflow/dags/dag_scraping_twitter.py
[2026-02-07T11:29:54.719+0700] {processor.py:914} INFO - Processing file /opt/airflow/dags/dag_scraping_twitter.py for tasks to queue
[2026-02-07T11:29:54.722+0700] {logging_mixin.py:190} INFO - [2026-02-07T11:29:54.721+0700] {dagbag.py:587} INFO - Filling up the DagBag from /opt/airflow/dags/dag_scraping_twitter.py
[2026-02-07T11:29:54.741+0700] {processor.py:925} INFO - DAG(s) 'dag_scraping_twitter' retrieved from /opt/airflow/dags/dag_scraping_twitter.py
[2026-02-07T11:29:54.769+0700] {logging_mixin.py:190} INFO - [2026-02-07T11:29:54.769+0700] {dag.py:3211} INFO - Sync 1 DAGs
[2026-02-07T11:29:54.793+0700] {logging_mixin.py:190} INFO - [2026-02-07T11:29:54.793+0700] {dag.py:4138} INFO - Setting next_dagrun for dag_scraping_twitter to 2026-02-06 23:00:00+00:00, run_after=2026-02-07 11:00:00+00:00
[2026-02-07T11:29:54.818+0700] {processor.py:208} INFO - Processing /opt/airflow/dags/dag_scraping_twitter.py took 0.106 seconds
[2026-02-07T11:30:24.904+0700] {processor.py:186} INFO - Started process (PID=1985) to work on /opt/airflow/dags/dag_scraping_twitter.py
[2026-02-07T11:30:24.905+0700] {processor.py:914} INFO - Processing file /opt/airflow/dags/dag_scraping_twitter.py for tasks to queue
[2026-02-07T11:30:24.908+0700] {logging_mixin.py:190} INFO - [2026-02-07T11:30:24.907+0700] {dagbag.py:587} INFO - Filling up the DagBag from /opt/airflow/dags/dag_scraping_twitter.py
[2026-02-07T11:30:24.927+0700] {processor.py:925} INFO - DAG(s) 'dag_scraping_twitter' retrieved from /opt/airflow/dags/dag_scraping_twitter.py
[2026-02-07T11:30:24.960+0700] {logging_mixin.py:190} INFO - [2026-02-07T11:30:24.960+0700] {dag.py:3211} INFO - Sync 1 DAGs
[2026-02-07T11:30:24.985+0700] {logging_mixin.py:190} INFO - [2026-02-07T11:30:24.984+0700] {dag.py:4138} INFO - Setting next_dagrun for dag_scraping_twitter to 2026-02-06 23:00:00+00:00, run_after=2026-02-07 11:00:00+00:00
[2026-02-07T11:30:25.009+0700] {processor.py:208} INFO - Processing /opt/airflow/dags/dag_scraping_twitter.py took 0.111 seconds
[2026-02-07T11:30:55.768+0700] {processor.py:186} INFO - Started process (PID=1995) to work on /opt/airflow/dags/dag_scraping_twitter.py
[2026-02-07T11:30:55.769+0700] {processor.py:914} INFO - Processing file /opt/airflow/dags/dag_scraping_twitter.py for tasks to queue
[2026-02-07T11:30:55.772+0700] {logging_mixin.py:190} INFO - [2026-02-07T11:30:55.772+0700] {dagbag.py:587} INFO - Filling up the DagBag from /opt/airflow/dags/dag_scraping_twitter.py
[2026-02-07T11:30:55.789+0700] {processor.py:925} INFO - DAG(s) 'dag_scraping_twitter' retrieved from /opt/airflow/dags/dag_scraping_twitter.py
[2026-02-07T11:30:55.817+0700] {logging_mixin.py:190} INFO - [2026-02-07T11:30:55.816+0700] {dag.py:3211} INFO - Sync 1 DAGs
[2026-02-07T11:30:55.843+0700] {logging_mixin.py:190} INFO - [2026-02-07T11:30:55.842+0700] {dag.py:4138} INFO - Setting next_dagrun for dag_scraping_twitter to 2026-02-06 23:00:00+00:00, run_after=2026-02-07 11:00:00+00:00
[2026-02-07T11:30:55.866+0700] {processor.py:208} INFO - Processing /opt/airflow/dags/dag_scraping_twitter.py took 0.105 seconds
[2026-02-07T11:31:26.014+0700] {processor.py:186} INFO - Started process (PID=2005) to work on /opt/airflow/dags/dag_scraping_twitter.py
[2026-02-07T11:31:26.015+0700] {processor.py:914} INFO - Processing file /opt/airflow/dags/dag_scraping_twitter.py for tasks to queue
[2026-02-07T11:31:26.018+0700] {logging_mixin.py:190} INFO - [2026-02-07T11:31:26.018+0700] {dagbag.py:587} INFO - Filling up the DagBag from /opt/airflow/dags/dag_scraping_twitter.py
[2026-02-07T11:31:26.038+0700] {processor.py:925} INFO - DAG(s) 'dag_scraping_twitter' retrieved from /opt/airflow/dags/dag_scraping_twitter.py
[2026-02-07T11:31:26.068+0700] {logging_mixin.py:190} INFO - [2026-02-07T11:31:26.068+0700] {dag.py:3211} INFO - Sync 1 DAGs
[2026-02-07T11:31:26.092+0700] {logging_mixin.py:190} INFO - [2026-02-07T11:31:26.092+0700] {dag.py:4138} INFO - Setting next_dagrun for dag_scraping_twitter to 2026-02-06 23:00:00+00:00, run_after=2026-02-07 11:00:00+00:00
[2026-02-07T11:31:26.118+0700] {processor.py:208} INFO - Processing /opt/airflow/dags/dag_scraping_twitter.py took 0.110 seconds
[2026-02-07T11:31:56.282+0700] {processor.py:186} INFO - Started process (PID=2015) to work on /opt/airflow/dags/dag_scraping_twitter.py
[2026-02-07T11:31:56.283+0700] {processor.py:914} INFO - Processing file /opt/airflow/dags/dag_scraping_twitter.py for tasks to queue
[2026-02-07T11:31:56.286+0700] {logging_mixin.py:190} INFO - [2026-02-07T11:31:56.285+0700] {dagbag.py:587} INFO - Filling up the DagBag from /opt/airflow/dags/dag_scraping_twitter.py
[2026-02-07T11:31:56.307+0700] {processor.py:925} INFO - DAG(s) 'dag_scraping_twitter' retrieved from /opt/airflow/dags/dag_scraping_twitter.py
[2026-02-07T11:31:56.336+0700] {logging_mixin.py:190} INFO - [2026-02-07T11:31:56.336+0700] {dag.py:3211} INFO - Sync 1 DAGs
[2026-02-07T11:31:56.362+0700] {logging_mixin.py:190} INFO - [2026-02-07T11:31:56.362+0700] {dag.py:4138} INFO - Setting next_dagrun for dag_scraping_twitter to 2026-02-06 23:00:00+00:00, run_after=2026-02-07 11:00:00+00:00
[2026-02-07T11:31:56.385+0700] {processor.py:208} INFO - Processing /opt/airflow/dags/dag_scraping_twitter.py took 0.110 seconds
[2026-02-07T11:32:27.380+0700] {processor.py:186} INFO - Started process (PID=2025) to work on /opt/airflow/dags/dag_scraping_twitter.py
[2026-02-07T11:32:27.381+0700] {processor.py:914} INFO - Processing file /opt/airflow/dags/dag_scraping_twitter.py for tasks to queue
[2026-02-07T11:32:27.384+0700] {logging_mixin.py:190} INFO - [2026-02-07T11:32:27.384+0700] {dagbag.py:587} INFO - Filling up the DagBag from /opt/airflow/dags/dag_scraping_twitter.py
[2026-02-07T11:32:27.405+0700] {processor.py:925} INFO - DAG(s) 'dag_scraping_twitter' retrieved from /opt/airflow/dags/dag_scraping_twitter.py
[2026-02-07T11:32:27.433+0700] {logging_mixin.py:190} INFO - [2026-02-07T11:32:27.433+0700] {dag.py:3211} INFO - Sync 1 DAGs
[2026-02-07T11:32:27.458+0700] {logging_mixin.py:190} INFO - [2026-02-07T11:32:27.458+0700] {dag.py:4138} INFO - Setting next_dagrun for dag_scraping_twitter to 2026-02-06 23:00:00+00:00, run_after=2026-02-07 11:00:00+00:00
[2026-02-07T11:32:27.483+0700] {processor.py:208} INFO - Processing /opt/airflow/dags/dag_scraping_twitter.py took 0.111 seconds
[2026-02-07T11:32:58.506+0700] {processor.py:186} INFO - Started process (PID=2035) to work on /opt/airflow/dags/dag_scraping_twitter.py
[2026-02-07T11:32:58.508+0700] {processor.py:914} INFO - Processing file /opt/airflow/dags/dag_scraping_twitter.py for tasks to queue
[2026-02-07T11:32:58.511+0700] {logging_mixin.py:190} INFO - [2026-02-07T11:32:58.510+0700] {dagbag.py:587} INFO - Filling up the DagBag from /opt/airflow/dags/dag_scraping_twitter.py
[2026-02-07T11:32:58.534+0700] {processor.py:925} INFO - DAG(s) 'dag_scraping_twitter' retrieved from /opt/airflow/dags/dag_scraping_twitter.py
[2026-02-07T11:32:58.569+0700] {logging_mixin.py:190} INFO - [2026-02-07T11:32:58.569+0700] {dag.py:3211} INFO - Sync 1 DAGs
[2026-02-07T11:32:58.603+0700] {logging_mixin.py:190} INFO - [2026-02-07T11:32:58.603+0700] {dag.py:4138} INFO - Setting next_dagrun for dag_scraping_twitter to 2026-02-06 23:00:00+00:00, run_after=2026-02-07 11:00:00+00:00
[2026-02-07T11:32:58.634+0700] {processor.py:208} INFO - Processing /opt/airflow/dags/dag_scraping_twitter.py took 0.136 seconds
[2026-02-07T11:33:28.720+0700] {processor.py:186} INFO - Started process (PID=2045) to work on /opt/airflow/dags/dag_scraping_twitter.py
[2026-02-07T11:33:28.721+0700] {processor.py:914} INFO - Processing file /opt/airflow/dags/dag_scraping_twitter.py for tasks to queue
[2026-02-07T11:33:28.724+0700] {logging_mixin.py:190} INFO - [2026-02-07T11:33:28.723+0700] {dagbag.py:587} INFO - Filling up the DagBag from /opt/airflow/dags/dag_scraping_twitter.py
[2026-02-07T11:33:28.741+0700] {processor.py:925} INFO - DAG(s) 'dag_scraping_twitter' retrieved from /opt/airflow/dags/dag_scraping_twitter.py
[2026-02-07T11:33:28.770+0700] {logging_mixin.py:190} INFO - [2026-02-07T11:33:28.770+0700] {dag.py:3211} INFO - Sync 1 DAGs
[2026-02-07T11:33:28.795+0700] {logging_mixin.py:190} INFO - [2026-02-07T11:33:28.794+0700] {dag.py:4138} INFO - Setting next_dagrun for dag_scraping_twitter to 2026-02-06 23:00:00+00:00, run_after=2026-02-07 11:00:00+00:00
[2026-02-07T11:33:28.818+0700] {processor.py:208} INFO - Processing /opt/airflow/dags/dag_scraping_twitter.py took 0.104 seconds
[2026-02-07T11:33:59.316+0700] {processor.py:186} INFO - Started process (PID=2055) to work on /opt/airflow/dags/dag_scraping_twitter.py
[2026-02-07T11:33:59.317+0700] {processor.py:914} INFO - Processing file /opt/airflow/dags/dag_scraping_twitter.py for tasks to queue
[2026-02-07T11:33:59.320+0700] {logging_mixin.py:190} INFO - [2026-02-07T11:33:59.320+0700] {dagbag.py:587} INFO - Filling up the DagBag from /opt/airflow/dags/dag_scraping_twitter.py
[2026-02-07T11:33:59.350+0700] {processor.py:925} INFO - DAG(s) 'dag_scraping_twitter' retrieved from /opt/airflow/dags/dag_scraping_twitter.py
[2026-02-07T11:33:59.385+0700] {logging_mixin.py:190} INFO - [2026-02-07T11:33:59.385+0700] {dag.py:3211} INFO - Sync 1 DAGs
[2026-02-07T11:33:59.415+0700] {logging_mixin.py:190} INFO - [2026-02-07T11:33:59.415+0700] {dag.py:4138} INFO - Setting next_dagrun for dag_scraping_twitter to 2026-02-06 23:00:00+00:00, run_after=2026-02-07 11:00:00+00:00
[2026-02-07T11:33:59.441+0700] {processor.py:208} INFO - Processing /opt/airflow/dags/dag_scraping_twitter.py took 0.134 seconds
[2026-02-07T11:34:29.607+0700] {processor.py:186} INFO - Started process (PID=2065) to work on /opt/airflow/dags/dag_scraping_twitter.py
[2026-02-07T11:34:29.608+0700] {processor.py:914} INFO - Processing file /opt/airflow/dags/dag_scraping_twitter.py for tasks to queue
[2026-02-07T11:34:29.615+0700] {logging_mixin.py:190} INFO - [2026-02-07T11:34:29.615+0700] {dagbag.py:587} INFO - Filling up the DagBag from /opt/airflow/dags/dag_scraping_twitter.py
[2026-02-07T11:34:29.638+0700] {processor.py:925} INFO - DAG(s) 'dag_scraping_twitter' retrieved from /opt/airflow/dags/dag_scraping_twitter.py
[2026-02-07T11:34:29.669+0700] {logging_mixin.py:190} INFO - [2026-02-07T11:34:29.669+0700] {dag.py:3211} INFO - Sync 1 DAGs
[2026-02-07T11:34:29.696+0700] {logging_mixin.py:190} INFO - [2026-02-07T11:34:29.696+0700] {dag.py:4138} INFO - Setting next_dagrun for dag_scraping_twitter to 2026-02-06 23:00:00+00:00, run_after=2026-02-07 11:00:00+00:00
[2026-02-07T11:34:29.720+0700] {processor.py:208} INFO - Processing /opt/airflow/dags/dag_scraping_twitter.py took 0.121 seconds
[2026-02-07T11:34:59.932+0700] {processor.py:186} INFO - Started process (PID=2075) to work on /opt/airflow/dags/dag_scraping_twitter.py
[2026-02-07T11:34:59.933+0700] {processor.py:914} INFO - Processing file /opt/airflow/dags/dag_scraping_twitter.py for tasks to queue
[2026-02-07T11:34:59.936+0700] {logging_mixin.py:190} INFO - [2026-02-07T11:34:59.935+0700] {dagbag.py:587} INFO - Filling up the DagBag from /opt/airflow/dags/dag_scraping_twitter.py
[2026-02-07T11:34:59.959+0700] {processor.py:925} INFO - DAG(s) 'dag_scraping_twitter' retrieved from /opt/airflow/dags/dag_scraping_twitter.py
[2026-02-07T11:34:59.988+0700] {logging_mixin.py:190} INFO - [2026-02-07T11:34:59.987+0700] {dag.py:3211} INFO - Sync 1 DAGs
[2026-02-07T11:35:00.011+0700] {logging_mixin.py:190} INFO - [2026-02-07T11:35:00.011+0700] {dag.py:4138} INFO - Setting next_dagrun for dag_scraping_twitter to 2026-02-06 23:00:00+00:00, run_after=2026-02-07 11:00:00+00:00
[2026-02-07T11:35:00.037+0700] {processor.py:208} INFO - Processing /opt/airflow/dags/dag_scraping_twitter.py took 0.114 seconds
[2026-02-07T11:35:30.133+0700] {processor.py:186} INFO - Started process (PID=2085) to work on /opt/airflow/dags/dag_scraping_twitter.py
[2026-02-07T11:35:30.135+0700] {processor.py:914} INFO - Processing file /opt/airflow/dags/dag_scraping_twitter.py for tasks to queue
[2026-02-07T11:35:30.138+0700] {logging_mixin.py:190} INFO - [2026-02-07T11:35:30.137+0700] {dagbag.py:587} INFO - Filling up the DagBag from /opt/airflow/dags/dag_scraping_twitter.py
[2026-02-07T11:35:30.161+0700] {processor.py:925} INFO - DAG(s) 'dag_scraping_twitter' retrieved from /opt/airflow/dags/dag_scraping_twitter.py
[2026-02-07T11:35:30.188+0700] {logging_mixin.py:190} INFO - [2026-02-07T11:35:30.188+0700] {dag.py:3211} INFO - Sync 1 DAGs
[2026-02-07T11:35:30.219+0700] {logging_mixin.py:190} INFO - [2026-02-07T11:35:30.219+0700] {dag.py:4138} INFO - Setting next_dagrun for dag_scraping_twitter to 2026-02-06 23:00:00+00:00, run_after=2026-02-07 11:00:00+00:00
[2026-02-07T11:35:30.244+0700] {processor.py:208} INFO - Processing /opt/airflow/dags/dag_scraping_twitter.py took 0.120 seconds
[2026-02-07T11:36:01.071+0700] {processor.py:186} INFO - Started process (PID=2095) to work on /opt/airflow/dags/dag_scraping_twitter.py
[2026-02-07T11:36:01.072+0700] {processor.py:914} INFO - Processing file /opt/airflow/dags/dag_scraping_twitter.py for tasks to queue
[2026-02-07T11:36:01.075+0700] {logging_mixin.py:190} INFO - [2026-02-07T11:36:01.075+0700] {dagbag.py:587} INFO - Filling up the DagBag from /opt/airflow/dags/dag_scraping_twitter.py
[2026-02-07T11:36:01.096+0700] {processor.py:925} INFO - DAG(s) 'dag_scraping_twitter' retrieved from /opt/airflow/dags/dag_scraping_twitter.py
[2026-02-07T11:36:01.126+0700] {logging_mixin.py:190} INFO - [2026-02-07T11:36:01.126+0700] {dag.py:3211} INFO - Sync 1 DAGs
[2026-02-07T11:36:01.151+0700] {logging_mixin.py:190} INFO - [2026-02-07T11:36:01.151+0700] {dag.py:4138} INFO - Setting next_dagrun for dag_scraping_twitter to 2026-02-06 23:00:00+00:00, run_after=2026-02-07 11:00:00+00:00
[2026-02-07T11:36:01.175+0700] {processor.py:208} INFO - Processing /opt/airflow/dags/dag_scraping_twitter.py took 0.109 seconds
[2026-02-07T11:36:31.352+0700] {processor.py:186} INFO - Started process (PID=2105) to work on /opt/airflow/dags/dag_scraping_twitter.py
[2026-02-07T11:36:31.356+0700] {processor.py:914} INFO - Processing file /opt/airflow/dags/dag_scraping_twitter.py for tasks to queue
[2026-02-07T11:36:31.360+0700] {logging_mixin.py:190} INFO - [2026-02-07T11:36:31.359+0700] {dagbag.py:587} INFO - Filling up the DagBag from /opt/airflow/dags/dag_scraping_twitter.py
[2026-02-07T11:36:31.386+0700] {processor.py:925} INFO - DAG(s) 'dag_scraping_twitter' retrieved from /opt/airflow/dags/dag_scraping_twitter.py
[2026-02-07T11:36:31.416+0700] {logging_mixin.py:190} INFO - [2026-02-07T11:36:31.416+0700] {dag.py:3211} INFO - Sync 1 DAGs
[2026-02-07T11:36:31.441+0700] {logging_mixin.py:190} INFO - [2026-02-07T11:36:31.441+0700] {dag.py:4138} INFO - Setting next_dagrun for dag_scraping_twitter to 2026-02-06 23:00:00+00:00, run_after=2026-02-07 11:00:00+00:00
[2026-02-07T11:36:31.466+0700] {processor.py:208} INFO - Processing /opt/airflow/dags/dag_scraping_twitter.py took 0.121 seconds
[2026-02-07T11:37:02.457+0700] {processor.py:186} INFO - Started process (PID=2115) to work on /opt/airflow/dags/dag_scraping_twitter.py
[2026-02-07T11:37:02.458+0700] {processor.py:914} INFO - Processing file /opt/airflow/dags/dag_scraping_twitter.py for tasks to queue
[2026-02-07T11:37:02.461+0700] {logging_mixin.py:190} INFO - [2026-02-07T11:37:02.461+0700] {dagbag.py:587} INFO - Filling up the DagBag from /opt/airflow/dags/dag_scraping_twitter.py
[2026-02-07T11:37:02.481+0700] {processor.py:925} INFO - DAG(s) 'dag_scraping_twitter' retrieved from /opt/airflow/dags/dag_scraping_twitter.py
[2026-02-07T11:37:02.510+0700] {logging_mixin.py:190} INFO - [2026-02-07T11:37:02.510+0700] {dag.py:3211} INFO - Sync 1 DAGs
[2026-02-07T11:37:02.534+0700] {logging_mixin.py:190} INFO - [2026-02-07T11:37:02.533+0700] {dag.py:4138} INFO - Setting next_dagrun for dag_scraping_twitter to 2026-02-06 23:00:00+00:00, run_after=2026-02-07 11:00:00+00:00
[2026-02-07T11:37:02.557+0700] {processor.py:208} INFO - Processing /opt/airflow/dags/dag_scraping_twitter.py took 0.107 seconds
[2026-02-07T11:37:33.058+0700] {processor.py:186} INFO - Started process (PID=2125) to work on /opt/airflow/dags/dag_scraping_twitter.py
[2026-02-07T11:37:33.059+0700] {processor.py:914} INFO - Processing file /opt/airflow/dags/dag_scraping_twitter.py for tasks to queue
[2026-02-07T11:37:33.061+0700] {logging_mixin.py:190} INFO - [2026-02-07T11:37:33.061+0700] {dagbag.py:587} INFO - Filling up the DagBag from /opt/airflow/dags/dag_scraping_twitter.py
[2026-02-07T11:37:33.079+0700] {processor.py:925} INFO - DAG(s) 'dag_scraping_twitter' retrieved from /opt/airflow/dags/dag_scraping_twitter.py
[2026-02-07T11:37:33.109+0700] {logging_mixin.py:190} INFO - [2026-02-07T11:37:33.109+0700] {dag.py:3211} INFO - Sync 1 DAGs
[2026-02-07T11:37:33.133+0700] {logging_mixin.py:190} INFO - [2026-02-07T11:37:33.133+0700] {dag.py:4138} INFO - Setting next_dagrun for dag_scraping_twitter to 2026-02-06 23:00:00+00:00, run_after=2026-02-07 11:00:00+00:00
[2026-02-07T11:37:33.158+0700] {processor.py:208} INFO - Processing /opt/airflow/dags/dag_scraping_twitter.py took 0.107 seconds
[2026-02-07T11:38:03.218+0700] {processor.py:186} INFO - Started process (PID=2135) to work on /opt/airflow/dags/dag_scraping_twitter.py
[2026-02-07T11:38:03.219+0700] {processor.py:914} INFO - Processing file /opt/airflow/dags/dag_scraping_twitter.py for tasks to queue
[2026-02-07T11:38:03.221+0700] {logging_mixin.py:190} INFO - [2026-02-07T11:38:03.220+0700] {dagbag.py:587} INFO - Filling up the DagBag from /opt/airflow/dags/dag_scraping_twitter.py
[2026-02-07T11:38:03.239+0700] {processor.py:925} INFO - DAG(s) 'dag_scraping_twitter' retrieved from /opt/airflow/dags/dag_scraping_twitter.py
[2026-02-07T11:38:03.269+0700] {logging_mixin.py:190} INFO - [2026-02-07T11:38:03.269+0700] {dag.py:3211} INFO - Sync 1 DAGs
[2026-02-07T11:38:03.293+0700] {logging_mixin.py:190} INFO - [2026-02-07T11:38:03.293+0700] {dag.py:4138} INFO - Setting next_dagrun for dag_scraping_twitter to 2026-02-06 23:00:00+00:00, run_after=2026-02-07 11:00:00+00:00
[2026-02-07T11:38:03.319+0700] {processor.py:208} INFO - Processing /opt/airflow/dags/dag_scraping_twitter.py took 0.107 seconds
[2026-02-07T11:38:33.645+0700] {processor.py:186} INFO - Started process (PID=2145) to work on /opt/airflow/dags/dag_scraping_twitter.py
[2026-02-07T11:38:33.646+0700] {processor.py:914} INFO - Processing file /opt/airflow/dags/dag_scraping_twitter.py for tasks to queue
[2026-02-07T11:38:33.649+0700] {logging_mixin.py:190} INFO - [2026-02-07T11:38:33.648+0700] {dagbag.py:587} INFO - Filling up the DagBag from /opt/airflow/dags/dag_scraping_twitter.py
[2026-02-07T11:38:33.668+0700] {processor.py:925} INFO - DAG(s) 'dag_scraping_twitter' retrieved from /opt/airflow/dags/dag_scraping_twitter.py
[2026-02-07T11:38:33.695+0700] {logging_mixin.py:190} INFO - [2026-02-07T11:38:33.694+0700] {dag.py:3211} INFO - Sync 1 DAGs
[2026-02-07T11:38:33.721+0700] {logging_mixin.py:190} INFO - [2026-02-07T11:38:33.720+0700] {dag.py:4138} INFO - Setting next_dagrun for dag_scraping_twitter to 2026-02-06 23:00:00+00:00, run_after=2026-02-07 11:00:00+00:00
[2026-02-07T11:38:33.744+0700] {processor.py:208} INFO - Processing /opt/airflow/dags/dag_scraping_twitter.py took 0.105 seconds
[2026-02-07T11:39:04.499+0700] {processor.py:186} INFO - Started process (PID=2155) to work on /opt/airflow/dags/dag_scraping_twitter.py
[2026-02-07T11:39:04.500+0700] {processor.py:914} INFO - Processing file /opt/airflow/dags/dag_scraping_twitter.py for tasks to queue
[2026-02-07T11:39:04.503+0700] {logging_mixin.py:190} INFO - [2026-02-07T11:39:04.503+0700] {dagbag.py:587} INFO - Filling up the DagBag from /opt/airflow/dags/dag_scraping_twitter.py
[2026-02-07T11:39:04.531+0700] {processor.py:925} INFO - DAG(s) 'dag_scraping_twitter' retrieved from /opt/airflow/dags/dag_scraping_twitter.py
[2026-02-07T11:39:04.562+0700] {logging_mixin.py:190} INFO - [2026-02-07T11:39:04.562+0700] {dag.py:3211} INFO - Sync 1 DAGs
[2026-02-07T11:39:04.586+0700] {logging_mixin.py:190} INFO - [2026-02-07T11:39:04.586+0700] {dag.py:4138} INFO - Setting next_dagrun for dag_scraping_twitter to 2026-02-06 23:00:00+00:00, run_after=2026-02-07 11:00:00+00:00
[2026-02-07T11:39:04.611+0700] {processor.py:208} INFO - Processing /opt/airflow/dags/dag_scraping_twitter.py took 0.119 seconds
[2026-02-07T11:39:34.688+0700] {processor.py:186} INFO - Started process (PID=2165) to work on /opt/airflow/dags/dag_scraping_twitter.py
[2026-02-07T11:39:34.689+0700] {processor.py:914} INFO - Processing file /opt/airflow/dags/dag_scraping_twitter.py for tasks to queue
[2026-02-07T11:39:34.692+0700] {logging_mixin.py:190} INFO - [2026-02-07T11:39:34.692+0700] {dagbag.py:587} INFO - Filling up the DagBag from /opt/airflow/dags/dag_scraping_twitter.py
[2026-02-07T11:39:34.712+0700] {processor.py:925} INFO - DAG(s) 'dag_scraping_twitter' retrieved from /opt/airflow/dags/dag_scraping_twitter.py
[2026-02-07T11:39:34.741+0700] {logging_mixin.py:190} INFO - [2026-02-07T11:39:34.740+0700] {dag.py:3211} INFO - Sync 1 DAGs
[2026-02-07T11:39:34.764+0700] {logging_mixin.py:190} INFO - [2026-02-07T11:39:34.764+0700] {dag.py:4138} INFO - Setting next_dagrun for dag_scraping_twitter to 2026-02-06 23:00:00+00:00, run_after=2026-02-07 11:00:00+00:00
[2026-02-07T11:39:34.788+0700] {processor.py:208} INFO - Processing /opt/airflow/dags/dag_scraping_twitter.py took 0.106 seconds
[2026-02-07T11:40:05.010+0700] {processor.py:186} INFO - Started process (PID=2175) to work on /opt/airflow/dags/dag_scraping_twitter.py
[2026-02-07T11:40:05.011+0700] {processor.py:914} INFO - Processing file /opt/airflow/dags/dag_scraping_twitter.py for tasks to queue
[2026-02-07T11:40:05.013+0700] {logging_mixin.py:190} INFO - [2026-02-07T11:40:05.013+0700] {dagbag.py:587} INFO - Filling up the DagBag from /opt/airflow/dags/dag_scraping_twitter.py
[2026-02-07T11:40:05.032+0700] {processor.py:925} INFO - DAG(s) 'dag_scraping_twitter' retrieved from /opt/airflow/dags/dag_scraping_twitter.py
[2026-02-07T11:40:05.062+0700] {logging_mixin.py:190} INFO - [2026-02-07T11:40:05.061+0700] {dag.py:3211} INFO - Sync 1 DAGs
[2026-02-07T11:40:05.085+0700] {logging_mixin.py:190} INFO - [2026-02-07T11:40:05.085+0700] {dag.py:4138} INFO - Setting next_dagrun for dag_scraping_twitter to 2026-02-06 23:00:00+00:00, run_after=2026-02-07 11:00:00+00:00
[2026-02-07T11:40:05.110+0700] {processor.py:208} INFO - Processing /opt/airflow/dags/dag_scraping_twitter.py took 0.107 seconds
[2026-02-07T11:40:35.675+0700] {processor.py:186} INFO - Started process (PID=2185) to work on /opt/airflow/dags/dag_scraping_twitter.py
[2026-02-07T11:40:35.676+0700] {processor.py:914} INFO - Processing file /opt/airflow/dags/dag_scraping_twitter.py for tasks to queue
[2026-02-07T11:40:35.679+0700] {logging_mixin.py:190} INFO - [2026-02-07T11:40:35.679+0700] {dagbag.py:587} INFO - Filling up the DagBag from /opt/airflow/dags/dag_scraping_twitter.py
[2026-02-07T11:40:35.699+0700] {processor.py:925} INFO - DAG(s) 'dag_scraping_twitter' retrieved from /opt/airflow/dags/dag_scraping_twitter.py
[2026-02-07T11:40:35.728+0700] {logging_mixin.py:190} INFO - [2026-02-07T11:40:35.728+0700] {dag.py:3211} INFO - Sync 1 DAGs
[2026-02-07T11:40:35.753+0700] {logging_mixin.py:190} INFO - [2026-02-07T11:40:35.753+0700] {dag.py:4138} INFO - Setting next_dagrun for dag_scraping_twitter to 2026-02-06 23:00:00+00:00, run_after=2026-02-07 11:00:00+00:00
[2026-02-07T11:40:35.776+0700] {processor.py:208} INFO - Processing /opt/airflow/dags/dag_scraping_twitter.py took 0.108 seconds
[2026-02-07T11:41:05.861+0700] {processor.py:186} INFO - Started process (PID=2195) to work on /opt/airflow/dags/dag_scraping_twitter.py
[2026-02-07T11:41:05.863+0700] {processor.py:914} INFO - Processing file /opt/airflow/dags/dag_scraping_twitter.py for tasks to queue
[2026-02-07T11:41:05.866+0700] {logging_mixin.py:190} INFO - [2026-02-07T11:41:05.865+0700] {dagbag.py:587} INFO - Filling up the DagBag from /opt/airflow/dags/dag_scraping_twitter.py
[2026-02-07T11:41:05.887+0700] {processor.py:925} INFO - DAG(s) 'dag_scraping_twitter' retrieved from /opt/airflow/dags/dag_scraping_twitter.py
[2026-02-07T11:41:05.922+0700] {logging_mixin.py:190} INFO - [2026-02-07T11:41:05.922+0700] {dag.py:3211} INFO - Sync 1 DAGs
[2026-02-07T11:41:05.948+0700] {logging_mixin.py:190} INFO - [2026-02-07T11:41:05.947+0700] {dag.py:4138} INFO - Setting next_dagrun for dag_scraping_twitter to 2026-02-06 23:00:00+00:00, run_after=2026-02-07 11:00:00+00:00
[2026-02-07T11:41:05.969+0700] {processor.py:208} INFO - Processing /opt/airflow/dags/dag_scraping_twitter.py took 0.115 seconds
[2026-02-07T11:41:36.126+0700] {processor.py:186} INFO - Started process (PID=2205) to work on /opt/airflow/dags/dag_scraping_twitter.py
[2026-02-07T11:41:36.127+0700] {processor.py:914} INFO - Processing file /opt/airflow/dags/dag_scraping_twitter.py for tasks to queue
[2026-02-07T11:41:36.131+0700] {logging_mixin.py:190} INFO - [2026-02-07T11:41:36.131+0700] {dagbag.py:587} INFO - Filling up the DagBag from /opt/airflow/dags/dag_scraping_twitter.py
[2026-02-07T11:41:36.153+0700] {processor.py:925} INFO - DAG(s) 'dag_scraping_twitter' retrieved from /opt/airflow/dags/dag_scraping_twitter.py
[2026-02-07T11:41:36.182+0700] {logging_mixin.py:190} INFO - [2026-02-07T11:41:36.181+0700] {dag.py:3211} INFO - Sync 1 DAGs
[2026-02-07T11:41:36.209+0700] {logging_mixin.py:190} INFO - [2026-02-07T11:41:36.209+0700] {dag.py:4138} INFO - Setting next_dagrun for dag_scraping_twitter to 2026-02-06 23:00:00+00:00, run_after=2026-02-07 11:00:00+00:00
[2026-02-07T11:41:36.235+0700] {processor.py:208} INFO - Processing /opt/airflow/dags/dag_scraping_twitter.py took 0.116 seconds
[2026-02-07T11:42:06.903+0700] {processor.py:186} INFO - Started process (PID=2215) to work on /opt/airflow/dags/dag_scraping_twitter.py
[2026-02-07T11:42:06.904+0700] {processor.py:914} INFO - Processing file /opt/airflow/dags/dag_scraping_twitter.py for tasks to queue
[2026-02-07T11:42:06.906+0700] {logging_mixin.py:190} INFO - [2026-02-07T11:42:06.906+0700] {dagbag.py:587} INFO - Filling up the DagBag from /opt/airflow/dags/dag_scraping_twitter.py
[2026-02-07T11:42:06.925+0700] {processor.py:925} INFO - DAG(s) 'dag_scraping_twitter' retrieved from /opt/airflow/dags/dag_scraping_twitter.py
[2026-02-07T11:42:06.955+0700] {logging_mixin.py:190} INFO - [2026-02-07T11:42:06.955+0700] {dag.py:3211} INFO - Sync 1 DAGs
[2026-02-07T11:42:06.980+0700] {logging_mixin.py:190} INFO - [2026-02-07T11:42:06.980+0700] {dag.py:4138} INFO - Setting next_dagrun for dag_scraping_twitter to 2026-02-06 23:00:00+00:00, run_after=2026-02-07 11:00:00+00:00
[2026-02-07T11:42:07.004+0700] {processor.py:208} INFO - Processing /opt/airflow/dags/dag_scraping_twitter.py took 0.108 seconds
[2026-02-07T11:42:37.098+0700] {processor.py:186} INFO - Started process (PID=2225) to work on /opt/airflow/dags/dag_scraping_twitter.py
[2026-02-07T11:42:37.100+0700] {processor.py:914} INFO - Processing file /opt/airflow/dags/dag_scraping_twitter.py for tasks to queue
[2026-02-07T11:42:37.103+0700] {logging_mixin.py:190} INFO - [2026-02-07T11:42:37.103+0700] {dagbag.py:587} INFO - Filling up the DagBag from /opt/airflow/dags/dag_scraping_twitter.py
[2026-02-07T11:42:37.131+0700] {processor.py:925} INFO - DAG(s) 'dag_scraping_twitter' retrieved from /opt/airflow/dags/dag_scraping_twitter.py
[2026-02-07T11:42:37.160+0700] {logging_mixin.py:190} INFO - [2026-02-07T11:42:37.160+0700] {dag.py:3211} INFO - Sync 1 DAGs
[2026-02-07T11:42:37.184+0700] {logging_mixin.py:190} INFO - [2026-02-07T11:42:37.184+0700] {dag.py:4138} INFO - Setting next_dagrun for dag_scraping_twitter to 2026-02-06 23:00:00+00:00, run_after=2026-02-07 11:00:00+00:00
[2026-02-07T11:42:37.210+0700] {processor.py:208} INFO - Processing /opt/airflow/dags/dag_scraping_twitter.py took 0.119 seconds
[2026-02-07T11:43:07.260+0700] {processor.py:186} INFO - Started process (PID=2235) to work on /opt/airflow/dags/dag_scraping_twitter.py
[2026-02-07T11:43:07.261+0700] {processor.py:914} INFO - Processing file /opt/airflow/dags/dag_scraping_twitter.py for tasks to queue
[2026-02-07T11:43:07.263+0700] {logging_mixin.py:190} INFO - [2026-02-07T11:43:07.263+0700] {dagbag.py:587} INFO - Filling up the DagBag from /opt/airflow/dags/dag_scraping_twitter.py
[2026-02-07T11:43:07.283+0700] {processor.py:925} INFO - DAG(s) 'dag_scraping_twitter' retrieved from /opt/airflow/dags/dag_scraping_twitter.py
[2026-02-07T11:43:07.316+0700] {logging_mixin.py:190} INFO - [2026-02-07T11:43:07.316+0700] {dag.py:3211} INFO - Sync 1 DAGs
[2026-02-07T11:43:07.343+0700] {logging_mixin.py:190} INFO - [2026-02-07T11:43:07.343+0700] {dag.py:4138} INFO - Setting next_dagrun for dag_scraping_twitter to 2026-02-06 23:00:00+00:00, run_after=2026-02-07 11:00:00+00:00
[2026-02-07T11:43:07.367+0700] {processor.py:208} INFO - Processing /opt/airflow/dags/dag_scraping_twitter.py took 0.112 seconds
[2026-02-07T11:43:37.587+0700] {processor.py:186} INFO - Started process (PID=2245) to work on /opt/airflow/dags/dag_scraping_twitter.py
[2026-02-07T11:43:37.588+0700] {processor.py:914} INFO - Processing file /opt/airflow/dags/dag_scraping_twitter.py for tasks to queue
[2026-02-07T11:43:37.593+0700] {logging_mixin.py:190} INFO - [2026-02-07T11:43:37.593+0700] {dagbag.py:587} INFO - Filling up the DagBag from /opt/airflow/dags/dag_scraping_twitter.py
[2026-02-07T11:43:37.614+0700] {processor.py:925} INFO - DAG(s) 'dag_scraping_twitter' retrieved from /opt/airflow/dags/dag_scraping_twitter.py
[2026-02-07T11:43:37.643+0700] {logging_mixin.py:190} INFO - [2026-02-07T11:43:37.643+0700] {dag.py:3211} INFO - Sync 1 DAGs
[2026-02-07T11:43:37.669+0700] {logging_mixin.py:190} INFO - [2026-02-07T11:43:37.669+0700] {dag.py:4138} INFO - Setting next_dagrun for dag_scraping_twitter to 2026-02-06 23:00:00+00:00, run_after=2026-02-07 11:00:00+00:00
[2026-02-07T11:43:37.694+0700] {processor.py:208} INFO - Processing /opt/airflow/dags/dag_scraping_twitter.py took 0.113 seconds
[2026-02-07T11:44:08.448+0700] {processor.py:186} INFO - Started process (PID=2255) to work on /opt/airflow/dags/dag_scraping_twitter.py
[2026-02-07T11:44:08.450+0700] {processor.py:914} INFO - Processing file /opt/airflow/dags/dag_scraping_twitter.py for tasks to queue
[2026-02-07T11:44:08.453+0700] {logging_mixin.py:190} INFO - [2026-02-07T11:44:08.452+0700] {dagbag.py:587} INFO - Filling up the DagBag from /opt/airflow/dags/dag_scraping_twitter.py
[2026-02-07T11:44:08.478+0700] {processor.py:925} INFO - DAG(s) 'dag_scraping_twitter' retrieved from /opt/airflow/dags/dag_scraping_twitter.py
[2026-02-07T11:44:08.507+0700] {logging_mixin.py:190} INFO - [2026-02-07T11:44:08.506+0700] {dag.py:3211} INFO - Sync 1 DAGs
[2026-02-07T11:44:08.532+0700] {logging_mixin.py:190} INFO - [2026-02-07T11:44:08.532+0700] {dag.py:4138} INFO - Setting next_dagrun for dag_scraping_twitter to 2026-02-06 23:00:00+00:00, run_after=2026-02-07 11:00:00+00:00
[2026-02-07T11:44:08.555+0700] {processor.py:208} INFO - Processing /opt/airflow/dags/dag_scraping_twitter.py took 0.115 seconds
[2026-02-07T11:44:39.575+0700] {processor.py:186} INFO - Started process (PID=2265) to work on /opt/airflow/dags/dag_scraping_twitter.py
[2026-02-07T11:44:39.576+0700] {processor.py:914} INFO - Processing file /opt/airflow/dags/dag_scraping_twitter.py for tasks to queue
[2026-02-07T11:44:39.579+0700] {logging_mixin.py:190} INFO - [2026-02-07T11:44:39.578+0700] {dagbag.py:587} INFO - Filling up the DagBag from /opt/airflow/dags/dag_scraping_twitter.py
[2026-02-07T11:44:39.603+0700] {processor.py:925} INFO - DAG(s) 'dag_scraping_twitter' retrieved from /opt/airflow/dags/dag_scraping_twitter.py
[2026-02-07T11:44:39.633+0700] {logging_mixin.py:190} INFO - [2026-02-07T11:44:39.633+0700] {dag.py:3211} INFO - Sync 1 DAGs
[2026-02-07T11:44:39.658+0700] {logging_mixin.py:190} INFO - [2026-02-07T11:44:39.658+0700] {dag.py:4138} INFO - Setting next_dagrun for dag_scraping_twitter to 2026-02-06 23:00:00+00:00, run_after=2026-02-07 11:00:00+00:00
[2026-02-07T11:44:39.682+0700] {processor.py:208} INFO - Processing /opt/airflow/dags/dag_scraping_twitter.py took 0.115 seconds
[2026-02-07T11:45:09.737+0700] {processor.py:186} INFO - Started process (PID=2275) to work on /opt/airflow/dags/dag_scraping_twitter.py
[2026-02-07T11:45:09.739+0700] {processor.py:914} INFO - Processing file /opt/airflow/dags/dag_scraping_twitter.py for tasks to queue
[2026-02-07T11:45:09.742+0700] {logging_mixin.py:190} INFO - [2026-02-07T11:45:09.741+0700] {dagbag.py:587} INFO - Filling up the DagBag from /opt/airflow/dags/dag_scraping_twitter.py
[2026-02-07T11:45:09.762+0700] {processor.py:925} INFO - DAG(s) 'dag_scraping_twitter' retrieved from /opt/airflow/dags/dag_scraping_twitter.py
[2026-02-07T11:45:09.792+0700] {logging_mixin.py:190} INFO - [2026-02-07T11:45:09.792+0700] {dag.py:3211} INFO - Sync 1 DAGs
[2026-02-07T11:45:09.817+0700] {logging_mixin.py:190} INFO - [2026-02-07T11:45:09.817+0700] {dag.py:4138} INFO - Setting next_dagrun for dag_scraping_twitter to 2026-02-06 23:00:00+00:00, run_after=2026-02-07 11:00:00+00:00
[2026-02-07T11:45:09.840+0700] {processor.py:208} INFO - Processing /opt/airflow/dags/dag_scraping_twitter.py took 0.110 seconds
[2026-02-07T11:45:39.897+0700] {processor.py:186} INFO - Started process (PID=2285) to work on /opt/airflow/dags/dag_scraping_twitter.py
[2026-02-07T11:45:39.899+0700] {processor.py:914} INFO - Processing file /opt/airflow/dags/dag_scraping_twitter.py for tasks to queue
[2026-02-07T11:45:39.903+0700] {logging_mixin.py:190} INFO - [2026-02-07T11:45:39.902+0700] {dagbag.py:587} INFO - Filling up the DagBag from /opt/airflow/dags/dag_scraping_twitter.py
[2026-02-07T11:45:39.920+0700] {processor.py:925} INFO - DAG(s) 'dag_scraping_twitter' retrieved from /opt/airflow/dags/dag_scraping_twitter.py
[2026-02-07T11:45:39.949+0700] {logging_mixin.py:190} INFO - [2026-02-07T11:45:39.948+0700] {dag.py:3211} INFO - Sync 1 DAGs
[2026-02-07T11:45:39.974+0700] {logging_mixin.py:190} INFO - [2026-02-07T11:45:39.973+0700] {dag.py:4138} INFO - Setting next_dagrun for dag_scraping_twitter to 2026-02-06 23:00:00+00:00, run_after=2026-02-07 11:00:00+00:00
[2026-02-07T11:45:39.997+0700] {processor.py:208} INFO - Processing /opt/airflow/dags/dag_scraping_twitter.py took 0.107 seconds
[2026-02-07T11:46:10.127+0700] {processor.py:186} INFO - Started process (PID=2295) to work on /opt/airflow/dags/dag_scraping_twitter.py
[2026-02-07T11:46:10.129+0700] {processor.py:914} INFO - Processing file /opt/airflow/dags/dag_scraping_twitter.py for tasks to queue
[2026-02-07T11:46:10.132+0700] {logging_mixin.py:190} INFO - [2026-02-07T11:46:10.131+0700] {dagbag.py:587} INFO - Filling up the DagBag from /opt/airflow/dags/dag_scraping_twitter.py
[2026-02-07T11:46:10.153+0700] {processor.py:925} INFO - DAG(s) 'dag_scraping_twitter' retrieved from /opt/airflow/dags/dag_scraping_twitter.py
[2026-02-07T11:46:10.183+0700] {logging_mixin.py:190} INFO - [2026-02-07T11:46:10.183+0700] {dag.py:3211} INFO - Sync 1 DAGs
[2026-02-07T11:46:10.208+0700] {logging_mixin.py:190} INFO - [2026-02-07T11:46:10.208+0700] {dag.py:4138} INFO - Setting next_dagrun for dag_scraping_twitter to 2026-02-06 23:00:00+00:00, run_after=2026-02-07 11:00:00+00:00
[2026-02-07T11:46:10.233+0700] {processor.py:208} INFO - Processing /opt/airflow/dags/dag_scraping_twitter.py took 0.112 seconds
[2026-02-07T11:46:40.293+0700] {processor.py:186} INFO - Started process (PID=2305) to work on /opt/airflow/dags/dag_scraping_twitter.py
[2026-02-07T11:46:40.294+0700] {processor.py:914} INFO - Processing file /opt/airflow/dags/dag_scraping_twitter.py for tasks to queue
[2026-02-07T11:46:40.297+0700] {logging_mixin.py:190} INFO - [2026-02-07T11:46:40.297+0700] {dagbag.py:587} INFO - Filling up the DagBag from /opt/airflow/dags/dag_scraping_twitter.py
[2026-02-07T11:46:40.320+0700] {processor.py:925} INFO - DAG(s) 'dag_scraping_twitter' retrieved from /opt/airflow/dags/dag_scraping_twitter.py
[2026-02-07T11:46:40.349+0700] {logging_mixin.py:190} INFO - [2026-02-07T11:46:40.349+0700] {dag.py:3211} INFO - Sync 1 DAGs
[2026-02-07T11:46:40.375+0700] {logging_mixin.py:190} INFO - [2026-02-07T11:46:40.375+0700] {dag.py:4138} INFO - Setting next_dagrun for dag_scraping_twitter to 2026-02-06 23:00:00+00:00, run_after=2026-02-07 11:00:00+00:00
[2026-02-07T11:46:40.398+0700] {processor.py:208} INFO - Processing /opt/airflow/dags/dag_scraping_twitter.py took 0.114 seconds
[2026-02-07T11:47:10.449+0700] {processor.py:186} INFO - Started process (PID=2315) to work on /opt/airflow/dags/dag_scraping_twitter.py
[2026-02-07T11:47:10.451+0700] {processor.py:914} INFO - Processing file /opt/airflow/dags/dag_scraping_twitter.py for tasks to queue
[2026-02-07T11:47:10.453+0700] {logging_mixin.py:190} INFO - [2026-02-07T11:47:10.453+0700] {dagbag.py:587} INFO - Filling up the DagBag from /opt/airflow/dags/dag_scraping_twitter.py
[2026-02-07T11:47:10.475+0700] {processor.py:925} INFO - DAG(s) 'dag_scraping_twitter' retrieved from /opt/airflow/dags/dag_scraping_twitter.py
[2026-02-07T11:47:10.502+0700] {logging_mixin.py:190} INFO - [2026-02-07T11:47:10.501+0700] {dag.py:3211} INFO - Sync 1 DAGs
[2026-02-07T11:47:10.528+0700] {logging_mixin.py:190} INFO - [2026-02-07T11:47:10.527+0700] {dag.py:4138} INFO - Setting next_dagrun for dag_scraping_twitter to 2026-02-06 23:00:00+00:00, run_after=2026-02-07 11:00:00+00:00
[2026-02-07T11:47:10.553+0700] {processor.py:208} INFO - Processing /opt/airflow/dags/dag_scraping_twitter.py took 0.111 seconds
[2026-02-07T11:47:40.648+0700] {processor.py:186} INFO - Started process (PID=2325) to work on /opt/airflow/dags/dag_scraping_twitter.py
[2026-02-07T11:47:40.649+0700] {processor.py:914} INFO - Processing file /opt/airflow/dags/dag_scraping_twitter.py for tasks to queue
[2026-02-07T11:47:40.651+0700] {logging_mixin.py:190} INFO - [2026-02-07T11:47:40.651+0700] {dagbag.py:587} INFO - Filling up the DagBag from /opt/airflow/dags/dag_scraping_twitter.py
[2026-02-07T11:47:40.672+0700] {processor.py:925} INFO - DAG(s) 'dag_scraping_twitter' retrieved from /opt/airflow/dags/dag_scraping_twitter.py
[2026-02-07T11:47:40.701+0700] {logging_mixin.py:190} INFO - [2026-02-07T11:47:40.701+0700] {dag.py:3211} INFO - Sync 1 DAGs
[2026-02-07T11:47:40.725+0700] {logging_mixin.py:190} INFO - [2026-02-07T11:47:40.725+0700] {dag.py:4138} INFO - Setting next_dagrun for dag_scraping_twitter to 2026-02-06 23:00:00+00:00, run_after=2026-02-07 11:00:00+00:00
[2026-02-07T11:47:40.748+0700] {processor.py:208} INFO - Processing /opt/airflow/dags/dag_scraping_twitter.py took 0.106 seconds
[2026-02-07T11:48:10.978+0700] {processor.py:186} INFO - Started process (PID=2335) to work on /opt/airflow/dags/dag_scraping_twitter.py
[2026-02-07T11:48:10.980+0700] {processor.py:914} INFO - Processing file /opt/airflow/dags/dag_scraping_twitter.py for tasks to queue
[2026-02-07T11:48:10.982+0700] {logging_mixin.py:190} INFO - [2026-02-07T11:48:10.982+0700] {dagbag.py:587} INFO - Filling up the DagBag from /opt/airflow/dags/dag_scraping_twitter.py
[2026-02-07T11:48:11.006+0700] {processor.py:925} INFO - DAG(s) 'dag_scraping_twitter' retrieved from /opt/airflow/dags/dag_scraping_twitter.py
[2026-02-07T11:48:11.037+0700] {logging_mixin.py:190} INFO - [2026-02-07T11:48:11.036+0700] {dag.py:3211} INFO - Sync 1 DAGs
[2026-02-07T11:48:11.061+0700] {logging_mixin.py:190} INFO - [2026-02-07T11:48:11.061+0700] {dag.py:4138} INFO - Setting next_dagrun for dag_scraping_twitter to 2026-02-06 23:00:00+00:00, run_after=2026-02-07 11:00:00+00:00
[2026-02-07T11:48:11.084+0700] {processor.py:208} INFO - Processing /opt/airflow/dags/dag_scraping_twitter.py took 0.113 seconds
[2026-02-07T11:48:41.198+0700] {processor.py:186} INFO - Started process (PID=2345) to work on /opt/airflow/dags/dag_scraping_twitter.py
[2026-02-07T11:48:41.200+0700] {processor.py:914} INFO - Processing file /opt/airflow/dags/dag_scraping_twitter.py for tasks to queue
[2026-02-07T11:48:41.203+0700] {logging_mixin.py:190} INFO - [2026-02-07T11:48:41.202+0700] {dagbag.py:587} INFO - Filling up the DagBag from /opt/airflow/dags/dag_scraping_twitter.py
[2026-02-07T11:48:41.222+0700] {processor.py:925} INFO - DAG(s) 'dag_scraping_twitter' retrieved from /opt/airflow/dags/dag_scraping_twitter.py
[2026-02-07T11:48:41.251+0700] {logging_mixin.py:190} INFO - [2026-02-07T11:48:41.250+0700] {dag.py:3211} INFO - Sync 1 DAGs
[2026-02-07T11:48:41.275+0700] {logging_mixin.py:190} INFO - [2026-02-07T11:48:41.275+0700] {dag.py:4138} INFO - Setting next_dagrun for dag_scraping_twitter to 2026-02-06 23:00:00+00:00, run_after=2026-02-07 11:00:00+00:00
[2026-02-07T11:48:41.300+0700] {processor.py:208} INFO - Processing /opt/airflow/dags/dag_scraping_twitter.py took 0.109 seconds
[2026-02-07T11:49:11.436+0700] {processor.py:186} INFO - Started process (PID=2355) to work on /opt/airflow/dags/dag_scraping_twitter.py
[2026-02-07T11:49:11.437+0700] {processor.py:914} INFO - Processing file /opt/airflow/dags/dag_scraping_twitter.py for tasks to queue
[2026-02-07T11:49:11.440+0700] {logging_mixin.py:190} INFO - [2026-02-07T11:49:11.440+0700] {dagbag.py:587} INFO - Filling up the DagBag from /opt/airflow/dags/dag_scraping_twitter.py
[2026-02-07T11:49:11.462+0700] {processor.py:925} INFO - DAG(s) 'dag_scraping_twitter' retrieved from /opt/airflow/dags/dag_scraping_twitter.py
[2026-02-07T11:49:11.491+0700] {logging_mixin.py:190} INFO - [2026-02-07T11:49:11.491+0700] {dag.py:3211} INFO - Sync 1 DAGs
[2026-02-07T11:49:11.516+0700] {logging_mixin.py:190} INFO - [2026-02-07T11:49:11.516+0700] {dag.py:4138} INFO - Setting next_dagrun for dag_scraping_twitter to 2026-02-06 23:00:00+00:00, run_after=2026-02-07 11:00:00+00:00
[2026-02-07T11:49:11.539+0700] {processor.py:208} INFO - Processing /opt/airflow/dags/dag_scraping_twitter.py took 0.110 seconds
[2026-02-07T11:49:42.556+0700] {processor.py:186} INFO - Started process (PID=2365) to work on /opt/airflow/dags/dag_scraping_twitter.py
[2026-02-07T11:49:42.557+0700] {processor.py:914} INFO - Processing file /opt/airflow/dags/dag_scraping_twitter.py for tasks to queue
[2026-02-07T11:49:42.560+0700] {logging_mixin.py:190} INFO - [2026-02-07T11:49:42.559+0700] {dagbag.py:587} INFO - Filling up the DagBag from /opt/airflow/dags/dag_scraping_twitter.py
[2026-02-07T11:49:42.581+0700] {processor.py:925} INFO - DAG(s) 'dag_scraping_twitter' retrieved from /opt/airflow/dags/dag_scraping_twitter.py
[2026-02-07T11:49:42.608+0700] {logging_mixin.py:190} INFO - [2026-02-07T11:49:42.608+0700] {dag.py:3211} INFO - Sync 1 DAGs
[2026-02-07T11:49:42.634+0700] {logging_mixin.py:190} INFO - [2026-02-07T11:49:42.634+0700] {dag.py:4138} INFO - Setting next_dagrun for dag_scraping_twitter to 2026-02-06 23:00:00+00:00, run_after=2026-02-07 11:00:00+00:00
[2026-02-07T11:49:42.658+0700] {processor.py:208} INFO - Processing /opt/airflow/dags/dag_scraping_twitter.py took 0.108 seconds
[2026-02-07T11:50:13.692+0700] {processor.py:186} INFO - Started process (PID=2375) to work on /opt/airflow/dags/dag_scraping_twitter.py
[2026-02-07T11:50:13.694+0700] {processor.py:914} INFO - Processing file /opt/airflow/dags/dag_scraping_twitter.py for tasks to queue
[2026-02-07T11:50:13.698+0700] {logging_mixin.py:190} INFO - [2026-02-07T11:50:13.698+0700] {dagbag.py:587} INFO - Filling up the DagBag from /opt/airflow/dags/dag_scraping_twitter.py
[2026-02-07T11:50:13.719+0700] {processor.py:925} INFO - DAG(s) 'dag_scraping_twitter' retrieved from /opt/airflow/dags/dag_scraping_twitter.py
[2026-02-07T11:50:13.747+0700] {logging_mixin.py:190} INFO - [2026-02-07T11:50:13.747+0700] {dag.py:3211} INFO - Sync 1 DAGs
[2026-02-07T11:50:13.771+0700] {logging_mixin.py:190} INFO - [2026-02-07T11:50:13.771+0700] {dag.py:4138} INFO - Setting next_dagrun for dag_scraping_twitter to 2026-02-06 23:00:00+00:00, run_after=2026-02-07 11:00:00+00:00
[2026-02-07T11:50:13.797+0700] {processor.py:208} INFO - Processing /opt/airflow/dags/dag_scraping_twitter.py took 0.111 seconds
[2026-02-07T11:50:43.924+0700] {processor.py:186} INFO - Started process (PID=2385) to work on /opt/airflow/dags/dag_scraping_twitter.py
[2026-02-07T11:50:43.925+0700] {processor.py:914} INFO - Processing file /opt/airflow/dags/dag_scraping_twitter.py for tasks to queue
[2026-02-07T11:50:43.929+0700] {logging_mixin.py:190} INFO - [2026-02-07T11:50:43.929+0700] {dagbag.py:587} INFO - Filling up the DagBag from /opt/airflow/dags/dag_scraping_twitter.py
[2026-02-07T11:50:43.947+0700] {processor.py:925} INFO - DAG(s) 'dag_scraping_twitter' retrieved from /opt/airflow/dags/dag_scraping_twitter.py
[2026-02-07T11:50:43.976+0700] {logging_mixin.py:190} INFO - [2026-02-07T11:50:43.976+0700] {dag.py:3211} INFO - Sync 1 DAGs
[2026-02-07T11:50:44.000+0700] {logging_mixin.py:190} INFO - [2026-02-07T11:50:43.999+0700] {dag.py:4138} INFO - Setting next_dagrun for dag_scraping_twitter to 2026-02-06 23:00:00+00:00, run_after=2026-02-07 11:00:00+00:00
[2026-02-07T11:50:44.024+0700] {processor.py:208} INFO - Processing /opt/airflow/dags/dag_scraping_twitter.py took 0.108 seconds
[2026-02-07T11:51:14.075+0700] {processor.py:186} INFO - Started process (PID=2395) to work on /opt/airflow/dags/dag_scraping_twitter.py
[2026-02-07T11:51:14.077+0700] {processor.py:914} INFO - Processing file /opt/airflow/dags/dag_scraping_twitter.py for tasks to queue
[2026-02-07T11:51:14.081+0700] {logging_mixin.py:190} INFO - [2026-02-07T11:51:14.081+0700] {dagbag.py:587} INFO - Filling up the DagBag from /opt/airflow/dags/dag_scraping_twitter.py
[2026-02-07T11:51:14.099+0700] {processor.py:925} INFO - DAG(s) 'dag_scraping_twitter' retrieved from /opt/airflow/dags/dag_scraping_twitter.py
[2026-02-07T11:51:14.125+0700] {logging_mixin.py:190} INFO - [2026-02-07T11:51:14.125+0700] {dag.py:3211} INFO - Sync 1 DAGs
[2026-02-07T11:51:14.149+0700] {logging_mixin.py:190} INFO - [2026-02-07T11:51:14.149+0700] {dag.py:4138} INFO - Setting next_dagrun for dag_scraping_twitter to 2026-02-06 23:00:00+00:00, run_after=2026-02-07 11:00:00+00:00
[2026-02-07T11:51:14.172+0700] {processor.py:208} INFO - Processing /opt/airflow/dags/dag_scraping_twitter.py took 0.104 seconds
[2026-02-07T11:51:44.259+0700] {processor.py:186} INFO - Started process (PID=2405) to work on /opt/airflow/dags/dag_scraping_twitter.py
[2026-02-07T11:51:44.260+0700] {processor.py:914} INFO - Processing file /opt/airflow/dags/dag_scraping_twitter.py for tasks to queue
[2026-02-07T11:51:44.263+0700] {logging_mixin.py:190} INFO - [2026-02-07T11:51:44.262+0700] {dagbag.py:587} INFO - Filling up the DagBag from /opt/airflow/dags/dag_scraping_twitter.py
[2026-02-07T11:51:44.282+0700] {processor.py:925} INFO - DAG(s) 'dag_scraping_twitter' retrieved from /opt/airflow/dags/dag_scraping_twitter.py
[2026-02-07T11:51:44.309+0700] {logging_mixin.py:190} INFO - [2026-02-07T11:51:44.309+0700] {dag.py:3211} INFO - Sync 1 DAGs
[2026-02-07T11:51:44.338+0700] {logging_mixin.py:190} INFO - [2026-02-07T11:51:44.337+0700] {dag.py:4138} INFO - Setting next_dagrun for dag_scraping_twitter to 2026-02-06 23:00:00+00:00, run_after=2026-02-07 11:00:00+00:00
[2026-02-07T11:51:44.364+0700] {processor.py:208} INFO - Processing /opt/airflow/dags/dag_scraping_twitter.py took 0.113 seconds
[2026-02-07T11:52:15.125+0700] {processor.py:186} INFO - Started process (PID=2415) to work on /opt/airflow/dags/dag_scraping_twitter.py
[2026-02-07T11:52:15.126+0700] {processor.py:914} INFO - Processing file /opt/airflow/dags/dag_scraping_twitter.py for tasks to queue
[2026-02-07T11:52:15.129+0700] {logging_mixin.py:190} INFO - [2026-02-07T11:52:15.129+0700] {dagbag.py:587} INFO - Filling up the DagBag from /opt/airflow/dags/dag_scraping_twitter.py
[2026-02-07T11:52:15.151+0700] {processor.py:925} INFO - DAG(s) 'dag_scraping_twitter' retrieved from /opt/airflow/dags/dag_scraping_twitter.py
[2026-02-07T11:52:15.180+0700] {logging_mixin.py:190} INFO - [2026-02-07T11:52:15.179+0700] {dag.py:3211} INFO - Sync 1 DAGs
[2026-02-07T11:52:15.205+0700] {logging_mixin.py:190} INFO - [2026-02-07T11:52:15.204+0700] {dag.py:4138} INFO - Setting next_dagrun for dag_scraping_twitter to 2026-02-06 23:00:00+00:00, run_after=2026-02-07 11:00:00+00:00
[2026-02-07T11:52:15.229+0700] {processor.py:208} INFO - Processing /opt/airflow/dags/dag_scraping_twitter.py took 0.111 seconds
[2026-02-07T11:52:45.335+0700] {processor.py:186} INFO - Started process (PID=2425) to work on /opt/airflow/dags/dag_scraping_twitter.py
[2026-02-07T11:52:45.336+0700] {processor.py:914} INFO - Processing file /opt/airflow/dags/dag_scraping_twitter.py for tasks to queue
[2026-02-07T11:52:45.339+0700] {logging_mixin.py:190} INFO - [2026-02-07T11:52:45.339+0700] {dagbag.py:587} INFO - Filling up the DagBag from /opt/airflow/dags/dag_scraping_twitter.py
[2026-02-07T11:52:45.362+0700] {processor.py:925} INFO - DAG(s) 'dag_scraping_twitter' retrieved from /opt/airflow/dags/dag_scraping_twitter.py
[2026-02-07T11:52:45.394+0700] {logging_mixin.py:190} INFO - [2026-02-07T11:52:45.393+0700] {dag.py:3211} INFO - Sync 1 DAGs
[2026-02-07T11:52:45.422+0700] {logging_mixin.py:190} INFO - [2026-02-07T11:52:45.422+0700] {dag.py:4138} INFO - Setting next_dagrun for dag_scraping_twitter to 2026-02-06 23:00:00+00:00, run_after=2026-02-07 11:00:00+00:00
[2026-02-07T11:52:45.451+0700] {processor.py:208} INFO - Processing /opt/airflow/dags/dag_scraping_twitter.py took 0.124 seconds
[2026-02-07T11:53:15.501+0700] {processor.py:186} INFO - Started process (PID=2435) to work on /opt/airflow/dags/dag_scraping_twitter.py
[2026-02-07T11:53:15.502+0700] {processor.py:914} INFO - Processing file /opt/airflow/dags/dag_scraping_twitter.py for tasks to queue
[2026-02-07T11:53:15.506+0700] {logging_mixin.py:190} INFO - [2026-02-07T11:53:15.506+0700] {dagbag.py:587} INFO - Filling up the DagBag from /opt/airflow/dags/dag_scraping_twitter.py
[2026-02-07T11:53:15.528+0700] {processor.py:925} INFO - DAG(s) 'dag_scraping_twitter' retrieved from /opt/airflow/dags/dag_scraping_twitter.py
[2026-02-07T11:53:15.558+0700] {logging_mixin.py:190} INFO - [2026-02-07T11:53:15.557+0700] {dag.py:3211} INFO - Sync 1 DAGs
[2026-02-07T11:53:15.580+0700] {logging_mixin.py:190} INFO - [2026-02-07T11:53:15.580+0700] {dag.py:4138} INFO - Setting next_dagrun for dag_scraping_twitter to 2026-02-06 23:00:00+00:00, run_after=2026-02-07 11:00:00+00:00
[2026-02-07T11:53:15.603+0700] {processor.py:208} INFO - Processing /opt/airflow/dags/dag_scraping_twitter.py took 0.108 seconds
[2026-02-07T11:53:46.069+0700] {processor.py:186} INFO - Started process (PID=2445) to work on /opt/airflow/dags/dag_scraping_twitter.py
[2026-02-07T11:53:46.070+0700] {processor.py:914} INFO - Processing file /opt/airflow/dags/dag_scraping_twitter.py for tasks to queue
[2026-02-07T11:53:46.072+0700] {logging_mixin.py:190} INFO - [2026-02-07T11:53:46.072+0700] {dagbag.py:587} INFO - Filling up the DagBag from /opt/airflow/dags/dag_scraping_twitter.py
[2026-02-07T11:53:46.093+0700] {processor.py:925} INFO - DAG(s) 'dag_scraping_twitter' retrieved from /opt/airflow/dags/dag_scraping_twitter.py
[2026-02-07T11:53:46.123+0700] {logging_mixin.py:190} INFO - [2026-02-07T11:53:46.122+0700] {dag.py:3211} INFO - Sync 1 DAGs
[2026-02-07T11:53:46.149+0700] {logging_mixin.py:190} INFO - [2026-02-07T11:53:46.148+0700] {dag.py:4138} INFO - Setting next_dagrun for dag_scraping_twitter to 2026-02-06 23:00:00+00:00, run_after=2026-02-07 11:00:00+00:00
[2026-02-07T11:53:46.172+0700] {processor.py:208} INFO - Processing /opt/airflow/dags/dag_scraping_twitter.py took 0.109 seconds
[2026-02-07T11:54:16.226+0700] {processor.py:186} INFO - Started process (PID=2455) to work on /opt/airflow/dags/dag_scraping_twitter.py
[2026-02-07T11:54:16.228+0700] {processor.py:914} INFO - Processing file /opt/airflow/dags/dag_scraping_twitter.py for tasks to queue
[2026-02-07T11:54:16.231+0700] {logging_mixin.py:190} INFO - [2026-02-07T11:54:16.230+0700] {dagbag.py:587} INFO - Filling up the DagBag from /opt/airflow/dags/dag_scraping_twitter.py
[2026-02-07T11:54:16.254+0700] {processor.py:925} INFO - DAG(s) 'dag_scraping_twitter' retrieved from /opt/airflow/dags/dag_scraping_twitter.py
[2026-02-07T11:54:16.282+0700] {logging_mixin.py:190} INFO - [2026-02-07T11:54:16.282+0700] {dag.py:3211} INFO - Sync 1 DAGs
[2026-02-07T11:54:16.307+0700] {logging_mixin.py:190} INFO - [2026-02-07T11:54:16.306+0700] {dag.py:4138} INFO - Setting next_dagrun for dag_scraping_twitter to 2026-02-06 23:00:00+00:00, run_after=2026-02-07 11:00:00+00:00
[2026-02-07T11:54:16.330+0700] {processor.py:208} INFO - Processing /opt/airflow/dags/dag_scraping_twitter.py took 0.111 seconds
[2026-02-07T11:54:46.487+0700] {processor.py:186} INFO - Started process (PID=2465) to work on /opt/airflow/dags/dag_scraping_twitter.py
[2026-02-07T11:54:46.488+0700] {processor.py:914} INFO - Processing file /opt/airflow/dags/dag_scraping_twitter.py for tasks to queue
[2026-02-07T11:54:46.491+0700] {logging_mixin.py:190} INFO - [2026-02-07T11:54:46.491+0700] {dagbag.py:587} INFO - Filling up the DagBag from /opt/airflow/dags/dag_scraping_twitter.py
[2026-02-07T11:54:46.509+0700] {processor.py:925} INFO - DAG(s) 'dag_scraping_twitter' retrieved from /opt/airflow/dags/dag_scraping_twitter.py
[2026-02-07T11:54:46.538+0700] {logging_mixin.py:190} INFO - [2026-02-07T11:54:46.537+0700] {dag.py:3211} INFO - Sync 1 DAGs
[2026-02-07T11:54:46.564+0700] {logging_mixin.py:190} INFO - [2026-02-07T11:54:46.563+0700] {dag.py:4138} INFO - Setting next_dagrun for dag_scraping_twitter to 2026-02-06 23:00:00+00:00, run_after=2026-02-07 11:00:00+00:00
[2026-02-07T11:54:46.590+0700] {processor.py:208} INFO - Processing /opt/airflow/dags/dag_scraping_twitter.py took 0.109 seconds
[2026-02-07T11:55:16.712+0700] {processor.py:186} INFO - Started process (PID=2475) to work on /opt/airflow/dags/dag_scraping_twitter.py
[2026-02-07T11:55:16.713+0700] {processor.py:914} INFO - Processing file /opt/airflow/dags/dag_scraping_twitter.py for tasks to queue
[2026-02-07T11:55:16.716+0700] {logging_mixin.py:190} INFO - [2026-02-07T11:55:16.716+0700] {dagbag.py:587} INFO - Filling up the DagBag from /opt/airflow/dags/dag_scraping_twitter.py
[2026-02-07T11:55:16.736+0700] {processor.py:925} INFO - DAG(s) 'dag_scraping_twitter' retrieved from /opt/airflow/dags/dag_scraping_twitter.py
[2026-02-07T11:55:16.764+0700] {logging_mixin.py:190} INFO - [2026-02-07T11:55:16.764+0700] {dag.py:3211} INFO - Sync 1 DAGs
[2026-02-07T11:55:16.789+0700] {logging_mixin.py:190} INFO - [2026-02-07T11:55:16.789+0700] {dag.py:4138} INFO - Setting next_dagrun for dag_scraping_twitter to 2026-02-06 23:00:00+00:00, run_after=2026-02-07 11:00:00+00:00
[2026-02-07T11:55:16.814+0700] {processor.py:208} INFO - Processing /opt/airflow/dags/dag_scraping_twitter.py took 0.110 seconds
[2026-02-07T11:55:47.002+0700] {processor.py:186} INFO - Started process (PID=2485) to work on /opt/airflow/dags/dag_scraping_twitter.py
[2026-02-07T11:55:47.003+0700] {processor.py:914} INFO - Processing file /opt/airflow/dags/dag_scraping_twitter.py for tasks to queue
[2026-02-07T11:55:47.005+0700] {logging_mixin.py:190} INFO - [2026-02-07T11:55:47.005+0700] {dagbag.py:587} INFO - Filling up the DagBag from /opt/airflow/dags/dag_scraping_twitter.py
[2026-02-07T11:55:47.026+0700] {processor.py:925} INFO - DAG(s) 'dag_scraping_twitter' retrieved from /opt/airflow/dags/dag_scraping_twitter.py
[2026-02-07T11:55:47.055+0700] {logging_mixin.py:190} INFO - [2026-02-07T11:55:47.055+0700] {dag.py:3211} INFO - Sync 1 DAGs
[2026-02-07T11:55:47.080+0700] {logging_mixin.py:190} INFO - [2026-02-07T11:55:47.080+0700] {dag.py:4138} INFO - Setting next_dagrun for dag_scraping_twitter to 2026-02-06 23:00:00+00:00, run_after=2026-02-07 11:00:00+00:00
[2026-02-07T11:55:47.105+0700] {processor.py:208} INFO - Processing /opt/airflow/dags/dag_scraping_twitter.py took 0.110 seconds
[2026-02-07T11:56:17.830+0700] {processor.py:186} INFO - Started process (PID=2495) to work on /opt/airflow/dags/dag_scraping_twitter.py
[2026-02-07T11:56:17.832+0700] {processor.py:914} INFO - Processing file /opt/airflow/dags/dag_scraping_twitter.py for tasks to queue
[2026-02-07T11:56:17.836+0700] {logging_mixin.py:190} INFO - [2026-02-07T11:56:17.836+0700] {dagbag.py:587} INFO - Filling up the DagBag from /opt/airflow/dags/dag_scraping_twitter.py
[2026-02-07T11:56:17.857+0700] {processor.py:925} INFO - DAG(s) 'dag_scraping_twitter' retrieved from /opt/airflow/dags/dag_scraping_twitter.py
[2026-02-07T11:56:17.886+0700] {logging_mixin.py:190} INFO - [2026-02-07T11:56:17.886+0700] {dag.py:3211} INFO - Sync 1 DAGs
[2026-02-07T11:56:17.911+0700] {logging_mixin.py:190} INFO - [2026-02-07T11:56:17.910+0700] {dag.py:4138} INFO - Setting next_dagrun for dag_scraping_twitter to 2026-02-06 23:00:00+00:00, run_after=2026-02-07 11:00:00+00:00
[2026-02-07T11:56:17.937+0700] {processor.py:208} INFO - Processing /opt/airflow/dags/dag_scraping_twitter.py took 0.113 seconds
[2026-02-07T11:56:47.986+0700] {processor.py:186} INFO - Started process (PID=2505) to work on /opt/airflow/dags/dag_scraping_twitter.py
[2026-02-07T11:56:47.987+0700] {processor.py:914} INFO - Processing file /opt/airflow/dags/dag_scraping_twitter.py for tasks to queue
[2026-02-07T11:56:47.990+0700] {logging_mixin.py:190} INFO - [2026-02-07T11:56:47.989+0700] {dagbag.py:587} INFO - Filling up the DagBag from /opt/airflow/dags/dag_scraping_twitter.py
[2026-02-07T11:56:48.012+0700] {processor.py:925} INFO - DAG(s) 'dag_scraping_twitter' retrieved from /opt/airflow/dags/dag_scraping_twitter.py
[2026-02-07T11:56:48.040+0700] {logging_mixin.py:190} INFO - [2026-02-07T11:56:48.040+0700] {dag.py:3211} INFO - Sync 1 DAGs
[2026-02-07T11:56:48.067+0700] {logging_mixin.py:190} INFO - [2026-02-07T11:56:48.067+0700] {dag.py:4138} INFO - Setting next_dagrun for dag_scraping_twitter to 2026-02-06 23:00:00+00:00, run_after=2026-02-07 11:00:00+00:00
[2026-02-07T11:56:48.090+0700] {processor.py:208} INFO - Processing /opt/airflow/dags/dag_scraping_twitter.py took 0.111 seconds
[2026-02-07T11:57:18.877+0700] {processor.py:186} INFO - Started process (PID=2515) to work on /opt/airflow/dags/dag_scraping_twitter.py
[2026-02-07T11:57:18.878+0700] {processor.py:914} INFO - Processing file /opt/airflow/dags/dag_scraping_twitter.py for tasks to queue
[2026-02-07T11:57:18.882+0700] {logging_mixin.py:190} INFO - [2026-02-07T11:57:18.882+0700] {dagbag.py:587} INFO - Filling up the DagBag from /opt/airflow/dags/dag_scraping_twitter.py
[2026-02-07T11:57:18.902+0700] {processor.py:925} INFO - DAG(s) 'dag_scraping_twitter' retrieved from /opt/airflow/dags/dag_scraping_twitter.py
[2026-02-07T11:57:18.931+0700] {logging_mixin.py:190} INFO - [2026-02-07T11:57:18.930+0700] {dag.py:3211} INFO - Sync 1 DAGs
[2026-02-07T11:57:18.955+0700] {logging_mixin.py:190} INFO - [2026-02-07T11:57:18.954+0700] {dag.py:4138} INFO - Setting next_dagrun for dag_scraping_twitter to 2026-02-06 23:00:00+00:00, run_after=2026-02-07 11:00:00+00:00
[2026-02-07T11:57:18.978+0700] {processor.py:208} INFO - Processing /opt/airflow/dags/dag_scraping_twitter.py took 0.108 seconds
[2026-02-07T11:57:49.066+0700] {processor.py:186} INFO - Started process (PID=2525) to work on /opt/airflow/dags/dag_scraping_twitter.py
[2026-02-07T11:57:49.068+0700] {processor.py:914} INFO - Processing file /opt/airflow/dags/dag_scraping_twitter.py for tasks to queue
[2026-02-07T11:57:49.070+0700] {logging_mixin.py:190} INFO - [2026-02-07T11:57:49.069+0700] {dagbag.py:587} INFO - Filling up the DagBag from /opt/airflow/dags/dag_scraping_twitter.py
[2026-02-07T11:57:49.088+0700] {processor.py:925} INFO - DAG(s) 'dag_scraping_twitter' retrieved from /opt/airflow/dags/dag_scraping_twitter.py
[2026-02-07T11:57:49.117+0700] {logging_mixin.py:190} INFO - [2026-02-07T11:57:49.116+0700] {dag.py:3211} INFO - Sync 1 DAGs
[2026-02-07T11:57:49.142+0700] {logging_mixin.py:190} INFO - [2026-02-07T11:57:49.141+0700] {dag.py:4138} INFO - Setting next_dagrun for dag_scraping_twitter to 2026-02-06 23:00:00+00:00, run_after=2026-02-07 11:00:00+00:00
[2026-02-07T11:57:49.166+0700] {processor.py:208} INFO - Processing /opt/airflow/dags/dag_scraping_twitter.py took 0.106 seconds
[2026-02-07T11:58:19.211+0700] {processor.py:186} INFO - Started process (PID=2535) to work on /opt/airflow/dags/dag_scraping_twitter.py
[2026-02-07T11:58:19.212+0700] {processor.py:914} INFO - Processing file /opt/airflow/dags/dag_scraping_twitter.py for tasks to queue
[2026-02-07T11:58:19.214+0700] {logging_mixin.py:190} INFO - [2026-02-07T11:58:19.214+0700] {dagbag.py:587} INFO - Filling up the DagBag from /opt/airflow/dags/dag_scraping_twitter.py
[2026-02-07T11:58:19.235+0700] {processor.py:925} INFO - DAG(s) 'dag_scraping_twitter' retrieved from /opt/airflow/dags/dag_scraping_twitter.py
[2026-02-07T11:58:19.262+0700] {logging_mixin.py:190} INFO - [2026-02-07T11:58:19.261+0700] {dag.py:3211} INFO - Sync 1 DAGs
[2026-02-07T11:58:19.284+0700] {logging_mixin.py:190} INFO - [2026-02-07T11:58:19.284+0700] {dag.py:4138} INFO - Setting next_dagrun for dag_scraping_twitter to 2026-02-06 23:00:00+00:00, run_after=2026-02-07 11:00:00+00:00
[2026-02-07T11:58:19.310+0700] {processor.py:208} INFO - Processing /opt/airflow/dags/dag_scraping_twitter.py took 0.106 seconds
[2026-02-07T11:58:49.422+0700] {processor.py:186} INFO - Started process (PID=2545) to work on /opt/airflow/dags/dag_scraping_twitter.py
[2026-02-07T11:58:49.423+0700] {processor.py:914} INFO - Processing file /opt/airflow/dags/dag_scraping_twitter.py for tasks to queue
[2026-02-07T11:58:49.426+0700] {logging_mixin.py:190} INFO - [2026-02-07T11:58:49.426+0700] {dagbag.py:587} INFO - Filling up the DagBag from /opt/airflow/dags/dag_scraping_twitter.py
[2026-02-07T11:58:49.447+0700] {processor.py:925} INFO - DAG(s) 'dag_scraping_twitter' retrieved from /opt/airflow/dags/dag_scraping_twitter.py
[2026-02-07T11:58:49.486+0700] {logging_mixin.py:190} INFO - [2026-02-07T11:58:49.486+0700] {dag.py:3211} INFO - Sync 1 DAGs
[2026-02-07T11:58:49.511+0700] {logging_mixin.py:190} INFO - [2026-02-07T11:58:49.511+0700] {dag.py:4138} INFO - Setting next_dagrun for dag_scraping_twitter to 2026-02-06 23:00:00+00:00, run_after=2026-02-07 11:00:00+00:00
[2026-02-07T11:58:49.534+0700] {processor.py:208} INFO - Processing /opt/airflow/dags/dag_scraping_twitter.py took 0.120 seconds
[2026-02-07T11:59:20.285+0700] {processor.py:186} INFO - Started process (PID=2555) to work on /opt/airflow/dags/dag_scraping_twitter.py
[2026-02-07T11:59:20.287+0700] {processor.py:914} INFO - Processing file /opt/airflow/dags/dag_scraping_twitter.py for tasks to queue
[2026-02-07T11:59:20.291+0700] {logging_mixin.py:190} INFO - [2026-02-07T11:59:20.291+0700] {dagbag.py:587} INFO - Filling up the DagBag from /opt/airflow/dags/dag_scraping_twitter.py
[2026-02-07T11:59:20.312+0700] {processor.py:925} INFO - DAG(s) 'dag_scraping_twitter' retrieved from /opt/airflow/dags/dag_scraping_twitter.py
[2026-02-07T11:59:20.342+0700] {logging_mixin.py:190} INFO - [2026-02-07T11:59:20.342+0700] {dag.py:3211} INFO - Sync 1 DAGs
[2026-02-07T11:59:20.366+0700] {logging_mixin.py:190} INFO - [2026-02-07T11:59:20.366+0700] {dag.py:4138} INFO - Setting next_dagrun for dag_scraping_twitter to 2026-02-06 23:00:00+00:00, run_after=2026-02-07 11:00:00+00:00
[2026-02-07T11:59:20.391+0700] {processor.py:208} INFO - Processing /opt/airflow/dags/dag_scraping_twitter.py took 0.116 seconds
[2026-02-07T11:59:50.434+0700] {processor.py:186} INFO - Started process (PID=2565) to work on /opt/airflow/dags/dag_scraping_twitter.py
[2026-02-07T11:59:50.435+0700] {processor.py:914} INFO - Processing file /opt/airflow/dags/dag_scraping_twitter.py for tasks to queue
[2026-02-07T11:59:50.438+0700] {logging_mixin.py:190} INFO - [2026-02-07T11:59:50.437+0700] {dagbag.py:587} INFO - Filling up the DagBag from /opt/airflow/dags/dag_scraping_twitter.py
[2026-02-07T11:59:50.454+0700] {processor.py:925} INFO - DAG(s) 'dag_scraping_twitter' retrieved from /opt/airflow/dags/dag_scraping_twitter.py
[2026-02-07T11:59:50.478+0700] {logging_mixin.py:190} INFO - [2026-02-07T11:59:50.478+0700] {dag.py:3211} INFO - Sync 1 DAGs
[2026-02-07T11:59:50.502+0700] {logging_mixin.py:190} INFO - [2026-02-07T11:59:50.501+0700] {dag.py:4138} INFO - Setting next_dagrun for dag_scraping_twitter to 2026-02-06 23:00:00+00:00, run_after=2026-02-07 11:00:00+00:00
[2026-02-07T11:59:50.525+0700] {processor.py:208} INFO - Processing /opt/airflow/dags/dag_scraping_twitter.py took 0.098 seconds
[2026-02-07T12:00:21.132+0700] {processor.py:186} INFO - Started process (PID=2603) to work on /opt/airflow/dags/dag_scraping_twitter.py
[2026-02-07T12:00:21.134+0700] {processor.py:914} INFO - Processing file /opt/airflow/dags/dag_scraping_twitter.py for tasks to queue
[2026-02-07T12:00:21.138+0700] {logging_mixin.py:190} INFO - [2026-02-07T12:00:21.138+0700] {dagbag.py:587} INFO - Filling up the DagBag from /opt/airflow/dags/dag_scraping_twitter.py
[2026-02-07T12:00:21.170+0700] {processor.py:925} INFO - DAG(s) 'dag_scraping_twitter' retrieved from /opt/airflow/dags/dag_scraping_twitter.py
[2026-02-07T12:00:21.217+0700] {logging_mixin.py:190} INFO - [2026-02-07T12:00:21.217+0700] {dag.py:3211} INFO - Sync 1 DAGs
[2026-02-07T12:00:21.260+0700] {logging_mixin.py:190} INFO - [2026-02-07T12:00:21.260+0700] {dag.py:4138} INFO - Setting next_dagrun for dag_scraping_twitter to 2026-02-06 23:00:00+00:00, run_after=2026-02-07 11:00:00+00:00
[2026-02-07T12:00:21.288+0700] {processor.py:208} INFO - Processing /opt/airflow/dags/dag_scraping_twitter.py took 0.167 seconds
[2026-02-07T12:00:51.601+0700] {processor.py:186} INFO - Started process (PID=2614) to work on /opt/airflow/dags/dag_scraping_twitter.py
[2026-02-07T12:00:51.603+0700] {processor.py:914} INFO - Processing file /opt/airflow/dags/dag_scraping_twitter.py for tasks to queue
[2026-02-07T12:00:51.608+0700] {logging_mixin.py:190} INFO - [2026-02-07T12:00:51.607+0700] {dagbag.py:587} INFO - Filling up the DagBag from /opt/airflow/dags/dag_scraping_twitter.py
[2026-02-07T12:00:51.639+0700] {processor.py:925} INFO - DAG(s) 'dag_scraping_twitter' retrieved from /opt/airflow/dags/dag_scraping_twitter.py
[2026-02-07T12:00:51.686+0700] {logging_mixin.py:190} INFO - [2026-02-07T12:00:51.686+0700] {dag.py:3211} INFO - Sync 1 DAGs
[2026-02-07T12:00:51.721+0700] {logging_mixin.py:190} INFO - [2026-02-07T12:00:51.720+0700] {dag.py:4138} INFO - Setting next_dagrun for dag_scraping_twitter to 2026-02-06 23:00:00+00:00, run_after=2026-02-07 11:00:00+00:00
[2026-02-07T12:00:51.748+0700] {processor.py:208} INFO - Processing /opt/airflow/dags/dag_scraping_twitter.py took 0.158 seconds
[2026-02-07T12:01:21.813+0700] {processor.py:186} INFO - Started process (PID=2641) to work on /opt/airflow/dags/dag_scraping_twitter.py
[2026-02-07T12:01:21.814+0700] {processor.py:914} INFO - Processing file /opt/airflow/dags/dag_scraping_twitter.py for tasks to queue
[2026-02-07T12:01:21.818+0700] {logging_mixin.py:190} INFO - [2026-02-07T12:01:21.817+0700] {dagbag.py:587} INFO - Filling up the DagBag from /opt/airflow/dags/dag_scraping_twitter.py
[2026-02-07T12:01:21.840+0700] {processor.py:925} INFO - DAG(s) 'dag_scraping_twitter' retrieved from /opt/airflow/dags/dag_scraping_twitter.py
[2026-02-07T12:01:21.868+0700] {logging_mixin.py:190} INFO - [2026-02-07T12:01:21.868+0700] {dag.py:3211} INFO - Sync 1 DAGs
[2026-02-07T12:01:21.892+0700] {logging_mixin.py:190} INFO - [2026-02-07T12:01:21.892+0700] {dag.py:4138} INFO - Setting next_dagrun for dag_scraping_twitter to 2026-02-06 23:00:00+00:00, run_after=2026-02-07 11:00:00+00:00
[2026-02-07T12:01:21.915+0700] {processor.py:208} INFO - Processing /opt/airflow/dags/dag_scraping_twitter.py took 0.111 seconds
[2026-02-07T12:01:51.963+0700] {processor.py:186} INFO - Started process (PID=2651) to work on /opt/airflow/dags/dag_scraping_twitter.py
[2026-02-07T12:01:51.964+0700] {processor.py:914} INFO - Processing file /opt/airflow/dags/dag_scraping_twitter.py for tasks to queue
[2026-02-07T12:01:51.967+0700] {logging_mixin.py:190} INFO - [2026-02-07T12:01:51.967+0700] {dagbag.py:587} INFO - Filling up the DagBag from /opt/airflow/dags/dag_scraping_twitter.py
[2026-02-07T12:01:51.984+0700] {processor.py:925} INFO - DAG(s) 'dag_scraping_twitter' retrieved from /opt/airflow/dags/dag_scraping_twitter.py
[2026-02-07T12:01:52.009+0700] {logging_mixin.py:190} INFO - [2026-02-07T12:01:52.009+0700] {dag.py:3211} INFO - Sync 1 DAGs
[2026-02-07T12:01:52.034+0700] {logging_mixin.py:190} INFO - [2026-02-07T12:01:52.034+0700] {dag.py:4138} INFO - Setting next_dagrun for dag_scraping_twitter to 2026-02-06 23:00:00+00:00, run_after=2026-02-07 11:00:00+00:00
[2026-02-07T12:01:52.054+0700] {processor.py:208} INFO - Processing /opt/airflow/dags/dag_scraping_twitter.py took 0.098 seconds
[2026-02-07T12:02:22.941+0700] {processor.py:186} INFO - Started process (PID=2661) to work on /opt/airflow/dags/dag_scraping_twitter.py
[2026-02-07T12:02:22.942+0700] {processor.py:914} INFO - Processing file /opt/airflow/dags/dag_scraping_twitter.py for tasks to queue
[2026-02-07T12:02:22.944+0700] {logging_mixin.py:190} INFO - [2026-02-07T12:02:22.944+0700] {dagbag.py:587} INFO - Filling up the DagBag from /opt/airflow/dags/dag_scraping_twitter.py
[2026-02-07T12:02:22.964+0700] {processor.py:925} INFO - DAG(s) 'dag_scraping_twitter' retrieved from /opt/airflow/dags/dag_scraping_twitter.py
[2026-02-07T12:02:22.992+0700] {logging_mixin.py:190} INFO - [2026-02-07T12:02:22.992+0700] {dag.py:3211} INFO - Sync 1 DAGs
[2026-02-07T12:02:23.020+0700] {logging_mixin.py:190} INFO - [2026-02-07T12:02:23.019+0700] {dag.py:4138} INFO - Setting next_dagrun for dag_scraping_twitter to 2026-02-06 23:00:00+00:00, run_after=2026-02-07 11:00:00+00:00
[2026-02-07T12:02:23.045+0700] {processor.py:208} INFO - Processing /opt/airflow/dags/dag_scraping_twitter.py took 0.110 seconds
[2026-02-07T12:02:53.158+0700] {processor.py:186} INFO - Started process (PID=2671) to work on /opt/airflow/dags/dag_scraping_twitter.py
[2026-02-07T12:02:53.160+0700] {processor.py:914} INFO - Processing file /opt/airflow/dags/dag_scraping_twitter.py for tasks to queue
[2026-02-07T12:02:53.162+0700] {logging_mixin.py:190} INFO - [2026-02-07T12:02:53.162+0700] {dagbag.py:587} INFO - Filling up the DagBag from /opt/airflow/dags/dag_scraping_twitter.py
[2026-02-07T12:02:53.181+0700] {processor.py:925} INFO - DAG(s) 'dag_scraping_twitter' retrieved from /opt/airflow/dags/dag_scraping_twitter.py
[2026-02-07T12:02:53.210+0700] {logging_mixin.py:190} INFO - [2026-02-07T12:02:53.210+0700] {dag.py:3211} INFO - Sync 1 DAGs
[2026-02-07T12:02:53.239+0700] {logging_mixin.py:190} INFO - [2026-02-07T12:02:53.239+0700] {dag.py:4138} INFO - Setting next_dagrun for dag_scraping_twitter to 2026-02-06 23:00:00+00:00, run_after=2026-02-07 11:00:00+00:00
[2026-02-07T12:02:53.265+0700] {processor.py:208} INFO - Processing /opt/airflow/dags/dag_scraping_twitter.py took 0.114 seconds
[2026-02-07T12:03:23.441+0700] {processor.py:186} INFO - Started process (PID=2681) to work on /opt/airflow/dags/dag_scraping_twitter.py
[2026-02-07T12:03:23.443+0700] {processor.py:914} INFO - Processing file /opt/airflow/dags/dag_scraping_twitter.py for tasks to queue
[2026-02-07T12:03:23.446+0700] {logging_mixin.py:190} INFO - [2026-02-07T12:03:23.446+0700] {dagbag.py:587} INFO - Filling up the DagBag from /opt/airflow/dags/dag_scraping_twitter.py
[2026-02-07T12:03:23.467+0700] {processor.py:925} INFO - DAG(s) 'dag_scraping_twitter' retrieved from /opt/airflow/dags/dag_scraping_twitter.py
[2026-02-07T12:03:23.496+0700] {logging_mixin.py:190} INFO - [2026-02-07T12:03:23.496+0700] {dag.py:3211} INFO - Sync 1 DAGs
[2026-02-07T12:03:23.522+0700] {logging_mixin.py:190} INFO - [2026-02-07T12:03:23.522+0700] {dag.py:4138} INFO - Setting next_dagrun for dag_scraping_twitter to 2026-02-06 23:00:00+00:00, run_after=2026-02-07 11:00:00+00:00
[2026-02-07T12:03:23.545+0700] {processor.py:208} INFO - Processing /opt/airflow/dags/dag_scraping_twitter.py took 0.110 seconds
[2026-02-07T12:03:53.779+0700] {processor.py:186} INFO - Started process (PID=2691) to work on /opt/airflow/dags/dag_scraping_twitter.py
[2026-02-07T12:03:53.780+0700] {processor.py:914} INFO - Processing file /opt/airflow/dags/dag_scraping_twitter.py for tasks to queue
[2026-02-07T12:03:53.783+0700] {logging_mixin.py:190} INFO - [2026-02-07T12:03:53.783+0700] {dagbag.py:587} INFO - Filling up the DagBag from /opt/airflow/dags/dag_scraping_twitter.py
[2026-02-07T12:03:53.801+0700] {processor.py:925} INFO - DAG(s) 'dag_scraping_twitter' retrieved from /opt/airflow/dags/dag_scraping_twitter.py
[2026-02-07T12:03:53.835+0700] {logging_mixin.py:190} INFO - [2026-02-07T12:03:53.835+0700] {dag.py:3211} INFO - Sync 1 DAGs
[2026-02-07T12:03:53.861+0700] {logging_mixin.py:190} INFO - [2026-02-07T12:03:53.861+0700] {dag.py:4138} INFO - Setting next_dagrun for dag_scraping_twitter to 2026-02-06 23:00:00+00:00, run_after=2026-02-07 11:00:00+00:00
[2026-02-07T12:03:53.887+0700] {processor.py:208} INFO - Processing /opt/airflow/dags/dag_scraping_twitter.py took 0.115 seconds
[2026-02-07T12:04:24.027+0700] {processor.py:186} INFO - Started process (PID=2701) to work on /opt/airflow/dags/dag_scraping_twitter.py
[2026-02-07T12:04:24.028+0700] {processor.py:914} INFO - Processing file /opt/airflow/dags/dag_scraping_twitter.py for tasks to queue
[2026-02-07T12:04:24.031+0700] {logging_mixin.py:190} INFO - [2026-02-07T12:04:24.030+0700] {dagbag.py:587} INFO - Filling up the DagBag from /opt/airflow/dags/dag_scraping_twitter.py
[2026-02-07T12:04:24.052+0700] {processor.py:925} INFO - DAG(s) 'dag_scraping_twitter' retrieved from /opt/airflow/dags/dag_scraping_twitter.py
[2026-02-07T12:04:24.081+0700] {logging_mixin.py:190} INFO - [2026-02-07T12:04:24.080+0700] {dag.py:3211} INFO - Sync 1 DAGs
[2026-02-07T12:04:24.106+0700] {logging_mixin.py:190} INFO - [2026-02-07T12:04:24.106+0700] {dag.py:4138} INFO - Setting next_dagrun for dag_scraping_twitter to 2026-02-06 23:00:00+00:00, run_after=2026-02-07 11:00:00+00:00
[2026-02-07T12:04:24.132+0700] {processor.py:208} INFO - Processing /opt/airflow/dags/dag_scraping_twitter.py took 0.111 seconds
[2026-02-07T12:04:55.098+0700] {processor.py:186} INFO - Started process (PID=2711) to work on /opt/airflow/dags/dag_scraping_twitter.py
[2026-02-07T12:04:55.099+0700] {processor.py:914} INFO - Processing file /opt/airflow/dags/dag_scraping_twitter.py for tasks to queue
[2026-02-07T12:04:55.102+0700] {logging_mixin.py:190} INFO - [2026-02-07T12:04:55.101+0700] {dagbag.py:587} INFO - Filling up the DagBag from /opt/airflow/dags/dag_scraping_twitter.py
[2026-02-07T12:04:55.123+0700] {processor.py:925} INFO - DAG(s) 'dag_scraping_twitter' retrieved from /opt/airflow/dags/dag_scraping_twitter.py
[2026-02-07T12:04:55.150+0700] {logging_mixin.py:190} INFO - [2026-02-07T12:04:55.149+0700] {dag.py:3211} INFO - Sync 1 DAGs
[2026-02-07T12:04:55.178+0700] {logging_mixin.py:190} INFO - [2026-02-07T12:04:55.178+0700] {dag.py:4138} INFO - Setting next_dagrun for dag_scraping_twitter to 2026-02-06 23:00:00+00:00, run_after=2026-02-07 11:00:00+00:00
[2026-02-07T12:04:55.201+0700] {processor.py:208} INFO - Processing /opt/airflow/dags/dag_scraping_twitter.py took 0.109 seconds
[2026-02-07T12:05:25.248+0700] {processor.py:186} INFO - Started process (PID=2721) to work on /opt/airflow/dags/dag_scraping_twitter.py
[2026-02-07T12:05:25.249+0700] {processor.py:914} INFO - Processing file /opt/airflow/dags/dag_scraping_twitter.py for tasks to queue
[2026-02-07T12:05:25.251+0700] {logging_mixin.py:190} INFO - [2026-02-07T12:05:25.251+0700] {dagbag.py:587} INFO - Filling up the DagBag from /opt/airflow/dags/dag_scraping_twitter.py
[2026-02-07T12:05:25.271+0700] {processor.py:925} INFO - DAG(s) 'dag_scraping_twitter' retrieved from /opt/airflow/dags/dag_scraping_twitter.py
[2026-02-07T12:05:25.300+0700] {logging_mixin.py:190} INFO - [2026-02-07T12:05:25.300+0700] {dag.py:3211} INFO - Sync 1 DAGs
[2026-02-07T12:05:25.324+0700] {logging_mixin.py:190} INFO - [2026-02-07T12:05:25.324+0700] {dag.py:4138} INFO - Setting next_dagrun for dag_scraping_twitter to 2026-02-06 23:00:00+00:00, run_after=2026-02-07 11:00:00+00:00
[2026-02-07T12:05:25.348+0700] {processor.py:208} INFO - Processing /opt/airflow/dags/dag_scraping_twitter.py took 0.107 seconds
[2026-02-07T12:05:55.399+0700] {processor.py:186} INFO - Started process (PID=2731) to work on /opt/airflow/dags/dag_scraping_twitter.py
[2026-02-07T12:05:55.400+0700] {processor.py:914} INFO - Processing file /opt/airflow/dags/dag_scraping_twitter.py for tasks to queue
[2026-02-07T12:05:55.402+0700] {logging_mixin.py:190} INFO - [2026-02-07T12:05:55.402+0700] {dagbag.py:587} INFO - Filling up the DagBag from /opt/airflow/dags/dag_scraping_twitter.py
[2026-02-07T12:05:55.419+0700] {processor.py:925} INFO - DAG(s) 'dag_scraping_twitter' retrieved from /opt/airflow/dags/dag_scraping_twitter.py
[2026-02-07T12:05:55.445+0700] {logging_mixin.py:190} INFO - [2026-02-07T12:05:55.444+0700] {dag.py:3211} INFO - Sync 1 DAGs
[2026-02-07T12:05:55.465+0700] {logging_mixin.py:190} INFO - [2026-02-07T12:05:55.465+0700] {dag.py:4138} INFO - Setting next_dagrun for dag_scraping_twitter to 2026-02-06 23:00:00+00:00, run_after=2026-02-07 11:00:00+00:00
[2026-02-07T12:05:55.486+0700] {processor.py:208} INFO - Processing /opt/airflow/dags/dag_scraping_twitter.py took 0.094 seconds
[2026-02-07T12:06:25.687+0700] {processor.py:186} INFO - Started process (PID=2741) to work on /opt/airflow/dags/dag_scraping_twitter.py
[2026-02-07T12:06:25.688+0700] {processor.py:914} INFO - Processing file /opt/airflow/dags/dag_scraping_twitter.py for tasks to queue
[2026-02-07T12:06:25.691+0700] {logging_mixin.py:190} INFO - [2026-02-07T12:06:25.691+0700] {dagbag.py:587} INFO - Filling up the DagBag from /opt/airflow/dags/dag_scraping_twitter.py
[2026-02-07T12:06:25.710+0700] {processor.py:925} INFO - DAG(s) 'dag_scraping_twitter' retrieved from /opt/airflow/dags/dag_scraping_twitter.py
[2026-02-07T12:06:25.739+0700] {logging_mixin.py:190} INFO - [2026-02-07T12:06:25.739+0700] {dag.py:3211} INFO - Sync 1 DAGs
[2026-02-07T12:06:25.765+0700] {logging_mixin.py:190} INFO - [2026-02-07T12:06:25.765+0700] {dag.py:4138} INFO - Setting next_dagrun for dag_scraping_twitter to 2026-02-06 23:00:00+00:00, run_after=2026-02-07 11:00:00+00:00
[2026-02-07T12:06:25.789+0700] {processor.py:208} INFO - Processing /opt/airflow/dags/dag_scraping_twitter.py took 0.108 seconds
[2026-02-07T12:06:56.388+0700] {processor.py:186} INFO - Started process (PID=2751) to work on /opt/airflow/dags/dag_scraping_twitter.py
[2026-02-07T12:06:56.389+0700] {processor.py:914} INFO - Processing file /opt/airflow/dags/dag_scraping_twitter.py for tasks to queue
[2026-02-07T12:06:56.392+0700] {logging_mixin.py:190} INFO - [2026-02-07T12:06:56.391+0700] {dagbag.py:587} INFO - Filling up the DagBag from /opt/airflow/dags/dag_scraping_twitter.py
[2026-02-07T12:06:56.410+0700] {processor.py:925} INFO - DAG(s) 'dag_scraping_twitter' retrieved from /opt/airflow/dags/dag_scraping_twitter.py
[2026-02-07T12:06:56.437+0700] {logging_mixin.py:190} INFO - [2026-02-07T12:06:56.437+0700] {dag.py:3211} INFO - Sync 1 DAGs
[2026-02-07T12:06:56.462+0700] {logging_mixin.py:190} INFO - [2026-02-07T12:06:56.462+0700] {dag.py:4138} INFO - Setting next_dagrun for dag_scraping_twitter to 2026-02-06 23:00:00+00:00, run_after=2026-02-07 11:00:00+00:00
[2026-02-07T12:06:56.488+0700] {processor.py:208} INFO - Processing /opt/airflow/dags/dag_scraping_twitter.py took 0.108 seconds
[2026-02-07T12:07:27.460+0700] {processor.py:186} INFO - Started process (PID=2761) to work on /opt/airflow/dags/dag_scraping_twitter.py
[2026-02-07T12:07:27.461+0700] {processor.py:914} INFO - Processing file /opt/airflow/dags/dag_scraping_twitter.py for tasks to queue
[2026-02-07T12:07:27.465+0700] {logging_mixin.py:190} INFO - [2026-02-07T12:07:27.465+0700] {dagbag.py:587} INFO - Filling up the DagBag from /opt/airflow/dags/dag_scraping_twitter.py
[2026-02-07T12:07:27.491+0700] {processor.py:925} INFO - DAG(s) 'dag_scraping_twitter' retrieved from /opt/airflow/dags/dag_scraping_twitter.py
[2026-02-07T12:07:27.525+0700] {logging_mixin.py:190} INFO - [2026-02-07T12:07:27.524+0700] {dag.py:3211} INFO - Sync 1 DAGs
[2026-02-07T12:07:27.552+0700] {logging_mixin.py:190} INFO - [2026-02-07T12:07:27.551+0700] {dag.py:4138} INFO - Setting next_dagrun for dag_scraping_twitter to 2026-02-06 23:00:00+00:00, run_after=2026-02-07 11:00:00+00:00
[2026-02-07T12:07:27.575+0700] {processor.py:208} INFO - Processing /opt/airflow/dags/dag_scraping_twitter.py took 0.122 seconds
[2026-02-07T12:07:57.950+0700] {processor.py:186} INFO - Started process (PID=2771) to work on /opt/airflow/dags/dag_scraping_twitter.py
[2026-02-07T12:07:57.952+0700] {processor.py:914} INFO - Processing file /opt/airflow/dags/dag_scraping_twitter.py for tasks to queue
[2026-02-07T12:07:57.956+0700] {logging_mixin.py:190} INFO - [2026-02-07T12:07:57.956+0700] {dagbag.py:587} INFO - Filling up the DagBag from /opt/airflow/dags/dag_scraping_twitter.py
[2026-02-07T12:07:57.984+0700] {processor.py:925} INFO - DAG(s) 'dag_scraping_twitter' retrieved from /opt/airflow/dags/dag_scraping_twitter.py
[2026-02-07T12:07:58.020+0700] {logging_mixin.py:190} INFO - [2026-02-07T12:07:58.020+0700] {dag.py:3211} INFO - Sync 1 DAGs
[2026-02-07T12:07:58.057+0700] {logging_mixin.py:190} INFO - [2026-02-07T12:07:58.056+0700] {dag.py:4138} INFO - Setting next_dagrun for dag_scraping_twitter to 2026-02-06 23:00:00+00:00, run_after=2026-02-07 11:00:00+00:00
[2026-02-07T12:07:58.080+0700] {processor.py:208} INFO - Processing /opt/airflow/dags/dag_scraping_twitter.py took 0.137 seconds
[2026-02-07T12:08:28.187+0700] {processor.py:186} INFO - Started process (PID=2781) to work on /opt/airflow/dags/dag_scraping_twitter.py
[2026-02-07T12:08:28.188+0700] {processor.py:914} INFO - Processing file /opt/airflow/dags/dag_scraping_twitter.py for tasks to queue
[2026-02-07T12:08:28.191+0700] {logging_mixin.py:190} INFO - [2026-02-07T12:08:28.191+0700] {dagbag.py:587} INFO - Filling up the DagBag from /opt/airflow/dags/dag_scraping_twitter.py
[2026-02-07T12:08:28.210+0700] {processor.py:925} INFO - DAG(s) 'dag_scraping_twitter' retrieved from /opt/airflow/dags/dag_scraping_twitter.py
[2026-02-07T12:08:28.238+0700] {logging_mixin.py:190} INFO - [2026-02-07T12:08:28.238+0700] {dag.py:3211} INFO - Sync 1 DAGs
[2026-02-07T12:08:28.264+0700] {logging_mixin.py:190} INFO - [2026-02-07T12:08:28.264+0700] {dag.py:4138} INFO - Setting next_dagrun for dag_scraping_twitter to 2026-02-06 23:00:00+00:00, run_after=2026-02-07 11:00:00+00:00
[2026-02-07T12:08:28.287+0700] {processor.py:208} INFO - Processing /opt/airflow/dags/dag_scraping_twitter.py took 0.106 seconds
[2026-02-07T12:08:58.484+0700] {processor.py:186} INFO - Started process (PID=2791) to work on /opt/airflow/dags/dag_scraping_twitter.py
[2026-02-07T12:08:58.485+0700] {processor.py:914} INFO - Processing file /opt/airflow/dags/dag_scraping_twitter.py for tasks to queue
[2026-02-07T12:08:58.487+0700] {logging_mixin.py:190} INFO - [2026-02-07T12:08:58.487+0700] {dagbag.py:587} INFO - Filling up the DagBag from /opt/airflow/dags/dag_scraping_twitter.py
[2026-02-07T12:08:58.505+0700] {processor.py:925} INFO - DAG(s) 'dag_scraping_twitter' retrieved from /opt/airflow/dags/dag_scraping_twitter.py
[2026-02-07T12:08:58.533+0700] {logging_mixin.py:190} INFO - [2026-02-07T12:08:58.533+0700] {dag.py:3211} INFO - Sync 1 DAGs
[2026-02-07T12:08:58.557+0700] {logging_mixin.py:190} INFO - [2026-02-07T12:08:58.557+0700] {dag.py:4138} INFO - Setting next_dagrun for dag_scraping_twitter to 2026-02-06 23:00:00+00:00, run_after=2026-02-07 11:00:00+00:00
[2026-02-07T12:08:58.581+0700] {processor.py:208} INFO - Processing /opt/airflow/dags/dag_scraping_twitter.py took 0.104 seconds
[2026-02-07T12:09:29.572+0700] {processor.py:186} INFO - Started process (PID=2801) to work on /opt/airflow/dags/dag_scraping_twitter.py
[2026-02-07T12:09:29.574+0700] {processor.py:914} INFO - Processing file /opt/airflow/dags/dag_scraping_twitter.py for tasks to queue
[2026-02-07T12:09:29.576+0700] {logging_mixin.py:190} INFO - [2026-02-07T12:09:29.576+0700] {dagbag.py:587} INFO - Filling up the DagBag from /opt/airflow/dags/dag_scraping_twitter.py
[2026-02-07T12:09:29.599+0700] {processor.py:925} INFO - DAG(s) 'dag_scraping_twitter' retrieved from /opt/airflow/dags/dag_scraping_twitter.py
[2026-02-07T12:09:29.629+0700] {logging_mixin.py:190} INFO - [2026-02-07T12:09:29.628+0700] {dag.py:3211} INFO - Sync 1 DAGs
[2026-02-07T12:09:29.653+0700] {logging_mixin.py:190} INFO - [2026-02-07T12:09:29.653+0700] {dag.py:4138} INFO - Setting next_dagrun for dag_scraping_twitter to 2026-02-06 23:00:00+00:00, run_after=2026-02-07 11:00:00+00:00
[2026-02-07T12:09:29.675+0700] {processor.py:208} INFO - Processing /opt/airflow/dags/dag_scraping_twitter.py took 0.111 seconds
[2026-02-07T12:10:00.718+0700] {processor.py:186} INFO - Started process (PID=2811) to work on /opt/airflow/dags/dag_scraping_twitter.py
[2026-02-07T12:10:00.719+0700] {processor.py:914} INFO - Processing file /opt/airflow/dags/dag_scraping_twitter.py for tasks to queue
[2026-02-07T12:10:00.722+0700] {logging_mixin.py:190} INFO - [2026-02-07T12:10:00.722+0700] {dagbag.py:587} INFO - Filling up the DagBag from /opt/airflow/dags/dag_scraping_twitter.py
[2026-02-07T12:10:00.739+0700] {processor.py:925} INFO - DAG(s) 'dag_scraping_twitter' retrieved from /opt/airflow/dags/dag_scraping_twitter.py
[2026-02-07T12:10:00.766+0700] {logging_mixin.py:190} INFO - [2026-02-07T12:10:00.766+0700] {dag.py:3211} INFO - Sync 1 DAGs
[2026-02-07T12:10:00.790+0700] {logging_mixin.py:190} INFO - [2026-02-07T12:10:00.789+0700] {dag.py:4138} INFO - Setting next_dagrun for dag_scraping_twitter to 2026-02-06 23:00:00+00:00, run_after=2026-02-07 11:00:00+00:00
[2026-02-07T12:10:00.814+0700] {processor.py:208} INFO - Processing /opt/airflow/dags/dag_scraping_twitter.py took 0.102 seconds
[2026-02-07T12:10:31.791+0700] {processor.py:186} INFO - Started process (PID=2821) to work on /opt/airflow/dags/dag_scraping_twitter.py
[2026-02-07T12:10:31.793+0700] {processor.py:914} INFO - Processing file /opt/airflow/dags/dag_scraping_twitter.py for tasks to queue
[2026-02-07T12:10:31.796+0700] {logging_mixin.py:190} INFO - [2026-02-07T12:10:31.796+0700] {dagbag.py:587} INFO - Filling up the DagBag from /opt/airflow/dags/dag_scraping_twitter.py
[2026-02-07T12:10:31.815+0700] {processor.py:925} INFO - DAG(s) 'dag_scraping_twitter' retrieved from /opt/airflow/dags/dag_scraping_twitter.py
[2026-02-07T12:10:31.845+0700] {logging_mixin.py:190} INFO - [2026-02-07T12:10:31.844+0700] {dag.py:3211} INFO - Sync 1 DAGs
[2026-02-07T12:10:31.869+0700] {logging_mixin.py:190} INFO - [2026-02-07T12:10:31.869+0700] {dag.py:4138} INFO - Setting next_dagrun for dag_scraping_twitter to 2026-02-06 23:00:00+00:00, run_after=2026-02-07 11:00:00+00:00
[2026-02-07T12:10:31.895+0700] {processor.py:208} INFO - Processing /opt/airflow/dags/dag_scraping_twitter.py took 0.109 seconds
[2026-02-07T12:11:01.984+0700] {processor.py:186} INFO - Started process (PID=2831) to work on /opt/airflow/dags/dag_scraping_twitter.py
[2026-02-07T12:11:01.985+0700] {processor.py:914} INFO - Processing file /opt/airflow/dags/dag_scraping_twitter.py for tasks to queue
[2026-02-07T12:11:01.987+0700] {logging_mixin.py:190} INFO - [2026-02-07T12:11:01.987+0700] {dagbag.py:587} INFO - Filling up the DagBag from /opt/airflow/dags/dag_scraping_twitter.py
[2026-02-07T12:11:02.007+0700] {processor.py:925} INFO - DAG(s) 'dag_scraping_twitter' retrieved from /opt/airflow/dags/dag_scraping_twitter.py
[2026-02-07T12:11:02.035+0700] {logging_mixin.py:190} INFO - [2026-02-07T12:11:02.035+0700] {dag.py:3211} INFO - Sync 1 DAGs
[2026-02-07T12:11:02.059+0700] {logging_mixin.py:190} INFO - [2026-02-07T12:11:02.059+0700] {dag.py:4138} INFO - Setting next_dagrun for dag_scraping_twitter to 2026-02-06 23:00:00+00:00, run_after=2026-02-07 11:00:00+00:00
[2026-02-07T12:11:02.083+0700] {processor.py:208} INFO - Processing /opt/airflow/dags/dag_scraping_twitter.py took 0.106 seconds
[2026-02-07T12:11:33.080+0700] {processor.py:186} INFO - Started process (PID=2841) to work on /opt/airflow/dags/dag_scraping_twitter.py
[2026-02-07T12:11:33.081+0700] {processor.py:914} INFO - Processing file /opt/airflow/dags/dag_scraping_twitter.py for tasks to queue
[2026-02-07T12:11:33.084+0700] {logging_mixin.py:190} INFO - [2026-02-07T12:11:33.083+0700] {dagbag.py:587} INFO - Filling up the DagBag from /opt/airflow/dags/dag_scraping_twitter.py
[2026-02-07T12:11:33.105+0700] {processor.py:925} INFO - DAG(s) 'dag_scraping_twitter' retrieved from /opt/airflow/dags/dag_scraping_twitter.py
[2026-02-07T12:11:33.133+0700] {logging_mixin.py:190} INFO - [2026-02-07T12:11:33.132+0700] {dag.py:3211} INFO - Sync 1 DAGs
[2026-02-07T12:11:33.159+0700] {logging_mixin.py:190} INFO - [2026-02-07T12:11:33.158+0700] {dag.py:4138} INFO - Setting next_dagrun for dag_scraping_twitter to 2026-02-06 23:00:00+00:00, run_after=2026-02-07 11:00:00+00:00
[2026-02-07T12:11:33.179+0700] {processor.py:208} INFO - Processing /opt/airflow/dags/dag_scraping_twitter.py took 0.105 seconds
[2026-02-07T12:12:03.269+0700] {processor.py:186} INFO - Started process (PID=2851) to work on /opt/airflow/dags/dag_scraping_twitter.py
[2026-02-07T12:12:03.270+0700] {processor.py:914} INFO - Processing file /opt/airflow/dags/dag_scraping_twitter.py for tasks to queue
[2026-02-07T12:12:03.273+0700] {logging_mixin.py:190} INFO - [2026-02-07T12:12:03.272+0700] {dagbag.py:587} INFO - Filling up the DagBag from /opt/airflow/dags/dag_scraping_twitter.py
[2026-02-07T12:12:03.292+0700] {processor.py:925} INFO - DAG(s) 'dag_scraping_twitter' retrieved from /opt/airflow/dags/dag_scraping_twitter.py
[2026-02-07T12:12:03.319+0700] {logging_mixin.py:190} INFO - [2026-02-07T12:12:03.319+0700] {dag.py:3211} INFO - Sync 1 DAGs
[2026-02-07T12:12:03.345+0700] {logging_mixin.py:190} INFO - [2026-02-07T12:12:03.345+0700] {dag.py:4138} INFO - Setting next_dagrun for dag_scraping_twitter to 2026-02-06 23:00:00+00:00, run_after=2026-02-07 11:00:00+00:00
[2026-02-07T12:12:03.370+0700] {processor.py:208} INFO - Processing /opt/airflow/dags/dag_scraping_twitter.py took 0.107 seconds
[2026-02-07T12:12:33.859+0700] {processor.py:186} INFO - Started process (PID=2861) to work on /opt/airflow/dags/dag_scraping_twitter.py
[2026-02-07T12:12:33.860+0700] {processor.py:914} INFO - Processing file /opt/airflow/dags/dag_scraping_twitter.py for tasks to queue
[2026-02-07T12:12:33.864+0700] {logging_mixin.py:190} INFO - [2026-02-07T12:12:33.863+0700] {dagbag.py:587} INFO - Filling up the DagBag from /opt/airflow/dags/dag_scraping_twitter.py
[2026-02-07T12:12:33.883+0700] {processor.py:925} INFO - DAG(s) 'dag_scraping_twitter' retrieved from /opt/airflow/dags/dag_scraping_twitter.py
[2026-02-07T12:12:33.914+0700] {logging_mixin.py:190} INFO - [2026-02-07T12:12:33.914+0700] {dag.py:3211} INFO - Sync 1 DAGs
[2026-02-07T12:12:33.939+0700] {logging_mixin.py:190} INFO - [2026-02-07T12:12:33.938+0700] {dag.py:4138} INFO - Setting next_dagrun for dag_scraping_twitter to 2026-02-06 23:00:00+00:00, run_after=2026-02-07 11:00:00+00:00
[2026-02-07T12:12:33.961+0700] {processor.py:208} INFO - Processing /opt/airflow/dags/dag_scraping_twitter.py took 0.110 seconds
[2026-02-07T12:13:04.048+0700] {processor.py:186} INFO - Started process (PID=2871) to work on /opt/airflow/dags/dag_scraping_twitter.py
[2026-02-07T12:13:04.049+0700] {processor.py:914} INFO - Processing file /opt/airflow/dags/dag_scraping_twitter.py for tasks to queue
[2026-02-07T12:13:04.052+0700] {logging_mixin.py:190} INFO - [2026-02-07T12:13:04.051+0700] {dagbag.py:587} INFO - Filling up the DagBag from /opt/airflow/dags/dag_scraping_twitter.py
[2026-02-07T12:13:04.072+0700] {processor.py:925} INFO - DAG(s) 'dag_scraping_twitter' retrieved from /opt/airflow/dags/dag_scraping_twitter.py
[2026-02-07T12:13:04.104+0700] {logging_mixin.py:190} INFO - [2026-02-07T12:13:04.103+0700] {dag.py:3211} INFO - Sync 1 DAGs
[2026-02-07T12:13:04.128+0700] {logging_mixin.py:190} INFO - [2026-02-07T12:13:04.128+0700] {dag.py:4138} INFO - Setting next_dagrun for dag_scraping_twitter to 2026-02-06 23:00:00+00:00, run_after=2026-02-07 11:00:00+00:00
[2026-02-07T12:13:04.152+0700] {processor.py:208} INFO - Processing /opt/airflow/dags/dag_scraping_twitter.py took 0.111 seconds
[2026-02-07T12:13:35.171+0700] {processor.py:186} INFO - Started process (PID=2881) to work on /opt/airflow/dags/dag_scraping_twitter.py
[2026-02-07T12:13:35.173+0700] {processor.py:914} INFO - Processing file /opt/airflow/dags/dag_scraping_twitter.py for tasks to queue
[2026-02-07T12:13:35.175+0700] {logging_mixin.py:190} INFO - [2026-02-07T12:13:35.175+0700] {dagbag.py:587} INFO - Filling up the DagBag from /opt/airflow/dags/dag_scraping_twitter.py
[2026-02-07T12:13:35.194+0700] {processor.py:925} INFO - DAG(s) 'dag_scraping_twitter' retrieved from /opt/airflow/dags/dag_scraping_twitter.py
[2026-02-07T12:13:35.224+0700] {logging_mixin.py:190} INFO - [2026-02-07T12:13:35.224+0700] {dag.py:3211} INFO - Sync 1 DAGs
[2026-02-07T12:13:35.250+0700] {logging_mixin.py:190} INFO - [2026-02-07T12:13:35.250+0700] {dag.py:4138} INFO - Setting next_dagrun for dag_scraping_twitter to 2026-02-06 23:00:00+00:00, run_after=2026-02-07 11:00:00+00:00
[2026-02-07T12:13:35.275+0700] {processor.py:208} INFO - Processing /opt/airflow/dags/dag_scraping_twitter.py took 0.111 seconds
[2026-02-07T12:14:05.349+0700] {processor.py:186} INFO - Started process (PID=2891) to work on /opt/airflow/dags/dag_scraping_twitter.py
[2026-02-07T12:14:05.350+0700] {processor.py:914} INFO - Processing file /opt/airflow/dags/dag_scraping_twitter.py for tasks to queue
[2026-02-07T12:14:05.353+0700] {logging_mixin.py:190} INFO - [2026-02-07T12:14:05.353+0700] {dagbag.py:587} INFO - Filling up the DagBag from /opt/airflow/dags/dag_scraping_twitter.py
[2026-02-07T12:14:05.374+0700] {processor.py:925} INFO - DAG(s) 'dag_scraping_twitter' retrieved from /opt/airflow/dags/dag_scraping_twitter.py
[2026-02-07T12:14:05.405+0700] {logging_mixin.py:190} INFO - [2026-02-07T12:14:05.405+0700] {dag.py:3211} INFO - Sync 1 DAGs
[2026-02-07T12:14:05.430+0700] {logging_mixin.py:190} INFO - [2026-02-07T12:14:05.430+0700] {dag.py:4138} INFO - Setting next_dagrun for dag_scraping_twitter to 2026-02-06 23:00:00+00:00, run_after=2026-02-07 11:00:00+00:00
[2026-02-07T12:14:05.454+0700] {processor.py:208} INFO - Processing /opt/airflow/dags/dag_scraping_twitter.py took 0.111 seconds
[2026-02-07T12:14:35.513+0700] {processor.py:186} INFO - Started process (PID=2901) to work on /opt/airflow/dags/dag_scraping_twitter.py
[2026-02-07T12:14:35.515+0700] {processor.py:914} INFO - Processing file /opt/airflow/dags/dag_scraping_twitter.py for tasks to queue
[2026-02-07T12:14:35.519+0700] {logging_mixin.py:190} INFO - [2026-02-07T12:14:35.518+0700] {dagbag.py:587} INFO - Filling up the DagBag from /opt/airflow/dags/dag_scraping_twitter.py
[2026-02-07T12:14:35.540+0700] {processor.py:925} INFO - DAG(s) 'dag_scraping_twitter' retrieved from /opt/airflow/dags/dag_scraping_twitter.py
[2026-02-07T12:14:35.571+0700] {logging_mixin.py:190} INFO - [2026-02-07T12:14:35.571+0700] {dag.py:3211} INFO - Sync 1 DAGs
[2026-02-07T12:14:35.602+0700] {logging_mixin.py:190} INFO - [2026-02-07T12:14:35.602+0700] {dag.py:4138} INFO - Setting next_dagrun for dag_scraping_twitter to 2026-02-06 23:00:00+00:00, run_after=2026-02-07 11:00:00+00:00
[2026-02-07T12:14:35.628+0700] {processor.py:208} INFO - Processing /opt/airflow/dags/dag_scraping_twitter.py took 0.123 seconds
[2026-02-07T12:15:05.736+0700] {processor.py:186} INFO - Started process (PID=2911) to work on /opt/airflow/dags/dag_scraping_twitter.py
[2026-02-07T12:15:05.737+0700] {processor.py:914} INFO - Processing file /opt/airflow/dags/dag_scraping_twitter.py for tasks to queue
[2026-02-07T12:15:05.740+0700] {logging_mixin.py:190} INFO - [2026-02-07T12:15:05.739+0700] {dagbag.py:587} INFO - Filling up the DagBag from /opt/airflow/dags/dag_scraping_twitter.py
[2026-02-07T12:15:05.767+0700] {processor.py:925} INFO - DAG(s) 'dag_scraping_twitter' retrieved from /opt/airflow/dags/dag_scraping_twitter.py
[2026-02-07T12:15:05.797+0700] {logging_mixin.py:190} INFO - [2026-02-07T12:15:05.797+0700] {dag.py:3211} INFO - Sync 1 DAGs
[2026-02-07T12:15:05.827+0700] {logging_mixin.py:190} INFO - [2026-02-07T12:15:05.827+0700] {dag.py:4138} INFO - Setting next_dagrun for dag_scraping_twitter to 2026-02-06 23:00:00+00:00, run_after=2026-02-07 11:00:00+00:00
[2026-02-07T12:15:05.853+0700] {processor.py:208} INFO - Processing /opt/airflow/dags/dag_scraping_twitter.py took 0.123 seconds
[2026-02-07T12:15:36.254+0700] {processor.py:186} INFO - Started process (PID=2921) to work on /opt/airflow/dags/dag_scraping_twitter.py
[2026-02-07T12:15:36.255+0700] {processor.py:914} INFO - Processing file /opt/airflow/dags/dag_scraping_twitter.py for tasks to queue
[2026-02-07T12:15:36.258+0700] {logging_mixin.py:190} INFO - [2026-02-07T12:15:36.258+0700] {dagbag.py:587} INFO - Filling up the DagBag from /opt/airflow/dags/dag_scraping_twitter.py
[2026-02-07T12:15:36.276+0700] {processor.py:925} INFO - DAG(s) 'dag_scraping_twitter' retrieved from /opt/airflow/dags/dag_scraping_twitter.py
[2026-02-07T12:15:36.303+0700] {logging_mixin.py:190} INFO - [2026-02-07T12:15:36.303+0700] {dag.py:3211} INFO - Sync 1 DAGs
[2026-02-07T12:15:36.329+0700] {logging_mixin.py:190} INFO - [2026-02-07T12:15:36.329+0700] {dag.py:4138} INFO - Setting next_dagrun for dag_scraping_twitter to 2026-02-06 23:00:00+00:00, run_after=2026-02-07 11:00:00+00:00
[2026-02-07T12:15:36.354+0700] {processor.py:208} INFO - Processing /opt/airflow/dags/dag_scraping_twitter.py took 0.107 seconds
[2026-02-07T12:16:07.365+0700] {processor.py:186} INFO - Started process (PID=2931) to work on /opt/airflow/dags/dag_scraping_twitter.py
[2026-02-07T12:16:07.367+0700] {processor.py:914} INFO - Processing file /opt/airflow/dags/dag_scraping_twitter.py for tasks to queue
[2026-02-07T12:16:07.370+0700] {logging_mixin.py:190} INFO - [2026-02-07T12:16:07.370+0700] {dagbag.py:587} INFO - Filling up the DagBag from /opt/airflow/dags/dag_scraping_twitter.py
[2026-02-07T12:16:07.390+0700] {processor.py:925} INFO - DAG(s) 'dag_scraping_twitter' retrieved from /opt/airflow/dags/dag_scraping_twitter.py
[2026-02-07T12:16:07.419+0700] {logging_mixin.py:190} INFO - [2026-02-07T12:16:07.419+0700] {dag.py:3211} INFO - Sync 1 DAGs
[2026-02-07T12:16:07.446+0700] {logging_mixin.py:190} INFO - [2026-02-07T12:16:07.445+0700] {dag.py:4138} INFO - Setting next_dagrun for dag_scraping_twitter to 2026-02-06 23:00:00+00:00, run_after=2026-02-07 11:00:00+00:00
[2026-02-07T12:16:07.469+0700] {processor.py:208} INFO - Processing /opt/airflow/dags/dag_scraping_twitter.py took 0.111 seconds
[2026-02-07T12:16:38.461+0700] {processor.py:186} INFO - Started process (PID=2941) to work on /opt/airflow/dags/dag_scraping_twitter.py
[2026-02-07T12:16:38.462+0700] {processor.py:914} INFO - Processing file /opt/airflow/dags/dag_scraping_twitter.py for tasks to queue
[2026-02-07T12:16:38.465+0700] {logging_mixin.py:190} INFO - [2026-02-07T12:16:38.465+0700] {dagbag.py:587} INFO - Filling up the DagBag from /opt/airflow/dags/dag_scraping_twitter.py
[2026-02-07T12:16:38.483+0700] {processor.py:925} INFO - DAG(s) 'dag_scraping_twitter' retrieved from /opt/airflow/dags/dag_scraping_twitter.py
[2026-02-07T12:16:38.511+0700] {logging_mixin.py:190} INFO - [2026-02-07T12:16:38.511+0700] {dag.py:3211} INFO - Sync 1 DAGs
[2026-02-07T12:16:38.537+0700] {logging_mixin.py:190} INFO - [2026-02-07T12:16:38.537+0700] {dag.py:4138} INFO - Setting next_dagrun for dag_scraping_twitter to 2026-02-06 23:00:00+00:00, run_after=2026-02-07 11:00:00+00:00
[2026-02-07T12:16:38.564+0700] {processor.py:208} INFO - Processing /opt/airflow/dags/dag_scraping_twitter.py took 0.110 seconds
[2026-02-07T12:17:08.793+0700] {processor.py:186} INFO - Started process (PID=2951) to work on /opt/airflow/dags/dag_scraping_twitter.py
[2026-02-07T12:17:08.794+0700] {processor.py:914} INFO - Processing file /opt/airflow/dags/dag_scraping_twitter.py for tasks to queue
[2026-02-07T12:17:08.797+0700] {logging_mixin.py:190} INFO - [2026-02-07T12:17:08.797+0700] {dagbag.py:587} INFO - Filling up the DagBag from /opt/airflow/dags/dag_scraping_twitter.py
[2026-02-07T12:17:08.818+0700] {processor.py:925} INFO - DAG(s) 'dag_scraping_twitter' retrieved from /opt/airflow/dags/dag_scraping_twitter.py
[2026-02-07T12:17:08.847+0700] {logging_mixin.py:190} INFO - [2026-02-07T12:17:08.846+0700] {dag.py:3211} INFO - Sync 1 DAGs
[2026-02-07T12:17:08.878+0700] {logging_mixin.py:190} INFO - [2026-02-07T12:17:08.877+0700] {dag.py:4138} INFO - Setting next_dagrun for dag_scraping_twitter to 2026-02-06 23:00:00+00:00, run_after=2026-02-07 11:00:00+00:00
[2026-02-07T12:17:08.902+0700] {processor.py:208} INFO - Processing /opt/airflow/dags/dag_scraping_twitter.py took 0.115 seconds
[2026-02-07T12:17:38.992+0700] {processor.py:186} INFO - Started process (PID=2961) to work on /opt/airflow/dags/dag_scraping_twitter.py
[2026-02-07T12:17:38.993+0700] {processor.py:914} INFO - Processing file /opt/airflow/dags/dag_scraping_twitter.py for tasks to queue
[2026-02-07T12:17:38.996+0700] {logging_mixin.py:190} INFO - [2026-02-07T12:17:38.995+0700] {dagbag.py:587} INFO - Filling up the DagBag from /opt/airflow/dags/dag_scraping_twitter.py
[2026-02-07T12:17:39.014+0700] {processor.py:925} INFO - DAG(s) 'dag_scraping_twitter' retrieved from /opt/airflow/dags/dag_scraping_twitter.py
[2026-02-07T12:17:39.044+0700] {logging_mixin.py:190} INFO - [2026-02-07T12:17:39.043+0700] {dag.py:3211} INFO - Sync 1 DAGs
[2026-02-07T12:17:39.069+0700] {logging_mixin.py:190} INFO - [2026-02-07T12:17:39.068+0700] {dag.py:4138} INFO - Setting next_dagrun for dag_scraping_twitter to 2026-02-06 23:00:00+00:00, run_after=2026-02-07 11:00:00+00:00
[2026-02-07T12:17:39.092+0700] {processor.py:208} INFO - Processing /opt/airflow/dags/dag_scraping_twitter.py took 0.108 seconds
[2026-02-07T12:18:10.136+0700] {processor.py:186} INFO - Started process (PID=2971) to work on /opt/airflow/dags/dag_scraping_twitter.py
[2026-02-07T12:18:10.137+0700] {processor.py:914} INFO - Processing file /opt/airflow/dags/dag_scraping_twitter.py for tasks to queue
[2026-02-07T12:18:10.140+0700] {logging_mixin.py:190} INFO - [2026-02-07T12:18:10.140+0700] {dagbag.py:587} INFO - Filling up the DagBag from /opt/airflow/dags/dag_scraping_twitter.py
[2026-02-07T12:18:10.160+0700] {processor.py:925} INFO - DAG(s) 'dag_scraping_twitter' retrieved from /opt/airflow/dags/dag_scraping_twitter.py
[2026-02-07T12:18:10.190+0700] {logging_mixin.py:190} INFO - [2026-02-07T12:18:10.190+0700] {dag.py:3211} INFO - Sync 1 DAGs
[2026-02-07T12:18:10.214+0700] {logging_mixin.py:190} INFO - [2026-02-07T12:18:10.214+0700] {dag.py:4138} INFO - Setting next_dagrun for dag_scraping_twitter to 2026-02-06 23:00:00+00:00, run_after=2026-02-07 11:00:00+00:00
[2026-02-07T12:18:10.238+0700] {processor.py:208} INFO - Processing /opt/airflow/dags/dag_scraping_twitter.py took 0.109 seconds
[2026-02-07T12:18:40.346+0700] {processor.py:186} INFO - Started process (PID=2981) to work on /opt/airflow/dags/dag_scraping_twitter.py
[2026-02-07T12:18:40.347+0700] {processor.py:914} INFO - Processing file /opt/airflow/dags/dag_scraping_twitter.py for tasks to queue
[2026-02-07T12:18:40.350+0700] {logging_mixin.py:190} INFO - [2026-02-07T12:18:40.350+0700] {dagbag.py:587} INFO - Filling up the DagBag from /opt/airflow/dags/dag_scraping_twitter.py
[2026-02-07T12:18:40.368+0700] {processor.py:925} INFO - DAG(s) 'dag_scraping_twitter' retrieved from /opt/airflow/dags/dag_scraping_twitter.py
[2026-02-07T12:18:40.399+0700] {logging_mixin.py:190} INFO - [2026-02-07T12:18:40.399+0700] {dag.py:3211} INFO - Sync 1 DAGs
[2026-02-07T12:18:40.425+0700] {logging_mixin.py:190} INFO - [2026-02-07T12:18:40.425+0700] {dag.py:4138} INFO - Setting next_dagrun for dag_scraping_twitter to 2026-02-06 23:00:00+00:00, run_after=2026-02-07 11:00:00+00:00
[2026-02-07T12:18:40.450+0700] {processor.py:208} INFO - Processing /opt/airflow/dags/dag_scraping_twitter.py took 0.109 seconds
[2026-02-07T12:19:11.382+0700] {processor.py:186} INFO - Started process (PID=2991) to work on /opt/airflow/dags/dag_scraping_twitter.py
[2026-02-07T12:19:11.383+0700] {processor.py:914} INFO - Processing file /opt/airflow/dags/dag_scraping_twitter.py for tasks to queue
[2026-02-07T12:19:11.385+0700] {logging_mixin.py:190} INFO - [2026-02-07T12:19:11.385+0700] {dagbag.py:587} INFO - Filling up the DagBag from /opt/airflow/dags/dag_scraping_twitter.py
[2026-02-07T12:19:11.404+0700] {processor.py:925} INFO - DAG(s) 'dag_scraping_twitter' retrieved from /opt/airflow/dags/dag_scraping_twitter.py
[2026-02-07T12:19:11.434+0700] {logging_mixin.py:190} INFO - [2026-02-07T12:19:11.434+0700] {dag.py:3211} INFO - Sync 1 DAGs
[2026-02-07T12:19:11.459+0700] {logging_mixin.py:190} INFO - [2026-02-07T12:19:11.459+0700] {dag.py:4138} INFO - Setting next_dagrun for dag_scraping_twitter to 2026-02-06 23:00:00+00:00, run_after=2026-02-07 11:00:00+00:00
[2026-02-07T12:19:11.484+0700] {processor.py:208} INFO - Processing /opt/airflow/dags/dag_scraping_twitter.py took 0.109 seconds
[2026-02-07T12:19:42.498+0700] {processor.py:186} INFO - Started process (PID=3001) to work on /opt/airflow/dags/dag_scraping_twitter.py
[2026-02-07T12:19:42.500+0700] {processor.py:914} INFO - Processing file /opt/airflow/dags/dag_scraping_twitter.py for tasks to queue
[2026-02-07T12:19:42.503+0700] {logging_mixin.py:190} INFO - [2026-02-07T12:19:42.503+0700] {dagbag.py:587} INFO - Filling up the DagBag from /opt/airflow/dags/dag_scraping_twitter.py
[2026-02-07T12:19:42.527+0700] {processor.py:925} INFO - DAG(s) 'dag_scraping_twitter' retrieved from /opt/airflow/dags/dag_scraping_twitter.py
[2026-02-07T12:19:42.562+0700] {logging_mixin.py:190} INFO - [2026-02-07T12:19:42.561+0700] {dag.py:3211} INFO - Sync 1 DAGs
[2026-02-07T12:19:42.588+0700] {logging_mixin.py:190} INFO - [2026-02-07T12:19:42.588+0700] {dag.py:4138} INFO - Setting next_dagrun for dag_scraping_twitter to 2026-02-06 23:00:00+00:00, run_after=2026-02-07 11:00:00+00:00
[2026-02-07T12:19:42.608+0700] {processor.py:208} INFO - Processing /opt/airflow/dags/dag_scraping_twitter.py took 0.116 seconds
[2026-02-07T12:20:13.432+0700] {processor.py:186} INFO - Started process (PID=3011) to work on /opt/airflow/dags/dag_scraping_twitter.py
[2026-02-07T12:20:13.433+0700] {processor.py:914} INFO - Processing file /opt/airflow/dags/dag_scraping_twitter.py for tasks to queue
[2026-02-07T12:20:13.436+0700] {logging_mixin.py:190} INFO - [2026-02-07T12:20:13.435+0700] {dagbag.py:587} INFO - Filling up the DagBag from /opt/airflow/dags/dag_scraping_twitter.py
[2026-02-07T12:20:13.454+0700] {processor.py:925} INFO - DAG(s) 'dag_scraping_twitter' retrieved from /opt/airflow/dags/dag_scraping_twitter.py
[2026-02-07T12:20:13.484+0700] {logging_mixin.py:190} INFO - [2026-02-07T12:20:13.483+0700] {dag.py:3211} INFO - Sync 1 DAGs
[2026-02-07T12:20:13.507+0700] {logging_mixin.py:190} INFO - [2026-02-07T12:20:13.507+0700] {dag.py:4138} INFO - Setting next_dagrun for dag_scraping_twitter to 2026-02-06 23:00:00+00:00, run_after=2026-02-07 11:00:00+00:00
[2026-02-07T12:20:13.530+0700] {processor.py:208} INFO - Processing /opt/airflow/dags/dag_scraping_twitter.py took 0.105 seconds
[2026-02-07T12:20:43.764+0700] {processor.py:186} INFO - Started process (PID=3021) to work on /opt/airflow/dags/dag_scraping_twitter.py
[2026-02-07T12:20:43.766+0700] {processor.py:914} INFO - Processing file /opt/airflow/dags/dag_scraping_twitter.py for tasks to queue
[2026-02-07T12:20:43.769+0700] {logging_mixin.py:190} INFO - [2026-02-07T12:20:43.768+0700] {dagbag.py:587} INFO - Filling up the DagBag from /opt/airflow/dags/dag_scraping_twitter.py
[2026-02-07T12:20:43.789+0700] {processor.py:925} INFO - DAG(s) 'dag_scraping_twitter' retrieved from /opt/airflow/dags/dag_scraping_twitter.py
[2026-02-07T12:20:43.817+0700] {logging_mixin.py:190} INFO - [2026-02-07T12:20:43.816+0700] {dag.py:3211} INFO - Sync 1 DAGs
[2026-02-07T12:20:43.842+0700] {logging_mixin.py:190} INFO - [2026-02-07T12:20:43.842+0700] {dag.py:4138} INFO - Setting next_dagrun for dag_scraping_twitter to 2026-02-06 23:00:00+00:00, run_after=2026-02-07 11:00:00+00:00
[2026-02-07T12:20:43.864+0700] {processor.py:208} INFO - Processing /opt/airflow/dags/dag_scraping_twitter.py took 0.106 seconds
[2026-02-07T12:21:13.961+0700] {processor.py:186} INFO - Started process (PID=3031) to work on /opt/airflow/dags/dag_scraping_twitter.py
[2026-02-07T12:21:13.962+0700] {processor.py:914} INFO - Processing file /opt/airflow/dags/dag_scraping_twitter.py for tasks to queue
[2026-02-07T12:21:13.965+0700] {logging_mixin.py:190} INFO - [2026-02-07T12:21:13.965+0700] {dagbag.py:587} INFO - Filling up the DagBag from /opt/airflow/dags/dag_scraping_twitter.py
[2026-02-07T12:21:13.985+0700] {processor.py:925} INFO - DAG(s) 'dag_scraping_twitter' retrieved from /opt/airflow/dags/dag_scraping_twitter.py
[2026-02-07T12:21:14.013+0700] {logging_mixin.py:190} INFO - [2026-02-07T12:21:14.013+0700] {dag.py:3211} INFO - Sync 1 DAGs
[2026-02-07T12:21:14.037+0700] {logging_mixin.py:190} INFO - [2026-02-07T12:21:14.037+0700] {dag.py:4138} INFO - Setting next_dagrun for dag_scraping_twitter to 2026-02-06 23:00:00+00:00, run_after=2026-02-07 11:00:00+00:00
[2026-02-07T12:21:14.060+0700] {processor.py:208} INFO - Processing /opt/airflow/dags/dag_scraping_twitter.py took 0.107 seconds
[2026-02-07T12:21:45.092+0700] {processor.py:186} INFO - Started process (PID=3041) to work on /opt/airflow/dags/dag_scraping_twitter.py
[2026-02-07T12:21:45.093+0700] {processor.py:914} INFO - Processing file /opt/airflow/dags/dag_scraping_twitter.py for tasks to queue
[2026-02-07T12:21:45.095+0700] {logging_mixin.py:190} INFO - [2026-02-07T12:21:45.095+0700] {dagbag.py:587} INFO - Filling up the DagBag from /opt/airflow/dags/dag_scraping_twitter.py
[2026-02-07T12:21:45.114+0700] {processor.py:925} INFO - DAG(s) 'dag_scraping_twitter' retrieved from /opt/airflow/dags/dag_scraping_twitter.py
[2026-02-07T12:21:45.143+0700] {logging_mixin.py:190} INFO - [2026-02-07T12:21:45.142+0700] {dag.py:3211} INFO - Sync 1 DAGs
[2026-02-07T12:21:45.167+0700] {logging_mixin.py:190} INFO - [2026-02-07T12:21:45.167+0700] {dag.py:4138} INFO - Setting next_dagrun for dag_scraping_twitter to 2026-02-06 23:00:00+00:00, run_after=2026-02-07 11:00:00+00:00
[2026-02-07T12:21:45.192+0700] {processor.py:208} INFO - Processing /opt/airflow/dags/dag_scraping_twitter.py took 0.107 seconds
[2026-02-07T12:22:16.180+0700] {processor.py:186} INFO - Started process (PID=3051) to work on /opt/airflow/dags/dag_scraping_twitter.py
[2026-02-07T12:22:16.181+0700] {processor.py:914} INFO - Processing file /opt/airflow/dags/dag_scraping_twitter.py for tasks to queue
[2026-02-07T12:22:16.184+0700] {logging_mixin.py:190} INFO - [2026-02-07T12:22:16.183+0700] {dagbag.py:587} INFO - Filling up the DagBag from /opt/airflow/dags/dag_scraping_twitter.py
[2026-02-07T12:22:16.206+0700] {processor.py:925} INFO - DAG(s) 'dag_scraping_twitter' retrieved from /opt/airflow/dags/dag_scraping_twitter.py
[2026-02-07T12:22:16.235+0700] {logging_mixin.py:190} INFO - [2026-02-07T12:22:16.234+0700] {dag.py:3211} INFO - Sync 1 DAGs
[2026-02-07T12:22:16.259+0700] {logging_mixin.py:190} INFO - [2026-02-07T12:22:16.259+0700] {dag.py:4138} INFO - Setting next_dagrun for dag_scraping_twitter to 2026-02-06 23:00:00+00:00, run_after=2026-02-07 11:00:00+00:00
[2026-02-07T12:22:16.283+0700] {processor.py:208} INFO - Processing /opt/airflow/dags/dag_scraping_twitter.py took 0.111 seconds
[2026-02-07T12:22:46.399+0700] {processor.py:186} INFO - Started process (PID=3061) to work on /opt/airflow/dags/dag_scraping_twitter.py
[2026-02-07T12:22:46.400+0700] {processor.py:914} INFO - Processing file /opt/airflow/dags/dag_scraping_twitter.py for tasks to queue
[2026-02-07T12:22:46.403+0700] {logging_mixin.py:190} INFO - [2026-02-07T12:22:46.402+0700] {dagbag.py:587} INFO - Filling up the DagBag from /opt/airflow/dags/dag_scraping_twitter.py
[2026-02-07T12:22:46.422+0700] {processor.py:925} INFO - DAG(s) 'dag_scraping_twitter' retrieved from /opt/airflow/dags/dag_scraping_twitter.py
[2026-02-07T12:22:46.452+0700] {logging_mixin.py:190} INFO - [2026-02-07T12:22:46.451+0700] {dag.py:3211} INFO - Sync 1 DAGs
[2026-02-07T12:22:46.478+0700] {logging_mixin.py:190} INFO - [2026-02-07T12:22:46.477+0700] {dag.py:4138} INFO - Setting next_dagrun for dag_scraping_twitter to 2026-02-06 23:00:00+00:00, run_after=2026-02-07 11:00:00+00:00
[2026-02-07T12:22:46.506+0700] {processor.py:208} INFO - Processing /opt/airflow/dags/dag_scraping_twitter.py took 0.113 seconds
[2026-02-07T12:23:17.318+0700] {processor.py:186} INFO - Started process (PID=3071) to work on /opt/airflow/dags/dag_scraping_twitter.py
[2026-02-07T12:23:17.319+0700] {processor.py:914} INFO - Processing file /opt/airflow/dags/dag_scraping_twitter.py for tasks to queue
[2026-02-07T12:23:17.323+0700] {logging_mixin.py:190} INFO - [2026-02-07T12:23:17.322+0700] {dagbag.py:587} INFO - Filling up the DagBag from /opt/airflow/dags/dag_scraping_twitter.py
[2026-02-07T12:23:17.343+0700] {processor.py:925} INFO - DAG(s) 'dag_scraping_twitter' retrieved from /opt/airflow/dags/dag_scraping_twitter.py
[2026-02-07T12:23:17.371+0700] {logging_mixin.py:190} INFO - [2026-02-07T12:23:17.371+0700] {dag.py:3211} INFO - Sync 1 DAGs
[2026-02-07T12:23:17.394+0700] {logging_mixin.py:190} INFO - [2026-02-07T12:23:17.394+0700] {dag.py:4138} INFO - Setting next_dagrun for dag_scraping_twitter to 2026-02-06 23:00:00+00:00, run_after=2026-02-07 11:00:00+00:00
[2026-02-07T12:23:17.417+0700] {processor.py:208} INFO - Processing /opt/airflow/dags/dag_scraping_twitter.py took 0.106 seconds
[2026-02-07T12:23:47.559+0700] {processor.py:186} INFO - Started process (PID=3081) to work on /opt/airflow/dags/dag_scraping_twitter.py
[2026-02-07T12:23:47.560+0700] {processor.py:914} INFO - Processing file /opt/airflow/dags/dag_scraping_twitter.py for tasks to queue
[2026-02-07T12:23:47.563+0700] {logging_mixin.py:190} INFO - [2026-02-07T12:23:47.563+0700] {dagbag.py:587} INFO - Filling up the DagBag from /opt/airflow/dags/dag_scraping_twitter.py
[2026-02-07T12:23:47.583+0700] {processor.py:925} INFO - DAG(s) 'dag_scraping_twitter' retrieved from /opt/airflow/dags/dag_scraping_twitter.py
[2026-02-07T12:23:47.612+0700] {logging_mixin.py:190} INFO - [2026-02-07T12:23:47.612+0700] {dag.py:3211} INFO - Sync 1 DAGs
[2026-02-07T12:23:47.636+0700] {logging_mixin.py:190} INFO - [2026-02-07T12:23:47.636+0700] {dag.py:4138} INFO - Setting next_dagrun for dag_scraping_twitter to 2026-02-06 23:00:00+00:00, run_after=2026-02-07 11:00:00+00:00
[2026-02-07T12:23:47.660+0700] {processor.py:208} INFO - Processing /opt/airflow/dags/dag_scraping_twitter.py took 0.107 seconds
[2026-02-07T12:24:17.800+0700] {processor.py:186} INFO - Started process (PID=3091) to work on /opt/airflow/dags/dag_scraping_twitter.py
[2026-02-07T12:24:17.801+0700] {processor.py:914} INFO - Processing file /opt/airflow/dags/dag_scraping_twitter.py for tasks to queue
[2026-02-07T12:24:17.804+0700] {logging_mixin.py:190} INFO - [2026-02-07T12:24:17.804+0700] {dagbag.py:587} INFO - Filling up the DagBag from /opt/airflow/dags/dag_scraping_twitter.py
[2026-02-07T12:24:17.825+0700] {processor.py:925} INFO - DAG(s) 'dag_scraping_twitter' retrieved from /opt/airflow/dags/dag_scraping_twitter.py
[2026-02-07T12:24:17.854+0700] {logging_mixin.py:190} INFO - [2026-02-07T12:24:17.854+0700] {dag.py:3211} INFO - Sync 1 DAGs
[2026-02-07T12:24:17.878+0700] {logging_mixin.py:190} INFO - [2026-02-07T12:24:17.878+0700] {dag.py:4138} INFO - Setting next_dagrun for dag_scraping_twitter to 2026-02-06 23:00:00+00:00, run_after=2026-02-07 11:00:00+00:00
[2026-02-07T12:24:17.902+0700] {processor.py:208} INFO - Processing /opt/airflow/dags/dag_scraping_twitter.py took 0.109 seconds
[2026-02-07T12:24:48.872+0700] {processor.py:186} INFO - Started process (PID=3101) to work on /opt/airflow/dags/dag_scraping_twitter.py
[2026-02-07T12:24:48.873+0700] {processor.py:914} INFO - Processing file /opt/airflow/dags/dag_scraping_twitter.py for tasks to queue
[2026-02-07T12:24:48.876+0700] {logging_mixin.py:190} INFO - [2026-02-07T12:24:48.876+0700] {dagbag.py:587} INFO - Filling up the DagBag from /opt/airflow/dags/dag_scraping_twitter.py
[2026-02-07T12:24:48.897+0700] {processor.py:925} INFO - DAG(s) 'dag_scraping_twitter' retrieved from /opt/airflow/dags/dag_scraping_twitter.py
[2026-02-07T12:24:48.928+0700] {logging_mixin.py:190} INFO - [2026-02-07T12:24:48.927+0700] {dag.py:3211} INFO - Sync 1 DAGs
[2026-02-07T12:24:48.953+0700] {logging_mixin.py:190} INFO - [2026-02-07T12:24:48.953+0700] {dag.py:4138} INFO - Setting next_dagrun for dag_scraping_twitter to 2026-02-06 23:00:00+00:00, run_after=2026-02-07 11:00:00+00:00
[2026-02-07T12:24:48.978+0700] {processor.py:208} INFO - Processing /opt/airflow/dags/dag_scraping_twitter.py took 0.112 seconds
[2026-02-07T12:25:19.129+0700] {processor.py:186} INFO - Started process (PID=3111) to work on /opt/airflow/dags/dag_scraping_twitter.py
[2026-02-07T12:25:19.130+0700] {processor.py:914} INFO - Processing file /opt/airflow/dags/dag_scraping_twitter.py for tasks to queue
[2026-02-07T12:25:19.133+0700] {logging_mixin.py:190} INFO - [2026-02-07T12:25:19.133+0700] {dagbag.py:587} INFO - Filling up the DagBag from /opt/airflow/dags/dag_scraping_twitter.py
[2026-02-07T12:25:19.153+0700] {processor.py:925} INFO - DAG(s) 'dag_scraping_twitter' retrieved from /opt/airflow/dags/dag_scraping_twitter.py
[2026-02-07T12:25:19.181+0700] {logging_mixin.py:190} INFO - [2026-02-07T12:25:19.181+0700] {dag.py:3211} INFO - Sync 1 DAGs
[2026-02-07T12:25:19.206+0700] {logging_mixin.py:190} INFO - [2026-02-07T12:25:19.205+0700] {dag.py:4138} INFO - Setting next_dagrun for dag_scraping_twitter to 2026-02-06 23:00:00+00:00, run_after=2026-02-07 11:00:00+00:00
[2026-02-07T12:25:19.230+0700] {processor.py:208} INFO - Processing /opt/airflow/dags/dag_scraping_twitter.py took 0.107 seconds
[2026-02-07T12:25:50.250+0700] {processor.py:186} INFO - Started process (PID=3121) to work on /opt/airflow/dags/dag_scraping_twitter.py
[2026-02-07T12:25:50.251+0700] {processor.py:914} INFO - Processing file /opt/airflow/dags/dag_scraping_twitter.py for tasks to queue
[2026-02-07T12:25:50.254+0700] {logging_mixin.py:190} INFO - [2026-02-07T12:25:50.253+0700] {dagbag.py:587} INFO - Filling up the DagBag from /opt/airflow/dags/dag_scraping_twitter.py
[2026-02-07T12:25:50.276+0700] {processor.py:925} INFO - DAG(s) 'dag_scraping_twitter' retrieved from /opt/airflow/dags/dag_scraping_twitter.py
[2026-02-07T12:25:50.308+0700] {logging_mixin.py:190} INFO - [2026-02-07T12:25:50.307+0700] {dag.py:3211} INFO - Sync 1 DAGs
[2026-02-07T12:25:50.334+0700] {logging_mixin.py:190} INFO - [2026-02-07T12:25:50.334+0700] {dag.py:4138} INFO - Setting next_dagrun for dag_scraping_twitter to 2026-02-06 23:00:00+00:00, run_after=2026-02-07 11:00:00+00:00
[2026-02-07T12:25:50.360+0700] {processor.py:208} INFO - Processing /opt/airflow/dags/dag_scraping_twitter.py took 0.118 seconds
[2026-02-07T12:26:21.070+0700] {processor.py:186} INFO - Started process (PID=3131) to work on /opt/airflow/dags/dag_scraping_twitter.py
[2026-02-07T12:26:21.071+0700] {processor.py:914} INFO - Processing file /opt/airflow/dags/dag_scraping_twitter.py for tasks to queue
[2026-02-07T12:26:21.074+0700] {logging_mixin.py:190} INFO - [2026-02-07T12:26:21.074+0700] {dagbag.py:587} INFO - Filling up the DagBag from /opt/airflow/dags/dag_scraping_twitter.py
[2026-02-07T12:26:21.096+0700] {processor.py:925} INFO - DAG(s) 'dag_scraping_twitter' retrieved from /opt/airflow/dags/dag_scraping_twitter.py
[2026-02-07T12:26:21.126+0700] {logging_mixin.py:190} INFO - [2026-02-07T12:26:21.126+0700] {dag.py:3211} INFO - Sync 1 DAGs
[2026-02-07T12:26:21.150+0700] {logging_mixin.py:190} INFO - [2026-02-07T12:26:21.150+0700] {dag.py:4138} INFO - Setting next_dagrun for dag_scraping_twitter to 2026-02-06 23:00:00+00:00, run_after=2026-02-07 11:00:00+00:00
[2026-02-07T12:26:21.174+0700] {processor.py:208} INFO - Processing /opt/airflow/dags/dag_scraping_twitter.py took 0.111 seconds
[2026-02-07T12:26:51.253+0700] {processor.py:186} INFO - Started process (PID=3141) to work on /opt/airflow/dags/dag_scraping_twitter.py
[2026-02-07T12:26:51.254+0700] {processor.py:914} INFO - Processing file /opt/airflow/dags/dag_scraping_twitter.py for tasks to queue
[2026-02-07T12:26:51.260+0700] {logging_mixin.py:190} INFO - [2026-02-07T12:26:51.259+0700] {dagbag.py:587} INFO - Filling up the DagBag from /opt/airflow/dags/dag_scraping_twitter.py
[2026-02-07T12:26:51.284+0700] {processor.py:925} INFO - DAG(s) 'dag_scraping_twitter' retrieved from /opt/airflow/dags/dag_scraping_twitter.py
[2026-02-07T12:26:51.313+0700] {logging_mixin.py:190} INFO - [2026-02-07T12:26:51.313+0700] {dag.py:3211} INFO - Sync 1 DAGs
[2026-02-07T12:26:51.338+0700] {logging_mixin.py:190} INFO - [2026-02-07T12:26:51.338+0700] {dag.py:4138} INFO - Setting next_dagrun for dag_scraping_twitter to 2026-02-06 23:00:00+00:00, run_after=2026-02-07 11:00:00+00:00
[2026-02-07T12:26:51.363+0700] {processor.py:208} INFO - Processing /opt/airflow/dags/dag_scraping_twitter.py took 0.118 seconds
[2026-02-07T12:27:21.555+0700] {processor.py:186} INFO - Started process (PID=3156) to work on /opt/airflow/dags/dag_scraping_twitter.py
[2026-02-07T12:27:21.556+0700] {processor.py:914} INFO - Processing file /opt/airflow/dags/dag_scraping_twitter.py for tasks to queue
[2026-02-07T12:27:21.560+0700] {logging_mixin.py:190} INFO - [2026-02-07T12:27:21.560+0700] {dagbag.py:587} INFO - Filling up the DagBag from /opt/airflow/dags/dag_scraping_twitter.py
[2026-02-07T12:27:21.582+0700] {processor.py:925} INFO - DAG(s) 'dag_scraping_twitter' retrieved from /opt/airflow/dags/dag_scraping_twitter.py
[2026-02-07T12:27:21.607+0700] {logging_mixin.py:190} INFO - [2026-02-07T12:27:21.607+0700] {dag.py:3211} INFO - Sync 1 DAGs
[2026-02-07T12:27:21.628+0700] {logging_mixin.py:190} INFO - [2026-02-07T12:27:21.627+0700] {dag.py:4138} INFO - Setting next_dagrun for dag_scraping_twitter to 2026-02-06 23:00:00+00:00, run_after=2026-02-07 11:00:00+00:00
[2026-02-07T12:27:21.648+0700] {processor.py:208} INFO - Processing /opt/airflow/dags/dag_scraping_twitter.py took 0.100 seconds
[2026-02-07T12:27:51.743+0700] {processor.py:186} INFO - Started process (PID=3166) to work on /opt/airflow/dags/dag_scraping_twitter.py
[2026-02-07T12:27:51.745+0700] {processor.py:914} INFO - Processing file /opt/airflow/dags/dag_scraping_twitter.py for tasks to queue
[2026-02-07T12:27:51.747+0700] {logging_mixin.py:190} INFO - [2026-02-07T12:27:51.747+0700] {dagbag.py:587} INFO - Filling up the DagBag from /opt/airflow/dags/dag_scraping_twitter.py
[2026-02-07T12:27:51.764+0700] {processor.py:925} INFO - DAG(s) 'dag_scraping_twitter' retrieved from /opt/airflow/dags/dag_scraping_twitter.py
[2026-02-07T12:27:51.788+0700] {logging_mixin.py:190} INFO - [2026-02-07T12:27:51.787+0700] {dag.py:3211} INFO - Sync 1 DAGs
[2026-02-07T12:27:51.808+0700] {logging_mixin.py:190} INFO - [2026-02-07T12:27:51.808+0700] {dag.py:4138} INFO - Setting next_dagrun for dag_scraping_twitter to 2026-02-06 23:00:00+00:00, run_after=2026-02-07 11:00:00+00:00
[2026-02-07T12:27:51.829+0700] {processor.py:208} INFO - Processing /opt/airflow/dags/dag_scraping_twitter.py took 0.092 seconds
[2026-02-07T12:28:21.965+0700] {processor.py:186} INFO - Started process (PID=3176) to work on /opt/airflow/dags/dag_scraping_twitter.py
[2026-02-07T12:28:21.966+0700] {processor.py:914} INFO - Processing file /opt/airflow/dags/dag_scraping_twitter.py for tasks to queue
[2026-02-07T12:28:21.969+0700] {logging_mixin.py:190} INFO - [2026-02-07T12:28:21.968+0700] {dagbag.py:587} INFO - Filling up the DagBag from /opt/airflow/dags/dag_scraping_twitter.py
[2026-02-07T12:28:21.987+0700] {processor.py:925} INFO - DAG(s) 'dag_scraping_twitter' retrieved from /opt/airflow/dags/dag_scraping_twitter.py
[2026-02-07T12:28:22.011+0700] {logging_mixin.py:190} INFO - [2026-02-07T12:28:22.011+0700] {dag.py:3211} INFO - Sync 1 DAGs
[2026-02-07T12:28:22.031+0700] {logging_mixin.py:190} INFO - [2026-02-07T12:28:22.031+0700] {dag.py:4138} INFO - Setting next_dagrun for dag_scraping_twitter to 2026-02-06 23:00:00+00:00, run_after=2026-02-07 11:00:00+00:00
[2026-02-07T12:28:22.055+0700] {processor.py:208} INFO - Processing /opt/airflow/dags/dag_scraping_twitter.py took 0.096 seconds
[2026-02-07T12:28:52.123+0700] {processor.py:186} INFO - Started process (PID=3181) to work on /opt/airflow/dags/dag_scraping_twitter.py
[2026-02-07T12:28:52.126+0700] {processor.py:914} INFO - Processing file /opt/airflow/dags/dag_scraping_twitter.py for tasks to queue
[2026-02-07T12:28:52.131+0700] {logging_mixin.py:190} INFO - [2026-02-07T12:28:52.130+0700] {dagbag.py:587} INFO - Filling up the DagBag from /opt/airflow/dags/dag_scraping_twitter.py
[2026-02-07T12:28:52.154+0700] {processor.py:925} INFO - DAG(s) 'dag_scraping_twitter' retrieved from /opt/airflow/dags/dag_scraping_twitter.py
[2026-02-07T12:28:52.186+0700] {logging_mixin.py:190} INFO - [2026-02-07T12:28:52.186+0700] {dag.py:3211} INFO - Sync 1 DAGs
[2026-02-07T12:28:52.214+0700] {logging_mixin.py:190} INFO - [2026-02-07T12:28:52.213+0700] {dag.py:4138} INFO - Setting next_dagrun for dag_scraping_twitter to 2026-02-06 23:00:00+00:00, run_after=2026-02-07 11:00:00+00:00
[2026-02-07T12:28:52.237+0700] {processor.py:208} INFO - Processing /opt/airflow/dags/dag_scraping_twitter.py took 0.122 seconds
[2026-02-07T12:29:22.293+0700] {processor.py:186} INFO - Started process (PID=3191) to work on /opt/airflow/dags/dag_scraping_twitter.py
[2026-02-07T12:29:22.295+0700] {processor.py:914} INFO - Processing file /opt/airflow/dags/dag_scraping_twitter.py for tasks to queue
[2026-02-07T12:29:22.299+0700] {logging_mixin.py:190} INFO - [2026-02-07T12:29:22.298+0700] {dagbag.py:587} INFO - Filling up the DagBag from /opt/airflow/dags/dag_scraping_twitter.py
[2026-02-07T12:29:22.324+0700] {processor.py:925} INFO - DAG(s) 'dag_scraping_twitter' retrieved from /opt/airflow/dags/dag_scraping_twitter.py
[2026-02-07T12:29:22.353+0700] {logging_mixin.py:190} INFO - [2026-02-07T12:29:22.353+0700] {dag.py:3211} INFO - Sync 1 DAGs
[2026-02-07T12:29:22.378+0700] {logging_mixin.py:190} INFO - [2026-02-07T12:29:22.378+0700] {dag.py:4138} INFO - Setting next_dagrun for dag_scraping_twitter to 2026-02-06 23:00:00+00:00, run_after=2026-02-07 11:00:00+00:00
[2026-02-07T12:29:22.402+0700] {processor.py:208} INFO - Processing /opt/airflow/dags/dag_scraping_twitter.py took 0.117 seconds
[2026-02-07T12:29:52.535+0700] {processor.py:186} INFO - Started process (PID=3201) to work on /opt/airflow/dags/dag_scraping_twitter.py
[2026-02-07T12:29:52.536+0700] {processor.py:914} INFO - Processing file /opt/airflow/dags/dag_scraping_twitter.py for tasks to queue
[2026-02-07T12:29:52.539+0700] {logging_mixin.py:190} INFO - [2026-02-07T12:29:52.538+0700] {dagbag.py:587} INFO - Filling up the DagBag from /opt/airflow/dags/dag_scraping_twitter.py
[2026-02-07T12:29:52.557+0700] {processor.py:925} INFO - DAG(s) 'dag_scraping_twitter' retrieved from /opt/airflow/dags/dag_scraping_twitter.py
[2026-02-07T12:29:52.587+0700] {logging_mixin.py:190} INFO - [2026-02-07T12:29:52.587+0700] {dag.py:3211} INFO - Sync 1 DAGs
[2026-02-07T12:29:52.618+0700] {logging_mixin.py:190} INFO - [2026-02-07T12:29:52.617+0700] {dag.py:4138} INFO - Setting next_dagrun for dag_scraping_twitter to 2026-02-06 23:00:00+00:00, run_after=2026-02-07 11:00:00+00:00
[2026-02-07T12:29:52.642+0700] {processor.py:208} INFO - Processing /opt/airflow/dags/dag_scraping_twitter.py took 0.113 seconds
[2026-02-07T12:30:22.712+0700] {processor.py:186} INFO - Started process (PID=3211) to work on /opt/airflow/dags/dag_scraping_twitter.py
[2026-02-07T12:30:22.714+0700] {processor.py:914} INFO - Processing file /opt/airflow/dags/dag_scraping_twitter.py for tasks to queue
[2026-02-07T12:30:22.717+0700] {logging_mixin.py:190} INFO - [2026-02-07T12:30:22.716+0700] {dagbag.py:587} INFO - Filling up the DagBag from /opt/airflow/dags/dag_scraping_twitter.py
[2026-02-07T12:30:22.741+0700] {processor.py:925} INFO - DAG(s) 'dag_scraping_twitter' retrieved from /opt/airflow/dags/dag_scraping_twitter.py
[2026-02-07T12:30:22.770+0700] {logging_mixin.py:190} INFO - [2026-02-07T12:30:22.770+0700] {dag.py:3211} INFO - Sync 1 DAGs
[2026-02-07T12:30:22.795+0700] {logging_mixin.py:190} INFO - [2026-02-07T12:30:22.795+0700] {dag.py:4138} INFO - Setting next_dagrun for dag_scraping_twitter to 2026-02-06 23:00:00+00:00, run_after=2026-02-07 11:00:00+00:00
[2026-02-07T12:30:22.819+0700] {processor.py:208} INFO - Processing /opt/airflow/dags/dag_scraping_twitter.py took 0.114 seconds
[2026-02-07T12:30:53.349+0700] {processor.py:186} INFO - Started process (PID=3221) to work on /opt/airflow/dags/dag_scraping_twitter.py
[2026-02-07T12:30:53.350+0700] {processor.py:914} INFO - Processing file /opt/airflow/dags/dag_scraping_twitter.py for tasks to queue
[2026-02-07T12:30:53.353+0700] {logging_mixin.py:190} INFO - [2026-02-07T12:30:53.352+0700] {dagbag.py:587} INFO - Filling up the DagBag from /opt/airflow/dags/dag_scraping_twitter.py
[2026-02-07T12:30:53.376+0700] {processor.py:925} INFO - DAG(s) 'dag_scraping_twitter' retrieved from /opt/airflow/dags/dag_scraping_twitter.py
[2026-02-07T12:30:53.404+0700] {logging_mixin.py:190} INFO - [2026-02-07T12:30:53.404+0700] {dag.py:3211} INFO - Sync 1 DAGs
[2026-02-07T12:30:53.430+0700] {logging_mixin.py:190} INFO - [2026-02-07T12:30:53.429+0700] {dag.py:4138} INFO - Setting next_dagrun for dag_scraping_twitter to 2026-02-06 23:00:00+00:00, run_after=2026-02-07 11:00:00+00:00
[2026-02-07T12:30:53.451+0700] {processor.py:208} INFO - Processing /opt/airflow/dags/dag_scraping_twitter.py took 0.108 seconds
[2026-02-07T12:31:24.362+0700] {processor.py:186} INFO - Started process (PID=3231) to work on /opt/airflow/dags/dag_scraping_twitter.py
[2026-02-07T12:31:24.363+0700] {processor.py:914} INFO - Processing file /opt/airflow/dags/dag_scraping_twitter.py for tasks to queue
[2026-02-07T12:31:24.366+0700] {logging_mixin.py:190} INFO - [2026-02-07T12:31:24.366+0700] {dagbag.py:587} INFO - Filling up the DagBag from /opt/airflow/dags/dag_scraping_twitter.py
[2026-02-07T12:31:24.388+0700] {processor.py:925} INFO - DAG(s) 'dag_scraping_twitter' retrieved from /opt/airflow/dags/dag_scraping_twitter.py
[2026-02-07T12:31:24.418+0700] {logging_mixin.py:190} INFO - [2026-02-07T12:31:24.418+0700] {dag.py:3211} INFO - Sync 1 DAGs
[2026-02-07T12:31:24.443+0700] {logging_mixin.py:190} INFO - [2026-02-07T12:31:24.442+0700] {dag.py:4138} INFO - Setting next_dagrun for dag_scraping_twitter to 2026-02-06 23:00:00+00:00, run_after=2026-02-07 11:00:00+00:00
[2026-02-07T12:31:24.466+0700] {processor.py:208} INFO - Processing /opt/airflow/dags/dag_scraping_twitter.py took 0.110 seconds
[2026-02-07T12:31:54.560+0700] {processor.py:186} INFO - Started process (PID=3241) to work on /opt/airflow/dags/dag_scraping_twitter.py
[2026-02-07T12:31:54.561+0700] {processor.py:914} INFO - Processing file /opt/airflow/dags/dag_scraping_twitter.py for tasks to queue
[2026-02-07T12:31:54.565+0700] {logging_mixin.py:190} INFO - [2026-02-07T12:31:54.564+0700] {dagbag.py:587} INFO - Filling up the DagBag from /opt/airflow/dags/dag_scraping_twitter.py
[2026-02-07T12:31:54.589+0700] {processor.py:925} INFO - DAG(s) 'dag_scraping_twitter' retrieved from /opt/airflow/dags/dag_scraping_twitter.py
[2026-02-07T12:31:54.623+0700] {logging_mixin.py:190} INFO - [2026-02-07T12:31:54.623+0700] {dag.py:3211} INFO - Sync 1 DAGs
[2026-02-07T12:31:54.647+0700] {logging_mixin.py:190} INFO - [2026-02-07T12:31:54.647+0700] {dag.py:4138} INFO - Setting next_dagrun for dag_scraping_twitter to 2026-02-06 23:00:00+00:00, run_after=2026-02-07 11:00:00+00:00
[2026-02-07T12:31:54.670+0700] {processor.py:208} INFO - Processing /opt/airflow/dags/dag_scraping_twitter.py took 0.116 seconds
[2026-02-07T12:32:24.799+0700] {processor.py:186} INFO - Started process (PID=3251) to work on /opt/airflow/dags/dag_scraping_twitter.py
[2026-02-07T12:32:24.800+0700] {processor.py:914} INFO - Processing file /opt/airflow/dags/dag_scraping_twitter.py for tasks to queue
[2026-02-07T12:32:24.802+0700] {logging_mixin.py:190} INFO - [2026-02-07T12:32:24.802+0700] {dagbag.py:587} INFO - Filling up the DagBag from /opt/airflow/dags/dag_scraping_twitter.py
[2026-02-07T12:32:24.822+0700] {processor.py:925} INFO - DAG(s) 'dag_scraping_twitter' retrieved from /opt/airflow/dags/dag_scraping_twitter.py
[2026-02-07T12:32:24.850+0700] {logging_mixin.py:190} INFO - [2026-02-07T12:32:24.850+0700] {dag.py:3211} INFO - Sync 1 DAGs
[2026-02-07T12:32:24.876+0700] {logging_mixin.py:190} INFO - [2026-02-07T12:32:24.876+0700] {dag.py:4138} INFO - Setting next_dagrun for dag_scraping_twitter to 2026-02-06 23:00:00+00:00, run_after=2026-02-07 11:00:00+00:00
[2026-02-07T12:32:24.900+0700] {processor.py:208} INFO - Processing /opt/airflow/dags/dag_scraping_twitter.py took 0.107 seconds
[2026-02-07T12:32:55.082+0700] {processor.py:186} INFO - Started process (PID=3261) to work on /opt/airflow/dags/dag_scraping_twitter.py
[2026-02-07T12:32:55.083+0700] {processor.py:914} INFO - Processing file /opt/airflow/dags/dag_scraping_twitter.py for tasks to queue
[2026-02-07T12:32:55.087+0700] {logging_mixin.py:190} INFO - [2026-02-07T12:32:55.087+0700] {dagbag.py:587} INFO - Filling up the DagBag from /opt/airflow/dags/dag_scraping_twitter.py
[2026-02-07T12:32:55.105+0700] {processor.py:925} INFO - DAG(s) 'dag_scraping_twitter' retrieved from /opt/airflow/dags/dag_scraping_twitter.py
[2026-02-07T12:32:55.133+0700] {logging_mixin.py:190} INFO - [2026-02-07T12:32:55.133+0700] {dag.py:3211} INFO - Sync 1 DAGs
[2026-02-07T12:32:55.158+0700] {logging_mixin.py:190} INFO - [2026-02-07T12:32:55.158+0700] {dag.py:4138} INFO - Setting next_dagrun for dag_scraping_twitter to 2026-02-06 23:00:00+00:00, run_after=2026-02-07 11:00:00+00:00
[2026-02-07T12:32:55.182+0700] {processor.py:208} INFO - Processing /opt/airflow/dags/dag_scraping_twitter.py took 0.106 seconds
[2026-02-07T12:33:26.201+0700] {processor.py:186} INFO - Started process (PID=3271) to work on /opt/airflow/dags/dag_scraping_twitter.py
[2026-02-07T12:33:26.202+0700] {processor.py:914} INFO - Processing file /opt/airflow/dags/dag_scraping_twitter.py for tasks to queue
[2026-02-07T12:33:26.205+0700] {logging_mixin.py:190} INFO - [2026-02-07T12:33:26.204+0700] {dagbag.py:587} INFO - Filling up the DagBag from /opt/airflow/dags/dag_scraping_twitter.py
[2026-02-07T12:33:26.224+0700] {processor.py:925} INFO - DAG(s) 'dag_scraping_twitter' retrieved from /opt/airflow/dags/dag_scraping_twitter.py
[2026-02-07T12:33:26.253+0700] {logging_mixin.py:190} INFO - [2026-02-07T12:33:26.253+0700] {dag.py:3211} INFO - Sync 1 DAGs
[2026-02-07T12:33:26.278+0700] {logging_mixin.py:190} INFO - [2026-02-07T12:33:26.278+0700] {dag.py:4138} INFO - Setting next_dagrun for dag_scraping_twitter to 2026-02-06 23:00:00+00:00, run_after=2026-02-07 11:00:00+00:00
[2026-02-07T12:33:26.301+0700] {processor.py:208} INFO - Processing /opt/airflow/dags/dag_scraping_twitter.py took 0.107 seconds
[2026-02-07T12:33:57.318+0700] {processor.py:186} INFO - Started process (PID=3281) to work on /opt/airflow/dags/dag_scraping_twitter.py
[2026-02-07T12:33:57.320+0700] {processor.py:914} INFO - Processing file /opt/airflow/dags/dag_scraping_twitter.py for tasks to queue
[2026-02-07T12:33:57.322+0700] {logging_mixin.py:190} INFO - [2026-02-07T12:33:57.322+0700] {dagbag.py:587} INFO - Filling up the DagBag from /opt/airflow/dags/dag_scraping_twitter.py
[2026-02-07T12:33:57.342+0700] {processor.py:925} INFO - DAG(s) 'dag_scraping_twitter' retrieved from /opt/airflow/dags/dag_scraping_twitter.py
[2026-02-07T12:33:57.374+0700] {logging_mixin.py:190} INFO - [2026-02-07T12:33:57.374+0700] {dag.py:3211} INFO - Sync 1 DAGs
[2026-02-07T12:33:57.403+0700] {logging_mixin.py:190} INFO - [2026-02-07T12:33:57.402+0700] {dag.py:4138} INFO - Setting next_dagrun for dag_scraping_twitter to 2026-02-06 23:00:00+00:00, run_after=2026-02-07 11:00:00+00:00
[2026-02-07T12:33:57.425+0700] {processor.py:208} INFO - Processing /opt/airflow/dags/dag_scraping_twitter.py took 0.115 seconds
[2026-02-07T12:34:27.581+0700] {processor.py:186} INFO - Started process (PID=3291) to work on /opt/airflow/dags/dag_scraping_twitter.py
[2026-02-07T12:34:27.582+0700] {processor.py:914} INFO - Processing file /opt/airflow/dags/dag_scraping_twitter.py for tasks to queue
[2026-02-07T12:34:27.585+0700] {logging_mixin.py:190} INFO - [2026-02-07T12:34:27.584+0700] {dagbag.py:587} INFO - Filling up the DagBag from /opt/airflow/dags/dag_scraping_twitter.py
[2026-02-07T12:34:27.604+0700] {processor.py:925} INFO - DAG(s) 'dag_scraping_twitter' retrieved from /opt/airflow/dags/dag_scraping_twitter.py
[2026-02-07T12:34:27.635+0700] {logging_mixin.py:190} INFO - [2026-02-07T12:34:27.635+0700] {dag.py:3211} INFO - Sync 1 DAGs
[2026-02-07T12:34:27.661+0700] {logging_mixin.py:190} INFO - [2026-02-07T12:34:27.660+0700] {dag.py:4138} INFO - Setting next_dagrun for dag_scraping_twitter to 2026-02-06 23:00:00+00:00, run_after=2026-02-07 11:00:00+00:00
[2026-02-07T12:34:27.685+0700] {processor.py:208} INFO - Processing /opt/airflow/dags/dag_scraping_twitter.py took 0.110 seconds
[2026-02-07T12:34:58.725+0700] {processor.py:186} INFO - Started process (PID=3301) to work on /opt/airflow/dags/dag_scraping_twitter.py
[2026-02-07T12:34:58.726+0700] {processor.py:914} INFO - Processing file /opt/airflow/dags/dag_scraping_twitter.py for tasks to queue
[2026-02-07T12:34:58.728+0700] {logging_mixin.py:190} INFO - [2026-02-07T12:34:58.728+0700] {dagbag.py:587} INFO - Filling up the DagBag from /opt/airflow/dags/dag_scraping_twitter.py
[2026-02-07T12:34:58.747+0700] {processor.py:925} INFO - DAG(s) 'dag_scraping_twitter' retrieved from /opt/airflow/dags/dag_scraping_twitter.py
[2026-02-07T12:34:58.775+0700] {logging_mixin.py:190} INFO - [2026-02-07T12:34:58.774+0700] {dag.py:3211} INFO - Sync 1 DAGs
[2026-02-07T12:34:58.799+0700] {logging_mixin.py:190} INFO - [2026-02-07T12:34:58.799+0700] {dag.py:4138} INFO - Setting next_dagrun for dag_scraping_twitter to 2026-02-06 23:00:00+00:00, run_after=2026-02-07 11:00:00+00:00
[2026-02-07T12:34:58.825+0700] {processor.py:208} INFO - Processing /opt/airflow/dags/dag_scraping_twitter.py took 0.106 seconds
[2026-02-07T12:35:29.468+0700] {processor.py:186} INFO - Started process (PID=3311) to work on /opt/airflow/dags/dag_scraping_twitter.py
[2026-02-07T12:35:29.469+0700] {processor.py:914} INFO - Processing file /opt/airflow/dags/dag_scraping_twitter.py for tasks to queue
[2026-02-07T12:35:29.472+0700] {logging_mixin.py:190} INFO - [2026-02-07T12:35:29.472+0700] {dagbag.py:587} INFO - Filling up the DagBag from /opt/airflow/dags/dag_scraping_twitter.py
[2026-02-07T12:35:29.491+0700] {processor.py:925} INFO - DAG(s) 'dag_scraping_twitter' retrieved from /opt/airflow/dags/dag_scraping_twitter.py
[2026-02-07T12:35:29.520+0700] {logging_mixin.py:190} INFO - [2026-02-07T12:35:29.520+0700] {dag.py:3211} INFO - Sync 1 DAGs
[2026-02-07T12:35:29.545+0700] {logging_mixin.py:190} INFO - [2026-02-07T12:35:29.545+0700] {dag.py:4138} INFO - Setting next_dagrun for dag_scraping_twitter to 2026-02-06 23:00:00+00:00, run_after=2026-02-07 11:00:00+00:00
[2026-02-07T12:35:29.570+0700] {processor.py:208} INFO - Processing /opt/airflow/dags/dag_scraping_twitter.py took 0.108 seconds
[2026-02-07T12:36:00.192+0700] {processor.py:186} INFO - Started process (PID=3321) to work on /opt/airflow/dags/dag_scraping_twitter.py
[2026-02-07T12:36:00.193+0700] {processor.py:914} INFO - Processing file /opt/airflow/dags/dag_scraping_twitter.py for tasks to queue
[2026-02-07T12:36:00.195+0700] {logging_mixin.py:190} INFO - [2026-02-07T12:36:00.195+0700] {dagbag.py:587} INFO - Filling up the DagBag from /opt/airflow/dags/dag_scraping_twitter.py
[2026-02-07T12:36:00.213+0700] {processor.py:925} INFO - DAG(s) 'dag_scraping_twitter' retrieved from /opt/airflow/dags/dag_scraping_twitter.py
[2026-02-07T12:36:00.242+0700] {logging_mixin.py:190} INFO - [2026-02-07T12:36:00.242+0700] {dag.py:3211} INFO - Sync 1 DAGs
[2026-02-07T12:36:00.268+0700] {logging_mixin.py:190} INFO - [2026-02-07T12:36:00.268+0700] {dag.py:4138} INFO - Setting next_dagrun for dag_scraping_twitter to 2026-02-06 23:00:00+00:00, run_after=2026-02-07 11:00:00+00:00
[2026-02-07T12:36:00.291+0700] {processor.py:208} INFO - Processing /opt/airflow/dags/dag_scraping_twitter.py took 0.106 seconds
[2026-02-07T12:36:30.491+0700] {processor.py:186} INFO - Started process (PID=3331) to work on /opt/airflow/dags/dag_scraping_twitter.py
[2026-02-07T12:36:30.492+0700] {processor.py:914} INFO - Processing file /opt/airflow/dags/dag_scraping_twitter.py for tasks to queue
[2026-02-07T12:36:30.495+0700] {logging_mixin.py:190} INFO - [2026-02-07T12:36:30.495+0700] {dagbag.py:587} INFO - Filling up the DagBag from /opt/airflow/dags/dag_scraping_twitter.py
[2026-02-07T12:36:30.519+0700] {processor.py:925} INFO - DAG(s) 'dag_scraping_twitter' retrieved from /opt/airflow/dags/dag_scraping_twitter.py
[2026-02-07T12:36:30.547+0700] {logging_mixin.py:190} INFO - [2026-02-07T12:36:30.546+0700] {dag.py:3211} INFO - Sync 1 DAGs
[2026-02-07T12:36:30.572+0700] {logging_mixin.py:190} INFO - [2026-02-07T12:36:30.572+0700] {dag.py:4138} INFO - Setting next_dagrun for dag_scraping_twitter to 2026-02-06 23:00:00+00:00, run_after=2026-02-07 11:00:00+00:00
[2026-02-07T12:36:30.598+0700] {processor.py:208} INFO - Processing /opt/airflow/dags/dag_scraping_twitter.py took 0.116 seconds
[2026-02-07T12:37:00.953+0700] {processor.py:186} INFO - Started process (PID=3341) to work on /opt/airflow/dags/dag_scraping_twitter.py
[2026-02-07T12:37:00.955+0700] {processor.py:914} INFO - Processing file /opt/airflow/dags/dag_scraping_twitter.py for tasks to queue
[2026-02-07T12:37:00.957+0700] {logging_mixin.py:190} INFO - [2026-02-07T12:37:00.957+0700] {dagbag.py:587} INFO - Filling up the DagBag from /opt/airflow/dags/dag_scraping_twitter.py
[2026-02-07T12:37:00.975+0700] {processor.py:925} INFO - DAG(s) 'dag_scraping_twitter' retrieved from /opt/airflow/dags/dag_scraping_twitter.py
[2026-02-07T12:37:01.004+0700] {logging_mixin.py:190} INFO - [2026-02-07T12:37:01.003+0700] {dag.py:3211} INFO - Sync 1 DAGs
[2026-02-07T12:37:01.028+0700] {logging_mixin.py:190} INFO - [2026-02-07T12:37:01.028+0700] {dag.py:4138} INFO - Setting next_dagrun for dag_scraping_twitter to 2026-02-06 23:00:00+00:00, run_after=2026-02-07 11:00:00+00:00
[2026-02-07T12:37:01.053+0700] {processor.py:208} INFO - Processing /opt/airflow/dags/dag_scraping_twitter.py took 0.106 seconds
[2026-02-07T12:37:32.018+0700] {processor.py:186} INFO - Started process (PID=3351) to work on /opt/airflow/dags/dag_scraping_twitter.py
[2026-02-07T12:37:32.019+0700] {processor.py:914} INFO - Processing file /opt/airflow/dags/dag_scraping_twitter.py for tasks to queue
[2026-02-07T12:37:32.021+0700] {logging_mixin.py:190} INFO - [2026-02-07T12:37:32.021+0700] {dagbag.py:587} INFO - Filling up the DagBag from /opt/airflow/dags/dag_scraping_twitter.py
[2026-02-07T12:37:32.042+0700] {processor.py:925} INFO - DAG(s) 'dag_scraping_twitter' retrieved from /opt/airflow/dags/dag_scraping_twitter.py
[2026-02-07T12:37:32.070+0700] {logging_mixin.py:190} INFO - [2026-02-07T12:37:32.069+0700] {dag.py:3211} INFO - Sync 1 DAGs
[2026-02-07T12:37:32.093+0700] {logging_mixin.py:190} INFO - [2026-02-07T12:37:32.093+0700] {dag.py:4138} INFO - Setting next_dagrun for dag_scraping_twitter to 2026-02-06 23:00:00+00:00, run_after=2026-02-07 11:00:00+00:00
[2026-02-07T12:37:32.117+0700] {processor.py:208} INFO - Processing /opt/airflow/dags/dag_scraping_twitter.py took 0.105 seconds
[2026-02-07T12:38:03.116+0700] {processor.py:186} INFO - Started process (PID=3361) to work on /opt/airflow/dags/dag_scraping_twitter.py
[2026-02-07T12:38:03.117+0700] {processor.py:914} INFO - Processing file /opt/airflow/dags/dag_scraping_twitter.py for tasks to queue
[2026-02-07T12:38:03.122+0700] {logging_mixin.py:190} INFO - [2026-02-07T12:38:03.122+0700] {dagbag.py:587} INFO - Filling up the DagBag from /opt/airflow/dags/dag_scraping_twitter.py
[2026-02-07T12:38:03.142+0700] {processor.py:925} INFO - DAG(s) 'dag_scraping_twitter' retrieved from /opt/airflow/dags/dag_scraping_twitter.py
[2026-02-07T12:38:03.170+0700] {logging_mixin.py:190} INFO - [2026-02-07T12:38:03.170+0700] {dag.py:3211} INFO - Sync 1 DAGs
[2026-02-07T12:38:03.194+0700] {logging_mixin.py:190} INFO - [2026-02-07T12:38:03.194+0700] {dag.py:4138} INFO - Setting next_dagrun for dag_scraping_twitter to 2026-02-06 23:00:00+00:00, run_after=2026-02-07 11:00:00+00:00
[2026-02-07T12:38:03.220+0700] {processor.py:208} INFO - Processing /opt/airflow/dags/dag_scraping_twitter.py took 0.111 seconds
[2026-02-07T12:38:34.207+0700] {processor.py:186} INFO - Started process (PID=3371) to work on /opt/airflow/dags/dag_scraping_twitter.py
[2026-02-07T12:38:34.208+0700] {processor.py:914} INFO - Processing file /opt/airflow/dags/dag_scraping_twitter.py for tasks to queue
[2026-02-07T12:38:34.212+0700] {logging_mixin.py:190} INFO - [2026-02-07T12:38:34.212+0700] {dagbag.py:587} INFO - Filling up the DagBag from /opt/airflow/dags/dag_scraping_twitter.py
[2026-02-07T12:38:34.239+0700] {processor.py:925} INFO - DAG(s) 'dag_scraping_twitter' retrieved from /opt/airflow/dags/dag_scraping_twitter.py
[2026-02-07T12:38:34.271+0700] {logging_mixin.py:190} INFO - [2026-02-07T12:38:34.271+0700] {dag.py:3211} INFO - Sync 1 DAGs
[2026-02-07T12:38:34.298+0700] {logging_mixin.py:190} INFO - [2026-02-07T12:38:34.298+0700] {dag.py:4138} INFO - Setting next_dagrun for dag_scraping_twitter to 2026-02-06 23:00:00+00:00, run_after=2026-02-07 11:00:00+00:00
[2026-02-07T12:38:34.324+0700] {processor.py:208} INFO - Processing /opt/airflow/dags/dag_scraping_twitter.py took 0.126 seconds
[2026-02-07T12:39:04.487+0700] {processor.py:186} INFO - Started process (PID=3381) to work on /opt/airflow/dags/dag_scraping_twitter.py
[2026-02-07T12:39:04.489+0700] {processor.py:914} INFO - Processing file /opt/airflow/dags/dag_scraping_twitter.py for tasks to queue
[2026-02-07T12:39:04.494+0700] {logging_mixin.py:190} INFO - [2026-02-07T12:39:04.493+0700] {dagbag.py:587} INFO - Filling up the DagBag from /opt/airflow/dags/dag_scraping_twitter.py
[2026-02-07T12:39:04.535+0700] {processor.py:925} INFO - DAG(s) 'dag_scraping_twitter' retrieved from /opt/airflow/dags/dag_scraping_twitter.py
[2026-02-07T12:39:04.574+0700] {logging_mixin.py:190} INFO - [2026-02-07T12:39:04.574+0700] {dag.py:3211} INFO - Sync 1 DAGs
[2026-02-07T12:39:04.599+0700] {logging_mixin.py:190} INFO - [2026-02-07T12:39:04.598+0700] {dag.py:4138} INFO - Setting next_dagrun for dag_scraping_twitter to 2026-02-06 23:00:00+00:00, run_after=2026-02-07 11:00:00+00:00
[2026-02-07T12:39:04.619+0700] {processor.py:208} INFO - Processing /opt/airflow/dags/dag_scraping_twitter.py took 0.145 seconds
[2026-02-07T12:39:35.636+0700] {processor.py:186} INFO - Started process (PID=3391) to work on /opt/airflow/dags/dag_scraping_twitter.py
[2026-02-07T12:39:35.638+0700] {processor.py:914} INFO - Processing file /opt/airflow/dags/dag_scraping_twitter.py for tasks to queue
[2026-02-07T12:39:35.642+0700] {logging_mixin.py:190} INFO - [2026-02-07T12:39:35.641+0700] {dagbag.py:587} INFO - Filling up the DagBag from /opt/airflow/dags/dag_scraping_twitter.py
[2026-02-07T12:39:35.669+0700] {processor.py:925} INFO - DAG(s) 'dag_scraping_twitter' retrieved from /opt/airflow/dags/dag_scraping_twitter.py
[2026-02-07T12:39:35.701+0700] {logging_mixin.py:190} INFO - [2026-02-07T12:39:35.701+0700] {dag.py:3211} INFO - Sync 1 DAGs
[2026-02-07T12:39:35.727+0700] {logging_mixin.py:190} INFO - [2026-02-07T12:39:35.727+0700] {dag.py:4138} INFO - Setting next_dagrun for dag_scraping_twitter to 2026-02-06 23:00:00+00:00, run_after=2026-02-07 11:00:00+00:00
[2026-02-07T12:39:35.752+0700] {processor.py:208} INFO - Processing /opt/airflow/dags/dag_scraping_twitter.py took 0.126 seconds
[2026-02-07T12:40:06.756+0700] {processor.py:186} INFO - Started process (PID=3401) to work on /opt/airflow/dags/dag_scraping_twitter.py
[2026-02-07T12:40:06.757+0700] {processor.py:914} INFO - Processing file /opt/airflow/dags/dag_scraping_twitter.py for tasks to queue
[2026-02-07T12:40:06.759+0700] {logging_mixin.py:190} INFO - [2026-02-07T12:40:06.759+0700] {dagbag.py:587} INFO - Filling up the DagBag from /opt/airflow/dags/dag_scraping_twitter.py
[2026-02-07T12:40:06.780+0700] {processor.py:925} INFO - DAG(s) 'dag_scraping_twitter' retrieved from /opt/airflow/dags/dag_scraping_twitter.py
[2026-02-07T12:40:06.809+0700] {logging_mixin.py:190} INFO - [2026-02-07T12:40:06.809+0700] {dag.py:3211} INFO - Sync 1 DAGs
[2026-02-07T12:40:06.833+0700] {logging_mixin.py:190} INFO - [2026-02-07T12:40:06.832+0700] {dag.py:4138} INFO - Setting next_dagrun for dag_scraping_twitter to 2026-02-06 23:00:00+00:00, run_after=2026-02-07 11:00:00+00:00
[2026-02-07T12:40:06.857+0700] {processor.py:208} INFO - Processing /opt/airflow/dags/dag_scraping_twitter.py took 0.108 seconds
[2026-02-07T12:40:36.908+0700] {processor.py:186} INFO - Started process (PID=3411) to work on /opt/airflow/dags/dag_scraping_twitter.py
[2026-02-07T12:40:36.910+0700] {processor.py:914} INFO - Processing file /opt/airflow/dags/dag_scraping_twitter.py for tasks to queue
[2026-02-07T12:40:36.914+0700] {logging_mixin.py:190} INFO - [2026-02-07T12:40:36.913+0700] {dagbag.py:587} INFO - Filling up the DagBag from /opt/airflow/dags/dag_scraping_twitter.py
[2026-02-07T12:40:36.938+0700] {processor.py:925} INFO - DAG(s) 'dag_scraping_twitter' retrieved from /opt/airflow/dags/dag_scraping_twitter.py
[2026-02-07T12:40:36.972+0700] {logging_mixin.py:190} INFO - [2026-02-07T12:40:36.972+0700] {dag.py:3211} INFO - Sync 1 DAGs
[2026-02-07T12:40:37.000+0700] {logging_mixin.py:190} INFO - [2026-02-07T12:40:36.999+0700] {dag.py:4138} INFO - Setting next_dagrun for dag_scraping_twitter to 2026-02-06 23:00:00+00:00, run_after=2026-02-07 11:00:00+00:00
[2026-02-07T12:40:37.027+0700] {processor.py:208} INFO - Processing /opt/airflow/dags/dag_scraping_twitter.py took 0.128 seconds
[2026-02-07T12:41:07.277+0700] {processor.py:186} INFO - Started process (PID=3421) to work on /opt/airflow/dags/dag_scraping_twitter.py
[2026-02-07T12:41:07.278+0700] {processor.py:914} INFO - Processing file /opt/airflow/dags/dag_scraping_twitter.py for tasks to queue
[2026-02-07T12:41:07.282+0700] {logging_mixin.py:190} INFO - [2026-02-07T12:41:07.281+0700] {dagbag.py:587} INFO - Filling up the DagBag from /opt/airflow/dags/dag_scraping_twitter.py
[2026-02-07T12:41:07.307+0700] {processor.py:925} INFO - DAG(s) 'dag_scraping_twitter' retrieved from /opt/airflow/dags/dag_scraping_twitter.py
[2026-02-07T12:41:07.338+0700] {logging_mixin.py:190} INFO - [2026-02-07T12:41:07.337+0700] {dag.py:3211} INFO - Sync 1 DAGs
[2026-02-07T12:41:07.363+0700] {logging_mixin.py:190} INFO - [2026-02-07T12:41:07.363+0700] {dag.py:4138} INFO - Setting next_dagrun for dag_scraping_twitter to 2026-02-06 23:00:00+00:00, run_after=2026-02-07 11:00:00+00:00
[2026-02-07T12:41:07.387+0700] {processor.py:208} INFO - Processing /opt/airflow/dags/dag_scraping_twitter.py took 0.120 seconds
[2026-02-07T12:41:37.492+0700] {processor.py:186} INFO - Started process (PID=3431) to work on /opt/airflow/dags/dag_scraping_twitter.py
[2026-02-07T12:41:37.493+0700] {processor.py:914} INFO - Processing file /opt/airflow/dags/dag_scraping_twitter.py for tasks to queue
[2026-02-07T12:41:37.496+0700] {logging_mixin.py:190} INFO - [2026-02-07T12:41:37.496+0700] {dagbag.py:587} INFO - Filling up the DagBag from /opt/airflow/dags/dag_scraping_twitter.py
[2026-02-07T12:41:37.522+0700] {processor.py:925} INFO - DAG(s) 'dag_scraping_twitter' retrieved from /opt/airflow/dags/dag_scraping_twitter.py
[2026-02-07T12:41:37.553+0700] {logging_mixin.py:190} INFO - [2026-02-07T12:41:37.553+0700] {dag.py:3211} INFO - Sync 1 DAGs
[2026-02-07T12:41:37.578+0700] {logging_mixin.py:190} INFO - [2026-02-07T12:41:37.578+0700] {dag.py:4138} INFO - Setting next_dagrun for dag_scraping_twitter to 2026-02-06 23:00:00+00:00, run_after=2026-02-07 11:00:00+00:00
[2026-02-07T12:41:37.602+0700] {processor.py:208} INFO - Processing /opt/airflow/dags/dag_scraping_twitter.py took 0.118 seconds
[2026-02-07T12:42:07.751+0700] {processor.py:186} INFO - Started process (PID=3441) to work on /opt/airflow/dags/dag_scraping_twitter.py
[2026-02-07T12:42:07.754+0700] {processor.py:914} INFO - Processing file /opt/airflow/dags/dag_scraping_twitter.py for tasks to queue
[2026-02-07T12:42:07.765+0700] {logging_mixin.py:190} INFO - [2026-02-07T12:42:07.764+0700] {dagbag.py:587} INFO - Filling up the DagBag from /opt/airflow/dags/dag_scraping_twitter.py
[2026-02-07T12:42:07.819+0700] {processor.py:925} INFO - DAG(s) 'dag_scraping_twitter' retrieved from /opt/airflow/dags/dag_scraping_twitter.py
[2026-02-07T12:42:07.883+0700] {logging_mixin.py:190} INFO - [2026-02-07T12:42:07.883+0700] {dag.py:3211} INFO - Sync 1 DAGs
[2026-02-07T12:42:07.917+0700] {logging_mixin.py:190} INFO - [2026-02-07T12:42:07.917+0700] {dag.py:4138} INFO - Setting next_dagrun for dag_scraping_twitter to 2026-02-06 23:00:00+00:00, run_after=2026-02-07 11:00:00+00:00
[2026-02-07T12:42:07.947+0700] {processor.py:208} INFO - Processing /opt/airflow/dags/dag_scraping_twitter.py took 0.216 seconds
[2026-02-07T12:42:38.338+0700] {processor.py:186} INFO - Started process (PID=3451) to work on /opt/airflow/dags/dag_scraping_twitter.py
[2026-02-07T12:42:38.339+0700] {processor.py:914} INFO - Processing file /opt/airflow/dags/dag_scraping_twitter.py for tasks to queue
[2026-02-07T12:42:38.344+0700] {logging_mixin.py:190} INFO - [2026-02-07T12:42:38.344+0700] {dagbag.py:587} INFO - Filling up the DagBag from /opt/airflow/dags/dag_scraping_twitter.py
[2026-02-07T12:42:38.367+0700] {processor.py:925} INFO - DAG(s) 'dag_scraping_twitter' retrieved from /opt/airflow/dags/dag_scraping_twitter.py
[2026-02-07T12:42:38.398+0700] {logging_mixin.py:190} INFO - [2026-02-07T12:42:38.398+0700] {dag.py:3211} INFO - Sync 1 DAGs
[2026-02-07T12:42:38.427+0700] {logging_mixin.py:190} INFO - [2026-02-07T12:42:38.427+0700] {dag.py:4138} INFO - Setting next_dagrun for dag_scraping_twitter to 2026-02-06 23:00:00+00:00, run_after=2026-02-07 11:00:00+00:00
[2026-02-07T12:42:38.451+0700] {processor.py:208} INFO - Processing /opt/airflow/dags/dag_scraping_twitter.py took 0.122 seconds
[2026-02-07T12:43:09.264+0700] {processor.py:186} INFO - Started process (PID=3461) to work on /opt/airflow/dags/dag_scraping_twitter.py
[2026-02-07T12:43:09.265+0700] {processor.py:914} INFO - Processing file /opt/airflow/dags/dag_scraping_twitter.py for tasks to queue
[2026-02-07T12:43:09.268+0700] {logging_mixin.py:190} INFO - [2026-02-07T12:43:09.268+0700] {dagbag.py:587} INFO - Filling up the DagBag from /opt/airflow/dags/dag_scraping_twitter.py
[2026-02-07T12:43:09.291+0700] {processor.py:925} INFO - DAG(s) 'dag_scraping_twitter' retrieved from /opt/airflow/dags/dag_scraping_twitter.py
[2026-02-07T12:43:09.322+0700] {logging_mixin.py:190} INFO - [2026-02-07T12:43:09.322+0700] {dag.py:3211} INFO - Sync 1 DAGs
[2026-02-07T12:43:09.347+0700] {logging_mixin.py:190} INFO - [2026-02-07T12:43:09.346+0700] {dag.py:4138} INFO - Setting next_dagrun for dag_scraping_twitter to 2026-02-06 23:00:00+00:00, run_after=2026-02-07 11:00:00+00:00
[2026-02-07T12:43:09.373+0700] {processor.py:208} INFO - Processing /opt/airflow/dags/dag_scraping_twitter.py took 0.118 seconds
[2026-02-07T12:43:39.442+0700] {processor.py:186} INFO - Started process (PID=3471) to work on /opt/airflow/dags/dag_scraping_twitter.py
[2026-02-07T12:43:39.444+0700] {processor.py:914} INFO - Processing file /opt/airflow/dags/dag_scraping_twitter.py for tasks to queue
[2026-02-07T12:43:39.447+0700] {logging_mixin.py:190} INFO - [2026-02-07T12:43:39.447+0700] {dagbag.py:587} INFO - Filling up the DagBag from /opt/airflow/dags/dag_scraping_twitter.py
[2026-02-07T12:43:39.469+0700] {processor.py:925} INFO - DAG(s) 'dag_scraping_twitter' retrieved from /opt/airflow/dags/dag_scraping_twitter.py
[2026-02-07T12:43:39.499+0700] {logging_mixin.py:190} INFO - [2026-02-07T12:43:39.499+0700] {dag.py:3211} INFO - Sync 1 DAGs
[2026-02-07T12:43:39.525+0700] {logging_mixin.py:190} INFO - [2026-02-07T12:43:39.525+0700] {dag.py:4138} INFO - Setting next_dagrun for dag_scraping_twitter to 2026-02-06 23:00:00+00:00, run_after=2026-02-07 11:00:00+00:00
[2026-02-07T12:43:39.551+0700] {processor.py:208} INFO - Processing /opt/airflow/dags/dag_scraping_twitter.py took 0.115 seconds
[2026-02-07T12:44:09.800+0700] {processor.py:186} INFO - Started process (PID=3481) to work on /opt/airflow/dags/dag_scraping_twitter.py
[2026-02-07T12:44:09.802+0700] {processor.py:914} INFO - Processing file /opt/airflow/dags/dag_scraping_twitter.py for tasks to queue
[2026-02-07T12:44:09.806+0700] {logging_mixin.py:190} INFO - [2026-02-07T12:44:09.806+0700] {dagbag.py:587} INFO - Filling up the DagBag from /opt/airflow/dags/dag_scraping_twitter.py
[2026-02-07T12:44:09.830+0700] {processor.py:925} INFO - DAG(s) 'dag_scraping_twitter' retrieved from /opt/airflow/dags/dag_scraping_twitter.py
[2026-02-07T12:44:09.874+0700] {logging_mixin.py:190} INFO - [2026-02-07T12:44:09.874+0700] {dag.py:3211} INFO - Sync 1 DAGs
[2026-02-07T12:44:09.914+0700] {logging_mixin.py:190} INFO - [2026-02-07T12:44:09.913+0700] {dag.py:4138} INFO - Setting next_dagrun for dag_scraping_twitter to 2026-02-06 23:00:00+00:00, run_after=2026-02-07 11:00:00+00:00
[2026-02-07T12:44:09.935+0700] {processor.py:208} INFO - Processing /opt/airflow/dags/dag_scraping_twitter.py took 0.146 seconds
[2026-02-07T12:44:40.444+0700] {processor.py:186} INFO - Started process (PID=3491) to work on /opt/airflow/dags/dag_scraping_twitter.py
[2026-02-07T12:44:40.445+0700] {processor.py:914} INFO - Processing file /opt/airflow/dags/dag_scraping_twitter.py for tasks to queue
[2026-02-07T12:44:40.449+0700] {logging_mixin.py:190} INFO - [2026-02-07T12:44:40.448+0700] {dagbag.py:587} INFO - Filling up the DagBag from /opt/airflow/dags/dag_scraping_twitter.py
[2026-02-07T12:44:40.471+0700] {processor.py:925} INFO - DAG(s) 'dag_scraping_twitter' retrieved from /opt/airflow/dags/dag_scraping_twitter.py
[2026-02-07T12:44:40.501+0700] {logging_mixin.py:190} INFO - [2026-02-07T12:44:40.500+0700] {dag.py:3211} INFO - Sync 1 DAGs
[2026-02-07T12:44:40.528+0700] {logging_mixin.py:190} INFO - [2026-02-07T12:44:40.528+0700] {dag.py:4138} INFO - Setting next_dagrun for dag_scraping_twitter to 2026-02-06 23:00:00+00:00, run_after=2026-02-07 11:00:00+00:00
[2026-02-07T12:44:40.555+0700] {processor.py:208} INFO - Processing /opt/airflow/dags/dag_scraping_twitter.py took 0.119 seconds
[2026-02-07T12:45:10.762+0700] {processor.py:186} INFO - Started process (PID=3501) to work on /opt/airflow/dags/dag_scraping_twitter.py
[2026-02-07T12:45:10.764+0700] {processor.py:914} INFO - Processing file /opt/airflow/dags/dag_scraping_twitter.py for tasks to queue
[2026-02-07T12:45:10.767+0700] {logging_mixin.py:190} INFO - [2026-02-07T12:45:10.767+0700] {dagbag.py:587} INFO - Filling up the DagBag from /opt/airflow/dags/dag_scraping_twitter.py
[2026-02-07T12:45:10.805+0700] {processor.py:925} INFO - DAG(s) 'dag_scraping_twitter' retrieved from /opt/airflow/dags/dag_scraping_twitter.py
[2026-02-07T12:45:10.840+0700] {logging_mixin.py:190} INFO - [2026-02-07T12:45:10.840+0700] {dag.py:3211} INFO - Sync 1 DAGs
[2026-02-07T12:45:10.869+0700] {logging_mixin.py:190} INFO - [2026-02-07T12:45:10.868+0700] {dag.py:4138} INFO - Setting next_dagrun for dag_scraping_twitter to 2026-02-06 23:00:00+00:00, run_after=2026-02-07 11:00:00+00:00
[2026-02-07T12:45:10.894+0700] {processor.py:208} INFO - Processing /opt/airflow/dags/dag_scraping_twitter.py took 0.140 seconds
[2026-02-07T12:45:41.194+0700] {processor.py:186} INFO - Started process (PID=3511) to work on /opt/airflow/dags/dag_scraping_twitter.py
[2026-02-07T12:45:41.195+0700] {processor.py:914} INFO - Processing file /opt/airflow/dags/dag_scraping_twitter.py for tasks to queue
[2026-02-07T12:45:41.198+0700] {logging_mixin.py:190} INFO - [2026-02-07T12:45:41.198+0700] {dagbag.py:587} INFO - Filling up the DagBag from /opt/airflow/dags/dag_scraping_twitter.py
[2026-02-07T12:45:41.229+0700] {processor.py:925} INFO - DAG(s) 'dag_scraping_twitter' retrieved from /opt/airflow/dags/dag_scraping_twitter.py
[2026-02-07T12:45:41.272+0700] {logging_mixin.py:190} INFO - [2026-02-07T12:45:41.272+0700] {dag.py:3211} INFO - Sync 1 DAGs
[2026-02-07T12:45:41.315+0700] {logging_mixin.py:190} INFO - [2026-02-07T12:45:41.315+0700] {dag.py:4138} INFO - Setting next_dagrun for dag_scraping_twitter to 2026-02-06 23:00:00+00:00, run_after=2026-02-07 11:00:00+00:00
[2026-02-07T12:45:41.344+0700] {processor.py:208} INFO - Processing /opt/airflow/dags/dag_scraping_twitter.py took 0.159 seconds
[2026-02-07T12:46:11.426+0700] {processor.py:186} INFO - Started process (PID=3521) to work on /opt/airflow/dags/dag_scraping_twitter.py
[2026-02-07T12:46:11.430+0700] {processor.py:914} INFO - Processing file /opt/airflow/dags/dag_scraping_twitter.py for tasks to queue
[2026-02-07T12:46:11.433+0700] {logging_mixin.py:190} INFO - [2026-02-07T12:46:11.433+0700] {dagbag.py:587} INFO - Filling up the DagBag from /opt/airflow/dags/dag_scraping_twitter.py
[2026-02-07T12:46:11.460+0700] {processor.py:925} INFO - DAG(s) 'dag_scraping_twitter' retrieved from /opt/airflow/dags/dag_scraping_twitter.py
[2026-02-07T12:46:11.499+0700] {logging_mixin.py:190} INFO - [2026-02-07T12:46:11.498+0700] {dag.py:3211} INFO - Sync 1 DAGs
[2026-02-07T12:46:11.529+0700] {logging_mixin.py:190} INFO - [2026-02-07T12:46:11.529+0700] {dag.py:4138} INFO - Setting next_dagrun for dag_scraping_twitter to 2026-02-06 23:00:00+00:00, run_after=2026-02-07 11:00:00+00:00
[2026-02-07T12:46:11.560+0700] {processor.py:208} INFO - Processing /opt/airflow/dags/dag_scraping_twitter.py took 0.143 seconds
[2026-02-07T12:46:41.766+0700] {processor.py:186} INFO - Started process (PID=3531) to work on /opt/airflow/dags/dag_scraping_twitter.py
[2026-02-07T12:46:41.768+0700] {processor.py:914} INFO - Processing file /opt/airflow/dags/dag_scraping_twitter.py for tasks to queue
[2026-02-07T12:46:41.772+0700] {logging_mixin.py:190} INFO - [2026-02-07T12:46:41.771+0700] {dagbag.py:587} INFO - Filling up the DagBag from /opt/airflow/dags/dag_scraping_twitter.py
[2026-02-07T12:46:41.804+0700] {processor.py:925} INFO - DAG(s) 'dag_scraping_twitter' retrieved from /opt/airflow/dags/dag_scraping_twitter.py
[2026-02-07T12:46:41.846+0700] {logging_mixin.py:190} INFO - [2026-02-07T12:46:41.845+0700] {dag.py:3211} INFO - Sync 1 DAGs
[2026-02-07T12:46:41.876+0700] {logging_mixin.py:190} INFO - [2026-02-07T12:46:41.876+0700] {dag.py:4138} INFO - Setting next_dagrun for dag_scraping_twitter to 2026-02-06 23:00:00+00:00, run_after=2026-02-07 11:00:00+00:00
[2026-02-07T12:46:41.910+0700] {processor.py:208} INFO - Processing /opt/airflow/dags/dag_scraping_twitter.py took 0.150 seconds
[2026-02-07T12:47:12.042+0700] {processor.py:186} INFO - Started process (PID=3541) to work on /opt/airflow/dags/dag_scraping_twitter.py
[2026-02-07T12:47:12.044+0700] {processor.py:914} INFO - Processing file /opt/airflow/dags/dag_scraping_twitter.py for tasks to queue
[2026-02-07T12:47:12.051+0700] {logging_mixin.py:190} INFO - [2026-02-07T12:47:12.050+0700] {dagbag.py:587} INFO - Filling up the DagBag from /opt/airflow/dags/dag_scraping_twitter.py
[2026-02-07T12:47:12.092+0700] {processor.py:925} INFO - DAG(s) 'dag_scraping_twitter' retrieved from /opt/airflow/dags/dag_scraping_twitter.py
[2026-02-07T12:47:12.162+0700] {logging_mixin.py:190} INFO - [2026-02-07T12:47:12.161+0700] {dag.py:3211} INFO - Sync 1 DAGs
[2026-02-07T12:47:12.217+0700] {logging_mixin.py:190} INFO - [2026-02-07T12:47:12.217+0700] {dag.py:4138} INFO - Setting next_dagrun for dag_scraping_twitter to 2026-02-06 23:00:00+00:00, run_after=2026-02-07 11:00:00+00:00
[2026-02-07T12:47:12.263+0700] {processor.py:208} INFO - Processing /opt/airflow/dags/dag_scraping_twitter.py took 0.235 seconds
[2026-02-07T12:47:43.185+0700] {processor.py:186} INFO - Started process (PID=3551) to work on /opt/airflow/dags/dag_scraping_twitter.py
[2026-02-07T12:47:43.187+0700] {processor.py:914} INFO - Processing file /opt/airflow/dags/dag_scraping_twitter.py for tasks to queue
[2026-02-07T12:47:43.192+0700] {logging_mixin.py:190} INFO - [2026-02-07T12:47:43.192+0700] {dagbag.py:587} INFO - Filling up the DagBag from /opt/airflow/dags/dag_scraping_twitter.py
[2026-02-07T12:47:43.228+0700] {processor.py:925} INFO - DAG(s) 'dag_scraping_twitter' retrieved from /opt/airflow/dags/dag_scraping_twitter.py
[2026-02-07T12:47:43.266+0700] {logging_mixin.py:190} INFO - [2026-02-07T12:47:43.266+0700] {dag.py:3211} INFO - Sync 1 DAGs
[2026-02-07T12:47:43.298+0700] {logging_mixin.py:190} INFO - [2026-02-07T12:47:43.298+0700] {dag.py:4138} INFO - Setting next_dagrun for dag_scraping_twitter to 2026-02-06 23:00:00+00:00, run_after=2026-02-07 11:00:00+00:00
[2026-02-07T12:47:43.330+0700] {processor.py:208} INFO - Processing /opt/airflow/dags/dag_scraping_twitter.py took 0.160 seconds
[2026-02-07T12:48:13.553+0700] {processor.py:186} INFO - Started process (PID=3561) to work on /opt/airflow/dags/dag_scraping_twitter.py
[2026-02-07T12:48:13.555+0700] {processor.py:914} INFO - Processing file /opt/airflow/dags/dag_scraping_twitter.py for tasks to queue
[2026-02-07T12:48:13.560+0700] {logging_mixin.py:190} INFO - [2026-02-07T12:48:13.558+0700] {dagbag.py:587} INFO - Filling up the DagBag from /opt/airflow/dags/dag_scraping_twitter.py
[2026-02-07T12:48:13.586+0700] {processor.py:925} INFO - DAG(s) 'dag_scraping_twitter' retrieved from /opt/airflow/dags/dag_scraping_twitter.py
[2026-02-07T12:48:13.628+0700] {logging_mixin.py:190} INFO - [2026-02-07T12:48:13.628+0700] {dag.py:3211} INFO - Sync 1 DAGs
[2026-02-07T12:48:13.661+0700] {logging_mixin.py:190} INFO - [2026-02-07T12:48:13.661+0700] {dag.py:4138} INFO - Setting next_dagrun for dag_scraping_twitter to 2026-02-06 23:00:00+00:00, run_after=2026-02-07 11:00:00+00:00
[2026-02-07T12:48:13.696+0700] {processor.py:208} INFO - Processing /opt/airflow/dags/dag_scraping_twitter.py took 0.151 seconds
[2026-02-07T12:48:44.124+0700] {processor.py:186} INFO - Started process (PID=3571) to work on /opt/airflow/dags/dag_scraping_twitter.py
[2026-02-07T12:48:44.126+0700] {processor.py:914} INFO - Processing file /opt/airflow/dags/dag_scraping_twitter.py for tasks to queue
[2026-02-07T12:48:44.129+0700] {logging_mixin.py:190} INFO - [2026-02-07T12:48:44.129+0700] {dagbag.py:587} INFO - Filling up the DagBag from /opt/airflow/dags/dag_scraping_twitter.py
[2026-02-07T12:48:44.157+0700] {processor.py:925} INFO - DAG(s) 'dag_scraping_twitter' retrieved from /opt/airflow/dags/dag_scraping_twitter.py
[2026-02-07T12:48:44.195+0700] {logging_mixin.py:190} INFO - [2026-02-07T12:48:44.195+0700] {dag.py:3211} INFO - Sync 1 DAGs
[2026-02-07T12:48:44.228+0700] {logging_mixin.py:190} INFO - [2026-02-07T12:48:44.228+0700] {dag.py:4138} INFO - Setting next_dagrun for dag_scraping_twitter to 2026-02-06 23:00:00+00:00, run_after=2026-02-07 11:00:00+00:00
[2026-02-07T12:48:44.261+0700] {processor.py:208} INFO - Processing /opt/airflow/dags/dag_scraping_twitter.py took 0.146 seconds
[2026-02-07T12:49:14.411+0700] {processor.py:186} INFO - Started process (PID=3581) to work on /opt/airflow/dags/dag_scraping_twitter.py
[2026-02-07T12:49:14.412+0700] {processor.py:914} INFO - Processing file /opt/airflow/dags/dag_scraping_twitter.py for tasks to queue
[2026-02-07T12:49:14.416+0700] {logging_mixin.py:190} INFO - [2026-02-07T12:49:14.416+0700] {dagbag.py:587} INFO - Filling up the DagBag from /opt/airflow/dags/dag_scraping_twitter.py
[2026-02-07T12:49:14.439+0700] {processor.py:925} INFO - DAG(s) 'dag_scraping_twitter' retrieved from /opt/airflow/dags/dag_scraping_twitter.py
[2026-02-07T12:49:14.479+0700] {logging_mixin.py:190} INFO - [2026-02-07T12:49:14.479+0700] {dag.py:3211} INFO - Sync 1 DAGs
[2026-02-07T12:49:14.510+0700] {logging_mixin.py:190} INFO - [2026-02-07T12:49:14.509+0700] {dag.py:4138} INFO - Setting next_dagrun for dag_scraping_twitter to 2026-02-06 23:00:00+00:00, run_after=2026-02-07 11:00:00+00:00
[2026-02-07T12:49:14.541+0700] {processor.py:208} INFO - Processing /opt/airflow/dags/dag_scraping_twitter.py took 0.138 seconds
[2026-02-07T12:49:45.486+0700] {processor.py:186} INFO - Started process (PID=3591) to work on /opt/airflow/dags/dag_scraping_twitter.py
[2026-02-07T12:49:45.487+0700] {processor.py:914} INFO - Processing file /opt/airflow/dags/dag_scraping_twitter.py for tasks to queue
[2026-02-07T12:49:45.493+0700] {logging_mixin.py:190} INFO - [2026-02-07T12:49:45.492+0700] {dagbag.py:587} INFO - Filling up the DagBag from /opt/airflow/dags/dag_scraping_twitter.py
[2026-02-07T12:49:45.521+0700] {processor.py:925} INFO - DAG(s) 'dag_scraping_twitter' retrieved from /opt/airflow/dags/dag_scraping_twitter.py
[2026-02-07T12:49:45.569+0700] {logging_mixin.py:190} INFO - [2026-02-07T12:49:45.569+0700] {dag.py:3211} INFO - Sync 1 DAGs
[2026-02-07T12:49:45.605+0700] {logging_mixin.py:190} INFO - [2026-02-07T12:49:45.605+0700] {dag.py:4138} INFO - Setting next_dagrun for dag_scraping_twitter to 2026-02-06 23:00:00+00:00, run_after=2026-02-07 11:00:00+00:00
[2026-02-07T12:49:45.638+0700] {processor.py:208} INFO - Processing /opt/airflow/dags/dag_scraping_twitter.py took 0.163 seconds
[2026-02-07T12:50:16.213+0700] {processor.py:186} INFO - Started process (PID=3601) to work on /opt/airflow/dags/dag_scraping_twitter.py
[2026-02-07T12:50:16.214+0700] {processor.py:914} INFO - Processing file /opt/airflow/dags/dag_scraping_twitter.py for tasks to queue
[2026-02-07T12:50:16.218+0700] {logging_mixin.py:190} INFO - [2026-02-07T12:50:16.217+0700] {dagbag.py:587} INFO - Filling up the DagBag from /opt/airflow/dags/dag_scraping_twitter.py
[2026-02-07T12:50:16.242+0700] {processor.py:925} INFO - DAG(s) 'dag_scraping_twitter' retrieved from /opt/airflow/dags/dag_scraping_twitter.py
[2026-02-07T12:50:16.279+0700] {logging_mixin.py:190} INFO - [2026-02-07T12:50:16.278+0700] {dag.py:3211} INFO - Sync 1 DAGs
[2026-02-07T12:50:16.310+0700] {logging_mixin.py:190} INFO - [2026-02-07T12:50:16.310+0700] {dag.py:4138} INFO - Setting next_dagrun for dag_scraping_twitter to 2026-02-06 23:00:00+00:00, run_after=2026-02-07 11:00:00+00:00
[2026-02-07T12:50:16.339+0700] {processor.py:208} INFO - Processing /opt/airflow/dags/dag_scraping_twitter.py took 0.137 seconds
[2026-02-07T12:50:46.572+0700] {processor.py:186} INFO - Started process (PID=3611) to work on /opt/airflow/dags/dag_scraping_twitter.py
[2026-02-07T12:50:46.573+0700] {processor.py:914} INFO - Processing file /opt/airflow/dags/dag_scraping_twitter.py for tasks to queue
[2026-02-07T12:50:46.577+0700] {logging_mixin.py:190} INFO - [2026-02-07T12:50:46.576+0700] {dagbag.py:587} INFO - Filling up the DagBag from /opt/airflow/dags/dag_scraping_twitter.py
[2026-02-07T12:50:46.603+0700] {processor.py:925} INFO - DAG(s) 'dag_scraping_twitter' retrieved from /opt/airflow/dags/dag_scraping_twitter.py
[2026-02-07T12:50:46.641+0700] {logging_mixin.py:190} INFO - [2026-02-07T12:50:46.641+0700] {dag.py:3211} INFO - Sync 1 DAGs
[2026-02-07T12:50:46.674+0700] {logging_mixin.py:190} INFO - [2026-02-07T12:50:46.673+0700] {dag.py:4138} INFO - Setting next_dagrun for dag_scraping_twitter to 2026-02-06 23:00:00+00:00, run_after=2026-02-07 11:00:00+00:00
[2026-02-07T12:50:46.704+0700] {processor.py:208} INFO - Processing /opt/airflow/dags/dag_scraping_twitter.py took 0.139 seconds
[2026-02-07T12:51:17.761+0700] {processor.py:186} INFO - Started process (PID=3621) to work on /opt/airflow/dags/dag_scraping_twitter.py
[2026-02-07T12:51:17.762+0700] {processor.py:914} INFO - Processing file /opt/airflow/dags/dag_scraping_twitter.py for tasks to queue
[2026-02-07T12:51:17.768+0700] {logging_mixin.py:190} INFO - [2026-02-07T12:51:17.767+0700] {dagbag.py:587} INFO - Filling up the DagBag from /opt/airflow/dags/dag_scraping_twitter.py
[2026-02-07T12:51:17.794+0700] {processor.py:925} INFO - DAG(s) 'dag_scraping_twitter' retrieved from /opt/airflow/dags/dag_scraping_twitter.py
[2026-02-07T12:51:17.829+0700] {logging_mixin.py:190} INFO - [2026-02-07T12:51:17.829+0700] {dag.py:3211} INFO - Sync 1 DAGs
[2026-02-07T12:51:17.862+0700] {logging_mixin.py:190} INFO - [2026-02-07T12:51:17.861+0700] {dag.py:4138} INFO - Setting next_dagrun for dag_scraping_twitter to 2026-02-06 23:00:00+00:00, run_after=2026-02-07 11:00:00+00:00
[2026-02-07T12:51:17.892+0700] {processor.py:208} INFO - Processing /opt/airflow/dags/dag_scraping_twitter.py took 0.139 seconds
[2026-02-07T12:51:48.277+0700] {processor.py:186} INFO - Started process (PID=3631) to work on /opt/airflow/dags/dag_scraping_twitter.py
[2026-02-07T12:51:48.278+0700] {processor.py:914} INFO - Processing file /opt/airflow/dags/dag_scraping_twitter.py for tasks to queue
[2026-02-07T12:51:48.282+0700] {logging_mixin.py:190} INFO - [2026-02-07T12:51:48.282+0700] {dagbag.py:587} INFO - Filling up the DagBag from /opt/airflow/dags/dag_scraping_twitter.py
[2026-02-07T12:51:48.309+0700] {processor.py:925} INFO - DAG(s) 'dag_scraping_twitter' retrieved from /opt/airflow/dags/dag_scraping_twitter.py
[2026-02-07T12:51:48.346+0700] {logging_mixin.py:190} INFO - [2026-02-07T12:51:48.345+0700] {dag.py:3211} INFO - Sync 1 DAGs
[2026-02-07T12:51:48.377+0700] {logging_mixin.py:190} INFO - [2026-02-07T12:51:48.375+0700] {dag.py:4138} INFO - Setting next_dagrun for dag_scraping_twitter to 2026-02-06 23:00:00+00:00, run_after=2026-02-07 11:00:00+00:00
[2026-02-07T12:51:48.409+0700] {processor.py:208} INFO - Processing /opt/airflow/dags/dag_scraping_twitter.py took 0.141 seconds
[2026-02-07T12:52:19.190+0700] {processor.py:186} INFO - Started process (PID=3641) to work on /opt/airflow/dags/dag_scraping_twitter.py
[2026-02-07T12:52:19.191+0700] {processor.py:914} INFO - Processing file /opt/airflow/dags/dag_scraping_twitter.py for tasks to queue
[2026-02-07T12:52:19.195+0700] {logging_mixin.py:190} INFO - [2026-02-07T12:52:19.194+0700] {dagbag.py:587} INFO - Filling up the DagBag from /opt/airflow/dags/dag_scraping_twitter.py
[2026-02-07T12:52:19.222+0700] {processor.py:925} INFO - DAG(s) 'dag_scraping_twitter' retrieved from /opt/airflow/dags/dag_scraping_twitter.py
[2026-02-07T12:52:19.260+0700] {logging_mixin.py:190} INFO - [2026-02-07T12:52:19.260+0700] {dag.py:3211} INFO - Sync 1 DAGs
[2026-02-07T12:52:19.296+0700] {logging_mixin.py:190} INFO - [2026-02-07T12:52:19.295+0700] {dag.py:4138} INFO - Setting next_dagrun for dag_scraping_twitter to 2026-02-06 23:00:00+00:00, run_after=2026-02-07 11:00:00+00:00
[2026-02-07T12:52:19.322+0700] {processor.py:208} INFO - Processing /opt/airflow/dags/dag_scraping_twitter.py took 0.143 seconds
[2026-02-07T12:52:49.433+0700] {processor.py:186} INFO - Started process (PID=3651) to work on /opt/airflow/dags/dag_scraping_twitter.py
[2026-02-07T12:52:49.434+0700] {processor.py:914} INFO - Processing file /opt/airflow/dags/dag_scraping_twitter.py for tasks to queue
[2026-02-07T12:52:49.437+0700] {logging_mixin.py:190} INFO - [2026-02-07T12:52:49.437+0700] {dagbag.py:587} INFO - Filling up the DagBag from /opt/airflow/dags/dag_scraping_twitter.py
[2026-02-07T12:52:49.466+0700] {processor.py:925} INFO - DAG(s) 'dag_scraping_twitter' retrieved from /opt/airflow/dags/dag_scraping_twitter.py
[2026-02-07T12:52:49.503+0700] {logging_mixin.py:190} INFO - [2026-02-07T12:52:49.502+0700] {dag.py:3211} INFO - Sync 1 DAGs
[2026-02-07T12:52:49.535+0700] {logging_mixin.py:190} INFO - [2026-02-07T12:52:49.534+0700] {dag.py:4138} INFO - Setting next_dagrun for dag_scraping_twitter to 2026-02-06 23:00:00+00:00, run_after=2026-02-07 11:00:00+00:00
[2026-02-07T12:52:49.565+0700] {processor.py:208} INFO - Processing /opt/airflow/dags/dag_scraping_twitter.py took 0.140 seconds
[2026-02-07T12:53:20.422+0700] {processor.py:186} INFO - Started process (PID=3661) to work on /opt/airflow/dags/dag_scraping_twitter.py
[2026-02-07T12:53:20.423+0700] {processor.py:914} INFO - Processing file /opt/airflow/dags/dag_scraping_twitter.py for tasks to queue
[2026-02-07T12:53:20.427+0700] {logging_mixin.py:190} INFO - [2026-02-07T12:53:20.426+0700] {dagbag.py:587} INFO - Filling up the DagBag from /opt/airflow/dags/dag_scraping_twitter.py
[2026-02-07T12:53:20.458+0700] {processor.py:925} INFO - DAG(s) 'dag_scraping_twitter' retrieved from /opt/airflow/dags/dag_scraping_twitter.py
[2026-02-07T12:53:20.497+0700] {logging_mixin.py:190} INFO - [2026-02-07T12:53:20.497+0700] {dag.py:3211} INFO - Sync 1 DAGs
[2026-02-07T12:53:20.529+0700] {logging_mixin.py:190} INFO - [2026-02-07T12:53:20.528+0700] {dag.py:4138} INFO - Setting next_dagrun for dag_scraping_twitter to 2026-02-06 23:00:00+00:00, run_after=2026-02-07 11:00:00+00:00
[2026-02-07T12:53:20.560+0700] {processor.py:208} INFO - Processing /opt/airflow/dags/dag_scraping_twitter.py took 0.148 seconds
[2026-02-07T12:53:50.741+0700] {processor.py:186} INFO - Started process (PID=3671) to work on /opt/airflow/dags/dag_scraping_twitter.py
[2026-02-07T12:53:50.745+0700] {processor.py:914} INFO - Processing file /opt/airflow/dags/dag_scraping_twitter.py for tasks to queue
[2026-02-07T12:53:50.750+0700] {logging_mixin.py:190} INFO - [2026-02-07T12:53:50.750+0700] {dagbag.py:587} INFO - Filling up the DagBag from /opt/airflow/dags/dag_scraping_twitter.py
[2026-02-07T12:53:50.793+0700] {processor.py:925} INFO - DAG(s) 'dag_scraping_twitter' retrieved from /opt/airflow/dags/dag_scraping_twitter.py
[2026-02-07T12:53:50.841+0700] {logging_mixin.py:190} INFO - [2026-02-07T12:53:50.840+0700] {dag.py:3211} INFO - Sync 1 DAGs
[2026-02-07T12:53:50.882+0700] {logging_mixin.py:190} INFO - [2026-02-07T12:53:50.882+0700] {dag.py:4138} INFO - Setting next_dagrun for dag_scraping_twitter to 2026-02-06 23:00:00+00:00, run_after=2026-02-07 11:00:00+00:00
[2026-02-07T12:53:50.908+0700] {processor.py:208} INFO - Processing /opt/airflow/dags/dag_scraping_twitter.py took 0.182 seconds
[2026-02-07T12:54:21.070+0700] {processor.py:186} INFO - Started process (PID=3681) to work on /opt/airflow/dags/dag_scraping_twitter.py
[2026-02-07T12:54:21.072+0700] {processor.py:914} INFO - Processing file /opt/airflow/dags/dag_scraping_twitter.py for tasks to queue
[2026-02-07T12:54:21.079+0700] {logging_mixin.py:190} INFO - [2026-02-07T12:54:21.079+0700] {dagbag.py:587} INFO - Filling up the DagBag from /opt/airflow/dags/dag_scraping_twitter.py
[2026-02-07T12:54:21.119+0700] {processor.py:925} INFO - DAG(s) 'dag_scraping_twitter' retrieved from /opt/airflow/dags/dag_scraping_twitter.py
[2026-02-07T12:54:21.168+0700] {logging_mixin.py:190} INFO - [2026-02-07T12:54:21.167+0700] {dag.py:3211} INFO - Sync 1 DAGs
[2026-02-07T12:54:21.206+0700] {logging_mixin.py:190} INFO - [2026-02-07T12:54:21.206+0700] {dag.py:4138} INFO - Setting next_dagrun for dag_scraping_twitter to 2026-02-06 23:00:00+00:00, run_after=2026-02-07 11:00:00+00:00
[2026-02-07T12:54:21.245+0700] {processor.py:208} INFO - Processing /opt/airflow/dags/dag_scraping_twitter.py took 0.187 seconds
[2026-02-07T12:54:51.781+0700] {processor.py:186} INFO - Started process (PID=3691) to work on /opt/airflow/dags/dag_scraping_twitter.py
[2026-02-07T12:54:51.782+0700] {processor.py:914} INFO - Processing file /opt/airflow/dags/dag_scraping_twitter.py for tasks to queue
[2026-02-07T12:54:51.786+0700] {logging_mixin.py:190} INFO - [2026-02-07T12:54:51.786+0700] {dagbag.py:587} INFO - Filling up the DagBag from /opt/airflow/dags/dag_scraping_twitter.py
[2026-02-07T12:54:51.816+0700] {processor.py:925} INFO - DAG(s) 'dag_scraping_twitter' retrieved from /opt/airflow/dags/dag_scraping_twitter.py
[2026-02-07T12:54:51.851+0700] {logging_mixin.py:190} INFO - [2026-02-07T12:54:51.851+0700] {dag.py:3211} INFO - Sync 1 DAGs
[2026-02-07T12:54:51.887+0700] {logging_mixin.py:190} INFO - [2026-02-07T12:54:51.887+0700] {dag.py:4138} INFO - Setting next_dagrun for dag_scraping_twitter to 2026-02-06 23:00:00+00:00, run_after=2026-02-07 11:00:00+00:00
[2026-02-07T12:54:51.918+0700] {processor.py:208} INFO - Processing /opt/airflow/dags/dag_scraping_twitter.py took 0.148 seconds
[2026-02-07T12:55:22.944+0700] {processor.py:186} INFO - Started process (PID=3701) to work on /opt/airflow/dags/dag_scraping_twitter.py
[2026-02-07T12:55:22.946+0700] {processor.py:914} INFO - Processing file /opt/airflow/dags/dag_scraping_twitter.py for tasks to queue
[2026-02-07T12:55:22.952+0700] {logging_mixin.py:190} INFO - [2026-02-07T12:55:22.951+0700] {dagbag.py:587} INFO - Filling up the DagBag from /opt/airflow/dags/dag_scraping_twitter.py
[2026-02-07T12:55:22.994+0700] {processor.py:925} INFO - DAG(s) 'dag_scraping_twitter' retrieved from /opt/airflow/dags/dag_scraping_twitter.py
[2026-02-07T12:55:23.051+0700] {logging_mixin.py:190} INFO - [2026-02-07T12:55:23.051+0700] {dag.py:3211} INFO - Sync 1 DAGs
[2026-02-07T12:55:23.097+0700] {logging_mixin.py:190} INFO - [2026-02-07T12:55:23.097+0700] {dag.py:4138} INFO - Setting next_dagrun for dag_scraping_twitter to 2026-02-06 23:00:00+00:00, run_after=2026-02-07 11:00:00+00:00
[2026-02-07T12:55:23.127+0700] {processor.py:208} INFO - Processing /opt/airflow/dags/dag_scraping_twitter.py took 0.197 seconds
[2026-02-07T12:55:53.792+0700] {processor.py:186} INFO - Started process (PID=3711) to work on /opt/airflow/dags/dag_scraping_twitter.py
[2026-02-07T12:55:53.793+0700] {processor.py:914} INFO - Processing file /opt/airflow/dags/dag_scraping_twitter.py for tasks to queue
[2026-02-07T12:55:53.797+0700] {logging_mixin.py:190} INFO - [2026-02-07T12:55:53.797+0700] {dagbag.py:587} INFO - Filling up the DagBag from /opt/airflow/dags/dag_scraping_twitter.py
[2026-02-07T12:55:53.825+0700] {processor.py:925} INFO - DAG(s) 'dag_scraping_twitter' retrieved from /opt/airflow/dags/dag_scraping_twitter.py
[2026-02-07T12:55:53.860+0700] {logging_mixin.py:190} INFO - [2026-02-07T12:55:53.859+0700] {dag.py:3211} INFO - Sync 1 DAGs
[2026-02-07T12:55:53.889+0700] {logging_mixin.py:190} INFO - [2026-02-07T12:55:53.889+0700] {dag.py:4138} INFO - Setting next_dagrun for dag_scraping_twitter to 2026-02-06 23:00:00+00:00, run_after=2026-02-07 11:00:00+00:00
[2026-02-07T12:55:53.920+0700] {processor.py:208} INFO - Processing /opt/airflow/dags/dag_scraping_twitter.py took 0.138 seconds
[2026-02-07T12:56:24.165+0700] {processor.py:186} INFO - Started process (PID=3721) to work on /opt/airflow/dags/dag_scraping_twitter.py
[2026-02-07T12:56:24.170+0700] {processor.py:914} INFO - Processing file /opt/airflow/dags/dag_scraping_twitter.py for tasks to queue
[2026-02-07T12:56:24.174+0700] {logging_mixin.py:190} INFO - [2026-02-07T12:56:24.173+0700] {dagbag.py:587} INFO - Filling up the DagBag from /opt/airflow/dags/dag_scraping_twitter.py
[2026-02-07T12:56:24.215+0700] {processor.py:925} INFO - DAG(s) 'dag_scraping_twitter' retrieved from /opt/airflow/dags/dag_scraping_twitter.py
[2026-02-07T12:56:24.261+0700] {logging_mixin.py:190} INFO - [2026-02-07T12:56:24.261+0700] {dag.py:3211} INFO - Sync 1 DAGs
[2026-02-07T12:56:24.298+0700] {logging_mixin.py:190} INFO - [2026-02-07T12:56:24.297+0700] {dag.py:4138} INFO - Setting next_dagrun for dag_scraping_twitter to 2026-02-06 23:00:00+00:00, run_after=2026-02-07 11:00:00+00:00
[2026-02-07T12:56:24.329+0700] {processor.py:208} INFO - Processing /opt/airflow/dags/dag_scraping_twitter.py took 0.178 seconds
[2026-02-07T12:56:54.778+0700] {processor.py:186} INFO - Started process (PID=3731) to work on /opt/airflow/dags/dag_scraping_twitter.py
[2026-02-07T12:56:54.780+0700] {processor.py:914} INFO - Processing file /opt/airflow/dags/dag_scraping_twitter.py for tasks to queue
[2026-02-07T12:56:54.784+0700] {logging_mixin.py:190} INFO - [2026-02-07T12:56:54.784+0700] {dagbag.py:587} INFO - Filling up the DagBag from /opt/airflow/dags/dag_scraping_twitter.py
[2026-02-07T12:56:54.814+0700] {processor.py:925} INFO - DAG(s) 'dag_scraping_twitter' retrieved from /opt/airflow/dags/dag_scraping_twitter.py
[2026-02-07T12:56:54.850+0700] {logging_mixin.py:190} INFO - [2026-02-07T12:56:54.850+0700] {dag.py:3211} INFO - Sync 1 DAGs
[2026-02-07T12:56:54.886+0700] {logging_mixin.py:190} INFO - [2026-02-07T12:56:54.885+0700] {dag.py:4138} INFO - Setting next_dagrun for dag_scraping_twitter to 2026-02-06 23:00:00+00:00, run_after=2026-02-07 11:00:00+00:00
[2026-02-07T12:56:54.914+0700] {processor.py:208} INFO - Processing /opt/airflow/dags/dag_scraping_twitter.py took 0.145 seconds
[2026-02-07T12:57:25.108+0700] {processor.py:186} INFO - Started process (PID=3741) to work on /opt/airflow/dags/dag_scraping_twitter.py
[2026-02-07T12:57:25.110+0700] {processor.py:914} INFO - Processing file /opt/airflow/dags/dag_scraping_twitter.py for tasks to queue
[2026-02-07T12:57:25.114+0700] {logging_mixin.py:190} INFO - [2026-02-07T12:57:25.113+0700] {dagbag.py:587} INFO - Filling up the DagBag from /opt/airflow/dags/dag_scraping_twitter.py
[2026-02-07T12:57:25.140+0700] {processor.py:925} INFO - DAG(s) 'dag_scraping_twitter' retrieved from /opt/airflow/dags/dag_scraping_twitter.py
[2026-02-07T12:57:25.180+0700] {logging_mixin.py:190} INFO - [2026-02-07T12:57:25.180+0700] {dag.py:3211} INFO - Sync 1 DAGs
[2026-02-07T12:57:25.214+0700] {logging_mixin.py:190} INFO - [2026-02-07T12:57:25.214+0700] {dag.py:4138} INFO - Setting next_dagrun for dag_scraping_twitter to 2026-02-06 23:00:00+00:00, run_after=2026-02-07 11:00:00+00:00
[2026-02-07T12:57:25.250+0700] {processor.py:208} INFO - Processing /opt/airflow/dags/dag_scraping_twitter.py took 0.151 seconds
[2026-02-07T12:57:55.306+0700] {processor.py:186} INFO - Started process (PID=3751) to work on /opt/airflow/dags/dag_scraping_twitter.py
[2026-02-07T12:57:55.307+0700] {processor.py:914} INFO - Processing file /opt/airflow/dags/dag_scraping_twitter.py for tasks to queue
[2026-02-07T12:57:55.310+0700] {logging_mixin.py:190} INFO - [2026-02-07T12:57:55.310+0700] {dagbag.py:587} INFO - Filling up the DagBag from /opt/airflow/dags/dag_scraping_twitter.py
[2026-02-07T12:57:55.337+0700] {processor.py:925} INFO - DAG(s) 'dag_scraping_twitter' retrieved from /opt/airflow/dags/dag_scraping_twitter.py
[2026-02-07T12:57:55.369+0700] {logging_mixin.py:190} INFO - [2026-02-07T12:57:55.369+0700] {dag.py:3211} INFO - Sync 1 DAGs
[2026-02-07T12:57:55.398+0700] {logging_mixin.py:190} INFO - [2026-02-07T12:57:55.398+0700] {dag.py:4138} INFO - Setting next_dagrun for dag_scraping_twitter to 2026-02-06 23:00:00+00:00, run_after=2026-02-07 11:00:00+00:00
[2026-02-07T12:57:55.430+0700] {processor.py:208} INFO - Processing /opt/airflow/dags/dag_scraping_twitter.py took 0.132 seconds
[2026-02-07T12:58:25.940+0700] {processor.py:186} INFO - Started process (PID=3761) to work on /opt/airflow/dags/dag_scraping_twitter.py
[2026-02-07T12:58:25.941+0700] {processor.py:914} INFO - Processing file /opt/airflow/dags/dag_scraping_twitter.py for tasks to queue
[2026-02-07T12:58:25.944+0700] {logging_mixin.py:190} INFO - [2026-02-07T12:58:25.944+0700] {dagbag.py:587} INFO - Filling up the DagBag from /opt/airflow/dags/dag_scraping_twitter.py
[2026-02-07T12:58:25.968+0700] {processor.py:925} INFO - DAG(s) 'dag_scraping_twitter' retrieved from /opt/airflow/dags/dag_scraping_twitter.py
[2026-02-07T12:58:26.011+0700] {logging_mixin.py:190} INFO - [2026-02-07T12:58:26.010+0700] {dag.py:3211} INFO - Sync 1 DAGs
[2026-02-07T12:58:26.042+0700] {logging_mixin.py:190} INFO - [2026-02-07T12:58:26.042+0700] {dag.py:4138} INFO - Setting next_dagrun for dag_scraping_twitter to 2026-02-06 23:00:00+00:00, run_after=2026-02-07 11:00:00+00:00
[2026-02-07T12:58:26.076+0700] {processor.py:208} INFO - Processing /opt/airflow/dags/dag_scraping_twitter.py took 0.144 seconds
[2026-02-07T12:58:56.489+0700] {processor.py:186} INFO - Started process (PID=3771) to work on /opt/airflow/dags/dag_scraping_twitter.py
[2026-02-07T12:58:56.490+0700] {processor.py:914} INFO - Processing file /opt/airflow/dags/dag_scraping_twitter.py for tasks to queue
[2026-02-07T12:58:56.495+0700] {logging_mixin.py:190} INFO - [2026-02-07T12:58:56.494+0700] {dagbag.py:587} INFO - Filling up the DagBag from /opt/airflow/dags/dag_scraping_twitter.py
[2026-02-07T12:58:56.527+0700] {processor.py:925} INFO - DAG(s) 'dag_scraping_twitter' retrieved from /opt/airflow/dags/dag_scraping_twitter.py
[2026-02-07T12:58:56.567+0700] {logging_mixin.py:190} INFO - [2026-02-07T12:58:56.566+0700] {dag.py:3211} INFO - Sync 1 DAGs
[2026-02-07T12:58:56.600+0700] {logging_mixin.py:190} INFO - [2026-02-07T12:58:56.600+0700] {dag.py:4138} INFO - Setting next_dagrun for dag_scraping_twitter to 2026-02-06 23:00:00+00:00, run_after=2026-02-07 11:00:00+00:00
[2026-02-07T12:58:56.634+0700] {processor.py:208} INFO - Processing /opt/airflow/dags/dag_scraping_twitter.py took 0.158 seconds
[2026-02-07T12:59:26.723+0700] {processor.py:186} INFO - Started process (PID=3781) to work on /opt/airflow/dags/dag_scraping_twitter.py
[2026-02-07T12:59:26.724+0700] {processor.py:914} INFO - Processing file /opt/airflow/dags/dag_scraping_twitter.py for tasks to queue
[2026-02-07T12:59:26.727+0700] {logging_mixin.py:190} INFO - [2026-02-07T12:59:26.726+0700] {dagbag.py:587} INFO - Filling up the DagBag from /opt/airflow/dags/dag_scraping_twitter.py
[2026-02-07T12:59:26.757+0700] {processor.py:925} INFO - DAG(s) 'dag_scraping_twitter' retrieved from /opt/airflow/dags/dag_scraping_twitter.py
[2026-02-07T12:59:26.793+0700] {logging_mixin.py:190} INFO - [2026-02-07T12:59:26.793+0700] {dag.py:3211} INFO - Sync 1 DAGs
[2026-02-07T12:59:26.831+0700] {logging_mixin.py:190} INFO - [2026-02-07T12:59:26.831+0700] {dag.py:4138} INFO - Setting next_dagrun for dag_scraping_twitter to 2026-02-06 23:00:00+00:00, run_after=2026-02-07 11:00:00+00:00
[2026-02-07T12:59:26.862+0700] {processor.py:208} INFO - Processing /opt/airflow/dags/dag_scraping_twitter.py took 0.151 seconds
[2026-02-07T12:59:56.922+0700] {processor.py:186} INFO - Started process (PID=3791) to work on /opt/airflow/dags/dag_scraping_twitter.py
[2026-02-07T12:59:56.924+0700] {processor.py:914} INFO - Processing file /opt/airflow/dags/dag_scraping_twitter.py for tasks to queue
[2026-02-07T12:59:56.927+0700] {logging_mixin.py:190} INFO - [2026-02-07T12:59:56.926+0700] {dagbag.py:587} INFO - Filling up the DagBag from /opt/airflow/dags/dag_scraping_twitter.py
[2026-02-07T12:59:56.954+0700] {processor.py:925} INFO - DAG(s) 'dag_scraping_twitter' retrieved from /opt/airflow/dags/dag_scraping_twitter.py
[2026-02-07T12:59:56.993+0700] {logging_mixin.py:190} INFO - [2026-02-07T12:59:56.993+0700] {dag.py:3211} INFO - Sync 1 DAGs
[2026-02-07T12:59:57.023+0700] {logging_mixin.py:190} INFO - [2026-02-07T12:59:57.023+0700] {dag.py:4138} INFO - Setting next_dagrun for dag_scraping_twitter to 2026-02-06 23:00:00+00:00, run_after=2026-02-07 11:00:00+00:00
[2026-02-07T12:59:57.055+0700] {processor.py:208} INFO - Processing /opt/airflow/dags/dag_scraping_twitter.py took 0.141 seconds
[2026-02-07T13:00:27.304+0700] {processor.py:186} INFO - Started process (PID=3801) to work on /opt/airflow/dags/dag_scraping_twitter.py
[2026-02-07T13:00:27.306+0700] {processor.py:914} INFO - Processing file /opt/airflow/dags/dag_scraping_twitter.py for tasks to queue
[2026-02-07T13:00:27.310+0700] {logging_mixin.py:190} INFO - [2026-02-07T13:00:27.309+0700] {dagbag.py:587} INFO - Filling up the DagBag from /opt/airflow/dags/dag_scraping_twitter.py
[2026-02-07T13:00:27.335+0700] {processor.py:925} INFO - DAG(s) 'dag_scraping_twitter' retrieved from /opt/airflow/dags/dag_scraping_twitter.py
[2026-02-07T13:00:27.378+0700] {logging_mixin.py:190} INFO - [2026-02-07T13:00:27.377+0700] {dag.py:3211} INFO - Sync 1 DAGs
[2026-02-07T13:00:27.414+0700] {logging_mixin.py:190} INFO - [2026-02-07T13:00:27.413+0700] {dag.py:4138} INFO - Setting next_dagrun for dag_scraping_twitter to 2026-02-06 23:00:00+00:00, run_after=2026-02-07 11:00:00+00:00
[2026-02-07T13:00:27.447+0700] {processor.py:208} INFO - Processing /opt/airflow/dags/dag_scraping_twitter.py took 0.150 seconds
[2026-02-07T13:00:57.751+0700] {processor.py:186} INFO - Started process (PID=3811) to work on /opt/airflow/dags/dag_scraping_twitter.py
[2026-02-07T13:00:57.752+0700] {processor.py:914} INFO - Processing file /opt/airflow/dags/dag_scraping_twitter.py for tasks to queue
[2026-02-07T13:00:57.755+0700] {logging_mixin.py:190} INFO - [2026-02-07T13:00:57.754+0700] {dagbag.py:587} INFO - Filling up the DagBag from /opt/airflow/dags/dag_scraping_twitter.py
[2026-02-07T13:00:57.781+0700] {processor.py:925} INFO - DAG(s) 'dag_scraping_twitter' retrieved from /opt/airflow/dags/dag_scraping_twitter.py
[2026-02-07T13:00:57.821+0700] {logging_mixin.py:190} INFO - [2026-02-07T13:00:57.821+0700] {dag.py:3211} INFO - Sync 1 DAGs
[2026-02-07T13:00:57.854+0700] {logging_mixin.py:190} INFO - [2026-02-07T13:00:57.854+0700] {dag.py:4138} INFO - Setting next_dagrun for dag_scraping_twitter to 2026-02-06 23:00:00+00:00, run_after=2026-02-07 11:00:00+00:00
[2026-02-07T13:00:57.886+0700] {processor.py:208} INFO - Processing /opt/airflow/dags/dag_scraping_twitter.py took 0.147 seconds
[2026-02-07T13:01:28.689+0700] {processor.py:186} INFO - Started process (PID=3821) to work on /opt/airflow/dags/dag_scraping_twitter.py
[2026-02-07T13:01:28.691+0700] {processor.py:914} INFO - Processing file /opt/airflow/dags/dag_scraping_twitter.py for tasks to queue
[2026-02-07T13:01:28.697+0700] {logging_mixin.py:190} INFO - [2026-02-07T13:01:28.696+0700] {dagbag.py:587} INFO - Filling up the DagBag from /opt/airflow/dags/dag_scraping_twitter.py
[2026-02-07T13:01:28.727+0700] {processor.py:925} INFO - DAG(s) 'dag_scraping_twitter' retrieved from /opt/airflow/dags/dag_scraping_twitter.py
[2026-02-07T13:01:28.763+0700] {logging_mixin.py:190} INFO - [2026-02-07T13:01:28.763+0700] {dag.py:3211} INFO - Sync 1 DAGs
[2026-02-07T13:01:28.799+0700] {logging_mixin.py:190} INFO - [2026-02-07T13:01:28.798+0700] {dag.py:4138} INFO - Setting next_dagrun for dag_scraping_twitter to 2026-02-06 23:00:00+00:00, run_after=2026-02-07 11:00:00+00:00
[2026-02-07T13:01:28.829+0700] {processor.py:208} INFO - Processing /opt/airflow/dags/dag_scraping_twitter.py took 0.158 seconds
[2026-02-07T13:01:59.811+0700] {processor.py:186} INFO - Started process (PID=3831) to work on /opt/airflow/dags/dag_scraping_twitter.py
[2026-02-07T13:01:59.815+0700] {processor.py:914} INFO - Processing file /opt/airflow/dags/dag_scraping_twitter.py for tasks to queue
[2026-02-07T13:01:59.829+0700] {logging_mixin.py:190} INFO - [2026-02-07T13:01:59.828+0700] {dagbag.py:587} INFO - Filling up the DagBag from /opt/airflow/dags/dag_scraping_twitter.py
[2026-02-07T13:01:59.914+0700] {processor.py:925} INFO - DAG(s) 'dag_scraping_twitter' retrieved from /opt/airflow/dags/dag_scraping_twitter.py
[2026-02-07T13:01:59.973+0700] {logging_mixin.py:190} INFO - [2026-02-07T13:01:59.973+0700] {dag.py:3211} INFO - Sync 1 DAGs
[2026-02-07T13:02:00.014+0700] {logging_mixin.py:190} INFO - [2026-02-07T13:02:00.013+0700] {dag.py:4138} INFO - Setting next_dagrun for dag_scraping_twitter to 2026-02-06 23:00:00+00:00, run_after=2026-02-07 11:00:00+00:00
[2026-02-07T13:02:00.041+0700] {processor.py:208} INFO - Processing /opt/airflow/dags/dag_scraping_twitter.py took 0.248 seconds
[2026-02-07T13:02:30.231+0700] {processor.py:186} INFO - Started process (PID=3841) to work on /opt/airflow/dags/dag_scraping_twitter.py
[2026-02-07T13:02:30.232+0700] {processor.py:914} INFO - Processing file /opt/airflow/dags/dag_scraping_twitter.py for tasks to queue
[2026-02-07T13:02:30.235+0700] {logging_mixin.py:190} INFO - [2026-02-07T13:02:30.234+0700] {dagbag.py:587} INFO - Filling up the DagBag from /opt/airflow/dags/dag_scraping_twitter.py
[2026-02-07T13:02:30.259+0700] {processor.py:925} INFO - DAG(s) 'dag_scraping_twitter' retrieved from /opt/airflow/dags/dag_scraping_twitter.py
[2026-02-07T13:02:30.300+0700] {logging_mixin.py:190} INFO - [2026-02-07T13:02:30.299+0700] {dag.py:3211} INFO - Sync 1 DAGs
[2026-02-07T13:02:30.334+0700] {logging_mixin.py:190} INFO - [2026-02-07T13:02:30.334+0700] {dag.py:4138} INFO - Setting next_dagrun for dag_scraping_twitter to 2026-02-06 23:00:00+00:00, run_after=2026-02-07 11:00:00+00:00
[2026-02-07T13:02:30.369+0700] {processor.py:208} INFO - Processing /opt/airflow/dags/dag_scraping_twitter.py took 0.147 seconds
[2026-02-07T13:03:00.610+0700] {processor.py:186} INFO - Started process (PID=3851) to work on /opt/airflow/dags/dag_scraping_twitter.py
[2026-02-07T13:03:00.612+0700] {processor.py:914} INFO - Processing file /opt/airflow/dags/dag_scraping_twitter.py for tasks to queue
[2026-02-07T13:03:00.616+0700] {logging_mixin.py:190} INFO - [2026-02-07T13:03:00.615+0700] {dagbag.py:587} INFO - Filling up the DagBag from /opt/airflow/dags/dag_scraping_twitter.py
[2026-02-07T13:03:00.644+0700] {processor.py:925} INFO - DAG(s) 'dag_scraping_twitter' retrieved from /opt/airflow/dags/dag_scraping_twitter.py
[2026-02-07T13:03:00.681+0700] {logging_mixin.py:190} INFO - [2026-02-07T13:03:00.680+0700] {dag.py:3211} INFO - Sync 1 DAGs
[2026-02-07T13:03:00.716+0700] {logging_mixin.py:190} INFO - [2026-02-07T13:03:00.715+0700] {dag.py:4138} INFO - Setting next_dagrun for dag_scraping_twitter to 2026-02-06 23:00:00+00:00, run_after=2026-02-07 11:00:00+00:00
[2026-02-07T13:03:00.747+0700] {processor.py:208} INFO - Processing /opt/airflow/dags/dag_scraping_twitter.py took 0.146 seconds
[2026-02-07T13:03:31.581+0700] {processor.py:186} INFO - Started process (PID=3861) to work on /opt/airflow/dags/dag_scraping_twitter.py
[2026-02-07T13:03:31.583+0700] {processor.py:914} INFO - Processing file /opt/airflow/dags/dag_scraping_twitter.py for tasks to queue
[2026-02-07T13:03:31.587+0700] {logging_mixin.py:190} INFO - [2026-02-07T13:03:31.586+0700] {dagbag.py:587} INFO - Filling up the DagBag from /opt/airflow/dags/dag_scraping_twitter.py
[2026-02-07T13:03:31.613+0700] {processor.py:925} INFO - DAG(s) 'dag_scraping_twitter' retrieved from /opt/airflow/dags/dag_scraping_twitter.py
[2026-02-07T13:03:31.653+0700] {logging_mixin.py:190} INFO - [2026-02-07T13:03:31.653+0700] {dag.py:3211} INFO - Sync 1 DAGs
[2026-02-07T13:03:31.687+0700] {logging_mixin.py:190} INFO - [2026-02-07T13:03:31.687+0700] {dag.py:4138} INFO - Setting next_dagrun for dag_scraping_twitter to 2026-02-06 23:00:00+00:00, run_after=2026-02-07 11:00:00+00:00
[2026-02-07T13:03:31.720+0700] {processor.py:208} INFO - Processing /opt/airflow/dags/dag_scraping_twitter.py took 0.149 seconds
[2026-02-07T13:04:02.154+0700] {processor.py:186} INFO - Started process (PID=3871) to work on /opt/airflow/dags/dag_scraping_twitter.py
[2026-02-07T13:04:02.155+0700] {processor.py:914} INFO - Processing file /opt/airflow/dags/dag_scraping_twitter.py for tasks to queue
[2026-02-07T13:04:02.161+0700] {logging_mixin.py:190} INFO - [2026-02-07T13:04:02.161+0700] {dagbag.py:587} INFO - Filling up the DagBag from /opt/airflow/dags/dag_scraping_twitter.py
[2026-02-07T13:04:02.187+0700] {processor.py:925} INFO - DAG(s) 'dag_scraping_twitter' retrieved from /opt/airflow/dags/dag_scraping_twitter.py
[2026-02-07T13:04:02.236+0700] {logging_mixin.py:190} INFO - [2026-02-07T13:04:02.236+0700] {dag.py:3211} INFO - Sync 1 DAGs
[2026-02-07T13:04:02.283+0700] {logging_mixin.py:190} INFO - [2026-02-07T13:04:02.281+0700] {dag.py:4138} INFO - Setting next_dagrun for dag_scraping_twitter to 2026-02-06 23:00:00+00:00, run_after=2026-02-07 11:00:00+00:00
[2026-02-07T13:04:02.319+0700] {processor.py:208} INFO - Processing /opt/airflow/dags/dag_scraping_twitter.py took 0.173 seconds
[2026-02-07T13:04:32.827+0700] {processor.py:186} INFO - Started process (PID=3881) to work on /opt/airflow/dags/dag_scraping_twitter.py
[2026-02-07T13:04:32.828+0700] {processor.py:914} INFO - Processing file /opt/airflow/dags/dag_scraping_twitter.py for tasks to queue
[2026-02-07T13:04:32.833+0700] {logging_mixin.py:190} INFO - [2026-02-07T13:04:32.833+0700] {dagbag.py:587} INFO - Filling up the DagBag from /opt/airflow/dags/dag_scraping_twitter.py
[2026-02-07T13:04:32.860+0700] {processor.py:925} INFO - DAG(s) 'dag_scraping_twitter' retrieved from /opt/airflow/dags/dag_scraping_twitter.py
[2026-02-07T13:04:32.894+0700] {logging_mixin.py:190} INFO - [2026-02-07T13:04:32.894+0700] {dag.py:3211} INFO - Sync 1 DAGs
[2026-02-07T13:04:32.928+0700] {logging_mixin.py:190} INFO - [2026-02-07T13:04:32.928+0700] {dag.py:4138} INFO - Setting next_dagrun for dag_scraping_twitter to 2026-02-06 23:00:00+00:00, run_after=2026-02-07 11:00:00+00:00
[2026-02-07T13:04:32.958+0700] {processor.py:208} INFO - Processing /opt/airflow/dags/dag_scraping_twitter.py took 0.140 seconds
[2026-02-07T13:05:03.521+0700] {processor.py:186} INFO - Started process (PID=3891) to work on /opt/airflow/dags/dag_scraping_twitter.py
[2026-02-07T13:05:03.523+0700] {processor.py:914} INFO - Processing file /opt/airflow/dags/dag_scraping_twitter.py for tasks to queue
[2026-02-07T13:05:03.527+0700] {logging_mixin.py:190} INFO - [2026-02-07T13:05:03.526+0700] {dagbag.py:587} INFO - Filling up the DagBag from /opt/airflow/dags/dag_scraping_twitter.py
[2026-02-07T13:05:03.560+0700] {processor.py:925} INFO - DAG(s) 'dag_scraping_twitter' retrieved from /opt/airflow/dags/dag_scraping_twitter.py
[2026-02-07T13:05:03.599+0700] {logging_mixin.py:190} INFO - [2026-02-07T13:05:03.598+0700] {dag.py:3211} INFO - Sync 1 DAGs
[2026-02-07T13:05:03.632+0700] {logging_mixin.py:190} INFO - [2026-02-07T13:05:03.632+0700] {dag.py:4138} INFO - Setting next_dagrun for dag_scraping_twitter to 2026-02-06 23:00:00+00:00, run_after=2026-02-07 11:00:00+00:00
[2026-02-07T13:05:03.658+0700] {processor.py:208} INFO - Processing /opt/airflow/dags/dag_scraping_twitter.py took 0.144 seconds
[2026-02-07T13:05:33.745+0700] {processor.py:186} INFO - Started process (PID=3901) to work on /opt/airflow/dags/dag_scraping_twitter.py
[2026-02-07T13:05:33.747+0700] {processor.py:914} INFO - Processing file /opt/airflow/dags/dag_scraping_twitter.py for tasks to queue
[2026-02-07T13:05:33.757+0700] {logging_mixin.py:190} INFO - [2026-02-07T13:05:33.756+0700] {dagbag.py:587} INFO - Filling up the DagBag from /opt/airflow/dags/dag_scraping_twitter.py
[2026-02-07T13:05:33.785+0700] {processor.py:925} INFO - DAG(s) 'dag_scraping_twitter' retrieved from /opt/airflow/dags/dag_scraping_twitter.py
[2026-02-07T13:05:33.826+0700] {logging_mixin.py:190} INFO - [2026-02-07T13:05:33.826+0700] {dag.py:3211} INFO - Sync 1 DAGs
[2026-02-07T13:05:33.860+0700] {logging_mixin.py:190} INFO - [2026-02-07T13:05:33.860+0700] {dag.py:4138} INFO - Setting next_dagrun for dag_scraping_twitter to 2026-02-06 23:00:00+00:00, run_after=2026-02-07 11:00:00+00:00
[2026-02-07T13:05:33.892+0700] {processor.py:208} INFO - Processing /opt/airflow/dags/dag_scraping_twitter.py took 0.158 seconds
[2026-02-07T13:06:04.066+0700] {processor.py:186} INFO - Started process (PID=3911) to work on /opt/airflow/dags/dag_scraping_twitter.py
[2026-02-07T13:06:04.068+0700] {processor.py:914} INFO - Processing file /opt/airflow/dags/dag_scraping_twitter.py for tasks to queue
[2026-02-07T13:06:04.074+0700] {logging_mixin.py:190} INFO - [2026-02-07T13:06:04.073+0700] {dagbag.py:587} INFO - Filling up the DagBag from /opt/airflow/dags/dag_scraping_twitter.py
[2026-02-07T13:06:04.102+0700] {processor.py:925} INFO - DAG(s) 'dag_scraping_twitter' retrieved from /opt/airflow/dags/dag_scraping_twitter.py
[2026-02-07T13:06:04.144+0700] {logging_mixin.py:190} INFO - [2026-02-07T13:06:04.144+0700] {dag.py:3211} INFO - Sync 1 DAGs
[2026-02-07T13:06:04.177+0700] {logging_mixin.py:190} INFO - [2026-02-07T13:06:04.175+0700] {dag.py:4138} INFO - Setting next_dagrun for dag_scraping_twitter to 2026-02-06 23:00:00+00:00, run_after=2026-02-07 11:00:00+00:00
[2026-02-07T13:06:04.206+0700] {processor.py:208} INFO - Processing /opt/airflow/dags/dag_scraping_twitter.py took 0.153 seconds
[2026-02-07T13:06:34.844+0700] {processor.py:186} INFO - Started process (PID=3921) to work on /opt/airflow/dags/dag_scraping_twitter.py
[2026-02-07T13:06:34.845+0700] {processor.py:914} INFO - Processing file /opt/airflow/dags/dag_scraping_twitter.py for tasks to queue
[2026-02-07T13:06:34.850+0700] {logging_mixin.py:190} INFO - [2026-02-07T13:06:34.850+0700] {dagbag.py:587} INFO - Filling up the DagBag from /opt/airflow/dags/dag_scraping_twitter.py
[2026-02-07T13:06:34.878+0700] {processor.py:925} INFO - DAG(s) 'dag_scraping_twitter' retrieved from /opt/airflow/dags/dag_scraping_twitter.py
[2026-02-07T13:06:34.923+0700] {logging_mixin.py:190} INFO - [2026-02-07T13:06:34.923+0700] {dag.py:3211} INFO - Sync 1 DAGs
[2026-02-07T13:06:34.964+0700] {logging_mixin.py:190} INFO - [2026-02-07T13:06:34.964+0700] {dag.py:4138} INFO - Setting next_dagrun for dag_scraping_twitter to 2026-02-06 23:00:00+00:00, run_after=2026-02-07 11:00:00+00:00
[2026-02-07T13:06:34.992+0700] {processor.py:208} INFO - Processing /opt/airflow/dags/dag_scraping_twitter.py took 0.158 seconds
[2026-02-07T13:07:05.233+0700] {processor.py:186} INFO - Started process (PID=3931) to work on /opt/airflow/dags/dag_scraping_twitter.py
[2026-02-07T13:07:05.235+0700] {processor.py:914} INFO - Processing file /opt/airflow/dags/dag_scraping_twitter.py for tasks to queue
[2026-02-07T13:07:05.239+0700] {logging_mixin.py:190} INFO - [2026-02-07T13:07:05.238+0700] {dagbag.py:587} INFO - Filling up the DagBag from /opt/airflow/dags/dag_scraping_twitter.py
[2026-02-07T13:07:05.267+0700] {processor.py:925} INFO - DAG(s) 'dag_scraping_twitter' retrieved from /opt/airflow/dags/dag_scraping_twitter.py
[2026-02-07T13:07:05.308+0700] {logging_mixin.py:190} INFO - [2026-02-07T13:07:05.308+0700] {dag.py:3211} INFO - Sync 1 DAGs
[2026-02-07T13:07:05.340+0700] {logging_mixin.py:190} INFO - [2026-02-07T13:07:05.339+0700] {dag.py:4138} INFO - Setting next_dagrun for dag_scraping_twitter to 2026-02-06 23:00:00+00:00, run_after=2026-02-07 11:00:00+00:00
[2026-02-07T13:07:05.373+0700] {processor.py:208} INFO - Processing /opt/airflow/dags/dag_scraping_twitter.py took 0.155 seconds
[2026-02-07T13:07:35.564+0700] {processor.py:186} INFO - Started process (PID=3941) to work on /opt/airflow/dags/dag_scraping_twitter.py
[2026-02-07T13:07:35.566+0700] {processor.py:914} INFO - Processing file /opt/airflow/dags/dag_scraping_twitter.py for tasks to queue
[2026-02-07T13:07:35.571+0700] {logging_mixin.py:190} INFO - [2026-02-07T13:07:35.570+0700] {dagbag.py:587} INFO - Filling up the DagBag from /opt/airflow/dags/dag_scraping_twitter.py
[2026-02-07T13:07:35.608+0700] {processor.py:925} INFO - DAG(s) 'dag_scraping_twitter' retrieved from /opt/airflow/dags/dag_scraping_twitter.py
[2026-02-07T13:07:35.646+0700] {logging_mixin.py:190} INFO - [2026-02-07T13:07:35.646+0700] {dag.py:3211} INFO - Sync 1 DAGs
[2026-02-07T13:07:35.676+0700] {logging_mixin.py:190} INFO - [2026-02-07T13:07:35.676+0700] {dag.py:4138} INFO - Setting next_dagrun for dag_scraping_twitter to 2026-02-06 23:00:00+00:00, run_after=2026-02-07 11:00:00+00:00
[2026-02-07T13:07:35.706+0700] {processor.py:208} INFO - Processing /opt/airflow/dags/dag_scraping_twitter.py took 0.154 seconds
[2026-02-07T13:08:05.774+0700] {processor.py:186} INFO - Started process (PID=3951) to work on /opt/airflow/dags/dag_scraping_twitter.py
[2026-02-07T13:08:05.776+0700] {processor.py:914} INFO - Processing file /opt/airflow/dags/dag_scraping_twitter.py for tasks to queue
[2026-02-07T13:08:05.780+0700] {logging_mixin.py:190} INFO - [2026-02-07T13:08:05.779+0700] {dagbag.py:587} INFO - Filling up the DagBag from /opt/airflow/dags/dag_scraping_twitter.py
[2026-02-07T13:08:05.807+0700] {processor.py:925} INFO - DAG(s) 'dag_scraping_twitter' retrieved from /opt/airflow/dags/dag_scraping_twitter.py
[2026-02-07T13:08:05.845+0700] {logging_mixin.py:190} INFO - [2026-02-07T13:08:05.845+0700] {dag.py:3211} INFO - Sync 1 DAGs
[2026-02-07T13:08:05.877+0700] {logging_mixin.py:190} INFO - [2026-02-07T13:08:05.877+0700] {dag.py:4138} INFO - Setting next_dagrun for dag_scraping_twitter to 2026-02-06 23:00:00+00:00, run_after=2026-02-07 11:00:00+00:00
[2026-02-07T13:08:05.907+0700] {processor.py:208} INFO - Processing /opt/airflow/dags/dag_scraping_twitter.py took 0.141 seconds
[2026-02-07T13:08:36.228+0700] {processor.py:186} INFO - Started process (PID=3961) to work on /opt/airflow/dags/dag_scraping_twitter.py
[2026-02-07T13:08:36.231+0700] {processor.py:914} INFO - Processing file /opt/airflow/dags/dag_scraping_twitter.py for tasks to queue
[2026-02-07T13:08:36.235+0700] {logging_mixin.py:190} INFO - [2026-02-07T13:08:36.234+0700] {dagbag.py:587} INFO - Filling up the DagBag from /opt/airflow/dags/dag_scraping_twitter.py
[2026-02-07T13:08:36.260+0700] {processor.py:925} INFO - DAG(s) 'dag_scraping_twitter' retrieved from /opt/airflow/dags/dag_scraping_twitter.py
[2026-02-07T13:08:36.298+0700] {logging_mixin.py:190} INFO - [2026-02-07T13:08:36.298+0700] {dag.py:3211} INFO - Sync 1 DAGs
[2026-02-07T13:08:36.328+0700] {logging_mixin.py:190} INFO - [2026-02-07T13:08:36.328+0700] {dag.py:4138} INFO - Setting next_dagrun for dag_scraping_twitter to 2026-02-06 23:00:00+00:00, run_after=2026-02-07 11:00:00+00:00
[2026-02-07T13:08:36.359+0700] {processor.py:208} INFO - Processing /opt/airflow/dags/dag_scraping_twitter.py took 0.138 seconds
[2026-02-07T13:09:06.412+0700] {processor.py:186} INFO - Started process (PID=3971) to work on /opt/airflow/dags/dag_scraping_twitter.py
[2026-02-07T13:09:06.413+0700] {processor.py:914} INFO - Processing file /opt/airflow/dags/dag_scraping_twitter.py for tasks to queue
[2026-02-07T13:09:06.416+0700] {logging_mixin.py:190} INFO - [2026-02-07T13:09:06.416+0700] {dagbag.py:587} INFO - Filling up the DagBag from /opt/airflow/dags/dag_scraping_twitter.py
[2026-02-07T13:09:06.438+0700] {processor.py:925} INFO - DAG(s) 'dag_scraping_twitter' retrieved from /opt/airflow/dags/dag_scraping_twitter.py
[2026-02-07T13:09:06.472+0700] {logging_mixin.py:190} INFO - [2026-02-07T13:09:06.472+0700] {dag.py:3211} INFO - Sync 1 DAGs
[2026-02-07T13:09:06.500+0700] {logging_mixin.py:190} INFO - [2026-02-07T13:09:06.500+0700] {dag.py:4138} INFO - Setting next_dagrun for dag_scraping_twitter to 2026-02-06 23:00:00+00:00, run_after=2026-02-07 11:00:00+00:00
[2026-02-07T13:09:06.529+0700] {processor.py:208} INFO - Processing /opt/airflow/dags/dag_scraping_twitter.py took 0.127 seconds
[2026-02-07T13:09:36.672+0700] {processor.py:186} INFO - Started process (PID=3981) to work on /opt/airflow/dags/dag_scraping_twitter.py
[2026-02-07T13:09:36.674+0700] {processor.py:914} INFO - Processing file /opt/airflow/dags/dag_scraping_twitter.py for tasks to queue
[2026-02-07T13:09:36.676+0700] {logging_mixin.py:190} INFO - [2026-02-07T13:09:36.676+0700] {dagbag.py:587} INFO - Filling up the DagBag from /opt/airflow/dags/dag_scraping_twitter.py
[2026-02-07T13:09:36.706+0700] {processor.py:925} INFO - DAG(s) 'dag_scraping_twitter' retrieved from /opt/airflow/dags/dag_scraping_twitter.py
[2026-02-07T13:09:36.748+0700] {logging_mixin.py:190} INFO - [2026-02-07T13:09:36.748+0700] {dag.py:3211} INFO - Sync 1 DAGs
[2026-02-07T13:09:36.788+0700] {logging_mixin.py:190} INFO - [2026-02-07T13:09:36.787+0700] {dag.py:4138} INFO - Setting next_dagrun for dag_scraping_twitter to 2026-02-06 23:00:00+00:00, run_after=2026-02-07 11:00:00+00:00
[2026-02-07T13:09:36.819+0700] {processor.py:208} INFO - Processing /opt/airflow/dags/dag_scraping_twitter.py took 0.157 seconds
[2026-02-07T13:10:07.647+0700] {processor.py:186} INFO - Started process (PID=3991) to work on /opt/airflow/dags/dag_scraping_twitter.py
[2026-02-07T13:10:07.651+0700] {processor.py:914} INFO - Processing file /opt/airflow/dags/dag_scraping_twitter.py for tasks to queue
[2026-02-07T13:10:07.656+0700] {logging_mixin.py:190} INFO - [2026-02-07T13:10:07.655+0700] {dagbag.py:587} INFO - Filling up the DagBag from /opt/airflow/dags/dag_scraping_twitter.py
[2026-02-07T13:10:07.690+0700] {processor.py:925} INFO - DAG(s) 'dag_scraping_twitter' retrieved from /opt/airflow/dags/dag_scraping_twitter.py
[2026-02-07T13:10:07.731+0700] {logging_mixin.py:190} INFO - [2026-02-07T13:10:07.730+0700] {dag.py:3211} INFO - Sync 1 DAGs
[2026-02-07T13:10:07.767+0700] {logging_mixin.py:190} INFO - [2026-02-07T13:10:07.767+0700] {dag.py:4138} INFO - Setting next_dagrun for dag_scraping_twitter to 2026-02-06 23:00:00+00:00, run_after=2026-02-07 11:00:00+00:00
[2026-02-07T13:10:07.798+0700] {processor.py:208} INFO - Processing /opt/airflow/dags/dag_scraping_twitter.py took 0.160 seconds
[2026-02-07T13:10:38.032+0700] {processor.py:186} INFO - Started process (PID=4006) to work on /opt/airflow/dags/dag_scraping_twitter.py
[2026-02-07T13:10:38.033+0700] {processor.py:914} INFO - Processing file /opt/airflow/dags/dag_scraping_twitter.py for tasks to queue
[2026-02-07T13:10:38.037+0700] {logging_mixin.py:190} INFO - [2026-02-07T13:10:38.036+0700] {dagbag.py:587} INFO - Filling up the DagBag from /opt/airflow/dags/dag_scraping_twitter.py
[2026-02-07T13:10:38.057+0700] {processor.py:925} INFO - DAG(s) 'dag_scraping_twitter' retrieved from /opt/airflow/dags/dag_scraping_twitter.py
[2026-02-07T13:10:38.089+0700] {logging_mixin.py:190} INFO - [2026-02-07T13:10:38.089+0700] {dag.py:3211} INFO - Sync 1 DAGs
[2026-02-07T13:10:38.112+0700] {logging_mixin.py:190} INFO - [2026-02-07T13:10:38.112+0700] {dag.py:4138} INFO - Setting next_dagrun for dag_scraping_twitter to 2026-02-06 23:00:00+00:00, run_after=2026-02-07 11:00:00+00:00
[2026-02-07T13:10:38.142+0700] {processor.py:208} INFO - Processing /opt/airflow/dags/dag_scraping_twitter.py took 0.117 seconds
[2026-02-07T13:11:08.311+0700] {processor.py:186} INFO - Started process (PID=4011) to work on /opt/airflow/dags/dag_scraping_twitter.py
[2026-02-07T13:11:08.313+0700] {processor.py:914} INFO - Processing file /opt/airflow/dags/dag_scraping_twitter.py for tasks to queue
[2026-02-07T13:11:08.316+0700] {logging_mixin.py:190} INFO - [2026-02-07T13:11:08.316+0700] {dagbag.py:587} INFO - Filling up the DagBag from /opt/airflow/dags/dag_scraping_twitter.py
[2026-02-07T13:11:08.346+0700] {processor.py:925} INFO - DAG(s) 'dag_scraping_twitter' retrieved from /opt/airflow/dags/dag_scraping_twitter.py
[2026-02-07T13:11:08.383+0700] {logging_mixin.py:190} INFO - [2026-02-07T13:11:08.382+0700] {dag.py:3211} INFO - Sync 1 DAGs
[2026-02-07T13:11:08.414+0700] {logging_mixin.py:190} INFO - [2026-02-07T13:11:08.414+0700] {dag.py:4138} INFO - Setting next_dagrun for dag_scraping_twitter to 2026-02-06 23:00:00+00:00, run_after=2026-02-07 11:00:00+00:00
[2026-02-07T13:11:08.447+0700] {processor.py:208} INFO - Processing /opt/airflow/dags/dag_scraping_twitter.py took 0.146 seconds
[2026-02-07T13:11:38.786+0700] {processor.py:186} INFO - Started process (PID=4021) to work on /opt/airflow/dags/dag_scraping_twitter.py
[2026-02-07T13:11:38.787+0700] {processor.py:914} INFO - Processing file /opt/airflow/dags/dag_scraping_twitter.py for tasks to queue
[2026-02-07T13:11:38.789+0700] {logging_mixin.py:190} INFO - [2026-02-07T13:11:38.789+0700] {dagbag.py:587} INFO - Filling up the DagBag from /opt/airflow/dags/dag_scraping_twitter.py
[2026-02-07T13:11:38.818+0700] {processor.py:925} INFO - DAG(s) 'dag_scraping_twitter' retrieved from /opt/airflow/dags/dag_scraping_twitter.py
[2026-02-07T13:11:38.856+0700] {logging_mixin.py:190} INFO - [2026-02-07T13:11:38.856+0700] {dag.py:3211} INFO - Sync 1 DAGs
[2026-02-07T13:11:38.890+0700] {logging_mixin.py:190} INFO - [2026-02-07T13:11:38.889+0700] {dag.py:4138} INFO - Setting next_dagrun for dag_scraping_twitter to 2026-02-06 23:00:00+00:00, run_after=2026-02-07 11:00:00+00:00
[2026-02-07T13:11:38.918+0700] {processor.py:208} INFO - Processing /opt/airflow/dags/dag_scraping_twitter.py took 0.139 seconds
[2026-02-07T13:12:09.099+0700] {processor.py:186} INFO - Started process (PID=4031) to work on /opt/airflow/dags/dag_scraping_twitter.py
[2026-02-07T13:12:09.102+0700] {processor.py:914} INFO - Processing file /opt/airflow/dags/dag_scraping_twitter.py for tasks to queue
[2026-02-07T13:12:09.106+0700] {logging_mixin.py:190} INFO - [2026-02-07T13:12:09.105+0700] {dagbag.py:587} INFO - Filling up the DagBag from /opt/airflow/dags/dag_scraping_twitter.py
[2026-02-07T13:12:09.139+0700] {processor.py:925} INFO - DAG(s) 'dag_scraping_twitter' retrieved from /opt/airflow/dags/dag_scraping_twitter.py
[2026-02-07T13:12:09.183+0700] {logging_mixin.py:190} INFO - [2026-02-07T13:12:09.182+0700] {dag.py:3211} INFO - Sync 1 DAGs
[2026-02-07T13:12:09.216+0700] {logging_mixin.py:190} INFO - [2026-02-07T13:12:09.215+0700] {dag.py:4138} INFO - Setting next_dagrun for dag_scraping_twitter to 2026-02-06 23:00:00+00:00, run_after=2026-02-07 11:00:00+00:00
[2026-02-07T13:12:09.248+0700] {processor.py:208} INFO - Processing /opt/airflow/dags/dag_scraping_twitter.py took 0.162 seconds
[2026-02-07T13:12:40.090+0700] {processor.py:186} INFO - Started process (PID=4041) to work on /opt/airflow/dags/dag_scraping_twitter.py
[2026-02-07T13:12:40.091+0700] {processor.py:914} INFO - Processing file /opt/airflow/dags/dag_scraping_twitter.py for tasks to queue
[2026-02-07T13:12:40.095+0700] {logging_mixin.py:190} INFO - [2026-02-07T13:12:40.095+0700] {dagbag.py:587} INFO - Filling up the DagBag from /opt/airflow/dags/dag_scraping_twitter.py
[2026-02-07T13:12:40.122+0700] {processor.py:925} INFO - DAG(s) 'dag_scraping_twitter' retrieved from /opt/airflow/dags/dag_scraping_twitter.py
[2026-02-07T13:12:40.160+0700] {logging_mixin.py:190} INFO - [2026-02-07T13:12:40.160+0700] {dag.py:3211} INFO - Sync 1 DAGs
[2026-02-07T13:12:40.191+0700] {logging_mixin.py:190} INFO - [2026-02-07T13:12:40.191+0700] {dag.py:4138} INFO - Setting next_dagrun for dag_scraping_twitter to 2026-02-06 23:00:00+00:00, run_after=2026-02-07 11:00:00+00:00
[2026-02-07T13:12:40.222+0700] {processor.py:208} INFO - Processing /opt/airflow/dags/dag_scraping_twitter.py took 0.145 seconds
[2026-02-07T13:13:10.331+0700] {processor.py:186} INFO - Started process (PID=4051) to work on /opt/airflow/dags/dag_scraping_twitter.py
[2026-02-07T13:13:10.332+0700] {processor.py:914} INFO - Processing file /opt/airflow/dags/dag_scraping_twitter.py for tasks to queue
[2026-02-07T13:13:10.336+0700] {logging_mixin.py:190} INFO - [2026-02-07T13:13:10.335+0700] {dagbag.py:587} INFO - Filling up the DagBag from /opt/airflow/dags/dag_scraping_twitter.py
[2026-02-07T13:13:10.358+0700] {processor.py:925} INFO - DAG(s) 'dag_scraping_twitter' retrieved from /opt/airflow/dags/dag_scraping_twitter.py
[2026-02-07T13:13:10.388+0700] {logging_mixin.py:190} INFO - [2026-02-07T13:13:10.388+0700] {dag.py:3211} INFO - Sync 1 DAGs
[2026-02-07T13:13:10.422+0700] {logging_mixin.py:190} INFO - [2026-02-07T13:13:10.422+0700] {dag.py:4138} INFO - Setting next_dagrun for dag_scraping_twitter to 2026-02-06 23:00:00+00:00, run_after=2026-02-07 11:00:00+00:00
[2026-02-07T13:13:10.449+0700] {processor.py:208} INFO - Processing /opt/airflow/dags/dag_scraping_twitter.py took 0.126 seconds
[2026-02-07T13:13:40.751+0700] {processor.py:186} INFO - Started process (PID=4061) to work on /opt/airflow/dags/dag_scraping_twitter.py
[2026-02-07T13:13:40.752+0700] {processor.py:914} INFO - Processing file /opt/airflow/dags/dag_scraping_twitter.py for tasks to queue
[2026-02-07T13:13:40.758+0700] {logging_mixin.py:190} INFO - [2026-02-07T13:13:40.757+0700] {dagbag.py:587} INFO - Filling up the DagBag from /opt/airflow/dags/dag_scraping_twitter.py
[2026-02-07T13:13:40.823+0700] {processor.py:925} INFO - DAG(s) 'dag_scraping_twitter' retrieved from /opt/airflow/dags/dag_scraping_twitter.py
[2026-02-07T13:13:40.933+0700] {logging_mixin.py:190} INFO - [2026-02-07T13:13:40.932+0700] {dag.py:3211} INFO - Sync 1 DAGs
[2026-02-07T13:13:40.991+0700] {logging_mixin.py:190} INFO - [2026-02-07T13:13:40.991+0700] {dag.py:4138} INFO - Setting next_dagrun for dag_scraping_twitter to 2026-02-06 23:00:00+00:00, run_after=2026-02-07 11:00:00+00:00
[2026-02-07T13:13:41.060+0700] {processor.py:208} INFO - Processing /opt/airflow/dags/dag_scraping_twitter.py took 0.318 seconds
[2026-02-07T13:14:11.221+0700] {processor.py:186} INFO - Started process (PID=4071) to work on /opt/airflow/dags/dag_scraping_twitter.py
[2026-02-07T13:14:11.222+0700] {processor.py:914} INFO - Processing file /opt/airflow/dags/dag_scraping_twitter.py for tasks to queue
[2026-02-07T13:14:11.225+0700] {logging_mixin.py:190} INFO - [2026-02-07T13:14:11.225+0700] {dagbag.py:587} INFO - Filling up the DagBag from /opt/airflow/dags/dag_scraping_twitter.py
[2026-02-07T13:14:11.249+0700] {processor.py:925} INFO - DAG(s) 'dag_scraping_twitter' retrieved from /opt/airflow/dags/dag_scraping_twitter.py
[2026-02-07T13:14:11.286+0700] {logging_mixin.py:190} INFO - [2026-02-07T13:14:11.286+0700] {dag.py:3211} INFO - Sync 1 DAGs
[2026-02-07T13:14:11.318+0700] {logging_mixin.py:190} INFO - [2026-02-07T13:14:11.318+0700] {dag.py:4138} INFO - Setting next_dagrun for dag_scraping_twitter to 2026-02-06 23:00:00+00:00, run_after=2026-02-07 11:00:00+00:00
[2026-02-07T13:14:11.347+0700] {processor.py:208} INFO - Processing /opt/airflow/dags/dag_scraping_twitter.py took 0.137 seconds
[2026-02-07T13:14:42.295+0700] {processor.py:186} INFO - Started process (PID=4081) to work on /opt/airflow/dags/dag_scraping_twitter.py
[2026-02-07T13:14:42.296+0700] {processor.py:914} INFO - Processing file /opt/airflow/dags/dag_scraping_twitter.py for tasks to queue
[2026-02-07T13:14:42.299+0700] {logging_mixin.py:190} INFO - [2026-02-07T13:14:42.299+0700] {dagbag.py:587} INFO - Filling up the DagBag from /opt/airflow/dags/dag_scraping_twitter.py
[2026-02-07T13:14:42.325+0700] {processor.py:925} INFO - DAG(s) 'dag_scraping_twitter' retrieved from /opt/airflow/dags/dag_scraping_twitter.py
[2026-02-07T13:14:42.356+0700] {logging_mixin.py:190} INFO - [2026-02-07T13:14:42.355+0700] {dag.py:3211} INFO - Sync 1 DAGs
[2026-02-07T13:14:42.385+0700] {logging_mixin.py:190} INFO - [2026-02-07T13:14:42.385+0700] {dag.py:4138} INFO - Setting next_dagrun for dag_scraping_twitter to 2026-02-06 23:00:00+00:00, run_after=2026-02-07 11:00:00+00:00
[2026-02-07T13:14:42.412+0700] {processor.py:208} INFO - Processing /opt/airflow/dags/dag_scraping_twitter.py took 0.127 seconds
[2026-02-07T13:15:12.937+0700] {processor.py:186} INFO - Started process (PID=4091) to work on /opt/airflow/dags/dag_scraping_twitter.py
[2026-02-07T13:15:12.939+0700] {processor.py:914} INFO - Processing file /opt/airflow/dags/dag_scraping_twitter.py for tasks to queue
[2026-02-07T13:15:12.942+0700] {logging_mixin.py:190} INFO - [2026-02-07T13:15:12.941+0700] {dagbag.py:587} INFO - Filling up the DagBag from /opt/airflow/dags/dag_scraping_twitter.py
[2026-02-07T13:15:12.980+0700] {processor.py:925} INFO - DAG(s) 'dag_scraping_twitter' retrieved from /opt/airflow/dags/dag_scraping_twitter.py
[2026-02-07T13:15:13.026+0700] {logging_mixin.py:190} INFO - [2026-02-07T13:15:13.026+0700] {dag.py:3211} INFO - Sync 1 DAGs
[2026-02-07T13:15:13.067+0700] {logging_mixin.py:190} INFO - [2026-02-07T13:15:13.067+0700] {dag.py:4138} INFO - Setting next_dagrun for dag_scraping_twitter to 2026-02-06 23:00:00+00:00, run_after=2026-02-07 11:00:00+00:00
[2026-02-07T13:15:13.096+0700] {processor.py:208} INFO - Processing /opt/airflow/dags/dag_scraping_twitter.py took 0.167 seconds
[2026-02-07T13:15:43.623+0700] {processor.py:186} INFO - Started process (PID=4101) to work on /opt/airflow/dags/dag_scraping_twitter.py
[2026-02-07T13:15:43.624+0700] {processor.py:914} INFO - Processing file /opt/airflow/dags/dag_scraping_twitter.py for tasks to queue
[2026-02-07T13:15:43.630+0700] {logging_mixin.py:190} INFO - [2026-02-07T13:15:43.629+0700] {dagbag.py:587} INFO - Filling up the DagBag from /opt/airflow/dags/dag_scraping_twitter.py
[2026-02-07T13:15:43.666+0700] {processor.py:925} INFO - DAG(s) 'dag_scraping_twitter' retrieved from /opt/airflow/dags/dag_scraping_twitter.py
[2026-02-07T13:15:43.709+0700] {logging_mixin.py:190} INFO - [2026-02-07T13:15:43.708+0700] {dag.py:3211} INFO - Sync 1 DAGs
[2026-02-07T13:15:43.745+0700] {logging_mixin.py:190} INFO - [2026-02-07T13:15:43.745+0700] {dag.py:4138} INFO - Setting next_dagrun for dag_scraping_twitter to 2026-02-06 23:00:00+00:00, run_after=2026-02-07 11:00:00+00:00
[2026-02-07T13:15:43.771+0700] {processor.py:208} INFO - Processing /opt/airflow/dags/dag_scraping_twitter.py took 0.157 seconds
[2026-02-07T13:16:13.946+0700] {processor.py:186} INFO - Started process (PID=4111) to work on /opt/airflow/dags/dag_scraping_twitter.py
[2026-02-07T13:16:13.948+0700] {processor.py:914} INFO - Processing file /opt/airflow/dags/dag_scraping_twitter.py for tasks to queue
[2026-02-07T13:16:13.952+0700] {logging_mixin.py:190} INFO - [2026-02-07T13:16:13.952+0700] {dagbag.py:587} INFO - Filling up the DagBag from /opt/airflow/dags/dag_scraping_twitter.py
[2026-02-07T13:16:13.975+0700] {processor.py:925} INFO - DAG(s) 'dag_scraping_twitter' retrieved from /opt/airflow/dags/dag_scraping_twitter.py
[2026-02-07T13:16:14.009+0700] {logging_mixin.py:190} INFO - [2026-02-07T13:16:14.008+0700] {dag.py:3211} INFO - Sync 1 DAGs
[2026-02-07T13:16:14.040+0700] {logging_mixin.py:190} INFO - [2026-02-07T13:16:14.039+0700] {dag.py:4138} INFO - Setting next_dagrun for dag_scraping_twitter to 2026-02-06 23:00:00+00:00, run_after=2026-02-07 11:00:00+00:00
[2026-02-07T13:16:14.068+0700] {processor.py:208} INFO - Processing /opt/airflow/dags/dag_scraping_twitter.py took 0.131 seconds
[2026-02-07T13:16:44.196+0700] {processor.py:186} INFO - Started process (PID=4121) to work on /opt/airflow/dags/dag_scraping_twitter.py
[2026-02-07T13:16:44.198+0700] {processor.py:914} INFO - Processing file /opt/airflow/dags/dag_scraping_twitter.py for tasks to queue
[2026-02-07T13:16:44.202+0700] {logging_mixin.py:190} INFO - [2026-02-07T13:16:44.201+0700] {dagbag.py:587} INFO - Filling up the DagBag from /opt/airflow/dags/dag_scraping_twitter.py
[2026-02-07T13:16:44.235+0700] {processor.py:925} INFO - DAG(s) 'dag_scraping_twitter' retrieved from /opt/airflow/dags/dag_scraping_twitter.py
[2026-02-07T13:16:44.291+0700] {logging_mixin.py:190} INFO - [2026-02-07T13:16:44.291+0700] {dag.py:3211} INFO - Sync 1 DAGs
[2026-02-07T13:16:44.335+0700] {logging_mixin.py:190} INFO - [2026-02-07T13:16:44.334+0700] {dag.py:4138} INFO - Setting next_dagrun for dag_scraping_twitter to 2026-02-06 23:00:00+00:00, run_after=2026-02-07 11:00:00+00:00
[2026-02-07T13:16:44.366+0700] {processor.py:208} INFO - Processing /opt/airflow/dags/dag_scraping_twitter.py took 0.182 seconds
[2026-02-07T13:17:14.625+0700] {processor.py:186} INFO - Started process (PID=4131) to work on /opt/airflow/dags/dag_scraping_twitter.py
[2026-02-07T13:17:14.627+0700] {processor.py:914} INFO - Processing file /opt/airflow/dags/dag_scraping_twitter.py for tasks to queue
[2026-02-07T13:17:14.633+0700] {logging_mixin.py:190} INFO - [2026-02-07T13:17:14.632+0700] {dagbag.py:587} INFO - Filling up the DagBag from /opt/airflow/dags/dag_scraping_twitter.py
[2026-02-07T13:17:14.678+0700] {processor.py:925} INFO - DAG(s) 'dag_scraping_twitter' retrieved from /opt/airflow/dags/dag_scraping_twitter.py
[2026-02-07T13:17:14.725+0700] {logging_mixin.py:190} INFO - [2026-02-07T13:17:14.724+0700] {dag.py:3211} INFO - Sync 1 DAGs
[2026-02-07T13:17:14.767+0700] {logging_mixin.py:190} INFO - [2026-02-07T13:17:14.767+0700] {dag.py:4138} INFO - Setting next_dagrun for dag_scraping_twitter to 2026-02-06 23:00:00+00:00, run_after=2026-02-07 11:00:00+00:00
[2026-02-07T13:17:14.792+0700] {processor.py:208} INFO - Processing /opt/airflow/dags/dag_scraping_twitter.py took 0.177 seconds
[2026-02-07T13:17:44.844+0700] {processor.py:186} INFO - Started process (PID=4141) to work on /opt/airflow/dags/dag_scraping_twitter.py
[2026-02-07T13:17:44.845+0700] {processor.py:914} INFO - Processing file /opt/airflow/dags/dag_scraping_twitter.py for tasks to queue
[2026-02-07T13:17:44.848+0700] {logging_mixin.py:190} INFO - [2026-02-07T13:17:44.847+0700] {dagbag.py:587} INFO - Filling up the DagBag from /opt/airflow/dags/dag_scraping_twitter.py
[2026-02-07T13:17:44.872+0700] {processor.py:925} INFO - DAG(s) 'dag_scraping_twitter' retrieved from /opt/airflow/dags/dag_scraping_twitter.py
[2026-02-07T13:17:44.900+0700] {logging_mixin.py:190} INFO - [2026-02-07T13:17:44.900+0700] {dag.py:3211} INFO - Sync 1 DAGs
[2026-02-07T13:17:44.926+0700] {logging_mixin.py:190} INFO - [2026-02-07T13:17:44.926+0700] {dag.py:4138} INFO - Setting next_dagrun for dag_scraping_twitter to 2026-02-06 23:00:00+00:00, run_after=2026-02-07 11:00:00+00:00
[2026-02-07T13:17:44.954+0700] {processor.py:208} INFO - Processing /opt/airflow/dags/dag_scraping_twitter.py took 0.117 seconds
[2026-02-07T13:18:15.304+0700] {processor.py:186} INFO - Started process (PID=4151) to work on /opt/airflow/dags/dag_scraping_twitter.py
[2026-02-07T13:18:15.305+0700] {processor.py:914} INFO - Processing file /opt/airflow/dags/dag_scraping_twitter.py for tasks to queue
[2026-02-07T13:18:15.313+0700] {logging_mixin.py:190} INFO - [2026-02-07T13:18:15.312+0700] {dagbag.py:587} INFO - Filling up the DagBag from /opt/airflow/dags/dag_scraping_twitter.py
[2026-02-07T13:18:15.349+0700] {processor.py:925} INFO - DAG(s) 'dag_scraping_twitter' retrieved from /opt/airflow/dags/dag_scraping_twitter.py
[2026-02-07T13:18:15.383+0700] {logging_mixin.py:190} INFO - [2026-02-07T13:18:15.382+0700] {dag.py:3211} INFO - Sync 1 DAGs
[2026-02-07T13:18:15.410+0700] {logging_mixin.py:190} INFO - [2026-02-07T13:18:15.410+0700] {dag.py:4138} INFO - Setting next_dagrun for dag_scraping_twitter to 2026-02-06 23:00:00+00:00, run_after=2026-02-07 11:00:00+00:00
[2026-02-07T13:18:15.432+0700] {processor.py:208} INFO - Processing /opt/airflow/dags/dag_scraping_twitter.py took 0.138 seconds
[2026-02-07T13:18:45.635+0700] {processor.py:186} INFO - Started process (PID=4161) to work on /opt/airflow/dags/dag_scraping_twitter.py
[2026-02-07T13:18:45.637+0700] {processor.py:914} INFO - Processing file /opt/airflow/dags/dag_scraping_twitter.py for tasks to queue
[2026-02-07T13:18:45.641+0700] {logging_mixin.py:190} INFO - [2026-02-07T13:18:45.640+0700] {dagbag.py:587} INFO - Filling up the DagBag from /opt/airflow/dags/dag_scraping_twitter.py
[2026-02-07T13:18:45.674+0700] {processor.py:925} INFO - DAG(s) 'dag_scraping_twitter' retrieved from /opt/airflow/dags/dag_scraping_twitter.py
[2026-02-07T13:18:45.709+0700] {logging_mixin.py:190} INFO - [2026-02-07T13:18:45.709+0700] {dag.py:3211} INFO - Sync 1 DAGs
[2026-02-07T13:18:45.743+0700] {logging_mixin.py:190} INFO - [2026-02-07T13:18:45.743+0700] {dag.py:4138} INFO - Setting next_dagrun for dag_scraping_twitter to 2026-02-06 23:00:00+00:00, run_after=2026-02-07 11:00:00+00:00
[2026-02-07T13:18:45.777+0700] {processor.py:208} INFO - Processing /opt/airflow/dags/dag_scraping_twitter.py took 0.157 seconds
[2026-02-07T13:19:16.749+0700] {processor.py:186} INFO - Started process (PID=4171) to work on /opt/airflow/dags/dag_scraping_twitter.py
[2026-02-07T13:19:16.750+0700] {processor.py:914} INFO - Processing file /opt/airflow/dags/dag_scraping_twitter.py for tasks to queue
[2026-02-07T13:19:16.752+0700] {logging_mixin.py:190} INFO - [2026-02-07T13:19:16.752+0700] {dagbag.py:587} INFO - Filling up the DagBag from /opt/airflow/dags/dag_scraping_twitter.py
[2026-02-07T13:19:16.774+0700] {processor.py:925} INFO - DAG(s) 'dag_scraping_twitter' retrieved from /opt/airflow/dags/dag_scraping_twitter.py
[2026-02-07T13:19:16.806+0700] {logging_mixin.py:190} INFO - [2026-02-07T13:19:16.806+0700] {dag.py:3211} INFO - Sync 1 DAGs
[2026-02-07T13:19:16.835+0700] {logging_mixin.py:190} INFO - [2026-02-07T13:19:16.835+0700] {dag.py:4138} INFO - Setting next_dagrun for dag_scraping_twitter to 2026-02-06 23:00:00+00:00, run_after=2026-02-07 11:00:00+00:00
[2026-02-07T13:19:16.859+0700] {processor.py:208} INFO - Processing /opt/airflow/dags/dag_scraping_twitter.py took 0.117 seconds
[2026-02-07T13:19:47.863+0700] {processor.py:186} INFO - Started process (PID=4181) to work on /opt/airflow/dags/dag_scraping_twitter.py
[2026-02-07T13:19:47.864+0700] {processor.py:914} INFO - Processing file /opt/airflow/dags/dag_scraping_twitter.py for tasks to queue
[2026-02-07T13:19:47.867+0700] {logging_mixin.py:190} INFO - [2026-02-07T13:19:47.867+0700] {dagbag.py:587} INFO - Filling up the DagBag from /opt/airflow/dags/dag_scraping_twitter.py
[2026-02-07T13:19:47.888+0700] {processor.py:925} INFO - DAG(s) 'dag_scraping_twitter' retrieved from /opt/airflow/dags/dag_scraping_twitter.py
[2026-02-07T13:19:47.917+0700] {logging_mixin.py:190} INFO - [2026-02-07T13:19:47.917+0700] {dag.py:3211} INFO - Sync 1 DAGs
[2026-02-07T13:19:47.943+0700] {logging_mixin.py:190} INFO - [2026-02-07T13:19:47.943+0700] {dag.py:4138} INFO - Setting next_dagrun for dag_scraping_twitter to 2026-02-06 23:00:00+00:00, run_after=2026-02-07 11:00:00+00:00
[2026-02-07T13:19:47.968+0700] {processor.py:208} INFO - Processing /opt/airflow/dags/dag_scraping_twitter.py took 0.113 seconds
[2026-02-07T13:20:18.630+0700] {processor.py:186} INFO - Started process (PID=4191) to work on /opt/airflow/dags/dag_scraping_twitter.py
[2026-02-07T13:20:18.632+0700] {processor.py:914} INFO - Processing file /opt/airflow/dags/dag_scraping_twitter.py for tasks to queue
[2026-02-07T13:20:18.636+0700] {logging_mixin.py:190} INFO - [2026-02-07T13:20:18.635+0700] {dagbag.py:587} INFO - Filling up the DagBag from /opt/airflow/dags/dag_scraping_twitter.py
[2026-02-07T13:20:18.657+0700] {processor.py:925} INFO - DAG(s) 'dag_scraping_twitter' retrieved from /opt/airflow/dags/dag_scraping_twitter.py
[2026-02-07T13:20:18.687+0700] {logging_mixin.py:190} INFO - [2026-02-07T13:20:18.686+0700] {dag.py:3211} INFO - Sync 1 DAGs
[2026-02-07T13:20:18.717+0700] {logging_mixin.py:190} INFO - [2026-02-07T13:20:18.717+0700] {dag.py:4138} INFO - Setting next_dagrun for dag_scraping_twitter to 2026-02-06 23:00:00+00:00, run_after=2026-02-07 11:00:00+00:00
[2026-02-07T13:20:18.742+0700] {processor.py:208} INFO - Processing /opt/airflow/dags/dag_scraping_twitter.py took 0.120 seconds
[2026-02-07T13:20:48.815+0700] {processor.py:186} INFO - Started process (PID=4201) to work on /opt/airflow/dags/dag_scraping_twitter.py
[2026-02-07T13:20:48.816+0700] {processor.py:914} INFO - Processing file /opt/airflow/dags/dag_scraping_twitter.py for tasks to queue
[2026-02-07T13:20:48.819+0700] {logging_mixin.py:190} INFO - [2026-02-07T13:20:48.818+0700] {dagbag.py:587} INFO - Filling up the DagBag from /opt/airflow/dags/dag_scraping_twitter.py
[2026-02-07T13:20:48.839+0700] {processor.py:925} INFO - DAG(s) 'dag_scraping_twitter' retrieved from /opt/airflow/dags/dag_scraping_twitter.py
[2026-02-07T13:20:48.869+0700] {logging_mixin.py:190} INFO - [2026-02-07T13:20:48.869+0700] {dag.py:3211} INFO - Sync 1 DAGs
[2026-02-07T13:20:48.895+0700] {logging_mixin.py:190} INFO - [2026-02-07T13:20:48.895+0700] {dag.py:4138} INFO - Setting next_dagrun for dag_scraping_twitter to 2026-02-06 23:00:00+00:00, run_after=2026-02-07 11:00:00+00:00
[2026-02-07T13:20:48.919+0700] {processor.py:208} INFO - Processing /opt/airflow/dags/dag_scraping_twitter.py took 0.111 seconds
[2026-02-07T13:21:19.962+0700] {processor.py:186} INFO - Started process (PID=4211) to work on /opt/airflow/dags/dag_scraping_twitter.py
[2026-02-07T13:21:19.964+0700] {processor.py:914} INFO - Processing file /opt/airflow/dags/dag_scraping_twitter.py for tasks to queue
[2026-02-07T13:21:19.967+0700] {logging_mixin.py:190} INFO - [2026-02-07T13:21:19.967+0700] {dagbag.py:587} INFO - Filling up the DagBag from /opt/airflow/dags/dag_scraping_twitter.py
[2026-02-07T13:21:19.998+0700] {processor.py:925} INFO - DAG(s) 'dag_scraping_twitter' retrieved from /opt/airflow/dags/dag_scraping_twitter.py
[2026-02-07T13:21:20.034+0700] {logging_mixin.py:190} INFO - [2026-02-07T13:21:20.034+0700] {dag.py:3211} INFO - Sync 1 DAGs
[2026-02-07T13:21:20.066+0700] {logging_mixin.py:190} INFO - [2026-02-07T13:21:20.066+0700] {dag.py:4138} INFO - Setting next_dagrun for dag_scraping_twitter to 2026-02-06 23:00:00+00:00, run_after=2026-02-07 11:00:00+00:00
[2026-02-07T13:21:20.089+0700] {processor.py:208} INFO - Processing /opt/airflow/dags/dag_scraping_twitter.py took 0.141 seconds
[2026-02-07T13:21:51.015+0700] {processor.py:186} INFO - Started process (PID=4221) to work on /opt/airflow/dags/dag_scraping_twitter.py
[2026-02-07T13:21:51.016+0700] {processor.py:914} INFO - Processing file /opt/airflow/dags/dag_scraping_twitter.py for tasks to queue
[2026-02-07T13:21:51.019+0700] {logging_mixin.py:190} INFO - [2026-02-07T13:21:51.019+0700] {dagbag.py:587} INFO - Filling up the DagBag from /opt/airflow/dags/dag_scraping_twitter.py
[2026-02-07T13:21:51.041+0700] {processor.py:925} INFO - DAG(s) 'dag_scraping_twitter' retrieved from /opt/airflow/dags/dag_scraping_twitter.py
[2026-02-07T13:21:51.074+0700] {logging_mixin.py:190} INFO - [2026-02-07T13:21:51.073+0700] {dag.py:3211} INFO - Sync 1 DAGs
[2026-02-07T13:21:51.100+0700] {logging_mixin.py:190} INFO - [2026-02-07T13:21:51.100+0700] {dag.py:4138} INFO - Setting next_dagrun for dag_scraping_twitter to 2026-02-06 23:00:00+00:00, run_after=2026-02-07 11:00:00+00:00
[2026-02-07T13:21:51.126+0700] {processor.py:208} INFO - Processing /opt/airflow/dags/dag_scraping_twitter.py took 0.118 seconds
[2026-02-07T13:22:21.944+0700] {processor.py:186} INFO - Started process (PID=4231) to work on /opt/airflow/dags/dag_scraping_twitter.py
[2026-02-07T13:22:21.945+0700] {processor.py:914} INFO - Processing file /opt/airflow/dags/dag_scraping_twitter.py for tasks to queue
[2026-02-07T13:22:21.949+0700] {logging_mixin.py:190} INFO - [2026-02-07T13:22:21.949+0700] {dagbag.py:587} INFO - Filling up the DagBag from /opt/airflow/dags/dag_scraping_twitter.py
[2026-02-07T13:22:21.978+0700] {processor.py:925} INFO - DAG(s) 'dag_scraping_twitter' retrieved from /opt/airflow/dags/dag_scraping_twitter.py
[2026-02-07T13:22:22.018+0700] {logging_mixin.py:190} INFO - [2026-02-07T13:22:22.017+0700] {dag.py:3211} INFO - Sync 1 DAGs
[2026-02-07T13:22:22.049+0700] {logging_mixin.py:190} INFO - [2026-02-07T13:22:22.049+0700] {dag.py:4138} INFO - Setting next_dagrun for dag_scraping_twitter to 2026-02-06 23:00:00+00:00, run_after=2026-02-07 11:00:00+00:00
[2026-02-07T13:22:22.083+0700] {processor.py:208} INFO - Processing /opt/airflow/dags/dag_scraping_twitter.py took 0.148 seconds
[2026-02-07T13:22:52.153+0700] {processor.py:186} INFO - Started process (PID=4241) to work on /opt/airflow/dags/dag_scraping_twitter.py
[2026-02-07T13:22:52.154+0700] {processor.py:914} INFO - Processing file /opt/airflow/dags/dag_scraping_twitter.py for tasks to queue
[2026-02-07T13:22:52.156+0700] {logging_mixin.py:190} INFO - [2026-02-07T13:22:52.156+0700] {dagbag.py:587} INFO - Filling up the DagBag from /opt/airflow/dags/dag_scraping_twitter.py
[2026-02-07T13:22:52.177+0700] {processor.py:925} INFO - DAG(s) 'dag_scraping_twitter' retrieved from /opt/airflow/dags/dag_scraping_twitter.py
[2026-02-07T13:22:52.205+0700] {logging_mixin.py:190} INFO - [2026-02-07T13:22:52.205+0700] {dag.py:3211} INFO - Sync 1 DAGs
[2026-02-07T13:22:52.232+0700] {logging_mixin.py:190} INFO - [2026-02-07T13:22:52.232+0700] {dag.py:4138} INFO - Setting next_dagrun for dag_scraping_twitter to 2026-02-06 23:00:00+00:00, run_after=2026-02-07 11:00:00+00:00
[2026-02-07T13:22:52.257+0700] {processor.py:208} INFO - Processing /opt/airflow/dags/dag_scraping_twitter.py took 0.113 seconds
[2026-02-07T13:23:23.100+0700] {processor.py:186} INFO - Started process (PID=4251) to work on /opt/airflow/dags/dag_scraping_twitter.py
[2026-02-07T13:23:23.102+0700] {processor.py:914} INFO - Processing file /opt/airflow/dags/dag_scraping_twitter.py for tasks to queue
[2026-02-07T13:23:23.107+0700] {logging_mixin.py:190} INFO - [2026-02-07T13:23:23.106+0700] {dagbag.py:587} INFO - Filling up the DagBag from /opt/airflow/dags/dag_scraping_twitter.py
[2026-02-07T13:23:23.140+0700] {processor.py:925} INFO - DAG(s) 'dag_scraping_twitter' retrieved from /opt/airflow/dags/dag_scraping_twitter.py
[2026-02-07T13:23:23.179+0700] {logging_mixin.py:190} INFO - [2026-02-07T13:23:23.179+0700] {dag.py:3211} INFO - Sync 1 DAGs
[2026-02-07T13:23:23.215+0700] {logging_mixin.py:190} INFO - [2026-02-07T13:23:23.214+0700] {dag.py:4138} INFO - Setting next_dagrun for dag_scraping_twitter to 2026-02-06 23:00:00+00:00, run_after=2026-02-07 11:00:00+00:00
[2026-02-07T13:23:23.240+0700] {processor.py:208} INFO - Processing /opt/airflow/dags/dag_scraping_twitter.py took 0.152 seconds
[2026-02-07T13:23:53.322+0700] {processor.py:186} INFO - Started process (PID=4261) to work on /opt/airflow/dags/dag_scraping_twitter.py
[2026-02-07T13:23:53.323+0700] {processor.py:914} INFO - Processing file /opt/airflow/dags/dag_scraping_twitter.py for tasks to queue
[2026-02-07T13:23:53.326+0700] {logging_mixin.py:190} INFO - [2026-02-07T13:23:53.326+0700] {dagbag.py:587} INFO - Filling up the DagBag from /opt/airflow/dags/dag_scraping_twitter.py
[2026-02-07T13:23:53.348+0700] {processor.py:925} INFO - DAG(s) 'dag_scraping_twitter' retrieved from /opt/airflow/dags/dag_scraping_twitter.py
[2026-02-07T13:23:53.378+0700] {logging_mixin.py:190} INFO - [2026-02-07T13:23:53.378+0700] {dag.py:3211} INFO - Sync 1 DAGs
[2026-02-07T13:23:53.404+0700] {logging_mixin.py:190} INFO - [2026-02-07T13:23:53.404+0700] {dag.py:4138} INFO - Setting next_dagrun for dag_scraping_twitter to 2026-02-06 23:00:00+00:00, run_after=2026-02-07 11:00:00+00:00
[2026-02-07T13:23:53.430+0700] {processor.py:208} INFO - Processing /opt/airflow/dags/dag_scraping_twitter.py took 0.115 seconds
[2026-02-07T13:24:24.384+0700] {processor.py:186} INFO - Started process (PID=4271) to work on /opt/airflow/dags/dag_scraping_twitter.py
[2026-02-07T13:24:24.385+0700] {processor.py:914} INFO - Processing file /opt/airflow/dags/dag_scraping_twitter.py for tasks to queue
[2026-02-07T13:24:24.389+0700] {logging_mixin.py:190} INFO - [2026-02-07T13:24:24.388+0700] {dagbag.py:587} INFO - Filling up the DagBag from /opt/airflow/dags/dag_scraping_twitter.py
[2026-02-07T13:24:24.411+0700] {processor.py:925} INFO - DAG(s) 'dag_scraping_twitter' retrieved from /opt/airflow/dags/dag_scraping_twitter.py
[2026-02-07T13:24:24.441+0700] {logging_mixin.py:190} INFO - [2026-02-07T13:24:24.440+0700] {dag.py:3211} INFO - Sync 1 DAGs
[2026-02-07T13:24:24.467+0700] {logging_mixin.py:190} INFO - [2026-02-07T13:24:24.467+0700] {dag.py:4138} INFO - Setting next_dagrun for dag_scraping_twitter to 2026-02-06 23:00:00+00:00, run_after=2026-02-07 11:00:00+00:00
[2026-02-07T13:24:24.492+0700] {processor.py:208} INFO - Processing /opt/airflow/dags/dag_scraping_twitter.py took 0.118 seconds
[2026-02-07T13:24:54.658+0700] {processor.py:186} INFO - Started process (PID=4281) to work on /opt/airflow/dags/dag_scraping_twitter.py
[2026-02-07T13:24:54.660+0700] {processor.py:914} INFO - Processing file /opt/airflow/dags/dag_scraping_twitter.py for tasks to queue
[2026-02-07T13:24:54.665+0700] {logging_mixin.py:190} INFO - [2026-02-07T13:24:54.664+0700] {dagbag.py:587} INFO - Filling up the DagBag from /opt/airflow/dags/dag_scraping_twitter.py
[2026-02-07T13:24:54.725+0700] {processor.py:925} INFO - DAG(s) 'dag_scraping_twitter' retrieved from /opt/airflow/dags/dag_scraping_twitter.py
[2026-02-07T13:24:54.859+0700] {logging_mixin.py:190} INFO - [2026-02-07T13:24:54.858+0700] {dag.py:3211} INFO - Sync 1 DAGs
[2026-02-07T13:24:54.947+0700] {logging_mixin.py:190} INFO - [2026-02-07T13:24:54.946+0700] {dag.py:4138} INFO - Setting next_dagrun for dag_scraping_twitter to 2026-02-06 23:00:00+00:00, run_after=2026-02-07 11:00:00+00:00
[2026-02-07T13:24:55.035+0700] {processor.py:208} INFO - Processing /opt/airflow/dags/dag_scraping_twitter.py took 0.390 seconds
[2026-02-07T13:25:25.293+0700] {processor.py:186} INFO - Started process (PID=4291) to work on /opt/airflow/dags/dag_scraping_twitter.py
[2026-02-07T13:25:25.294+0700] {processor.py:914} INFO - Processing file /opt/airflow/dags/dag_scraping_twitter.py for tasks to queue
[2026-02-07T13:25:25.299+0700] {logging_mixin.py:190} INFO - [2026-02-07T13:25:25.298+0700] {dagbag.py:587} INFO - Filling up the DagBag from /opt/airflow/dags/dag_scraping_twitter.py
[2026-02-07T13:25:25.325+0700] {processor.py:925} INFO - DAG(s) 'dag_scraping_twitter' retrieved from /opt/airflow/dags/dag_scraping_twitter.py
[2026-02-07T13:25:25.411+0700] {logging_mixin.py:190} INFO - [2026-02-07T13:25:25.407+0700] {dag.py:3211} INFO - Sync 1 DAGs
[2026-02-07T13:25:25.485+0700] {logging_mixin.py:190} INFO - [2026-02-07T13:25:25.483+0700] {dag.py:4138} INFO - Setting next_dagrun for dag_scraping_twitter to 2026-02-06 23:00:00+00:00, run_after=2026-02-07 11:00:00+00:00
[2026-02-07T13:25:25.521+0700] {processor.py:208} INFO - Processing /opt/airflow/dags/dag_scraping_twitter.py took 0.237 seconds
[2026-02-07T13:25:55.717+0700] {processor.py:186} INFO - Started process (PID=4301) to work on /opt/airflow/dags/dag_scraping_twitter.py
[2026-02-07T13:25:55.719+0700] {processor.py:914} INFO - Processing file /opt/airflow/dags/dag_scraping_twitter.py for tasks to queue
[2026-02-07T13:25:55.722+0700] {logging_mixin.py:190} INFO - [2026-02-07T13:25:55.721+0700] {dagbag.py:587} INFO - Filling up the DagBag from /opt/airflow/dags/dag_scraping_twitter.py
[2026-02-07T13:25:55.745+0700] {processor.py:925} INFO - DAG(s) 'dag_scraping_twitter' retrieved from /opt/airflow/dags/dag_scraping_twitter.py
[2026-02-07T13:25:55.780+0700] {logging_mixin.py:190} INFO - [2026-02-07T13:25:55.780+0700] {dag.py:3211} INFO - Sync 1 DAGs
[2026-02-07T13:25:55.810+0700] {logging_mixin.py:190} INFO - [2026-02-07T13:25:55.810+0700] {dag.py:4138} INFO - Setting next_dagrun for dag_scraping_twitter to 2026-02-06 23:00:00+00:00, run_after=2026-02-07 11:00:00+00:00
[2026-02-07T13:25:55.838+0700] {processor.py:208} INFO - Processing /opt/airflow/dags/dag_scraping_twitter.py took 0.128 seconds
[2026-02-07T13:26:26.805+0700] {processor.py:186} INFO - Started process (PID=4311) to work on /opt/airflow/dags/dag_scraping_twitter.py
[2026-02-07T13:26:26.806+0700] {processor.py:914} INFO - Processing file /opt/airflow/dags/dag_scraping_twitter.py for tasks to queue
[2026-02-07T13:26:26.809+0700] {logging_mixin.py:190} INFO - [2026-02-07T13:26:26.809+0700] {dagbag.py:587} INFO - Filling up the DagBag from /opt/airflow/dags/dag_scraping_twitter.py
[2026-02-07T13:26:26.834+0700] {processor.py:925} INFO - DAG(s) 'dag_scraping_twitter' retrieved from /opt/airflow/dags/dag_scraping_twitter.py
[2026-02-07T13:26:26.871+0700] {logging_mixin.py:190} INFO - [2026-02-07T13:26:26.871+0700] {dag.py:3211} INFO - Sync 1 DAGs
[2026-02-07T13:26:26.898+0700] {logging_mixin.py:190} INFO - [2026-02-07T13:26:26.898+0700] {dag.py:4138} INFO - Setting next_dagrun for dag_scraping_twitter to 2026-02-06 23:00:00+00:00, run_after=2026-02-07 11:00:00+00:00
[2026-02-07T13:26:26.928+0700] {processor.py:208} INFO - Processing /opt/airflow/dags/dag_scraping_twitter.py took 0.133 seconds
[2026-02-07T13:26:57.924+0700] {processor.py:186} INFO - Started process (PID=4321) to work on /opt/airflow/dags/dag_scraping_twitter.py
[2026-02-07T13:26:57.925+0700] {processor.py:914} INFO - Processing file /opt/airflow/dags/dag_scraping_twitter.py for tasks to queue
[2026-02-07T13:26:57.928+0700] {logging_mixin.py:190} INFO - [2026-02-07T13:26:57.928+0700] {dagbag.py:587} INFO - Filling up the DagBag from /opt/airflow/dags/dag_scraping_twitter.py
[2026-02-07T13:26:57.952+0700] {processor.py:925} INFO - DAG(s) 'dag_scraping_twitter' retrieved from /opt/airflow/dags/dag_scraping_twitter.py
[2026-02-07T13:26:57.988+0700] {logging_mixin.py:190} INFO - [2026-02-07T13:26:57.988+0700] {dag.py:3211} INFO - Sync 1 DAGs
[2026-02-07T13:26:58.020+0700] {logging_mixin.py:190} INFO - [2026-02-07T13:26:58.020+0700] {dag.py:4138} INFO - Setting next_dagrun for dag_scraping_twitter to 2026-02-06 23:00:00+00:00, run_after=2026-02-07 11:00:00+00:00
[2026-02-07T13:26:58.047+0700] {processor.py:208} INFO - Processing /opt/airflow/dags/dag_scraping_twitter.py took 0.129 seconds
[2026-02-07T13:27:28.109+0700] {processor.py:186} INFO - Started process (PID=4331) to work on /opt/airflow/dags/dag_scraping_twitter.py
[2026-02-07T13:27:28.110+0700] {processor.py:914} INFO - Processing file /opt/airflow/dags/dag_scraping_twitter.py for tasks to queue
[2026-02-07T13:27:28.113+0700] {logging_mixin.py:190} INFO - [2026-02-07T13:27:28.112+0700] {dagbag.py:587} INFO - Filling up the DagBag from /opt/airflow/dags/dag_scraping_twitter.py
[2026-02-07T13:27:28.132+0700] {processor.py:925} INFO - DAG(s) 'dag_scraping_twitter' retrieved from /opt/airflow/dags/dag_scraping_twitter.py
[2026-02-07T13:27:28.164+0700] {logging_mixin.py:190} INFO - [2026-02-07T13:27:28.164+0700] {dag.py:3211} INFO - Sync 1 DAGs
[2026-02-07T13:27:28.190+0700] {logging_mixin.py:190} INFO - [2026-02-07T13:27:28.189+0700] {dag.py:4138} INFO - Setting next_dagrun for dag_scraping_twitter to 2026-02-06 23:00:00+00:00, run_after=2026-02-07 11:00:00+00:00
[2026-02-07T13:27:28.217+0700] {processor.py:208} INFO - Processing /opt/airflow/dags/dag_scraping_twitter.py took 0.117 seconds
[2026-02-07T13:27:58.918+0700] {processor.py:186} INFO - Started process (PID=4341) to work on /opt/airflow/dags/dag_scraping_twitter.py
[2026-02-07T13:27:58.919+0700] {processor.py:914} INFO - Processing file /opt/airflow/dags/dag_scraping_twitter.py for tasks to queue
[2026-02-07T13:27:58.930+0700] {logging_mixin.py:190} INFO - [2026-02-07T13:27:58.929+0700] {dagbag.py:587} INFO - Filling up the DagBag from /opt/airflow/dags/dag_scraping_twitter.py
[2026-02-07T13:27:58.957+0700] {processor.py:925} INFO - DAG(s) 'dag_scraping_twitter' retrieved from /opt/airflow/dags/dag_scraping_twitter.py
[2026-02-07T13:27:58.996+0700] {logging_mixin.py:190} INFO - [2026-02-07T13:27:58.995+0700] {dag.py:3211} INFO - Sync 1 DAGs
[2026-02-07T13:27:59.030+0700] {logging_mixin.py:190} INFO - [2026-02-07T13:27:59.030+0700] {dag.py:4138} INFO - Setting next_dagrun for dag_scraping_twitter to 2026-02-06 23:00:00+00:00, run_after=2026-02-07 11:00:00+00:00
[2026-02-07T13:27:59.060+0700] {processor.py:208} INFO - Processing /opt/airflow/dags/dag_scraping_twitter.py took 0.152 seconds
[2026-02-07T13:28:29.242+0700] {processor.py:186} INFO - Started process (PID=4351) to work on /opt/airflow/dags/dag_scraping_twitter.py
[2026-02-07T13:28:29.244+0700] {processor.py:914} INFO - Processing file /opt/airflow/dags/dag_scraping_twitter.py for tasks to queue
[2026-02-07T13:28:29.247+0700] {logging_mixin.py:190} INFO - [2026-02-07T13:28:29.246+0700] {dagbag.py:587} INFO - Filling up the DagBag from /opt/airflow/dags/dag_scraping_twitter.py
[2026-02-07T13:28:29.268+0700] {processor.py:925} INFO - DAG(s) 'dag_scraping_twitter' retrieved from /opt/airflow/dags/dag_scraping_twitter.py
[2026-02-07T13:28:29.304+0700] {logging_mixin.py:190} INFO - [2026-02-07T13:28:29.304+0700] {dag.py:3211} INFO - Sync 1 DAGs
[2026-02-07T13:28:29.332+0700] {logging_mixin.py:190} INFO - [2026-02-07T13:28:29.332+0700] {dag.py:4138} INFO - Setting next_dagrun for dag_scraping_twitter to 2026-02-06 23:00:00+00:00, run_after=2026-02-07 11:00:00+00:00
[2026-02-07T13:28:29.358+0700] {processor.py:208} INFO - Processing /opt/airflow/dags/dag_scraping_twitter.py took 0.122 seconds
[2026-02-07T13:28:59.487+0700] {processor.py:186} INFO - Started process (PID=4361) to work on /opt/airflow/dags/dag_scraping_twitter.py
[2026-02-07T13:28:59.489+0700] {processor.py:914} INFO - Processing file /opt/airflow/dags/dag_scraping_twitter.py for tasks to queue
[2026-02-07T13:28:59.492+0700] {logging_mixin.py:190} INFO - [2026-02-07T13:28:59.491+0700] {dagbag.py:587} INFO - Filling up the DagBag from /opt/airflow/dags/dag_scraping_twitter.py
[2026-02-07T13:28:59.514+0700] {processor.py:925} INFO - DAG(s) 'dag_scraping_twitter' retrieved from /opt/airflow/dags/dag_scraping_twitter.py
[2026-02-07T13:28:59.545+0700] {logging_mixin.py:190} INFO - [2026-02-07T13:28:59.545+0700] {dag.py:3211} INFO - Sync 1 DAGs
[2026-02-07T13:28:59.572+0700] {logging_mixin.py:190} INFO - [2026-02-07T13:28:59.572+0700] {dag.py:4138} INFO - Setting next_dagrun for dag_scraping_twitter to 2026-02-06 23:00:00+00:00, run_after=2026-02-07 11:00:00+00:00
[2026-02-07T13:28:59.601+0700] {processor.py:208} INFO - Processing /opt/airflow/dags/dag_scraping_twitter.py took 0.120 seconds
[2026-02-07T13:29:29.025+0700] {processor.py:186} INFO - Started process (PID=4371) to work on /opt/airflow/dags/dag_scraping_twitter.py
[2026-02-07T13:29:29.027+0700] {processor.py:914} INFO - Processing file /opt/airflow/dags/dag_scraping_twitter.py for tasks to queue
[2026-02-07T13:29:29.030+0700] {logging_mixin.py:190} INFO - [2026-02-07T13:29:29.030+0700] {dagbag.py:587} INFO - Filling up the DagBag from /opt/airflow/dags/dag_scraping_twitter.py
[2026-02-07T13:29:29.052+0700] {processor.py:925} INFO - DAG(s) 'dag_scraping_twitter' retrieved from /opt/airflow/dags/dag_scraping_twitter.py
[2026-02-07T13:29:29.088+0700] {logging_mixin.py:190} INFO - [2026-02-07T13:29:29.088+0700] {dag.py:3211} INFO - Sync 1 DAGs
[2026-02-07T13:29:29.116+0700] {logging_mixin.py:190} INFO - [2026-02-07T13:29:29.116+0700] {dag.py:4138} INFO - Setting next_dagrun for dag_scraping_twitter to 2026-02-06 23:00:00+00:00, run_after=2026-02-07 11:00:00+00:00
[2026-02-07T13:29:29.140+0700] {processor.py:208} INFO - Processing /opt/airflow/dags/dag_scraping_twitter.py took 0.125 seconds
[2026-02-07T13:30:00.121+0700] {processor.py:186} INFO - Started process (PID=4381) to work on /opt/airflow/dags/dag_scraping_twitter.py
[2026-02-07T13:30:00.123+0700] {processor.py:914} INFO - Processing file /opt/airflow/dags/dag_scraping_twitter.py for tasks to queue
[2026-02-07T13:30:00.126+0700] {logging_mixin.py:190} INFO - [2026-02-07T13:30:00.126+0700] {dagbag.py:587} INFO - Filling up the DagBag from /opt/airflow/dags/dag_scraping_twitter.py
[2026-02-07T13:30:00.148+0700] {processor.py:925} INFO - DAG(s) 'dag_scraping_twitter' retrieved from /opt/airflow/dags/dag_scraping_twitter.py
[2026-02-07T13:30:00.181+0700] {logging_mixin.py:190} INFO - [2026-02-07T13:30:00.181+0700] {dag.py:3211} INFO - Sync 1 DAGs
[2026-02-07T13:30:00.209+0700] {logging_mixin.py:190} INFO - [2026-02-07T13:30:00.209+0700] {dag.py:4138} INFO - Setting next_dagrun for dag_scraping_twitter to 2026-02-06 23:00:00+00:00, run_after=2026-02-07 11:00:00+00:00
[2026-02-07T13:30:00.236+0700] {processor.py:208} INFO - Processing /opt/airflow/dags/dag_scraping_twitter.py took 0.124 seconds
[2026-02-07T13:30:31.201+0700] {processor.py:186} INFO - Started process (PID=4391) to work on /opt/airflow/dags/dag_scraping_twitter.py
[2026-02-07T13:30:31.203+0700] {processor.py:914} INFO - Processing file /opt/airflow/dags/dag_scraping_twitter.py for tasks to queue
[2026-02-07T13:30:31.206+0700] {logging_mixin.py:190} INFO - [2026-02-07T13:30:31.206+0700] {dagbag.py:587} INFO - Filling up the DagBag from /opt/airflow/dags/dag_scraping_twitter.py
[2026-02-07T13:30:31.234+0700] {processor.py:925} INFO - DAG(s) 'dag_scraping_twitter' retrieved from /opt/airflow/dags/dag_scraping_twitter.py
[2026-02-07T13:30:31.267+0700] {logging_mixin.py:190} INFO - [2026-02-07T13:30:31.267+0700] {dag.py:3211} INFO - Sync 1 DAGs
[2026-02-07T13:30:31.297+0700] {logging_mixin.py:190} INFO - [2026-02-07T13:30:31.297+0700] {dag.py:4138} INFO - Setting next_dagrun for dag_scraping_twitter to 2026-02-06 23:00:00+00:00, run_after=2026-02-07 11:00:00+00:00
[2026-02-07T13:30:31.326+0700] {processor.py:208} INFO - Processing /opt/airflow/dags/dag_scraping_twitter.py took 0.133 seconds
[2026-02-07T13:31:01.394+0700] {processor.py:186} INFO - Started process (PID=4401) to work on /opt/airflow/dags/dag_scraping_twitter.py
[2026-02-07T13:31:01.397+0700] {processor.py:914} INFO - Processing file /opt/airflow/dags/dag_scraping_twitter.py for tasks to queue
[2026-02-07T13:31:01.403+0700] {logging_mixin.py:190} INFO - [2026-02-07T13:31:01.402+0700] {dagbag.py:587} INFO - Filling up the DagBag from /opt/airflow/dags/dag_scraping_twitter.py
[2026-02-07T13:31:01.434+0700] {processor.py:925} INFO - DAG(s) 'dag_scraping_twitter' retrieved from /opt/airflow/dags/dag_scraping_twitter.py
[2026-02-07T13:31:01.475+0700] {logging_mixin.py:190} INFO - [2026-02-07T13:31:01.475+0700] {dag.py:3211} INFO - Sync 1 DAGs
[2026-02-07T13:31:01.512+0700] {logging_mixin.py:190} INFO - [2026-02-07T13:31:01.511+0700] {dag.py:4138} INFO - Setting next_dagrun for dag_scraping_twitter to 2026-02-06 23:00:00+00:00, run_after=2026-02-07 11:00:00+00:00
[2026-02-07T13:31:01.540+0700] {processor.py:208} INFO - Processing /opt/airflow/dags/dag_scraping_twitter.py took 0.157 seconds
[2026-02-07T13:31:32.396+0700] {processor.py:186} INFO - Started process (PID=4411) to work on /opt/airflow/dags/dag_scraping_twitter.py
[2026-02-07T13:31:32.398+0700] {processor.py:914} INFO - Processing file /opt/airflow/dags/dag_scraping_twitter.py for tasks to queue
[2026-02-07T13:31:32.403+0700] {logging_mixin.py:190} INFO - [2026-02-07T13:31:32.402+0700] {dagbag.py:587} INFO - Filling up the DagBag from /opt/airflow/dags/dag_scraping_twitter.py
[2026-02-07T13:31:32.427+0700] {processor.py:925} INFO - DAG(s) 'dag_scraping_twitter' retrieved from /opt/airflow/dags/dag_scraping_twitter.py
[2026-02-07T13:31:32.459+0700] {logging_mixin.py:190} INFO - [2026-02-07T13:31:32.459+0700] {dag.py:3211} INFO - Sync 1 DAGs
[2026-02-07T13:31:32.486+0700] {logging_mixin.py:190} INFO - [2026-02-07T13:31:32.486+0700] {dag.py:4138} INFO - Setting next_dagrun for dag_scraping_twitter to 2026-02-06 23:00:00+00:00, run_after=2026-02-07 11:00:00+00:00
[2026-02-07T13:31:32.513+0700] {processor.py:208} INFO - Processing /opt/airflow/dags/dag_scraping_twitter.py took 0.125 seconds
[2026-02-07T13:32:02.584+0700] {processor.py:186} INFO - Started process (PID=4421) to work on /opt/airflow/dags/dag_scraping_twitter.py
[2026-02-07T13:32:02.585+0700] {processor.py:914} INFO - Processing file /opt/airflow/dags/dag_scraping_twitter.py for tasks to queue
[2026-02-07T13:32:02.588+0700] {logging_mixin.py:190} INFO - [2026-02-07T13:32:02.588+0700] {dagbag.py:587} INFO - Filling up the DagBag from /opt/airflow/dags/dag_scraping_twitter.py
[2026-02-07T13:32:02.610+0700] {processor.py:925} INFO - DAG(s) 'dag_scraping_twitter' retrieved from /opt/airflow/dags/dag_scraping_twitter.py
[2026-02-07T13:32:02.641+0700] {logging_mixin.py:190} INFO - [2026-02-07T13:32:02.641+0700] {dag.py:3211} INFO - Sync 1 DAGs
[2026-02-07T13:32:02.666+0700] {logging_mixin.py:190} INFO - [2026-02-07T13:32:02.666+0700] {dag.py:4138} INFO - Setting next_dagrun for dag_scraping_twitter to 2026-02-06 23:00:00+00:00, run_after=2026-02-07 11:00:00+00:00
[2026-02-07T13:32:02.690+0700] {processor.py:208} INFO - Processing /opt/airflow/dags/dag_scraping_twitter.py took 0.116 seconds
[2026-02-07T13:32:33.678+0700] {processor.py:186} INFO - Started process (PID=4431) to work on /opt/airflow/dags/dag_scraping_twitter.py
[2026-02-07T13:32:33.681+0700] {processor.py:914} INFO - Processing file /opt/airflow/dags/dag_scraping_twitter.py for tasks to queue
[2026-02-07T13:32:33.685+0700] {logging_mixin.py:190} INFO - [2026-02-07T13:32:33.684+0700] {dagbag.py:587} INFO - Filling up the DagBag from /opt/airflow/dags/dag_scraping_twitter.py
[2026-02-07T13:32:33.715+0700] {processor.py:925} INFO - DAG(s) 'dag_scraping_twitter' retrieved from /opt/airflow/dags/dag_scraping_twitter.py
[2026-02-07T13:32:33.759+0700] {logging_mixin.py:190} INFO - [2026-02-07T13:32:33.758+0700] {dag.py:3211} INFO - Sync 1 DAGs
[2026-02-07T13:32:33.798+0700] {logging_mixin.py:190} INFO - [2026-02-07T13:32:33.797+0700] {dag.py:4138} INFO - Setting next_dagrun for dag_scraping_twitter to 2026-02-06 23:00:00+00:00, run_after=2026-02-07 11:00:00+00:00
[2026-02-07T13:32:33.826+0700] {processor.py:208} INFO - Processing /opt/airflow/dags/dag_scraping_twitter.py took 0.157 seconds
[2026-02-07T13:33:04.887+0700] {processor.py:186} INFO - Started process (PID=4441) to work on /opt/airflow/dags/dag_scraping_twitter.py
[2026-02-07T13:33:04.889+0700] {processor.py:914} INFO - Processing file /opt/airflow/dags/dag_scraping_twitter.py for tasks to queue
[2026-02-07T13:33:04.894+0700] {logging_mixin.py:190} INFO - [2026-02-07T13:33:04.893+0700] {dagbag.py:587} INFO - Filling up the DagBag from /opt/airflow/dags/dag_scraping_twitter.py
[2026-02-07T13:33:04.927+0700] {processor.py:925} INFO - DAG(s) 'dag_scraping_twitter' retrieved from /opt/airflow/dags/dag_scraping_twitter.py
[2026-02-07T13:33:04.955+0700] {logging_mixin.py:190} INFO - [2026-02-07T13:33:04.955+0700] {dag.py:3211} INFO - Sync 1 DAGs
[2026-02-07T13:33:04.986+0700] {logging_mixin.py:190} INFO - [2026-02-07T13:33:04.985+0700] {dag.py:4138} INFO - Setting next_dagrun for dag_scraping_twitter to 2026-02-06 23:00:00+00:00, run_after=2026-02-07 11:00:00+00:00
[2026-02-07T13:33:05.007+0700] {processor.py:208} INFO - Processing /opt/airflow/dags/dag_scraping_twitter.py took 0.133 seconds
[2026-02-07T13:33:35.284+0700] {processor.py:186} INFO - Started process (PID=4451) to work on /opt/airflow/dags/dag_scraping_twitter.py
[2026-02-07T13:33:35.285+0700] {processor.py:914} INFO - Processing file /opt/airflow/dags/dag_scraping_twitter.py for tasks to queue
[2026-02-07T13:33:35.288+0700] {logging_mixin.py:190} INFO - [2026-02-07T13:33:35.288+0700] {dagbag.py:587} INFO - Filling up the DagBag from /opt/airflow/dags/dag_scraping_twitter.py
[2026-02-07T13:33:35.310+0700] {processor.py:925} INFO - DAG(s) 'dag_scraping_twitter' retrieved from /opt/airflow/dags/dag_scraping_twitter.py
[2026-02-07T13:33:35.341+0700] {logging_mixin.py:190} INFO - [2026-02-07T13:33:35.340+0700] {dag.py:3211} INFO - Sync 1 DAGs
[2026-02-07T13:33:35.368+0700] {logging_mixin.py:190} INFO - [2026-02-07T13:33:35.368+0700] {dag.py:4138} INFO - Setting next_dagrun for dag_scraping_twitter to 2026-02-06 23:00:00+00:00, run_after=2026-02-07 11:00:00+00:00
[2026-02-07T13:33:35.395+0700] {processor.py:208} INFO - Processing /opt/airflow/dags/dag_scraping_twitter.py took 0.120 seconds
[2026-02-07T13:34:06.325+0700] {processor.py:186} INFO - Started process (PID=4461) to work on /opt/airflow/dags/dag_scraping_twitter.py
[2026-02-07T13:34:06.326+0700] {processor.py:914} INFO - Processing file /opt/airflow/dags/dag_scraping_twitter.py for tasks to queue
[2026-02-07T13:34:06.330+0700] {logging_mixin.py:190} INFO - [2026-02-07T13:34:06.330+0700] {dagbag.py:587} INFO - Filling up the DagBag from /opt/airflow/dags/dag_scraping_twitter.py
[2026-02-07T13:34:06.352+0700] {processor.py:925} INFO - DAG(s) 'dag_scraping_twitter' retrieved from /opt/airflow/dags/dag_scraping_twitter.py
[2026-02-07T13:34:06.387+0700] {logging_mixin.py:190} INFO - [2026-02-07T13:34:06.387+0700] {dag.py:3211} INFO - Sync 1 DAGs
[2026-02-07T13:34:06.418+0700] {logging_mixin.py:190} INFO - [2026-02-07T13:34:06.417+0700] {dag.py:4138} INFO - Setting next_dagrun for dag_scraping_twitter to 2026-02-06 23:00:00+00:00, run_after=2026-02-07 11:00:00+00:00
[2026-02-07T13:34:06.449+0700] {processor.py:208} INFO - Processing /opt/airflow/dags/dag_scraping_twitter.py took 0.133 seconds
[2026-02-07T13:34:36.529+0700] {processor.py:186} INFO - Started process (PID=4471) to work on /opt/airflow/dags/dag_scraping_twitter.py
[2026-02-07T13:34:36.530+0700] {processor.py:914} INFO - Processing file /opt/airflow/dags/dag_scraping_twitter.py for tasks to queue
[2026-02-07T13:34:36.533+0700] {logging_mixin.py:190} INFO - [2026-02-07T13:34:36.533+0700] {dagbag.py:587} INFO - Filling up the DagBag from /opt/airflow/dags/dag_scraping_twitter.py
[2026-02-07T13:34:36.554+0700] {processor.py:925} INFO - DAG(s) 'dag_scraping_twitter' retrieved from /opt/airflow/dags/dag_scraping_twitter.py
[2026-02-07T13:34:36.584+0700] {logging_mixin.py:190} INFO - [2026-02-07T13:34:36.583+0700] {dag.py:3211} INFO - Sync 1 DAGs
[2026-02-07T13:34:36.609+0700] {logging_mixin.py:190} INFO - [2026-02-07T13:34:36.609+0700] {dag.py:4138} INFO - Setting next_dagrun for dag_scraping_twitter to 2026-02-06 23:00:00+00:00, run_after=2026-02-07 11:00:00+00:00
[2026-02-07T13:34:36.633+0700] {processor.py:208} INFO - Processing /opt/airflow/dags/dag_scraping_twitter.py took 0.110 seconds
[2026-02-07T13:35:07.669+0700] {processor.py:186} INFO - Started process (PID=4481) to work on /opt/airflow/dags/dag_scraping_twitter.py
[2026-02-07T13:35:07.670+0700] {processor.py:914} INFO - Processing file /opt/airflow/dags/dag_scraping_twitter.py for tasks to queue
[2026-02-07T13:35:07.674+0700] {logging_mixin.py:190} INFO - [2026-02-07T13:35:07.674+0700] {dagbag.py:587} INFO - Filling up the DagBag from /opt/airflow/dags/dag_scraping_twitter.py
[2026-02-07T13:35:07.694+0700] {processor.py:925} INFO - DAG(s) 'dag_scraping_twitter' retrieved from /opt/airflow/dags/dag_scraping_twitter.py
[2026-02-07T13:35:07.725+0700] {logging_mixin.py:190} INFO - [2026-02-07T13:35:07.725+0700] {dag.py:3211} INFO - Sync 1 DAGs
[2026-02-07T13:35:07.750+0700] {logging_mixin.py:190} INFO - [2026-02-07T13:35:07.749+0700] {dag.py:4138} INFO - Setting next_dagrun for dag_scraping_twitter to 2026-02-06 23:00:00+00:00, run_after=2026-02-07 11:00:00+00:00
[2026-02-07T13:35:07.774+0700] {processor.py:208} INFO - Processing /opt/airflow/dags/dag_scraping_twitter.py took 0.113 seconds
[2026-02-07T13:35:38.675+0700] {processor.py:186} INFO - Started process (PID=4491) to work on /opt/airflow/dags/dag_scraping_twitter.py
[2026-02-07T13:35:38.677+0700] {processor.py:914} INFO - Processing file /opt/airflow/dags/dag_scraping_twitter.py for tasks to queue
[2026-02-07T13:35:38.684+0700] {logging_mixin.py:190} INFO - [2026-02-07T13:35:38.683+0700] {dagbag.py:587} INFO - Filling up the DagBag from /opt/airflow/dags/dag_scraping_twitter.py
[2026-02-07T13:35:38.711+0700] {processor.py:925} INFO - DAG(s) 'dag_scraping_twitter' retrieved from /opt/airflow/dags/dag_scraping_twitter.py
[2026-02-07T13:35:38.749+0700] {logging_mixin.py:190} INFO - [2026-02-07T13:35:38.749+0700] {dag.py:3211} INFO - Sync 1 DAGs
[2026-02-07T13:35:38.779+0700] {logging_mixin.py:190} INFO - [2026-02-07T13:35:38.779+0700] {dag.py:4138} INFO - Setting next_dagrun for dag_scraping_twitter to 2026-02-06 23:00:00+00:00, run_after=2026-02-07 11:00:00+00:00
[2026-02-07T13:35:38.802+0700] {processor.py:208} INFO - Processing /opt/airflow/dags/dag_scraping_twitter.py took 0.137 seconds
[2026-02-07T13:36:08.873+0700] {processor.py:186} INFO - Started process (PID=4501) to work on /opt/airflow/dags/dag_scraping_twitter.py
[2026-02-07T13:36:08.874+0700] {processor.py:914} INFO - Processing file /opt/airflow/dags/dag_scraping_twitter.py for tasks to queue
[2026-02-07T13:36:08.876+0700] {logging_mixin.py:190} INFO - [2026-02-07T13:36:08.876+0700] {dagbag.py:587} INFO - Filling up the DagBag from /opt/airflow/dags/dag_scraping_twitter.py
[2026-02-07T13:36:08.896+0700] {processor.py:925} INFO - DAG(s) 'dag_scraping_twitter' retrieved from /opt/airflow/dags/dag_scraping_twitter.py
[2026-02-07T13:36:08.926+0700] {logging_mixin.py:190} INFO - [2026-02-07T13:36:08.925+0700] {dag.py:3211} INFO - Sync 1 DAGs
[2026-02-07T13:36:08.952+0700] {logging_mixin.py:190} INFO - [2026-02-07T13:36:08.952+0700] {dag.py:4138} INFO - Setting next_dagrun for dag_scraping_twitter to 2026-02-06 23:00:00+00:00, run_after=2026-02-07 11:00:00+00:00
[2026-02-07T13:36:08.978+0700] {processor.py:208} INFO - Processing /opt/airflow/dags/dag_scraping_twitter.py took 0.113 seconds
[2026-02-07T13:36:39.032+0700] {processor.py:186} INFO - Started process (PID=4511) to work on /opt/airflow/dags/dag_scraping_twitter.py
[2026-02-07T13:36:39.034+0700] {processor.py:914} INFO - Processing file /opt/airflow/dags/dag_scraping_twitter.py for tasks to queue
[2026-02-07T13:36:39.036+0700] {logging_mixin.py:190} INFO - [2026-02-07T13:36:39.036+0700] {dagbag.py:587} INFO - Filling up the DagBag from /opt/airflow/dags/dag_scraping_twitter.py
[2026-02-07T13:36:39.058+0700] {processor.py:925} INFO - DAG(s) 'dag_scraping_twitter' retrieved from /opt/airflow/dags/dag_scraping_twitter.py
[2026-02-07T13:36:39.086+0700] {logging_mixin.py:190} INFO - [2026-02-07T13:36:39.086+0700] {dag.py:3211} INFO - Sync 1 DAGs
[2026-02-07T13:36:39.111+0700] {logging_mixin.py:190} INFO - [2026-02-07T13:36:39.111+0700] {dag.py:4138} INFO - Setting next_dagrun for dag_scraping_twitter to 2026-02-06 23:00:00+00:00, run_after=2026-02-07 11:00:00+00:00
[2026-02-07T13:36:39.136+0700] {processor.py:208} INFO - Processing /opt/airflow/dags/dag_scraping_twitter.py took 0.109 seconds
[2026-02-07T13:37:09.938+0700] {processor.py:186} INFO - Started process (PID=4521) to work on /opt/airflow/dags/dag_scraping_twitter.py
[2026-02-07T13:37:09.939+0700] {processor.py:914} INFO - Processing file /opt/airflow/dags/dag_scraping_twitter.py for tasks to queue
[2026-02-07T13:37:09.942+0700] {logging_mixin.py:190} INFO - [2026-02-07T13:37:09.942+0700] {dagbag.py:587} INFO - Filling up the DagBag from /opt/airflow/dags/dag_scraping_twitter.py
[2026-02-07T13:37:09.964+0700] {processor.py:925} INFO - DAG(s) 'dag_scraping_twitter' retrieved from /opt/airflow/dags/dag_scraping_twitter.py
[2026-02-07T13:37:09.994+0700] {logging_mixin.py:190} INFO - [2026-02-07T13:37:09.994+0700] {dag.py:3211} INFO - Sync 1 DAGs
[2026-02-07T13:37:10.027+0700] {logging_mixin.py:190} INFO - [2026-02-07T13:37:10.026+0700] {dag.py:4138} INFO - Setting next_dagrun for dag_scraping_twitter to 2026-02-06 23:00:00+00:00, run_after=2026-02-07 11:00:00+00:00
[2026-02-07T13:37:10.052+0700] {processor.py:208} INFO - Processing /opt/airflow/dags/dag_scraping_twitter.py took 0.121 seconds
[2026-02-07T13:37:40.784+0700] {processor.py:186} INFO - Started process (PID=4531) to work on /opt/airflow/dags/dag_scraping_twitter.py
[2026-02-07T13:37:40.785+0700] {processor.py:914} INFO - Processing file /opt/airflow/dags/dag_scraping_twitter.py for tasks to queue
[2026-02-07T13:37:40.789+0700] {logging_mixin.py:190} INFO - [2026-02-07T13:37:40.789+0700] {dagbag.py:587} INFO - Filling up the DagBag from /opt/airflow/dags/dag_scraping_twitter.py
[2026-02-07T13:37:40.811+0700] {processor.py:925} INFO - DAG(s) 'dag_scraping_twitter' retrieved from /opt/airflow/dags/dag_scraping_twitter.py
[2026-02-07T13:37:40.847+0700] {logging_mixin.py:190} INFO - [2026-02-07T13:37:40.847+0700] {dag.py:3211} INFO - Sync 1 DAGs
[2026-02-07T13:37:40.873+0700] {logging_mixin.py:190} INFO - [2026-02-07T13:37:40.873+0700] {dag.py:4138} INFO - Setting next_dagrun for dag_scraping_twitter to 2026-02-06 23:00:00+00:00, run_after=2026-02-07 11:00:00+00:00
[2026-02-07T13:37:40.900+0700] {processor.py:208} INFO - Processing /opt/airflow/dags/dag_scraping_twitter.py took 0.125 seconds
[2026-02-07T13:38:11.896+0700] {processor.py:186} INFO - Started process (PID=4541) to work on /opt/airflow/dags/dag_scraping_twitter.py
[2026-02-07T13:38:11.897+0700] {processor.py:914} INFO - Processing file /opt/airflow/dags/dag_scraping_twitter.py for tasks to queue
[2026-02-07T13:38:11.901+0700] {logging_mixin.py:190} INFO - [2026-02-07T13:38:11.900+0700] {dagbag.py:587} INFO - Filling up the DagBag from /opt/airflow/dags/dag_scraping_twitter.py
[2026-02-07T13:38:11.930+0700] {processor.py:925} INFO - DAG(s) 'dag_scraping_twitter' retrieved from /opt/airflow/dags/dag_scraping_twitter.py
[2026-02-07T13:38:11.958+0700] {logging_mixin.py:190} INFO - [2026-02-07T13:38:11.958+0700] {dag.py:3211} INFO - Sync 1 DAGs
[2026-02-07T13:38:11.984+0700] {logging_mixin.py:190} INFO - [2026-02-07T13:38:11.984+0700] {dag.py:4138} INFO - Setting next_dagrun for dag_scraping_twitter to 2026-02-06 23:00:00+00:00, run_after=2026-02-07 11:00:00+00:00
[2026-02-07T13:38:12.011+0700] {processor.py:208} INFO - Processing /opt/airflow/dags/dag_scraping_twitter.py took 0.125 seconds
[2026-02-07T13:38:42.165+0700] {processor.py:186} INFO - Started process (PID=4551) to work on /opt/airflow/dags/dag_scraping_twitter.py
[2026-02-07T13:38:42.166+0700] {processor.py:914} INFO - Processing file /opt/airflow/dags/dag_scraping_twitter.py for tasks to queue
[2026-02-07T13:38:42.169+0700] {logging_mixin.py:190} INFO - [2026-02-07T13:38:42.168+0700] {dagbag.py:587} INFO - Filling up the DagBag from /opt/airflow/dags/dag_scraping_twitter.py
[2026-02-07T13:38:42.192+0700] {processor.py:925} INFO - DAG(s) 'dag_scraping_twitter' retrieved from /opt/airflow/dags/dag_scraping_twitter.py
[2026-02-07T13:38:42.223+0700] {logging_mixin.py:190} INFO - [2026-02-07T13:38:42.222+0700] {dag.py:3211} INFO - Sync 1 DAGs
[2026-02-07T13:38:42.249+0700] {logging_mixin.py:190} INFO - [2026-02-07T13:38:42.249+0700] {dag.py:4138} INFO - Setting next_dagrun for dag_scraping_twitter to 2026-02-06 23:00:00+00:00, run_after=2026-02-07 11:00:00+00:00
[2026-02-07T13:38:42.274+0700] {processor.py:208} INFO - Processing /opt/airflow/dags/dag_scraping_twitter.py took 0.117 seconds
[2026-02-07T13:39:13.224+0700] {processor.py:186} INFO - Started process (PID=4561) to work on /opt/airflow/dags/dag_scraping_twitter.py
[2026-02-07T13:39:13.225+0700] {processor.py:914} INFO - Processing file /opt/airflow/dags/dag_scraping_twitter.py for tasks to queue
[2026-02-07T13:39:13.229+0700] {logging_mixin.py:190} INFO - [2026-02-07T13:39:13.228+0700] {dagbag.py:587} INFO - Filling up the DagBag from /opt/airflow/dags/dag_scraping_twitter.py
[2026-02-07T13:39:13.250+0700] {processor.py:925} INFO - DAG(s) 'dag_scraping_twitter' retrieved from /opt/airflow/dags/dag_scraping_twitter.py
[2026-02-07T13:39:13.278+0700] {logging_mixin.py:190} INFO - [2026-02-07T13:39:13.278+0700] {dag.py:3211} INFO - Sync 1 DAGs
[2026-02-07T13:39:13.304+0700] {logging_mixin.py:190} INFO - [2026-02-07T13:39:13.304+0700] {dag.py:4138} INFO - Setting next_dagrun for dag_scraping_twitter to 2026-02-06 23:00:00+00:00, run_after=2026-02-07 11:00:00+00:00
[2026-02-07T13:39:13.329+0700] {processor.py:208} INFO - Processing /opt/airflow/dags/dag_scraping_twitter.py took 0.111 seconds
[2026-02-07T13:39:44.306+0700] {processor.py:186} INFO - Started process (PID=4571) to work on /opt/airflow/dags/dag_scraping_twitter.py
[2026-02-07T13:39:44.307+0700] {processor.py:914} INFO - Processing file /opt/airflow/dags/dag_scraping_twitter.py for tasks to queue
[2026-02-07T13:39:44.310+0700] {logging_mixin.py:190} INFO - [2026-02-07T13:39:44.310+0700] {dagbag.py:587} INFO - Filling up the DagBag from /opt/airflow/dags/dag_scraping_twitter.py
[2026-02-07T13:39:44.332+0700] {processor.py:925} INFO - DAG(s) 'dag_scraping_twitter' retrieved from /opt/airflow/dags/dag_scraping_twitter.py
[2026-02-07T13:39:44.363+0700] {logging_mixin.py:190} INFO - [2026-02-07T13:39:44.363+0700] {dag.py:3211} INFO - Sync 1 DAGs
[2026-02-07T13:39:44.390+0700] {logging_mixin.py:190} INFO - [2026-02-07T13:39:44.389+0700] {dag.py:4138} INFO - Setting next_dagrun for dag_scraping_twitter to 2026-02-06 23:00:00+00:00, run_after=2026-02-07 11:00:00+00:00
[2026-02-07T13:39:44.415+0700] {processor.py:208} INFO - Processing /opt/airflow/dags/dag_scraping_twitter.py took 0.116 seconds
[2026-02-07T13:40:15.416+0700] {processor.py:186} INFO - Started process (PID=4581) to work on /opt/airflow/dags/dag_scraping_twitter.py
[2026-02-07T13:40:15.418+0700] {processor.py:914} INFO - Processing file /opt/airflow/dags/dag_scraping_twitter.py for tasks to queue
[2026-02-07T13:40:15.422+0700] {logging_mixin.py:190} INFO - [2026-02-07T13:40:15.421+0700] {dagbag.py:587} INFO - Filling up the DagBag from /opt/airflow/dags/dag_scraping_twitter.py
[2026-02-07T13:40:15.449+0700] {processor.py:925} INFO - DAG(s) 'dag_scraping_twitter' retrieved from /opt/airflow/dags/dag_scraping_twitter.py
[2026-02-07T13:40:15.484+0700] {logging_mixin.py:190} INFO - [2026-02-07T13:40:15.484+0700] {dag.py:3211} INFO - Sync 1 DAGs
[2026-02-07T13:40:15.509+0700] {logging_mixin.py:190} INFO - [2026-02-07T13:40:15.509+0700] {dag.py:4138} INFO - Setting next_dagrun for dag_scraping_twitter to 2026-02-06 23:00:00+00:00, run_after=2026-02-07 11:00:00+00:00
[2026-02-07T13:40:15.532+0700] {processor.py:208} INFO - Processing /opt/airflow/dags/dag_scraping_twitter.py took 0.128 seconds
[2026-02-07T13:40:46.515+0700] {processor.py:186} INFO - Started process (PID=4591) to work on /opt/airflow/dags/dag_scraping_twitter.py
[2026-02-07T13:40:46.517+0700] {processor.py:914} INFO - Processing file /opt/airflow/dags/dag_scraping_twitter.py for tasks to queue
[2026-02-07T13:40:46.520+0700] {logging_mixin.py:190} INFO - [2026-02-07T13:40:46.519+0700] {dagbag.py:587} INFO - Filling up the DagBag from /opt/airflow/dags/dag_scraping_twitter.py
[2026-02-07T13:40:46.556+0700] {processor.py:925} INFO - DAG(s) 'dag_scraping_twitter' retrieved from /opt/airflow/dags/dag_scraping_twitter.py
[2026-02-07T13:40:46.592+0700] {logging_mixin.py:190} INFO - [2026-02-07T13:40:46.591+0700] {dag.py:3211} INFO - Sync 1 DAGs
[2026-02-07T13:40:46.620+0700] {logging_mixin.py:190} INFO - [2026-02-07T13:40:46.619+0700] {dag.py:4138} INFO - Setting next_dagrun for dag_scraping_twitter to 2026-02-06 23:00:00+00:00, run_after=2026-02-07 11:00:00+00:00
[2026-02-07T13:40:46.642+0700] {processor.py:208} INFO - Processing /opt/airflow/dags/dag_scraping_twitter.py took 0.135 seconds
[2026-02-07T13:41:17.545+0700] {processor.py:186} INFO - Started process (PID=4601) to work on /opt/airflow/dags/dag_scraping_twitter.py
[2026-02-07T13:41:17.546+0700] {processor.py:914} INFO - Processing file /opt/airflow/dags/dag_scraping_twitter.py for tasks to queue
[2026-02-07T13:41:17.550+0700] {logging_mixin.py:190} INFO - [2026-02-07T13:41:17.550+0700] {dagbag.py:587} INFO - Filling up the DagBag from /opt/airflow/dags/dag_scraping_twitter.py
[2026-02-07T13:41:17.571+0700] {processor.py:925} INFO - DAG(s) 'dag_scraping_twitter' retrieved from /opt/airflow/dags/dag_scraping_twitter.py
[2026-02-07T13:41:17.603+0700] {logging_mixin.py:190} INFO - [2026-02-07T13:41:17.602+0700] {dag.py:3211} INFO - Sync 1 DAGs
[2026-02-07T13:41:17.627+0700] {logging_mixin.py:190} INFO - [2026-02-07T13:41:17.627+0700] {dag.py:4138} INFO - Setting next_dagrun for dag_scraping_twitter to 2026-02-06 23:00:00+00:00, run_after=2026-02-07 11:00:00+00:00
[2026-02-07T13:41:17.652+0700] {processor.py:208} INFO - Processing /opt/airflow/dags/dag_scraping_twitter.py took 0.114 seconds
[2026-02-07T13:41:48.655+0700] {processor.py:186} INFO - Started process (PID=4611) to work on /opt/airflow/dags/dag_scraping_twitter.py
[2026-02-07T13:41:48.656+0700] {processor.py:914} INFO - Processing file /opt/airflow/dags/dag_scraping_twitter.py for tasks to queue
[2026-02-07T13:41:48.658+0700] {logging_mixin.py:190} INFO - [2026-02-07T13:41:48.658+0700] {dagbag.py:587} INFO - Filling up the DagBag from /opt/airflow/dags/dag_scraping_twitter.py
[2026-02-07T13:41:48.677+0700] {processor.py:925} INFO - DAG(s) 'dag_scraping_twitter' retrieved from /opt/airflow/dags/dag_scraping_twitter.py
[2026-02-07T13:41:48.710+0700] {logging_mixin.py:190} INFO - [2026-02-07T13:41:48.709+0700] {dag.py:3211} INFO - Sync 1 DAGs
[2026-02-07T13:41:48.737+0700] {logging_mixin.py:190} INFO - [2026-02-07T13:41:48.737+0700] {dag.py:4138} INFO - Setting next_dagrun for dag_scraping_twitter to 2026-02-06 23:00:00+00:00, run_after=2026-02-07 11:00:00+00:00
[2026-02-07T13:41:48.760+0700] {processor.py:208} INFO - Processing /opt/airflow/dags/dag_scraping_twitter.py took 0.113 seconds
[2026-02-07T13:42:18.931+0700] {processor.py:186} INFO - Started process (PID=4621) to work on /opt/airflow/dags/dag_scraping_twitter.py
[2026-02-07T13:42:18.933+0700] {processor.py:914} INFO - Processing file /opt/airflow/dags/dag_scraping_twitter.py for tasks to queue
[2026-02-07T13:42:18.935+0700] {logging_mixin.py:190} INFO - [2026-02-07T13:42:18.935+0700] {dagbag.py:587} INFO - Filling up the DagBag from /opt/airflow/dags/dag_scraping_twitter.py
[2026-02-07T13:42:18.957+0700] {processor.py:925} INFO - DAG(s) 'dag_scraping_twitter' retrieved from /opt/airflow/dags/dag_scraping_twitter.py
[2026-02-07T13:42:18.986+0700] {logging_mixin.py:190} INFO - [2026-02-07T13:42:18.985+0700] {dag.py:3211} INFO - Sync 1 DAGs
[2026-02-07T13:42:19.013+0700] {logging_mixin.py:190} INFO - [2026-02-07T13:42:19.012+0700] {dag.py:4138} INFO - Setting next_dagrun for dag_scraping_twitter to 2026-02-06 23:00:00+00:00, run_after=2026-02-07 11:00:00+00:00
[2026-02-07T13:42:19.037+0700] {processor.py:208} INFO - Processing /opt/airflow/dags/dag_scraping_twitter.py took 0.113 seconds
[2026-02-07T13:42:50.056+0700] {processor.py:186} INFO - Started process (PID=4631) to work on /opt/airflow/dags/dag_scraping_twitter.py
[2026-02-07T13:42:50.057+0700] {processor.py:914} INFO - Processing file /opt/airflow/dags/dag_scraping_twitter.py for tasks to queue
[2026-02-07T13:42:50.059+0700] {logging_mixin.py:190} INFO - [2026-02-07T13:42:50.059+0700] {dagbag.py:587} INFO - Filling up the DagBag from /opt/airflow/dags/dag_scraping_twitter.py
[2026-02-07T13:42:50.081+0700] {processor.py:925} INFO - DAG(s) 'dag_scraping_twitter' retrieved from /opt/airflow/dags/dag_scraping_twitter.py
[2026-02-07T13:42:50.110+0700] {logging_mixin.py:190} INFO - [2026-02-07T13:42:50.110+0700] {dag.py:3211} INFO - Sync 1 DAGs
[2026-02-07T13:42:50.136+0700] {logging_mixin.py:190} INFO - [2026-02-07T13:42:50.136+0700] {dag.py:4138} INFO - Setting next_dagrun for dag_scraping_twitter to 2026-02-06 23:00:00+00:00, run_after=2026-02-07 11:00:00+00:00
[2026-02-07T13:42:50.161+0700] {processor.py:208} INFO - Processing /opt/airflow/dags/dag_scraping_twitter.py took 0.112 seconds
[2026-02-07T13:43:20.503+0700] {processor.py:186} INFO - Started process (PID=4641) to work on /opt/airflow/dags/dag_scraping_twitter.py
[2026-02-07T13:43:20.504+0700] {processor.py:914} INFO - Processing file /opt/airflow/dags/dag_scraping_twitter.py for tasks to queue
[2026-02-07T13:43:20.507+0700] {logging_mixin.py:190} INFO - [2026-02-07T13:43:20.507+0700] {dagbag.py:587} INFO - Filling up the DagBag from /opt/airflow/dags/dag_scraping_twitter.py
[2026-02-07T13:43:20.528+0700] {processor.py:925} INFO - DAG(s) 'dag_scraping_twitter' retrieved from /opt/airflow/dags/dag_scraping_twitter.py
[2026-02-07T13:43:20.558+0700] {logging_mixin.py:190} INFO - [2026-02-07T13:43:20.558+0700] {dag.py:3211} INFO - Sync 1 DAGs
[2026-02-07T13:43:20.586+0700] {logging_mixin.py:190} INFO - [2026-02-07T13:43:20.586+0700] {dag.py:4138} INFO - Setting next_dagrun for dag_scraping_twitter to 2026-02-06 23:00:00+00:00, run_after=2026-02-07 11:00:00+00:00
[2026-02-07T13:43:19.869+0700] {processor.py:208} INFO - Processing /opt/airflow/dags/dag_scraping_twitter.py took 0.116 seconds
[2026-02-07T13:43:50.401+0700] {processor.py:186} INFO - Started process (PID=4651) to work on /opt/airflow/dags/dag_scraping_twitter.py
[2026-02-07T13:43:50.403+0700] {processor.py:914} INFO - Processing file /opt/airflow/dags/dag_scraping_twitter.py for tasks to queue
[2026-02-07T13:43:50.405+0700] {logging_mixin.py:190} INFO - [2026-02-07T13:43:50.405+0700] {dagbag.py:587} INFO - Filling up the DagBag from /opt/airflow/dags/dag_scraping_twitter.py
[2026-02-07T13:43:50.423+0700] {processor.py:925} INFO - DAG(s) 'dag_scraping_twitter' retrieved from /opt/airflow/dags/dag_scraping_twitter.py
[2026-02-07T13:43:50.454+0700] {logging_mixin.py:190} INFO - [2026-02-07T13:43:50.454+0700] {dag.py:3211} INFO - Sync 1 DAGs
[2026-02-07T13:43:50.483+0700] {logging_mixin.py:190} INFO - [2026-02-07T13:43:50.483+0700] {dag.py:4138} INFO - Setting next_dagrun for dag_scraping_twitter to 2026-02-06 23:00:00+00:00, run_after=2026-02-07 11:00:00+00:00
[2026-02-07T13:43:50.509+0700] {processor.py:208} INFO - Processing /opt/airflow/dags/dag_scraping_twitter.py took 0.115 seconds
[2026-02-07T13:44:21.482+0700] {processor.py:186} INFO - Started process (PID=4661) to work on /opt/airflow/dags/dag_scraping_twitter.py
[2026-02-07T13:44:21.483+0700] {processor.py:914} INFO - Processing file /opt/airflow/dags/dag_scraping_twitter.py for tasks to queue
[2026-02-07T13:44:21.485+0700] {logging_mixin.py:190} INFO - [2026-02-07T13:44:21.485+0700] {dagbag.py:587} INFO - Filling up the DagBag from /opt/airflow/dags/dag_scraping_twitter.py
[2026-02-07T13:44:21.505+0700] {processor.py:925} INFO - DAG(s) 'dag_scraping_twitter' retrieved from /opt/airflow/dags/dag_scraping_twitter.py
[2026-02-07T13:44:21.536+0700] {logging_mixin.py:190} INFO - [2026-02-07T13:44:21.535+0700] {dag.py:3211} INFO - Sync 1 DAGs
[2026-02-07T13:44:21.563+0700] {logging_mixin.py:190} INFO - [2026-02-07T13:44:21.562+0700] {dag.py:4138} INFO - Setting next_dagrun for dag_scraping_twitter to 2026-02-06 23:00:00+00:00, run_after=2026-02-07 11:00:00+00:00
[2026-02-07T13:44:21.587+0700] {processor.py:208} INFO - Processing /opt/airflow/dags/dag_scraping_twitter.py took 0.112 seconds
[2026-02-07T13:44:51.639+0700] {processor.py:186} INFO - Started process (PID=4671) to work on /opt/airflow/dags/dag_scraping_twitter.py
[2026-02-07T13:44:51.640+0700] {processor.py:914} INFO - Processing file /opt/airflow/dags/dag_scraping_twitter.py for tasks to queue
[2026-02-07T13:44:51.642+0700] {logging_mixin.py:190} INFO - [2026-02-07T13:44:51.642+0700] {dagbag.py:587} INFO - Filling up the DagBag from /opt/airflow/dags/dag_scraping_twitter.py
[2026-02-07T13:44:51.663+0700] {processor.py:925} INFO - DAG(s) 'dag_scraping_twitter' retrieved from /opt/airflow/dags/dag_scraping_twitter.py
[2026-02-07T13:44:51.696+0700] {logging_mixin.py:190} INFO - [2026-02-07T13:44:51.695+0700] {dag.py:3211} INFO - Sync 1 DAGs
[2026-02-07T13:44:51.721+0700] {logging_mixin.py:190} INFO - [2026-02-07T13:44:51.720+0700] {dag.py:4138} INFO - Setting next_dagrun for dag_scraping_twitter to 2026-02-06 23:00:00+00:00, run_after=2026-02-07 11:00:00+00:00
[2026-02-07T13:44:51.743+0700] {processor.py:208} INFO - Processing /opt/airflow/dags/dag_scraping_twitter.py took 0.111 seconds
[2026-02-07T13:45:21.796+0700] {processor.py:186} INFO - Started process (PID=4681) to work on /opt/airflow/dags/dag_scraping_twitter.py
[2026-02-07T13:45:21.797+0700] {processor.py:914} INFO - Processing file /opt/airflow/dags/dag_scraping_twitter.py for tasks to queue
[2026-02-07T13:45:21.800+0700] {logging_mixin.py:190} INFO - [2026-02-07T13:45:21.800+0700] {dagbag.py:587} INFO - Filling up the DagBag from /opt/airflow/dags/dag_scraping_twitter.py
[2026-02-07T13:45:21.823+0700] {processor.py:925} INFO - DAG(s) 'dag_scraping_twitter' retrieved from /opt/airflow/dags/dag_scraping_twitter.py
[2026-02-07T13:45:21.855+0700] {logging_mixin.py:190} INFO - [2026-02-07T13:45:21.855+0700] {dag.py:3211} INFO - Sync 1 DAGs
[2026-02-07T13:45:21.880+0700] {logging_mixin.py:190} INFO - [2026-02-07T13:45:21.880+0700] {dag.py:4138} INFO - Setting next_dagrun for dag_scraping_twitter to 2026-02-06 23:00:00+00:00, run_after=2026-02-07 11:00:00+00:00
[2026-02-07T13:45:21.903+0700] {processor.py:208} INFO - Processing /opt/airflow/dags/dag_scraping_twitter.py took 0.114 seconds
[2026-02-07T13:45:51.957+0700] {processor.py:186} INFO - Started process (PID=4691) to work on /opt/airflow/dags/dag_scraping_twitter.py
[2026-02-07T13:45:51.958+0700] {processor.py:914} INFO - Processing file /opt/airflow/dags/dag_scraping_twitter.py for tasks to queue
[2026-02-07T13:45:51.962+0700] {logging_mixin.py:190} INFO - [2026-02-07T13:45:51.961+0700] {dagbag.py:587} INFO - Filling up the DagBag from /opt/airflow/dags/dag_scraping_twitter.py
[2026-02-07T13:45:51.980+0700] {processor.py:925} INFO - DAG(s) 'dag_scraping_twitter' retrieved from /opt/airflow/dags/dag_scraping_twitter.py
[2026-02-07T13:45:52.008+0700] {logging_mixin.py:190} INFO - [2026-02-07T13:45:52.008+0700] {dag.py:3211} INFO - Sync 1 DAGs
[2026-02-07T13:45:52.032+0700] {logging_mixin.py:190} INFO - [2026-02-07T13:45:52.031+0700] {dag.py:4138} INFO - Setting next_dagrun for dag_scraping_twitter to 2026-02-06 23:00:00+00:00, run_after=2026-02-07 11:00:00+00:00
[2026-02-07T13:45:52.057+0700] {processor.py:208} INFO - Processing /opt/airflow/dags/dag_scraping_twitter.py took 0.106 seconds
[2026-02-07T13:46:22.144+0700] {processor.py:186} INFO - Started process (PID=4701) to work on /opt/airflow/dags/dag_scraping_twitter.py
[2026-02-07T13:46:22.145+0700] {processor.py:914} INFO - Processing file /opt/airflow/dags/dag_scraping_twitter.py for tasks to queue
[2026-02-07T13:46:22.148+0700] {logging_mixin.py:190} INFO - [2026-02-07T13:46:22.148+0700] {dagbag.py:587} INFO - Filling up the DagBag from /opt/airflow/dags/dag_scraping_twitter.py
[2026-02-07T13:46:22.167+0700] {processor.py:925} INFO - DAG(s) 'dag_scraping_twitter' retrieved from /opt/airflow/dags/dag_scraping_twitter.py
[2026-02-07T13:46:22.194+0700] {logging_mixin.py:190} INFO - [2026-02-07T13:46:22.194+0700] {dag.py:3211} INFO - Sync 1 DAGs
[2026-02-07T13:46:22.218+0700] {logging_mixin.py:190} INFO - [2026-02-07T13:46:22.218+0700] {dag.py:4138} INFO - Setting next_dagrun for dag_scraping_twitter to 2026-02-06 23:00:00+00:00, run_after=2026-02-07 11:00:00+00:00
[2026-02-07T13:46:22.240+0700] {processor.py:208} INFO - Processing /opt/airflow/dags/dag_scraping_twitter.py took 0.102 seconds
[2026-02-07T13:46:52.401+0700] {processor.py:186} INFO - Started process (PID=4711) to work on /opt/airflow/dags/dag_scraping_twitter.py
[2026-02-07T13:46:52.402+0700] {processor.py:914} INFO - Processing file /opt/airflow/dags/dag_scraping_twitter.py for tasks to queue
[2026-02-07T13:46:52.407+0700] {logging_mixin.py:190} INFO - [2026-02-07T13:46:52.406+0700] {dagbag.py:587} INFO - Filling up the DagBag from /opt/airflow/dags/dag_scraping_twitter.py
[2026-02-07T13:46:52.435+0700] {processor.py:925} INFO - DAG(s) 'dag_scraping_twitter' retrieved from /opt/airflow/dags/dag_scraping_twitter.py
[2026-02-07T13:46:52.471+0700] {logging_mixin.py:190} INFO - [2026-02-07T13:46:52.470+0700] {dag.py:3211} INFO - Sync 1 DAGs
[2026-02-07T13:46:52.502+0700] {logging_mixin.py:190} INFO - [2026-02-07T13:46:52.502+0700] {dag.py:4138} INFO - Setting next_dagrun for dag_scraping_twitter to 2026-02-06 23:00:00+00:00, run_after=2026-02-07 11:00:00+00:00
[2026-02-07T13:46:52.530+0700] {processor.py:208} INFO - Processing /opt/airflow/dags/dag_scraping_twitter.py took 0.137 seconds
[2026-02-07T13:47:23.207+0700] {processor.py:186} INFO - Started process (PID=4721) to work on /opt/airflow/dags/dag_scraping_twitter.py
[2026-02-07T13:47:23.209+0700] {processor.py:914} INFO - Processing file /opt/airflow/dags/dag_scraping_twitter.py for tasks to queue
[2026-02-07T13:47:23.215+0700] {logging_mixin.py:190} INFO - [2026-02-07T13:47:23.215+0700] {dagbag.py:587} INFO - Filling up the DagBag from /opt/airflow/dags/dag_scraping_twitter.py
[2026-02-07T13:47:23.246+0700] {processor.py:925} INFO - DAG(s) 'dag_scraping_twitter' retrieved from /opt/airflow/dags/dag_scraping_twitter.py
[2026-02-07T13:47:23.284+0700] {logging_mixin.py:190} INFO - [2026-02-07T13:47:23.283+0700] {dag.py:3211} INFO - Sync 1 DAGs
[2026-02-07T13:47:23.314+0700] {logging_mixin.py:190} INFO - [2026-02-07T13:47:23.314+0700] {dag.py:4138} INFO - Setting next_dagrun for dag_scraping_twitter to 2026-02-06 23:00:00+00:00, run_after=2026-02-07 11:00:00+00:00
[2026-02-07T13:47:23.341+0700] {processor.py:208} INFO - Processing /opt/airflow/dags/dag_scraping_twitter.py took 0.141 seconds
[2026-02-07T13:47:54.272+0700] {processor.py:186} INFO - Started process (PID=4731) to work on /opt/airflow/dags/dag_scraping_twitter.py
[2026-02-07T13:47:54.274+0700] {processor.py:914} INFO - Processing file /opt/airflow/dags/dag_scraping_twitter.py for tasks to queue
[2026-02-07T13:47:54.281+0700] {logging_mixin.py:190} INFO - [2026-02-07T13:47:54.280+0700] {dagbag.py:587} INFO - Filling up the DagBag from /opt/airflow/dags/dag_scraping_twitter.py
[2026-02-07T13:47:54.318+0700] {processor.py:925} INFO - DAG(s) 'dag_scraping_twitter' retrieved from /opt/airflow/dags/dag_scraping_twitter.py
[2026-02-07T13:47:54.361+0700] {logging_mixin.py:190} INFO - [2026-02-07T13:47:54.361+0700] {dag.py:3211} INFO - Sync 1 DAGs
[2026-02-07T13:47:54.402+0700] {logging_mixin.py:190} INFO - [2026-02-07T13:47:54.401+0700] {dag.py:4138} INFO - Setting next_dagrun for dag_scraping_twitter to 2026-02-06 23:00:00+00:00, run_after=2026-02-07 11:00:00+00:00
[2026-02-07T13:47:54.428+0700] {processor.py:208} INFO - Processing /opt/airflow/dags/dag_scraping_twitter.py took 0.163 seconds
[2026-02-07T13:48:25.438+0700] {processor.py:186} INFO - Started process (PID=4741) to work on /opt/airflow/dags/dag_scraping_twitter.py
[2026-02-07T13:48:25.440+0700] {processor.py:914} INFO - Processing file /opt/airflow/dags/dag_scraping_twitter.py for tasks to queue
[2026-02-07T13:48:25.443+0700] {logging_mixin.py:190} INFO - [2026-02-07T13:48:25.443+0700] {dagbag.py:587} INFO - Filling up the DagBag from /opt/airflow/dags/dag_scraping_twitter.py
[2026-02-07T13:48:25.465+0700] {processor.py:925} INFO - DAG(s) 'dag_scraping_twitter' retrieved from /opt/airflow/dags/dag_scraping_twitter.py
[2026-02-07T13:48:25.502+0700] {logging_mixin.py:190} INFO - [2026-02-07T13:48:25.502+0700] {dag.py:3211} INFO - Sync 1 DAGs
[2026-02-07T13:48:25.531+0700] {logging_mixin.py:190} INFO - [2026-02-07T13:48:25.531+0700] {dag.py:4138} INFO - Setting next_dagrun for dag_scraping_twitter to 2026-02-06 23:00:00+00:00, run_after=2026-02-07 11:00:00+00:00
[2026-02-07T13:48:25.558+0700] {processor.py:208} INFO - Processing /opt/airflow/dags/dag_scraping_twitter.py took 0.132 seconds
[2026-02-07T13:48:56.604+0700] {processor.py:186} INFO - Started process (PID=4751) to work on /opt/airflow/dags/dag_scraping_twitter.py
[2026-02-07T13:48:56.605+0700] {processor.py:914} INFO - Processing file /opt/airflow/dags/dag_scraping_twitter.py for tasks to queue
[2026-02-07T13:48:56.609+0700] {logging_mixin.py:190} INFO - [2026-02-07T13:48:56.608+0700] {dagbag.py:587} INFO - Filling up the DagBag from /opt/airflow/dags/dag_scraping_twitter.py
[2026-02-07T13:48:56.638+0700] {processor.py:925} INFO - DAG(s) 'dag_scraping_twitter' retrieved from /opt/airflow/dags/dag_scraping_twitter.py
[2026-02-07T13:48:56.676+0700] {logging_mixin.py:190} INFO - [2026-02-07T13:48:56.676+0700] {dag.py:3211} INFO - Sync 1 DAGs
[2026-02-07T13:48:56.709+0700] {logging_mixin.py:190} INFO - [2026-02-07T13:48:56.709+0700] {dag.py:4138} INFO - Setting next_dagrun for dag_scraping_twitter to 2026-02-06 23:00:00+00:00, run_after=2026-02-07 11:00:00+00:00
[2026-02-07T13:48:56.739+0700] {processor.py:208} INFO - Processing /opt/airflow/dags/dag_scraping_twitter.py took 0.143 seconds
[2026-02-07T13:49:27.737+0700] {processor.py:186} INFO - Started process (PID=4761) to work on /opt/airflow/dags/dag_scraping_twitter.py
[2026-02-07T13:49:27.738+0700] {processor.py:914} INFO - Processing file /opt/airflow/dags/dag_scraping_twitter.py for tasks to queue
[2026-02-07T13:49:27.743+0700] {logging_mixin.py:190} INFO - [2026-02-07T13:49:27.742+0700] {dagbag.py:587} INFO - Filling up the DagBag from /opt/airflow/dags/dag_scraping_twitter.py
[2026-02-07T13:49:27.767+0700] {processor.py:925} INFO - DAG(s) 'dag_scraping_twitter' retrieved from /opt/airflow/dags/dag_scraping_twitter.py
[2026-02-07T13:49:27.805+0700] {logging_mixin.py:190} INFO - [2026-02-07T13:49:27.805+0700] {dag.py:3211} INFO - Sync 1 DAGs
[2026-02-07T13:49:27.833+0700] {logging_mixin.py:190} INFO - [2026-02-07T13:49:27.833+0700] {dag.py:4138} INFO - Setting next_dagrun for dag_scraping_twitter to 2026-02-06 23:00:00+00:00, run_after=2026-02-07 11:00:00+00:00
[2026-02-07T13:49:27.863+0700] {processor.py:208} INFO - Processing /opt/airflow/dags/dag_scraping_twitter.py took 0.134 seconds
[2026-02-07T13:49:58.815+0700] {processor.py:186} INFO - Started process (PID=4771) to work on /opt/airflow/dags/dag_scraping_twitter.py
[2026-02-07T13:49:58.816+0700] {processor.py:914} INFO - Processing file /opt/airflow/dags/dag_scraping_twitter.py for tasks to queue
[2026-02-07T13:49:58.819+0700] {logging_mixin.py:190} INFO - [2026-02-07T13:49:58.819+0700] {dagbag.py:587} INFO - Filling up the DagBag from /opt/airflow/dags/dag_scraping_twitter.py
[2026-02-07T13:49:58.842+0700] {processor.py:925} INFO - DAG(s) 'dag_scraping_twitter' retrieved from /opt/airflow/dags/dag_scraping_twitter.py
[2026-02-07T13:49:58.877+0700] {logging_mixin.py:190} INFO - [2026-02-07T13:49:58.876+0700] {dag.py:3211} INFO - Sync 1 DAGs
[2026-02-07T13:49:58.908+0700] {logging_mixin.py:190} INFO - [2026-02-07T13:49:58.908+0700] {dag.py:4138} INFO - Setting next_dagrun for dag_scraping_twitter to 2026-02-06 23:00:00+00:00, run_after=2026-02-07 11:00:00+00:00
[2026-02-07T13:49:58.939+0700] {processor.py:208} INFO - Processing /opt/airflow/dags/dag_scraping_twitter.py took 0.131 seconds
[2026-02-07T13:50:29.839+0700] {processor.py:186} INFO - Started process (PID=4781) to work on /opt/airflow/dags/dag_scraping_twitter.py
[2026-02-07T13:50:29.841+0700] {processor.py:914} INFO - Processing file /opt/airflow/dags/dag_scraping_twitter.py for tasks to queue
[2026-02-07T13:50:29.844+0700] {logging_mixin.py:190} INFO - [2026-02-07T13:50:29.843+0700] {dagbag.py:587} INFO - Filling up the DagBag from /opt/airflow/dags/dag_scraping_twitter.py
[2026-02-07T13:50:29.864+0700] {processor.py:925} INFO - DAG(s) 'dag_scraping_twitter' retrieved from /opt/airflow/dags/dag_scraping_twitter.py
[2026-02-07T13:50:29.895+0700] {logging_mixin.py:190} INFO - [2026-02-07T13:50:29.895+0700] {dag.py:3211} INFO - Sync 1 DAGs
[2026-02-07T13:50:29.926+0700] {logging_mixin.py:190} INFO - [2026-02-07T13:50:29.926+0700] {dag.py:4138} INFO - Setting next_dagrun for dag_scraping_twitter to 2026-02-06 23:00:00+00:00, run_after=2026-02-07 11:00:00+00:00
[2026-02-07T13:50:29.950+0700] {processor.py:208} INFO - Processing /opt/airflow/dags/dag_scraping_twitter.py took 0.120 seconds
